length(m),height(cm),condition,color_type,X1,X2,breed_category,pet_category
0.84,37.247738,2.0,White,0,1,0.0,category0
0.75,8.42212,3.0,Brown,0,1,2.0,category0
0.72,13.892823,2.0,Brown,13,9,0.0,category0
0.39,32.275005,3.0,Red,0,1,2.0,category0
0.4012673,6.2321634,2.0,Brown,13,9,0.0,category0
0.86,29.6979,3.0,Tricolor,7,1,2.0,category0
0.62,26.638056,3.0,White,0,7,2.0,category0
0.64,30.98592,2.0,Blue Point,0,1,0.0,category0
0.61,17.52041,2.0,Red,0,1,0.0,category0
0.84,30.16504,3.0,White,0,1,2.0,category0
0.6690997,10.327931,2.0,Tricolor,13,9,0.0,category0
0.35,25.223452,3.0,Tricolor,0,7,2.0,category0
0.41,22.61852,3.0,Tricolor,0,1,2.0,category0
0.88,30.743727,3.0,Black,18,4,2.0,category0
0.51,46.94007,2.0,White,13,9,0.0,category0
0.45,25.89228,2.0,Brown,0,1,0.0,category0
0.83,35.498554,3.0,Gray,0,1,2.0,category0
0.57,28.020618,3.0,Black,18,4,2.0,category0
0.18,11.41434,2.0,Black,0,1,1.0,category0
0.8526487,9.545788,3.0,Gray,0,3,2.0,category0
0.12,12.592477,3.0,Gray,18,4,2.0,category0
0.48,10.047887,2.0,White,13,9,0.0,category0
0.89,46.451954,2.0,White,0,3,0.0,category0
0.66953874,7.39245,3.0,Red,0,6,2.0,category0
0.63,25.467646,3.0,Blue,7,1,2.0,category0
0.92,25.02137,2.0,White,0,1,0.0,category0
0.09,10.190321,3.0,White,7,1,2.0,category0
0.86,16.410267,3.0,Brown,18,4,2.0,category0
0.4,21.638695,3.0,Red,0,7,2.0,category0
0.88,28.6763,3.0,Gray,0,1,2.0,category0
0.89,11.412452,2.0,White,0,1,0.0,category0
0.87141746,16.182457,2.0,Cream Tabby,0,1,0.0,category0
0.92,46.970238,3.0,Blue,18,4,2.0,category0
0.71,39.704037,3.0,Yellow,0,1,2.0,category0
0.73,9.9184065,3.0,White,0,1,2.0,category0
0.94371164,7.1776032,3.0,Brown,0,1,2.0,category0
0.98,8.992822,2.0,Brown,0,1,0.0,category0
0.03,9.365302,2.0,Red,1,4,1.0,category0
0.2,32.145058,3.0,Yellow,0,1,2.0,category0
0.7310536,32.15935,2.0,Black,0,1,0.0,category0
0.93,20.326445,3.0,Gray,7,1,2.0,category0
0.67436105,5.895428,2.0,Black,13,9,0.0,category0
0.43,14.7583885,3.0,Black,0,7,2.0,category0
0.42256722,29.528381,3.0,Blue,0,1,2.0,category0
0.47,18.311508,3.0,Yellow,0,1,2.0,category0
0.8467992,41.358227,2.0,Black,0,1,0.0,category0
0.6624624,11.621413,3.0,Brown,18,4,2.0,category0
0.5065149,9.64089,2.0,Black,18,4,1.0,category0
0.75,18.148834,2.0,Red,0,1,0.0,category0
0.96,46.06246,3.0,Red,0,1,2.0,category0
0.55,8.701577,2.0,Brown Merle,13,9,0.0,category0
0.62,23.364496,3.0,Yellow,0,1,2.0,category0
0.92,13.218565,3.0,Gray,0,1,2.0,category0
0.937268,14.299657,3.0,Red,12,1,2.0,category0
0.82,45.168007,3.0,Blue,0,1,2.0,category0
0.23,14.915669,2.0,Tricolor,13,9,0.0,category0
0.18,34.055256,3.0,Gray,18,4,2.0,category0
0.9,43.95942,2.0,White,0,3,0.0,category0
0.53,5.84766,2.0,Black,18,4,1.0,category0
0.36276856,39.88047,3.0,Tan,0,1,2.0,category0
0.95,24.11349,2.0,Yellow,0,1,0.0,category0
0.17,40.85023,3.0,Brown,18,4,2.0,category0
0.4733749,23.8606,3.0,Yellow,0,1,2.0,category0
0.39,11.830332,2.0,Brown,13,9,0.0,category0
0.99,35.926434,2.0,Black,0,1,0.0,category0
0.36,18.809793,3.0,Red,13,9,2.0,category0
0.15,32.21667,3.0,Red,18,4,2.0,category0
0.9,23.06271,2.0,Blue,0,3,0.0,category0
0.43,13.929325,2.0,Buff,0,1,0.0,category0
0.20429145,15.826046,3.0,White,0,1,2.0,category0
0.32,14.278487,3.0,Black,0,1,2.0,category0
0.2313239,8.705973,3.0,White,0,1,2.0,category0
0.53,21.578585,3.0,Blue,0,1,2.0,category0
0.77,23.983372,2.0,White,7,1,1.0,category0
0.35,22.95704,3.0,Blue,0,7,2.0,category0
0.6045693,29.69833,2.0,Tricolor,0,3,0.0,category0
0.79,33.37834,3.0,Gray,0,1,2.0,category0
0.4,25.10344,3.0,White,0,1,2.0,category0
0.81,13.868846,3.0,White,0,1,2.0,category0
0.49429595,20.399378,3.0,Blue,0,1,2.0,category0
0.67278284,24.310457,2.0,Sable,0,1,0.0,category0
0.31376204,15.883002,2.0,White,13,9,0.0,category0
0.38,13.672216,2.0,Red,13,9,0.0,category0
0.73,28.954126,3.0,Red,7,1,2.0,category0
0.7084779,14.049066,2.0,Black,0,1,0.0,category0
0.38,32.26384,3.0,Gray,18,4,2.0,category0
0.26,7.5814695,2.0,Red,0,1,1.0,category0
0.87,38.423534,2.0,Tan,0,1,0.0,category0
0.36,11.431998,2.0,Black,0,1,0.0,category0
0.7766036,23.292583,3.0,Gray,0,7,2.0,category0
0.45,42.523224,2.0,Lynx Point,7,1,0.0,category0
0.9,41.68154,3.0,White,0,1,2.0,category0
0.45,23.416492,2.0,Brown,1,4,1.0,category0
0.62,21.487173,2.0,Black,0,1,0.0,category0
0.36,39.149982,3.0,White,0,4,2.0,category0
0.9515126,25.345057,3.0,Gray,0,1,2.0,category0
0.91,6.656315,2.0,Red,0,1,0.0,category0
0.85,29.487322,3.0,Gray,0,1,2.0,category0
0.27,21.20525,3.0,Gray,18,4,2.0,category0
0.8,20.634209,3.0,Gray,12,1,2.0,category0
0.94,18.260426,2.0,Red,0,1,0.0,category0
0.82,16.04104,1.0,Black,0,1,0.0,category0
0.65,11.516435,2.0,White,13,9,0.0,category0
0.35,5.4989066,2.0,Black,7,1,1.0,category0
0.94783515,33.91312,3.0,Black,18,4,2.0,category0
0.35,31.047087,3.0,Red,12,1,2.0,category0
0.16,10.684896,2.0,Sable,13,9,0.0,category0
0.41,9.315081,2.0,Brown,13,9,0.0,category0
0.51,25.201777,1.0,Tan,0,7,0.0,category0
0.7,8.407716,3.0,Tricolor,0,7,2.0,category0
0.37,47.241554,3.0,Pink,18,4,2.0,category0
0.74396366,6.3066645,3.0,Gray,0,7,2.0,category0
0.87,23.08308,3.0,Brown,18,4,2.0,category0
0.63,14.211187,3.0,Gray,0,1,2.0,category0
0.53,33.84718,2.0,White,0,3,0.0,category0
0.9,36.24291,3.0,Black,18,4,2.0,category0
0.15,20.886011,3.0,Brown,11,4,2.0,category0
0.85,43.331768,3.0,Brown,18,4,2.0,category0
0.79206467,9.078616,2.0,Black,13,9,0.0,category0
0.94,21.799534,2.0,Black,0,1,0.0,category0
0.99,36.025967,3.0,Black,18,4,2.0,category0
0.91892165,21.729803,3.0,Yellow,0,1,2.0,category0
0.99,28.691162,3.0,Gray,0,1,2.0,category0
0.57,18.344143,2.0,Red,0,1,0.0,category0
0.3896051,36.310066,2.0,White,13,9,0.0,category0
0.07,45.30545,3.0,Black,11,4,2.0,category0
0.7671854,16.877638,3.0,Brown,7,1,2.0,category0
0.08,45.93149,3.0,Brown,18,4,2.0,category0
0.42,29.890066,3.0,Red,0,1,2.0,category0
0.92,34.3335,3.0,White,7,1,2.0,category0
0.58,8.785211,2.0,Red,13,9,0.0,category0
0.1,5.8125,2.0,White,13,9,1.0,category0
0.30521223,32.73154,2.0,Red,0,1,2.0,category0
0.51,24.520859,3.0,White,0,1,2.0,category0
0.75,23.737072,2.0,White,0,3,1.0,category0
0.27503893,29.913513,3.0,Red,18,4,2.0,category0
0.95,37.457764,3.0,Gray,18,4,2.0,category0
0.37,10.929262,2.0,White,13,9,0.0,category0
0.86,18.574173,3.0,Gray,18,4,2.0,category0
0.98,28.997406,2.0,Black,0,1,0.0,category0
0.39,5.905558,2.0,White,13,9,1.0,category0
0.02,17.711996,2.0,Black,0,1,0.0,category0
0.10444037,10.929428,2.0,Black,18,4,1.0,category0
0.39,21.065742,2.0,White,11,4,1.0,category0
0.47,34.25485,3.0,White,0,1,2.0,category0
0.85,25.318071,3.0,Blue,18,4,2.0,category0
0.95,37.760223,3.0,Gray,18,4,2.0,category0
0.69297284,29.72836,3.0,Black,0,1,2.0,category0
0.9449521,39.920204,2.0,Black,7,1,0.0,category0
0.59,25.719616,3.0,Blue,0,3,2.0,category0
0.16,48.064457,3.0,Black,18,4,2.0,category0
0.44,35.63067,2.0,White,0,3,0.0,category0
0.14,29.57928,3.0,Gray,0,1,2.0,category0
0.3,29.772623,3.0,Brown,7,1,2.0,category0
0.5912497,22.393955,2.0,Red,0,1,0.0,category0
0.7719884,6.487038,2.0,Red,0,1,1.0,category0
0.83,37.323547,2.0,White,0,1,0.0,category0
0.8951437,30.518227,3.0,Tricolor,0,1,2.0,category0
0.5,9.605778,2.0,Black,13,9,0.0,category0
0.53,31.32848,3.0,Yellow,7,1,2.0,category0
0.22,22.935215,3.0,White,0,1,2.0,category0
0.49,11.109645,2.0,Black Tabby,13,9,0.0,category0
0.7,30.250916,2.0,Black,7,1,0.0,category0
0.85,25.277039,3.0,Black,0,1,2.0,category0
0.63,30.193727,2.0,Red,0,1,0.0,category0
0.66,18.607063,3.0,Yellow,0,1,2.0,category0
0.69,17.313116,3.0,Brown,11,4,2.0,category0
0.88,40.86862,3.0,Red,7,1,2.0,category0
0.51598424,37.196083,3.0,Gray,0,1,2.0,category0
0.98,35.666462,3.0,Gray,0,7,2.0,category0
0.93876064,23.210228,3.0,White,0,3,2.0,category0
0.52,39.397358,3.0,Red,0,1,2.0,category0
0.27980483,18.14559,2.0,Brown,0,1,0.0,category0
0.57,16.946196,3.0,Gray,0,7,2.0,category0
0.85,27.17235,3.0,Yellow,7,1,2.0,category0
0.25,34.16106,2.0,White,13,9,0.0,category0
0.39,37.129333,3.0,Gray,0,7,2.0,category0
0.88,26.453926,2.0,Blue,0,1,0.0,category0
0.32,22.14148,3.0,Gray,0,7,2.0,category0
0.83,11.75825,2.0,Black,18,4,1.0,category0
0.83,23.487486,3.0,Yellow,12,1,2.0,category0
0.6,33.71646,3.0,White,0,1,2.0,category0
0.98,19.145037,2.0,Brown,0,1,0.0,category0
1.0,25.110884,3.0,White,0,1,2.0,category0
0.3,26.763937,3.0,Yellow,0,1,2.0,category0
0.81,34.037064,3.0,Gray,0,7,2.0,category0
0.55,19.236307,3.0,Red,18,4,2.0,category0
0.47,38.789005,2.0,Blue,0,3,0.0,category0
0.88072425,7.521538,3.0,Gray,18,4,2.0,category0
0.31,48.43204,3.0,Black,18,4,2.0,category0
0.11,14.397242,3.0,Tricolor,11,4,2.0,category0
0.8205321,18.211092,2.0,Black,0,1,0.0,category0
0.13,30.37838,3.0,Red,0,7,2.0,category0
0.19,31.25726,2.0,Black,13,9,0.0,category0
0.98,16.34085,2.0,Brown,0,1,1.0,category0
0.8,45.725708,2.0,Black,7,1,0.0,category0
0.65,6.0259705,2.0,White,13,9,1.0,category0
0.8250941,35.427975,2.0,Black,0,1,0.0,category0
0.07,5.2821693,2.0,White,13,9,1.0,category0
0.15,42.990616,3.0,Blue,0,1,2.0,category0
0.4401364,44.7621,3.0,Brown,18,4,2.0,category0
0.41,5.751472,2.0,Black,0,1,0.0,category0
0.31,11.836093,3.0,Gray,18,4,2.0,category0
0.29,28.950352,2.0,Black,7,1,0.0,category0
0.72107077,29.199984,3.0,Red,7,1,2.0,category0
0.76,9.300564,2.0,Brown,13,9,0.0,category0
0.49,25.414827,3.0,Yellow,7,1,2.0,category0
0.9,30.645475,3.0,White,0,1,2.0,category0
0.9,9.642206,3.0,Yellow,7,1,2.0,category0
0.2,25.158432,3.0,Brown,18,4,2.0,category0
0.73,24.435781,3.0,White,0,1,2.0,category0
0.9,35.162205,2.0,White,0,3,1.0,category0
0.92,43.619728,3.0,White,18,4,2.0,category0
0.21,37.450527,2.0,White,0,3,0.0,category0
0.56,26.969814,3.0,White,0,3,2.0,category0
0.94,24.464933,3.0,Red,18,4,2.0,category0
0.59,32.62619,3.0,White,0,3,2.0,category0
0.41,35.608364,3.0,Gray,0,1,2.0,category0
0.63,18.213652,3.0,Blue,0,3,2.0,category0
0.57,26.740913,3.0,Green,0,1,2.0,category0
0.65,19.842764,3.0,Red,0,1,2.0,category0
0.93,37.064564,3.0,Red,7,1,2.0,category0
0.6,19.521309,3.0,Gray,18,4,2.0,category0
0.51,24.324724,3.0,Gray,18,4,2.0,category0
0.17835547,20.177845,2.0,Tan,3,9,1.0,category0
0.36,42.89517,3.0,Gray,0,1,2.0,category0
0.42,32.514812,3.0,Black,18,4,2.0,category0
0.52,18.371988,2.0,Black,18,4,1.0,category0
0.37,38.354866,3.0,White,18,4,2.0,category0
0.32344788,11.477906,2.0,Black,0,1,0.0,category0
0.84,30.239359,3.0,Gray,0,7,2.0,category0
0.2,11.187588,2.0,Brown,0,1,0.0,category0
0.21,21.79063,3.0,White,18,4,2.0,category0
0.97,40.502422,3.0,Gray,0,1,2.0,category0
0.38,19.975819,3.0,Yellow,0,1,2.0,category0
0.59052736,27.773989,3.0,White,18,4,2.0,category0
0.44,30.661373,2.0,White,13,9,0.0,category0
0.94,16.099468,2.0,Black,0,1,0.0,category0
0.67,5.734187,2.0,Black,0,1,0.0,category0
0.9,38.751907,3.0,Red,0,1,2.0,category0
0.02,6.434529,2.0,Blue,13,9,0.0,category0
0.82,29.695786,3.0,Brown,18,4,2.0,category0
0.36,36.908245,2.0,Black,7,1,1.0,category0
0.20709698,16.612448,3.0,Gray,18,4,2.0,category0
0.23,18.351864,2.0,Gray,18,4,1.0,category0
0.3,19.956783,2.0,Green,0,1,0.0,category0
0.96558875,38.331734,3.0,Red,7,1,2.0,category0
0.98,24.059814,3.0,White,7,1,2.0,category0
0.7379714,21.825586,3.0,Red,12,1,2.0,category0
0.96,41.78076,3.0,Brown,0,1,2.0,category0
0.977606,42.434772,2.0,Sable,7,1,0.0,category0
0.81,41.96838,2.0,Red,0,1,0.0,category0
0.40557492,24.652096,3.0,Red,0,1,2.0,category0
0.97,15.419881,2.0,Brown,0,1,0.0,category0
0.9346835,25.596983,3.0,Yellow,7,1,2.0,category0
0.37,32.168304,3.0,Black,11,4,2.0,category0
0.11,10.316504,3.0,Gray,18,4,2.0,category0
0.18,20.947275,3.0,Yellow,0,1,2.0,category0
0.15775767,43.876167,3.0,Blue,18,4,2.0,category0
0.66024125,7.077535,2.0,Black,13,9,0.0,category0
0.71118313,20.565441,3.0,White,0,1,2.0,category0
0.26,29.898932,3.0,Yellow,0,1,2.0,category0
0.19,16.455082,3.0,Brown,11,4,2.0,category0
0.22,15.783483,2.0,Sable,0,1,0.0,category0
0.76,26.109917,3.0,Yellow,7,1,2.0,category0
0.18495709,10.926416,2.0,Gray,13,9,0.0,category0
0.83,24.950657,3.0,Green,0,1,2.0,category0
0.56,31.347755,3.0,Black,18,4,2.0,category0
0.74,18.923265,3.0,White,0,1,2.0,category0
0.19,42.823284,3.0,Brown,18,4,2.0,category0
0.31,16.959461,3.0,Gray,0,1,2.0,category0
0.43,21.158157,3.0,Tan,0,7,2.0,category0
0.5496626,39.884212,3.0,Yellow,18,4,2.0,category0
0.97,32.19746,2.0,Black,7,1,0.0,category0
0.41,6.9037256,2.0,Red,0,1,1.0,category0
0.77,17.955547,3.0,Brown,0,1,2.0,category0
0.67,38.786877,3.0,Yellow,0,1,2.0,category0
0.88,27.785896,2.0,Black,0,1,1.0,category0
0.665412,10.938513,2.0,Black,18,4,1.0,category0
0.45,32.37496,3.0,Red,7,1,2.0,category0
0.91,13.056241,3.0,Yellow,7,1,2.0,category0
0.98,19.665495,2.0,Cream Tabby,0,1,0.0,category0
0.34314722,24.41664,2.0,Cream Tabby,0,1,0.0,category0
0.66,37.6389,3.0,Red,0,1,2.0,category0
0.16,35.3212,3.0,Red,0,1,2.0,category0
0.44,15.956181,2.0,Black,13,9,0.0,category0
0.27027425,15.694899,3.0,Gray,0,1,2.0,category0
0.82,35.191017,3.0,Gray,0,1,2.0,category0
0.26,44.076927,2.0,White,0,3,0.0,category0
0.6420346,32.143295,2.0,Blue,0,3,0.0,category0
0.12,47.755367,2.0,White,0,3,0.0,category0
0.48,42.146267,3.0,Red,0,1,2.0,category0
0.76,28.749887,3.0,Gray,0,1,2.0,category0
0.67,30.39265,2.0,White,0,3,0.0,category0
0.76,29.125399,3.0,Yellow,18,4,2.0,category0
0.76,36.725857,3.0,Yellow,0,1,2.0,category0
0.88,26.791222,3.0,White,7,1,2.0,category0
0.43442962,29.102583,3.0,Red,0,1,2.0,category0
0.04,31.937218,3.0,Gray,18,4,2.0,category0
0.34,23.07802,2.0,Brown,13,9,0.0,category0
0.46,35.667778,3.0,Red,0,1,2.0,category0
0.65,9.365347,2.0,Red,0,1,0.0,category0
0.65,32.392773,3.0,Green,0,7,2.0,category0
0.28516343,7.857785,2.0,Tan,13,9,0.0,category0
0.29,14.019846,3.0,Gray,0,3,2.0,category0
0.72,17.774288,2.0,Blue,7,1,1.0,category0
0.9,7.662994,2.0,Black,0,1,0.0,category0
0.63,15.361499,2.0,Black,0,1,0.0,category0
0.87,14.126262,2.0,Black,18,4,1.0,category0
0.93,24.697268,3.0,Black,18,4,2.0,category0
0.96,20.305182,2.0,Blue,0,1,0.0,category0
0.72,34.75817,3.0,White,0,1,2.0,category0
0.14,15.711919,3.0,Green,0,1,2.0,category0
0.63,46.300938,3.0,Gray,0,1,2.0,category0
0.47,11.289645,3.0,Red,0,1,2.0,category0
0.21,31.058523,2.0,White,13,9,0.0,category0
0.36,27.483204,2.0,Blue,0,1,0.0,category0
0.9,24.272793,3.0,Tricolor,0,1,2.0,category0
0.813073,29.360876,3.0,Red,7,1,2.0,category0
0.68,22.93298,3.0,Gray,0,1,2.0,category0
0.6696543,36.41786,3.0,Sable,0,1,2.0,category0
0.9500262,14.505548,3.0,Gray,0,1,2.0,category0
0.9280775,12.348706,2.0,Brown,0,1,1.0,category0
0.8412187,25.855116,3.0,Brown,18,4,2.0,category0
0.25,30.3307,3.0,Gray,0,1,2.0,category0
0.62,12.518442,2.0,Black,18,4,1.0,category0
0.63,23.45335,3.0,Brown,0,1,2.0,category0
0.8,35.824924,3.0,Brown,18,4,2.0,category0
0.27,31.663406,2.0,Brown,13,9,0.0,category0
0.77,8.604194,2.0,Fawn,13,9,0.0,category0
0.51,5.451713,2.0,Brown Brindle,13,9,1.0,category0
0.63,20.796053,3.0,Yellow,7,1,2.0,category0
0.55,24.643202,3.0,White,0,1,2.0,category0
0.97,40.72472,2.0,Yellow,0,3,0.0,category0
0.30385223,18.07432,3.0,Gray,0,7,2.0,category0
0.75,37.824223,3.0,White,0,1,2.0,category0
0.15,8.443791,3.0,Red,0,7,2.0,category0
0.73,34.47294,3.0,Black,18,4,2.0,category0
0.45834845,13.962729,3.0,White,0,1,2.0,category0
0.57,20.96313,2.0,Black,18,4,1.0,category0
0.15,19.337505,2.0,White,7,1,0.0,category0
0.73,32.969746,2.0,Blue,0,1,0.0,category0
0.70370007,17.230364,2.0,Black,0,1,0.0,category0
0.60198265,30.94493,3.0,Gray,17,9,2.0,category0
0.7,43.762047,2.0,Blue Tabby,7,1,0.0,category0
0.55064225,31.152843,3.0,Gray,0,1,2.0,category0
0.19,20.327782,3.0,Blue,0,7,2.0,category0
0.12,31.806204,2.0,Red,0,1,1.0,category0
0.21,9.498336,2.0,White,13,9,0.0,category0
0.12,35.134644,3.0,White,0,1,2.0,category0
0.95,7.168116,3.0,Gray,18,4,2.0,category0
0.9816797,41.484074,2.0,Brown Tabby,0,1,0.0,category0
0.63,14.501937,3.0,Gray,0,1,2.0,category0
0.45781738,17.703026,3.0,Red,7,1,2.0,category0
0.94,22.96484,2.0,White,0,1,1.0,category0
0.94,18.15991,3.0,Gray,18,4,2.0,category0
0.98,24.681383,3.0,Brown,18,4,2.0,category0
0.64,8.961648,3.0,Red,0,1,2.0,category0
0.51,13.967614,3.0,Red,13,9,2.0,category0
0.25,46.86574,3.0,Gray,18,4,2.0,category0
0.84,37.04763,3.0,Black,18,4,2.0,category0
0.86,5.6381035,2.0,Red,0,1,1.0,category0
0.72,13.827391,2.0,Black,0,1,0.0,category0
0.37,5.950881,2.0,Blue,0,1,0.0,category0
0.8885704,29.484997,3.0,Yellow,7,1,2.0,category0
0.26,25.191666,3.0,White,0,1,2.0,category0
0.62,36.908436,3.0,Gray,0,1,2.0,category0
0.7527384,11.687131,2.0,Brown Brindle,0,1,1.0,category0
1.0,9.256003,3.0,Gray,0,7,2.0,category0
0.4221626,12.972401,2.0,Blue,0,1,1.0,category0
0.83,38.701374,3.0,Tan,0,6,2.0,category0
0.93,22.147995,2.0,Blue,0,1,0.0,category0
0.72,33.655823,3.0,Yellow,0,7,2.0,category0
0.64,11.982709,3.0,White,7,1,2.0,category0
0.5,11.774275,3.0,White,13,9,2.0,category0
0.59,42.60985,3.0,Black,18,4,2.0,category0
0.22,22.20098,2.0,Blue,0,1,0.0,category0
0.89,34.30503,2.0,Brown,13,9,1.0,category0
0.83,21.537605,2.0,Black,0,1,0.0,category0
0.26,8.911513,2.0,Black,13,9,0.0,category0
0.15,5.0919647,2.0,Tan,13,9,1.0,category0
0.52641255,20.65016,3.0,White,0,3,2.0,category0
0.84,15.716047,2.0,White,0,1,0.0,category0
0.83,21.676119,2.0,Black,0,1,0.0,category0
0.3784451,8.534423,2.0,Tan,13,9,0.0,category0
0.99,35.229675,3.0,Gray,0,1,2.0,category0
0.55,24.964207,3.0,Yellow,0,1,2.0,category0
0.31,42.432064,3.0,Red,7,1,2.0,category0
0.36,28.420858,3.0,Gray,0,1,2.0,category0
0.99,20.529642,3.0,White,7,1,2.0,category0
0.46,22.419685,2.0,Red Tick,0,1,0.0,category0
0.7797704,34.15614,3.0,Tan,18,4,2.0,category0
0.34,15.215997,2.0,Tan,13,9,0.0,category0
0.7,28.93126,3.0,Yellow,7,1,2.0,category0
0.67,8.103944,3.0,Gray,18,4,2.0,category0
0.13,15.364221,2.0,Brown Brindle,0,1,0.0,category0
0.83,16.806599,2.0,Brown Tabby,7,1,0.0,category0
0.66,42.67963,3.0,Black,18,4,2.0,category0
0.42,41.01981,3.0,Yellow,0,1,2.0,category0
0.63,28.48448,3.0,Black,0,2,2.0,category0
0.8249055,27.076998,2.0,Brown,0,1,0.0,category0
0.91,30.52192,2.0,Yellow,0,1,0.0,category0
0.91,20.200945,2.0,Black,0,1,0.0,category0
0.65799475,14.302684,2.0,Brown,13,9,0.0,category0
0.15,34.341446,3.0,Green,0,1,2.0,category0
0.27,14.188907,2.0,Tricolor,0,3,0.0,category0
0.63,39.804703,3.0,White,0,3,2.0,category0
0.96,22.663277,3.0,Gray,0,1,2.0,category0
0.66,37.136818,3.0,Brown,18,4,2.0,category0
0.17182311,6.369225,2.0,Tan,13,9,0.0,category0
0.99,26.510584,3.0,Gray,0,7,2.0,category0
0.67900145,17.24499,3.0,Yellow,0,1,2.0,category0
0.42,10.370313,2.0,Brown,13,9,1.0,category0
0.7,7.9543424,3.0,Gray,0,6,2.0,category0
0.86,32.016754,2.0,Black,0,1,0.0,category0
0.81,15.537673,3.0,Black,18,4,2.0,category0
0.66,21.238441,3.0,Blue,0,1,2.0,category0
0.46095258,22.713043,2.0,Black,0,1,0.0,category0
0.69,42.75784,2.0,White,11,4,1.0,category0
0.95,24.99831,2.0,Red,0,1,1.0,category0
0.91,17.539793,2.0,Black,0,1,0.0,category0
0.5,44.715878,3.0,White,0,1,2.0,category0
0.8964936,10.758964,2.0,White,0,1,0.0,category0
0.71,35.04351,3.0,Gray,0,7,2.0,category0
0.92,39.96341,2.0,Tricolor,0,1,0.0,category0
0.46,35.906456,3.0,Blue,0,3,2.0,category0
0.9,11.005716,3.0,Gray,0,7,2.0,category0
0.55,9.480197,2.0,Red,0,1,0.0,category0
0.43,14.285482,2.0,Cream,13,9,0.0,category0
0.9,14.703146,2.0,Red,0,1,0.0,category0
0.62,13.029064,3.0,Gray,0,7,2.0,category0
0.65,28.56705,3.0,Green,0,7,2.0,category0
0.5,24.739597,2.0,Black,7,1,1.0,category0
1.0,15.531377,3.0,Gray,0,1,2.0,category0
0.96,38.00294,3.0,White,0,7,2.0,category0
0.55,33.81296,3.0,Brown,11,4,2.0,category0
0.74,18.715633,2.0,Chocolate,0,1,0.0,category0
0.2,14.713791,2.0,White,13,9,0.0,category0
0.26,27.754705,3.0,White,0,1,2.0,category0
0.6312213,31.060379,3.0,White,0,7,2.0,category0
0.81,45.20255,3.0,Gray,0,3,2.0,category0
0.38,13.097625,2.0,White,17,9,0.0,category0
0.24,21.10946,3.0,Blue,0,3,2.0,category0
0.15896924,47.90379,3.0,Brown,18,4,2.0,category0
0.19,27.84975,3.0,Brown,18,4,2.0,category0
0.98,33.458652,3.0,White,0,1,2.0,category0
0.24192624,34.27975,3.0,Black,18,4,2.0,category0
0.62,28.206324,3.0,Gray,18,4,2.0,category0
0.15,21.255468,2.0,Black,1,4,1.0,category0
0.7460881,14.326123,3.0,Tricolor,0,3,2.0,category0
0.52,13.369367,3.0,Gray,0,7,2.0,category0
0.842653,24.95771,2.0,Black,0,1,0.0,category0
0.8830791,43.75463,2.0,White,0,3,0.0,category0
0.3647049,28.144205,3.0,Blue,0,3,2.0,category0
0.83,31.872019,3.0,White,0,2,2.0,category0
0.78,23.08439,2.0,Brown,13,9,0.0,category0
0.75,33.344143,2.0,White,0,3,0.0,category0
0.34,7.9289775,3.0,Gray,18,4,2.0,category0
0.53,7.4306254,2.0,Brown,13,9,0.0,category0
0.89,20.186556,3.0,Tricolor,0,1,2.0,category0
0.76,32.731647,3.0,Yellow,0,7,2.0,category0
0.75,17.446024,3.0,Red,0,1,2.0,category0
0.39,19.13163,3.0,Gray,18,4,2.0,category0
0.49,8.121835,2.0,Black,13,9,0.0,category0
0.82,38.375786,3.0,Blue,0,2,2.0,category0
0.75,6.965149,2.0,White,18,4,1.0,category0
0.25,12.103165,3.0,Tan,0,1,2.0,category0
0.49,38.76684,2.0,White,13,9,0.0,category0
0.07,37.38497,3.0,Black,18,4,2.0,category0
0.77,26.96423,2.0,Brown,0,1,0.0,category0
0.8,27.701435,3.0,Gray,0,1,2.0,category0
0.86,17.173601,3.0,White,7,1,2.0,category0
0.22,9.00821,2.0,White,11,4,1.0,category0
0.11,34.674183,3.0,Yellow,0,1,2.0,category0
0.79,26.97586,3.0,Gray,18,4,2.0,category0
0.73,7.6204886,3.0,Yellow,12,1,2.0,category0
0.48,44.406837,3.0,White,11,4,2.0,category0
0.87,33.564392,3.0,Yellow,0,1,2.0,category0
0.85,14.978918,2.0,Black,0,1,1.0,category0
0.97,13.323828,2.0,Black,0,1,1.0,category0
0.22364444,48.50032,3.0,Black,18,4,2.0,category0
0.6,44.049026,3.0,Gray,7,1,2.0,category0
0.19760899,26.483181,3.0,Green,0,1,2.0,category0
0.07,6.7242637,2.0,Black,11,4,1.0,category0
0.59,6.0918417,2.0,Tricolor,13,9,0.0,category0
0.41,13.995628,3.0,Blue,0,3,2.0,category0
0.32,32.84698,3.0,Tricolor,0,1,2.0,category0
0.38,13.569186,2.0,White,13,9,0.0,category0
0.79,34.319084,3.0,Brown,7,1,2.0,category0
0.76,31.176197,3.0,Tan,0,1,2.0,category0
0.82,22.212786,3.0,Gray,11,4,2.0,category0
0.7,7.5576143,2.0,Sable,13,9,0.0,category0
0.79,16.582964,3.0,Gray,0,3,2.0,category0
0.23,23.284105,3.0,Red,0,1,2.0,category0
0.81,39.29871,3.0,Black,18,4,2.0,category0
0.67,13.063158,2.0,Blue,13,9,0.0,category0
0.16617502,14.040865,3.0,Gray,11,4,2.0,category0
0.2,33.33698,3.0,Green,0,1,2.0,category0
0.83,12.343924,2.0,Black,0,1,0.0,category0
0.4151584,11.694044,2.0,White,13,9,0.0,category0
0.33,17.77848,2.0,Blue Point,13,9,0.0,category0
0.25,43.870667,3.0,Red,12,1,2.0,category0
0.77,18.733063,3.0,Red,7,1,2.0,category0
0.15747938,21.529139,2.0,Cream,0,1,0.0,category0
0.87820476,16.331692,2.0,Tan,0,1,0.0,category0
0.5,25.89682,2.0,Red,0,1,0.0,category0
0.68,28.427181,3.0,Tricolor,0,1,2.0,category0
0.95,14.792514,2.0,Brown Brindle,0,1,0.0,category0
0.98,36.406754,3.0,Red,0,1,2.0,category0
0.67,17.767826,2.0,Gray,0,1,2.0,category0
0.59,29.639399,3.0,Red,0,6,2.0,category0
0.5240799,7.731731,2.0,White,18,4,1.0,category0
0.56,18.254921,2.0,Red,0,1,1.0,category0
0.43,10.588272,2.0,Blue,0,1,1.0,category0
0.36,21.612236,3.0,Blue,7,1,2.0,category0
0.9319741,26.227715,3.0,Gray,0,1,2.0,category0
0.16,31.650784,3.0,Brown,18,4,2.0,category0
0.51,32.81119,3.0,Gray,0,1,2.0,category0
0.7,31.27755,3.0,Gray,0,7,2.0,category0
0.20108321,42.4408,3.0,Black,18,4,2.0,category0
0.37,15.870906,3.0,White,0,1,2.0,category0
0.2,29.156006,3.0,Gray,18,4,2.0,category0
0.72,48.159653,2.0,White,0,3,0.0,category0
0.52,19.616669,3.0,White,0,1,2.0,category0
0.54,21.308353,3.0,Red,0,1,2.0,category0
0.9,19.086298,3.0,Gray,18,4,2.0,category0
0.83,16.703197,2.0,Red,0,1,0.0,category0
0.38886765,36.797276,3.0,Brown,11,4,2.0,category0
0.4438754,31.315342,3.0,Brown,11,4,2.0,category0
0.07,10.033791,2.0,White,13,9,1.0,category0
0.94,27.269104,3.0,Brown,11,4,2.0,category0
0.28,15.582334,3.0,Red,0,2,2.0,category0
0.45454514,12.169245,3.0,Sable,18,4,2.0,category0
0.34918314,34.8266,3.0,Yellow,7,1,2.0,category0
0.9,19.765484,2.0,Yellow,0,1,0.0,category0
0.5,14.254088,3.0,White,0,1,2.0,category0
0.54,11.279283,2.0,White,18,4,1.0,category0
0.6404353,26.412231,3.0,Yellow,0,1,2.0,category0
0.8,25.67385,2.0,White,0,3,0.0,category0
0.95,15.723105,2.0,Brown,0,1,0.0,category0
0.89,27.16019,2.0,Blue,0,3,0.0,category0
0.072918884,15.8917055,2.0,White,13,9,0.0,category0
0.90300256,20.383945,3.0,Gray,0,6,2.0,category0
0.9066932,40.373108,3.0,White,0,1,2.0,category0
0.38,17.268463,2.0,White,0,3,0.0,category0
0.5962214,32.895924,2.0,Black,0,1,0.0,category0
0.48,13.236338,2.0,White,0,3,0.0,category0
0.5924677,42.554787,3.0,Gray,0,1,2.0,category0
0.33,18.160011,3.0,Red,0,1,2.0,category0
0.40553385,21.240349,2.0,Brown,13,9,0.0,category0
0.56,30.774277,3.0,Gray,18,4,2.0,category0
0.53,32.23687,3.0,Green,0,1,2.0,category0
0.49,23.931278,3.0,Yellow,0,1,2.0,category0
0.9371962,18.132732,2.0,Red,0,1,0.0,category0
0.9394256,26.449404,3.0,White,13,9,2.0,category0
0.34,23.567833,2.0,White,13,9,0.0,category0
0.72,29.374603,2.0,White,0,3,0.0,category0
0.84,29.158619,3.0,Black,0,2,2.0,category0
0.92,32.519463,2.0,Black,0,1,0.0,category0
0.39,29.47479,2.0,Brown,13,9,0.0,category0
0.55,35.56866,3.0,White,0,1,2.0,category0
0.85343117,40.777313,3.0,Tan,18,4,2.0,category0
0.22688466,30.606298,3.0,Red,7,1,2.0,category0
0.69,37.788292,3.0,Fawn,0,2,2.0,category0
0.65,12.568977,2.0,Brown,13,9,0.0,category0
0.86,24.809353,3.0,Red,7,1,2.0,category0
0.44,19.859375,3.0,Gray,7,1,2.0,category0
0.2,8.878988,3.0,Gray,18,4,2.0,category0
0.5580458,12.218223,3.0,Red,12,1,2.0,category0
0.1592388,6.467197,2.0,Gray,13,9,1.0,category0
0.37,9.890064,2.0,Sable,13,9,0.0,category0
0.20973255,28.38156,3.0,Sable,0,1,2.0,category0
0.30030453,30.962242,3.0,White,18,4,2.0,category0
0.22,19.270575,3.0,White,0,1,2.0,category0
0.95,39.180584,3.0,Tricolor,0,1,2.0,category0
0.31,48.399933,3.0,Blue,18,4,2.0,category0
0.58,31.474878,3.0,Yellow,0,1,2.0,category0
0.57,43.312714,3.0,Brown,18,4,2.0,category0
0.5,43.479744,3.0,Blue,18,4,2.0,category0
0.38,23.459902,3.0,Yellow,0,1,2.0,category0
0.44,32.861927,3.0,Orange,18,4,2.0,category0
0.75,22.494186,3.0,Gray,0,7,2.0,category0
0.57,33.77912,3.0,Red,13,9,2.0,category0
0.79,23.371319,3.0,Yellow,7,1,2.0,category0
0.52,5.5767126,2.0,White,13,9,0.0,category0
0.52,19.553177,2.0,Black,0,1,1.0,category0
0.79,31.930693,2.0,Black,0,1,0.0,category0
0.09,18.503042,2.0,Black,0,1,0.0,category0
0.89,38.05105,2.0,Seal Point,7,1,0.0,category0
0.51,47.412422,3.0,Tricolor,18,4,2.0,category0
0.4,20.882593,2.0,Black,18,4,1.0,category0
0.65,27.919611,2.0,Brown,7,1,1.0,category0
0.67,46.395866,3.0,Sable,18,4,2.0,category0
0.66813695,19.389938,2.0,Black,0,1,0.0,category0
0.12,19.934015,3.0,Blue,0,3,2.0,category0
0.09349304,34.29048,2.0,Torbie,18,4,1.0,category0
0.27,20.795685,2.0,Tan,13,9,1.0,category0
0.15,19.135843,2.0,Red,0,1,1.0,category0
0.72,18.155905,2.0,Red,0,1,0.0,category0
0.63,23.667946,2.0,White,13,9,0.0,category0
0.92,27.181461,2.0,Black,0,1,0.0,category0
0.7908461,6.1953807,2.0,Red,0,1,1.0,category0
0.69,30.329931,3.0,Tricolor,0,6,2.0,category0
0.27,23.469748,3.0,Red,0,1,2.0,category0
0.8,45.083263,3.0,Gray,0,1,2.0,category0
0.72,17.749298,3.0,Green,0,1,2.0,category0
0.7378044,18.459642,2.0,Black,18,4,1.0,category0
0.36,28.110504,3.0,Blue,0,1,2.0,category0
0.95,46.616558,3.0,Black,7,1,2.0,category0
0.36,20.812748,3.0,Green,0,1,2.0,category0
0.72,28.995699,3.0,Gray,0,1,2.0,category0
0.58,15.469652,2.0,White,13,9,1.0,category0
0.47,20.085608,2.0,Cream,13,9,0.0,category0
0.35,11.691897,2.0,Cream,13,9,0.0,category0
0.51,19.93006,3.0,Red,0,1,2.0,category0
0.67,27.913502,3.0,White,0,1,2.0,category0
0.24,33.534832,3.0,Gray,0,1,2.0,category0
0.66,33.54702,3.0,Red,0,1,2.0,category0
0.22,38.58969,3.0,White,7,1,2.0,category0
0.85,17.350779,2.0,Black,0,1,0.0,category0
0.38,47.764103,3.0,Black,18,4,2.0,category0
0.85,23.568655,2.0,Red,7,1,0.0,category0
0.17985232,12.8187475,3.0,Red,18,4,2.0,category0
0.28,21.689775,2.0,White,13,9,0.0,category0
0.82,30.002495,3.0,Black,18,4,2.0,category0
0.96589863,23.070244,2.0,Lynx Point,0,1,0.0,category0
0.8654057,41.284748,2.0,Brown Tabby,7,1,0.0,category0
0.89,31.870033,3.0,White,0,1,2.0,category0
0.41346905,26.199366,2.0,White,0,3,1.0,category0
0.73,28.407478,2.0,Red,0,1,0.0,category0
0.44,36.032104,3.0,Gray,18,4,2.0,category0
0.5266015,29.608849,3.0,Red,0,1,2.0,category0
0.92,26.621046,3.0,Gray,0,1,2.0,category0
0.79,26.85304,2.0,Black,0,1,0.0,category0
0.97,25.754883,3.0,Gray,18,4,2.0,category0
0.91,28.359325,3.0,Gray,0,1,2.0,category0
0.8138292,12.183121,3.0,Red,13,9,2.0,category0
0.63,16.425558,2.0,Blue,0,1,1.0,category0
0.4273503,37.76979,3.0,Gray,0,1,2.0,category0
0.49,31.617037,3.0,Red,7,1,2.0,category0
0.56,19.306171,3.0,Gray,18,4,2.0,category0
0.95,31.394226,2.0,Tan,7,1,0.0,category0
0.89,29.12805,3.0,Red,12,1,2.0,category0
0.8651722,32.51135,2.0,Yellow,0,1,0.0,category0
0.77,45.852463,3.0,Gray,18,4,2.0,category0
0.98,8.105819,2.0,Black,0,1,0.0,category0
0.19921674,36.808876,3.0,Red,0,1,2.0,category0
0.31,30.595316,3.0,Red,0,2,2.0,category0
0.47,25.361355,3.0,Gray,0,1,2.0,category0
0.13993748,9.956134,2.0,White,13,9,0.0,category0
0.18,20.465311,3.0,Blue,0,1,2.0,category0
0.63,18.52368,3.0,Gray,0,6,2.0,category0
0.6363093,37.57466,3.0,Yellow,7,1,2.0,category0
0.91,8.064247,2.0,White,0,1,1.0,category0
0.96,35.460308,3.0,White,0,7,2.0,category0
0.4178567,7.317724,2.0,Black,18,4,1.0,category0
0.83,28.452515,3.0,Yellow,0,1,2.0,category0
0.70030713,20.901894,3.0,White,18,4,2.0,category0
0.96,45.891376,2.0,Cream,0,3,0.0,category0
0.29523587,15.715521,2.0,White,0,1,0.0,category0
0.995969,23.737906,2.0,Blue,0,1,0.0,category0
0.5190339,22.652458,3.0,Gray,0,1,2.0,category0
0.59,22.10816,3.0,Blue,0,1,2.0,category0
0.85,34.396248,2.0,White,7,1,1.0,category0
0.16,33.049335,3.0,Black,0,1,2.0,category0
0.8642319,47.89667,2.0,Black,0,3,0.0,category0
0.48,11.414212,3.0,Red,12,1,2.0,category0
0.74,41.248978,3.0,Black,0,7,2.0,category0
0.9289783,26.849333,3.0,Tricolor,0,1,2.0,category0
0.83,7.919628,2.0,Fawn,0,1,0.0,category0
0.15536214,48.89302,3.0,Brown,18,4,2.0,category0
0.25179046,31.241762,3.0,White,0,3,2.0,category0
0.45,30.656868,3.0,Brown,18,4,2.0,category0
0.91,38.103046,2.0,Brown,0,3,0.0,category0
0.34,32.78079,3.0,Black,0,1,2.0,category0
0.21,11.886229,2.0,Brown,0,1,1.0,category0
0.31,20.356062,3.0,Gray,0,7,2.0,category0
0.59,10.874654,2.0,Gray,11,4,1.0,category0
0.84,40.563694,3.0,Red,0,1,2.0,category0
0.77,15.476706,2.0,White,0,1,0.0,category0
0.31,23.84419,3.0,White,18,4,2.0,category0
0.7,12.220915,3.0,Yellow,0,1,2.0,category0
0.75441164,23.421124,3.0,Blue,11,4,2.0,category0
0.12,16.918207,3.0,Gray,0,7,2.0,category0
0.9,44.304626,2.0,White,0,3,0.0,category0
0.68,25.290712,3.0,Gray,0,1,2.0,category0
0.69,12.013571,2.0,Black,13,9,0.0,category0
0.44,39.504852,2.0,White,11,4,1.0,category0
0.43,9.3491335,2.0,Brown Tabby,13,9,0.0,category0
0.92,30.127113,3.0,White,0,1,2.0,category0
0.84,21.594149,2.0,Black,0,1,0.0,category0
0.6,34.507854,3.0,Red,0,7,2.0,category0
0.26653647,8.2796755,2.0,White,13,9,0.0,category0
0.99,24.68092,3.0,Gray,0,7,2.0,category0
0.7714043,40.51043,2.0,Black,7,1,0.0,category0
0.4787124,28.156342,3.0,White,7,1,2.0,category0
0.27,30.00967,3.0,Brown,0,1,2.0,category0
0.4677322,21.743927,2.0,Brown,13,9,0.0,category0
0.9272771,43.119038,3.0,Black,18,4,2.0,category0
0.37,26.215965,3.0,Red,0,1,2.0,category0
0.24111462,15.749226,3.0,White,0,3,2.0,category0
0.36,41.39063,3.0,Black,18,4,2.0,category0
0.93,47.828453,3.0,Yellow,0,7,2.0,category0
0.4,14.853884,2.0,Black,18,4,1.0,category0
0.87,20.656178,3.0,Red,0,7,2.0,category0
0.64,42.232365,3.0,Red,7,1,2.0,category0
0.44,6.3788724,2.0,Red,0,1,1.0,category0
0.89,38.236298,3.0,Gray,0,1,2.0,category0
0.89,40.946636,3.0,White,7,1,2.0,category0
0.78,10.329639,2.0,Brown Brindle,13,9,0.0,category0
0.56,18.134462,3.0,Cream Tabby,0,1,2.0,category0
0.5,43.82221,3.0,Black,18,4,2.0,category0
0.87,44.651722,3.0,Black,18,4,2.0,category0
0.57,32.03882,3.0,Green,0,1,2.0,category0
0.21,48.85911,2.0,Gray,18,4,2.0,category0
0.7,42.44865,3.0,Blue,18,4,2.0,category0
0.23,15.326713,3.0,White,0,1,2.0,category0
0.7819285,12.809598,2.0,Brown,13,9,0.0,category0
0.5,35.32305,3.0,Yellow,0,1,2.0,category0
0.64,11.470199,2.0,Yellow,0,1,0.0,category0
0.41,25.378576,2.0,Gray,18,4,1.0,category0
0.06663182,17.040672,2.0,Gray,0,1,0.0,category0
0.2,12.172377,3.0,Gray,0,6,2.0,category0
0.53,6.398418,2.0,White,0,1,0.0,category0
0.9905596,25.874516,2.0,Red,0,1,0.0,category0
0.53,15.996628,2.0,Black,18,4,1.0,category0
0.64,26.705341,2.0,Brown,13,9,0.0,category0
0.9,30.532974,3.0,Yellow,0,1,2.0,category0
0.9,14.057978,3.0,Gray,0,1,2.0,category0
0.88,34.32841,3.0,Gray,12,1,2.0,category0
0.36,23.378088,3.0,Red,18,4,2.0,category0
0.46672365,30.37767,3.0,Tricolor,0,1,2.0,category0
0.61743927,19.306536,3.0,White,0,4,2.0,category0
0.92,38.31782,3.0,Gray,0,9,2.0,category0
0.91,12.936654,3.0,Red,7,1,2.0,category0
0.84,18.174875,3.0,Tricolor,0,1,2.0,category0
0.6,41.758865,3.0,Red,7,1,2.0,category0
0.8627073,21.076458,2.0,Red,0,1,1.0,category0
0.35642108,5.7624497,2.0,Black,13,9,0.0,category0
0.28213304,26.54914,3.0,Yellow,0,1,2.0,category0
0.1588735,23.646599,3.0,Black,0,1,2.0,category0
0.29813161,10.112927,2.0,Blue,13,9,0.0,category0
0.64,14.686652,2.0,Black,0,1,0.0,category0
0.4,22.132454,2.0,Black,0,1,0.0,category0
0.72,33.837486,3.0,Gray,18,4,2.0,category0
0.48,36.00052,3.0,Orange Tabby,0,1,2.0,category0
0.1,32.032772,3.0,Gray,18,4,2.0,category0
0.7255018,28.11546,3.0,Gray,0,1,2.0,category0
0.42,42.731876,3.0,Black,18,4,2.0,category0
0.19861406,30.586731,3.0,Tan,18,4,2.0,category0
0.95587325,25.844557,3.0,Red,0,1,2.0,category0
0.64,11.217434,2.0,Brown,18,4,1.0,category0
0.97,18.091267,3.0,Gray,7,1,2.0,category0
0.49,20.554348,2.0,Chocolate,18,4,1.0,category0
0.81,18.6596,2.0,Black,18,4,1.0,category0
0.64,38.678486,3.0,Yellow,7,1,2.0,category0
0.84,19.959654,3.0,White,11,4,2.0,category0
0.9,21.626198,3.0,Brown,18,4,2.0,category0
0.1508793,29.55685,3.0,Brown,18,4,2.0,category0
0.92,43.348713,2.0,Black,7,1,0.0,category0
0.44,30.611704,3.0,White,0,1,2.0,category0
0.51381713,35.700172,3.0,Yellow,7,1,2.0,category0
0.23,14.4695425,2.0,White,0,3,0.0,category0
0.4,28.565495,3.0,Brown,18,4,2.0,category0
0.23,42.107952,3.0,Gray,18,4,2.0,category0
0.92,6.2718706,2.0,Black,0,1,0.0,category0
0.53,15.494042,2.0,Brown,13,9,0.0,category0
0.56,19.1094,2.0,Black,13,9,0.0,category0
0.4443634,13.63632,2.0,White,0,3,0.0,category0
0.67,27.155796,3.0,Gray,0,6,2.0,category0
0.8,41.96969,2.0,Black,0,3,0.0,category0
0.3,20.132288,2.0,Tan,13,9,0.0,category0
0.9201728,41.025764,3.0,Gray,0,1,2.0,category0
0.51,15.272252,3.0,Gray,18,4,2.0,category0
0.47644174,36.84481,3.0,Brown,18,4,2.0,category0
0.82,26.977457,3.0,Gray,0,7,2.0,category0
0.57,9.795079,3.0,White,0,3,2.0,category0
0.58,39.56763,3.0,Red,0,1,2.0,category0
0.6,6.1278152,3.0,Gray,11,4,2.0,category0
0.6,6.9572654,2.0,White,13,9,0.0,category0
0.62,24.128366,3.0,Black,18,4,2.0,category0
0.4268688,16.424753,2.0,Chocolate,13,9,0.0,category0
0.77,19.933914,3.0,Tricolor,0,7,2.0,category0
0.48,20.223652,3.0,Yellow,0,1,2.0,category0
0.9544173,30.21725,3.0,White,0,7,2.0,category0
0.57,30.452082,3.0,Gray,18,4,2.0,category0
0.27,22.55131,2.0,Red,0,1,1.0,category0
0.45870507,34.555237,2.0,Gray,18,4,0.0,category0
0.84,11.629984,2.0,Red,0,1,0.0,category0
0.84,19.311487,2.0,Red,0,1,0.0,category0
0.7,18.871672,3.0,White,0,1,2.0,category0
0.52,18.344688,2.0,Red,0,1,0.0,category0
0.51,12.896776,2.0,Black,18,4,1.0,category0
0.55,18.366663,3.0,Red,0,1,2.0,category0
0.77,27.249607,2.0,White,0,3,0.0,category0
0.51,21.173368,2.0,White,13,9,0.0,category0
0.75,25.41227,3.0,Gray,0,1,2.0,category0
0.69,12.662904,2.0,White,13,9,0.0,category0
0.8,6.704624,2.0,Black,0,1,0.0,category0
0.84,15.758294,3.0,Gray,0,1,2.0,category0
0.73,6.0812073,2.0,Black,13,9,1.0,category0
0.98,37.5858,3.0,White,0,1,2.0,category0
0.56,23.065893,3.0,Red,12,1,2.0,category0
0.83,23.394804,2.0,Red,0,1,1.0,category0
0.24,23.225134,3.0,Red,0,1,2.0,category0
0.43,38.935917,3.0,Blue,0,1,2.0,category0
0.23497155,15.93134,3.0,Orange Tabby,0,1,2.0,category0
0.73,27.259497,3.0,Black,0,1,2.0,category0
0.19,36.562187,3.0,Red,7,1,2.0,category0
0.86151475,15.570295,3.0,Brown,18,4,2.0,category0
0.89,20.102852,3.0,Tricolor,0,1,2.0,category0
0.88,23.25936,2.0,Red,7,1,1.0,category0
0.3,26.464746,3.0,Green,0,1,2.0,category0
0.37,29.942984,3.0,Gray,0,1,2.0,category0
0.65,13.9798765,3.0,Yellow,13,9,2.0,category0
0.64,12.140256,2.0,Black,13,9,0.0,category0
0.79,34.350567,3.0,Gray,0,1,2.0,category0
0.769456,17.431013,2.0,Tan,13,9,0.0,category0
0.86,38.501186,3.0,Gray,0,1,2.0,category0
0.6,17.952478,3.0,Yellow,0,1,2.0,category0
0.7732047,16.299553,3.0,Gray,0,1,2.0,category0
0.84,13.966179,3.0,Red,0,1,0.0,category0
0.68,28.926264,2.0,Lynx Point,0,1,0.0,category0
0.61,38.87209,2.0,White,0,3,0.0,category0
0.76,11.039691,3.0,Blue,0,3,2.0,category0
0.42,15.5390215,3.0,Chocolate,0,1,2.0,category0
0.40536514,32.134262,3.0,Red,0,1,2.0,category0
0.44,24.295008,2.0,White,13,9,0.0,category0
0.44,12.174173,3.0,Green,0,1,2.0,category0
0.57,27.637436,3.0,Gray,7,1,2.0,category0
0.35,29.453531,3.0,Blue,0,2,2.0,category0
0.3,15.723083,2.0,Black,13,9,0.0,category0
0.07,33.077442,3.0,Black,18,4,2.0,category0
0.89,36.041023,3.0,Yellow,7,1,2.0,category0
0.3,17.440428,3.0,Red,0,1,2.0,category0
0.6,20.462103,3.0,White,7,1,2.0,category0
0.19458857,16.750435,2.0,Gray,0,1,0.0,category0
0.48,13.484904,2.0,Chocolate,13,9,0.0,category0
0.93637943,43.066753,2.0,Cream Tabby,0,1,0.0,category0
0.35,12.554587,2.0,Tricolor,0,3,0.0,category0
0.73,35.613796,3.0,Red,0,1,2.0,category0
0.49,44.177437,3.0,Orange,18,4,2.0,category0
0.40124783,36.346405,2.0,White,13,9,0.0,category0
0.96961194,20.428305,3.0,Sable,18,4,2.0,category0
0.44,13.207639,2.0,Brown,13,9,0.0,category0
0.82,14.262104,2.0,Black,13,9,0.0,category0
0.44,17.491808,2.0,White,13,9,0.0,category0
0.42,7.002878,3.0,Gray,11,4,2.0,category0
0.75749385,26.90938,3.0,Yellow,0,1,2.0,category0
0.3,27.86836,3.0,Red,0,1,2.0,category0
0.23,9.261855,2.0,Tan,0,1,1.0,category0
0.98,21.60457,2.0,White,0,1,0.0,category0
0.9363735,7.419597,3.0,Brown,13,9,2.0,category0
0.30438864,43.0119,3.0,White,0,1,2.0,category0
0.820887,15.37041,2.0,Tricolor,0,1,0.0,category0
0.72,40.465744,3.0,Yellow,0,1,2.0,category0
0.96,9.4005165,2.0,White,0,1,0.0,category0
0.8660163,26.95482,2.0,Black,0,3,0.0,category0
0.28975224,9.895776,2.0,Blue,13,9,0.0,category0
0.795855,11.230725,2.0,Black,0,1,0.0,category0
0.7869887,16.750566,3.0,Tricolor,0,1,2.0,category0
0.93,41.233284,3.0,Brown,18,4,2.0,category0
0.90844536,15.770621,2.0,White,7,1,0.0,category0
0.77,19.73676,3.0,Red,13,9,2.0,category0
0.56,29.113197,3.0,Black,7,1,2.0,category0
0.74,49.516598,3.0,Gray,13,9,2.0,category0
0.61376196,9.260729,2.0,White,13,9,0.0,category0
0.24228764,7.185649,2.0,White,13,9,1.0,category0
0.55,28.981953,2.0,White,13,9,0.0,category0
0.51,21.100683,3.0,Red,0,1,2.0,category0
0.12983382,37.819466,3.0,Gray,0,1,2.0,category0
0.47,10.952626,2.0,Gray,13,9,1.0,category0
0.26,32.623173,3.0,Blue,0,3,2.0,category0
0.65,35.498714,3.0,Brown,11,4,2.0,category0
0.8,29.25514,3.0,Yellow,0,1,2.0,category0
0.74,18.720835,3.0,Yellow,0,1,2.0,category0
0.83508056,10.891683,3.0,Brown,18,4,2.0,category0
0.5462599,18.18728,3.0,Buff,0,6,2.0,category0
0.1,46.37243,3.0,Red,18,4,2.0,category0
0.87,9.370394,2.0,Black,0,1,0.0,category0
0.49,26.077045,3.0,Red,0,7,2.0,category0
0.20411222,9.618458,3.0,Green,0,1,2.0,category0
0.56,29.619923,3.0,Gray,0,1,2.0,category0
0.8460342,23.379608,3.0,Tan,18,4,2.0,category0
0.03,45.21824,3.0,Yellow,0,1,2.0,category0
0.99,27.132969,3.0,Black,0,7,2.0,category0
0.6562031,11.99034,2.0,Red,0,1,1.0,category0
0.87,9.032333,3.0,Gray,18,4,2.0,category0
0.7318848,14.521217,3.0,White,0,1,2.0,category0
0.57,32.23914,3.0,Gray,18,4,2.0,category0
0.39,16.14131,3.0,Tricolor,0,1,2.0,category0
0.47,19.16708,2.0,Tricolor,0,1,0.0,category0
0.31,22.0431,3.0,Green,0,1,2.0,category0
0.8775194,37.69072,3.0,Yellow,7,1,2.0,category0
0.47,29.295794,3.0,Tan,0,1,2.0,category0
0.539158,44.93169,3.0,Brown,18,4,2.0,category0
0.62,28.08251,2.0,Yellow,0,1,0.0,category0
0.42,14.440774,2.0,Red,13,9,0.0,category0
0.20271316,39.229717,3.0,Brown,18,4,2.0,category0
0.98,40.514023,3.0,Yellow,0,1,2.0,category0
0.96,5.796651,3.0,Gray,0,6,2.0,category0
0.58,20.498663,3.0,White,0,1,2.0,category0
0.9145224,9.2535095,3.0,White,0,1,2.0,category0
0.53,41.426483,2.0,White,7,1,1.0,category0
0.64,45.85094,3.0,Orange,18,4,2.0,category0
0.74,14.902835,3.0,Red,12,1,2.0,category0
0.66,13.681823,3.0,Blue,7,1,2.0,category0
0.13,37.144722,3.0,Black,18,4,2.0,category0
0.37,13.20525,2.0,Brown Brindle,0,1,0.0,category0
0.5,45.91232,2.0,Brown Tabby,7,1,0.0,category0
0.68,46.740913,3.0,Brown,18,4,2.0,category0
0.034735896,44.022957,2.0,Gray,18,4,1.0,category0
0.88780135,41.534115,2.0,Tan,7,1,0.0,category0
0.97,15.835193,2.0,Black,0,1,0.0,category0
0.18,24.40457,3.0,Green,0,1,2.0,category0
0.16,18.901169,2.0,White,7,1,0.0,category0
0.45,24.898026,3.0,Red,7,1,2.0,category0
0.72,31.293684,3.0,White,0,1,2.0,category0
0.56,36.19076,3.0,Brown,18,4,2.0,category0
0.23,10.94368,2.0,Gray,11,1,0.0,category0
0.67776996,22.039982,3.0,Gray,0,1,2.0,category0
0.85,15.288918,2.0,Red,0,1,1.0,category0
0.31,44.760155,2.0,Brown,7,1,0.0,category0
0.93,18.063663,2.0,Black,0,3,0.0,category0
0.41,32.297226,3.0,White,18,4,2.0,category0
0.84,27.422394,3.0,Gray,7,1,2.0,category0
0.9227455,33.048355,2.0,Brown,0,1,0.0,category0
0.59,7.952232,2.0,Gray,13,9,0.0,category0
0.78,20.383068,2.0,Red,0,3,1.0,category0
0.98,27.346067,3.0,Blue,18,4,2.0,category0
0.07,38.682156,3.0,Black,18,4,2.0,category0
0.58,33.04966,3.0,Yellow,0,1,2.0,category0
0.96,30.464293,3.0,Tricolor,11,4,2.0,category0
0.02,19.096571,2.0,White,0,1,0.0,category0
0.8,15.695292,2.0,Black,18,4,1.0,category0
0.32,46.131523,2.0,White,0,3,0.0,category0
0.81,14.069719,2.0,Yellow,7,1,0.0,category0
0.03,39.67681,3.0,Cream Tabby,18,4,2.0,category0
0.23,26.251648,3.0,Yellow,0,1,2.0,category0
0.38,36.57194,3.0,Black,0,1,2.0,category0
0.24,21.48608,3.0,White,0,1,2.0,category0
0.9,14.754662,2.0,Red,0,1,1.0,category0
0.19,48.600357,3.0,White,18,4,2.0,category0
0.91942257,43.808315,3.0,Red,0,1,2.0,category0
0.24,10.736478,2.0,Chocolate,11,4,1.0,category0
0.8685994,38.443604,2.0,Black,7,1,0.0,category0
0.86,17.286995,2.0,White,0,3,0.0,category0
0.85,13.068774,2.0,Red,0,1,0.0,category0
0.68,38.891525,2.0,White,0,3,0.0,category0
0.9480795,36.55739,3.0,Black,18,4,2.0,category0
0.93,24.525755,3.0,Blue,0,7,2.0,category0
0.48,17.286995,3.0,Brown,0,7,2.0,category0
0.46,13.104935,2.0,White,13,9,1.0,category0
0.85,31.761282,3.0,White,0,1,2.0,category0
0.58,26.645374,2.0,White,0,3,1.0,category0
0.69,20.416132,2.0,Orange Tabby,0,1,0.0,category0
0.8896851,22.329355,3.0,Gray,7,1,2.0,category0
0.66,17.310051,3.0,Brown,12,1,2.0,category0
0.8,19.777899,2.0,Black,7,1,1.0,category0
0.93,47.16783,2.0,Tan,7,1,0.0,category0
0.63,18.247824,3.0,Red,12,1,2.0,category0
0.84,8.695785,3.0,Yellow,0,7,2.0,category0
0.94,30.199203,2.0,Gray,0,1,0.0,category0
0.83,33.50185,3.0,Red,7,1,2.0,category0
0.43181494,14.282014,3.0,Yellow,0,1,2.0,category0
0.18,13.277452,2.0,Brown,13,9,0.0,category0
0.80045635,49.00404,3.0,Black,18,4,2.0,category0
0.58466905,18.59688,2.0,Red,0,5,1.0,category0
0.76,36.123497,0.0,White,0,7,1.0,category0
0.86,35.787212,3.0,Red,0,1,2.0,category0
0.71,11.505519,2.0,Black,13,9,0.0,category0
0.09,48.155087,3.0,Red,18,4,2.0,category0
0.73,32.34984,3.0,Gray,18,4,2.0,category0
0.7164163,30.086922,3.0,Red,0,1,2.0,category0
0.83,11.473766,2.0,Black,0,1,1.0,category0
0.75,6.5664787,2.0,Tricolor,0,1,0.0,category0
0.58096063,8.657934,2.0,Red,0,5,0.0,category0
0.70568025,17.409111,3.0,Tricolor,0,7,2.0,category0
0.67,16.094353,2.0,Red,0,1,0.0,category0
0.15530612,7.2520304,2.0,Black,13,9,0.0,category0
0.61,42.944458,3.0,White,18,4,2.0,category0
0.98,37.24939,3.0,Yellow,0,1,2.0,category0
0.26,7.139957,3.0,White,11,4,2.0,category0
0.9,21.243927,3.0,Red,12,1,2.0,category0
0.98,44.866165,2.0,White,0,3,0.0,category0
0.17,7.7470527,2.0,White,13,9,0.0,category0
0.42,23.519033,3.0,White,0,1,2.0,category0
0.6,33.306072,3.0,Yellow,7,1,2.0,category0
0.85,30.029324,3.0,White,0,1,2.0,category0
0.92,24.785225,3.0,Red,7,1,2.0,category0
0.23,43.23215,3.0,Gray,18,4,2.0,category0
0.93742883,11.240248,2.0,Red,0,1,0.0,category0
0.32,10.812886,3.0,Brown,11,4,2.0,category0
0.79,40.046623,3.0,Yellow,0,1,2.0,category0
0.95,41.17712,3.0,Black,18,4,2.0,category0
0.85,41.912155,3.0,Tan,18,4,2.0,category0
0.77,36.16325,3.0,Gray,0,1,2.0,category0
0.42,27.035385,3.0,White,18,4,2.0,category0
0.27944228,32.12956,3.0,Gray,0,1,2.0,category0
0.8,22.07399,2.0,Red,7,1,0.0,category0
0.32,8.449628,2.0,Black,0,1,1.0,category0
0.6,30.671654,3.0,Red,18,4,2.0,category0
0.41,20.968208,3.0,Red,12,1,2.0,category0
0.86,5.636207,2.0,Tan,0,1,0.0,category0
0.08,15.118939,3.0,Gray,18,4,2.0,category0
0.860487,24.242624,2.0,Red,0,1,1.0,category0
0.098656274,13.1942215,2.0,White,13,9,0.0,category0
0.83,25.045425,3.0,Brown,0,1,2.0,category0
0.47,12.973402,2.0,Black,13,9,0.0,category0
0.98,42.760468,3.0,Red,12,1,2.0,category0
0.88,26.959013,3.0,Yellow,18,4,2.0,category0
0.67,43.960815,3.0,Black,18,4,2.0,category0
0.84,33.429935,3.0,White,7,1,2.0,category0
0.35,38.70574,3.0,Torbie,0,1,2.0,category0
0.11,6.842352,3.0,Gray,18,4,2.0,category0
0.48,37.438248,3.0,White,18,4,2.0,category0
0.81,11.115383,2.0,White,0,3,0.0,category0
0.90111715,30.401146,3.0,Brown,12,1,2.0,category0
0.53,7.676926,2.0,Black,13,9,0.0,category0
0.59,38.565445,3.0,Black,0,1,2.0,category0
0.28008974,31.310469,3.0,Brown,11,4,2.0,category0
0.38,27.445854,3.0,White,0,1,2.0,category0
0.61,24.045189,2.0,Sable,0,1,1.0,category0
0.57,42.052166,3.0,Brown,7,1,2.0,category0
0.21,40.375755,3.0,Brown,0,1,2.0,category0
0.38,6.7977443,2.0,Red,0,1,1.0,category0
0.67,25.142351,3.0,Gray,18,4,2.0,category0
0.9504487,17.17184,2.0,Black,0,1,0.0,category0
0.27,13.331307,3.0,Green,0,1,2.0,category0
0.5,33.24433,3.0,Yellow,0,7,2.0,category0
0.01,37.95822,2.0,Red,13,9,1.0,category0
0.94,13.128434,2.0,Blue,7,1,0.0,category0
0.4,19.766218,3.0,Red,0,1,2.0,category0
0.21170159,12.2031555,3.0,Red,18,4,2.0,category0
0.91882175,18.250174,3.0,Yellow,0,1,2.0,category0
0.38,38.82703,3.0,Red,0,1,2.0,category0
0.66520065,14.035139,3.0,Brown,11,4,2.0,category0
0.68,20.642061,3.0,Red,0,1,2.0,category0
0.57,15.213564,2.0,Brown,13,9,0.0,category0
0.75,19.034395,3.0,Brown,18,4,2.0,category0
0.98966485,41.138626,3.0,Gray,0,1,2.0,category0
0.89,20.925455,2.0,Brown,18,4,1.0,category0
0.84,5.732142,2.0,Red,0,1,1.0,category0
0.9,9.16562,2.0,White,0,1,0.0,category0
0.68,29.737635,3.0,Brown,7,1,2.0,category0
0.46,25.271595,3.0,Gray,0,1,2.0,category0
0.88,38.22353,2.0,Yellow,0,3,1.0,category0
0.36,20.425594,3.0,White,11,4,2.0,category0
0.70139086,32.794403,3.0,Red,0,1,2.0,category0
0.12,44.475582,3.0,Brown,18,4,2.0,category0
0.16,5.72954,3.0,Brown,0,4,2.0,category0
0.84581125,21.917763,2.0,Red,0,1,2.0,category0
0.51,25.901442,3.0,Green,0,1,2.0,category0
0.68,47.472103,2.0,Blue,0,3,0.0,category0
0.84,32.822975,3.0,Gray,0,1,2.0,category0
0.74,10.465085,3.0,Blue,7,1,2.0,category0
0.85,34.111897,3.0,Blue,18,4,2.0,category0
0.32,21.328249,3.0,Tan,0,7,2.0,category0
0.3527399,31.921965,3.0,Black,18,4,2.0,category0
0.77,30.91994,3.0,Yellow,7,1,2.0,category0
0.76,23.121164,2.0,Black,7,1,0.0,category0
0.28,7.2384768,2.0,Brown,13,9,0.0,category0
0.98,6.224243,2.0,Black,0,1,0.0,category0
0.10141514,5.9818325,2.0,White,13,9,1.0,category0
0.84305745,18.052956,3.0,Gray,0,7,2.0,category0
0.25,12.4403,2.0,Black,0,1,0.0,category0
0.56,20.684973,2.0,White,13,9,0.0,category0
0.69,42.234444,3.0,White,18,4,2.0,category0
0.9091826,21.009977,3.0,White,18,4,2.0,category0
0.86,11.968112,3.0,Brown,18,4,2.0,category0
0.65,16.126223,2.0,Sable,13,9,0.0,category0
0.88,17.35327,3.0,White,0,1,2.0,category0
0.6499529,14.732324,2.0,Tan,18,4,1.0,category0
0.24,35.186943,3.0,Brown,18,4,2.0,category0
0.14,8.665828,2.0,White,13,9,0.0,category0
0.83,46.72744,2.0,Black,7,1,1.0,category0
0.19,19.710007,2.0,Brown,7,1,1.0,category0
0.49,10.977435,3.0,Red,0,6,2.0,category0
0.058077097,35.643753,3.0,Black,18,4,2.0,category0
0.72,36.00036,3.0,Red,0,7,2.0,category0
0.41,39.292213,3.0,Gray,18,4,2.0,category0
0.29,23.828375,3.0,Buff,0,1,2.0,category0
0.48,40.774536,2.0,White,0,3,0.0,category0
0.77,14.277435,3.0,Red,7,1,2.0,category0
0.83,36.379116,3.0,Black,18,4,2.0,category0
0.77,9.174742,2.0,Brown Tabby,0,1,0.0,category0
0.64,35.350075,3.0,Blue,7,1,2.0,category0
0.92031413,15.729118,2.0,Black,0,1,1.0,category0
0.31,5.325199,2.0,Blue,1,4,1.0,category0
0.75,29.549604,3.0,Gray,0,1,2.0,category0
0.42,26.492693,3.0,Gray,18,4,2.0,category0
0.33793592,18.284416,3.0,Tricolor,11,4,2.0,category0
0.94,15.653449,3.0,Yellow,7,1,2.0,category0
0.24,47.177944,3.0,Brown Tabby,18,4,2.0,category0
0.35,11.366206,3.0,Red,0,1,2.0,category0
0.8840866,18.005054,2.0,Brown Brindle,0,3,0.0,category0
0.9360584,32.145306,2.0,Gray,13,9,0.0,category0
0.9373683,34.403767,2.0,Green,0,1,0.0,category0
0.22,35.967716,3.0,Red,0,1,2.0,category0
0.38,14.542097,3.0,Black,0,1,2.0,category0
0.8325937,28.847305,2.0,Black,0,1,0.0,category0
0.66681087,16.76598,2.0,Brown,0,1,1.0,category0
0.27,30.019966,3.0,Tricolor,0,1,2.0,category0
0.73,23.060915,3.0,Gray,0,1,2.0,category0
0.47,27.889023,3.0,Black,0,3,2.0,category0
0.42452583,12.229664,3.0,Gray,0,1,2.0,category0
0.72413594,11.0784645,2.0,Brown,13,9,0.0,category0
0.64,34.443913,3.0,Red,0,1,2.0,category0
0.95,25.888906,2.0,Tricolor,0,3,0.0,category0
0.32684278,34.08069,3.0,Blue,7,1,2.0,category0
0.73998636,20.43034,2.0,Tricolor,0,1,1.0,category0
0.15232655,14.165374,3.0,Gray,18,4,2.0,category0
0.41,41.57599,3.0,Sable,0,7,2.0,category0
0.23,45.592926,3.0,Red,7,1,2.0,category0
0.6,29.017046,3.0,Green,7,1,2.0,category0
0.36,26.542662,3.0,Blue,0,3,2.0,category0
0.74,29.639563,2.0,White,0,1,0.0,category0
0.65,37.66974,2.0,Green,7,1,0.0,category0
0.48,12.022168,2.0,White,13,9,0.0,category0
0.62,24.791792,3.0,White,18,4,2.0,category0
0.69220746,22.270098,3.0,Sable,0,1,2.0,category0
0.84,31.789398,2.0,Red,0,1,0.0,category0
0.92055154,8.232855,3.0,White,7,1,2.0,category0
0.06,32.65325,3.0,Gray,18,4,2.0,category0
0.29,15.123087,2.0,White,18,4,1.0,category0
0.59,13.777572,2.0,Blue,0,1,1.0,category0
0.54,25.475853,2.0,White,0,3,0.0,category0
0.50733024,16.533203,3.0,Gray,0,3,2.0,category0
0.97,25.677853,3.0,Gray,0,1,2.0,category0
0.71,39.98122,3.0,Gray,0,1,2.0,category0
0.15,44.943478,2.0,White,0,3,0.0,category0
0.5420728,5.839411,2.0,Black,13,9,1.0,category0
0.7,49.067425,3.0,Black,18,4,2.0,category0
0.99,26.215204,2.0,Red,0,1,0.0,category0
0.26,16.31664,3.0,Yellow,0,1,2.0,category0
0.97943354,37.733456,2.0,Red,7,1,1.0,category0
0.5692308,24.628508,2.0,Tan,0,1,0.0,category0
0.57,41.33768,2.0,Blue,7,1,1.0,category0
0.58,14.246685,3.0,Red,18,4,2.0,category0
0.88,17.26274,3.0,Red,12,1,2.0,category0
0.98,40.64948,3.0,Gray,18,4,2.0,category0
0.9304801,13.123342,2.0,White,0,1,0.0,category0
0.19,17.575342,2.0,Brown,18,4,1.0,category0
0.6968477,33.554497,3.0,White,0,1,2.0,category0
0.58,24.082872,2.0,Brown,13,9,0.0,category0
0.031487215,38.12632,3.0,Gray,18,4,2.0,category0
0.19,7.9694786,3.0,Gray,18,4,2.0,category0
0.5781308,20.347542,2.0,White,13,9,0.0,category0
0.3803033,48.817745,3.0,Black,18,4,2.0,category0
0.62188566,11.903874,3.0,Red,0,1,2.0,category0
0.44,21.32365,3.0,Yellow,7,1,2.0,category0
0.62,5.573478,2.0,Red,0,1,0.0,category0
0.46071127,33.883415,3.0,Gray,0,1,2.0,category0
0.73,21.831715,3.0,Blue,0,3,2.0,category0
0.31,26.054258,3.0,Red,7,1,2.0,category0
0.84,41.74688,3.0,White,0,1,2.0,category0
0.41,20.514557,3.0,Yellow,0,7,2.0,category0
0.94,31.391884,2.0,Black,0,1,0.0,category0
0.68279696,31.14373,3.0,Red,7,1,2.0,category0
0.36,29.035316,3.0,Red,7,1,2.0,category0
0.29821184,20.690493,2.0,White,13,9,0.0,category0
0.3683036,19.896849,3.0,Green,0,1,2.0,category0
0.6,37.076313,2.0,Blue,0,3,0.0,category0
0.892501,26.630148,3.0,Gray,0,1,2.0,category0
0.61718476,25.030943,2.0,Brown,13,9,0.0,category0
0.34,13.144127,2.0,White,13,9,0.0,category0
0.43,9.408039,3.0,Gray,0,7,2.0,category0
0.84,6.1066265,2.0,White,0,1,1.0,category0
0.08,9.861099,2.0,Tan,13,9,0.0,category0
0.7396633,7.9713864,3.0,White,0,1,2.0,category0
0.46,22.44235,2.0,Brown,0,1,1.0,category0
0.41,21.69555,3.0,Tan,0,4,2.0,category0
0.44,31.964775,3.0,White,0,4,2.0,category0
0.73,24.248005,2.0,Cream Tabby,0,1,0.0,category0
0.39,25.901539,3.0,Gray,0,1,2.0,category0
0.35,11.5661335,2.0,Brown,0,1,1.0,category0
0.98,27.473265,2.0,Black,0,1,0.0,category0
0.6,12.704204,2.0,Gray,18,4,1.0,category0
0.17996064,11.062954,2.0,White,7,1,1.0,category0
0.77,18.601667,3.0,Gray,0,1,2.0,category0
0.87,8.564002,3.0,Gray,18,4,2.0,category0
0.84,25.262877,3.0,Gray,18,4,2.0,category0
0.77,47.830498,3.0,Black,18,4,2.0,category0
0.33,11.726812,2.0,Black,18,4,1.0,category0
0.82044655,27.722658,3.0,White,0,7,2.0,category0
0.48,39.065945,2.0,White,7,1,0.0,category0
0.09,8.48001,2.0,Yellow,13,9,0.0,category0
0.13,30.404093,3.0,Tricolor,0,3,2.0,category0
0.96,25.41282,2.0,White,0,1,0.0,category0
0.83,24.353851,3.0,Brown,18,4,2.0,category0
0.51,34.514355,3.0,Red,0,1,2.0,category0
0.99291074,42.972656,2.0,Gray,0,7,0.0,category0
0.57,5.4249215,2.0,Tan,0,1,1.0,category0
0.13,40.176945,3.0,Black,18,4,2.0,category0
0.89,35.709724,2.0,Black,7,1,0.0,category0
0.54,5.979872,2.0,Red,0,4,1.0,category0
0.45,15.972905,2.0,White,13,9,1.0,category0
0.93,38.89304,3.0,Green,7,1,2.0,category0
0.33744302,11.061694,2.0,Black,13,9,0.0,category0
0.47,37.666485,3.0,Red,7,1,2.0,category0
0.5,24.227575,2.0,Black,13,9,0.0,category0
0.6469939,41.472168,3.0,Gray,0,1,2.0,category0
0.22,6.8317056,3.0,Gray,18,4,2.0,category0
0.42,23.434855,3.0,White,0,1,2.0,category0
0.89247185,29.628044,2.0,Green,0,1,1.0,category0
0.47,25.11043,3.0,White,7,1,2.0,category0
0.49,36.669647,2.0,Black,0,3,0.0,category0
0.86399245,34.20233,2.0,Blue,0,1,0.0,category0
0.06,39.061115,3.0,Gray,0,1,2.0,category0
0.57,12.08704,2.0,Brown Brindle,18,4,1.0,category0
0.35,38.977375,3.0,Black,0,1,2.0,category0
0.92,44.853924,2.0,Black,0,3,0.0,category0
0.41,31.83351,2.0,Black,13,9,0.0,category0
0.32586363,32.808163,3.0,Red,12,1,2.0,category0
0.75,38.532745,3.0,Red,0,1,2.0,category0
0.94,17.021523,3.0,Blue,18,4,2.0,category0
0.06,41.93541,3.0,Brown,18,4,2.0,category0
0.53,42.746365,3.0,Tricolor,0,1,2.0,category0
0.8404077,24.340416,3.0,Tricolor,0,1,2.0,category0
0.7732996,30.926872,3.0,Torbie,18,4,2.0,category0
0.8657846,22.487143,2.0,Black,0,1,0.0,category0
0.3,14.765192,3.0,Gray,18,4,2.0,category0
0.59,26.733267,3.0,Black,18,4,2.0,category0
0.6974187,13.415903,2.0,White,0,1,0.0,category0
0.61,18.948866,2.0,White,13,9,0.0,category0
0.95,28.949678,3.0,White,0,1,2.0,category0
0.8422042,30.638824,2.0,White,7,1,0.0,category0
0.24,23.740112,3.0,White,0,1,2.0,category0
0.59,20.175882,3.0,Brown,18,4,2.0,category0
0.59,25.767014,2.0,Chocolate,0,1,0.0,category0
0.89,10.418706,2.0,Blue,0,1,0.0,category0
0.53185314,26.88719,3.0,White,0,1,2.0,category0
0.41,31.885578,3.0,Gray,0,1,2.0,category0
0.8,35.26391,3.0,Black,7,1,2.0,category0
0.41654545,12.0730095,2.0,Blue,18,4,1.0,category0
0.31,30.55314,3.0,Green,0,1,2.0,category0
0.69,22.031994,2.0,White,0,1,0.0,category0
0.79,21.721819,3.0,Gray,18,4,2.0,category0
0.71,46.72842,2.0,White,0,3,0.0,category0
0.8,9.817739,3.0,Red,7,1,2.0,category0
0.53233176,29.520441,3.0,Red,0,1,2.0,category0
0.8858574,44.314865,2.0,Red,0,3,0.0,category0
0.948626,7.483791,3.0,Gray,7,1,2.0,category0
0.57,40.528385,3.0,White,18,4,2.0,category0
0.28,7.697137,2.0,Tan,18,4,1.0,category0
0.94,39.26762,3.0,Yellow,0,1,2.0,category0
0.57,43.47312,3.0,Gray,18,4,2.0,category0
0.8115752,36.35628,2.0,Red,12,1,0.0,category0
0.39,30.724358,3.0,Red,7,1,2.0,category0
0.3,35.58414,3.0,Green,0,1,2.0,category0
0.84,29.478706,3.0,White,11,4,2.0,category0
0.94,18.802038,3.0,Red,12,1,2.0,category0
0.47,32.10855,3.0,Green,0,1,2.0,category0
0.33,19.048878,2.0,White,13,9,0.0,category0
0.55,26.641514,3.0,Yellow,0,1,2.0,category0
0.9,27.154732,3.0,Red,18,4,2.0,category0
0.62,32.5095,3.0,Tricolor,0,4,2.0,category0
0.43,26.932106,2.0,White,0,1,0.0,category0
0.71,40.628628,2.0,Tortie Point,7,1,0.0,category0
0.81,7.400775,3.0,Tricolor,0,7,2.0,category0
0.9002085,26.42881,3.0,Brown,0,1,2.0,category0
0.52,43.14029,3.0,Brown,18,4,2.0,category0
0.61,15.33432,2.0,White,7,1,1.0,category0
0.7795127,26.213745,3.0,Blue,18,4,2.0,category0
0.2,32.036602,2.0,Red,0,1,1.0,category0
0.04,21.183989,2.0,Tan,0,1,0.0,category0
0.96260405,28.579247,3.0,White,0,1,2.0,category0
0.67,5.745821,2.0,White,13,9,0.0,category0
0.62,34.195225,3.0,Gray,0,7,2.0,category0
0.88,11.047752,2.0,Red,0,1,0.0,category0
0.84,31.189058,3.0,Gray,0,1,2.0,category0
0.48,28.90514,3.0,Gray,0,7,2.0,category0
0.85,39.806778,3.0,Green,0,1,2.0,category0
0.75,11.219463,3.0,Gray,13,9,2.0,category0
0.91136545,11.4661665,3.0,Gray,0,3,2.0,category0
0.93,18.722889,2.0,Tan,0,1,0.0,category0
0.51,26.201942,3.0,Yellow,0,1,2.0,category0
0.92,37.230892,2.0,Tricolor,0,1,0.0,category0
0.53,6.7547674,2.0,White,13,9,0.0,category0
0.86,31.602053,3.0,Black,18,4,2.0,category0
0.7793603,40.698483,1.0,White,0,7,0.0,category0
0.70832586,22.709122,3.0,Gray,0,1,2.0,category0
0.7097804,12.0895,2.0,White,0,1,0.0,category0
0.9,23.7593,2.0,Tan,0,1,0.0,category0
0.47,36.115253,3.0,Yellow,0,1,2.0,category0
0.33,20.682552,2.0,White,18,4,0.0,category0
0.5225672,17.482824,2.0,White,0,3,0.0,category0
0.54,19.54228,3.0,Yellow,0,1,2.0,category0
0.75,30.79938,3.0,White,18,4,2.0,category0
0.93,16.73244,3.0,Red,0,1,2.0,category0
0.86,9.364084,3.0,Brown,7,1,2.0,category0
0.99,6.9473596,2.0,White,0,1,0.0,category0
0.86,21.014214,2.0,Black,0,1,0.0,category0
0.47,18.542933,3.0,Gray,11,4,2.0,category0
0.5546001,32.83108,3.0,Gray,0,1,2.0,category0
0.4746689,24.919031,3.0,Tricolor,0,1,2.0,category0
0.89,12.635432,3.0,Red,13,9,2.0,category0
0.2,15.758724,3.0,Gray,0,6,2.0,category0
0.88024956,28.33925,2.0,Tan,0,1,0.0,category0
0.98086286,34.03052,3.0,Black,0,7,2.0,category0
0.82,38.753075,3.0,Gray,0,1,2.0,category0
0.22,7.046826,2.0,White,13,9,1.0,category0
0.71,23.348324,3.0,Tricolor,0,2,2.0,category0
0.8327338,43.95715,2.0,Brown,13,9,0.0,category0
0.31683648,20.28435,3.0,White,0,1,2.0,category0
0.99,40.583977,3.0,Red,0,7,2.0,category0
0.51,15.449648,2.0,Brown,13,9,0.0,category0
0.8,10.186319,2.0,Black,13,9,0.0,category0
0.8,46.495197,3.0,White,0,1,2.0,category0
0.56,33.889618,2.0,Red,0,3,0.0,category0
0.44,8.3271265,2.0,Black,13,9,0.0,category0
0.8,19.507267,3.0,Brown,11,4,2.0,category0
0.81,15.355359,3.0,Red,0,1,2.0,category0
0.4985826,21.196608,3.0,Gray,0,6,2.0,category0
0.91,30.694702,3.0,Gray,0,1,2.0,category0
0.86,23.70792,3.0,Blue,0,3,2.0,category0
0.07,21.892046,3.0,Blue,18,4,2.0,category0
0.31060863,16.562023,2.0,White,13,9,0.0,category0
0.04,10.0912,2.0,Tricolor,0,1,0.0,category0
0.79,45.180836,3.0,Gray,18,4,2.0,category0
0.6,33.49603,2.0,Tricolor,0,1,0.0,category0
0.52,15.808706,3.0,Green,0,6,2.0,category0
0.93648833,32.908348,3.0,White,0,1,2.0,category0
0.96,34.345592,3.0,Red,7,1,2.0,category0
0.79,37.056435,3.0,Red,7,1,2.0,category0
0.58,16.167225,3.0,Gray,0,1,2.0,category0
0.78,30.592016,3.0,Black,18,4,2.0,category0
0.9,24.457047,2.0,Red,0,1,0.0,category0
0.66,19.296803,2.0,Brown,0,1,1.0,category0
0.19,12.3709345,2.0,Black,18,4,1.0,category0
0.22,5.458711,3.0,Gray,18,4,2.0,category0
0.93,6.7441983,2.0,Tricolor,0,1,0.0,category0
0.77,40.81134,3.0,Yellow,7,1,2.0,category0
0.85,30.34797,3.0,Green,0,1,2.0,category0
0.48,16.318644,2.0,Gray,0,1,0.0,category0
0.35,29.770365,3.0,Gray,0,1,2.0,category0
0.04,20.446884,3.0,Gray,18,4,2.0,category0
0.1,8.42817,3.0,Red,18,4,2.0,category0
0.69,18.171661,3.0,Gray,0,1,2.0,category0
0.7,25.829054,3.0,Blue,0,1,2.0,category0
0.25,28.930132,3.0,Yellow,12,1,2.0,category0
0.53,30.803518,3.0,Gray,0,1,2.0,category0
0.36,36.779602,3.0,Pink,18,4,2.0,category0
0.84,34.19783,3.0,Red,0,1,2.0,category0
0.6,22.3646,3.0,Gray,18,4,2.0,category0
0.21,7.2717514,2.0,Black,0,1,0.0,category0
0.85,7.1354055,2.0,Tan,13,9,0.0,category0
0.88,19.034527,3.0,Brown,18,4,2.0,category0
0.55689526,26.971146,3.0,Gray,0,1,2.0,category0
0.06834659,13.439177,2.0,Sable,0,1,0.0,category0
0.33,7.857428,3.0,White,18,4,2.0,category0
0.87,17.522373,2.0,Cream Tabby,0,1,0.0,category0
0.35637617,37.252277,3.0,Black,7,1,2.0,category0
0.33,31.993544,3.0,Sable,0,1,2.0,category0
0.35,26.138588,3.0,Brown,11,4,2.0,category0
0.61,33.1431,2.0,Yellow,0,1,0.0,category0
0.33,33.740643,3.0,Gray,0,1,2.0,category0
0.95,5.53477,2.0,Brown,0,1,0.0,category0
0.62,37.20077,2.0,Gray,0,1,0.0,category0
0.32,31.379566,2.0,Tricolor,7,1,1.0,category0
0.8406492,41.82474,3.0,Black,0,7,2.0,category0
0.55,26.071167,3.0,Red,7,1,2.0,category0
0.6,38.880516,3.0,Blue,0,1,2.0,category0
0.08,21.16451,2.0,Black,0,1,0.0,category0
0.84,17.032486,2.0,Brown,0,1,1.0,category0
0.79,28.26187,3.0,Tan,0,1,2.0,category0
0.13743465,25.65974,3.0,Brown,13,9,2.0,category0
0.5,21.409575,3.0,Yellow,0,1,2.0,category0
0.77308726,41.814472,3.0,Yellow,0,1,2.0,category0
0.48,24.900223,3.0,White,0,1,2.0,category0
0.16,21.781376,3.0,Black,18,4,2.0,category0
0.4648521,21.405605,3.0,Gray,18,4,2.0,category0
0.49,19.089684,3.0,White,0,1,2.0,category0
0.26,17.467873,2.0,Blue,0,1,1.0,category0
0.83,40.712746,3.0,Gray,18,4,2.0,category0
0.75,31.593351,2.0,White,0,1,0.0,category0
0.32,13.6900015,2.0,White,13,9,0.0,category0
0.61,19.779087,3.0,White,0,1,2.0,category0
0.7,49.053673,3.0,Brown,18,4,2.0,category0
0.81,42.74843,3.0,Brown,18,4,2.0,category0
0.3565963,19.333302,3.0,Brown,11,4,2.0,category0
0.76887,5.24981,3.0,White,0,3,2.0,category0
0.49,12.328989,2.0,Black,0,1,0.0,category0
0.7700258,40.257557,3.0,Blue,0,7,2.0,category0
0.7213968,22.568003,3.0,Tricolor,0,1,2.0,category0
0.81,19.168816,3.0,White,0,1,2.0,category0
0.79,11.80032,2.0,Blue,0,1,0.0,category0
0.69,37.94278,2.0,Black,0,3,0.0,category0
0.99,17.55799,3.0,Blue,0,3,2.0,category0
0.17,17.064636,2.0,White,13,9,0.0,category0
0.93,25.21971,2.0,Black,0,1,0.0,category0
0.22,22.119783,3.0,Red,0,1,2.0,category0
0.62066716,7.904284,2.0,White,13,9,1.0,category0
0.27,18.189552,2.0,Tricolor,0,1,0.0,category0
0.88,31.151304,2.0,Black,0,1,0.0,category0
0.9263021,32.77612,2.0,White,0,3,0.0,category0
0.5938688,42.61167,3.0,White,7,1,2.0,category0
0.11,17.511652,3.0,White,0,7,2.0,category0
0.88,40.339355,3.0,Red,13,9,2.0,category0
0.22,7.5846033,3.0,White,0,1,2.0,category0
0.96,38.509308,3.0,Gray,0,1,2.0,category0
0.46,32.02386,3.0,Black,0,7,2.0,category0
0.94,46.415527,3.0,Blue,18,4,2.0,category0
0.66,19.452063,3.0,White,11,3,2.0,category0
0.31,10.229025,2.0,Gray,18,4,1.0,category0
0.92,9.385712,2.0,White,0,1,0.0,category0
0.84,11.871092,2.0,White,0,1,0.0,category0
0.32,31.518284,3.0,Red,12,1,2.0,category0
0.18231022,22.829102,3.0,White,0,7,2.0,category0
0.16628484,10.754365,3.0,Gray,18,4,2.0,category0
0.93,11.583626,2.0,Blue,0,1,0.0,category0
0.5140777,12.542764,2.0,White,13,9,0.0,category0
0.83,32.698696,3.0,Black,0,2,2.0,category0
0.018543715,46.16278,3.0,Black,18,4,2.0,category0
0.94,25.704506,3.0,Gray,18,4,2.0,category0
0.6,21.239668,2.0,Red,0,1,0.0,category0
0.97,9.130558,2.0,Tan,0,1,1.0,category0
0.67,14.059577,3.0,Brown,18,4,2.0,category0
0.93,17.30868,3.0,Yellow,0,1,2.0,category0
0.32,16.79417,3.0,White,0,1,2.0,category0
0.25,32.769566,3.0,Black,18,4,2.0,category0
0.25,12.65303,2.0,Black Brindle,0,1,1.0,category0
0.41,41.616375,3.0,Red,12,1,2.0,category0
0.45,33.237106,2.0,Gray,18,4,0.0,category0
0.8,5.924089,2.0,Sable,13,9,0.0,category0
0.31363475,33.523273,3.0,Red,0,1,2.0,category0
0.30606386,27.749037,3.0,Green,0,1,2.0,category0
0.7065418,25.41731,2.0,Brown,13,9,0.0,category0
0.83,17.297287,2.0,Blue,0,1,0.0,category0
0.59,27.06116,3.0,Brown,0,1,2.0,category0
0.76,40.51549,3.0,Red,0,1,2.0,category0
0.8158309,13.096756,2.0,Black,0,1,1.0,category0
0.44,46.435368,3.0,Orange,18,4,2.0,category0
0.44,7.582537,2.0,Black,13,9,0.0,category0
0.62,21.649168,3.0,Brown,0,1,2.0,category0
0.22,22.327873,3.0,Tan,0,1,2.0,category0
0.296124,21.722086,3.0,Brown,18,4,2.0,category0
0.2,28.872454,2.0,Brown,13,9,0.0,category0
0.65,20.948807,2.0,White,13,9,0.0,category0
0.66,15.484418,2.0,Brown Brindle,0,1,0.0,category0
0.73,28.773594,3.0,Red,0,1,2.0,category0
0.22962512,23.803177,3.0,Gray,0,1,2.0,category0
0.37,11.009686,2.0,White,13,9,1.0,category0
0.43742505,12.205653,2.0,Blue Tabby,13,9,0.0,category0
0.93569505,12.577339,2.0,White,0,1,0.0,category0
0.11,46.46202,3.0,Brown,18,4,2.0,category0
0.68,11.552865,3.0,Gray,0,7,2.0,category0
0.75,20.505322,3.0,Brown,0,7,2.0,category0
0.8151074,32.15351,3.0,White,18,4,2.0,category0
0.77,18.72986,2.0,Brown Brindle,0,1,0.0,category0
0.37,27.806492,3.0,Red,12,1,2.0,category0
0.41,16.502504,3.0,Red,11,4,2.0,category0
0.79,39.198383,3.0,Black,18,4,2.0,category0
0.29654804,19.810316,2.0,Brown,13,9,0.0,category0
0.23,11.425449,2.0,Black,13,9,0.0,category0
0.95,24.290453,2.0,Black,0,1,0.0,category0
0.99,35.97377,3.0,Red,0,7,2.0,category0
0.76,22.926628,2.0,Red,0,1,1.0,category0
0.78,7.723015,2.0,Red,18,4,1.0,category0
0.73,14.796517,2.0,Black,13,9,0.0,category0
0.36,22.53726,3.0,Yellow,0,1,2.0,category0
0.48879275,34.328785,3.0,Red,0,1,2.0,category0
0.94,20.442198,2.0,Red,0,1,2.0,category0
0.5363119,10.170524,2.0,Red,0,1,0.0,category0
0.32,42.698658,3.0,Yellow,0,7,2.0,category0
0.4,15.780396,3.0,Red,0,1,2.0,category0
0.5998158,40.209293,2.0,Gray,18,4,1.0,category0
0.75,44.612118,3.0,Cream Tabby,18,4,2.0,category0
0.6,25.757034,3.0,Red,0,1,2.0,category0
0.88,15.810951,3.0,Brown,11,4,2.0,category0
0.12,13.877633,2.0,White,0,3,1.0,category0
0.7,43.976,3.0,Yellow,7,1,2.0,category0
0.89,11.824626,3.0,Brown,18,4,2.0,category0
0.69,33.51933,2.0,Red,0,1,0.0,category0
0.81,28.939943,3.0,Gray,0,1,2.0,category0
0.060709737,12.817743,2.0,Black,0,4,1.0,category0
0.915663,46.432022,2.0,Tan,7,1,0.0,category0
0.3,18.806116,2.0,White,0,1,0.0,category0
0.41,9.210576,3.0,Gray,18,4,2.0,category0
0.94,37.490635,3.0,Gray,0,1,2.0,category0
0.9440008,35.95503,3.0,Gray,0,1,2.0,category0
0.98,27.008385,3.0,Blue,0,1,2.0,category0
0.8,29.677643,3.0,Brown,18,4,2.0,category0
0.4775889,22.419752,3.0,Red,0,1,2.0,category0
0.29,31.566372,3.0,White,12,1,2.0,category0
0.97,21.41764,2.0,Gray,0,1,1.0,category0
0.64,25.177101,3.0,Gray,18,4,2.0,category0
0.42,19.640285,3.0,White,0,1,2.0,category0
0.9,34.780693,3.0,Red,0,1,2.0,category0
0.9454981,37.71391,2.0,White,0,3,0.0,category0
0.96,18.479483,2.0,Brown,0,1,0.0,category0
0.8458724,18.946594,3.0,Gray,12,1,2.0,category0
0.73,18.332548,2.0,White,13,9,0.0,category0
0.72,20.841211,3.0,White,13,9,2.0,category0
0.58,35.15516,2.0,Red,11,4,1.0,category0
0.5,43.06079,2.0,Blue,0,3,0.0,category0
0.65,25.155119,3.0,Red,0,1,2.0,category0
0.88,12.602494,2.0,White,0,1,0.0,category0
0.21,20.585999,3.0,Yellow,0,1,2.0,category0
0.3,20.050148,2.0,White,0,1,1.0,category0
0.72,10.076702,3.0,Red,7,1,2.0,category0
0.8,23.757164,3.0,Yellow,7,1,2.0,category0
0.73,27.439568,3.0,White,0,1,2.0,category0
0.89,39.437466,3.0,Black,18,4,2.0,category0
0.27018407,31.545376,2.0,White,0,3,1.0,category0
0.95,46.708942,2.0,White,0,3,0.0,category0
0.9600875,39.76708,3.0,Red,0,7,2.0,category0
0.93,18.209112,2.0,Black,0,1,0.0,category0
0.89,16.763098,3.0,Red,12,1,2.0,category0
0.28,12.0588045,2.0,Brown,13,9,0.0,category0
0.8,12.022732,2.0,White,18,4,1.0,category0
0.8051029,30.027514,3.0,Gray,0,1,2.0,category0
0.85,12.743125,3.0,Yellow,7,1,2.0,category0
0.22,39.353725,3.0,Yellow,0,1,2.0,category0
0.8968535,26.52564,3.0,Gray,0,1,2.0,category0
0.2,20.246063,2.0,Brown Brindle,18,4,0.0,category0
0.35,19.939209,3.0,White,0,1,2.0,category0
0.83672893,15.621011,3.0,Orange Tabby,0,1,2.0,category0
0.84,18.238497,3.0,Gray,0,1,2.0,category0
0.9,43.98499,3.0,White,0,3,2.0,category0
0.81,28.259718,2.0,White,0,1,0.0,category0
0.86,12.438199,2.0,Red,0,1,0.0,category0
0.65695274,19.74292,3.0,Gray,0,1,2.0,category0
0.98,46.292957,3.0,White,7,1,2.0,category0
0.85,29.07035,2.0,Black,0,1,0.0,category0
0.76422876,33.529507,2.0,Sable,7,1,1.0,category0
0.92,21.125597,2.0,Cream Tabby,0,1,0.0,category0
0.99,21.007753,2.0,Black,0,1,0.0,category0
0.56,40.147617,2.0,Black,7,1,0.0,category0
0.85,20.698734,2.0,Blue,0,1,0.0,category0
0.89,37.80918,3.0,Brown,11,4,2.0,category0
0.69,16.303474,3.0,Gray,18,4,2.0,category0
0.92,14.548683,2.0,White,0,1,0.0,category0
0.09,7.041916,2.0,Black,13,9,1.0,category0
0.94,30.650337,3.0,Red,7,1,2.0,category0
0.35,25.29697,2.0,Red,0,1,0.0,category0
0.92,38.118847,3.0,Tricolor,0,1,2.0,category0
0.95559984,28.224367,2.0,Black,0,1,0.0,category0
0.04,38.490524,3.0,Brown,18,4,2.0,category0
0.9271522,30.753046,3.0,Yellow,7,1,2.0,category0
0.15120876,37.68052,3.0,White,0,1,2.0,category0
0.79,40.911705,3.0,Gray,0,6,2.0,category0
0.5,16.585125,2.0,Brown,13,9,0.0,category0
0.5435612,11.126413,2.0,Brown,0,1,0.0,category0
0.72,28.387064,3.0,Blue,0,1,2.0,category0
0.9,22.681,2.0,Tan,7,1,0.0,category0
0.63669544,23.809809,3.0,Red,0,1,2.0,category0
0.76,10.143373,3.0,Red,0,7,2.0,category0
0.21,31.546328,3.0,Tricolor,0,1,2.0,category0
0.41,12.121751,2.0,White,13,9,0.0,category0
0.95,16.47676,2.0,White,0,1,0.0,category0
0.31996986,32.39827,3.0,Yellow,0,1,2.0,category0
0.45,16.136305,3.0,Red,12,1,2.0,category0
0.9012801,31.841215,3.0,Black,7,1,2.0,category0
0.1,17.721945,2.0,Black,0,1,0.0,category0
0.72,32.74077,2.0,White,0,1,0.0,category0
0.81,33.229977,2.0,Chocolate,0,1,0.0,category0
0.38,37.958424,2.0,Orange,13,9,0.0,category0
0.54,35.27063,2.0,Black,0,3,0.0,category0
0.58,10.794618,2.0,Blue,0,1,1.0,category0
0.7,28.939188,3.0,Gray,18,4,2.0,category0
0.75,41.39432,3.0,White,0,1,2.0,category0
0.59,14.858209,3.0,Gray,0,1,2.0,category0
0.27,28.202654,3.0,Red,7,1,2.0,category0
0.55,21.965918,2.0,Red,0,1,1.0,category0
0.24,26.985874,2.0,Brown Brindle,7,1,1.0,category0
0.52,35.768135,2.0,Gray,18,4,1.0,category0
0.49,15.365778,3.0,Gray,0,1,2.0,category0
0.9924015,12.507751,3.0,Blue,0,7,2.0,category0
0.48299068,25.14235,2.0,Red,0,1,2.0,category0
0.5953285,26.900963,3.0,Gray,0,7,2.0,category0
0.89280087,25.204779,3.0,Red,0,1,2.0,category0
0.4045193,35.28315,3.0,Red,0,1,2.0,category0
0.83,10.865495,2.0,Black,7,1,0.0,category0
0.28,11.409007,2.0,Blue,0,3,0.0,category0
0.8,19.179173,3.0,White,7,1,2.0,category0
0.9,37.937714,3.0,White,0,7,2.0,category0
0.33906972,38.885803,3.0,White,0,7,2.0,category0
0.23167172,47.004234,3.0,Black,18,4,2.0,category0
0.32,12.121904,2.0,Black,0,1,0.0,category0
0.4879558,28.950848,3.0,White,18,4,2.0,category0
0.78,31.466845,2.0,Red,0,1,0.0,category0
0.9,23.698885,3.0,Red,0,1,2.0,category0
0.47,38.06225,3.0,Blue,11,4,2.0,category0
0.81227773,49.429466,3.0,Red,7,1,2.0,category0
0.88,13.735706,2.0,Brown,0,1,0.0,category0
0.63,14.382907,2.0,Brown,13,9,0.0,category0
0.95,39.67242,2.0,Black,0,1,0.0,category0
0.44,11.407778,2.0,Tricolor,0,1,1.0,category0
0.85,26.08905,3.0,Red,0,7,2.0,category0
0.33,32.96193,3.0,Tricolor,0,1,2.0,category0
0.69,42.840866,2.0,Green,7,1,0.0,category0
0.9579648,26.102205,2.0,Blue,0,1,0.0,category0
0.14827189,31.321325,2.0,Brown,18,4,1.0,category0
0.04,16.21973,3.0,Gray,18,4,2.0,category0
0.34,8.738215,2.0,Black,0,1,1.0,category0
0.52852666,13.711483,3.0,Gray,0,7,2.0,category0
0.54,20.880627,3.0,Blue,0,1,2.0,category0
0.34,36.10025,3.0,Black,18,4,2.0,category0
0.48,8.458666,2.0,Black,0,1,1.0,category0
0.86,17.146784,2.0,Brown,0,4,0.0,category0
0.17,5.62129,3.0,Red,13,9,2.0,category0
0.27,21.148867,2.0,Red,13,9,0.0,category0
0.5507937,10.468238,2.0,Black,13,9,0.0,category0
0.91,49.29046,2.0,White,0,3,0.0,category0
0.98,19.996008,3.0,Brown,13,9,2.0,category0
0.73,29.659603,3.0,White,12,1,2.0,category0
0.28,25.12839,3.0,Tan,0,1,2.0,category0
0.52,12.400739,2.0,Sable,0,3,0.0,category0
0.88,24.386496,3.0,White,7,1,2.0,category0
0.2836162,15.701294,3.0,Gray,18,4,2.0,category0
0.93,13.133869,3.0,Gray,7,1,2.0,category0
0.12,9.2764015,2.0,Black,18,4,1.0,category0
0.5266098,29.596895,3.0,Brown,13,9,2.0,category0
0.96,9.1837845,2.0,Tricolor,0,1,0.0,category0
0.75,44.466633,3.0,Black,18,4,2.0,category0
0.49,9.688899,2.0,Black,18,4,1.0,category0
0.79,37.77235,3.0,Brown,11,4,2.0,category0
0.5446404,31.582462,3.0,Green,0,1,2.0,category0
0.65,12.104325,2.0,Black,13,9,0.0,category0
0.23,17.65409,3.0,Gray,0,1,2.0,category0
0.66,38.247734,3.0,Brown,11,4,2.0,category0
0.83,7.242934,3.0,Red,7,1,2.0,category0
0.95,42.3654,3.0,White,7,1,2.0,category0
0.11,21.14733,2.0,Tan,0,1,0.0,category0
0.46053934,7.8546515,3.0,Yellow,0,1,2.0,category0
0.93,21.371088,2.0,Black,0,1,0.0,category0
0.49,8.659356,2.0,White,13,9,0.0,category0
0.97,21.535587,3.0,Gray,0,1,2.0,category0
0.77658176,21.33145,3.0,White,0,1,2.0,category0
0.51,25.364485,2.0,Blue,7,1,0.0,category0
0.24,34.945362,2.0,Brown,13,9,0.0,category0
0.58392906,33.51501,3.0,Gray,0,1,2.0,category0
1.0,6.0243235,3.0,White,0,1,2.0,category0
0.92314595,38.583614,3.0,Red,0,1,2.0,category0
0.48,18.749949,2.0,Tricolor,0,3,0.0,category0
0.99,32.181168,3.0,Red,0,1,2.0,category0
0.20397824,5.6373367,2.0,Brown,13,9,1.0,category0
0.74,30.77606,3.0,Gray,0,1,2.0,category0
0.85,21.070133,2.0,Red,7,1,0.0,category0
0.47,33.475044,3.0,White,0,1,2.0,category0
0.21629016,16.427942,2.0,Brown,18,4,1.0,category0
0.89,43.58075,3.0,Tan,18,4,2.0,category0
0.22219424,23.727306,3.0,Gray,0,7,2.0,category0
0.56,19.74209,3.0,White,7,1,2.0,category0
0.98,21.134453,3.0,Green,7,1,2.0,category0
0.58,10.168548,2.0,Red,12,1,1.0,category0
0.57,13.999641,2.0,Brown,13,9,0.0,category0
0.59,17.027996,2.0,White,13,9,0.0,category0
0.88,32.829456,2.0,Apricot,0,1,0.0,category0
0.56,28.073257,3.0,Tan,0,1,2.0,category0
0.2407258,29.329176,3.0,Orange Tabby,18,4,2.0,category0
0.81,40.535454,3.0,Red,7,1,2.0,category0
0.5192987,46.98462,3.0,Gray,18,4,2.0,category0
0.9101914,22.045332,3.0,Gray,0,1,2.0,category0
0.64,23.439184,3.0,Red,0,1,2.0,category0
0.92,8.361834,2.0,Black,0,1,0.0,category0
0.81,7.621589,3.0,Gray,0,1,2.0,category0
0.27679726,23.039076,3.0,Gray,18,4,2.0,category0
0.28,38.033188,3.0,Red,0,1,2.0,category0
0.01,39.128986,3.0,Gray,18,4,2.0,category0
0.23,39.493332,3.0,Gray,18,4,2.0,category0
0.66,12.793573,3.0,Red,0,1,2.0,category0
0.5930969,20.44221,3.0,Tricolor,18,4,2.0,category0
0.43,8.00644,2.0,White,13,9,1.0,category0
0.31,13.903519,3.0,Gray,18,4,2.0,category0
0.68,18.82026,2.0,Red,11,4,1.0,category0
0.54,35.635418,3.0,Red,0,1,2.0,category0
0.22808062,14.146952,2.0,Red,13,9,0.0,category0
0.46225992,17.285667,3.0,Tan,0,1,2.0,category0
0.94,26.536402,2.0,Black,0,1,1.0,category0
0.87,35.652737,3.0,Tan,18,4,2.0,category0
0.79,13.492035,3.0,Green,0,1,2.0,category0
0.99,23.548813,3.0,Gray,0,1,2.0,category0
0.11289901,14.874064,3.0,Gray,11,4,2.0,category0
0.7,44.75374,3.0,Brown,0,1,2.0,category0
0.41,19.826824,3.0,Gray,0,1,2.0,category0
0.74,30.539288,3.0,White,0,7,2.0,category0
0.59,7.026621,0.0,Red,0,1,1.0,category0
0.21670073,36.53213,3.0,Red,0,1,2.0,category0
0.61,43.7079,3.0,Red,7,1,2.0,category0
0.24,33.607998,2.0,Gray,18,4,0.0,category0
0.4,7.7925286,2.0,Black,18,4,1.0,category0
0.54,42.913803,3.0,Brown,18,4,2.0,category0
0.96,44.409836,3.0,Red,0,1,2.0,category0
0.26,25.193653,3.0,Gray,0,3,2.0,category0
0.744625,5.552009,3.0,White,11,4,2.0,category0
0.83,14.029883,3.0,Gray,0,1,2.0,category0
0.07,24.735573,3.0,Gray,18,4,2.0,category0
0.65926975,29.863796,2.0,Cream Tabby,0,1,0.0,category0
0.97201693,29.839752,3.0,Black,18,4,2.0,category0
0.56225926,26.774073,3.0,Gray,0,1,2.0,category0
0.75,7.8271594,2.0,White,13,9,0.0,category0
0.69,12.229733,3.0,Tan,7,1,2.0,category0
0.94,11.520813,3.0,White,0,1,2.0,category0
0.05,27.776934,3.0,Gray,18,4,2.0,category0
0.88,10.922573,2.0,Yellow,7,1,0.0,category0
0.65,28.728079,2.0,Orange Tabby,0,1,0.0,category0
0.5,29.768827,3.0,Green,0,1,2.0,category0
0.39,20.476345,3.0,Red,0,1,2.0,category0
0.59,39.57867,3.0,Tricolor,18,4,2.0,category0
0.31,13.063141,2.0,Black,18,4,1.0,category0
0.66,28.947748,3.0,Red,7,1,2.0,category0
0.36,13.529105,2.0,White,0,1,0.0,category0
0.59,37.97639,3.0,Yellow,0,7,2.0,category0
0.29,36.055347,3.0,Brown,13,9,2.0,category0
0.8065279,9.293375,3.0,Yellow,7,1,2.0,category0
0.25,28.495335,3.0,Gray,0,7,2.0,category0
0.72,6.3971343,2.0,Black,13,9,0.0,category0
0.8,15.737914,3.0,Gray,18,4,2.0,category0
0.61,12.850961,2.0,White,13,9,0.0,category0
0.61,20.663734,3.0,Red,0,1,2.0,category0
0.82,6.196715,2.0,Black,0,1,0.0,category0
0.68,42.891594,3.0,Black,18,4,2.0,category0
0.84,40.085144,2.0,White,7,1,0.0,category0
0.28,14.387589,2.0,Tan,0,1,0.0,category0
0.76,37.655598,3.0,Red,0,1,2.0,category0
0.56359786,36.747818,3.0,Red,12,1,2.0,category0
0.32,45.47435,3.0,Gray,11,4,2.0,category0
0.8226927,38.21951,3.0,White,7,1,2.0,category0
0.31,27.634378,3.0,Red,0,1,2.0,category0
0.9713971,20.364294,2.0,Blue,0,1,1.0,category0
0.6,27.084179,3.0,Tricolor,7,1,2.0,category0
0.85,17.62971,3.0,Red,0,1,2.0,category0
0.39,10.273191,2.0,Red,0,1,0.0,category0
0.52,8.640258,2.0,Brown,13,9,0.0,category0
0.3707213,6.1371503,3.0,Brown,13,9,2.0,category0
0.6788203,20.680206,3.0,Red,0,1,2.0,category0
0.1659876,20.213804,2.0,White,13,9,0.0,category0
0.19,20.525496,3.0,Yellow,0,1,2.0,category0
0.43,43.666218,3.0,Black,18,4,2.0,category0
0.7895979,30.770094,3.0,Green,7,1,2.0,category0
0.51,26.59487,2.0,Gray,11,4,1.0,category0
0.95,45.77401,3.0,Gray,0,7,2.0,category0
0.57,36.209995,3.0,White,0,3,2.0,category0
0.89,31.790506,3.0,White,0,1,2.0,category0
0.57,22.421082,3.0,Gray,0,1,2.0,category0
0.82693034,17.456442,2.0,Black,0,1,0.0,category0
0.920325,24.402086,3.0,Red,0,1,2.0,category0
0.36985418,27.873718,3.0,Green,0,1,2.0,category0
0.64,11.53465,2.0,Tan,13,9,0.0,category0
0.49856475,7.3183794,2.0,White,13,9,0.0,category0
0.9,34.587746,2.0,White,0,3,0.0,category0
0.44517574,12.549872,3.0,Red,0,1,2.0,category0
0.91084015,21.486422,3.0,Gray,18,4,2.0,category0
0.5,15.697545,2.0,Brown,13,9,0.0,category0
0.66,30.377869,2.0,Tan,7,1,1.0,category0
0.79,28.050943,2.0,White,0,3,0.0,category0
0.67,34.87859,3.0,Black,18,4,2.0,category0
0.46,23.19074,2.0,Black,0,1,0.0,category0
0.68,10.612373,3.0,Gray,11,4,2.0,category0
0.55,12.615172,2.0,Black,0,1,0.0,category0
0.3,39.558155,3.0,White,7,1,2.0,category0
0.94,26.671728,3.0,Red,0,1,2.0,category0
0.98663634,24.068659,3.0,Gray,0,7,2.0,category0
0.36,5.3203883,2.0,Brown,13,9,0.0,category0
0.73,5.4724813,3.0,Brown,0,7,2.0,category0
0.79,10.033531,2.0,Brown,13,9,0.0,category0
0.82,18.379858,2.0,White,13,9,0.0,category0
0.74,41.017273,3.0,Brown,18,4,2.0,category0
0.06,16.019556,2.0,Brown,0,1,0.0,category0
0.26,15.18248,3.0,Red,18,4,2.0,category0
0.33,26.110165,3.0,Gray,0,1,2.0,category0
0.73,20.08342,3.0,Yellow,7,1,2.0,category0
0.73,17.30602,3.0,Blue,0,7,2.0,category0
0.85,44.301952,3.0,Gray,0,1,2.0,category0
0.23,16.689283,2.0,White,13,9,0.0,category0
0.037244547,6.237895,2.0,Tricolor,13,9,1.0,category0
0.6348157,29.39069,3.0,White,12,1,2.0,category0
0.81,21.737078,2.0,Black,0,1,1.0,category0
0.6,45.374466,2.0,Yellow,0,3,0.0,category0
0.7264766,26.239008,3.0,Black,18,4,2.0,category0
0.9,7.3207555,2.0,Green,0,1,1.0,category0
0.07,12.149232,2.0,White,0,1,0.0,category0
0.93,15.674993,2.0,Tan,0,1,0.0,category0
0.56,21.559994,2.0,Chocolate,18,4,1.0,category0
0.4,24.405737,3.0,Yellow,0,1,2.0,category0
0.97,35.887505,3.0,White,0,1,2.0,category0
0.21,17.23267,3.0,Red,11,4,2.0,category0
0.8454473,21.971222,3.0,White,0,1,2.0,category0
0.0,18.326567,2.0,Brown,18,4,1.0,category0
0.16,17.67483,3.0,Gray,0,1,2.0,category0
0.36,13.825593,3.0,Gray,0,4,2.0,category0
0.8,22.091778,1.0,White,12,1,0.0,category0
0.19,22.443302,3.0,White,0,1,2.0,category0
0.31606573,9.99079,2.0,Tricolor,13,9,1.0,category0
0.8,5.3398514,3.0,Red,0,1,0.0,category0
0.3,43.194157,3.0,Brown,13,9,2.0,category0
0.63,23.717834,3.0,White,0,6,2.0,category0
0.33,49.47271,3.0,Brown,18,4,2.0,category0
0.21,37.426064,3.0,Black,18,4,2.0,category0
0.42,9.033209,2.0,Black,11,4,1.0,category0
0.85,34.029064,3.0,Gray,12,1,2.0,category0
0.69,13.844581,2.0,Tan,0,1,0.0,category0
0.6556883,13.5397,2.0,Black,0,1,1.0,category0
0.75,23.578592,3.0,Tan,0,7,2.0,category0
0.84,15.364705,2.0,White,0,1,1.0,category0
0.58,18.824526,3.0,Brown,11,4,2.0,category0
0.52,15.246451,2.0,Flame Point,13,9,0.0,category0
0.4,25.436203,2.0,White,7,1,0.0,category0
0.28,30.941765,3.0,Gray,0,1,2.0,category0
0.84,40.999294,3.0,Brown,13,9,2.0,category0
0.97,25.273756,3.0,Yellow,12,1,2.0,category0
0.76,11.741647,2.0,Gray,13,9,0.0,category0
0.09,23.697449,2.0,Brown,18,4,1.0,category0
0.85,32.00998,3.0,White,0,1,2.0,category0
0.53,30.594395,2.0,White,0,3,0.0,category0
0.23,33.116486,3.0,Yellow,0,1,2.0,category0
0.39,21.031883,3.0,Black,18,4,2.0,category0
0.84,24.907438,3.0,Brown,18,4,2.0,category0
0.57,30.013786,2.0,Brown,13,9,0.0,category0
0.74,34.89849,3.0,Gray,0,1,2.0,category0
0.26906404,32.04913,3.0,Gray,0,1,2.0,category0
0.83797544,46.426125,3.0,Black,18,4,2.0,category0
0.29,43.18648,3.0,Black,0,1,2.0,category0
0.9,39.172215,3.0,Black,18,4,2.0,category0
0.77,33.580185,2.0,Gray,0,3,1.0,category0
0.49,44.832275,2.0,Blue,7,1,0.0,category0
0.81,31.988483,3.0,White,0,1,2.0,category0
0.97,26.327997,3.0,Gray,0,1,2.0,category0
0.61,42.824707,3.0,Blue,7,1,2.0,category0
0.71,24.174774,3.0,Black,18,4,2.0,category0
0.83,40.862717,2.0,Sable,18,4,1.0,category0
0.8254824,10.645215,3.0,Gray,18,4,2.0,category0
0.55,17.854826,3.0,Tricolor,11,4,2.0,category0
0.66,10.457059,3.0,Red,13,9,2.0,category0
0.49,26.586388,3.0,Black,18,4,2.0,category0
0.72,17.242,2.0,Black,0,1,0.0,category0
0.69,8.515985,2.0,Black,0,1,0.0,category0
0.95,16.871185,2.0,Blue,0,1,0.0,category0
0.36,29.726362,3.0,Red,0,1,2.0,category0
0.29,48.459335,3.0,Yellow,15,4,2.0,category0
0.88,10.278435,2.0,White,18,4,1.0,category0
0.69,16.344976,2.0,White,13,9,0.0,category0
0.88578707,16.935316,2.0,Black,0,1,0.0,category0
0.99,40.574715,3.0,Green,0,7,2.0,category0
0.11,7.868953,2.0,Brown,0,1,0.0,category0
0.74823326,11.671345,2.0,Black,13,9,0.0,category0
0.7,35.787075,3.0,Black,0,1,2.0,category0
0.55,13.6089735,3.0,White,0,1,2.0,category0
0.6,29.899023,3.0,Black,18,4,2.0,category0
0.18,48.65256,3.0,Red,12,1,2.0,category0
0.82,20.747517,3.0,Blue,0,3,2.0,category0
0.95,25.720484,3.0,Red,7,1,2.0,category0
0.85,46.221535,3.0,Cream Tabby,18,4,2.0,category0
0.72,32.41533,2.0,Red,0,1,2.0,category0
0.32,12.452174,2.0,Tan,0,1,1.0,category0
0.3,28.125593,3.0,Red,0,1,2.0,category0
0.75,30.640854,2.0,Gray,18,4,1.0,category0
0.17,9.459872,3.0,Blue,7,1,2.0,category0
0.26,20.408222,2.0,Sable,0,1,0.0,category0
0.93,14.255203,3.0,Gray,18,4,2.0,category0
0.32,37.055454,3.0,White,0,1,2.0,category0
0.67,47.586468,3.0,Brown,18,4,2.0,category0
0.52,31.980225,3.0,Yellow,7,1,2.0,category0
0.50210947,28.133383,2.0,Red,0,1,1.0,category0
0.93,35.096035,3.0,Red,12,1,2.0,category0
0.75,15.763497,2.0,Black,0,1,1.0,category0
0.4284894,27.684347,3.0,Yellow,0,1,2.0,category0
0.79,12.124761,3.0,Yellow,7,1,2.0,category0
0.67,24.301321,3.0,Black,18,4,2.0,category0
0.62,7.103639,2.0,Tan,13,9,0.0,category0
0.49,46.114677,3.0,Brown,7,2,2.0,category0
0.69,23.203045,3.0,Tricolor,0,7,2.0,category0
0.26,5.4704795,2.0,White,13,9,0.0,category0
0.81,15.626862,3.0,Gray,18,4,2.0,category0
0.11,13.013092,2.0,White,13,9,0.0,category0
0.9,19.640856,3.0,Red,0,1,2.0,category0
0.96,21.149149,3.0,Gray,0,7,2.0,category0
0.77441454,21.802866,3.0,Blue,11,4,2.0,category0
0.82,8.35412,2.0,Black,18,4,1.0,category0
0.89,48.5413,3.0,Gray,0,7,2.0,category0
0.65,13.387284,3.0,Gray,18,4,2.0,category0
0.22,6.208176,2.0,Black,13,9,0.0,category0
0.6117052,45.62584,2.0,White,7,1,1.0,category0
0.79,10.197392,3.0,Yellow,7,1,2.0,category0
0.35514382,12.204173,2.0,White,13,9,1.0,category0
0.63,44.559574,3.0,Green,0,1,2.0,category0
0.93,37.73246,3.0,Yellow,0,7,2.0,category0
0.65,14.520933,2.0,Gray,0,1,0.0,category0
0.78,32.786953,2.0,Gray Tabby,0,1,0.0,category0
0.93,18.565697,2.0,Brown,0,1,0.0,category0
0.06,11.124729,2.0,Black,0,1,0.0,category0
0.53,28.327795,3.0,Black,11,4,2.0,category0
0.8,29.916813,3.0,Gray,0,7,2.0,category0
0.89,26.535122,3.0,Gray,18,4,2.0,category0
0.58,7.1294994,2.0,Black,0,1,0.0,category0
0.56,16.181036,3.0,Gray,0,1,2.0,category0
0.75,23.501686,3.0,Blue,0,1,2.0,category0
0.72,22.878271,3.0,Gray,0,1,2.0,category0
0.59,15.195819,2.0,Tan,0,1,0.0,category0
0.72,26.930752,2.0,Red,0,1,0.0,category0
0.27,6.783837,2.0,White,13,9,0.0,category0
0.86,16.082684,3.0,Black,18,4,2.0,category0
0.95811945,15.530517,2.0,White,0,1,1.0,category0
0.89,15.30343,2.0,Red,0,1,1.0,category0
0.51,37.85727,2.0,Black,0,1,0.0,category0
0.8,14.693832,2.0,Brown,0,1,0.0,category0
0.09961685,25.239458,3.0,Black,11,4,2.0,category0
0.88,27.14896,3.0,White,18,4,2.0,category0
0.79419875,31.122059,3.0,Red,0,1,2.0,category0
0.52896285,24.524239,3.0,Gray,0,1,2.0,category0
0.5,5.4771633,2.0,Red,0,1,0.0,category0
0.25,35.13768,2.0,Black,7,1,0.0,category0
0.72,8.062929,2.0,White,0,3,0.0,category0
0.96,46.49793,2.0,White,0,3,0.0,category0
0.82,26.916666,3.0,Brown,18,4,2.0,category0
0.35,26.781359,3.0,Tricolor,18,4,2.0,category0
0.64,28.897377,2.0,Gray,18,4,1.0,category0
0.06,20.222776,2.0,Black,0,1,0.0,category0
0.25,10.902972,2.0,White,13,9,0.0,category0
0.89,20.93833,2.0,Black,0,1,0.0,category0
0.08,33.087273,3.0,Red,0,1,2.0,category0
0.23,16.421326,3.0,Red,13,9,2.0,category0
0.45,41.71358,3.0,Yellow,0,1,2.0,category0
0.46,36.038643,3.0,Tricolor,0,7,2.0,category0
0.95,38.87091,3.0,Gray,0,1,2.0,category0
0.72,45.599937,3.0,White,13,9,2.0,category0
0.59,6.545587,2.0,Tan,18,4,1.0,category0
0.82,20.112385,3.0,Red,0,2,2.0,category0
0.81,32.691288,3.0,Black,11,4,2.0,category0
0.99,11.303407,3.0,Tricolor,0,1,2.0,category0
0.41,12.864911,2.0,White,13,9,0.0,category0
0.65,47.385967,3.0,Tan,0,1,2.0,category0
0.13,44.717278,3.0,Brown,18,4,2.0,category0
0.65,10.473338,3.0,White,0,6,2.0,category0
0.43,29.530684,2.0,Black,7,1,1.0,category0
0.63,19.536377,3.0,White,7,1,2.0,category0
0.61,16.705576,3.0,White,0,1,2.0,category0
0.32,15.668232,2.0,Lynx Point,18,4,1.0,category0
0.3360982,8.8956585,2.0,White,13,9,0.0,category0
0.73,28.31575,3.0,Brown,0,7,2.0,category0
0.088054955,10.676114,3.0,Gray,18,4,2.0,category0
0.8528925,21.349483,2.0,Black,0,1,0.0,category0
0.27,28.030542,2.0,White,13,9,0.0,category0
0.18200678,12.809312,2.0,White,13,9,0.0,category0
0.89,20.673557,2.0,Red,0,1,0.0,category0
0.29,32.78892,3.0,Brown,18,4,2.0,category0
0.56,27.991917,2.0,Tan,7,1,0.0,category0
0.65,24.5213,3.0,Gray,18,4,2.0,category0
0.58,26.753971,3.0,Yellow,12,1,2.0,category0
0.99,25.321495,3.0,White,0,1,2.0,category0
0.79352325,29.590137,2.0,Red,0,1,1.0,category0
0.45,16.993502,3.0,Gray,18,4,2.0,category0
0.2,30.104502,2.0,Brown,13,9,0.0,category0
0.69,13.390274,3.0,Yellow,7,1,2.0,category0
0.84,16.551695,3.0,Tan,0,7,2.0,category0
0.19,42.74123,3.0,Gray,0,7,2.0,category0
0.35,10.90638,2.0,Brown,13,9,1.0,category0
0.59,29.822662,3.0,Red,13,9,2.0,category0
0.88854325,21.413626,2.0,White,0,1,0.0,category0
0.44,24.84138,2.0,White,0,3,0.0,category0
0.14,17.610641,2.0,Gray,18,4,1.0,category0
0.66,19.248142,3.0,Yellow,0,1,2.0,category0
0.6458253,26.582865,3.0,Yellow,0,1,2.0,category0
0.51,8.118586,2.0,White,13,9,0.0,category0
0.47,36.57258,3.0,Black,18,4,2.0,category0
0.71,36.189957,3.0,Gray,0,1,2.0,category0
0.35446545,8.884841,3.0,Blue,0,3,2.0,category0
0.56,16.802181,3.0,Gray,0,1,2.0,category0
0.45,12.8656,3.0,White,0,1,2.0,category0
0.87360966,21.260317,2.0,Brown,0,1,0.0,category0
0.9,32.091343,2.0,White,0,1,0.0,category0
0.81,21.733498,2.0,Red,0,1,0.0,category0
0.23,20.070824,2.0,Red,0,1,0.0,category0
0.11,34.91611,3.0,Red,0,7,2.0,category0
0.55,11.212096,3.0,Gray,0,6,2.0,category0
0.72,9.81469,3.0,Brown,11,4,2.0,category0
0.3938091,31.31503,3.0,Gray,0,1,2.0,category0
0.9669129,11.928686,2.0,Black,7,1,0.0,category0
0.78,26.124462,2.0,Gray,0,1,1.0,category0
0.83,34.33675,3.0,White,7,1,2.0,category0
0.39,19.72863,3.0,Gray,18,4,2.0,category0
0.67,32.76453,3.0,Brown,7,1,2.0,category0
0.84,16.012066,2.0,Brown,0,1,1.0,category0
0.54,17.561337,2.0,Tan,7,1,0.0,category0
0.8,30.063078,2.0,White,7,1,0.0,category0
0.35,29.354292,3.0,White,0,1,2.0,category0
0.8116839,7.850809,3.0,Tricolor,7,1,2.0,category0
0.91,20.710909,3.0,Gray,0,7,2.0,category0
0.35,14.542666,2.0,Buff,18,4,1.0,category0
0.94987345,19.833963,3.0,Brown,0,7,2.0,category0
0.9814404,26.008175,2.0,Blue Tabby,7,1,0.0,category0
0.42,8.641274,2.0,White,13,9,1.0,category0
0.5,27.785759,3.0,Yellow,0,7,2.0,category0
0.65,15.735219,3.0,Tricolor,7,1,2.0,category0
0.48,20.615871,3.0,White,0,1,2.0,category0
0.7101199,45.308548,2.0,Black,7,1,1.0,category0
0.93,25.497564,3.0,Gray,0,1,2.0,category0
0.25,23.949207,2.0,Red,0,1,2.0,category0
0.8,6.782464,2.0,Sable,13,9,0.0,category0
0.5658956,27.142181,3.0,Blue,0,7,2.0,category0
0.53,12.787916,2.0,Black,13,9,1.0,category0
0.62,25.380682,3.0,Green,0,1,2.0,category0
0.57,42.39329,3.0,Blue,18,4,2.0,category0
0.8893016,22.223896,2.0,White,0,1,0.0,category0
0.56,11.582568,2.0,Brown,13,9,0.0,category0
0.09660071,30.772472,3.0,Red,12,1,2.0,category0
0.77933466,31.682281,3.0,Red,0,1,2.0,category0
0.68,34.297855,3.0,White,13,9,2.0,category0
0.22,21.765093,3.0,Gray,18,4,2.0,category0
0.51,29.005245,3.0,White,0,1,2.0,category0
0.84744567,37.895847,3.0,Red,7,1,2.0,category0
0.6884894,37.40479,3.0,Black,0,7,2.0,category0
0.6333825,8.843373,3.0,White,0,7,2.0,category0
0.85,32.656605,3.0,Gray,18,4,2.0,category0
0.92,5.7260985,2.0,Black,0,1,0.0,category0
0.14,7.4676614,2.0,Brown,13,9,0.0,category0
0.51,25.951077,3.0,White,0,1,2.0,category0
0.91,26.4852,2.0,White,7,1,0.0,category0
0.72,43.811184,3.0,Gray,18,4,2.0,category0
0.69,44.511833,2.0,Tricolor,0,3,0.0,category0
0.57128817,20.380466,2.0,White,0,3,0.0,category0
0.88,37.957317,3.0,Red,0,1,2.0,category0
0.53,47.865578,2.0,Black,0,3,0.0,category0
0.67,28.815735,3.0,White,0,1,2.0,category0
0.81,27.493382,3.0,White,11,4,2.0,category0
0.91,39.114315,3.0,Black,18,4,2.0,category0
0.93,44.61618,2.0,Tricolor,0,3,0.0,category0
0.69,22.997492,3.0,Blue,0,3,2.0,category0
0.7775648,15.71728,2.0,Cream,13,9,0.0,category0
0.06,10.440713,2.0,Black,0,1,0.0,category0
0.3,13.337342,3.0,White,0,1,2.0,category0
0.015098368,19.412378,3.0,White,18,4,2.0,category0
0.58,26.722303,3.0,Gray,0,1,2.0,category0
0.84,16.664675,2.0,Black,1,4,1.0,category0
0.5,12.754563,3.0,Brown,0,7,2.0,category0
0.44,22.35543,3.0,White,0,1,2.0,category0
0.51,6.237779,2.0,Brown Brindle,13,9,0.0,category0
0.44,27.742006,3.0,Red,0,1,2.0,category0
0.72,17.37215,3.0,Gray,0,1,2.0,category0
0.56,33.71736,3.0,Red,13,9,2.0,category0
0.93,12.976451,2.0,White,0,1,0.0,category0
0.2649923,27.723948,3.0,Gray,0,1,2.0,category0
0.71,7.5822268,2.0,Sable,13,9,0.0,category0
0.24,10.039242,2.0,Brown,13,9,0.0,category0
0.15,23.9489,3.0,Sable,0,7,2.0,category0
0.804433,41.348606,3.0,Black,18,4,2.0,category0
0.04,15.819232,2.0,Black,0,1,0.0,category0
0.48,19.864595,3.0,Red,0,1,2.0,category0
0.082921855,13.380134,2.0,Black,18,4,1.0,category0
0.38,24.050255,3.0,Red,0,7,2.0,category0
0.39,46.167538,3.0,Tan,18,4,2.0,category0
0.83,15.718021,2.0,Black,0,1,0.0,category0
0.87,28.95962,3.0,Black,18,4,2.0,category0
0.6,45.672256,3.0,Yellow,0,1,2.0,category0
0.83817583,24.384598,3.0,Red,0,1,2.0,category0
0.92,23.038477,3.0,Brown,18,4,2.0,category0
0.55,10.948016,3.0,Gray,11,4,2.0,category0
0.8947003,16.840614,3.0,White,0,1,2.0,category0
0.09184072,17.675098,3.0,Red,0,1,2.0,category0
0.89,7.0873146,2.0,White,13,9,0.0,category0
0.82,27.140564,2.0,Red,0,1,1.0,category0
0.90183455,15.008185,3.0,White,12,1,2.0,category0
0.27,32.5966,3.0,Gray,0,1,2.0,category0
0.98574615,41.62574,2.0,White,0,3,0.0,category0
0.72,25.929213,2.0,Black,0,1,0.0,category0
0.71,28.823294,3.0,Gray,0,6,2.0,category0
0.572344,42.992664,3.0,Brown,18,4,2.0,category0
0.18633816,40.78085,3.0,Brown,11,4,2.0,category0
0.72,28.51393,3.0,Gray,7,1,2.0,category0
0.43,16.615582,3.0,Gray,11,4,2.0,category0
0.51,29.824173,3.0,Brown,11,4,2.0,category0
0.7736158,21.759775,3.0,Gray,18,4,2.0,category0
0.6538282,9.909255,3.0,Gray,18,4,2.0,category0
0.92,11.887302,2.0,Red,0,1,0.0,category0
0.96,27.33623,2.0,White,0,1,0.0,category0
0.68,34.2217,2.0,Gray,0,1,0.0,category0
0.23629369,35.997704,3.0,Blue,0,3,2.0,category0
0.42116374,23.829388,3.0,Red,0,1,2.0,category0
0.44574326,5.406941,3.0,Tricolor,0,3,2.0,category0
0.95,16.697592,3.0,Gray,0,1,2.0,category0
0.08734982,17.66819,3.0,Red,18,4,2.0,category0
0.6301015,20.785421,3.0,Red,12,1,2.0,category0
0.8,23.996225,3.0,Gray,18,4,2.0,category0
0.92,39.599903,2.0,White,0,3,0.0,category0
0.92,14.272953,3.0,Gray,7,1,2.0,category0
0.59125346,6.3797407,2.0,Tan,0,1,0.0,category0
0.88,30.403666,3.0,White,0,1,2.0,category0
0.77,14.03938,2.0,Black,18,4,1.0,category0
0.74,25.439257,3.0,White,0,1,2.0,category0
0.22739373,8.606027,3.0,Gray,18,4,2.0,category0
0.91,28.367373,2.0,Sable,7,1,1.0,category0
0.7617206,15.081949,2.0,White,0,3,0.0,category0
0.4,38.939682,3.0,White,7,1,2.0,category0
0.56,22.196836,3.0,Gray,7,1,2.0,category0
0.46164578,41.997025,3.0,Brown,11,4,2.0,category0
0.85,19.724735,2.0,White,0,1,0.0,category0
0.7084855,23.527447,3.0,White,7,1,2.0,category0
0.6985818,13.657915,3.0,Red,0,4,2.0,category0
0.35,33.677692,3.0,Red,18,4,2.0,category0
0.8081862,20.354723,3.0,Sable,18,4,2.0,category0
0.11493548,30.18857,3.0,Tan,0,3,2.0,category0
0.03,22.402592,3.0,Blue,0,3,2.0,category0
0.94,38.455616,3.0,Blue,18,4,2.0,category0
0.8,20.71317,3.0,Blue,0,2,2.0,category0
0.43,15.079514,3.0,Yellow,0,1,2.0,category0
0.94,19.33028,3.0,White,0,1,2.0,category0
0.31,25.304604,3.0,Orange,18,4,2.0,category0
0.80927765,12.354435,3.0,Yellow,7,1,2.0,category0
0.78,11.397618,2.0,Red,0,1,1.0,category0
0.51994234,12.774634,2.0,Red,0,1,0.0,category0
0.85,44.53108,3.0,Pink,18,4,2.0,category0
0.98,15.552847,2.0,Red,0,1,0.0,category0
0.2,24.111406,3.0,Tricolor,7,1,2.0,category0
0.6,32.926533,3.0,Blue,0,2,2.0,category0
0.75679386,31.929596,2.0,Blue,0,1,0.0,category0
0.8910768,26.728321,2.0,Fawn,0,1,0.0,category0
1.0,27.940317,2.0,Tan,0,1,0.0,category0
0.3,27.170961,3.0,Gray,18,4,2.0,category0
0.6438605,24.750397,3.0,Yellow,12,1,2.0,category0
0.2,39.1392,3.0,Black,0,7,2.0,category0
0.71,38.723576,2.0,Red,0,1,0.0,category0
0.72,21.489439,2.0,Blue,0,1,0.0,category0
0.66,19.003178,3.0,Gray,0,1,2.0,category0
0.8,27.344944,3.0,Sable,18,4,2.0,category0
0.03,23.444788,3.0,Gray,18,4,2.0,category0
0.9614187,46.398468,3.0,Red,18,4,2.0,category0
0.51,11.985956,2.0,White,13,9,0.0,category0
0.79,22.530962,3.0,Red,0,1,2.0,category0
0.57,49.937283,3.0,Cream Tabby,18,4,2.0,category0
0.69,20.171679,3.0,White,0,1,2.0,category0
0.53,46.86736,2.0,White,0,3,0.0,category0
0.35,42.631092,3.0,Yellow,12,1,2.0,category0
0.2,16.94722,2.0,White,0,1,1.0,category0
0.67,38.256897,3.0,Gray,18,4,2.0,category0
0.43616,45.70483,3.0,Brown,18,4,2.0,category0
0.68,42.22518,3.0,White,18,4,2.0,category0
0.89,13.466513,3.0,Gray,0,1,2.0,category0
0.38,23.99653,3.0,Red,0,1,2.0,category0
0.5,26.630365,3.0,White,0,1,2.0,category0
0.63,12.938045,2.0,Brown,13,9,0.0,category0
0.93,37.514744,3.0,Gray,18,4,2.0,category0
0.89220446,32.07673,3.0,Black,18,4,2.0,category0
0.538605,40.040222,3.0,Blue,0,2,2.0,category0
0.62,11.740833,2.0,White,13,9,0.0,category0
0.87,40.803413,2.0,Blue,0,1,0.0,category0
0.33,26.16577,3.0,White,0,1,2.0,category0
0.33420187,11.0121155,3.0,Blue,0,7,2.0,category0
0.7548923,27.177471,2.0,Black,0,1,0.0,category0
0.79,7.1091886,3.0,Gray,0,7,2.0,category0
0.18,15.148928,3.0,Gray,0,7,2.0,category0
0.68,38.20974,2.0,White,0,3,0.0,category0
0.89,43.428307,2.0,Red,0,1,1.0,category0
0.95,11.111549,2.0,Tricolor,0,1,0.0,category0
0.50529057,28.929941,3.0,Gray,18,4,2.0,category0
0.35,26.03538,3.0,Yellow,0,1,2.0,category0
0.35,14.769925,3.0,Blue,0,1,2.0,category0
0.69,7.419051,2.0,Black,13,9,0.0,category0
0.29,33.646294,3.0,Blue,0,4,2.0,category0
0.85097826,25.929947,3.0,Gray,0,7,2.0,category0
0.46,10.957969,2.0,White,13,9,0.0,category0
0.71,20.35581,2.0,White,13,9,0.0,category0
0.75,10.2895355,2.0,Tan,13,9,0.0,category0
0.7545072,36.338814,3.0,White,0,1,2.0,category0
0.78,25.035763,3.0,Black,0,1,2.0,category0
0.41,43.973606,3.0,Yellow,0,7,2.0,category0
0.45,15.109139,3.0,Brown,18,4,2.0,category0
0.9518539,23.488039,2.0,Yellow,0,1,0.0,category0
0.44,28.512903,3.0,Black,0,1,2.0,category0
0.6,9.555755,2.0,Black,13,9,0.0,category0
0.39,6.4063067,3.0,Black,0,7,2.0,category0
0.57,35.7816,3.0,Red,7,1,2.0,category0
0.59,16.875843,2.0,Tan,0,1,0.0,category0
0.45238146,9.494518,3.0,Tan,0,1,2.0,category0
0.8992263,24.809444,2.0,White,0,1,0.0,category0
0.59,9.136161,2.0,Black,0,1,0.0,category0
0.42490157,5.690894,2.0,White,13,9,1.0,category0
0.15427697,8.93662,2.0,White,13,9,1.0,category0
0.67,12.06292,2.0,Red,0,1,1.0,category0
0.97,15.346985,3.0,White,7,1,2.0,category0
0.93,39.34115,3.0,Tan,18,4,2.0,category0
0.85608435,11.916651,3.0,Brown,18,4,2.0,category0
0.9020952,15.552634,2.0,Blue,0,3,0.0,category0
0.04,45.157875,3.0,Black,18,4,2.0,category0
0.95,19.635412,3.0,Gray,0,7,2.0,category0
0.58,5.844361,2.0,Red,0,1,0.0,category0
0.5,22.46059,3.0,Blue,0,1,2.0,category0
0.83,9.5507965,2.0,White,0,1,1.0,category0
0.93,13.593329,3.0,White,0,1,2.0,category0
0.54,9.2685,2.0,Black,0,1,0.0,category0
0.47,25.506985,3.0,White,0,1,2.0,category0
0.65,31.14918,2.0,Brown Tabby,7,1,0.0,category0
0.68,23.6417,2.0,Brown,13,9,0.0,category0
0.68,20.647665,3.0,Buff,0,1,2.0,category0
0.55,37.07871,3.0,Tricolor,7,1,2.0,category0
0.53,19.865557,3.0,Tricolor,0,1,2.0,category0
0.83,10.948786,2.0,Sable,13,9,1.0,category0
0.68,31.758448,2.0,White,0,1,0.0,category0
0.75,26.171799,3.0,Black,18,4,2.0,category0
0.74,11.886907,3.0,Gray,18,4,2.0,category0
0.77897656,12.742534,2.0,Tricolor,18,4,1.0,category0
0.66,36.440937,3.0,Black,18,4,2.0,category0
0.95,29.486778,2.0,Black,0,1,0.0,category0
0.73,33.892467,3.0,Tan,0,1,2.0,category0
0.68,21.746078,3.0,Brown,0,1,2.0,category0
0.72,20.530792,3.0,Brown,18,4,2.0,category0
0.26502192,11.052724,3.0,Brown,18,4,2.0,category0
0.75,35.894314,3.0,Yellow,0,1,2.0,category0
0.3,20.96179,2.0,Gray,18,4,2.0,category0
0.36,7.7094917,2.0,White,0,1,1.0,category0
0.40767083,12.311932,3.0,Black,0,1,2.0,category0
0.29,11.617911,3.0,Gray,0,1,2.0,category0
0.3,20.545788,3.0,Green,0,1,2.0,category0
0.22370113,9.802095,2.0,White,13,9,0.0,category0
0.77,19.453444,2.0,Red,0,1,0.0,category0
0.12,33.020157,2.0,Brown,18,4,0.0,category0
0.81,26.389755,3.0,Gray,0,1,2.0,category0
0.44,25.468699,2.0,Gray,0,1,1.0,category0
0.87,18.96499,3.0,Gray,0,1,2.0,category0
0.27,20.892176,2.0,Black,13,9,0.0,category0
0.6472198,19.435566,2.0,Gray,0,1,1.0,category0
0.31,31.987951,3.0,Yellow,0,1,2.0,category0
0.28,46.695644,3.0,Black,18,4,2.0,category0
0.22,30.816998,2.0,Gray,11,4,1.0,category0
0.8116882,35.87735,3.0,Gray,18,4,2.0,category0
0.86,19.821943,3.0,Tricolor,0,7,2.0,category0
0.74,25.287054,2.0,Yellow,0,1,0.0,category0
0.16,43.520416,3.0,Blue,0,1,2.0,category0
0.28,27.525927,3.0,Green,0,1,2.0,category0
0.12,27.893831,3.0,Gray,18,4,1.0,category0
0.24,16.324913,2.0,Black,13,9,0.0,category0
0.37563536,25.108305,2.0,Black,13,9,0.0,category0
0.65,15.477245,3.0,Tricolor,0,1,2.0,category0
0.8,22.209501,2.0,White,7,1,0.0,category0
0.77781767,18.013506,3.0,Red,0,1,2.0,category0
0.93,27.230045,3.0,Brown,0,1,2.0,category0
0.05,18.129015,2.0,White,0,1,0.0,category0
0.4,7.7420025,2.0,White,13,9,0.0,category0
0.49,7.692285,2.0,White,18,4,1.0,category0
0.44,15.489524,3.0,White,0,7,2.0,category0
0.8084421,32.043884,3.0,Gray,0,1,2.0,category0
0.69,31.898016,2.0,Tricolor,0,1,0.0,category0
0.16,14.482423,3.0,Blue,0,3,2.0,category0
0.8,41.38428,2.0,Blue,0,1,0.0,category0
0.82,38.082184,2.0,Brown Brindle,11,4,1.0,category0
0.82,9.599827,2.0,White,13,9,0.0,category0
0.53,12.350818,3.0,Blue,0,1,2.0,category0
0.93,29.243563,3.0,Gray,0,1,2.0,category0
0.82,10.633916,2.0,Red,7,1,0.0,category0
0.73,35.137222,2.0,Black,7,1,1.0,category0
0.99,41.152298,3.0,White,7,1,2.0,category0
0.89,32.38803,3.0,Yellow,7,1,2.0,category0
0.97,23.681992,2.0,Brown,7,1,0.0,category0
0.91,11.85918,2.0,White,0,1,0.0,category0
0.78925735,7.992735,2.0,Tricolor,13,9,0.0,category0
0.88,20.621027,3.0,White,0,1,2.0,category0
0.78,32.189236,3.0,Red,7,1,2.0,category0
0.64,48.17392,3.0,Brown,18,4,2.0,category0
0.66,41.85371,2.0,Brown,7,1,1.0,category0
0.21,14.168577,3.0,Blue,0,1,2.0,category0
0.9291126,13.277541,2.0,Red,0,1,0.0,category0
0.23381673,11.028021,3.0,Gray,0,1,2.0,category0
0.76589113,43.907875,2.0,Black,7,1,1.0,category0
0.11,28.569199,3.0,Gray,18,4,2.0,category0
0.1,31.17433,3.0,Red,13,9,2.0,category0
0.13,26.009954,3.0,Red,0,1,2.0,category0
0.37796885,7.4868135,2.0,Brown,0,1,0.0,category0
0.99,6.4321146,2.0,Black,0,1,0.0,category0
0.43,8.034899,2.0,Blue,13,9,0.0,category0
0.3,10.152494,2.0,Brown,0,1,0.0,category0
0.4,30.873573,3.0,Red,0,1,2.0,category0
0.48,25.655462,3.0,Black,18,4,2.0,category0
0.25,25.179058,3.0,Gray,0,1,2.0,category0
0.94,16.56526,2.0,Green,7,1,0.0,category0
0.42,14.509513,2.0,Brown,13,9,0.0,category0
0.89,10.569377,2.0,Red,0,1,0.0,category0
0.95,27.744995,2.0,Agouti,0,1,0.0,category0
0.81,10.3835945,2.0,White,0,1,0.0,category0
0.83,29.119757,2.0,Gray,0,1,0.0,category0
0.43,43.970577,3.0,Black,18,4,2.0,category0
0.15365176,6.0559635,2.0,Gray,13,9,1.0,category0
0.84,26.870525,3.0,White,0,1,2.0,category0
0.53,17.578848,2.0,Orange Tabby,0,1,0.0,category0
0.52,32.76108,3.0,Red,7,1,2.0,category0
0.44,44.154278,3.0,White,18,4,2.0,category0
0.99,29.187185,2.0,White,0,3,0.0,category0
0.57,23.698624,3.0,Black,0,1,2.0,category0
0.88,28.643013,3.0,Gray,18,4,2.0,category0
0.37,29.306997,3.0,Red,7,1,2.0,category0
0.56,20.564054,3.0,Yellow,0,1,2.0,category0
0.41,18.894447,3.0,Tan,0,1,2.0,category0
0.53,16.661993,2.0,Brown,13,9,0.0,category0
0.72,22.59985,3.0,Red,13,9,2.0,category0
0.53,20.727924,3.0,Red,11,4,2.0,category0
0.38257736,37.174335,2.0,Tan,7,1,0.0,category0
0.68,19.930302,3.0,Brown,18,4,2.0,category0
0.78,19.99082,2.0,White,0,1,1.0,category0
0.77,26.826967,3.0,Yellow,0,1,2.0,category0
0.27,40.895927,3.0,Black,0,1,2.0,category0
0.9,19.325615,2.0,White,0,1,0.0,category0
0.115141556,39.61535,3.0,Sable,7,1,2.0,category0
0.15887268,29.529936,3.0,Black Tabby,18,4,2.0,category0
0.9,10.409394,3.0,Gray,18,4,2.0,category0
0.33,25.868698,2.0,White,13,9,0.0,category0
0.77867806,11.669749,3.0,Red,0,1,2.0,category0
0.56,15.702468,3.0,Red,0,7,2.0,category0
0.77,21.242668,2.0,Orange Tabby,0,1,0.0,category0
0.58,25.016012,3.0,Red,0,1,2.0,category0
0.24,38.24499,3.0,Gray,0,1,2.0,category0
0.89,13.591816,2.0,Tan,13,9,0.0,category0
0.76,10.479167,3.0,White,0,6,2.0,category0
0.93,41.846977,3.0,White,0,1,2.0,category0
0.8,29.581568,3.0,Gray,18,4,2.0,category0
0.93,27.177782,3.0,Gray,0,1,2.0,category0
0.93,20.84227,2.0,Brown Brindle,11,4,1.0,category0
0.5852136,40.33285,2.0,Gray,18,4,0.0,category0
0.24428202,11.91779,2.0,Red,13,9,1.0,category0
0.85,21.961185,3.0,White,7,1,2.0,category0
0.03,7.775823,2.0,White,13,9,1.0,category0
0.6059321,19.12221,2.0,Sable,7,1,1.0,category0
0.91,37.467033,3.0,Brown,18,4,2.0,category0
0.21,6.6182914,2.0,Tan,13,9,0.0,category0
0.57,29.238163,3.0,Buff,0,1,2.0,category0
0.94,19.133406,3.0,Gray,0,7,2.0,category0
0.8202375,11.554167,3.0,Tan,7,1,2.0,category0
0.76,28.522732,3.0,Brown,0,1,2.0,category0
0.92,15.466283,3.0,Gray,18,4,2.0,category0
0.7795694,22.031052,2.0,Blue,0,1,0.0,category0
0.56,13.745798,2.0,Tan,0,1,0.0,category0
0.77,21.860874,3.0,Red,0,1,2.0,category0
0.72,26.718485,3.0,Black,18,4,2.0,category0
0.46261773,14.026425,3.0,Green,0,1,2.0,category0
0.01,43.332825,3.0,Tricolor,11,4,2.0,category0
0.53,43.546688,3.0,Gray,0,7,2.0,category0
0.72,21.515535,2.0,Gray,13,9,0.0,category0
0.8124101,19.563087,3.0,Tricolor,0,1,2.0,category0
0.72,40.19006,3.0,Black,18,4,2.0,category0
0.51,24.011658,3.0,Black,0,2,2.0,category0
0.68,16.978933,2.0,Black,0,1,0.0,category0
0.14,12.624247,3.0,Gray,18,4,2.0,category0
0.39,16.093168,3.0,Gray,0,1,2.0,category0
0.7212648,13.002741,2.0,Black,13,9,0.0,category0
0.91856426,48.910423,3.0,Orange,18,4,2.0,category0
0.99,30.605974,2.0,White,0,3,0.0,category0
0.45,8.576735,2.0,Brown,13,9,1.0,category0
0.19,10.96796,2.0,White,0,1,0.0,category0
0.84,19.28138,3.0,White,0,7,2.0,category0
0.95,22.764053,2.0,Red,0,1,0.0,category0
0.83,43.494804,3.0,Gray,18,4,2.0,category0
0.90764344,13.683094,3.0,Yellow,7,1,2.0,category0
0.90738744,29.641212,2.0,Blue,0,3,0.0,category0
0.34,6.511527,2.0,Black,18,4,1.0,category0
0.08,6.167202,2.0,Tan,13,9,1.0,category0
0.83,14.02965,2.0,White,13,9,0.0,category0
0.84,30.60524,3.0,Red,7,1,2.0,category0
0.12,32.889797,2.0,White,0,1,0.0,category0
0.84,11.052392,2.0,Red,0,1,1.0,category0
0.29,17.591894,3.0,Green,12,1,2.0,category0
0.24,28.102629,3.0,Brown,18,4,2.0,category0
0.2,18.528463,1.0,Black,0,1,0.0,category0
0.58,8.093393,2.0,Blue,18,4,1.0,category0
0.96,26.7072,2.0,White,0,1,0.0,category0
0.76,26.038158,3.0,White,7,1,2.0,category0
0.94,13.564059,2.0,Brown,0,1,0.0,category0
0.4,29.23658,2.0,Red,13,9,0.0,category0
0.4884367,12.485416,2.0,Black,13,9,0.0,category0
0.57,49.076015,3.0,Blue,18,4,2.0,category0
0.76580393,10.985172,3.0,Yellow,7,1,2.0,category0
0.87,30.569155,3.0,Yellow,7,1,2.0,category0
0.7172152,5.998272,2.0,White,0,1,0.0,category0
0.84539855,7.4467497,2.0,White,13,9,0.0,category0
0.64,37.736916,2.0,Chocolate,7,1,0.0,category0
0.69,18.784645,3.0,Red,0,1,2.0,category0
0.8117648,39.857952,2.0,White,7,1,0.0,category0
0.77,13.896411,2.0,White,13,9,0.0,category0
0.04,6.46147,2.0,White,13,9,1.0,category0
0.65,35.80778,3.0,White,0,1,2.0,category0
0.6485661,8.233721,2.0,White,13,9,0.0,category0
0.97,18.615103,3.0,Gray,0,7,2.0,category0
0.92,12.921265,3.0,Gray,0,1,2.0,category0
0.4,32.2131,3.0,Red,0,1,2.0,category0
0.95,29.515093,2.0,Red,0,1,2.0,category0
0.58,5.6369057,3.0,Gray,18,4,2.0,category0
0.43,27.187113,3.0,White,0,1,2.0,category0
0.76,28.891207,2.0,White,0,3,0.0,category0
0.3,21.836828,2.0,White,7,1,0.0,category0
0.99,21.87558,3.0,Tan,0,1,2.0,category0
0.02,47.819057,3.0,Black,18,4,2.0,category0
0.95,29.596258,2.0,Sable,11,4,0.0,category0
0.62,38.88675,3.0,Brown,18,4,2.0,category0
0.6304643,13.135602,2.0,Red,0,1,1.0,category0
0.6964475,17.515831,2.0,Brown,13,9,0.0,category0
0.99,23.46827,3.0,Gray,0,1,2.0,category0
0.92,37.037884,3.0,White,0,1,2.0,category0
0.36,16.159315,2.0,White,13,9,0.0,category0
0.6,11.131619,2.0,Tricolor,13,9,0.0,category0
0.55,18.141806,3.0,Gray,0,1,2.0,category0
0.70722336,26.472816,2.0,Brown Brindle,0,1,0.0,category0
0.98,19.10175,2.0,Black,0,7,0.0,category0
0.55320823,9.656509,2.0,Black,0,1,0.0,category0
0.30025232,32.164925,3.0,Green,0,1,2.0,category0
0.24,30.524166,3.0,Brown,18,4,2.0,category0
0.32088822,33.92201,2.0,White,0,3,0.0,category0
0.76008624,18.332336,3.0,Red,7,1,2.0,category0
0.69,15.322379,3.0,Brown Tabby,2,1,2.0,category0
0.07,7.005476,2.0,Gray,13,9,0.0,category0
0.92,14.416059,3.0,White,0,2,2.0,category0
0.85,29.489202,3.0,Gray,18,4,2.0,category0
0.95879143,38.774483,2.0,Black,0,1,0.0,category0
0.83,18.306507,2.0,Black,0,1,0.0,category0
0.37,14.833296,2.0,Chocolate,0,1,1.0,category0
0.2099552,17.249376,2.0,Brown,18,4,1.0,category0
0.9175641,25.01472,2.0,Black,0,1,0.0,category0
0.6685465,13.923878,2.0,Black,0,1,1.0,category0
0.24,41.984875,3.0,White,18,4,2.0,category0
0.44,5.5755315,2.0,Red,0,1,0.0,category0
0.24,26.930656,3.0,Blue,0,3,2.0,category0
0.87,39.776157,2.0,Tortie Point,7,1,1.0,category0
0.6230689,38.30015,3.0,Blue,18,4,2.0,category0
0.5,32.88924,3.0,Gray,0,1,2.0,category0
0.78,32.46029,3.0,Yellow,0,1,2.0,category0
0.85,37.055534,3.0,Yellow,0,1,2.0,category0
0.91,15.520671,3.0,White,7,1,2.0,category0
0.27,25.05962,3.0,White,0,1,2.0,category0
0.44,33.47427,2.0,Sable,7,1,0.0,category0
0.59,23.453194,3.0,Gray,0,1,2.0,category0
0.376627,23.460592,2.0,White,13,9,0.0,category0
0.94,7.367795,2.0,White,18,4,1.0,category0
0.9754204,11.475157,3.0,White,0,1,2.0,category0
0.08,10.262058,3.0,Gray,18,4,2.0,category0
0.62,29.899822,3.0,Black,18,4,2.0,category0
0.72706676,6.2214656,2.0,White,13,9,1.0,category0
0.81,30.29789,3.0,White,0,4,2.0,category0
0.95,32.56252,3.0,Black,0,1,2.0,category0
0.76,9.703734,3.0,Orange Tabby,0,1,2.0,category0
0.48,16.469893,3.0,Gray,18,4,2.0,category0
0.71,23.80646,3.0,Brown,0,1,2.0,category0
0.98,17.314377,3.0,White,7,1,2.0,category0
0.19,18.300611,2.0,Tricolor,13,9,0.0,category0
0.03,9.904006,3.0,Gray,18,4,2.0,category0
0.38534784,29.391544,3.0,Brown,18,4,2.0,category0
0.8,6.994123,3.0,Yellow,7,1,2.0,category0
0.6060439,21.424583,3.0,White,0,1,2.0,category0
0.52717274,43.125534,3.0,Black,11,4,2.0,category0
0.7799034,19.90243,3.0,Gray,0,1,2.0,category0
0.8609019,15.101341,2.0,Yellow,0,1,1.0,category0
0.69,7.32607,3.0,Red,0,1,2.0,category0
0.43,42.772324,3.0,White,12,1,2.0,category0
0.3495082,19.89705,3.0,Gray,0,6,2.0,category0
0.53,40.456486,3.0,White,0,1,2.0,category0
0.35832462,35.81245,3.0,White,0,1,2.0,category0
0.85,9.516718,2.0,White,0,1,0.0,category0
0.37,28.690083,3.0,Green,0,1,2.0,category0
0.97171247,9.810369,2.0,Black,0,1,0.0,category0
0.94,27.442322,2.0,White,0,1,0.0,category0
0.71,11.683183,3.0,Red,0,2,2.0,category0
0.98,29.48333,2.0,White,0,1,0.0,category0
0.96,38.38821,3.0,Brown,18,4,2.0,category0
0.31,30.863367,3.0,Red,12,1,2.0,category0
0.59,13.067519,3.0,White,0,1,2.0,category0
0.62483037,13.42797,2.0,Black,0,1,1.0,category0
0.69,18.540268,3.0,Yellow,18,4,2.0,category0
0.51,9.42767,3.0,Red,7,1,2.0,category0
0.66,20.735918,3.0,Red,7,1,2.0,category0
0.63,23.951382,3.0,Tricolor,0,3,2.0,category0
0.47,40.83002,2.0,White,0,3,0.0,category0
0.77,21.951183,3.0,Brown,18,4,2.0,category0
0.85,7.1779184,2.0,Black,13,9,0.0,category0
0.29,41.16476,2.0,White,0,3,0.0,category0
0.53,17.95748,3.0,White,0,1,2.0,category0
0.8324356,34.905598,2.0,Blue,0,1,0.0,category0
0.9688164,18.299578,2.0,White,0,1,0.0,category0
0.73,40.959522,3.0,Gray,18,4,2.0,category0
0.53,47.018677,3.0,Brown,18,4,2.0,category0
0.64,29.61127,3.0,Gray,0,1,2.0,category0
0.4937457,43.155552,3.0,Yellow,0,7,2.0,category0
0.36,13.022299,2.0,Tan,13,9,0.0,category0
0.16,17.439024,3.0,Yellow,0,4,2.0,category0
0.47,39.24139,3.0,Black,18,4,2.0,category0
0.27,19.481728,3.0,Black,0,7,2.0,category0
0.39,14.685423,3.0,Red,0,1,2.0,category0
0.99,44.108795,3.0,Brown,18,4,2.0,category0
0.57,15.523911,2.0,Black,13,9,0.0,category0
0.42,11.9845915,2.0,Orange,13,9,0.0,category0
0.9575399,26.384161,3.0,White,0,1,2.0,category0
0.94,10.3923435,2.0,White,0,1,0.0,category0
0.82,34.249966,3.0,Brown,18,4,2.0,category0
0.4,17.904272,3.0,Black,18,4,2.0,category0
0.36,12.846185,3.0,Brown,18,4,2.0,category0
0.76,19.278316,3.0,White,7,1,2.0,category0
0.99,5.9512687,2.0,Brown,0,1,0.0,category0
0.46009058,14.5768385,3.0,White,7,1,2.0,category0
0.71,33.36053,3.0,Gray,0,1,2.0,category0
0.9633926,11.67973,2.0,Black,0,1,1.0,category0
0.31,8.282041,3.0,Black,0,1,2.0,category0
0.93,33.443077,3.0,Gray,0,7,2.0,category0
0.56,7.334826,2.0,Tan,0,1,1.0,category0
0.05589802,18.139711,2.0,White,0,1,0.0,category0
0.06690388,21.67094,3.0,Gray,18,4,0.0,category0
0.35840872,5.6199174,3.0,Gray,18,4,2.0,category0
0.66,23.645061,3.0,Brown,18,4,2.0,category0
0.81,28.318638,3.0,Gray,0,1,2.0,category0
0.046682365,26.869387,2.0,Yellow,7,1,1.0,category0
0.59,40.407883,2.0,Chocolate,7,1,0.0,category0
0.7,17.070412,2.0,Black,0,1,0.0,category0
0.9754567,7.6993427,2.0,White,0,1,0.0,category0
0.3,23.631536,3.0,Gray,18,4,2.0,category0
0.23,19.584728,3.0,Brown,0,1,2.0,category0
0.99,34.599472,2.0,Tricolor,0,1,0.0,category0
0.04,37.558304,3.0,Gray,18,4,2.0,category0
0.84,36.832916,3.0,Tan,18,4,2.0,category0
0.34,33.553135,2.0,White,0,3,1.0,category0
0.2986888,30.426247,3.0,Green,12,1,2.0,category0
0.13,25.595552,3.0,Gray,18,4,2.0,category0
0.89,20.479874,2.0,Black,0,1,0.0,category0
0.57,16.773752,2.0,Brown,13,9,0.0,category0
0.82,13.228421,2.0,Red,0,1,0.0,category0
0.97,24.694326,3.0,Brown,11,4,2.0,category0
0.56,37.75718,3.0,Gray,0,1,2.0,category0
0.43,45.808537,3.0,Brown,18,4,2.0,category0
0.7,49.612225,2.0,Black,7,1,0.0,category0
0.95,18.786371,2.0,Fawn,0,1,0.0,category0
0.49,20.23054,3.0,Brown,11,4,2.0,category0
0.07,10.3127775,3.0,Brown,11,4,2.0,category0
0.21,21.325527,2.0,White,18,4,1.0,category0
0.32,19.405184,2.0,Brown,13,9,0.0,category0
0.3,23.694275,3.0,Blue,0,1,2.0,category0
0.66,43.458263,3.0,Gray,18,4,2.0,category0
0.18,8.345111,3.0,Gray,18,4,2.0,category0
0.5988879,46.335716,3.0,Gray,0,7,2.0,category0
0.11,48.143936,3.0,Black,18,4,2.0,category0
0.38,20.965168,3.0,Green,0,1,2.0,category0
0.12,45.96794,3.0,Brown,18,4,2.0,category0
0.4,25.138527,3.0,Gray,18,4,2.0,category0
0.75,33.40374,2.0,Blue,0,3,0.0,category0
0.7698959,12.299474,2.0,Blue,11,4,1.0,category0
0.73,27.574749,3.0,Yellow,0,1,2.0,category0
0.5,49.073425,3.0,Black,18,4,2.0,category0
0.8,21.473883,3.0,Gray,0,3,2.0,category0
0.95,38.737564,2.0,White,7,1,0.0,category0
0.61,6.4752316,2.0,Chocolate,18,4,1.0,category0
0.99,14.211763,2.0,White,0,1,0.0,category0
0.978209,44.339375,3.0,Green,18,4,2.0,category0
0.42,6.5523787,2.0,White,13,9,1.0,category0
0.99444604,13.633189,2.0,Gray Tabby,0,1,0.0,category0
0.6452504,30.887054,3.0,Tricolor,0,1,2.0,category0
0.65,26.675434,3.0,Tricolor,0,7,2.0,category0
0.82,35.409634,3.0,Gray,0,1,2.0,category0
0.57,29.549623,2.0,Brown,18,4,1.0,category0
0.71,34.342503,3.0,Green,0,1,2.0,category0
0.53,35.789185,3.0,Red,0,7,2.0,category0
0.9332995,25.535927,3.0,Yellow,0,1,2.0,category0
0.75,16.466867,3.0,White,0,1,2.0,category0
0.56,32.380714,3.0,Yellow,7,1,2.0,category0
0.43,30.272503,2.0,Brown,13,9,0.0,category0
0.82,23.537178,2.0,Black,0,1,1.0,category0
0.51464367,39.905933,3.0,Brown,0,4,2.0,category0
0.35,29.937437,2.0,White,7,1,0.0,category0
0.84,11.621722,3.0,Brown,18,4,2.0,category0
0.71,5.5323544,2.0,Black,0,1,0.0,category0
0.5,17.926407,2.0,White,13,9,0.0,category0
0.81,31.805065,3.0,Brown,11,4,2.0,category0
0.71,20.568182,2.0,Tan,0,1,0.0,category0
0.75,32.72952,2.0,Black,0,1,0.0,category0
0.8,9.01186,2.0,White,13,9,1.0,category0
0.063030645,21.420961,3.0,Black,0,2,2.0,category0
0.72,40.406796,2.0,Orange Tabby,0,1,0.0,category0
0.99,35.493065,3.0,Yellow,0,1,2.0,category0
0.42627028,44.107674,2.0,White,0,3,0.0,category0
0.37,41.24999,3.0,Gray,18,4,2.0,category0
0.44053346,9.939898,2.0,White,13,9,0.0,category0
0.93,33.595818,2.0,Red,7,1,1.0,category0
0.99,13.988929,3.0,White,7,1,2.0,category0
0.39,42.25677,3.0,Black,18,4,2.0,category0
0.81,24.466167,3.0,Green,0,1,2.0,category0
0.49,33.63955,3.0,Yellow,7,1,2.0,category0
0.39541414,19.648577,3.0,White,0,1,2.0,category0
0.4,7.9742293,3.0,Red,0,1,2.0,category0
0.21743803,8.925428,3.0,Red,0,1,2.0,category0
0.4,25.471865,3.0,Yellow,0,1,2.0,category0
0.26,41.48986,3.0,Blue,0,1,2.0,category0
0.95,9.315405,2.0,Red,13,9,0.0,category0
0.54,13.006701,2.0,White,0,1,0.0,category0
0.45,20.853394,3.0,Green,0,1,2.0,category0
0.85,11.516173,2.0,White,13,9,0.0,category0
0.77572024,22.920246,3.0,Yellow,0,1,2.0,category0
0.75,34.49899,2.0,White,0,1,0.0,category0
0.69779885,19.829834,2.0,White,0,1,0.0,category0
0.68,20.615467,3.0,Yellow,0,1,2.0,category0
0.3069726,38.444687,3.0,Green,0,1,2.0,category0
0.77,14.046459,2.0,Tan,0,1,0.0,category0
0.15,28.049648,3.0,Gray,18,4,2.0,category0
0.72,7.271739,2.0,White,0,1,0.0,category0
0.6592832,42.572666,3.0,White,0,1,2.0,category0
0.86,14.821557,3.0,Tan,0,1,2.0,category0
0.9151452,18.11143,2.0,Blue,0,1,0.0,category0
0.76148427,10.285943,2.0,Tricolor,13,9,1.0,category0
0.15,22.688274,2.0,Tricolor,0,1,0.0,category0
0.7402642,22.482674,2.0,Red,0,1,1.0,category0
0.53,21.040255,3.0,Red,7,1,2.0,category0
0.23,12.30425,2.0,Black,18,4,1.0,category0
0.59,15.386364,2.0,Black,0,1,0.0,category0
0.91,40.32694,2.0,Tan,0,3,0.0,category0
0.5810594,27.767801,3.0,Red,0,2,2.0,category0
0.19,47.29598,3.0,Brown,18,4,2.0,category0
0.69,37.08672,3.0,White,18,4,2.0,category0
0.95,9.9101925,3.0,Gray,0,1,2.0,category0
0.19,27.049866,3.0,Yellow,0,1,2.0,category0
0.81089556,35.151466,3.0,Blue,0,3,2.0,category0
0.74,11.473236,3.0,Red,0,7,2.0,category0
0.83,16.904306,2.0,White,0,1,0.0,category0
0.08,9.930564,2.0,Red,0,1,1.0,category0
0.18270504,20.720724,3.0,Red,0,1,2.0,category0
0.67,11.120793,3.0,Gray,0,1,2.0,category0
0.48,38.9019,3.0,Gray,0,1,2.0,category0
0.22,17.849342,3.0,Blue,0,1,2.0,category0
0.88,6.875481,2.0,Blue,0,1,0.0,category0
0.46,19.693228,3.0,Gray,0,1,2.0,category0
0.93,38.36236,3.0,White,12,1,2.0,category0
0.17358221,19.824703,3.0,Yellow,0,1,2.0,category0
0.96,20.911922,3.0,Yellow,0,1,2.0,category0
0.73,13.718809,3.0,White,0,7,2.0,category0
0.966294,45.24235,3.0,Tan,18,4,2.0,category0
0.94,39.889385,2.0,Red,0,1,0.0,category0
0.23,20.06755,3.0,Tricolor,0,3,2.0,category0
0.21,27.153322,3.0,White,0,3,2.0,category0
0.1540194,9.497509,2.0,White,13,9,0.0,category0
0.13,39.576054,2.0,Orange Tabby,7,1,1.0,category0
0.91,33.902325,2.0,Black,0,1,0.0,category0
0.56,28.892817,3.0,Red,7,1,2.0,category0
0.76,24.870377,2.0,White,0,1,0.0,category0
0.13,8.733909,2.0,Gray,0,1,1.0,category0
0.44,30.285154,3.0,White,7,1,2.0,category0
0.04,39.59511,3.0,Gray,18,4,2.0,category0
0.84,9.192813,2.0,White,0,1,1.0,category0
0.79,27.042503,3.0,Gray,0,1,2.0,category0
0.86,15.799624,2.0,Red,0,1,0.0,category0
0.97,14.167993,3.0,Yellow,0,1,2.0,category0
0.2,12.942836,3.0,Red,0,7,2.0,category0
0.65,15.6543455,3.0,Black,0,1,2.0,category0
0.07,37.33368,3.0,Gray,18,4,2.0,category0
0.84,21.799627,3.0,Yellow,0,7,2.0,category0
0.98,27.470663,3.0,Brown,11,4,2.0,category0
0.96,18.902264,2.0,Black,0,1,0.0,category0
0.59187573,11.488044,2.0,White,0,3,0.0,category0
0.3959237,26.388964,3.0,Black,0,1,2.0,category0
0.8,42.974358,3.0,Yellow,7,1,2.0,category0
0.73,33.83099,3.0,Gray,18,4,2.0,category0
0.21239662,22.071962,3.0,Gray,0,1,2.0,category0
0.4,15.533183,2.0,Brown,13,9,0.0,category0
0.84,30.446123,2.0,Black,7,1,0.0,category0
0.98,29.864573,3.0,Black,0,1,2.0,category0
0.95,41.11901,3.0,White,7,1,2.0,category0
0.93,46.783592,3.0,Gray,18,4,2.0,category0
0.28,32.486313,3.0,Brown,13,9,2.0,category0
0.89006186,25.34081,2.0,Blue,0,1,0.0,category0
0.95,11.0804405,2.0,Brown,0,1,0.0,category0
0.63,7.4211516,2.0,Black,18,4,1.0,category0
0.42,8.69972,2.0,White,0,3,0.0,category0
0.78862476,18.495848,3.0,Blue,0,3,2.0,category0
0.11,8.391735,2.0,Black,13,9,0.0,category0
0.93748546,19.455236,3.0,Black,0,6,2.0,category0
0.71,9.833517,3.0,Red,7,1,2.0,category0
0.14,27.643417,3.0,Gray,18,4,2.0,category0
0.65600526,49.469822,3.0,Black,18,4,2.0,category0
0.95,11.208394,2.0,Black,0,1,0.0,category0
0.98,10.791375,2.0,Black,0,1,1.0,category0
0.85,7.311741,3.0,Yellow,7,1,2.0,category0
0.52038985,47.068047,2.0,Black,7,1,0.0,category0
0.46,30.840721,3.0,Black,0,1,2.0,category0
0.15,23.077896,3.0,Black,0,1,2.0,category0
0.83,19.95616,2.0,Black,7,1,0.0,category0
0.84,28.083988,3.0,Black,0,1,2.0,category0
0.33,7.8404927,2.0,Brown Brindle,13,9,0.0,category0
0.36351886,11.501563,3.0,Buff,0,1,2.0,category0
0.2,33.891712,3.0,Brown,18,4,2.0,category0
0.38,46.48962,3.0,Chocolate,0,1,2.0,category0
0.08,10.434229,3.0,Gray,18,4,2.0,category0
0.66,33.842667,3.0,Red,7,1,2.0,category0
0.27,21.20829,2.0,Brown Brindle,13,9,0.0,category0
0.7285924,47.56403,3.0,White,18,4,2.0,category0
0.65080476,15.913156,3.0,Red,0,1,2.0,category0
0.27,28.9507,2.0,Black,0,1,0.0,category0
0.5925768,19.657106,3.0,Yellow,0,3,2.0,category0
0.9,31.157213,3.0,Blue,7,1,2.0,category0
0.55,31.216473,3.0,Tan,18,4,2.0,category0
0.9,9.389573,3.0,Blue,0,7,2.0,category0
0.51,6.900233,2.0,White,13,9,0.0,category0
0.61477983,14.85441,2.0,Tricolor,13,9,0.0,category0
0.901364,47.99239,3.0,Black,0,3,2.0,category0
0.91,7.49097,2.0,Brown,13,9,0.0,category0
0.2,41.111492,3.0,Blue,0,1,2.0,category0
0.44,24.602816,3.0,Gray,0,3,2.0,category0
0.33830056,33.742565,3.0,Tricolor,0,1,2.0,category0
0.12680826,34.51961,2.0,White,0,3,0.0,category0
0.47,19.291237,3.0,White,0,1,2.0,category0
0.65,5.923838,2.0,White,13,9,0.0,category0
0.96203756,41.34719,3.0,Black,0,7,2.0,category0
0.57,25.46527,3.0,Red,12,1,2.0,category0
0.83523774,16.483435,3.0,Gray,12,1,2.0,category0
0.64,20.685125,3.0,Brown,18,4,2.0,category0
0.25002554,28.343008,3.0,White,0,3,2.0,category0
0.26,33.76733,3.0,Green,0,1,2.0,category0
0.036991525,10.215656,2.0,Brown,0,1,0.0,category0
0.86,17.943134,3.0,White,0,1,2.0,category0
0.89,28.07079,3.0,Gray,18,4,2.0,category0
0.81,17.179726,3.0,Black,18,4,2.0,category0
0.44,43.204876,3.0,Yellow,0,1,2.0,category0
0.5135045,22.821096,3.0,Yellow,7,1,2.0,category0
0.77,42.469547,3.0,White,0,1,2.0,category0
0.31,16.634356,3.0,Brown,0,1,2.0,category0
0.38,26.601095,3.0,White,7,1,2.0,category0
0.91,17.448181,2.0,Yellow,0,7,0.0,category0
0.38,47.454945,3.0,Gray,18,4,2.0,category0
0.32139143,14.49481,3.0,Tricolor,0,6,2.0,category0
0.95,38.83099,3.0,Black,18,4,2.0,category0
0.21,30.923111,3.0,Brown,13,9,2.0,category0
0.33,26.50692,2.0,Brown,7,1,1.0,category0
0.51462024,40.746067,3.0,Brown,13,9,2.0,category0
0.27,12.585869,3.0,Gray,0,1,2.0,category0
0.43,30.12652,3.0,Tan,0,1,2.0,category0
0.52,30.19137,3.0,Blue,18,4,2.0,category0
0.06,18.894783,2.0,Brown,18,4,1.0,category0
0.64,26.526018,3.0,Gray,0,1,2.0,category0
0.65,27.131338,3.0,Gray,18,4,2.0,category0
0.57,21.81708,3.0,White,0,1,2.0,category0
0.7,7.0756254,2.0,Red,0,3,0.0,category0
0.91922075,12.884911,2.0,White,0,1,0.0,category0
0.45,26.31448,2.0,White,0,1,0.0,category0
0.96,43.638847,3.0,Black,0,7,2.0,category0
0.26,13.479665,3.0,Red,18,4,2.0,category0
0.1,14.051704,2.0,White,13,9,1.0,category0
0.51,12.73674,3.0,Gray,0,1,2.0,category0
0.79032904,24.094366,3.0,Black,18,4,2.0,category0
0.7613418,37.955364,2.0,Black,0,1,0.0,category0
0.95,44.58574,3.0,Orange,18,4,2.0,category0
0.13070235,35.608578,3.0,Yellow,0,1,2.0,category0
0.99,20.747984,2.0,Red,0,1,2.0,category0
0.96,17.495544,3.0,White,0,3,2.0,category0
0.6822435,36.597916,3.0,White,0,3,2.0,category0
0.96,48.449593,3.0,Black,18,4,2.0,category0
0.54,20.179409,3.0,Blue,0,3,2.0,category0
0.48,31.001009,2.0,Orange Tabby,7,1,0.0,category0
0.24,33.031525,3.0,Gray,18,4,2.0,category0
0.95,42.031013,3.0,White,0,7,2.0,category0
0.26,35.21028,2.0,Tan,13,9,0.0,category0
0.8,32.20704,3.0,Yellow,7,1,2.0,category0
0.81,47.11934,2.0,Seal Point,7,1,1.0,category0
0.21,44.002533,3.0,White,18,4,2.0,category0
0.3,7.9006753,2.0,Tan,11,4,1.0,category0
0.56,21.722242,3.0,Green,0,1,2.0,category0
0.67,40.56893,3.0,Black,12,1,2.0,category0
0.4048558,13.470376,2.0,Brown,13,9,0.0,category0
0.61,29.315582,2.0,White,0,3,0.0,category0
0.08,30.80137,3.0,Tricolor,0,7,2.0,category0
0.65,17.604126,3.0,Brown,0,1,2.0,category0
0.5967782,11.224555,2.0,Red,13,9,0.0,category0
0.36961234,36.66647,3.0,Brown,18,4,2.0,category0
0.63,44.774513,3.0,Black,18,4,2.0,category0
0.62,36.894096,2.0,White,0,1,0.0,category0
0.82,28.48708,2.0,Tan,0,3,0.0,category0
0.76,12.522645,3.0,Blue,0,4,2.0,category0
0.47,20.615936,2.0,White,13,9,0.0,category0
0.53,23.750776,2.0,Gray Tabby,0,1,0.0,category0
0.8788248,38.89791,2.0,Seal Point,7,1,0.0,category0
0.19,11.849583,3.0,Black,0,1,2.0,category0
0.52,31.762127,2.0,Red,0,1,1.0,category0
0.72,38.73791,3.0,White,0,3,2.0,category0
0.43,39.6351,3.0,White,0,1,2.0,category0
0.67392784,16.136358,2.0,Red,0,1,0.0,category0
0.35,35.974693,3.0,Gray,0,1,2.0,category0
0.65,22.478458,3.0,Red,18,4,2.0,category0
0.52,38.604942,3.0,Gray,18,4,2.0,category0
0.88770014,14.195661,3.0,Gray,18,4,2.0,category0
0.47,18.642956,2.0,Black,13,9,0.0,category0
0.57,8.900895,3.0,Yellow,7,1,2.0,category0
0.4387777,32.666206,3.0,Black,18,4,2.0,category0
0.49,39.5686,3.0,White,0,1,2.0,category0
0.78,32.805817,3.0,Black,18,4,2.0,category0
0.51,32.358677,3.0,Gray,0,1,2.0,category0
0.7984872,15.978401,2.0,Black,0,1,0.0,category0
0.60472226,38.887,3.0,Brown,18,4,2.0,category0
0.88,37.781822,3.0,Red,12,1,2.0,category0
0.9690092,27.321066,3.0,Gray,0,1,2.0,category0
0.28,30.535807,3.0,Gray,18,4,2.0,category0
0.76,21.061678,3.0,White,0,1,2.0,category0
0.79,47.79303,2.0,Sable,7,1,0.0,category0
0.85,20.521084,2.0,Red,13,9,0.0,category0
0.02,39.10291,3.0,Brown,11,4,2.0,category0
0.49,11.003918,3.0,Gray,18,4,2.0,category0
0.69961476,45.768116,3.0,Gray,18,4,2.0,category0
0.14,19.595724,2.0,Brown,18,4,1.0,category0
0.2,20.415567,2.0,Brown,18,4,1.0,category0
0.23,26.463564,3.0,Gray,18,4,2.0,category0
0.91,5.768594,2.0,Black,13,9,0.0,category0
0.44,15.736493,3.0,Red,7,1,2.0,category0
0.56,31.280222,2.0,Buff,0,3,0.0,category0
0.57,9.12768,2.0,White,13,9,0.0,category0
0.3,28.878515,3.0,Yellow,0,1,2.0,category0
0.68,32.35628,2.0,Black,0,3,0.0,category0
0.18842636,17.94304,3.0,Green,0,1,2.0,category0
0.49,16.841736,3.0,Red,0,1,2.0,category0
0.89,12.130057,3.0,Yellow,0,1,2.0,category0
0.4,29.360432,3.0,Pink,18,4,2.0,category0
0.12,26.522215,2.0,Yellow,0,1,0.0,category0
0.23,22.399006,2.0,White,13,9,0.0,category0
0.89,29.056194,3.0,Red,11,6,2.0,category0
0.88,31.105558,2.0,White,0,1,0.0,category0
0.40836933,7.2645955,2.0,Buff,0,1,0.0,category0
0.62,49.558537,3.0,Cream Tabby,18,4,2.0,category0
0.77,8.133046,3.0,Gray,11,4,2.0,category0
0.36,18.803318,3.0,Yellow,0,7,2.0,category0
0.98,23.873486,3.0,Black,0,2,2.0,category0
0.33,24.432346,3.0,Red,0,1,2.0,category0
0.9401441,7.0023274,2.0,Red,0,1,1.0,category0
0.49741393,19.185854,2.0,Green,0,1,1.0,category0
0.62,5.6277585,3.0,Black,0,7,2.0,category0
0.77,24.1541,2.0,Brown Brindle,11,4,1.0,category0
0.31,27.93246,3.0,Gray,0,7,2.0,category0
0.97,38.805832,3.0,Gray,0,1,2.0,category0
0.2182331,29.656036,3.0,Blue,7,1,2.0,category0
0.57,21.899237,2.0,Black,0,1,0.0,category0
0.97,15.730719,3.0,Gray,0,7,2.0,category0
0.32,13.410859,3.0,Red,0,1,2.0,category0
0.71,19.210949,3.0,Gray,18,4,2.0,category0
0.83,19.425838,2.0,Yellow,0,1,0.0,category0
0.8,20.887077,2.0,Black,0,1,0.0,category0
0.94,43.440205,2.0,Tricolor,0,1,0.0,category0
0.96,21.272547,3.0,Brown,11,4,2.0,category0
0.8,19.15006,3.0,Black,18,4,2.0,category0
0.74,31.606253,2.0,Black,0,1,0.0,category0
0.6,30.198057,3.0,Blue,0,7,2.0,category0
0.44,30.489326,3.0,Brown,12,1,2.0,category0
0.93,34.14844,3.0,White,0,1,2.0,category0
0.17,14.176352,2.0,Black,13,9,0.0,category0
0.83,20.458567,3.0,Gray,0,7,2.0,category0
0.68829864,19.2606,3.0,Yellow,0,7,2.0,category0
0.3247496,9.92859,3.0,Red,18,4,2.0,category0
0.58,11.208289,2.0,Tricolor,0,1,1.0,category0
0.3553591,31.130594,3.0,Tan,0,1,2.0,category0
0.62,21.06609,3.0,Blue,0,1,2.0,category0
0.84,10.659178,2.0,Brown Brindle,13,9,0.0,category0
0.49,35.17571,3.0,Black,18,4,2.0,category0
0.35,14.382966,2.0,White,13,9,0.0,category0
0.61,11.991444,2.0,White,13,9,0.0,category0
0.2833244,7.7371755,3.0,Gray,18,4,2.0,category0
0.42,22.751293,2.0,Brown,13,9,0.0,category0
0.95410943,17.472948,2.0,Blue,0,1,0.0,category0
0.2577127,7.523726,3.0,Tricolor,7,1,2.0,category0
0.79,24.735882,3.0,Black,0,9,2.0,category0
0.97,37.731274,2.0,Black,7,1,0.0,category0
0.41,15.451053,3.0,Gray,18,4,2.0,category0
0.08,10.948488,2.0,Brown Brindle,13,9,0.0,category0
0.4,34.251392,3.0,Red,7,1,2.0,category0
0.82,19.004564,3.0,Gray,0,7,2.0,category0
0.92,40.26718,3.0,White,0,1,2.0,category0
0.9,18.057259,3.0,Gray,0,1,2.0,category0
0.62226707,26.498995,3.0,White,0,1,2.0,category0
0.86,28.508507,3.0,Black,0,7,2.0,category0
0.98,25.797642,3.0,White,0,1,2.0,category0
0.1,31.957426,3.0,Blue,18,4,2.0,category0
0.939198,33.916687,2.0,Yellow,0,3,0.0,category0
0.75,24.598906,2.0,Brown,13,9,0.0,category0
0.56,12.501782,2.0,Brown,11,4,1.0,category0
0.48,7.878028,2.0,Black,13,9,0.0,category0
0.72691077,20.693853,3.0,Red,7,1,2.0,category0
0.1,15.657903,2.0,White,0,1,0.0,category0
0.5652777,26.061598,3.0,Yellow,0,7,2.0,category0
0.9,25.688145,3.0,Gray,0,1,2.0,category0
0.7291129,6.144795,3.0,Gray,18,4,2.0,category0
0.9,42.189045,3.0,Gray,18,4,2.0,category0
0.66,37.975426,3.0,Tan,0,1,2.0,category0
0.79,18.957214,2.0,White,0,1,0.0,category0
0.9,28.59943,2.0,Red,0,1,0.0,category0
0.425494,28.582596,3.0,Brown,18,4,2.0,category0
0.89,14.597398,3.0,Brown,7,1,2.0,category0
0.65,25.81477,3.0,White,7,1,2.0,category0
0.73,11.952386,2.0,Black,0,1,0.0,category0
0.18,10.453329,3.0,Gray,0,4,2.0,category0
0.73,36.574768,3.0,Tricolor,11,4,2.0,category0
0.43949133,38.879547,3.0,Gray,0,6,2.0,category0
0.92663854,44.420067,3.0,White,0,1,2.0,category0
0.8583074,19.245293,3.0,Gray,0,7,2.0,category0
0.37,6.6472545,2.0,White,13,9,1.0,category0
0.9,17.631035,2.0,Tan,0,1,0.0,category0
0.9,42.522263,3.0,Gray,0,1,2.0,category0
0.28,32.38567,2.0,Red,7,1,1.0,category0
0.83,11.971331,3.0,Tan,0,1,2.0,category0
0.32,7.5895305,2.0,Tricolor,13,9,0.0,category0
0.98,24.879047,3.0,Gray,0,6,2.0,category0
0.63,22.21775,2.0,Red,0,1,1.0,category0
0.89,19.290997,3.0,White,7,1,2.0,category0
0.9867827,12.461626,3.0,Gray,7,1,2.0,category0
0.86,20.037033,3.0,White,0,1,2.0,category0
0.72,11.540894,2.0,Black,0,1,0.0,category0
0.764736,11.364841,3.0,Gray,18,4,2.0,category0
0.94,44.359417,3.0,White,0,7,2.0,category0
0.35,23.886673,3.0,White,7,1,2.0,category0
0.88,18.652609,3.0,Gray,18,4,2.0,category0
0.63,8.405607,3.0,Gray,11,4,2.0,category0
0.5596015,46.55968,2.0,Gray,18,4,1.0,category0
0.51,26.938276,3.0,White,0,7,2.0,category0
0.32,23.967669,3.0,Gray,7,1,2.0,category0
0.44,37.46157,3.0,Gray,18,4,2.0,category0
0.98,26.100222,3.0,Red,0,1,2.0,category0
0.6852488,36.897125,2.0,Tricolor,7,1,0.0,category0
0.67,36.67535,3.0,Tricolor,0,7,2.0,category0
0.63,26.840414,3.0,Green,0,1,2.0,category0
0.9503145,21.821318,3.0,Gray,0,1,2.0,category0
0.10229566,37.214203,3.0,Black,18,4,2.0,category0
0.55,9.540828,3.0,Red,0,3,2.0,category0
0.3759476,9.0359335,2.0,Black,18,4,1.0,category0
0.94,15.989896,2.0,Black,0,1,0.0,category0
0.30146787,7.6242237,2.0,Blue,18,4,1.0,category0
0.89,14.58564,3.0,White,0,1,2.0,category0
0.61,7.238324,2.0,Black,13,9,0.0,category0
0.73,34.019043,2.0,Cream Tabby,7,1,0.0,category0
0.1,33.204124,3.0,Gray,18,4,2.0,category0
0.55,27.93033,3.0,Gray,0,1,2.0,category0
0.76,17.333025,3.0,Gray,0,1,2.0,category0
0.20466073,7.102029,3.0,Gray,11,4,2.0,category0
0.72,30.822638,2.0,Gray,18,4,0.0,category0
0.51,7.5270286,2.0,White,13,9,0.0,category0
0.72,46.973125,2.0,Black,0,3,0.0,category0
0.53,20.154873,2.0,Brown,18,4,1.0,category0
0.13,31.329035,3.0,Orange Tabby,0,1,2.0,category0
0.54,26.19468,2.0,Chocolate,0,1,0.0,category0
0.84,28.1514,3.0,Red,7,1,2.0,category0
0.57,43.37439,3.0,Red,12,1,2.0,category0
0.75,31.35208,2.0,Black,0,1,0.0,category0
0.86,44.968216,2.0,White,0,3,0.0,category0
0.68,33.15965,2.0,Brown,18,4,1.0,category0
0.4,26.540257,3.0,Blue,0,1,2.0,category0
0.83,25.15795,3.0,Red,0,1,2.0,category0
0.47239003,46.11351,2.0,White,0,3,0.0,category0
0.58830464,32.869083,2.0,Blue,0,1,0.0,category0
0.58,18.960297,3.0,Gray,0,1,2.0,category0
0.69,20.219124,2.0,White,13,9,0.0,category0
0.48,21.385162,2.0,White,0,3,0.0,category0
0.88,7.0317802,2.0,White,0,1,1.0,category0
0.49,38.877373,3.0,Tricolor,7,1,2.0,category0
0.96,30.875195,3.0,Yellow,18,4,2.0,category0
0.92,39.023705,2.0,Brown Brindle,0,1,0.0,category0
0.76,17.725815,2.0,White,0,1,0.0,category0
0.1,29.917702,2.0,Black,0,1,0.0,category0
0.76,10.221763,2.0,White,13,9,1.0,category0
0.57,49.036575,3.0,White,18,4,2.0,category0
0.87,11.706989,2.0,White,0,1,0.0,category0
0.81154,7.2456827,3.0,Red,18,4,2.0,category0
0.79,28.851208,3.0,White,12,1,2.0,category0
0.69,7.6242237,2.0,White,18,4,1.0,category0
0.82,44.417595,3.0,White,0,3,2.0,category0
0.59,18.654245,2.0,Red,0,3,1.0,category0
0.7795061,16.4754,3.0,Blue,0,1,2.0,category0
0.03,42.815453,3.0,Yellow,18,4,2.0,category0
0.56,37.279026,3.0,Yellow,0,7,2.0,category0
0.38265914,31.827806,3.0,Yellow,13,9,2.0,category0
0.93,31.449791,2.0,White,0,1,0.0,category0
0.02,16.272898,2.0,Black,0,1,0.0,category0
0.48806286,23.948368,3.0,Gray,0,1,2.0,category0
0.57,41.11449,3.0,Black,18,4,2.0,category0
0.61,12.42624,2.0,Black,13,9,0.0,category0
0.15,43.231087,2.0,White,7,1,0.0,category0
0.87,41.652283,3.0,Gray,0,1,2.0,category0
0.07,22.360746,3.0,Red,0,1,2.0,category0
0.33,27.030682,3.0,Gray,13,9,2.0,category0
0.8918657,27.678158,2.0,Black,18,4,1.0,category0
0.87,38.879704,3.0,Gray,18,4,2.0,category0
0.6987709,8.024416,3.0,Gray,18,4,2.0,category0
0.78,26.602074,3.0,Gray,0,1,2.0,category0
0.43957558,28.891663,2.0,Red,0,1,1.0,category0
0.87,37.955666,3.0,White,7,1,2.0,category0
0.86,30.225435,3.0,Green,0,2,2.0,category0
0.9,29.418451,3.0,Gray,0,1,2.0,category0
0.86,46.934685,3.0,Red,7,7,2.0,category0
0.74,29.251696,3.0,Tan,0,1,2.0,category0
0.87,17.867996,2.0,Black,0,1,0.0,category0
0.91713196,22.441738,2.0,Red,13,9,0.0,category0
0.79,14.195669,3.0,Gray,18,4,2.0,category0
0.1804214,13.3467655,3.0,Brown Tabby,0,1,2.0,category0
0.96,5.7863593,2.0,Orange Tabby,0,1,1.0,category0
0.58,29.464111,2.0,Tan,7,1,0.0,category0
0.0,28.832212,3.0,Brown,18,4,2.0,category0
0.46,18.891111,2.0,Tan,0,1,0.0,category0
0.47,33.316616,3.0,Gray,0,1,2.0,category0
0.65,40.297356,3.0,Red,0,7,2.0,category0
0.76,28.583715,3.0,White,0,1,2.0,category0
0.55,13.726577,2.0,White,13,9,0.0,category0
0.81,21.582895,2.0,Chocolate,0,1,0.0,category0
0.23,7.131789,2.0,White,0,1,0.0,category0
0.79,40.55641,3.0,White,0,1,2.0,category0
0.11,15.324217,2.0,Black,0,1,0.0,category0
0.89,20.575691,2.0,White,0,1,0.0,category0
0.59,19.892296,2.0,Black,13,9,0.0,category0
0.2,10.205168,2.0,Black,13,9,0.0,category0
0.95,47.44617,3.0,Black,18,4,2.0,category0
0.99,9.557651,3.0,Gray,0,1,2.0,category0
0.62,14.759087,3.0,Red,13,9,2.0,category0
0.27,5.949139,3.0,Gray,18,4,2.0,category0
0.44,15.850486,2.0,Red,0,1,1.0,category0
0.92426705,30.8594,3.0,Gray,0,1,2.0,category0
0.73,19.116686,3.0,White,0,1,2.0,category0
0.74,39.199013,2.0,Gray,7,1,0.0,category0
0.7989274,39.839542,3.0,Yellow,0,1,2.0,category0
0.14434639,12.339271,2.0,Black,0,1,0.0,category0
0.49,16.311659,3.0,Red,0,1,2.0,category0
0.89,12.372543,2.0,Black,18,4,1.0,category0
0.98,30.785425,3.0,Cream,7,1,2.0,category0
0.75,31.638927,3.0,Brown,18,4,2.0,category0
0.3791569,47.074158,2.0,White,0,3,0.0,category0
0.97,43.532333,2.0,Green,7,1,0.0,category0
0.15,31.375774,2.0,White,13,9,0.0,category0
0.28,30.854288,3.0,Red,0,1,2.0,category0
0.8680903,21.145607,3.0,White,0,4,2.0,category0
0.55,16.419336,3.0,Gray,0,1,2.0,category0
0.31,15.133952,2.0,Black,7,1,1.0,category0
0.7,6.791266,3.0,Yellow,0,1,2.0,category0
0.45,24.212091,2.0,Tan,0,1,0.0,category0
0.59,10.93292,3.0,Yellow,0,1,2.0,category0
0.08,16.55453,3.0,Brown,18,4,2.0,category0
0.9,23.867754,2.0,Black,0,1,1.0,category0
0.39,31.68445,3.0,Gray,0,1,2.0,category0
0.97,34.560642,3.0,Gray,7,1,2.0,category0
0.24,36.845264,3.0,Red,0,1,2.0,category0
0.61,6.0045295,2.0,Black,13,9,0.0,category0
0.68,25.27204,2.0,White,0,3,0.0,category0
0.62362784,5.190338,2.0,Black,13,9,0.0,category0
0.08883657,11.80821,1.0,Black,0,1,0.0,category0
0.8520907,33.072887,2.0,Tricolor,7,1,1.0,category0
0.98,26.999865,3.0,Gray,0,7,2.0,category0
0.69,13.36329,3.0,Gray,0,1,2.0,category0
0.64,18.043016,2.0,White,0,3,0.0,category0
0.57,49.54672,2.0,White,0,3,0.0,category0
0.97,11.8669815,2.0,Tan,0,1,0.0,category0
0.7649745,23.630957,3.0,Yellow,0,1,2.0,category0
0.66889405,27.78023,2.0,White,0,4,0.0,category0
0.74,22.378872,2.0,Black,0,1,0.0,category0
0.58,6.4288087,2.0,Black,13,9,0.0,category0
0.54,34.694267,3.0,Blue,0,1,2.0,category0
0.38644972,16.24205,3.0,Blue,0,7,2.0,category0
0.15,15.333636,2.0,Tricolor,7,1,0.0,category0
0.92,14.009888,2.0,Brown,0,3,0.0,category0
0.66,22.023035,3.0,White,0,1,2.0,category0
0.8,17.266394,3.0,Red,0,1,2.0,category0
0.21,44.125904,3.0,Black,18,4,2.0,category0
0.74936205,14.255951,2.0,Brown,0,1,1.0,category0
0.49,37.93104,3.0,Gray,12,1,2.0,category0
0.99,28.810522,3.0,White,18,4,2.0,category0
0.95,11.419784,2.0,Tan,0,1,0.0,category0
0.35298526,8.754853,2.0,Brown,0,1,1.0,category0
0.78,26.530193,3.0,Gray,18,4,2.0,category0
0.86,22.05039,2.0,Brown,0,4,1.0,category0
0.27,11.767872,2.0,Brown,13,9,0.0,category0
0.8,42.648304,3.0,Black,18,4,2.0,category0
0.31,41.704407,3.0,Yellow,0,7,2.0,category0
0.39,39.46591,3.0,Brown,18,4,2.0,category0
0.4740112,40.647774,2.0,White,7,1,1.0,category0
0.77,26.311214,3.0,Gray,18,4,2.0,category0
0.8,6.248184,3.0,Red,7,1,2.0,category0
0.14460751,8.273546,2.0,White,13,9,0.0,category0
0.19,9.267739,2.0,White,0,1,0.0,category0
0.8474182,37.767017,3.0,Gray,0,1,2.0,category0
0.48,15.316228,3.0,White,0,3,2.0,category0
0.85,28.78714,2.0,Black,0,1,0.0,category0
0.46,31.264727,3.0,Red,0,1,2.0,category0
0.4082326,21.72892,2.0,Red,13,9,0.0,category0
0.75,30.371405,3.0,White,0,1,2.0,category0
0.55,35.076214,3.0,White,7,1,2.0,category0
0.63,32.137756,3.0,Yellow,18,4,2.0,category0
0.33,27.572966,3.0,Blue,0,1,2.0,category0
0.46,15.688635,2.0,Orange,13,9,0.0,category0
0.24,34.58914,3.0,White,0,7,2.0,category0
0.8548186,19.197933,3.0,Gray,0,1,2.0,category0
0.01,43.98695,3.0,Black,18,4,2.0,category0
0.89,37.49732,3.0,Brown,18,4,2.0,category0
0.7549674,28.293182,3.0,Tan,0,7,2.0,category0
0.96704733,14.103034,3.0,White,0,1,2.0,category0
0.93,11.657034,3.0,Cream Tabby,0,1,2.0,category0
0.38,20.617908,2.0,Gray,18,4,1.0,category0
0.9723611,18.70411,3.0,White,0,1,2.0,category0
0.53,28.039404,3.0,Tricolor,0,1,2.0,category0
0.64,35.69584,3.0,Yellow,7,1,2.0,category0
0.74,19.858418,3.0,Gray,0,1,2.0,category0
0.60533386,15.321703,2.0,Brown,0,1,0.0,category0
0.76,15.246423,3.0,Gray,0,7,2.0,category0
0.39,5.630202,2.0,White,13,9,0.0,category0
0.79,37.857018,2.0,Yellow,18,4,1.0,category0
0.38673648,7.101709,3.0,Black,0,1,2.0,category0
0.84,37.10643,3.0,Black,18,4,2.0,category0
0.8,13.010176,2.0,White,0,1,0.0,category0
0.40263858,37.436623,3.0,Gray,0,7,2.0,category0
0.95,31.02554,3.0,White,7,1,2.0,category0
0.11,41.21219,3.0,Gray,18,4,2.0,category0
0.29,6.4480224,2.0,Black,0,1,1.0,category0
0.9899581,33.159454,3.0,White,18,4,2.0,category0
0.57,11.531128,2.0,White,13,9,0.0,category0
0.59,23.331394,2.0,Gray,18,4,0.0,category0
0.75,14.750554,2.0,Brown Brindle,13,9,0.0,category0
0.7,23.68392,3.0,Gray,0,1,2.0,category0
0.89,35.273674,3.0,Tortie,0,1,2.0,category0
0.35,6.995405,2.0,Black,13,9,1.0,category0
0.92,15.815641,2.0,Yellow,0,1,0.0,category0
0.9934071,20.79302,3.0,Tricolor,0,1,2.0,category0
0.06,31.493315,2.0,Black,0,1,0.0,category0
0.9404572,33.400036,3.0,Gray,0,1,2.0,category0
0.49,30.646996,3.0,Buff,0,7,2.0,category0
0.77,13.634535,3.0,Black,0,1,2.0,category0
0.55,39.82766,3.0,Blue,18,4,2.0,category0
0.55,26.123596,3.0,White,0,1,2.0,category0
0.90289867,10.568084,2.0,Green,0,1,0.0,category0
0.84,24.569788,3.0,Yellow,0,1,2.0,category0
0.47,7.596013,2.0,Blue,13,9,0.0,category0
0.29296958,22.655657,3.0,Gray,18,4,2.0,category0
0.68,11.73242,3.0,Yellow,7,1,2.0,category0
0.08,16.77102,2.0,White,0,1,0.0,category0
0.97,22.057116,3.0,White,13,2,2.0,category0
0.7308166,38.710144,2.0,Red,7,1,0.0,category0
0.74,23.390482,3.0,Gray,18,4,2.0,category0
0.84,39.767414,3.0,Black,18,4,2.0,category0
0.41,27.763254,3.0,Red,0,1,2.0,category0
0.50786227,18.632336,3.0,Gray,18,4,2.0,category0
0.86,29.178955,3.0,White,0,1,2.0,category0
0.19830823,20.457012,2.0,White,0,3,1.0,category0
0.77,28.665361,3.0,Gray,0,1,2.0,category0
0.5,27.662268,3.0,Gray,0,1,2.0,category0
0.52,33.37242,3.0,White,12,1,2.0,category0
0.75,46.540226,2.0,White,0,3,0.0,category0
0.21050577,27.157564,3.0,Gray,7,1,2.0,category0
0.87462807,6.7540364,3.0,White,7,1,2.0,category0
0.27,25.54337,3.0,Black,18,4,2.0,category0
0.52,9.8913765,2.0,Brown,18,4,1.0,category0
0.1,24.252531,3.0,Red,0,1,2.0,category0
0.86233735,41.13836,2.0,Black,0,1,0.0,category0
0.7,36.183975,3.0,Brown,18,4,2.0,category0
0.75,26.676804,3.0,Yellow,0,1,2.0,category0
0.66,22.702532,2.0,White,0,1,0.0,category0
0.25,12.656896,3.0,Green,18,4,2.0,category0
0.73,15.190602,2.0,Red,0,1,0.0,category0
0.26,19.20421,2.0,Brown,11,4,1.0,category0
0.08348367,25.108984,3.0,Black,18,4,2.0,category0
0.44,29.607674,3.0,Brown Tabby,7,1,2.0,category0
0.54478335,15.9117775,2.0,Black,0,1,0.0,category0
0.65,19.869556,2.0,Brown,13,9,0.0,category0
0.07,36.407104,3.0,Red,0,1,2.0,category0
0.53,49.359707,3.0,Black,18,4,2.0,category0
0.84,36.22814,3.0,Gray,0,1,2.0,category0
0.94,20.258629,2.0,Black,0,1,1.0,category0
0.98,7.662317,2.0,White,11,4,1.0,category0
0.54,28.446884,2.0,Tan,13,9,0.0,category0
0.65,45.98774,3.0,Gray,18,4,2.0,category0
0.92,27.79239,2.0,Black,7,1,0.0,category0
0.44,30.511703,2.0,Brown,13,9,0.0,category0
0.96,36.661263,2.0,Red,0,1,0.0,category0
0.88,30.692785,3.0,Red,0,1,2.0,category0
0.09170185,40.290737,3.0,Blue,18,4,2.0,category0
0.92,40.54516,3.0,White,11,4,2.0,category0
0.6,20.43295,3.0,Red,0,1,2.0,category0
0.44,18.985313,3.0,Gray,0,1,2.0,category0
0.58,18.476707,2.0,White,13,9,0.0,category0
0.06,15.682887,3.0,Gray,18,4,2.0,category0
0.39,31.623884,3.0,Gray,18,4,2.0,category0
0.73,23.03656,3.0,White,0,1,2.0,category0
0.82907355,9.9938965,2.0,Red,0,1,1.0,category0
0.93,37.043243,2.0,Sable,7,1,0.0,category0
0.7958967,15.522502,3.0,Yellow,7,1,2.0,category0
0.57,37.16828,3.0,Yellow,0,7,2.0,category0
0.66,12.499925,2.0,White,13,9,0.0,category0
0.29,16.534285,2.0,Gray,18,4,1.0,category0
0.5494111,7.8589983,2.0,Black,0,1,0.0,category0
0.49,9.9232855,2.0,White,13,9,0.0,category0
0.83,22.03726,2.0,Brown,18,4,1.0,category0
0.95,24.482185,3.0,Gray,0,1,2.0,category0
0.52,7.0107727,2.0,White,13,9,0.0,category0
0.17,18.780415,2.0,Sable,18,4,1.0,category0
0.1,22.725227,2.0,White,13,9,0.0,category0
0.7352403,46.48005,3.0,Black,18,4,2.0,category0
0.85077214,14.099027,2.0,Blue,0,1,0.0,category0
0.9,16.140001,3.0,White,7,1,2.0,category0
0.21,12.6616335,3.0,Gray,18,4,2.0,category0
0.66,37.848995,3.0,Blue,11,4,2.0,category0
0.7130072,8.630924,2.0,Black,0,1,1.0,category0
0.59,43.257725,3.0,Black,7,1,2.0,category0
0.7,5.439978,2.0,Black,0,1,0.0,category0
0.48,14.305593,2.0,Chocolate,13,9,0.0,category0
0.66,20.966206,3.0,Red,12,1,2.0,category0
0.5878141,37.23346,3.0,Tricolor,7,1,2.0,category0
0.14654891,30.318281,3.0,Black,18,4,2.0,category0
0.85,20.014685,2.0,Tan,0,1,1.0,category0
0.45,28.06107,3.0,Blue,0,3,2.0,category0
0.41,21.714287,3.0,Gray,11,4,2.0,category0
0.55,40.841022,3.0,Gray,18,4,2.0,category0
0.89,17.991793,3.0,Gray,0,1,2.0,category0
0.029307831,18.12712,2.0,Black,13,9,1.0,category0
0.61,37.679665,3.0,Tricolor,0,1,2.0,category0
0.33,28.355255,3.0,Brown,18,4,2.0,category0
0.93,46.44218,3.0,Black,18,4,2.0,category0
0.97,23.263367,2.0,Black,0,1,0.0,category0
0.84,19.125778,2.0,Brown,13,9,0.0,category0
0.92,39.55368,3.0,Brown,18,4,2.0,category0
0.45898122,11.814598,2.0,Black,18,4,1.0,category0
0.94,7.1535535,2.0,Red,0,1,0.0,category0
0.08,28.919127,3.0,Brown,11,4,2.0,category0
0.96,39.21808,2.0,Brown,7,1,0.0,category0
0.4,12.469865,2.0,Gray,13,9,1.0,category0
0.94,18.567995,2.0,White,0,3,1.0,category0
0.34,13.584758,3.0,Red,0,1,2.0,category0
0.62637997,14.027775,2.0,Brown Merle,13,9,0.0,category0
0.65254366,27.056011,3.0,Gray,0,1,2.0,category0
0.81,8.002477,3.0,Brown Brindle,0,1,2.0,category0
0.74,6.5593443,2.0,Black,13,9,0.0,category0
0.5892855,26.007534,3.0,Gray,12,1,2.0,category0
0.82,33.16146,2.0,White,0,3,0.0,category0
0.18,13.003177,3.0,Gray,0,1,2.0,category0
0.8346823,41.298172,3.0,Brown,18,4,2.0,category0
0.69,46.036427,3.0,Red,12,1,2.0,category0
0.67,30.9544,2.0,Yellow,0,1,0.0,category0
0.57,20.6587,3.0,Tricolor,0,1,2.0,category0
0.41,13.153077,2.0,White,13,9,0.0,category0
0.091786124,35.926567,3.0,Yellow,0,1,2.0,category0
0.3378506,46.652676,2.0,Black,7,1,1.0,category0
0.56,11.311701,3.0,Black,0,1,2.0,category0
0.38,10.671821,2.0,Red,0,1,0.0,category0
0.87,22.990152,3.0,Gray,18,4,2.0,category0
0.73,27.284113,2.0,Black,0,1,0.0,category0
0.98,10.157672,2.0,White,0,1,0.0,category0
0.71,39.640053,3.0,Black,18,4,2.0,category0
0.08,27.136827,3.0,Green,0,1,2.0,category0
0.015290452,19.174725,2.0,Black,0,1,0.0,category0
0.44,23.29201,3.0,White,0,1,2.0,category0
0.8,19.381462,3.0,Yellow,7,1,2.0,category0
0.98,13.368418,3.0,Gray,0,7,2.0,category0
0.79,17.504713,3.0,Gray,0,7,2.0,category0
0.22,29.840622,2.0,Red,0,1,0.0,category0
0.51,38.15539,3.0,White,7,1,2.0,category0
0.78,27.423645,3.0,Brown,7,1,2.0,category0
0.5411605,19.892593,3.0,Gray,0,7,2.0,category0
0.4278635,15.225536,2.0,White,0,3,0.0,category0
0.39,46.338634,3.0,Black,18,4,2.0,category0
0.07,42.122097,3.0,Red,18,4,2.0,category0
0.67,28.31618,3.0,Yellow,7,1,2.0,category0
0.34521553,26.24065,3.0,Green,0,1,2.0,category0
0.94,23.96618,2.0,Black,0,1,0.0,category0
0.82,15.853829,3.0,White,0,1,2.0,category0
0.56,21.217033,3.0,Gray,18,4,2.0,category0
0.65,45.587177,3.0,Red,7,1,2.0,category0
0.44927207,24.452255,2.0,Brown Brindle,13,9,0.0,category0
0.47,36.844692,3.0,Black,18,4,2.0,category0
0.546054,11.434473,3.0,Red,7,1,2.0,category0
0.39,12.792776,2.0,Blue,13,9,0.0,category0
0.71,35.065765,3.0,White,0,7,2.0,category0
0.81,24.758114,2.0,Black,0,3,0.0,category0
0.65,9.942295,2.0,Tan,13,9,0.0,category0
0.15263693,9.791393,3.0,Brown,18,4,2.0,category0
0.21845092,13.700709,3.0,Red,18,4,2.0,category0
0.12,19.835024,3.0,Gray,18,4,2.0,category0
0.72,23.647646,3.0,Red,0,2,2.0,category0
0.69,25.76264,3.0,Blue,0,3,2.0,category0
0.9398322,19.559017,2.0,Tan,0,1,0.0,category0
0.32,18.137655,3.0,White,13,9,2.0,category0
0.08,22.863972,2.0,Brown,13,9,0.0,category0
0.13245788,21.386236,3.0,Brown,18,4,2.0,category0
0.62,30.741165,3.0,Gray,0,1,2.0,category0
0.63,9.736941,2.0,Black,13,9,0.0,category0
0.7482081,28.616123,3.0,Gray,18,4,2.0,category0
0.44,31.16814,3.0,Gray,0,1,2.0,category0
0.6,27.640938,3.0,Gray,0,1,2.0,category0
0.8157703,14.249103,2.0,Tortie Point,7,1,0.0,category0
0.62,17.807245,3.0,Red,0,1,2.0,category0
0.87,17.453327,3.0,Brown,11,4,2.0,category0
0.86,28.321276,3.0,Gray,18,4,2.0,category0
0.7994964,10.152054,3.0,Blue,0,3,2.0,category0
0.86,33.242897,3.0,Black,0,2,2.0,category0
0.58,14.647692,2.0,Gray,18,4,0.0,category0
0.88,30.808167,3.0,Gray,0,1,2.0,category0
0.8,26.981237,3.0,Gray,0,7,2.0,category0
0.7,26.971958,3.0,Red,7,1,2.0,category0
0.77,32.578854,3.0,Black,0,1,2.0,category0
0.86,27.707047,2.0,Black,0,1,0.0,category0
0.71,19.660707,2.0,Black,18,4,1.0,category0
0.23,23.957506,3.0,Brown,11,4,2.0,category0
0.9560824,30.132652,3.0,White,12,1,2.0,category0
0.64,36.60093,3.0,Black,18,4,2.0,category0
0.84,39.719753,3.0,White,7,1,2.0,category0
0.7212105,13.885089,2.0,Brown Brindle,13,9,0.0,category0
0.05,23.085659,3.0,Brown,18,4,2.0,category0
0.44,11.294205,2.0,Black,13,9,0.0,category0
0.92,36.480537,3.0,Tricolor,0,7,2.0,category0
0.75,22.311434,3.0,Gray,0,7,2.0,category0
0.8071612,19.094797,3.0,Tricolor,18,4,2.0,category0
0.98,7.9410934,2.0,Black,0,1,0.0,category0
0.94,13.690628,2.0,Tricolor,0,1,0.0,category0
0.37,7.0361543,2.0,Orange Tabby,18,4,1.0,category0
0.52,8.036663,2.0,White,0,1,0.0,category0
0.32,35.3008,3.0,Red,0,1,2.0,category0
0.4,20.410269,3.0,Gray,0,7,2.0,category0
0.3599085,27.459183,3.0,Yellow,7,1,2.0,category0
0.21641476,27.375778,3.0,Yellow,0,7,2.0,category0
0.66226834,18.4827,3.0,Blue,0,1,2.0,category0
0.28204617,31.962282,3.0,Red,7,1,2.0,category0
0.37,11.430228,2.0,Tricolor,18,4,1.0,category0
0.89,23.157122,3.0,Blue,0,7,2.0,category0
0.69,42.748566,3.0,Red,13,9,2.0,category0
0.32,33.710773,3.0,Brown,18,4,2.0,category0
0.86,24.039848,3.0,Gray,0,4,2.0,category0
0.63,11.737875,3.0,Red,12,1,2.0,category0
0.54,33.99102,3.0,White,7,1,2.0,category0
0.89,38.651936,2.0,Red,0,1,1.0,category0
0.85,35.19715,3.0,Gray,0,1,2.0,category0
0.7962454,24.944202,2.0,Tan,0,1,1.0,category0
0.53,9.968449,2.0,Brown Brindle,0,1,1.0,category0
0.44,22.636086,3.0,Black,0,1,2.0,category0
0.52,17.606936,3.0,White,7,1,2.0,category0
0.53,47.774727,2.0,White,0,3,0.0,category0
0.8,42.069744,3.0,Brown,18,4,2.0,category0
0.51,20.859169,3.0,White,18,4,2.0,category0
0.15906642,22.132048,3.0,Blue,0,1,2.0,category0
0.711824,41.84187,3.0,White,0,1,2.0,category0
0.08,14.243151,2.0,Tan,18,4,1.0,category0
0.81,15.594619,3.0,Gray,13,9,2.0,category0
0.66,36.797054,2.0,Red,0,1,1.0,category0
0.93,11.903604,2.0,Black,0,1,0.0,category0
0.63,13.500119,2.0,White,13,9,0.0,category0
0.24,11.561215,3.0,Red,0,3,2.0,category0
0.54,18.014732,3.0,Gray,0,1,2.0,category0
0.21,7.312812,2.0,White,13,9,0.0,category0
0.8501629,32.35517,2.0,White,0,3,0.0,category0
0.75,14.226068,2.0,Tricolor,0,1,1.0,category0
0.53,5.6745315,2.0,Brown,13,9,1.0,category0
0.5702863,41.079403,2.0,Red,7,1,1.0,category0
0.88,19.14841,3.0,Yellow,0,1,2.0,category0
0.83,31.972113,3.0,Yellow,0,1,2.0,category0
0.91,32.783127,3.0,Red,7,1,2.0,category0
0.34,30.895243,3.0,Gray,0,1,2.0,category0
0.6821859,7.727963,2.0,Gray,13,9,0.0,category0
0.56,25.791706,3.0,Yellow,0,7,2.0,category0
0.73,10.642701,2.0,White,13,9,0.0,category0
0.8354262,8.61984,3.0,Red,7,1,2.0,category0
0.18,34.445,3.0,Brown,18,4,2.0,category0
0.72,12.183006,2.0,Black,0,1,0.0,category0
0.4,20.249395,3.0,Yellow,7,1,2.0,category0
0.98,46.9577,3.0,White,11,4,2.0,category0
0.9,49.45086,2.0,White,0,3,0.0,category0
0.99,41.34809,3.0,Yellow,0,1,2.0,category0
0.68,7.5648694,3.0,Gray,0,7,2.0,category0
0.3,38.27999,3.0,Red,0,1,2.0,category0
0.35,29.25043,2.0,Black,0,3,0.0,category0
0.45,5.4816413,2.0,Black,13,9,0.0,category0
0.93,39.35444,3.0,Brown,18,4,2.0,category0
0.76,38.87997,3.0,Red,0,1,2.0,category0
0.68,19.499321,2.0,White,0,1,0.0,category0
0.7087936,32.87104,3.0,White,18,4,2.0,category0
0.69,34.983738,3.0,Gray,0,1,2.0,category0
0.9121538,9.8638115,2.0,White,0,1,0.0,category0
0.09,14.253168,2.0,Tan,18,4,1.0,category0
0.09,48.159283,3.0,Yellow,0,1,2.0,category0
0.32551932,39.765553,3.0,White,7,1,2.0,category0
0.7381609,28.668467,3.0,White,18,4,2.0,category0
0.83,28.101269,3.0,Yellow,7,1,2.0,category0
0.2,33.23164,3.0,White,11,4,2.0,category0
0.25,23.443432,3.0,White,11,4,2.0,category0
0.8309827,18.623255,3.0,Tan,11,4,2.0,category0
0.36,28.334293,3.0,Yellow,0,1,2.0,category0
0.28,10.205723,3.0,Gray,18,4,2.0,category0
0.63547844,14.478864,2.0,Brown,13,9,0.0,category0
0.47,34.218906,3.0,Red,7,1,2.0,category0
0.14,25.732157,3.0,Gray,18,4,2.0,category0
0.34586817,24.49926,3.0,Yellow,0,7,2.0,category0
0.6,44.78531,3.0,Brown,18,4,2.0,category0
0.01,18.944687,3.0,Gray,0,6,2.0,category0
0.81,35.32337,3.0,Gray,18,4,2.0,category0
0.19,6.121228,2.0,Brown,13,9,1.0,category0
0.9,45.198143,2.0,Tan,0,3,0.0,category0
0.97,20.658134,2.0,Tan,7,1,0.0,category0
0.61,10.531041,2.0,Brown,13,9,0.0,category0
0.99,15.846306,2.0,Red,0,1,1.0,category0
0.63084096,21.345856,3.0,Gray,18,4,2.0,category0
0.24,19.064194,3.0,Gray,0,7,2.0,category0
0.89,41.82731,3.0,Gray,0,1,2.0,category0
0.88,22.066545,3.0,Blue,0,7,2.0,category0
0.92,35.242718,3.0,Red,12,1,2.0,category0
0.46,36.69814,2.0,Brown,7,1,1.0,category0
0.02,12.412014,3.0,Gray,18,4,2.0,category0
0.26,33.303062,3.0,Brown,11,4,2.0,category0
0.45,18.994293,3.0,White,7,1,2.0,category0
0.31,36.711876,3.0,Black,18,4,2.0,category0
0.060404275,15.244182,3.0,Gray,18,4,2.0,category0
0.24,9.742205,3.0,Gray,18,4,2.0,category0
0.91100764,31.955317,3.0,White,0,1,2.0,category0
0.63,43.454468,3.0,Red,7,1,2.0,category0
0.6194755,13.967121,3.0,Red,13,9,2.0,category0
0.04,8.539896,2.0,Brown Brindle,0,1,0.0,category0
0.8,16.026302,3.0,Gray,0,1,2.0,category0
0.39,12.008155,2.0,White,13,9,0.0,category0
0.94325894,38.232178,2.0,White,0,1,0.0,category0
0.77,15.786882,3.0,Tricolor,0,6,2.0,category0
0.68,33.663544,2.0,Gray,18,4,0.0,category0
0.68,23.45802,3.0,Yellow,7,1,2.0,category0
0.99,46.773037,3.0,Gray,18,4,2.0,category0
0.78,25.28841,3.0,Green,7,1,2.0,category0
0.63,25.474398,3.0,Gray,0,1,2.0,category0
0.54,7.3556685,2.0,Black,13,9,1.0,category0
0.93,16.14321,3.0,White,0,1,2.0,category0
0.88,39.389015,2.0,Sable,7,1,0.0,category0
0.5862033,32.48416,3.0,Red,0,1,2.0,category0
0.2,7.798883,2.0,Black,13,9,0.0,category0
0.51,37.792946,3.0,Yellow,7,1,2.0,category0
0.47377932,24.776266,2.0,Red,0,1,0.0,category0
0.044389345,47.90701,3.0,Black,18,4,2.0,category0
0.72,33.901764,3.0,Yellow,0,1,2.0,category0
0.79,9.620134,3.0,White,7,1,2.0,category0
0.14,26.7669,3.0,Gray,0,1,2.0,category0
0.47435853,48.02851,3.0,Yellow,0,1,2.0,category0
0.73,11.846345,3.0,Brown,11,4,2.0,category0
0.77096313,16.663427,3.0,Gray,18,4,2.0,category0
0.41,30.539846,3.0,White,0,1,2.0,category0
0.76,35.812496,3.0,Brown,18,4,2.0,category0
0.68,8.70343,2.0,Green,7,1,0.0,category0
0.9,37.55514,3.0,White,0,1,2.0,category0
0.68,12.115449,3.0,Green,7,1,2.0,category0
0.97912765,21.246176,3.0,White,0,1,2.0,category0
0.16,45.514385,3.0,Black,7,1,2.0,category0
0.34999406,14.966788,3.0,Blue,0,7,2.0,category0
0.50940967,29.631847,3.0,Black,0,1,2.0,category0
0.42,30.560818,3.0,Brown,13,9,2.0,category0
0.38,26.206944,3.0,White,0,1,2.0,category0
0.92,16.665152,2.0,Black,0,1,0.0,category0
0.88,33.18892,3.0,Black,18,4,2.0,category0
0.85,17.528433,3.0,Black,0,1,2.0,category0
0.48,34.214096,3.0,White,12,1,2.0,category0
0.6251813,23.244394,2.0,White,13,9,0.0,category0
0.93,15.7419405,3.0,Red,0,1,2.0,category0
0.5,5.693654,2.0,White,13,9,1.0,category0
0.44,39.822132,3.0,White,0,3,2.0,category0
0.52,12.199541,3.0,Gray,18,4,2.0,category0
0.9,11.989118,2.0,Red,0,1,0.0,category0
0.2,45.140747,3.0,White,7,1,2.0,category0
0.5158855,45.213146,3.0,Brown,0,1,2.0,category0
0.15,30.229134,2.0,White,0,3,1.0,category0
0.46874553,23.730755,2.0,Black,11,4,1.0,category0
0.27038923,8.318219,2.0,Tan,13,9,0.0,category0
0.85,7.4442205,2.0,Red,0,1,1.0,category0
0.63,25.532785,2.0,Red,12,1,0.0,category0
0.26,9.702744,2.0,Blue,18,4,1.0,category0
0.41,30.761843,3.0,Red,12,1,2.0,category0
0.38936925,9.949298,3.0,Blue,0,1,2.0,category0
0.79871213,42.118458,3.0,Blue,0,3,2.0,category0
0.54304874,24.51176,3.0,White,0,1,2.0,category0
0.44,25.617668,3.0,Brown Tabby,7,1,2.0,category0
0.04,6.7982907,2.0,Brown Brindle,13,9,0.0,category0
0.21,5.302129,2.0,Black,13,9,1.0,category0
0.88,41.082767,2.0,Tan,0,1,0.0,category0
0.53,24.176615,3.0,Black,0,1,2.0,category0
0.3246129,7.1140385,2.0,Black,18,4,1.0,category0
0.77404475,15.045664,2.0,Tan,0,1,0.0,category0
0.96,33.88244,3.0,Green,0,2,2.0,category0
0.562237,41.572292,3.0,Brown Tabby,18,4,2.0,category0
0.22,40.571915,3.0,White,7,1,2.0,category0
0.88,18.914682,3.0,Red,12,1,2.0,category0
0.96433204,34.724106,2.0,Yellow,0,1,0.0,category0
0.92,37.41553,3.0,Gray,0,7,2.0,category0
0.9,20.48108,2.0,Blue,0,1,0.0,category0
0.96,26.333372,3.0,Gray,0,1,2.0,category0
0.49,10.8115015,2.0,Blue,13,9,0.0,category0
0.73,15.509554,3.0,Brown,18,4,2.0,category0
0.59,7.338291,2.0,Black,0,1,0.0,category0
0.58,9.09114,2.0,Black,0,1,0.0,category0
0.75,46.401676,2.0,Blue,7,1,1.0,category0
0.36,9.40075,3.0,Brown,11,4,2.0,category0
0.98,20.310287,3.0,Gray,0,7,2.0,category0
0.8312309,19.45088,3.0,Brown,18,4,2.0,category0
0.35,28.611584,3.0,Gray,0,1,2.0,category0
0.9344549,48.14021,3.0,Yellow,0,1,2.0,category0
0.87,28.875065,3.0,Brown,0,1,2.0,category0
0.59,25.688131,3.0,Red,12,1,2.0,category0
0.35,24.910378,2.0,Tan,13,9,0.0,category0
0.91,48.437206,3.0,Brown,0,1,2.0,category0
0.9460554,32.02884,3.0,Black,18,4,2.0,category0
0.7440614,11.589902,2.0,Black,0,1,0.0,category0
0.51,27.686176,2.0,White,0,3,0.0,category0
0.55,49.574097,3.0,Gray,0,1,2.0,category0
0.5,34.84357,3.0,Black,18,4,2.0,category0
0.8,25.30524,3.0,Gray,0,6,2.0,category0
0.84,12.3901415,2.0,White,13,9,0.0,category0
0.41,24.486092,3.0,Red,0,1,2.0,category0
0.48,40.629166,3.0,White,0,1,2.0,category0
0.45,24.52862,3.0,Cream Tabby,0,1,2.0,category0
0.9,37.338337,2.0,Black,0,1,0.0,category0
0.45,13.639097,2.0,Brown,7,1,1.0,category0
0.63,12.641125,2.0,Brown Brindle,0,1,0.0,category0
0.03,20.261244,3.0,Tricolor,0,1,2.0,category0
0.52,34.384937,3.0,Gray,0,1,2.0,category0
0.82,18.14485,2.0,Brown Tabby,0,1,0.0,category0
0.44,14.442568,2.0,Black,18,4,1.0,category0
0.7894318,9.945635,2.0,Tan,0,1,0.0,category0
0.16,35.750195,3.0,Gray,18,4,2.0,category0
0.79,42.346783,3.0,Gray,0,1,2.0,category0
0.6676121,34.468216,2.0,Yellow,0,1,1.0,category0
0.92,47.377113,2.0,White,7,1,1.0,category0
0.98,28.424337,3.0,Tricolor,0,7,2.0,category0
0.36478087,48.79832,2.0,Blue,0,3,0.0,category0
1.0,18.432913,3.0,Gray,0,1,2.0,category0
0.26,20.727009,3.0,White,0,1,2.0,category0
0.71,27.716991,3.0,Gray,11,4,2.0,category0
0.28,16.726917,3.0,Gray,18,4,2.0,category0
0.98,41.267735,3.0,Red,7,1,2.0,category0
0.18,27.572844,3.0,Blue,11,4,2.0,category0
0.59,15.128301,3.0,Red,12,1,2.0,category0
0.61,33.228077,2.0,Red,0,1,0.0,category0
0.29,8.067401,2.0,Black,13,9,0.0,category0
0.48,36.02852,3.0,Gray,0,1,2.0,category0
0.8,6.314311,2.0,Red,0,1,0.0,category0
0.59,26.042248,3.0,White,7,1,2.0,category0
0.7917196,37.3205,3.0,Green,0,1,2.0,category0
0.33,24.689491,2.0,White,13,9,0.0,category0
0.71,36.583843,3.0,Blue,0,1,2.0,category0
0.19,12.67922,2.0,Gray,18,4,0.0,category0
0.72,36.239204,3.0,Red,7,1,2.0,category0
0.86428714,18.817202,3.0,Gray,18,4,2.0,category0
0.89,32.683052,3.0,Black,7,1,2.0,category0
0.29,10.226139,2.0,Tan,0,1,0.0,category0
0.96,19.675571,2.0,White,0,1,1.0,category0
0.17,45.446766,3.0,Torbie,18,4,2.0,category0
0.83,27.762476,3.0,Brown,18,4,2.0,category0
0.44,11.160049,2.0,Blue,0,1,0.0,category0
0.8518429,38.589756,3.0,White,0,1,2.0,category0
0.21,32.59706,3.0,Tricolor,0,1,2.0,category0
0.69343513,18.96794,3.0,Yellow,7,1,2.0,category0
0.77953386,23.959597,3.0,Tan,0,1,2.0,category0
0.31,16.767946,3.0,Yellow,7,1,2.0,category0
0.14010209,31.52559,3.0,White,7,1,2.0,category0
0.8818131,41.201256,3.0,Black,18,4,2.0,category0
0.52,26.674397,2.0,Red,0,1,0.0,category0
0.72,24.07408,3.0,Yellow,18,4,2.0,category0
0.92,14.881658,2.0,White,0,1,1.0,category0
0.33,10.032136,3.0,Gray,0,1,2.0,category0
0.51,7.143338,3.0,Tricolor,18,4,2.0,category0
0.59,17.541151,3.0,White,0,1,2.0,category0
0.27,27.42704,3.0,Red,0,7,2.0,category0
0.54,46.510937,3.0,Yellow,7,1,2.0,category0
0.6269712,8.465934,2.0,Black,0,1,0.0,category0
0.36,45.02977,2.0,Brown Brindle,0,3,0.0,category0
0.39,48.59088,3.0,Yellow,0,7,2.0,category0
0.62,39.93215,3.0,Blue,0,3,2.0,category0
0.91,24.392496,3.0,Gray,0,1,2.0,category0
0.07,9.27378,2.0,White,18,4,1.0,category0
0.85,33.733963,3.0,Gray,0,7,2.0,category0
0.57,20.320204,3.0,Black,7,1,2.0,category0
0.8,32.05401,3.0,White,7,1,2.0,category0
0.9,33.00794,3.0,Gray,11,4,2.0,category0
0.83,22.875666,3.0,Red,7,1,2.0,category0
0.3,13.576388,3.0,Brown,18,4,2.0,category0
0.69342226,19.157478,3.0,Gray,7,1,2.0,category0
0.8798274,12.696511,2.0,White,0,1,0.0,category0
0.56,41.599945,3.0,Blue,0,3,2.0,category0
0.97009325,40.8187,3.0,Black,7,1,2.0,category0
0.7,9.161785,2.0,Black,13,9,0.0,category0
0.53,8.629124,3.0,Cream Tabby,7,1,2.0,category0
0.38732657,10.706839,3.0,Black,0,6,2.0,category0
0.53,27.42886,3.0,Yellow,7,1,2.0,category0
0.93,37.06315,3.0,Brown,11,4,2.0,category0
0.6697316,34.956474,2.0,Black,0,3,0.0,category0
0.09,23.320602,2.0,White,13,9,0.0,category0
0.64,23.966578,3.0,Red,0,1,2.0,category0
0.2,7.9346285,2.0,Buff,13,9,1.0,category0
0.67,36.08023,3.0,Red,12,1,2.0,category0
0.35,20.769226,3.0,Red,0,1,2.0,category0
0.62,17.949656,3.0,Gray,0,1,2.0,category0
0.86,10.728968,3.0,Yellow,7,1,2.0,category0
0.62,14.365874,3.0,Yellow,7,1,2.0,category0
0.12863971,48.321495,3.0,Gray,18,4,2.0,category0
0.72,41.6071,2.0,Blue,0,3,0.0,category0
0.8584607,6.2623863,2.0,Black,1,4,1.0,category0
0.39,31.084332,2.0,Gray,13,9,0.0,category0
0.77,19.416164,3.0,Brown,18,4,2.0,category0
0.99,22.183638,3.0,Gray,0,1,2.0,category0
0.89,15.223766,3.0,Gray,18,4,2.0,category0
0.84,7.9539595,3.0,Yellow,7,1,2.0,category0
0.11,40.31718,3.0,White,12,1,2.0,category0
0.81,42.576344,3.0,Black,0,7,2.0,category0
0.6629185,15.676651,3.0,Yellow,0,1,2.0,category0
0.79,15.78482,3.0,Yellow,0,7,2.0,category0
0.71,33.16929,2.0,Tricolor,0,1,0.0,category0
0.61,38.026283,3.0,Red,0,1,2.0,category0
0.72,9.738017,2.0,White,13,9,0.0,category0
0.3850515,8.592622,3.0,Gray,18,4,2.0,category0
0.58,42.20982,3.0,Red,0,1,2.0,category0
0.095167436,24.241323,2.0,Blue Point,0,1,0.0,category0
0.95,36.397636,2.0,Red,0,1,1.0,category0
0.65,14.44534,3.0,Red,12,1,2.0,category0
0.8,34.07446,3.0,Blue,18,4,2.0,category0
0.15656687,5.518662,2.0,Lilac Point,13,9,1.0,category0
0.28,10.283093,2.0,Red,0,1,0.0,category0
0.39,12.773564,3.0,Gray,7,1,2.0,category0
0.5960566,46.23865,2.0,Red,0,3,0.0,category0
0.3252419,9.587079,2.0,Black,0,1,0.0,category0
0.58,7.013272,2.0,White,13,9,1.0,category0
0.88,15.849539,3.0,Gray,18,4,2.0,category0
0.85,23.66335,3.0,Gray,0,7,2.0,category0
0.22,19.443819,2.0,Red,0,1,1.0,category0
0.9,16.302994,2.0,Red,0,1,0.0,category0
0.66,37.38766,3.0,Red,0,1,2.0,category0
0.38,34.96923,3.0,White,7,1,2.0,category0
0.97,39.77837,3.0,Brown,13,9,2.0,category0
0.94,27.05869,3.0,Black,0,1,2.0,category0
0.36,19.545723,3.0,White,0,1,2.0,category0
0.83,22.852034,3.0,Red,7,1,2.0,category0
0.57,25.863441,3.0,Red,0,1,2.0,category0
0.73,11.973487,3.0,Green,0,6,2.0,category0
0.9,12.180023,3.0,Gray,18,4,2.0,category0
0.69,40.507477,3.0,Gray,0,1,2.0,category0
0.35,18.717558,2.0,Black,11,4,1.0,category0
0.92,33.08558,3.0,Red,0,1,2.0,category0
0.77,47.468693,3.0,Blue,18,4,2.0,category0
0.7365942,33.772316,3.0,Yellow,0,1,2.0,category0
0.3215757,37.16024,3.0,Black,0,7,2.0,category0
0.24,38.944736,2.0,White,13,9,0.0,category0
0.88,42.431835,2.0,Blue,0,1,0.0,category0
0.56,48.67624,3.0,Red,18,4,2.0,category0
0.13596831,13.468897,2.0,Black,13,9,0.0,category0
0.25,43.760464,2.0,Black,7,1,0.0,category0
0.27,6.7049065,3.0,Gray,18,4,2.0,category0
0.50257343,36.41615,3.0,Gray,0,1,2.0,category0
0.71,7.6599693,3.0,Brown,11,4,2.0,category0
0.67,15.365098,2.0,Red,0,1,0.0,category0
0.98,42.835453,3.0,White,18,4,2.0,category0
0.58,9.399621,2.0,Blue Tabby,0,1,0.0,category0
0.85,6.0666904,2.0,Green,0,1,0.0,category0
0.86,28.20886,2.0,White,7,1,1.0,category0
0.47,35.455624,3.0,Red,0,1,2.0,category0
0.7163609,26.807587,3.0,Red,0,1,2.0,category0
0.76,29.207108,3.0,Black,18,4,2.0,category0
0.35,32.957977,3.0,Green,0,1,2.0,category0
0.95,18.039787,2.0,Brown,0,4,0.0,category0
0.59,27.980486,3.0,Gray,0,1,2.0,category0
0.61,20.525537,3.0,Red,0,7,2.0,category0
0.57,39.365765,2.0,Red,0,1,1.0,category0
0.21,25.837236,3.0,Black,11,4,2.0,category0
0.65,15.439069,2.0,Black,7,1,0.0,category0
0.86,25.545856,3.0,White,7,1,2.0,category0
0.46,38.325676,2.0,Brown,13,9,0.0,category0
0.95,47.370552,3.0,Black,18,4,2.0,category0
0.62,28.456219,3.0,Black,0,1,2.0,category0
0.71,8.070421,2.0,White,13,9,0.0,category0
0.81,27.027828,3.0,Yellow,0,1,2.0,category0
0.27,23.9206,3.0,White,0,1,2.0,category0
0.6,38.93,3.0,Tan,7,1,2.0,category0
0.93,29.80235,3.0,Gray,0,1,2.0,category0
0.49,20.225533,3.0,Yellow,0,1,2.0,category0
0.6,30.995785,3.0,Red,7,1,2.0,category0
0.07,39.385212,2.0,Gray,18,4,2.0,category0
0.49,26.370747,3.0,Yellow,0,7,2.0,category0
0.77,23.088793,2.0,Blue,0,1,0.0,category0
0.3,8.423403,2.0,Black,13,9,0.0,category0
0.49,29.258902,3.0,White,0,1,2.0,category0
0.32,23.596893,3.0,Gray,0,7,2.0,category0
0.2,6.2882743,2.0,White,13,9,0.0,category0
0.54204834,35.536938,2.0,Black,0,1,0.0,category0
0.94,36.502415,3.0,Red,13,9,2.0,category0
0.49,30.47356,2.0,White,0,3,1.0,category0
0.69,39.446125,3.0,White,0,3,2.0,category0
0.51,12.388242,3.0,Yellow,7,1,2.0,category0
0.32,24.118156,2.0,Yellow,0,1,0.0,category0
0.83,8.75211,2.0,Tricolor,0,1,0.0,category0
0.37,12.699766,3.0,Gray,11,4,2.0,category0
0.95,32.12309,3.0,Green,0,7,2.0,category0
0.84,40.18389,3.0,Yellow,0,1,2.0,category0
0.16432653,9.548397,2.0,Tricolor,13,9,0.0,category0
0.89444643,20.990202,2.0,Black,7,1,0.0,category0
0.98,35.394188,2.0,Blue,0,1,0.0,category0
0.51,18.571894,3.0,White,11,4,2.0,category0
0.93001324,23.36715,2.0,Black,0,1,0.0,category0
0.6741568,10.486327,2.0,Red,0,1,0.0,category0
0.75,29.649979,3.0,Black,18,4,2.0,category0
0.51,35.518566,3.0,Brown,18,4,2.0,category0
0.31,12.235324,3.0,White,0,1,2.0,category0
0.58636725,27.149225,3.0,Red,12,1,2.0,category0
0.57,28.413862,3.0,Red,7,1,2.0,category0
0.41,23.076792,3.0,Red,0,1,2.0,category0
0.35,37.78079,3.0,Tan,0,1,2.0,category0
0.35,26.81218,3.0,Tan,12,1,2.0,category0
0.4,42.863487,3.0,Yellow,0,1,2.0,category0
0.51,19.851803,3.0,Gray,18,4,2.0,category0
0.6147982,39.10018,3.0,Gray,18,4,2.0,category0
0.99,11.18692,3.0,White,0,7,2.0,category0
0.55,26.55506,3.0,Brown,13,9,2.0,category0
0.59878546,25.135712,2.0,White,0,3,0.0,category0
0.65,21.493156,2.0,White,0,3,0.0,category0
0.84,10.057185,3.0,Red,12,1,2.0,category0
0.54,9.31642,2.0,Brown,13,9,0.0,category0
0.5248264,15.171328,3.0,Green,7,1,2.0,category0
0.92,38.272114,2.0,Black,18,4,1.0,category0
0.44,38.851013,2.0,White,0,3,0.0,category0
0.99,38.448383,3.0,Gray,0,1,2.0,category0
0.29,11.481701,2.0,White,0,1,1.0,category0
0.97,24.23027,3.0,Gray,0,1,2.0,category0
0.57,23.761484,2.0,Black,0,1,0.0,category0
0.97,21.30544,2.0,White,0,3,0.0,category0
0.31,6.2315297,3.0,Blue,7,1,2.0,category0
0.37,25.33045,3.0,Green,0,1,2.0,category0
0.84769386,10.353413,2.0,White,0,3,0.0,category0
0.22,6.4088902,2.0,Brown,13,9,1.0,category0
0.57,21.22675,2.0,White,13,9,0.0,category0
0.74,27.76163,3.0,Brown,18,4,2.0,category0
0.12,25.091793,3.0,Red,18,4,2.0,category0
0.25,37.241787,3.0,Sable,18,4,2.0,category0
0.39,15.477911,3.0,Gray,18,4,2.0,category0
0.88,32.610996,2.0,Red,0,1,2.0,category0
0.72,23.920717,2.0,Lynx Point,18,4,1.0,category0
0.85,7.705286,2.0,Black,13,9,0.0,category0
0.59,49.28492,3.0,Black Smoke,18,4,2.0,category0
0.4,38.410904,3.0,Tricolor,0,7,2.0,category0
0.14904477,16.191109,2.0,Brown,0,1,0.0,category0
0.12,29.428425,2.0,Gray,18,4,0.0,category0
0.57,13.699795,2.0,Gray,18,4,2.0,category0
0.7797176,28.502117,2.0,Red,0,1,1.0,category0
0.4,36.370636,3.0,Yellow,12,1,2.0,category0
0.759993,21.406012,3.0,Yellow,7,1,2.0,category0
0.94,35.164513,3.0,Yellow,7,1,2.0,category0
0.92,17.577555,3.0,Blue,0,3,2.0,category0
0.53,26.352179,3.0,Black,0,1,2.0,category0
0.88,36.447212,2.0,Brown,7,1,1.0,category0
0.33981815,14.554732,3.0,Gray,0,6,2.0,category0
0.79,27.725471,2.0,Black,0,1,0.0,category0
0.29,30.318775,3.0,Red,12,1,2.0,category0
0.83,25.525856,2.0,Black,7,1,0.0,category0
0.94413453,27.353882,3.0,Brown,18,4,2.0,category0
0.96,18.919628,3.0,Brown,18,4,2.0,category0
0.4241083,22.951458,3.0,Yellow,0,1,2.0,category0
0.37489378,38.720722,2.0,White,0,3,0.0,category0
0.75551766,41.437042,3.0,Orange,18,4,2.0,category0
0.6,43.25823,3.0,Green,0,1,2.0,category0
0.29318863,15.031012,3.0,Black,0,6,2.0,category0
0.99,28.431059,3.0,Red,0,1,2.0,category0
0.25162315,18.929405,3.0,Black,0,7,2.0,category0
0.64534,31.923548,2.0,White,0,3,0.0,category0
0.27,27.472864,3.0,White,0,1,2.0,category0
0.953064,6.503836,2.0,Brown,0,1,0.0,category0
0.27,25.710987,3.0,Yellow,0,1,2.0,category0
0.6355595,18.025383,3.0,Green,0,1,2.0,category0
0.31,37.772793,3.0,Yellow,0,1,2.0,category0
0.68,15.298002,3.0,Gray,18,4,2.0,category0
0.45,21.32144,3.0,Tricolor,0,7,2.0,category0
0.62,36.87868,2.0,Brown,7,1,1.0,category0
0.69,21.2294,2.0,Gray,18,4,1.0,category0
0.65,16.260818,3.0,Tan,18,4,2.0,category0
0.87,45.880627,3.0,Brown,18,4,2.0,category0
0.97,28.593433,2.0,Black,18,4,1.0,category0
0.72,15.248117,3.0,Yellow,0,1,2.0,category0
0.3,35.230015,2.0,Red,0,3,1.0,category0
0.91,8.7142315,2.0,White,0,1,0.0,category0
0.53,5.629228,2.0,Gray,0,1,1.0,category0
0.69,30.61203,3.0,Brown,18,4,2.0,category0
0.7517328,21.694248,3.0,White,0,1,2.0,category0
0.62,9.088376,2.0,Black,0,1,0.0,category0
0.29,27.932024,3.0,Red,18,4,2.0,category0
0.93530357,43.588715,2.0,Black,0,1,0.0,category0
0.9210414,29.585773,3.0,Red,7,1,2.0,category0
0.52,34.64027,2.0,Lilac Point,7,1,0.0,category0
0.1,43.83186,3.0,Black,18,4,2.0,category0
0.85,23.664572,3.0,Red,7,1,2.0,category0
0.88,30.535183,3.0,Brown,0,1,2.0,category0
0.11,43.25373,3.0,Brown,18,4,2.0,category0
0.77,18.252773,2.0,White,0,1,0.0,category0
0.57,38.993294,3.0,Brown,18,4,2.0,category0
0.95,9.276505,3.0,Blue,7,1,2.0,category0
0.93,12.199395,2.0,Tan,0,1,0.0,category0
0.8214085,23.7168,3.0,Sable,0,7,2.0,category0
0.69,8.368877,2.0,Brown,13,9,0.0,category0
0.67,34.07762,3.0,Gray,18,4,2.0,category0
0.04862071,38.674847,2.0,Gray,18,4,0.0,category0
0.16,11.792585,3.0,Tricolor,11,4,2.0,category0
0.73,24.728405,2.0,Brown,13,9,0.0,category0
0.89,13.151708,3.0,Red,7,1,2.0,category0
0.87,28.693853,2.0,White,0,1,0.0,category0
0.77,16.72864,3.0,Gray,18,4,2.0,category0
0.80203253,38.425182,2.0,Red,7,1,0.0,category0
0.6,47.44616,3.0,Black,18,4,2.0,category0
0.45,23.485296,3.0,Black,11,4,2.0,category0
0.93,13.4237585,3.0,White,0,1,2.0,category0
0.19856359,20.280577,2.0,Red,0,1,0.0,category0
0.94,36.026638,3.0,Gray,0,1,2.0,category0
0.49,12.968696,3.0,Gray,18,4,2.0,category0
0.93,23.86051,3.0,Green,0,7,2.0,category0
0.87,45.734177,3.0,Blue,18,4,2.0,category0
0.07,22.159658,2.0,White,13,9,0.0,category0
0.96,25.478947,3.0,Green,0,7,2.0,category0
0.8754205,10.055112,3.0,Red,0,1,2.0,category0
0.85,41.946022,3.0,Yellow,0,1,2.0,category0
0.07,6.4859476,2.0,Brown,13,9,1.0,category0
0.11,39.70239,3.0,Gray,13,9,2.0,category0
0.44,41.199295,3.0,Brown,0,1,2.0,category0
0.73,40.65349,2.0,Black,7,1,0.0,category0
0.35,43.53822,3.0,Black,18,4,2.0,category0
0.74,42.05438,3.0,White,18,4,2.0,category0
0.86,40.364716,2.0,Red,0,1,1.0,category0
0.47,32.855217,3.0,Green,18,4,2.0,category0
0.62,19.653095,2.0,White,13,9,0.0,category0
0.25,28.350399,3.0,Black,18,4,2.0,category0
0.58041775,20.924824,3.0,Gray,18,4,2.0,category0
0.73,21.238766,2.0,Brown,18,4,1.0,category0
0.96,31.709631,3.0,Brown,18,4,2.0,category0
0.92,7.37349,2.0,Black,0,1,0.0,category0
0.85,14.856204,3.0,Brown,18,4,2.0,category0
0.74,36.596554,3.0,Black,18,4,2.0,category0
0.95,18.244585,2.0,Black,0,1,0.0,category0
0.49,9.232235,2.0,White,13,9,1.0,category0
0.96,8.613293,3.0,Tricolor,7,1,2.0,category0
0.79,35.41231,3.0,Red,12,1,2.0,category0
0.83,27.927101,3.0,White,7,1,2.0,category0
0.33185732,21.481558,2.0,Black,0,1,0.0,category0
0.7453803,15.088294,3.0,Blue,0,3,2.0,category0
0.46,19.689642,2.0,Black,7,1,1.0,category0
0.35,34.102783,2.0,Red,0,1,1.0,category0
0.7045698,43.16857,3.0,White,0,1,2.0,category0
0.72181153,23.974836,3.0,Tan,18,4,2.0,category0
0.15,32.36365,3.0,Brown,18,4,2.0,category0
0.2,6.9002867,2.0,Gray,13,9,1.0,category0
0.43,7.8464823,2.0,White,0,4,1.0,category0
0.79,11.476614,2.0,Black,0,1,0.0,category0
0.26,31.06111,3.0,Gray,0,7,2.0,category0
0.73,15.209508,3.0,Yellow,7,1,2.0,category0
0.82,12.920806,3.0,Black,7,1,2.0,category0
0.78,27.907953,3.0,White,0,1,2.0,category0
0.3,33.55396,3.0,Gray,18,4,2.0,category0
0.55,14.299785,2.0,Tan,0,1,0.0,category0
0.72,9.07738,3.0,Green,0,7,2.0,category0
0.36508822,5.80157,3.0,White,7,1,2.0,category0
0.46,24.585026,3.0,Gray,0,7,2.0,category0
0.81,19.40361,3.0,White,0,3,2.0,category0
0.57,16.93013,2.0,Black,13,9,1.0,category0
0.72,27.16572,3.0,Brown Brindle,0,1,2.0,category0
0.34860128,6.789822,2.0,White,13,9,0.0,category0
0.79,26.238985,3.0,Tan,0,1,2.0,category0
0.08,12.504686,2.0,Black,13,9,0.0,category0
0.72,6.4359455,2.0,Brown,13,9,1.0,category0
0.68,6.0543437,3.0,Blue,7,1,2.0,category0
0.68,37.909428,3.0,White,18,4,2.0,category0
0.7,19.013805,2.0,Black,0,1,0.0,category0
0.88,40.94365,3.0,White,0,1,2.0,category0
0.57,27.153387,2.0,White,18,4,1.0,category0
0.43,44.162502,3.0,Gray,0,1,2.0,category0
0.83,41.400173,3.0,Red,7,1,2.0,category0
0.81,13.555784,3.0,Red,0,1,2.0,category0
0.2,23.887146,3.0,Red,12,1,2.0,category0
0.11,9.150956,2.0,Black,13,9,0.0,category0
0.63,10.603854,3.0,Gray,18,4,2.0,category0
0.68,8.4606695,2.0,White,0,1,0.0,category0
0.61,40.05249,3.0,White,18,4,2.0,category0
0.51,16.2737,3.0,Red,0,1,2.0,category0
0.12,28.23923,3.0,White,0,1,2.0,category0
0.59,28.664959,3.0,Blue,0,1,2.0,category0
0.15,10.023956,2.0,Seal Point,18,4,1.0,category0
0.58,43.980885,2.0,White,0,3,0.0,category0
0.28,43.20106,3.0,Gray,18,4,2.0,category0
0.9843889,21.179228,3.0,Red,13,9,2.0,category0
0.63,40.946716,3.0,Gray,8,1,2.0,category0
0.36,48.6938,3.0,Brown,18,4,2.0,category0
0.45,7.6545353,3.0,Black,18,4,2.0,category0
0.47,29.947718,3.0,Brown,11,4,2.0,category0
0.8865462,39.461468,3.0,White,18,4,2.0,category0
0.4,31.18979,3.0,White,12,1,2.0,category0
0.54538715,12.081445,2.0,White,13,9,0.0,category0
0.71,38.423588,3.0,Gray,0,1,2.0,category0
0.4331004,19.470922,3.0,Red,18,4,2.0,category0
0.56,32.858204,3.0,White,0,1,2.0,category0
0.7792801,7.516643,3.0,Yellow,0,1,2.0,category0
0.45265123,23.679533,3.0,Brown,0,4,2.0,category0
0.27671102,47.49148,3.0,Yellow,0,1,2.0,category0
0.7,26.759832,2.0,Tan,0,3,1.0,category0
0.40617198,14.192611,2.0,Gray,18,4,1.0,category0
0.29,13.504173,3.0,Black,7,1,2.0,category0
0.41,14.3443985,2.0,White,13,9,0.0,category0
0.9,22.787046,3.0,White,0,1,2.0,category0
0.6,16.36636,3.0,Gray,7,1,2.0,category0
0.5506627,13.433787,3.0,Brown,11,4,2.0,category0
0.04,40.00088,3.0,Gray,18,4,2.0,category0
0.63,24.467335,3.0,Red,7,1,2.0,category0
0.8,7.5880218,2.0,Green,0,1,0.0,category0
0.58369505,43.496536,3.0,Blue,0,7,2.0,category0
0.5,17.576694,2.0,Brown,13,9,0.0,category0
0.9943032,30.194693,3.0,White,0,1,2.0,category0
0.5451638,32.389515,3.0,Gray,0,1,2.0,category0
0.96,21.95865,2.0,Black,0,1,0.0,category0
0.58,33.75562,3.0,Yellow,0,7,2.0,category0
0.25,37.02551,3.0,Green,0,1,2.0,category0
0.66,36.035904,2.0,Brown,18,4,1.0,category0
0.41,19.287525,3.0,Gray,18,4,2.0,category0
0.47,23.807175,3.0,White,7,1,2.0,category0
0.98,24.846302,3.0,Gray,0,1,2.0,category0
0.05,42.026745,3.0,Brown,18,4,2.0,category0
0.6,41.419945,3.0,Brown,13,9,2.0,category0
0.8542583,19.951069,3.0,Gray,0,1,2.0,category0
0.97,25.39198,3.0,White,13,9,2.0,category0
0.35,30.109657,3.0,Black,18,4,2.0,category0
0.99,43.890354,3.0,Brown,0,7,2.0,category0
0.6,11.846429,3.0,Gray,0,1,2.0,category0
0.6,9.125171,2.0,Black,18,4,1.0,category0
0.24286227,22.623257,3.0,Brown,11,4,2.0,category0
0.49,41.81538,3.0,Red,7,1,2.0,category0
0.58021444,10.082733,2.0,Brown,0,1,1.0,category0
0.42,20.575933,3.0,Brown,11,4,2.0,category0
0.8138053,21.674788,3.0,Gray,0,1,2.0,category0
0.58,20.15345,3.0,Blue,11,4,2.0,category0
0.97,18.432299,3.0,White,0,1,2.0,category0
0.95,37.003746,2.0,Tan,0,1,0.0,category0
0.4,13.162051,2.0,White,13,9,0.0,category0
0.53,27.522316,2.0,Gray,18,4,1.0,category0
0.12,33.664078,3.0,Gray,18,4,2.0,category0
0.42,33.675358,3.0,Red,12,1,2.0,category0
0.41,38.761097,2.0,White,13,9,0.0,category0
0.89,31.225664,3.0,Gray,0,1,2.0,category0
0.29,34.98648,3.0,Brown,11,4,2.0,category0
0.9282855,43.330246,3.0,Yellow,7,1,2.0,category0
0.9081417,12.439198,3.0,Tan,11,4,2.0,category0
0.22,42.565735,3.0,White,0,7,2.0,category0
0.5508104,13.020001,3.0,Gray,0,1,2.0,category0
0.11,28.01262,2.0,Blue,0,1,0.0,category0
0.98,9.912923,2.0,Brown Tabby,0,1,0.0,category0
0.35622954,34.597527,3.0,Gray,12,1,2.0,category0
0.48,21.901485,2.0,White,0,1,0.0,category0
0.82370496,15.825397,2.0,White,11,4,1.0,category0
0.16,17.937902,2.0,White,13,9,0.0,category0
0.77,44.011204,3.0,Red,7,1,2.0,category0
0.63,34.166534,3.0,Gray,0,1,2.0,category0
0.59,6.392103,2.0,White,13,9,1.0,category0
0.82,20.099737,3.0,Red,0,1,2.0,category0
0.32,11.243828,2.0,Black,0,1,1.0,category0
0.42,11.60381,2.0,White,0,1,0.0,category0
0.32,5.6006737,2.0,White,13,9,0.0,category0
0.04,31.125622,3.0,Yellow,7,1,2.0,category0
0.43,11.119823,3.0,Gray,11,4,2.0,category0
0.39,30.381844,2.0,Blue,0,3,0.0,category0
0.76,28.830275,3.0,White,7,1,2.0,category0
0.19,21.95765,3.0,White,0,1,2.0,category0
0.36,14.693733,2.0,Black,0,1,0.0,category0
0.75,42.400154,2.0,Gray,0,1,0.0,category0
0.16100943,42.668682,2.0,White,0,3,0.0,category0
0.8,8.027757,3.0,White,7,1,2.0,category0
0.5,22.856007,3.0,White,18,4,2.0,category0
0.15846242,37.31647,2.0,Brown,13,9,1.0,category0
0.94055146,22.291298,3.0,Gray,0,1,2.0,category0
0.8006193,36.408924,3.0,Gray,18,4,2.0,category0
0.81,40.30802,3.0,Red,0,1,2.0,category0
0.79,13.9151945,2.0,Brown Brindle,0,1,1.0,category0
0.5420072,13.13744,3.0,Gray,0,6,2.0,category0
0.3,20.020956,2.0,White,13,9,0.0,category0
0.57,23.20288,3.0,Green,0,1,2.0,category0
0.95,10.026784,3.0,White,0,2,2.0,category0
0.86,43.50106,2.0,Brown Tabby,7,1,1.0,category0
0.28,14.108136,2.0,White,13,9,1.0,category0
0.63,18.895033,2.0,White,13,9,0.0,category0
0.39,9.238977,2.0,Brown Brindle,0,1,1.0,category0
0.38,24.599154,3.0,Brown,0,1,2.0,category0
0.8127805,21.995594,3.0,White,0,1,2.0,category0
0.50451237,15.406923,3.0,Yellow,0,1,2.0,category0
0.77,16.560684,3.0,Gray,0,1,2.0,category0
0.7,38.131256,2.0,White,0,3,0.0,category0
0.03,46.872833,3.0,Yellow,18,4,2.0,category0
0.02,20.6908,3.0,Gray,18,4,2.0,category0
0.97,20.944122,2.0,Yellow,0,1,0.0,category0
0.47,15.607408,3.0,Pink,18,4,2.0,category0
0.65,26.390476,3.0,Red,7,1,2.0,category0
0.87,41.0155,2.0,Black,0,1,0.0,category0
0.82,28.951324,3.0,Yellow,0,1,2.0,category0
0.62,19.640396,3.0,Gray,0,7,2.0,category0
0.83,14.490381,3.0,Brown,0,1,2.0,category0
0.61,8.823386,2.0,Red,0,1,1.0,category0
0.91,36.82826,3.0,Gray,7,1,2.0,category0
0.8,47.91432,3.0,Brown,18,4,2.0,category0
0.88,18.923641,2.0,White,0,1,0.0,category0
0.36,42.161392,3.0,White,7,1,2.0,category0
0.42,28.071836,3.0,Green,7,1,2.0,category0
0.69,38.623917,2.0,Brown,7,1,0.0,category0
0.63,27.539215,2.0,Orange Tabby,0,1,0.0,category0
0.51,37.81192,3.0,Gray,0,1,2.0,category0
0.58,8.035604,2.0,White,18,4,1.0,category0
0.26,36.9287,3.0,Red,13,9,2.0,category0
0.31379044,34.78057,2.0,Brown,13,9,0.0,category0
0.49,7.2522817,3.0,Blue,0,3,2.0,category0
0.15,25.204777,2.0,Gray,18,4,1.0,category0
0.93239385,8.806614,2.0,Blue,18,4,1.0,category0
0.12031913,33.664856,3.0,Gray,18,4,2.0,category0
0.58,18.485392,2.0,Black Brindle,0,1,1.0,category0
0.98,16.6792,3.0,Gray,18,4,2.0,category0
0.91,38.63791,2.0,Red,0,1,2.0,category0
0.48,11.895373,3.0,White,11,4,2.0,category0
0.27,14.865144,2.0,Black,13,9,0.0,category0
0.9889576,12.655041,2.0,Tan,0,1,0.0,category0
0.744257,32.25776,3.0,Brown,18,4,2.0,category0
0.17,31.633352,3.0,Red,0,2,2.0,category0
0.29003114,7.5531764,2.0,Blue,13,9,0.0,category0
0.7314726,37.8004,3.0,Gray,18,4,2.0,category0
1.0,9.603763,2.0,Black,0,7,0.0,category0
0.69,16.97785,2.0,White,13,9,0.0,category0
0.9314623,32.820637,3.0,Gray,0,1,2.0,category0
0.89,33.813477,3.0,Blue,0,1,2.0,category0
0.83,20.696909,2.0,White,0,1,0.0,category0
0.82,20.106619,3.0,Gray,18,4,2.0,category0
0.17,23.623592,3.0,Gray,11,4,2.0,category0
0.77,30.459936,3.0,Yellow,12,1,2.0,category0
0.88,32.914066,3.0,Red,0,1,2.0,category0
0.77,16.530426,3.0,Black,0,7,2.0,category0
0.03,7.1331625,3.0,Gray,18,4,2.0,category0
0.3,5.205708,2.0,White,13,9,0.0,category0
0.35,40.841175,3.0,White,0,1,2.0,category0
0.9,25.825062,2.0,Red,0,1,0.0,category0
0.27,29.043205,2.0,Black,0,1,0.0,category0
0.84,21.70691,3.0,Pink,11,4,2.0,category0
0.65,9.8839,2.0,White,13,9,1.0,category0
0.754868,32.25621,3.0,Tricolor,13,9,2.0,category0
0.46,18.808598,3.0,Brown,18,4,2.0,category0
0.62,39.745426,3.0,Gray,0,1,2.0,category0
0.74677914,25.787521,2.0,White,0,1,0.0,category0
0.84,13.655893,3.0,Tan,7,1,2.0,category0
0.43,30.037703,3.0,Gray,12,1,2.0,category0
0.81955814,8.33098,3.0,Black,0,7,2.0,category0
0.67,34.285137,3.0,Gray,0,1,2.0,category0
0.62,27.685669,3.0,Red,7,1,2.0,category0
0.91,20.10001,2.0,Green,0,1,0.0,category0
0.87,18.53026,2.0,Red,0,1,1.0,category0
0.82,32.153847,3.0,Blue,0,1,2.0,category0
0.73,23.619793,3.0,White,0,1,2.0,category0
0.23,27.171448,3.0,Brown,11,4,2.0,category0
0.86,16.706223,3.0,Brown,18,4,2.0,category0
0.72,6.9293427,2.0,Red,0,3,1.0,category0
0.84,15.058975,2.0,White,0,1,0.0,category0
0.14213163,19.812878,3.0,Red,0,1,2.0,category0
0.88,41.381195,3.0,Brown,18,4,2.0,category0
0.4,25.09141,3.0,Black,0,1,2.0,category0
0.6856679,7.0122657,2.0,Red,0,1,0.0,category0
0.73,22.327393,3.0,Tan,0,1,2.0,category0
0.71,45.50134,2.0,Blue,7,1,1.0,category0
0.90981823,7.1511183,3.0,White,11,4,2.0,category0
0.61,26.974636,3.0,Gray,0,1,2.0,category0
0.7,49.363346,2.0,White,0,3,0.0,category0
0.79,45.773964,0.0,Brown Tabby,18,4,1.0,category0
0.041577913,35.717686,3.0,White,0,1,2.0,category0
0.43,32.46569,3.0,Red,0,1,2.0,category0
0.05228227,38.54833,3.0,Gray,12,1,2.0,category0
0.97,7.628922,2.0,White,0,1,0.0,category0
0.33,9.950679,2.0,Brown,13,9,0.0,category0
0.5880188,5.930156,2.0,White,0,1,1.0,category0
0.5244326,7.8751235,3.0,Red,0,1,2.0,category0
0.73,27.60763,3.0,Red,12,1,2.0,category0
0.7420916,27.982954,3.0,Yellow,0,1,2.0,category0
0.54,10.660583,3.0,Red,18,4,2.0,category0
0.18,8.68758,3.0,Gray,18,4,2.0,category0
0.97,34.137638,3.0,Yellow,0,7,2.0,category0
0.96,10.13069,3.0,Red,0,6,2.0,category0
0.5262646,5.516093,2.0,White,13,9,0.0,category0
0.14,45.632412,3.0,Blue,18,4,2.0,category0
0.49,9.098146,2.0,White,13,9,1.0,category0
0.7526651,8.563182,3.0,White,11,4,2.0,category0
0.69,33.266525,3.0,Gray,18,4,2.0,category0
0.75,13.039178,3.0,Red,0,1,2.0,category0
0.7881473,18.942663,3.0,White,0,1,2.0,category0
0.48,17.659073,3.0,Gray,18,4,2.0,category0
0.69,11.436729,2.0,Black,13,9,0.0,category0
0.75,20.63032,3.0,Yellow,7,1,2.0,category0
0.23,28.044542,3.0,Brown,18,4,2.0,category0
0.7,17.048738,2.0,Tricolor,0,1,0.0,category0
0.38,41.247818,3.0,Black,18,4,2.0,category0
0.61088496,38.350647,2.0,Black,7,1,1.0,category0
0.21,15.742022,3.0,Brown,18,4,2.0,category0
0.86,26.150484,3.0,Blue,0,1,2.0,category0
0.94,34.285503,3.0,White,7,1,2.0,category0
0.63,15.898146,3.0,Red,0,1,2.0,category0
0.46,12.939533,2.0,Gray,18,4,1.0,category0
0.72,9.713596,3.0,Yellow,7,1,2.0,category0
0.8614298,18.320417,2.0,Yellow,0,1,0.0,category0
0.98,16.218506,3.0,Gray,0,1,2.0,category0
0.66,13.889454,2.0,Brown,13,9,1.0,category0
0.46,28.120586,2.0,White,13,9,0.0,category0
0.55,15.509022,3.0,Black,18,4,2.0,category0
0.73,13.082885,2.0,Orange Tabby,0,1,0.0,category0
0.66,21.997618,2.0,White,11,4,1.0,category0
0.86921316,24.516079,3.0,Yellow,0,1,2.0,category0
0.89,37.0758,2.0,Black,0,3,0.0,category0
0.7899786,22.946796,3.0,Gray,18,4,2.0,category0
0.72,11.595499,3.0,Gray,11,4,2.0,category0
0.09,13.568661,3.0,Sable,0,1,2.0,category0
0.97378993,44.39614,3.0,Blue,0,1,2.0,category0
0.68,18.27409,3.0,Gray,7,1,2.0,category0
0.75165796,16.966555,3.0,Brown,13,9,2.0,category0
0.51,25.415688,3.0,Tricolor,12,1,2.0,category0
0.1,17.092508,2.0,Brown,18,4,1.0,category0
0.66,23.511486,2.0,Tan,0,1,0.0,category0
0.93,7.149587,2.0,Black Brindle,7,1,0.0,category0
0.65,31.206766,3.0,Yellow,7,1,2.0,category0
0.65,12.2282,2.0,Tan,7,1,0.0,category0
0.87157965,38.8622,2.0,Gray,18,4,1.0,category0
0.33,7.1519017,2.0,Fawn,13,9,0.0,category0
0.12,22.168236,3.0,Gray,18,4,2.0,category0
0.76,12.854517,3.0,Gray,0,1,2.0,category0
0.74,27.372091,3.0,Red,12,1,2.0,category0
0.7195623,33.341717,3.0,Gray,0,1,2.0,category0
0.82783854,18.927935,3.0,Brown,11,4,2.0,category0
0.35,37.14482,3.0,White,0,1,2.0,category0
0.7821421,17.275652,2.0,Tan,0,1,0.0,category0
0.63,6.0358853,2.0,Tan,13,9,0.0,category0
0.51,44.23719,3.0,Gray,11,4,2.0,category0
0.2050262,8.294095,2.0,Orange Tabby,11,4,1.0,category0
0.99,43.333546,3.0,White,18,4,2.0,category0
0.9103811,20.957285,3.0,Green,11,4,2.0,category0
0.57,13.83384,2.0,White,13,9,1.0,category0
0.86,19.004473,3.0,Blue,0,1,2.0,category0
0.22,15.797984,2.0,Brown,13,9,0.0,category0
0.75,20.452948,3.0,Brown,0,1,2.0,category0
0.41,18.474945,2.0,White,0,3,0.0,category0
0.6693644,43.444508,3.0,Red,0,1,2.0,category0
0.76,10.129154,3.0,Red,0,1,2.0,category0
0.32,40.047962,3.0,Red,18,4,2.0,category0
0.79,35.672565,3.0,Black,0,1,2.0,category0
0.10429724,42.050064,3.0,Brown,18,4,2.0,category0
0.9425599,16.502235,3.0,White,0,3,2.0,category0
0.33565664,19.91378,3.0,Brown,11,4,2.0,category0
0.07,49.051113,3.0,White,18,4,2.0,category0
0.87,22.569777,3.0,Yellow,0,1,2.0,category0
0.50974154,7.604712,2.0,Black,18,4,1.0,category0
0.39,5.9140515,2.0,Tan,13,9,0.0,category0
0.82,31.49707,3.0,Gray,7,1,2.0,category0
0.64,9.230059,2.0,Gray,13,9,0.0,category0
0.95,43.19301,2.0,White,0,3,0.0,category0
0.39,19.83627,3.0,Blue,0,1,2.0,category0
0.5,35.318405,3.0,Red,0,1,2.0,category0
0.5222821,15.674189,2.0,Green,0,1,0.0,category0
0.21387637,37.0366,3.0,Brown,18,4,2.0,category0
0.54,14.290083,2.0,Chocolate,0,7,0.0,category0
0.56,23.177551,2.0,White,13,9,0.0,category0
0.31,14.532951,3.0,Gray,11,4,2.0,category0
0.78,31.249697,2.0,Brown Brindle,7,1,0.0,category0
0.67,8.169229,2.0,Brown,13,9,1.0,category0
0.93,13.572087,2.0,Tan,0,1,0.0,category0
0.72,39.976753,3.0,Gray,7,1,2.0,category0
0.6,26.854523,3.0,Red,0,1,2.0,category0
0.24,8.778402,2.0,Brown,13,9,0.0,category0
0.87,25.872564,2.0,White,0,1,0.0,category0
0.43721837,7.1266932,3.0,Gray,11,4,2.0,category0
0.74,19.36373,3.0,Yellow,7,1,2.0,category0
0.6,26.048868,3.0,Tricolor,0,1,2.0,category0
0.33979243,32.834015,3.0,Brown,18,4,2.0,category0
0.56,12.860875,3.0,Gray,18,4,2.0,category0
0.98,16.916716,2.0,White,0,1,0.0,category0
0.82,29.82995,3.0,Gray,0,1,2.0,category0
0.35,32.579723,3.0,Gray,7,1,2.0,category0
0.57,17.898756,3.0,Yellow,18,4,2.0,category0
0.77,33.443336,2.0,Brown Brindle,0,3,0.0,category0
0.88,12.200029,3.0,Black,18,4,2.0,category0
0.4,27.54509,3.0,Red,7,1,2.0,category0
0.73,47.445507,3.0,Black,18,4,2.0,category0
0.73,18.253841,2.0,White,13,9,0.0,category0
0.7616963,7.894167,2.0,Tan,13,9,0.0,category0
0.87,6.407802,2.0,White,13,9,1.0,category0
0.86,28.460537,3.0,Brown,0,1,2.0,category0
0.8933446,7.517105,2.0,White,0,1,0.0,category0
0.51,28.361696,2.0,Black,7,1,1.0,category0
0.74875706,19.85379,3.0,Red,13,9,2.0,category0
0.8151278,45.42879,2.0,Brown,18,4,0.0,category0
0.67,28.38949,3.0,Brown,18,4,2.0,category0
0.15844333,12.078024,2.0,White,0,3,0.0,category0
0.69,5.456593,2.0,White,13,9,1.0,category0
0.2,14.326428,2.0,White,0,3,1.0,category0
0.46,28.091908,3.0,Red,7,1,2.0,category0
0.61,32.084007,3.0,Red,7,1,2.0,category0
0.59,17.797743,3.0,Gray,0,6,2.0,category0
0.69,39.15948,3.0,Black,18,4,2.0,category0
0.45,9.143788,3.0,Tricolor,0,4,2.0,category0
0.88,33.04856,3.0,Yellow,7,1,2.0,category0
0.93,31.728533,3.0,Gray,0,1,2.0,category0
0.6,42.019325,3.0,Gray,0,7,2.0,category0
0.46,20.738092,2.0,White,0,3,0.0,category0
0.27,25.41057,2.0,Red,0,1,0.0,category0
0.86,42.121002,3.0,Gray,0,1,2.0,category0
0.9028541,22.311241,3.0,Gray,0,1,2.0,category0
0.65,20.541632,2.0,White,0,1,0.0,category0
0.91,20.28479,3.0,Tricolor,7,1,2.0,category0
0.84,22.846588,2.0,Black,0,1,0.0,category0
0.47686383,22.851759,2.0,White,13,9,0.0,category0
0.21,16.796099,3.0,Red,7,1,2.0,category0
0.7160753,30.45749,2.0,White,7,1,0.0,category0
0.69,25.78342,3.0,Red,7,1,2.0,category0
0.66,8.745206,2.0,Brown Brindle,0,1,0.0,category0
0.49,35.62045,3.0,Gray,0,1,2.0,category0
0.74,12.190629,3.0,White,7,1,2.0,category0
0.9461634,36.074394,3.0,Gray,18,4,2.0,category0
0.99,15.23891,2.0,Tan,0,1,0.0,category0
0.6166652,31.950285,3.0,White,0,1,2.0,category0
0.93,19.66976,1.0,Blue Tiger,0,1,0.0,category0
0.51,6.3130903,3.0,Yellow,7,1,2.0,category0
1.0,11.867094,3.0,Gray,0,1,2.0,category0
0.58709204,32.476604,2.0,Red,7,1,1.0,category0
0.8671781,36.71974,2.0,Green,0,1,0.0,category0
0.63,32.359867,2.0,Brown,18,4,1.0,category0
0.86,38.15196,3.0,Gray,0,1,2.0,category0
0.85,37.17596,3.0,Black,0,7,2.0,category0
0.73,21.774843,3.0,Gray,0,6,2.0,category0
0.37,31.093983,3.0,Gray,0,1,2.0,category0
0.92,41.127373,3.0,Red,12,1,2.0,category0
0.62,36.815735,2.0,White,0,3,0.0,category0
0.44,13.135053,2.0,Blue,13,9,0.0,category0
0.63139415,45.108234,3.0,Sable,0,1,2.0,category0
0.73,17.482061,2.0,Black,13,9,0.0,category0
0.45,18.883572,2.0,White,0,3,0.0,category0
0.72,12.865772,3.0,Gray,18,4,2.0,category0
0.95,13.791708,2.0,Black,0,1,1.0,category0
0.07,20.569761,2.0,Black,0,1,0.0,category0
0.61,12.20477,3.0,Brown,0,1,2.0,category0
0.69,7.2253394,2.0,White,13,9,0.0,category0
0.7068985,42.39688,3.0,Brown,18,4,2.0,category0
0.88,43.30007,2.0,Gray,18,4,1.0,category0
0.6543328,20.886047,3.0,Blue,0,3,2.0,category0
0.98,13.429049,2.0,Brown,0,1,0.0,category0
0.44015336,22.19442,3.0,Brown,11,4,2.0,category0
0.81,19.047602,2.0,Green,0,1,0.0,category0
0.83,11.81273,2.0,Tricolor,13,9,0.0,category0
0.0646608,35.103004,3.0,White,18,4,2.0,category0
0.8,38.917072,3.0,Brown,18,4,2.0,category0
0.37,21.97559,3.0,Green,0,1,2.0,category0
0.02,26.557287,3.0,Black,18,4,2.0,category0
0.17,18.436588,3.0,Blue,0,3,2.0,category0
0.7130122,34.151447,3.0,Red,12,1,2.0,category0
0.40463495,20.950623,2.0,Tan,13,9,0.0,category0
0.89,28.224699,2.0,White,0,3,0.0,category0
0.69,9.500985,2.0,Black,13,9,0.0,category0
0.43,9.278775,3.0,Tan,7,1,2.0,category0
0.6796234,21.6802,3.0,White,0,7,2.0,category0
0.85,12.146093,3.0,Gray,0,1,2.0,category0
0.78,36.47109,2.0,White,7,1,0.0,category0
0.2,38.259468,3.0,Gray,0,1,2.0,category0
0.32,28.908644,3.0,Gray,0,1,2.0,category0
0.027271,35.136932,3.0,Gray,11,4,2.0,category0
0.8666426,26.921686,3.0,White,0,1,2.0,category0
0.96,30.494978,3.0,White,7,1,2.0,category0
0.64,20.542667,3.0,Red,0,3,2.0,category0
0.3962883,27.053173,3.0,Tan,0,1,2.0,category0
0.93,12.733305,3.0,White,7,1,2.0,category0
0.94,9.7837305,2.0,Black,0,1,1.0,category0
0.45,11.359014,2.0,Tricolor,0,1,0.0,category0
0.24,11.242162,2.0,Black,0,1,0.0,category0
0.49,10.837765,3.0,Yellow,7,1,2.0,category0
0.32,19.99428,3.0,Gray,0,4,2.0,category0
0.4,24.900541,3.0,Gray,0,1,2.0,category0
0.82,31.507803,3.0,Red,7,1,2.0,category0
0.67,29.662754,3.0,White,7,1,2.0,category0
0.81,34.033558,3.0,Red,7,1,2.0,category0
0.69964206,19.059492,3.0,Gray,11,4,2.0,category0
0.15156835,9.2844305,2.0,White,13,9,0.0,category0
0.87,37.907238,3.0,Yellow,0,1,2.0,category0
0.5,23.855427,3.0,Tricolor,18,4,2.0,category0
0.9407744,23.740314,3.0,Red,7,1,2.0,category0
0.92,27.653664,3.0,Black,18,4,2.0,category0
0.11546633,14.683026,2.0,White,0,1,0.0,category0
0.29,18.14501,2.0,Black,13,9,0.0,category0
0.28,41.82249,3.0,Gray,18,4,2.0,category0
0.73,18.043758,2.0,Black,0,1,0.0,category0
0.49,19.326372,3.0,Yellow,0,1,2.0,category0
0.62,39.12795,3.0,Black,18,4,2.0,category0
0.59,35.91051,2.0,Gray,18,4,1.0,category0
0.82,44.621796,2.0,Black,7,1,0.0,category0
0.80913144,33.80169,2.0,White,0,1,0.0,category0
0.28,47.575237,3.0,Brown Tabby,18,4,2.0,category0
0.83,30.288061,3.0,Yellow,7,1,2.0,category0
0.88,36.170628,3.0,Yellow,0,1,2.0,category0
0.5976562,11.985521,3.0,Black,0,7,2.0,category0
0.97,20.33349,2.0,Tan,0,1,0.0,category0
0.98,31.094595,3.0,Black,0,7,2.0,category0
0.9681896,11.718042,2.0,Seal Point,0,1,1.0,category0
0.24,41.892418,3.0,Black,18,4,2.0,category0
0.4,23.760254,3.0,Gray,0,1,2.0,category0
0.22,9.440236,2.0,Red Merle,13,9,0.0,category0
0.8344841,26.750446,2.0,Black,0,1,0.0,category0
0.8732499,31.18018,2.0,Red,0,1,1.0,category0
0.67,22.58486,3.0,Blue,0,1,2.0,category0
0.53,31.243807,3.0,Green,0,1,2.0,category0
0.35522893,7.6823454,2.0,Black,13,9,0.0,category0
0.4,33.029137,3.0,Red,0,1,2.0,category0
0.57,27.04037,3.0,Blue,0,1,2.0,category0
0.96,10.548729,3.0,Gray,0,7,2.0,category0
0.98,9.14534,2.0,Cream Tabby,0,1,0.0,category0
0.81,19.42999,2.0,Black,7,1,0.0,category0
0.98,39.64992,2.0,Red,0,1,0.0,category0
0.18,20.06203,2.0,Brown,0,1,1.0,category0
0.9534587,23.845285,2.0,Yellow,0,1,0.0,category0
0.26545566,7.8826056,2.0,Red,0,1,0.0,category0
0.43,13.762874,3.0,Yellow,0,7,2.0,category0
0.82403046,38.87984,3.0,Gray,0,7,2.0,category0
0.024208456,9.703592,2.0,Black,13,9,1.0,category0
0.7672205,45.842415,3.0,Black,18,4,2.0,category0
0.79,38.521282,2.0,White,7,1,0.0,category0
0.9,29.41773,2.0,Tan,0,1,0.0,category0
0.6,23.258944,2.0,White,13,9,0.0,category0
0.39,42.09404,3.0,Gray,18,4,2.0,category0
0.75296295,15.325162,3.0,Brown,13,9,2.0,category0
0.94,21.312487,2.0,Red,0,1,1.0,category0
0.68799704,37.956177,3.0,Blue,0,3,2.0,category0
0.763047,30.502129,3.0,White,7,1,2.0,category0
0.9547097,19.367918,2.0,White,0,1,1.0,category0
0.69,12.678561,3.0,Gray,0,1,2.0,category0
0.45,22.210073,2.0,Red,0,1,1.0,category0
0.73,32.19361,3.0,White,0,1,2.0,category0
0.35,26.140163,3.0,Green,0,1,2.0,category0
0.69,40.0762,3.0,Yellow,0,7,2.0,category0
0.67,11.157876,2.0,White,13,9,0.0,category0
0.29,20.282825,2.0,White,13,9,0.0,category0
0.81,47.77419,3.0,Brown,18,4,2.0,category0
0.66541684,21.82729,3.0,Gray,0,1,2.0,category0
0.52,38.035027,3.0,Gray,18,4,2.0,category0
0.51,20.383266,3.0,Red,0,1,2.0,category0
0.35,22.066076,2.0,Black,0,1,1.0,category0
0.81,14.350789,2.0,White,0,3,0.0,category0
0.67,9.620636,3.0,Red,18,4,2.0,category0
0.92,22.407366,3.0,Gray,0,7,2.0,category0
0.16,21.342281,3.0,Green,0,1,2.0,category0
0.32,30.184717,3.0,Red,18,4,2.0,category0
0.72,33.684624,2.0,Black,7,1,0.0,category0
0.38,20.670559,2.0,Tan,13,9,0.0,category0
0.71,46.615795,3.0,Black,0,1,2.0,category0
0.65,45.14549,3.0,White,18,4,2.0,category0
0.4763192,19.119175,2.0,White,13,9,0.0,category0
0.8200506,16.920923,3.0,Red,0,1,2.0,category0
0.63058746,8.581732,3.0,Blue,0,3,2.0,category0
0.59,19.66895,3.0,Yellow,7,1,2.0,category0
0.76,13.745057,3.0,Red,0,1,2.0,category0
0.26374784,26.024033,3.0,Gray,18,4,2.0,category0
0.39,24.005548,3.0,Yellow,0,1,2.0,category0
0.52,18.8998,3.0,Gray,12,1,2.0,category0
0.59053457,22.589382,3.0,Gray,0,1,2.0,category0
0.19,21.203102,3.0,Blue,0,1,2.0,category0
0.84,32.47368,3.0,Gray,0,1,2.0,category0
0.58,5.944141,2.0,Tan,0,1,1.0,category0
0.54332983,18.219322,2.0,Tricolor,13,9,0.0,category0
0.75,44.946625,2.0,White,7,1,0.0,category0
0.31,22.104387,3.0,Red,12,1,2.0,category0
0.52,8.891474,2.0,White,13,9,0.0,category0
0.91,11.507321,2.0,White,0,1,0.0,category0
0.68,9.077041,2.0,Cream,0,1,0.0,category0
0.8449468,43.34291,2.0,Black,0,1,0.0,category0
0.74,27.472954,3.0,White,0,1,2.0,category0
0.8323376,37.70043,2.0,Red,0,1,0.0,category0
0.19,9.899901,2.0,Black,18,4,1.0,category0
0.86657715,10.474185,2.0,White,0,1,0.0,category0
0.79,44.12773,3.0,Red,0,1,2.0,category0
0.61088115,32.011276,3.0,Gray,0,1,2.0,category0
0.90646476,44.635128,3.0,Brown,18,4,2.0,category0
0.2979106,9.97121,3.0,Sable,0,4,2.0,category0
0.88,17.508059,2.0,White,0,1,0.0,category0
0.53,20.117838,2.0,Blue,18,4,1.0,category0
0.45,14.388893,3.0,Gray,18,4,2.0,category0
0.24,5.7112885,2.0,White,16,9,0.0,category0
0.02,25.679855,2.0,White,0,1,0.0,category0
0.13,45.611954,3.0,Black,18,4,2.0,category0
0.27,24.910147,3.0,Blue,0,1,2.0,category0
0.68,27.117945,3.0,Gray,0,1,2.0,category0
0.44,25.1108,2.0,Gray,0,1,0.0,category0
0.35,37.515007,3.0,Gray,18,4,2.0,category0
0.49,16.191599,3.0,Gray,0,1,2.0,category0
0.26,9.322015,3.0,Brown,0,1,2.0,category0
0.74,12.151023,3.0,White,7,1,2.0,category0
0.76,14.007375,2.0,Fawn,18,4,1.0,category0
0.63,19.635391,3.0,Yellow,0,1,2.0,category0
0.37,18.515482,2.0,Blue,0,3,0.0,category0
0.4435067,5.5053105,2.0,White,13,9,1.0,category0
0.96,20.70896,2.0,Black,0,1,0.0,category0
0.5045356,20.475264,3.0,Tricolor,0,1,2.0,category0
0.65,6.2978377,2.0,White,16,9,0.0,category0
0.58,16.221092,2.0,White,0,1,1.0,category0
0.61,22.078188,3.0,Tricolor,0,1,2.0,category0
0.49,23.66299,2.0,Blue Cream,0,1,0.0,category0
0.98,20.4373,2.0,Brown Brindle,0,1,0.0,category0
0.85,11.944131,2.0,Gray,11,4,1.0,category0
0.8708539,37.71635,2.0,Red,0,1,1.0,category0
0.71,10.083741,3.0,Tricolor,0,7,2.0,category0
0.76,24.458643,3.0,Gray,0,1,2.0,category0
0.91,40.735096,2.0,Black,7,1,1.0,category0
0.83329374,22.36499,3.0,Tan,18,4,2.0,category0
0.44,44.48597,3.0,Tricolor,7,1,2.0,category0
0.06,38.70434,3.0,Brown,18,4,2.0,category0
0.53,36.709267,2.0,Tan,0,1,0.0,category0
0.67,17.07413,2.0,Red,0,1,0.0,category0
0.6,22.32212,2.0,Blue,0,1,0.0,category0
0.97472876,33.204163,3.0,Black,18,4,2.0,category0
0.61405486,19.647188,3.0,Red,0,1,2.0,category0
0.11,5.4564986,2.0,Black,13,9,1.0,category0
0.29,44.74628,3.0,Tricolor,0,1,2.0,category0
0.88,44.31432,2.0,White,0,3,0.0,category0
0.76,22.973785,3.0,Gray,0,1,2.0,category0
0.19888179,22.945105,3.0,Brown,0,1,2.0,category0
0.63,30.596558,3.0,Red,0,1,2.0,category0
0.5,27.709894,3.0,Red,7,1,2.0,category0
0.32,22.134977,2.0,White,13,9,0.0,category0
0.6,11.427234,3.0,Black,18,4,2.0,category0
0.3789669,24.983255,3.0,Gray,18,4,2.0,category0
0.62,27.993156,3.0,White,0,2,2.0,category0
0.96,15.7765665,2.0,Buff,0,1,0.0,category0
0.38,24.860664,3.0,White,0,1,2.0,category0
0.43,19.198181,2.0,Tan,0,1,0.0,category0
0.27,30.79484,3.0,Green,0,1,2.0,category0
0.41421476,38.976734,3.0,Black,18,4,2.0,category0
0.3,20.6914,3.0,Yellow,0,1,2.0,category0
0.52,9.760821,2.0,Gray,13,9,0.0,category0
0.66,39.3081,3.0,White,7,1,2.0,category0
0.72,8.736122,2.0,Red,7,1,0.0,category0
0.42,27.325184,3.0,Yellow,12,1,2.0,category0
0.28,24.785788,3.0,Tricolor,7,1,2.0,category0
0.29638612,5.347494,2.0,Black,18,4,1.0,category0
0.38,38.45068,2.0,Black,18,4,1.0,category0
0.8057648,24.181862,3.0,Red,7,1,2.0,category0
0.4311979,8.603408,3.0,Gray,18,4,2.0,category0
0.81999075,42.883583,2.0,Blue,7,1,1.0,category0
0.77,13.956467,3.0,Gray,11,4,2.0,category0
0.56,5.6641016,2.0,Sable,18,4,1.0,category0
0.69,27.672152,3.0,Red,0,1,2.0,category0
0.96,23.851397,3.0,Brown,18,4,2.0,category0
0.68,21.700998,2.0,White,13,9,0.0,category0
0.37,11.006978,3.0,Gray,18,4,2.0,category0
0.64,13.515607,2.0,Lynx Point,0,1,0.0,category0
0.98,32.65393,3.0,Gray,0,1,2.0,category0
0.41,26.59307,2.0,Gray,18,4,1.0,category0
0.93797743,12.473596,2.0,Red,12,1,0.0,category0
0.76,7.755837,2.0,Tan,0,1,0.0,category0
0.14537087,23.778505,3.0,Yellow,0,1,2.0,category0
0.05,38.42966,3.0,Gray,18,4,2.0,category0
0.73,8.583261,3.0,Tricolor,0,3,2.0,category0
0.59,32.49522,2.0,Tan,0,3,0.0,category0
0.80727524,6.1024594,3.0,Gray,18,4,2.0,category0
0.95767266,15.778305,2.0,White,13,9,0.0,category0
0.52,31.009232,3.0,Sable,18,4,2.0,category0
0.43,30.565361,3.0,Gray,0,7,2.0,category0
0.75,18.10285,3.0,Gray,18,4,2.0,category0
0.55883294,29.82411,3.0,Gray,0,1,2.0,category0
0.5500664,27.522787,2.0,White,7,1,0.0,category0
0.48,19.51972,2.0,Brown,18,4,1.0,category0
0.23,10.850526,2.0,White,13,9,0.0,category0
0.82,32.17871,3.0,Gray,18,4,2.0,category0
0.28,15.136187,3.0,Green,0,3,2.0,category0
0.7,43.406673,3.0,Red,0,7,2.0,category0
0.69,15.284638,3.0,Brown,18,4,2.0,category0
0.81,14.41755,3.0,White,0,1,2.0,category0
0.7990488,10.877659,2.0,White,0,3,0.0,category0
0.72,20.044798,3.0,Gray,0,7,2.0,category0
0.93,28.307703,3.0,Black,0,1,2.0,category0
0.9229012,34.457172,2.0,Blue,0,3,0.0,category0
0.88,24.68457,3.0,White,0,1,2.0,category0
0.99,23.515871,2.0,Tricolor,0,1,0.0,category0
0.51,18.599506,2.0,Sable,0,1,0.0,category0
0.53,10.276242,2.0,White,13,9,0.0,category0
0.78,49.29923,3.0,Black,18,4,2.0,category0
0.4576381,40.249928,3.0,Brown,13,9,2.0,category0
0.84,22.317055,3.0,Yellow,0,1,2.0,category0
0.69,15.346587,3.0,White,0,7,2.0,category0
0.13,25.592169,3.0,Cream Tabby,0,1,2.0,category0
0.3362304,20.349026,2.0,Blue,0,1,0.0,category0
0.78,38.029114,3.0,Green,0,1,2.0,category0
0.93,10.909893,2.0,Black,0,1,0.0,category0
0.7960864,9.856815,2.0,Black,0,1,0.0,category0
0.64,14.1039915,2.0,White,13,9,1.0,category0
0.44,23.899607,3.0,White,18,4,2.0,category0
0.53,43.750114,3.0,Gray,18,4,2.0,category0
0.88,43.54042,2.0,White,0,1,0.0,category0
0.64,47.647003,3.0,Gray,18,4,2.0,category0
0.62749815,22.446905,2.0,White,0,1,0.0,category0
0.4644855,7.356708,2.0,White,13,9,0.0,category0
0.61169153,22.562948,2.0,Gray,18,4,1.0,category0
0.13,33.293743,2.0,Gray,18,4,1.0,category0
0.27,24.142267,3.0,Gray,0,1,2.0,category0
0.73,46.04739,3.0,White,0,1,2.0,category0
0.73,14.081443,2.0,Orange Tabby,0,1,1.0,category0
0.56216204,21.859934,3.0,Gray,0,1,2.0,category0
0.95,24.01149,3.0,Red,13,9,2.0,category0
0.64289707,33.430317,3.0,Gray,0,1,2.0,category0
0.3634634,11.872697,2.0,Black,0,1,0.0,category0
0.8,29.032728,3.0,Red,0,1,2.0,category0
0.85,21.11485,2.0,Black,0,1,1.0,category0
0.89,12.365044,2.0,Cream,0,1,0.0,category0
0.55,29.693556,3.0,White,0,1,2.0,category0
0.21,38.365044,3.0,Red,0,1,2.0,category0
0.8036264,7.4864326,2.0,White,13,9,0.0,category0
0.08,16.330767,2.0,Blue,0,1,0.0,category0
0.80326265,10.712338,2.0,Blue,18,4,1.0,category0
0.91,32.601074,2.0,Tan,0,1,0.0,category0
0.72,20.184372,3.0,White,0,7,2.0,category0
0.81,19.970274,3.0,Gray,0,1,2.0,category0
0.6361799,10.333929,2.0,Brown,13,9,1.0,category0
0.17995746,21.662308,3.0,Blue,0,3,2.0,category0
0.39,27.119303,3.0,Gray,18,4,2.0,category0
0.316373,46.583992,3.0,Tan,0,1,2.0,category0
0.2,12.131625,2.0,Black,1,4,1.0,category0
0.049864016,31.922234,3.0,Black,18,4,2.0,category0
0.47,38.038113,3.0,White,0,3,2.0,category0
0.74,19.193504,3.0,Gray,0,7,2.0,category0
0.84,32.208168,3.0,Yellow,7,1,2.0,category0
0.04,20.431248,3.0,Brown,18,4,2.0,category0
0.11,25.151289,3.0,Brown,18,4,2.0,category0
0.83,8.771326,2.0,Chocolate,0,1,0.0,category0
0.03,27.95605,3.0,Black,18,4,2.0,category0
0.32,41.054714,3.0,Red,18,4,2.0,category0
0.79,29.45373,3.0,Black,0,1,2.0,category0
0.7,28.992695,3.0,Gray,0,1,2.0,category0
0.59,40.144024,3.0,Red,12,1,2.0,category0
0.57,11.296246,2.0,Brown,13,9,1.0,category0
0.44416797,17.972721,2.0,Brown,18,4,1.0,category0
0.82,10.936168,3.0,Blue,0,4,2.0,category0
0.86,6.8240232,2.0,White,13,9,0.0,category0
0.98,9.849372,2.0,Cream,0,1,0.0,category0
0.42,43.68893,3.0,Black,18,4,2.0,category0
0.76,14.90658,3.0,Yellow,0,1,2.0,category0
0.8,19.034891,3.0,Gray,0,1,2.0,category0
0.50965214,27.735685,3.0,Red,0,1,2.0,category0
0.91353333,23.538748,3.0,White,0,3,2.0,category0
0.49495646,19.624514,3.0,White,7,1,2.0,category0
0.84,31.598877,3.0,Yellow,12,1,2.0,category0
0.96,10.921199,2.0,Black,18,4,1.0,category0
0.82,43.869793,3.0,Brown,18,4,2.0,category0
0.01,31.97661,3.0,Gray,18,4,2.0,category0
0.93,28.93879,2.0,White,0,1,0.0,category0
0.29,13.007303,2.0,Brown,13,9,0.0,category0
0.98,36.087677,3.0,Black,18,4,2.0,category0
0.5,42.125412,2.0,Gray,18,4,0.0,category0
0.51,18.068151,2.0,Tricolor,0,1,0.0,category0
0.25,26.469473,3.0,Tricolor,0,1,2.0,category0
0.6,26.548258,3.0,Gray,0,1,2.0,category0
0.12,25.901028,3.0,Sable,0,1,2.0,category0
0.77959096,30.50819,3.0,Gray,0,1,2.0,category0
0.4,26.499523,2.0,Black,7,1,0.0,category0
0.72,24.75745,3.0,White,7,1,2.0,category0
0.80414164,6.4808483,2.0,Blue,7,1,0.0,category0
0.42,36.072906,3.0,Black,18,4,2.0,category0
0.55,10.285772,2.0,Brown,13,9,0.0,category0
0.71,16.262522,3.0,White,0,7,2.0,category0
0.15245903,37.737507,3.0,Brown,18,4,2.0,category0
0.59,41.522625,3.0,Red,0,1,2.0,category0
0.69,26.712542,3.0,Gray,0,7,2.0,category0
0.86,24.252916,2.0,Blue,0,1,0.0,category0
0.61,6.2539325,2.0,Cream,13,9,0.0,category0
0.08,8.26312,2.0,Black,13,9,0.0,category0
0.7727283,20.666565,2.0,White,0,3,0.0,category0
0.8,16.293175,2.0,White,13,9,0.0,category0
0.83,39.242493,3.0,Gray,0,1,2.0,category0
0.3,26.132896,3.0,Gray,18,4,2.0,category0
0.6775367,10.713891,3.0,Green,7,1,2.0,category0
0.75,35.479675,3.0,Tan,0,1,2.0,category0
0.66,10.281682,2.0,Brown,13,9,1.0,category0
0.39,41.071667,3.0,Gray,18,4,2.0,category0
0.42,45.00521,3.0,White,18,4,2.0,category0
0.3,36.52084,3.0,Blue,0,1,2.0,category0
0.49,21.940739,2.0,White,13,9,0.0,category0
0.72,15.866169,3.0,Blue,0,7,2.0,category0
0.83,20.784374,3.0,Gray,0,1,2.0,category0
0.01,30.391668,3.0,Gray,18,4,2.0,category0
0.65,14.954852,2.0,Black,18,4,1.0,category0
0.6327423,11.296041,2.0,White,0,1,0.0,category0
0.63,24.282166,2.0,Red,0,1,0.0,category0
0.74,47.542873,2.0,White,7,1,0.0,category0
0.63,39.75477,3.0,Gray,18,4,2.0,category0
0.5,24.983751,3.0,Red,0,1,2.0,category0
0.4,43.133358,2.0,Tricolor,0,3,0.0,category0
0.33,35.56228,3.0,Red,0,1,2.0,category0
0.57,27.833683,3.0,Red,0,1,2.0,category0
0.49,31.113306,3.0,Yellow,0,1,2.0,category0
0.92,37.8872,2.0,Tan,0,1,0.0,category0
0.37113816,42.64802,2.0,Black,7,1,0.0,category0
0.49,25.128824,2.0,Black,7,1,0.0,category0
0.26,22.441343,2.0,White,0,1,0.0,category0
0.98,21.442795,3.0,Yellow,7,1,2.0,category0
0.7310439,14.26417,2.0,Brown,7,1,1.0,category0
0.94,12.232169,2.0,Black,0,1,0.0,category0
0.93,41.81355,3.0,Black,18,4,2.0,category0
0.77,9.439408,3.0,Black,0,7,2.0,category0
0.83,45.432316,3.0,Gray,0,1,2.0,category0
0.25,26.953686,3.0,Gray,0,1,2.0,category0
0.37623462,6.7309837,3.0,White,7,1,2.0,category0
0.7790479,27.200272,3.0,Brown,11,4,2.0,category0
0.52,42.99062,3.0,Black,11,4,2.0,category0
0.53,26.125214,3.0,Gray,0,1,2.0,category0
0.14739187,35.986214,3.0,Gray,18,4,2.0,category0
0.84,21.048944,3.0,White,0,1,2.0,category0
0.98,23.429104,3.0,Gray,0,1,2.0,category0
0.6,43.82033,3.0,Gray,0,7,2.0,category0
0.92,32.825294,3.0,Blue,7,1,2.0,category0
0.83,20.630686,2.0,Blue,0,1,0.0,category0
0.30704415,20.74565,3.0,Gray,0,6,2.0,category0
0.94,29.1707,3.0,Gray,0,1,2.0,category0
0.20140027,34.436203,3.0,Gray,18,4,2.0,category0
0.48,20.747606,3.0,White,0,1,2.0,category0
0.31,11.229572,3.0,Red,0,1,2.0,category0
0.56,28.81073,3.0,Red,7,1,2.0,category0
0.65,23.461016,3.0,Gray,0,1,2.0,category0
0.24,20.12941,3.0,Gray,18,4,2.0,category0
0.46,30.261793,3.0,White,0,1,2.0,category0
0.62,23.52889,3.0,Gray,0,6,2.0,category0
0.14,18.41077,3.0,White,0,1,2.0,category0
0.93428713,31.36085,3.0,White,0,7,2.0,category0
0.95,38.43185,3.0,Black,0,7,2.0,category0
0.18,45.994568,3.0,Black,11,4,2.0,category0
0.49,32.947067,3.0,Red,7,1,2.0,category0
0.36,35.4885,3.0,Yellow,7,1,2.0,category0
0.83120984,22.2749,2.0,Black,0,1,1.0,category0
0.91,37.017,3.0,Gray,0,1,2.0,category0
0.69,30.368975,3.0,Gray,0,1,2.0,category0
0.88,9.811172,2.0,Black,0,1,0.0,category0
0.5369634,37.46848,3.0,Yellow,12,1,2.0,category0
0.51,8.151528,2.0,White,13,9,0.0,category0
0.95,11.078481,2.0,White,0,1,0.0,category0
0.64,30.09598,2.0,Brown Brindle,0,3,0.0,category0
0.71,23.889002,3.0,Black,0,2,2.0,category0
0.6,19.965872,3.0,White,0,1,2.0,category0
0.43937302,32.48982,3.0,Yellow,0,1,2.0,category0
0.06,23.159971,3.0,Gray,18,4,2.0,category0
0.53,23.262953,3.0,Black,18,4,2.0,category0
0.61,7.98086,3.0,Yellow,7,1,2.0,category0
0.6262978,14.085873,2.0,White,13,9,0.0,category0
0.8708965,16.462633,2.0,White,7,1,1.0,category0
0.3747771,21.35293,3.0,Gray,0,1,2.0,category0
0.93,45.561874,2.0,White,12,1,0.0,category0
0.9650677,33.525063,3.0,Blue,7,1,2.0,category0
0.53,39.78331,3.0,Brown,18,4,2.0,category0
0.94,35.61435,3.0,Red,0,7,2.0,category0
0.774321,11.726957,2.0,Brown Brindle,13,9,0.0,category0
0.9143772,19.23728,2.0,Yellow,0,1,0.0,category0
0.47699663,46.72494,3.0,Brown,18,4,2.0,category0
0.65,20.471365,2.0,Brown,13,9,0.0,category0
0.81,38.343307,2.0,White,0,1,0.0,category0
0.72,11.7542715,2.0,Red,0,1,1.0,category0
0.4,26.917793,3.0,Gray,0,1,2.0,category0
0.6,33.716,3.0,Black,18,4,2.0,category0
0.552182,27.979895,3.0,Blue,0,1,2.0,category0
0.99,41.385494,3.0,Gray,0,7,2.0,category0
0.18,15.154177,2.0,Tan,13,9,0.0,category0
0.96,10.730934,3.0,Yellow,0,7,2.0,category0
0.1589943,32.29448,3.0,Blue,0,2,2.0,category0
0.24,11.005087,3.0,Red,0,1,2.0,category0
0.5,5.889086,2.0,White,13,9,0.0,category0
0.14771955,32.002098,3.0,Gray,18,4,2.0,category0
0.59,23.621666,3.0,Yellow,0,7,2.0,category0
0.82,33.425694,3.0,Red,0,1,2.0,category0
0.86,24.896635,3.0,Tricolor,0,1,2.0,category0
0.4924958,13.819781,2.0,White,13,9,0.0,category0
0.6617186,42.702923,2.0,White,7,1,0.0,category0
0.4,14.180235,2.0,White,0,1,0.0,category0
0.17,20.81176,2.0,Fawn,18,4,1.0,category0
0.7189588,15.230234,2.0,Brown,0,1,0.0,category0
0.25,20.443684,2.0,Red,18,4,1.0,category0
0.34,29.830032,3.0,Red,7,1,2.0,category0
0.36377484,36.640972,3.0,Brown,18,4,2.0,category0
0.9115655,23.382105,3.0,White,0,1,2.0,category0
0.76,11.062417,3.0,Red,7,1,2.0,category0
0.96498895,8.4666195,2.0,Blue,18,4,1.0,category0
0.08,27.655226,3.0,Black,11,4,2.0,category0
0.34780487,14.454342,2.0,Gray,18,4,1.0,category0
0.65,8.705333,2.0,Black,11,4,1.0,category0
0.8838407,24.69547,2.0,Gray,0,1,1.0,category0
0.88,42.62044,3.0,Red,0,1,2.0,category0
0.05578394,11.229054,2.0,Black,11,4,1.0,category0
0.97,39.585823,3.0,Gray,0,7,2.0,category0
0.37,14.27574,3.0,Blue,0,3,2.0,category0
0.73,22.054747,3.0,Gray,0,1,2.0,category0
0.14,28.266685,2.0,White,13,9,0.0,category0
0.69,40.349884,3.0,Black,18,4,2.0,category0
0.57,27.18744,2.0,Red,7,1,1.0,category0
0.72,29.192183,3.0,Brown,18,4,2.0,category0
0.93,24.296877,3.0,Red,12,1,2.0,category0
0.5521209,32.0644,3.0,Yellow,0,1,2.0,category0
0.6100886,11.048218,3.0,Red,0,7,2.0,category0
0.25,14.48181,2.0,Black,13,9,1.0,category0
0.96,24.211195,2.0,White,0,3,0.0,category0
0.6756676,18.79728,2.0,Gray,18,4,2.0,category0
0.85,10.941822,2.0,White,0,1,1.0,category0
0.83,20.243803,2.0,Chocolate,0,1,0.0,category0
0.5,16.050129,2.0,Black,0,1,1.0,category0
0.41,47.938015,3.0,White,18,4,2.0,category0
0.997761,26.642963,3.0,Gray,0,1,2.0,category0
0.59,15.3169365,3.0,Red,0,1,2.0,category0
0.81,20.202047,3.0,Red,13,9,2.0,category0
0.50450474,9.488643,2.0,Black,13,9,0.0,category0
0.83,31.702139,2.0,White,7,1,0.0,category0
0.68,35.80542,3.0,White,0,1,2.0,category0
0.88,18.94117,3.0,Gray,7,1,2.0,category0
0.74,38.482613,3.0,Gray,0,7,2.0,category0
0.74228,13.98713,2.0,Red,18,4,1.0,category0
0.61,40.67002,3.0,Black,18,4,2.0,category0
0.19,7.7019672,2.0,Blue,13,9,0.0,category0
0.9,9.487711,3.0,Red,7,1,2.0,category0
0.85,27.099598,3.0,Tan,0,1,2.0,category0
0.59,9.047318,2.0,Black,13,9,0.0,category0
0.3,17.385073,3.0,Tan,0,1,2.0,category0
0.68,31.513628,3.0,Red,0,1,2.0,category0
0.43768275,10.509502,2.0,White,13,9,0.0,category0
0.76224005,14.385884,2.0,White,18,4,1.0,category0
0.7,15.581953,3.0,Red,12,1,2.0,category0
0.41,11.190147,3.0,Blue,0,1,2.0,category0
0.63,36.516094,2.0,Black,0,1,0.0,category0
0.4,15.322272,2.0,White,13,9,0.0,category0
0.45,22.700495,3.0,Gray,11,4,2.0,category0
0.56,34.13132,3.0,Red,12,1,2.0,category0
0.51,23.960558,3.0,White,0,3,2.0,category0
0.62,27.908539,2.0,White,0,7,0.0,category0
0.95,45.51085,3.0,Red,0,1,2.0,category0
0.88,12.434609,3.0,Yellow,7,1,2.0,category0
0.4,47.312008,2.0,White,0,3,1.0,category0
0.88724124,17.34436,2.0,White,0,1,0.0,category0
0.97,36.63122,3.0,Red,7,1,2.0,category0
0.55,35.304665,2.0,Red,0,1,2.0,category0
0.61,14.193631,3.0,Gray,0,1,2.0,category0
0.86,29.283468,2.0,White,0,1,0.0,category0
0.55,17.551777,2.0,Tan,0,1,0.0,category0
0.82,25.983023,2.0,Chocolate,11,4,1.0,category0
0.68,29.87678,3.0,Tan,0,1,2.0,category0
0.92,6.201578,3.0,Yellow,7,1,2.0,category0
0.95,25.490633,3.0,Gray,12,1,2.0,category0
0.27,7.093728,2.0,White,13,9,0.0,category0
0.4,15.248313,3.0,Tricolor,18,4,2.0,category0
0.83,35.902042,2.0,Gray,0,1,0.0,category0
0.9,29.610523,3.0,Yellow,0,1,2.0,category0
0.53,39.997982,3.0,Gray,18,4,2.0,category0
0.85,12.9596405,2.0,Black,0,1,0.0,category0
0.22,24.888643,3.0,Blue,0,1,2.0,category0
0.59,24.189585,3.0,Gray,0,6,2.0,category0
0.9,19.62502,3.0,White,0,3,2.0,category0
0.7306316,15.159231,3.0,White,0,2,2.0,category0
0.69,22.202969,2.0,Tricolor,0,1,0.0,category0
0.05,12.307092,2.0,White,18,4,1.0,category0
0.4888976,37.414497,3.0,Green,0,1,2.0,category0
0.6,35.050217,3.0,White,7,1,2.0,category0
0.9752212,32.23276,3.0,Gray,0,1,2.0,category0
0.11,44.12046,3.0,Yellow,18,4,2.0,category0
0.8015748,14.799571,3.0,Red,7,1,2.0,category0
0.8,27.932896,2.0,White,0,1,0.0,category0
0.75,19.562845,2.0,Black,0,1,0.0,category0
0.88,31.379755,3.0,Red,12,1,2.0,category0
0.49,26.330555,2.0,White,7,1,1.0,category0
0.53,45.82239,2.0,Tricolor,7,1,0.0,category0
0.47,18.626633,2.0,Red,1,4,1.0,category0
0.59945595,37.36379,3.0,White,11,4,2.0,category0
0.96,14.691118,2.0,Tan,0,1,0.0,category0
0.4579473,20.833979,3.0,Brown,7,1,2.0,category0
0.71,15.386804,3.0,Black,0,1,2.0,category0
0.82,30.309538,3.0,Brown Tabby,0,1,2.0,category0
0.73,27.154217,3.0,Black,18,4,2.0,category0
0.64,27.82376,3.0,Yellow,0,1,2.0,category0
0.45557663,40.549496,3.0,Gray,13,9,2.0,category0
0.65777504,16.07197,2.0,White,0,1,1.0,category0
0.84,45.839832,3.0,White,7,1,2.0,category0
0.62967134,11.978504,3.0,White,0,1,2.0,category0
0.86,7.9323425,2.0,Tan,13,9,0.0,category0
0.89,45.138725,2.0,White,0,3,0.0,category0
0.63,38.299026,3.0,Brown,18,4,2.0,category0
0.9,37.49302,3.0,Green,0,1,2.0,category0
0.4907168,33.242374,2.0,Gray,18,4,1.0,category0
0.75897795,30.606318,3.0,Yellow,0,1,2.0,category0
0.76,8.608023,2.0,Orange Tabby,0,1,0.0,category0
0.40843925,11.609283,2.0,Orange Tabby,18,4,1.0,category0
0.51,25.123009,2.0,Blue,7,1,0.0,category0
0.73,20.942875,3.0,Yellow,7,1,2.0,category0
0.38,31.057102,3.0,Gray,0,1,2.0,category0
0.5,18.760147,2.0,Gray,18,4,1.0,category0
0.76,26.355139,3.0,Gray,0,1,2.0,category0
0.62,16.902727,3.0,White,7,1,2.0,category0
0.65,14.646539,2.0,Blue,18,4,1.0,category0
0.5099022,21.179644,3.0,Gray,18,4,2.0,category0
0.59,10.760517,2.0,White,13,9,0.0,category0
0.76,29.145725,3.0,Yellow,12,1,2.0,category0
0.26,27.694199,3.0,Red,0,1,2.0,category0
0.4,17.17741,3.0,Tricolor,0,1,2.0,category0
0.87,18.725327,2.0,Brown,0,1,0.0,category0
0.41,32.457264,3.0,Brown,18,4,2.0,category0
0.24,30.286064,3.0,Brown,12,1,2.0,category0
0.4,31.444073,3.0,Red,0,1,2.0,category0
0.87,22.524906,3.0,Cream Tabby,0,1,2.0,category0
0.9049749,18.631235,3.0,Gray,18,4,2.0,category0
0.87,48.09911,3.0,Tan,18,4,2.0,category0
0.93,7.707233,3.0,White,0,3,2.0,category0
0.71,47.85127,3.0,White,0,1,2.0,category0
0.61,22.088795,3.0,Buff,0,1,2.0,category0
0.95,11.891854,3.0,White,0,1,2.0,category0
0.33,23.535791,2.0,Tricolor,7,1,0.0,category0
0.27823785,16.007668,3.0,Red,18,4,2.0,category0
0.45462766,11.145746,2.0,White,13,9,0.0,category0
0.65,23.78828,3.0,Gray,0,1,2.0,category0
0.32,30.527643,2.0,Red,0,1,2.0,category0
0.34,7.539112,2.0,Tricolor,13,9,0.0,category0
0.81,38.888046,3.0,Black,18,4,2.0,category0
0.45,26.904892,3.0,Gray,18,4,2.0,category0
0.53,37.780457,3.0,Green,0,1,2.0,category0
0.72,18.769424,3.0,Tricolor,0,1,2.0,category0
0.95,34.329433,3.0,Tricolor,0,2,2.0,category0
0.29,36.352757,2.0,White,0,3,0.0,category0
0.95,12.719447,3.0,Gray,18,4,2.0,category0
0.8803953,40.75997,3.0,Brown,0,7,2.0,category0
0.47,36.250137,3.0,Gray,0,1,2.0,category0
0.93,10.521349,3.0,White,0,1,2.0,category0
0.6869936,23.064386,3.0,Gray,0,1,2.0,category0
0.59,49.259514,3.0,Black,18,4,2.0,category0
0.25,34.89471,3.0,Yellow,0,1,2.0,category0
0.9351089,38.03166,3.0,Red,7,1,2.0,category0
0.2,16.270588,2.0,White,18,4,1.0,category0
0.6,27.472935,3.0,Gray,7,1,2.0,category0
0.69,19.907396,3.0,Gray,0,1,2.0,category0
0.90652555,6.935645,2.0,White,0,1,0.0,category0
0.32,5.7197876,2.0,Blue,1,4,1.0,category0
0.01,21.744585,2.0,White,0,1,0.0,category0
0.99,30.75909,3.0,Yellow,0,7,2.0,category0
0.78,36.660965,3.0,Gray,0,1,2.0,category0
0.35,19.19904,3.0,Brown,18,4,2.0,category0
0.38,40.89685,3.0,Red,12,1,2.0,category0
0.15128696,30.9604,3.0,Gray,0,7,2.0,category0
0.15,24.627508,3.0,Cream Tabby,0,1,2.0,category0
0.34,27.179834,3.0,Blue,0,1,2.0,category0
0.62845033,38.430305,3.0,Gray,18,4,2.0,category0
0.65,24.6922,3.0,Red,0,1,2.0,category0
0.8779312,21.077227,3.0,Gray,0,1,2.0,category0
0.69,24.781986,3.0,Brown,18,4,2.0,category0
0.97,27.906832,3.0,Gray,0,1,2.0,category0
0.71,26.160753,3.0,Brown,7,2,2.0,category0
0.82,11.447775,3.0,White,7,1,2.0,category0
0.75,17.273571,3.0,Brown,18,4,2.0,category0
0.66,27.140953,2.0,White,0,1,0.0,category0
0.98,22.029325,2.0,White,0,1,0.0,category0
0.46,7.5665765,3.0,Brown,18,4,2.0,category0
0.22864275,12.360485,3.0,White,0,1,2.0,category0
0.12,27.624975,2.0,White,0,1,0.0,category0
0.47,36.095753,3.0,Red,7,1,2.0,category0
0.93149984,32.925724,2.0,White,0,1,0.0,category0
0.39,30.639349,3.0,Yellow,0,1,2.0,category0
0.59,23.236643,3.0,Gray,18,4,2.0,category0
0.7764583,20.844751,3.0,Gray,0,6,2.0,category0
0.65,25.5099,2.0,White,7,1,0.0,category0
0.22,24.331354,3.0,Black,18,4,2.0,category0
0.58,22.036367,3.0,White,7,1,2.0,category0
0.42056185,19.134863,2.0,Black,0,1,0.0,category0
0.70417655,40.8733,2.0,Brown,18,4,1.0,category0
0.75,20.745262,3.0,Gray,18,4,2.0,category0
0.93,19.7019,3.0,Black,18,4,2.0,category0
0.43,20.718689,3.0,Black,0,1,2.0,category0
0.5201293,13.72354,3.0,Blue,0,2,2.0,category0
0.79,22.220537,2.0,Gray,18,4,1.0,category0
0.5,29.771517,3.0,Gray,0,6,2.0,category0
0.5142276,37.87867,3.0,White,0,7,2.0,category0
0.8661773,40.52763,3.0,Red,0,1,2.0,category0
0.36,18.737284,2.0,Red,7,1,0.0,category0
0.36196044,13.9932995,2.0,Blue,0,1,0.0,category0
0.25,14.651951,2.0,Yellow,13,9,0.0,category0
0.74,21.413004,3.0,Yellow,0,1,2.0,category0
0.1,23.429735,2.0,Chocolate,0,1,0.0,category0
0.98,24.413416,3.0,Gray,18,4,2.0,category0
0.9,16.182005,3.0,Gray,0,7,2.0,category0
0.22,14.800536,3.0,Gray,18,4,2.0,category0
0.16,25.784943,3.0,Yellow,12,1,2.0,category0
0.09,12.55155,2.0,Tan,0,1,0.0,category0
0.44,39.057545,3.0,Brown Tabby,0,1,2.0,category0
0.64206964,9.799309,2.0,Red,7,1,1.0,category0
0.6944145,22.293222,3.0,Black,0,1,2.0,category0
0.19,34.896446,3.0,White,11,4,2.0,category0
0.80288666,42.254955,2.0,Blue Tabby,7,1,0.0,category0
0.92,19.067112,2.0,Tricolor,0,1,1.0,category0
0.8625557,29.333433,3.0,White,0,1,2.0,category0
0.98,33.61892,3.0,Tan,18,4,2.0,category0
0.5237353,36.6931,3.0,White,7,1,2.0,category0
0.8,10.092281,2.0,Red,0,1,0.0,category0
0.88,19.737507,3.0,White,0,1,2.0,category0
0.98,33.533363,2.0,White,0,1,0.0,category0
0.48,25.17811,2.0,Brown,13,9,0.0,category0
0.61,30.799013,2.0,White,13,9,0.0,category0
0.74,15.056575,2.0,Blue,0,1,0.0,category0
0.76,14.5434265,3.0,Yellow,0,1,2.0,category0
0.83624303,14.657269,3.0,Green,0,7,2.0,category0
0.89,44.32205,3.0,Red,0,1,2.0,category0
0.4,30.670956,3.0,Yellow,7,1,2.0,category0
0.8947594,8.196911,2.0,White,13,9,0.0,category0
0.98249847,29.721243,3.0,Red,7,1,2.0,category0
0.22,23.396456,3.0,Black,18,4,2.0,category0
0.45,29.751675,3.0,Green,0,1,2.0,category0
0.39474994,17.682041,3.0,Yellow,0,1,2.0,category0
0.11,13.366778,2.0,Sable,13,9,0.0,category0
0.28,19.841068,2.0,White,13,9,0.0,category0
0.03,19.190983,3.0,Gray,18,4,2.0,category0
0.65,33.661175,3.0,Red,0,1,2.0,category0
0.42,15.254575,3.0,Red,7,1,2.0,category0
0.41,21.776745,2.0,Red,0,1,1.0,category0
0.83,11.561344,3.0,White,0,7,2.0,category0
0.91,14.834067,2.0,Green,0,1,0.0,category0
0.43,28.827291,3.0,White,0,1,2.0,category0
0.73,26.762514,3.0,Gray,0,1,2.0,category0
0.58217454,23.929457,2.0,White,18,4,1.0,category0
0.68,13.412717,3.0,Yellow,0,1,2.0,category0
0.55,20.299393,2.0,White,13,9,0.0,category0
0.71,24.067627,3.0,Gray,0,1,2.0,category0
0.93,35.661663,3.0,Red,12,1,2.0,category0
0.2618232,28.412363,3.0,Green,0,1,2.0,category0
0.53,41.569546,3.0,Black,18,4,2.0,category0
0.87,41.247414,3.0,Orange,18,4,2.0,category0
0.95,17.402264,2.0,Brown,0,1,0.0,category0
0.79,10.050291,2.0,Black,13,9,0.0,category0
0.34,12.945018,2.0,Orange Tabby,0,3,0.0,category0
0.82,38.323395,3.0,White,0,3,2.0,category0
0.55,5.739667,3.0,Red,7,1,2.0,category0
0.89887685,20.11979,3.0,Gray,13,9,2.0,category0
0.3,36.24125,3.0,Gray,7,1,2.0,category0
0.61514777,44.703762,3.0,Gray,12,1,2.0,category0
0.94,20.388601,3.0,Gray,0,1,2.0,category0
0.42,9.248864,2.0,Brown,13,9,0.0,category0
0.69,27.563725,3.0,Red,0,1,2.0,category0
0.66,45.265583,3.0,White,7,1,2.0,category0
0.1,24.261791,3.0,Sable,18,4,2.0,category0
0.26,15.355996,3.0,Green,0,6,2.0,category0
0.46803704,13.304214,2.0,White,0,1,1.0,category0
0.64,19.209394,3.0,Red,0,1,2.0,category0
0.48,29.006416,3.0,Red,7,1,2.0,category0
0.87,22.454226,3.0,Green,7,1,2.0,category0
0.38,42.144543,3.0,Yellow,7,1,2.0,category0
0.88916504,15.532801,3.0,White,0,7,2.0,category0
0.81,6.19272,2.0,White,0,3,0.0,category0
0.75680953,9.360829,2.0,Black,0,1,0.0,category0
0.0,8.555044,3.0,Gray,18,4,2.0,category0
0.74,39.132973,3.0,Blue,11,4,2.0,category0
0.57,25.79943,3.0,Gray,0,1,2.0,category0
0.47,41.984085,3.0,Blue,0,1,2.0,category0
0.31,42.728325,3.0,Red,7,1,2.0,category0
0.22592688,21.19231,2.0,Blue,18,4,1.0,category0
0.27,31.282846,3.0,Gray,0,1,2.0,category0
0.7270189,28.411242,2.0,Tricolor,0,1,0.0,category0
0.22002669,7.735543,2.0,Black,13,9,0.0,category0
0.6,19.109188,2.0,Orange,0,1,1.0,category0
0.5779711,38.26889,2.0,Black,7,1,1.0,category0
0.81,25.002186,2.0,Red,0,1,2.0,category0
0.83,33.20969,3.0,White,0,1,2.0,category0
0.78,45.593662,2.0,Black,0,3,0.0,category0
0.62,31.907854,3.0,White,0,1,2.0,category0
0.87,15.100001,3.0,Gray,0,1,2.0,category0
0.72,12.39462,2.0,Yellow,7,1,0.0,category0
0.98,22.700846,3.0,White,7,1,2.0,category0
0.56,24.583834,3.0,White,0,1,2.0,category0
0.53,10.480659,2.0,Brown,13,9,0.0,category0
0.7768428,30.643824,2.0,White,0,3,0.0,category0
0.25215968,26.071507,3.0,Black,0,7,2.0,category0
0.43,36.239094,3.0,Yellow,0,1,2.0,category0
0.6,44.935993,3.0,Brown,18,4,2.0,category0
0.48988673,42.4269,3.0,Tan,0,1,2.0,category0
0.84,17.773325,3.0,Tan,18,4,2.0,category0
0.8,10.637167,2.0,Black,18,4,1.0,category0
0.87,40.40805,3.0,Black,18,4,2.0,category0
0.83,21.344633,3.0,Tricolor,0,1,2.0,category0
0.62,15.883723,3.0,Brown,11,4,2.0,category0
0.85,35.354202,3.0,Black Smoke,18,4,2.0,category0
0.95,13.611674,3.0,Black,18,4,2.0,category0
0.9680578,18.222395,3.0,Yellow,7,1,2.0,category0
0.89,19.126806,3.0,White,0,1,2.0,category0
0.77,26.73117,3.0,White,0,1,2.0,category0
0.6,27.01269,3.0,White,0,1,2.0,category0
0.49,13.823058,3.0,Gray,0,1,2.0,category0
0.94,20.61045,3.0,White,0,1,2.0,category0
0.48,27.325056,2.0,Black,0,1,0.0,category0
0.31,24.754122,3.0,Green,0,6,2.0,category0
0.55,11.195051,3.0,Tricolor,0,2,2.0,category0
0.34,29.382786,3.0,Red,0,1,2.0,category0
0.31,38.63957,3.0,Red,0,1,2.0,category0
0.38,32.699986,2.0,White,0,3,0.0,category0
0.07,46.713783,3.0,Red,18,4,2.0,category0
0.76,20.054491,2.0,Brown,13,9,0.0,category0
0.82,20.667988,3.0,Gray,0,1,2.0,category0
0.4963347,17.364058,2.0,Black,0,1,0.0,category0
0.97,18.655695,3.0,Red,0,7,2.0,category0
0.65,26.64817,3.0,Red,0,1,2.0,category0
0.88,12.981314,3.0,White,0,1,2.0,category0
0.39,14.412201,2.0,Blue,1,4,1.0,category0
0.5732984,15.289189,3.0,Gray,0,1,2.0,category0
0.7203245,38.25019,2.0,Blue Tabby,7,1,0.0,category0
0.88,20.500368,3.0,Black,18,4,2.0,category0
0.85,30.6,3.0,Tricolor,0,1,2.0,category0
0.81,29.877615,3.0,White,18,4,2.0,category0
0.4677038,22.50709,2.0,White,13,9,0.0,category0
0.9,30.593401,3.0,Gray,0,6,2.0,category0
0.75486827,28.857328,2.0,Black,0,1,0.0,category0
0.22,39.81527,3.0,Red,0,1,2.0,category0
0.9782381,28.26129,3.0,Gray,0,1,2.0,category0
0.97,32.03569,3.0,Gray,0,1,2.0,category0
0.28572464,20.428123,3.0,White,0,1,2.0,category0
0.8478894,35.72282,3.0,Red,0,1,2.0,category0
0.8,31.262047,2.0,Cream,11,4,1.0,category0
0.92,16.701895,2.0,Buff,18,4,1.0,category0
0.99,30.273054,2.0,Red,0,1,0.0,category0
0.68,31.148674,3.0,Red,7,1,2.0,category0
0.6302459,11.042743,2.0,White,0,1,0.0,category0
0.93,23.278849,2.0,Sable,7,1,1.0,category0
0.57,19.260927,3.0,Blue,0,3,2.0,category0
0.45529598,25.080267,3.0,Gray,0,1,2.0,category0
0.735454,7.8735895,3.0,Gray,0,6,2.0,category0
0.69218343,10.619098,3.0,White,0,1,2.0,category0
0.93,37.26213,3.0,Black,0,7,2.0,category0
0.43109286,40.07745,3.0,Black,18,4,2.0,category0
0.83,12.036776,3.0,Brown,0,1,2.0,category0
0.91572624,42.942585,2.0,White,13,9,0.0,category0
0.63,19.66906,3.0,Gray,0,1,2.0,category0
0.44,42.772907,3.0,White,7,1,2.0,category0
0.94,12.389035,3.0,Gray,11,4,2.0,category0
0.45,37.140854,3.0,Brown,0,1,2.0,category0
0.98,29.33321,3.0,Gray,0,1,2.0,category0
0.2,5.60725,2.0,Black,11,4,1.0,category0
0.33,5.2478313,2.0,Black,13,9,0.0,category0
0.9,8.017397,2.0,Black,0,1,0.0,category0
0.13,44.117393,3.0,White,7,1,2.0,category0
0.72,21.958313,3.0,White,0,1,2.0,category0
0.55,13.15032,2.0,White,0,3,0.0,category0
0.62,37.120003,3.0,Black,18,4,2.0,category0
0.40144467,23.984983,3.0,White,0,1,2.0,category0
0.26,49.224365,3.0,White,18,4,2.0,category0
0.8702537,48.087276,3.0,Black,0,1,2.0,category0
0.5244095,13.645485,2.0,Brown,13,9,0.0,category0
0.51,31.420406,3.0,Red,7,1,2.0,category0
0.110459514,21.879568,2.0,Blue,0,1,0.0,category0
0.68,35.25025,3.0,Yellow,0,3,2.0,category0
0.38428003,6.5056367,2.0,Black,0,1,0.0,category0
0.79,10.626769,2.0,White,0,1,1.0,category0
0.88,23.63811,2.0,Green,0,1,0.0,category0
0.27249032,38.88897,3.0,Black,18,4,2.0,category0
0.43098596,37.99747,2.0,Black,7,1,0.0,category0
0.91,33.299694,3.0,Gray,0,7,2.0,category0
0.95,26.802422,3.0,Brown,11,4,2.0,category0
0.66758645,22.456812,3.0,Tricolor,0,1,2.0,category0
0.35,21.023296,3.0,Gray,18,4,2.0,category0
0.19,6.038342,2.0,White,13,9,1.0,category0
0.6,27.018196,2.0,White,0,3,0.0,category0
0.75,20.533781,2.0,White,0,1,0.0,category0
0.26862976,24.934475,2.0,White,13,9,0.0,category0
0.2391973,8.262813,2.0,Sable,13,9,0.0,category0
0.8324208,29.367138,3.0,White,12,1,2.0,category0
0.1884791,23.029766,3.0,Red,0,1,2.0,category0
0.64894885,11.728465,2.0,White,13,9,1.0,category0
0.45,29.228317,3.0,Yellow,7,1,2.0,category0
0.31129473,49.051685,3.0,Black,18,4,2.0,category0
0.78,49.659527,3.0,White,0,1,2.0,category0
0.8626944,39.87547,2.0,White,0,3,0.0,category0
0.92,19.193106,2.0,White,0,3,0.0,category0
0.4,18.649649,2.0,Buff,0,1,0.0,category0
0.43,28.934671,3.0,Black,0,1,2.0,category0
0.3622999,30.739027,3.0,White,0,1,2.0,category0
0.62,32.144127,2.0,Red,0,1,1.0,category0
0.5877516,24.365278,3.0,Red,7,1,2.0,category0
0.8198547,35.248844,3.0,Yellow,12,1,2.0,category0
0.98,40.354176,3.0,Green,0,1,2.0,category0
0.93,22.79918,3.0,Gray,0,1,2.0,category0
0.07,28.489407,3.0,Brown,18,4,2.0,category0
0.19,26.4323,3.0,Green,0,1,2.0,category0
0.83,30.211838,3.0,Green,0,1,2.0,category0
0.9,38.425873,3.0,Black,0,7,2.0,category0
0.28,40.413876,3.0,Yellow,0,1,2.0,category0
0.9,21.66916,2.0,Brown,0,1,0.0,category0
0.99,42.136677,2.0,Brown Tabby,0,1,0.0,category0
0.5494569,47.46545,3.0,Black,18,4,2.0,category0
0.12,33.02615,2.0,White,13,9,0.0,category0
0.88706607,15.70206,3.0,Red,0,1,2.0,category0
0.8131608,40.61172,3.0,Green,0,1,2.0,category0
0.81,18.379423,2.0,White,0,1,1.0,category0
0.83287036,24.534254,2.0,Brown,0,1,0.0,category0
0.08,15.367331,3.0,Blue,0,7,2.0,category0
0.47,27.490448,3.0,Tan,0,1,2.0,category0
0.4180148,45.90469,3.0,Black,18,4,2.0,category0
0.52,38.314835,3.0,Gray,0,1,2.0,category0
0.49,10.673685,3.0,Green,7,1,2.0,category0
0.8,49.9287,3.0,Brown,18,4,2.0,category0
0.71,28.43597,3.0,Brown,18,4,2.0,category0
0.72,46.136063,3.0,Black,18,4,2.0,category0
0.51,17.56832,2.0,Red,0,1,1.0,category0
0.42,5.313083,3.0,Gray,18,4,2.0,category0
0.93,15.058415,2.0,Brown,0,1,0.0,category0
0.83,21.649462,2.0,White,0,3,0.0,category0
0.88375074,21.629044,3.0,Gray,7,1,2.0,category0
0.88,16.905838,3.0,Sable,18,4,2.0,category0
0.74,12.907981,3.0,Yellow,0,7,2.0,category0
0.68,9.284235,3.0,Red,18,4,2.0,category0
0.55275184,47.128723,3.0,Brown,18,4,2.0,category0
0.74180543,24.84528,3.0,Yellow,7,1,2.0,category0
0.29872376,21.424683,2.0,White,13,9,0.0,category0
0.06,16.308218,3.0,Tricolor,0,3,2.0,category0
0.45,27.247545,3.0,Green,0,7,2.0,category0
0.12616843,43.588436,3.0,Blue,0,3,2.0,category0
0.13,33.507565,3.0,Brown,18,4,2.0,category0
0.94,28.944057,2.0,Blue,0,1,0.0,category0
0.26,43.053135,3.0,White,0,3,2.0,category0
0.041257255,24.82374,3.0,White,0,1,2.0,category0
0.54,23.448048,3.0,Brown,18,4,2.0,category0
0.97,15.29617,3.0,White,18,4,2.0,category0
0.9439243,43.873524,3.0,Yellow,7,1,2.0,category0
0.72,9.97756,3.0,Gray,18,4,2.0,category0
0.94,16.291283,3.0,White,0,1,2.0,category0
0.63,25.002222,2.0,Black,0,1,0.0,category0
0.51,36.56025,3.0,Red,0,1,2.0,category0
0.85,44.034756,3.0,Black,0,7,2.0,category0
0.8894896,39.69221,3.0,Gray,0,1,2.0,category0
0.79,16.747978,3.0,Yellow,0,7,2.0,category0
0.34245512,16.569092,2.0,White,13,9,0.0,category0
0.6,20.495592,3.0,Gray,0,1,2.0,category0
0.73,30.570202,3.0,Yellow,7,1,2.0,category0
0.95,35.957966,3.0,Gray,0,7,2.0,category0
0.9,43.471626,3.0,White,18,4,2.0,category0
0.1,44.59566,3.0,Black,18,4,2.0,category0
0.42,13.483624,3.0,Gray,18,4,2.0,category0
0.42,26.533403,2.0,Gray,18,4,1.0,category0
0.34,31.306545,2.0,White,13,9,0.0,category0
0.82,45.316624,3.0,Brown,18,4,2.0,category0
0.37558892,20.1719,3.0,White,0,1,2.0,category0
0.65,8.415792,3.0,Blue,0,7,2.0,category0
0.24,22.472727,3.0,Gray,0,1,2.0,category0
0.76,33.730415,3.0,Green,0,1,2.0,category0
0.5929397,46.457687,2.0,Black,7,1,0.0,category0
0.93,8.206355,2.0,Black,18,4,1.0,category0
0.95,35.146603,3.0,Red,7,1,2.0,category0
0.75,22.266983,3.0,Blue,0,1,2.0,category0
0.84,38.705223,3.0,Orange,18,4,2.0,category0
0.85215384,15.498471,2.0,White,0,1,0.0,category0
0.08,27.386368,2.0,Gray,18,4,0.0,category0
0.56,36.056705,3.0,Gray,0,7,2.0,category0
0.78,27.668018,3.0,Gray,0,1,2.0,category0
0.61,37.691673,2.0,White,0,3,0.0,category0
0.44,7.4791913,2.0,Brown,13,9,1.0,category0
0.15,37.102848,3.0,Gray,18,4,2.0,category0
0.3,21.982805,3.0,Tan,11,4,2.0,category0
0.55,14.513594,3.0,Red,0,1,2.0,category0
0.07754761,47.567814,3.0,Black,11,4,2.0,category0
0.97,18.324081,2.0,Blue,0,3,0.0,category0
0.58,38.76307,3.0,Red,7,1,2.0,category0
0.63,11.382019,2.0,Brown,13,9,0.0,category0
0.5,14.2804,2.0,Silver,13,9,0.0,category0
0.32,6.221014,3.0,Gray,0,3,2.0,category0
0.7,30.006466,3.0,Gray,11,4,2.0,category0
0.4,25.046309,3.0,Red,0,1,2.0,category0
0.61,9.257893,2.0,White,13,9,1.0,category0
0.88,36.638958,3.0,Red,0,1,2.0,category0
0.27,32.551437,3.0,Blue,0,3,2.0,category0
0.63,36.535233,3.0,Gray,18,4,2.0,category0
0.57,13.681418,2.0,White,0,1,0.0,category0
0.27,10.530106,2.0,Black,11,4,1.0,category0
0.36,26.837381,2.0,Brown,13,9,0.0,category0
0.61,35.755215,3.0,Gray,0,1,2.0,category0
0.45472845,33.59423,2.0,White,0,3,0.0,category0
0.4,39.90896,3.0,Brown,18,4,2.0,category0
0.8,30.220999,3.0,Red,7,1,2.0,category0
0.76,37.231586,3.0,Blue,0,3,2.0,category0
0.21,47.026245,3.0,Black,18,4,2.0,category0
0.51,14.980028,2.0,Red,0,1,1.0,category0
0.89,35.460342,2.0,Tortie Point,7,1,0.0,category0
0.51,20.514482,2.0,White,13,9,0.0,category0
0.92,41.112392,3.0,Blue,0,1,2.0,category0
0.91,18.531258,3.0,Red,0,1,2.0,category0
0.41596392,28.096489,3.0,Blue,0,1,2.0,category0
0.25,46.4029,3.0,Red,12,1,2.0,category0
0.99,36.197723,3.0,Red,7,1,2.0,category0
0.87,5.4690256,2.0,White,13,9,0.0,category0
0.87,21.782187,3.0,Yellow,0,7,2.0,category0
0.78,11.309186,2.0,Black,0,1,0.0,category0
0.27,7.538046,2.0,Black,0,1,1.0,category0
0.38,10.531434,2.0,Red,0,1,0.0,category0
0.43,15.445204,2.0,Brown,13,9,0.0,category0
0.57,27.149971,3.0,White,0,1,2.0,category0
0.64,34.294228,3.0,Red,7,1,2.0,category0
0.56,15.182799,2.0,Black,0,1,0.0,category0
0.58,28.46765,3.0,Black,0,1,2.0,category0
0.31,9.964893,2.0,White,13,9,0.0,category0
0.92,23.39657,3.0,White,12,1,2.0,category0
0.53,25.772373,3.0,Blue,0,3,2.0,category0
0.72,38.625286,3.0,Brown,18,4,2.0,category0
0.46,34.441883,3.0,White,0,1,2.0,category0
0.84,21.037079,3.0,Brown,11,4,2.0,category0
0.36,22.930807,3.0,Tan,7,1,2.0,category0
0.68,9.8665,3.0,Gray,12,1,2.0,category0
0.95,28.586937,2.0,Brown Tabby,7,1,0.0,category0
0.5,27.93701,2.0,Black,7,1,1.0,category0
0.38,41.14777,3.0,Yellow,0,7,2.0,category0
0.35,37.875782,3.0,Red,18,4,2.0,category0
0.04,25.287563,2.0,Gray,18,4,0.0,category0
0.95,20.871561,3.0,Yellow,13,9,2.0,category0
0.38,19.75846,3.0,Gray,0,1,2.0,category0
0.96,10.409903,2.0,Black,18,4,1.0,category0
0.46,40.127266,2.0,Blue,7,1,1.0,category0
0.98,14.061911,3.0,Brown,7,1,2.0,category0
0.9267974,45.84245,3.0,Brown,11,4,2.0,category0
0.7,22.869417,3.0,Gray,0,1,2.0,category0
0.9,9.774065,3.0,Gray,0,7,2.0,category0
0.94,20.882524,2.0,Black,0,1,0.0,category0
0.98,16.06613,2.0,Black,0,1,0.0,category0
0.14,21.233366,3.0,White,0,1,2.0,category0
0.85728896,14.553646,3.0,Gray,0,7,2.0,category0
0.63,35.02918,3.0,Gray,0,1,2.0,category0
0.06564875,13.595194,2.0,Black,0,1,0.0,category0
0.26,6.956633,2.0,Red,0,1,1.0,category0
0.76,42.69272,3.0,Yellow,7,1,2.0,category0
0.77,37.68327,3.0,Black,0,7,2.0,category0
0.69,26.595966,3.0,Black,18,4,2.0,category0
0.79,38.061195,3.0,Gray,18,4,2.0,category0
0.95,25.120316,3.0,Yellow,18,4,2.0,category0
0.88,25.462715,2.0,Black,0,3,0.0,category0
0.49,24.998796,3.0,Gray,18,4,2.0,category0
0.6483504,30.802195,3.0,Yellow,7,1,2.0,category0
0.71,12.019004,2.0,Tan,0,1,0.0,category0
0.7199277,19.958584,3.0,Green,18,4,2.0,category0
0.91,18.654697,3.0,Blue,0,7,2.0,category0
0.44,25.30683,3.0,Red,0,1,2.0,category0
0.42809936,12.537659,2.0,Black,0,1,0.0,category0
0.52,32.971928,3.0,Gray,11,4,2.0,category0
0.81,13.394737,2.0,White,0,1,0.0,category0
0.9623009,37.49693,2.0,Black,0,1,0.0,category0
0.78,16.604746,3.0,Gray,0,7,2.0,category0
0.95,24.979885,3.0,Black Smoke,18,4,2.0,category0
0.68,29.1306,2.0,Blue,0,3,0.0,category0
0.03,6.68664,2.0,Black,0,1,0.0,category0
0.35,32.884296,2.0,White,13,9,0.0,category0
0.52,5.407576,2.0,Blue,13,9,0.0,category0
0.1,7.4428854,2.0,Black,13,9,0.0,category0
0.08,20.636951,2.0,White,13,9,0.0,category0
0.16,11.626167,2.0,Black,18,4,1.0,category0
0.25,23.867743,3.0,Black,0,7,2.0,category0
0.36437586,14.635259,2.0,Tan,0,1,0.0,category0
0.53,13.175573,2.0,Black,13,9,0.0,category0
0.67,24.848083,3.0,Tricolor,0,4,2.0,category0
0.33,32.229797,3.0,White,0,1,2.0,category0
0.89,24.03892,3.0,Gray,0,1,2.0,category0
0.84,30.403978,2.0,Cream Tabby,7,1,1.0,category0
0.5688592,49.03226,3.0,Black,18,4,2.0,category0
0.61,38.42991,2.0,Red,0,1,1.0,category0
0.43,10.146993,2.0,Black,13,9,0.0,category0
0.95,19.784685,2.0,Black,0,1,1.0,category0
0.72,34.712784,3.0,Yellow,0,1,2.0,category0
0.6873354,13.784852,2.0,Fawn,11,4,1.0,category0
0.52,8.058633,3.0,Gray,0,1,2.0,category0
0.73,21.858757,3.0,Red,0,7,2.0,category0
0.7,29.85835,3.0,Gray,0,1,2.0,category0
0.65,27.566029,3.0,Red,7,1,2.0,category0
0.56,25.109432,3.0,Tortie,0,1,2.0,category0
0.87828135,20.600119,2.0,Cream,0,1,1.0,category0
0.61,21.471476,3.0,White,0,1,2.0,category0
0.11,12.238652,2.0,Gray,18,4,0.0,category0
0.9,47.646908,3.0,Brown,18,4,2.0,category0
0.53,22.016066,3.0,Red,0,1,2.0,category0
0.76,38.5498,3.0,White,7,1,2.0,category0
0.49,23.492727,2.0,Brown Brindle,7,1,1.0,category0
0.98,23.4696,2.0,Brown,13,9,0.0,category0
0.63,35.348328,3.0,Green,12,1,2.0,category0
0.95,39.31835,3.0,White,7,1,2.0,category0
0.28,16.290583,3.0,Green,0,1,2.0,category0
0.13,17.278221,3.0,Gray,18,4,2.0,category0
0.73,32.12097,3.0,Red,7,1,2.0,category0
0.49,13.901321,2.0,White,13,9,1.0,category0
0.47,6.345414,2.0,Black,0,4,0.0,category0
0.38,32.183235,3.0,Brown,0,1,2.0,category0
0.93,20.634768,3.0,Gray,0,7,2.0,category0
0.75,17.259295,3.0,Green,0,1,2.0,category0
0.46,41.81122,2.0,Black,7,1,0.0,category0
0.64,22.713709,3.0,Red,0,1,2.0,category0
0.89,12.350638,2.0,Brown,13,9,0.0,category0
0.06,45.826996,3.0,Gray,0,1,2.0,category0
0.72,20.358133,2.0,Red,0,1,0.0,category0
0.9,35.86735,3.0,Gray,12,1,2.0,category0
0.17,5.212208,2.0,Red Tick,13,9,1.0,category0
0.3637684,21.446354,3.0,White,0,1,2.0,category0
0.94,22.734442,2.0,Fawn,0,1,1.0,category0
0.2274063,8.741371,2.0,Black,2,4,1.0,category0
0.33,25.879715,2.0,Brown,13,9,0.0,category0
0.859841,16.311924,3.0,Black,18,4,2.0,category0
0.61,11.128422,2.0,Lynx Point,0,1,0.0,category0
0.5,9.846543,3.0,Chocolate,0,7,2.0,category0
0.8,48.625175,2.0,Gray,0,3,1.0,category0
0.23,34.444714,3.0,Brown,18,4,2.0,category0
0.76,30.981941,3.0,Gray,18,4,2.0,category0
0.65,32.523735,3.0,Brown,18,4,2.0,category0
0.75,8.208271,0.0,Red,0,1,1.0,category0
0.41,11.609016,3.0,Gray,18,4,2.0,category0
0.59274673,38.330795,3.0,Gray,0,1,2.0,category0
0.8,15.974309,2.0,White,0,1,0.0,category0
0.76,48.98521,2.0,Blue,0,3,0.0,category0
0.89,15.413719,3.0,Brown,13,9,2.0,category0
0.99,23.229504,3.0,Gray,0,7,2.0,category0
0.66421586,22.10017,3.0,Blue,0,7,2.0,category0
0.5878126,20.532755,3.0,Yellow,13,9,2.0,category0
0.99,32.867943,3.0,Yellow,0,1,2.0,category0
0.88,48.20934,2.0,Red,13,9,0.0,category0
0.7797995,35.783295,3.0,Yellow,0,1,2.0,category0
0.98,42.597214,3.0,Tan,11,4,2.0,category0
0.21,16.143167,3.0,Black,0,1,2.0,category0
0.41,14.696077,2.0,White,13,9,0.0,category0
0.70133483,32.81012,3.0,Black,18,4,2.0,category0
0.49,24.159481,2.0,White,0,1,0.0,category0
0.15,38.49269,3.0,Green,7,1,2.0,category0
0.45,37.486645,3.0,Red,7,1,2.0,category0
0.54,34.465023,2.0,White,13,9,0.0,category0
0.09,37.012897,2.0,Black,13,9,0.0,category0
0.16147313,32.377384,3.0,Yellow,12,1,2.0,category0
0.22284935,12.083726,2.0,Tricolor,0,1,0.0,category0
0.8087114,32.72085,3.0,Red,0,1,2.0,category0
0.77,12.069898,2.0,Blue,0,1,0.0,category0
0.85,15.356414,3.0,Brown,0,7,2.0,category0
0.94,20.971643,2.0,Red,0,1,0.0,category0
0.49409768,17.945702,3.0,Gray,0,1,2.0,category0
0.86,26.939754,3.0,Black,18,4,2.0,category0
0.83,22.28393,3.0,White,0,2,2.0,category0
0.68,31.219465,3.0,Brown,18,4,2.0,category0
0.91266716,39.92131,3.0,Green,18,4,2.0,category0
0.3704058,39.77313,3.0,Red,7,1,2.0,category0
0.9,13.077769,3.0,Gray,0,7,2.0,category0
0.86,18.79989,3.0,Gray,18,4,2.0,category0
0.46,35.08393,3.0,Gray,0,1,2.0,category0
0.57482255,16.820465,2.0,Black,0,1,1.0,category0
0.06256528,22.897,3.0,Gray,18,4,2.0,category0
0.49,17.270824,2.0,Tan,13,9,0.0,category0
0.86,21.799166,2.0,White,0,3,0.0,category0
0.57,41.744514,3.0,Brown,18,4,2.0,category0
0.04,13.078219,2.0,White,0,1,0.0,category0
0.55,26.459774,3.0,Tan,0,1,2.0,category0
0.94,12.90164,3.0,White,0,7,2.0,category0
0.33294207,15.401606,2.0,Black,0,1,0.0,category0
0.7662906,16.490166,2.0,Black,0,1,0.0,category0
0.66,30.796513,3.0,White,0,1,2.0,category0
0.6232108,45.76133,3.0,Black,11,4,2.0,category0
0.82,12.493201,2.0,Blue,0,1,0.0,category0
0.62,16.093176,3.0,Gray,0,7,2.0,category0
0.92,19.531116,2.0,Black,0,3,0.0,category0
0.99,20.933231,3.0,Gray,0,1,2.0,category0
0.9348736,9.3714695,2.0,Brown,0,1,0.0,category0
0.8068154,35.979095,3.0,White,18,4,2.0,category0
0.38964665,9.5775,2.0,Black,11,4,1.0,category0
0.19,15.876129,2.0,White,13,9,0.0,category0
0.45,16.079773,3.0,Yellow,0,1,2.0,category0
0.79,18.562634,3.0,Gray,0,1,2.0,category0
0.42558128,11.189784,3.0,White,7,1,2.0,category0
0.68,46.315304,3.0,Black,18,4,2.0,category0
0.16443257,20.286709,3.0,Green,0,2,2.0,category0
0.89,13.955036,3.0,Yellow,0,1,2.0,category0
0.99,32.097248,2.0,White,0,1,0.0,category0
0.77,40.941208,3.0,Black,0,7,2.0,category0
0.08,28.869642,3.0,Blue,0,1,2.0,category0
0.29,25.737316,3.0,Gray,18,4,2.0,category0
0.45,31.338726,3.0,Green,0,1,2.0,category0
0.84,17.069082,2.0,Green,7,1,0.0,category0
0.67,15.126217,3.0,White,0,7,2.0,category0
0.24,17.65021,3.0,Gray,0,1,2.0,category0
0.18,14.53665,2.0,Brown,13,9,0.0,category0
0.2,47.868736,3.0,Brown,18,4,2.0,category0
0.15,5.700479,3.0,White,7,1,2.0,category0
0.87,47.97548,3.0,Orange,18,4,2.0,category0
0.82,36.618454,2.0,Gray,0,1,0.0,category0
0.25,35.516785,2.0,White,13,9,0.0,category0
0.49,31.899141,3.0,Red,7,1,2.0,category0
0.57,39.508385,2.0,White,0,3,0.0,category0
0.09,30.670467,3.0,Yellow,0,1,2.0,category0
0.33,37.152714,3.0,Tricolor,0,1,2.0,category0
0.97,20.060013,2.0,Black,0,1,0.0,category0
0.92,11.26053,2.0,Red,0,1,0.0,category0
0.07,41.07785,3.0,Gray,18,4,2.0,category0
0.84,28.342602,3.0,Gray,0,1,2.0,category0
0.11,26.895891,3.0,White,7,1,2.0,category0
0.5,24.306938,3.0,Red,0,1,2.0,category0
0.84,36.555283,2.0,Black,0,1,0.0,category0
0.36,19.917084,3.0,Blue,18,4,2.0,category0
0.39678785,46.928947,3.0,White,18,4,2.0,category0
0.28,12.207329,3.0,Gray,18,4,2.0,category0
0.53,8.479671,2.0,Blue,13,9,0.0,category0
0.63180584,47.589634,3.0,White,0,1,2.0,category0
0.63,24.219765,3.0,Gray,0,1,2.0,category0
0.84,32.742126,3.0,Gray,0,1,2.0,category0
0.82,29.248182,3.0,Tan,0,1,2.0,category0
0.35192356,12.858473,3.0,Red,7,1,2.0,category0
0.72,5.654823,3.0,Yellow,7,1,2.0,category0
0.62697923,34.64136,3.0,White,0,1,2.0,category0
0.6,29.824436,3.0,Gray,7,1,2.0,category0
0.93,22.668032,3.0,Black,7,1,2.0,category0
0.9,26.917103,2.0,White,0,3,0.0,category0
0.32,13.023911,2.0,Black,0,1,0.0,category0
0.13,18.799015,2.0,Brown Brindle,13,9,0.0,category0
0.84,19.772757,2.0,Brown,0,1,1.0,category0
0.35667297,31.630032,3.0,Gray,0,1,2.0,category0
0.93,45.257805,3.0,Black,18,4,2.0,category0
0.3,11.272017,2.0,Brown,13,9,0.0,category0
0.91,31.374523,2.0,Lynx Point,7,1,0.0,category0
0.66,9.172879,2.0,Tan,13,9,0.0,category0
0.53,30.770067,2.0,White,0,3,0.0,category0
0.25,33.900604,3.0,Brown,18,4,2.0,category0
0.98,21.615969,3.0,Yellow,0,1,2.0,category0
0.6,16.543697,2.0,Gray,18,4,0.0,category0
0.38,33.323902,3.0,Yellow,0,1,2.0,category0
0.25427642,26.533447,3.0,Brown,0,1,2.0,category0
0.51,19.529743,3.0,Green,0,2,2.0,category0
0.43,33.83044,3.0,Brown,11,4,2.0,category0
0.84,42.718723,3.0,Gray,0,1,2.0,category0
0.43,40.09064,3.0,Black,18,4,2.0,category0
0.95,30.573116,2.0,Tan,0,1,0.0,category0
0.41809112,22.943064,2.0,Black,0,1,0.0,category0
0.14,21.400661,2.0,White,0,1,0.0,category0
0.95,29.156809,2.0,Green,0,1,0.0,category0
0.2858226,19.266863,2.0,White,7,1,1.0,category0
0.3,46.616524,3.0,Black,18,4,2.0,category0
0.58,33.5951,3.0,Red,7,1,2.0,category0
0.1741178,21.52207,2.0,White,13,9,0.0,category0
0.72,30.978624,3.0,Red,0,1,2.0,category0
0.93,10.924631,2.0,White,0,1,1.0,category0
0.3,29.44985,3.0,Cream Tabby,0,1,2.0,category0
0.60101557,20.738613,2.0,Green,7,1,1.0,category0
0.8,9.058654,2.0,Black,0,1,0.0,category0
0.67,30.308596,2.0,Blue,0,1,0.0,category0
0.76,15.775313,3.0,Blue,0,3,2.0,category0
0.12269922,32.761856,3.0,Red,12,1,2.0,category0
0.07,46.689262,3.0,Yellow,12,1,2.0,category0
0.21,6.038178,2.0,Tricolor,13,9,0.0,category0
0.9,9.500392,3.0,White,7,1,2.0,category0
0.48,9.793284,2.0,Black,0,1,0.0,category0
0.31,8.544004,3.0,Red,0,1,2.0,category0
0.72416186,37.339104,2.0,Red,0,1,1.0,category0
0.68,26.90785,3.0,Gray,0,1,2.0,category0
0.38,19.83884,2.0,Black,13,9,0.0,category0
0.019629339,31.198103,3.0,Gray,18,4,2.0,category0
0.83,24.208109,2.0,Brown Brindle,0,1,0.0,category0
0.73635256,35.026955,3.0,Red,0,1,2.0,category0
0.78,24.881737,2.0,Orange Tabby,0,1,0.0,category0
0.46,27.939142,3.0,Blue,0,1,2.0,category0
0.75,5.458568,2.0,Black,18,4,1.0,category0
0.4,20.405664,2.0,Black,11,4,1.0,category0
0.58,10.756346,2.0,White,0,3,1.0,category0
0.23,38.27588,3.0,Tricolor,0,1,2.0,category0
0.8646086,35.969822,3.0,Yellow,0,7,2.0,category0
0.13,27.988136,2.0,Red,0,3,0.0,category0
0.7966728,27.206627,3.0,Red,0,1,2.0,category0
0.36,18.52187,3.0,Red,0,1,2.0,category0
0.22,9.046116,2.0,Black,13,9,0.0,category0
0.29,48.71326,3.0,Blue Tabby,18,4,2.0,category0
0.99,13.220119,2.0,Tan,7,1,0.0,category0
0.5754572,27.110592,3.0,White,0,1,2.0,category0
0.7,22.51297,3.0,White,0,1,2.0,category0
0.33,36.449066,3.0,White,0,7,2.0,category0
0.06,37.410103,3.0,Brown,18,4,2.0,category0
0.85,40.81212,3.0,Red,12,1,2.0,category0
0.48,43.79936,3.0,White,0,1,2.0,category0
0.45,14.104748,2.0,Tan,13,9,0.0,category0
0.71,19.166994,2.0,Black,13,9,0.0,category0
0.27423513,13.51784,2.0,Brown,0,1,1.0,category0
0.16514175,18.144325,2.0,Tan,0,1,0.0,category0
0.83,24.226871,3.0,Gray,13,9,2.0,category0
0.26,11.301158,2.0,Black,13,9,0.0,category0
0.26,28.709412,3.0,Brown,0,1,2.0,category0
0.7749451,18.932146,2.0,Black,18,4,1.0,category0
0.63053364,24.299612,2.0,Black,0,3,0.0,category0
0.72828597,13.31232,2.0,White,0,1,0.0,category0
0.29,15.58654,3.0,Yellow,0,1,2.0,category0
0.64,16.033594,3.0,Blue,0,1,2.0,category0
0.95,29.437422,3.0,Black,18,4,2.0,category0
0.62,11.677168,2.0,Black,13,9,0.0,category0
0.8013048,42.27803,3.0,White,0,1,2.0,category0
0.3,29.504923,2.0,White,13,9,0.0,category0
0.5929035,10.5997505,3.0,Gray,18,4,2.0,category0
0.57,16.338501,2.0,Brown,18,4,1.0,category0
0.26,26.42001,3.0,Yellow,0,1,2.0,category0
0.16047372,16.46822,3.0,Red,0,1,2.0,category0
0.5249551,30.304768,3.0,Gray,0,1,2.0,category0
0.04,7.789489,2.0,Black,0,1,1.0,category0
0.9768021,17.567568,2.0,Black,0,1,0.0,category0
0.47,36.49255,3.0,Gray,0,1,2.0,category0
0.65,21.95312,3.0,Green,7,1,2.0,category0
0.7651997,13.077915,2.0,Green,0,1,1.0,category0
0.01,29.537212,2.0,Gray,18,4,0.0,category0
0.6551154,6.0198946,2.0,Black,0,1,0.0,category0
0.68225574,31.998299,2.0,White,7,1,1.0,category0
0.53,20.136463,3.0,Yellow,0,7,2.0,category0
0.42,24.708435,2.0,Black,0,1,0.0,category0
0.9958325,18.198355,3.0,Brown,0,7,2.0,category0
0.5574567,30.589392,3.0,Green,0,1,2.0,category0
0.26,18.290558,3.0,White,0,6,2.0,category0
0.72,24.677555,2.0,Black,0,4,0.0,category0
0.85,7.1517353,2.0,White,0,1,0.0,category0
0.8038858,9.321611,3.0,Gray,0,1,2.0,category0
0.38,9.651469,2.0,Tan,13,9,0.0,category0
0.49,21.504349,3.0,Gray,18,4,2.0,category0
0.88,30.546991,3.0,Black,18,4,2.0,category0
0.72,15.286017,2.0,White,13,9,1.0,category0
0.94,31.24603,3.0,Yellow,7,1,2.0,category0
0.69,25.50888,3.0,Yellow,0,1,2.0,category0
0.33,9.382066,3.0,Gray,18,4,2.0,category0
0.16,25.888704,3.0,Brown,18,4,2.0,category0
0.89,41.375587,2.0,Blue,7,1,0.0,category0
0.48,13.936627,2.0,White,0,3,0.0,category0
0.89,15.9349985,2.0,Black,0,1,1.0,category0
0.24,46.48889,3.0,Gray,12,1,2.0,category0
0.73,5.3657794,3.0,White,0,2,2.0,category0
0.87819684,21.552132,2.0,Black,7,1,0.0,category0
0.31,31.916529,3.0,Yellow,0,1,2.0,category0
0.44,12.128447,2.0,White,13,9,0.0,category0
0.61,24.288057,3.0,White,0,1,2.0,category0
0.84,21.548483,3.0,Tricolor,0,1,2.0,category0
0.296006,27.095251,3.0,Yellow,0,1,2.0,category0
0.7949399,10.985161,3.0,Gray,11,4,2.0,category0
0.57031035,37.65299,2.0,Tricolor,0,3,0.0,category0
0.6,34.24755,3.0,Yellow,0,1,2.0,category0
0.97,15.70213,2.0,Red,0,1,1.0,category0
0.62629807,6.27168,2.0,White,13,9,1.0,category0
0.44,38.72646,2.0,Cream Tabby,7,1,0.0,category0
0.95,36.811195,3.0,Black,0,7,2.0,category0
0.42,32.08845,2.0,Red,0,1,0.0,category0
0.37,21.157705,3.0,Black,18,4,2.0,category0
0.94,32.114094,2.0,Black,0,1,0.0,category0
0.94,30.382116,3.0,Gray,0,7,2.0,category0
0.17013612,18.354212,2.0,White,13,9,0.0,category0
0.53,20.109512,3.0,Gray,18,4,2.0,category0
0.45,33.132526,3.0,Red,7,1,2.0,category0
0.75,7.261973,3.0,White,7,1,2.0,category0
0.63,36.428795,3.0,Yellow,13,9,2.0,category0
0.94,43.50759,2.0,White,7,1,0.0,category0
0.73415166,28.852787,3.0,Red,7,1,2.0,category0
0.8056108,44.454266,3.0,Sable,18,4,2.0,category0
0.74,42.552853,2.0,Black,7,1,0.0,category0
0.88,38.664333,3.0,Gray,7,1,2.0,category0
0.42,42.925713,3.0,White,18,4,2.0,category0
0.32,21.277178,2.0,White,13,9,0.0,category0
0.87,33.727386,3.0,Red,0,1,2.0,category0
0.77,17.43638,3.0,Yellow,0,1,2.0,category0
0.78,38.180862,3.0,Gray,7,1,2.0,category0
0.83838516,13.740187,3.0,Gray,0,1,2.0,category0
0.86,43.446445,3.0,Red,0,1,2.0,category0
0.43,33.11553,3.0,Yellow,12,1,2.0,category0
1.0,26.86621,3.0,Sable,0,7,2.0,category0
0.95,31.123753,3.0,Gray,0,1,2.0,category0
0.77,26.817833,3.0,Tricolor,11,4,2.0,category0
0.12,16.583883,3.0,Blue,0,1,2.0,category0
0.08,10.41763,3.0,Brown,18,4,2.0,category0
0.79,42.41756,2.0,White,0,3,0.0,category0
0.63,15.346574,2.0,Brown,13,9,0.0,category0
0.78057826,45.737473,2.0,Tan,7,1,0.0,category0
0.77,39.943737,3.0,Gray,0,7,2.0,category0
0.48,49.799126,3.0,Cream Tabby,18,4,2.0,category0
0.6961174,14.031733,2.0,Red,0,1,1.0,category0
0.41,5.5850854,3.0,Brown,0,1,2.0,category0
0.76,39.29977,3.0,Red,0,1,2.0,category0
0.78,31.416119,2.0,White,0,3,0.0,category0
0.51,11.052037,2.0,Black,13,9,0.0,category0
0.35,21.248793,3.0,Red,0,1,2.0,category0
0.45,20.70914,3.0,Brown,0,7,2.0,category0
0.87,23.461971,3.0,Red,12,1,2.0,category0
0.35,6.2102222,2.0,Black,13,9,0.0,category0
0.7687697,49.23352,3.0,White,18,4,2.0,category0
0.85,30.48784,2.0,Black,11,4,1.0,category0
0.3403167,21.868647,3.0,Tan,0,1,2.0,category0
0.26,12.991671,2.0,Brown,13,9,0.0,category0
0.37,44.612152,3.0,White,18,4,2.0,category0
0.85,25.391289,3.0,Red,0,1,2.0,category0
0.37,28.893719,3.0,Gray,0,1,2.0,category0
0.102757536,27.5698,3.0,Gray,11,4,2.0,category0
0.95371926,39.608486,3.0,White,0,1,2.0,category0
0.89,9.857579,2.0,White,13,9,0.0,category0
0.32,12.019389,2.0,White,13,9,0.0,category0
0.95,28.37208,2.0,Tricolor,0,1,0.0,category0
0.8666148,30.092793,2.0,Red,0,1,0.0,category0
0.88,21.209316,2.0,Black,0,1,0.0,category0
0.26,26.951088,3.0,Green,0,1,2.0,category0
0.4,8.952565,3.0,Gray,18,4,2.0,category0
0.7609037,26.23727,3.0,White,0,4,2.0,category0
0.82,23.045671,3.0,Gray,18,4,2.0,category0
0.44562632,11.352173,3.0,Gray,0,6,2.0,category0
0.99,24.475018,3.0,Black,0,2,2.0,category0
0.27,21.655563,3.0,Gray,0,3,2.0,category0
0.5200291,21.083323,2.0,Brown Brindle,13,9,0.0,category0
0.98,39.40408,3.0,White,7,1,2.0,category0
0.21664184,11.791579,2.0,Brown,13,9,0.0,category0
0.23987335,27.025524,3.0,Tricolor,0,1,2.0,category0
0.21791212,17.725216,2.0,Tan,0,1,0.0,category0
0.58,24.7571,3.0,Brown,18,4,2.0,category0
0.66562706,27.950426,3.0,White,0,1,2.0,category0
0.4,19.769112,2.0,Brown,13,9,0.0,category0
0.88017297,44.847214,3.0,Blue,0,1,2.0,category0
0.6,9.269148,3.0,White,13,9,2.0,category0
0.79,42.0527,3.0,Yellow,0,1,2.0,category0
0.45,22.48864,2.0,Red,18,4,1.0,category0
0.95,43.161995,3.0,Blue,11,4,2.0,category0
0.83,24.070446,3.0,White,0,1,2.0,category0
0.82,42.324345,3.0,Yellow,7,1,2.0,category0
0.18,43.160397,3.0,Yellow,0,1,2.0,category0
0.26,44.72444,2.0,White,13,9,0.0,category0
0.08,26.953342,2.0,Black,7,1,1.0,category0
0.37,40.082436,3.0,White,12,1,2.0,category0
0.93,20.587383,3.0,Tan,0,1,2.0,category0
0.44,15.759946,2.0,Black,18,4,1.0,category0
0.84,40.6406,3.0,Gray,0,1,2.0,category0
0.83,9.146836,2.0,Red,0,1,0.0,category0
0.55,40.69878,2.0,Black,0,3,0.0,category0
0.96,28.863111,2.0,Tan,0,1,0.0,category0
0.31,26.529116,3.0,Yellow,0,1,2.0,category0
0.65,12.257538,2.0,Black,0,1,0.0,category0
0.79,33.70645,2.0,Black,0,1,0.0,category0
0.48,11.892887,2.0,Red,0,1,1.0,category0
0.99,24.073029,3.0,Calico,0,1,2.0,category0
0.56,12.116887,2.0,White,13,9,0.0,category0
0.34,22.03316,3.0,White,0,1,2.0,category0
0.92,9.861664,2.0,Tan,0,1,0.0,category0
0.07436424,16.097612,2.0,Black,13,9,0.0,category0
0.39,12.431274,2.0,Brown,13,9,1.0,category0
0.16793355,42.339466,3.0,Red,18,4,2.0,category0
0.08,23.5296,3.0,Brown,18,4,2.0,category0
0.4,14.318145,2.0,Cream,13,9,0.0,category0
0.17684375,19.456768,3.0,Green,0,3,2.0,category0
0.82,17.249067,3.0,Red,7,1,2.0,category0
0.57,10.022344,2.0,White,13,9,0.0,category0
0.93,10.266687,2.0,Brown,0,1,0.0,category0
0.92,25.165491,2.0,Black,18,4,1.0,category0
0.67,11.665602,2.0,Black,0,1,0.0,category0
0.68,44.11638,3.0,Gray,13,9,2.0,category0
0.65,14.567786,2.0,Tricolor,0,1,0.0,category0
0.8675929,43.66716,2.0,White,0,3,0.0,category0
0.44,13.423678,3.0,Red,18,4,2.0,category0
0.12,22.522438,3.0,Red,13,9,2.0,category0
0.91,29.88244,3.0,Yellow,0,1,2.0,category0
0.27,10.394121,3.0,Black,11,4,2.0,category0
0.88,27.6934,2.0,Black,0,1,0.0,category0
0.75,18.049976,2.0,Brown,13,9,0.0,category0
0.22,21.728458,3.0,Gray,18,4,2.0,category0
0.96,13.08085,3.0,Gray,7,1,2.0,category0
0.89,10.928767,2.0,Brown Brindle,13,9,0.0,category0
0.52,36.047375,3.0,Brown,18,4,2.0,category0
0.94048625,17.431215,2.0,Red,7,1,0.0,category0
0.73,27.71661,2.0,Brown,0,1,0.0,category0
0.83,12.992407,3.0,Black,18,4,2.0,category0
0.1910344,20.880306,3.0,White,0,1,2.0,category0
0.34,43.29062,3.0,Gray,0,7,2.0,category0
0.8456779,31.19569,2.0,White,0,1,0.0,category0
0.47,19.12586,3.0,Brown,18,4,2.0,category0
0.85,17.464172,3.0,Gray,0,1,2.0,category0
0.49,21.68824,3.0,White,7,1,2.0,category0
0.32,39.794918,3.0,Red,12,1,2.0,category0
0.36,25.951885,3.0,White,0,1,2.0,category0
0.26,40.529015,3.0,Gray,0,1,2.0,category0
0.57,13.171286,2.0,Black,18,4,1.0,category0
0.64,20.65472,2.0,Gray,18,4,1.0,category0
0.64,38.271034,2.0,White,7,1,0.0,category0
0.88,10.005269,2.0,White,13,9,0.0,category0
0.56685007,25.58431,3.0,Red,7,1,2.0,category0
0.73,19.543125,2.0,Black,7,1,1.0,category0
0.4,31.489452,3.0,Brown,18,4,2.0,category0
0.84040606,22.599947,2.0,Black,0,1,0.0,category0
0.3,38.867237,3.0,Red,18,4,2.0,category0
0.79,42.6838,3.0,Black,18,4,2.0,category0
0.5,12.181338,3.0,Gray,18,4,2.0,category0
0.47,21.240984,3.0,Gray,0,1,2.0,category0
0.85,14.733578,2.0,Red,0,1,2.0,category0
0.99,41.74407,2.0,Sable,7,1,0.0,category0
0.71,38.004124,3.0,Gray,0,1,2.0,category0
0.47,46.1221,2.0,White,0,3,0.0,category0
0.47,30.120417,2.0,White,13,9,0.0,category0
0.99,13.600816,3.0,Gray,0,7,2.0,category0
0.58,26.028261,3.0,Yellow,0,1,2.0,category0
0.026004722,13.012913,3.0,Gray,18,4,2.0,category0
0.83,23.54183,2.0,Black,0,1,1.0,category0
0.25,16.098427,3.0,Gray,18,4,2.0,category0
0.49,42.338932,3.0,Black,0,7,2.0,category0
0.44,30.959051,3.0,Yellow,12,1,2.0,category0
0.94,14.902881,3.0,Sable,0,2,2.0,category0
0.4,18.83101,3.0,Black,0,1,2.0,category0
0.91,38.976334,2.0,Blue,0,1,0.0,category0
0.79,5.4343467,2.0,Red,0,1,1.0,category0
0.97,21.256388,2.0,Cream Tabby,0,1,1.0,category0
0.98,31.979923,3.0,White,0,7,2.0,category0
0.28211555,17.51124,3.0,Tricolor,0,1,2.0,category0
0.96469563,38.322956,3.0,White,7,1,2.0,category0
0.65,20.10671,3.0,Red,12,1,2.0,category0
0.67,19.820549,3.0,Blue,11,4,2.0,category0
0.4,15.45991,2.0,Fawn,0,1,0.0,category0
0.028733032,32.887714,3.0,Brown Merle,0,1,2.0,category0
0.22,9.618234,2.0,Black,13,9,0.0,category0
0.71236527,26.806301,3.0,Gray,0,1,2.0,category0
0.66,34.598007,2.0,Black,7,1,0.0,category0
0.8495023,15.6038,3.0,White,12,1,2.0,category0
0.64,19.56394,2.0,Black,0,4,0.0,category0
0.18,24.931442,2.0,White,13,9,0.0,category0
0.99,40.85184,3.0,Brown,0,7,2.0,category0
0.17,20.687746,3.0,Gray,18,4,2.0,category0
0.08,20.188662,2.0,Blue Point,0,1,0.0,category0
0.75,34.097103,3.0,Red,0,1,2.0,category0
0.91711795,26.99288,2.0,Green,7,1,1.0,category0
0.93,20.035988,3.0,Yellow,7,1,2.0,category0
0.29,26.618984,3.0,White,12,1,2.0,category0
0.8192605,17.065817,3.0,Gray,0,1,2.0,category0
0.97,8.167985,2.0,White,0,1,0.0,category0
0.92,41.39666,3.0,Red,7,1,2.0,category0
0.15,28.829525,2.0,Black,7,1,0.0,category0
0.46,40.33714,3.0,Gray,7,1,2.0,category0
0.83,46.21645,3.0,White,18,4,2.0,category0
0.18504652,12.957414,3.0,Gray,18,4,2.0,category0
0.53,44.2188,3.0,Gray,0,1,2.0,category0
0.023974821,29.825268,3.0,Gray,18,4,2.0,category0
0.35,46.414383,3.0,Brown,18,4,2.0,category0
0.85,11.538865,2.0,Brown,13,9,0.0,category0
0.8934517,23.291311,2.0,Black,0,1,1.0,category0
0.21,21.128893,2.0,Tricolor,11,4,1.0,category0
0.82,26.429174,3.0,White,7,1,2.0,category0
0.33,12.620985,2.0,Brown,13,9,1.0,category0
0.38485143,14.763935,2.0,Black,13,9,0.0,category0
0.95,19.294243,2.0,Black,0,1,0.0,category0
0.72,44.24734,3.0,Yellow,0,1,2.0,category0
0.45,27.579771,2.0,Chocolate,0,1,0.0,category0
0.59521806,21.527164,2.0,Black,7,1,0.0,category0
0.04503391,40.364155,3.0,Black,18,4,2.0,category0
0.35,24.437428,3.0,White,7,1,2.0,category0
0.94,7.0221434,3.0,Gray,0,6,2.0,category0
0.58,21.81318,3.0,Yellow,0,1,2.0,category0
0.08,43.29919,3.0,Brown,18,4,2.0,category0
0.92,26.169277,3.0,Gray,18,4,2.0,category0
0.40624017,36.49689,3.0,Red,0,1,2.0,category0
0.75,9.463148,3.0,Gray,12,1,2.0,category0
0.6645156,5.8866205,2.0,White,0,3,1.0,category0
0.68,21.499653,3.0,Gray,0,1,2.0,category0
0.99459183,15.056062,2.0,White,0,1,0.0,category0
0.52,12.115677,3.0,Red,0,1,2.0,category0
0.35,35.14386,3.0,White,0,3,2.0,category0
0.70321804,16.208912,2.0,Brown,13,9,0.0,category0
0.55,18.430912,2.0,Black,13,9,0.0,category0
0.97,38.349598,3.0,Black,0,1,2.0,category0
0.51,17.291513,3.0,White,0,1,2.0,category0
0.46069288,11.550334,2.0,White,13,9,0.0,category0
0.33,28.299358,2.0,Chocolate,0,7,0.0,category0
0.7665175,13.185605,3.0,Gray,18,4,2.0,category0
0.6172508,21.146873,3.0,Gray,0,1,2.0,category0
0.82,15.933155,3.0,White,0,1,2.0,category0
0.74,42.775047,3.0,Gray,0,7,2.0,category0
0.13,31.14385,3.0,Brown,18,4,2.0,category0
0.98,8.851668,3.0,Green,7,1,2.0,category0
0.31,5.698933,2.0,Chocolate,2,4,1.0,category0
0.01,12.027008,2.0,Blue,0,1,0.0,category0
0.31,24.25994,3.0,White,0,7,2.0,category0
0.67,17.739923,3.0,Green,0,1,2.0,category0
0.87699574,10.260196,2.0,White,0,1,0.0,category0
0.52,32.930473,3.0,Red,0,1,2.0,category0
0.8836608,35.15677,3.0,Tricolor,0,1,2.0,category0
0.37,33.694168,3.0,Gray,7,1,2.0,category0
0.35,15.732846,3.0,Red,0,1,2.0,category0
0.59,29.770287,3.0,Black,18,4,2.0,category0
0.59,37.422176,2.0,Sable,7,1,1.0,category0
0.36,38.25216,3.0,Yellow,7,1,2.0,category0
0.4413168,27.074831,3.0,Gray,0,1,2.0,category0
0.23,30.772942,2.0,Black,7,1,0.0,category0
0.84,8.016689,2.0,Black,13,9,0.0,category0
0.67,24.645727,3.0,Pink,18,4,2.0,category0
0.9,38.943604,3.0,Black,18,4,2.0,category0
0.53,18.966925,3.0,Red,0,7,2.0,category0
0.98,31.342176,3.0,Yellow,0,1,2.0,category0
0.7791332,7.97447,3.0,Gray,18,4,2.0,category0
0.43,8.934864,2.0,Red,0,1,0.0,category0
0.26,30.262602,3.0,Tricolor,0,3,2.0,category0
0.38,16.388584,2.0,White,13,9,1.0,category0
0.59,30.684397,3.0,Gray,0,1,2.0,category0
0.95,10.043328,2.0,Brown,0,1,0.0,category0
0.49,6.464889,2.0,Black,13,9,0.0,category0
0.51579064,20.864935,3.0,Gray,0,1,2.0,category0
0.55,7.6677895,3.0,White,0,3,2.0,category0
0.61153835,9.8414755,2.0,Black,13,9,0.0,category0
0.36,26.5414,3.0,Red,0,1,2.0,category0
0.69,41.098198,3.0,Black,18,4,2.0,category0
0.96,10.386618,3.0,Tricolor,0,1,2.0,category0
0.39,43.9714,3.0,Red,0,1,2.0,category0
0.87,34.369328,3.0,White,0,1,2.0,category0
0.65,27.765232,3.0,Gray,0,1,2.0,category0
0.78,27.833311,3.0,Gray,0,1,2.0,category0
0.87,21.617605,3.0,Gray,0,1,2.0,category0
0.76,8.122433,2.0,Black,13,9,0.0,category0
0.71,22.948631,2.0,White,0,1,0.0,category0
0.58,32.82636,3.0,White,0,1,2.0,category0
0.77,30.064522,3.0,White,0,1,2.0,category0
0.81,22.801245,3.0,Brown,13,9,2.0,category0
0.04,25.001877,2.0,Black,0,1,0.0,category0
0.91,30.021025,3.0,Brown,12,1,2.0,category0
0.7,47.841084,2.0,White,13,9,0.0,category0
0.95,30.83802,3.0,Brown,11,4,2.0,category0
0.3255883,30.258352,3.0,Red,0,1,2.0,category0
0.3,20.735094,2.0,Gray,18,4,2.0,category0
0.81,20.34397,2.0,Black,0,1,0.0,category0
0.67,31.657255,3.0,Green,0,1,2.0,category0
0.51,23.519524,2.0,Brown Brindle,13,9,0.0,category0
0.52,13.707909,2.0,Black,0,1,0.0,category0
0.33,15.686887,2.0,Gray,18,4,1.0,category0
0.89,17.477924,3.0,Brown,18,4,2.0,category0
0.61,7.8926163,2.0,Red,0,1,0.0,category0
0.33,24.081518,3.0,White,0,1,2.0,category0
0.5071613,21.466988,2.0,Brown,13,9,0.0,category0
0.29,48.109573,2.0,Orange Tabby,7,1,0.0,category0
0.017796205,13.691573,2.0,White,0,1,0.0,category0
0.62,19.068037,2.0,Black,0,1,0.0,category0
0.77,34.329315,2.0,Red,0,1,2.0,category0
0.65,17.354156,3.0,Yellow,0,1,2.0,category0
0.48,23.285273,3.0,White,0,1,2.0,category0
0.44089672,25.431553,3.0,Green,0,7,2.0,category0
0.65,20.507965,3.0,Red,0,1,2.0,category0
0.57982504,12.751018,2.0,White,0,1,0.0,category0
0.48,29.685675,2.0,Tan,13,9,0.0,category0
0.84,28.8827,3.0,Tan,0,7,2.0,category0
0.92,39.83172,3.0,Gray,0,1,2.0,category0
0.80224156,9.477768,2.0,White,0,1,1.0,category0
0.69,33.961628,3.0,Gray,0,7,2.0,category0
0.85,26.176743,3.0,Yellow,18,4,2.0,category0
0.27,16.174671,3.0,Black,0,2,2.0,category0
0.16033068,39.611496,3.0,Buff,0,7,2.0,category0
0.9391867,20.201305,3.0,Black,0,1,2.0,category0
0.66967183,47.364414,3.0,Orange Tabby,18,4,2.0,category0
0.3682667,37.950016,3.0,Yellow,7,1,2.0,category0
0.8050236,25.606318,3.0,Gray,0,1,2.0,category0
0.90868056,34.064625,3.0,White,0,1,2.0,category0
0.42,9.545779,3.0,White,0,3,2.0,category0
0.94,16.023455,3.0,Gray,0,1,2.0,category0
0.76,46.643967,3.0,Orange,18,4,2.0,category0
0.81,41.36804,2.0,Yellow,0,3,0.0,category0
0.95,22.122574,3.0,Gray,0,1,2.0,category0
0.56808037,19.356716,2.0,Tan,13,9,0.0,category0
0.15,35.07267,3.0,Green,0,1,2.0,category0
0.51,23.926512,3.0,Buff,0,7,2.0,category0
0.46,5.9791884,2.0,Red,13,9,1.0,category0
0.85,9.647692,2.0,Black,13,9,0.0,category0
0.62,28.801214,3.0,Green,0,1,2.0,category0
0.91,18.64525,3.0,White,7,1,2.0,category0
0.9255782,12.50311,2.0,Tan,1,4,0.0,category0
0.88,41.6565,3.0,Black,18,4,2.0,category0
0.8062382,35.491238,2.0,Black,11,4,1.0,category0
0.9942503,26.584856,2.0,Brown,7,1,0.0,category0
0.82,37.505657,3.0,Red,7,1,2.0,category0
0.74,27.36814,3.0,Red,7,1,2.0,category0
0.98,30.072989,3.0,Gray,0,1,2.0,category0
0.61,25.793869,2.0,Brown,13,9,0.0,category0
0.3,25.516405,3.0,White,0,1,2.0,category0
0.6038461,17.734652,2.0,Black,13,9,0.0,category0
0.66,31.008806,3.0,Brown,18,4,2.0,category0
0.23,10.865417,2.0,White,0,1,0.0,category0
0.83,32.882126,3.0,White,0,1,2.0,category0
0.63,35.424557,3.0,Red,0,1,2.0,category0
0.27,35.4267,3.0,Green,7,1,2.0,category0
0.24,28.807083,3.0,Brown,0,1,2.0,category0
0.87,7.459235,3.0,White,0,4,2.0,category0
0.9764007,13.327695,3.0,White,11,4,2.0,category0
0.84,38.891705,3.0,Red,18,4,2.0,category0
0.59979194,15.431932,3.0,Blue,0,3,2.0,category0
0.31935355,6.164864,3.0,Gray,18,4,2.0,category0
0.63,31.669651,3.0,Yellow,0,1,2.0,category0
0.15979464,38.61907,3.0,Gray,18,4,2.0,category0
0.76,37.200867,3.0,Gray,0,1,2.0,category0
0.24,19.606588,2.0,Black,18,4,1.0,category0
0.52147,25.032394,2.0,Brown,7,1,1.0,category0
0.59,31.945036,2.0,Gray,0,3,0.0,category0
0.47,25.08683,2.0,White,13,9,0.0,category0
0.53,18.899286,3.0,Gray,0,1,2.0,category0
0.42,13.970433,2.0,Sable,13,9,0.0,category0
0.93,47.343052,3.0,Blue,0,1,2.0,category0
0.51969707,34.682304,3.0,Tricolor,0,1,2.0,category0
0.93,31.609003,3.0,White,0,1,2.0,category0
0.76385194,23.01987,3.0,Red,7,1,2.0,category0
0.47,10.123545,3.0,Red,18,4,2.0,category0
0.89,25.482388,2.0,Brown,0,1,0.0,category0
0.85,22.05564,3.0,Blue,18,4,2.0,category0
0.37,12.786305,3.0,Brown,0,1,2.0,category0
0.52706766,46.193035,3.0,Blue,18,4,2.0,category0
0.8,9.974264,2.0,Tan,0,1,0.0,category0
0.86,37.84734,3.0,White,7,1,2.0,category0
0.3,16.544409,3.0,Yellow,7,1,2.0,category0
0.75,26.536634,2.0,Red,0,1,0.0,category0
0.63,10.062625,2.0,Brown,13,9,0.0,category0
0.04,31.070526,3.0,Gray,18,4,2.0,category0
0.52,18.7499,3.0,Gray,0,7,2.0,category0
0.48184687,22.639061,3.0,Gray,0,4,2.0,category0
0.35,39.794876,3.0,Blue,18,4,2.0,category0
0.82,6.2071714,2.0,White,0,3,0.0,category0
0.9,16.829166,3.0,Yellow,0,1,2.0,category0
0.93,27.266378,3.0,Yellow,0,1,2.0,category0
0.96,14.913612,3.0,Gray,7,1,2.0,category0
0.81,25.964071,3.0,Red,0,2,2.0,category0
0.66,6.1439333,2.0,White,13,9,1.0,category0
0.37137362,5.2550406,2.0,Black,13,9,1.0,category0
0.52,7.4140763,2.0,White,13,9,0.0,category0
0.91,31.126263,2.0,Black,0,1,0.0,category0
0.66,42.64042,2.0,Sable,7,1,1.0,category0
0.7,10.655602,3.0,Gray,18,4,2.0,category0
0.73,29.88602,3.0,Brown,18,4,2.0,category0
0.34,24.95723,3.0,Gray,0,1,2.0,category0
0.99,37.333057,2.0,Green,7,1,0.0,category0
0.77,30.35562,3.0,Gray,0,6,2.0,category0
0.84,13.621327,3.0,White,0,1,2.0,category0
0.33,15.248736,3.0,Gray,0,1,2.0,category0
0.13,45.918617,3.0,Green,18,4,2.0,category0
0.23664987,25.32537,3.0,Red,0,4,2.0,category0
0.8243429,44.957817,3.0,Black,18,4,2.0,category0
0.86,19.956293,3.0,Brown,11,4,2.0,category0
0.41,29.450264,3.0,Green,0,1,2.0,category0
0.54,26.006397,3.0,Red,7,1,2.0,category0
0.4,12.852577,2.0,White,13,9,0.0,category0
0.52,12.958485,3.0,Gray,0,1,2.0,category0
0.5952813,33.025845,3.0,Brown,11,4,2.0,category0
0.43,49.225002,3.0,Brown,18,4,2.0,category0
0.13,44.91506,3.0,Gray,18,4,2.0,category0
0.95,42.813892,3.0,Blue,0,3,2.0,category0
0.56,22.844482,2.0,Red,0,1,0.0,category0
0.87,43.2778,3.0,Black,18,4,2.0,category0
0.8,27.240246,3.0,Black,18,4,2.0,category0
0.8904301,18.263916,2.0,Black,0,1,0.0,category0
0.06,9.364907,3.0,Gray,18,4,2.0,category0
0.50391203,30.40837,3.0,Red,0,1,2.0,category0
0.66,17.477427,3.0,Black,7,1,2.0,category0
0.43,12.036135,3.0,Red,18,4,2.0,category0
0.87,27.923521,2.0,White,0,3,0.0,category0
0.97,39.43862,3.0,Gray,7,1,2.0,category0
0.9458625,5.826839,3.0,Gray,0,1,2.0,category0
0.9085696,27.438463,2.0,Black,18,4,1.0,category0
0.23,27.722242,2.0,White,13,9,0.0,category0
0.57,12.101779,3.0,Red,0,1,2.0,category0
0.5592991,38.797333,3.0,Brown,18,4,2.0,category0
0.61,11.4087,3.0,Red,12,1,2.0,category0
0.94,23.451687,3.0,White,18,4,2.0,category0
0.7792169,26.648031,2.0,Chocolate,0,1,0.0,category0
0.44127738,16.17619,3.0,Red,13,9,2.0,category0
0.11,7.8317547,3.0,Gray,18,4,2.0,category0
0.58,16.949009,3.0,Gray,18,4,2.0,category0
0.74,28.295053,3.0,Gray,7,1,2.0,category0
0.96,38.79445,3.0,Yellow,0,1,2.0,category0
0.72,14.778616,2.0,Tan,0,1,0.0,category0
0.88,29.171904,3.0,Red,18,4,2.0,category0
0.7969249,13.549752,2.0,White,0,1,0.0,category0
0.8,31.31628,3.0,Red,0,1,2.0,category0
0.29,25.403536,2.0,White,0,3,1.0,category0
0.95,36.451077,2.0,Blue,0,1,0.0,category0
0.1948619,41.84428,2.0,Black,7,1,0.0,category0
0.69,11.076047,3.0,Red,0,1,2.0,category0
0.55,43.160347,3.0,Blue,0,1,2.0,category0
