Area,Perimeter,MajorAxisLength,MinorAxisLength,AspectRation,Eccentricity,ConvexArea,EquivDiameter,Extent,Solidity,roundness,Compactness,ShapeFactor1,ShapeFactor2,ShapeFactor3,ShapeFactor4,Class
90559.9296875,1244.8187255859375,482.1859436035156,271.8795166015625,1.5337988138198853,0.7632560729980469,109233.3125,367.8642883300781,0.7585552334785461,0.9900351166725159,0.8686438798904419,0.7971758246421814,0.004614757373929024,0.000958109914790839,0.6399897336959839,0.9949970841407776,BOMBAY
184648.21875,1674.01708984375,631.0420532226562,377.16162109375,1.6613125801086426,0.8038249611854553,186254.625,475.7425537109375,0.7349035143852234,0.9760374426841736,0.8508899211883545,0.7657321691513062,0.003453086828812957,0.0007201616535894573,0.587029755115509,0.9858478307723999,BOMBAY
194469.15625,1660.7098388671875,609.3829956054688,406.30523681640625,1.4739387035369873,0.7357801795005798,196984.609375,493.32159423828125,0.795347273349762,0.9908921718597412,0.8751686215400696,0.8200265765190125,0.0031417810823768377,0.0008947191527113318,0.6737844347953796,0.9929750561714172,BOMBAY
228313.328125,1765.2811279296875,663.1818237304688,445.34124755859375,1.5224539041519165,0.7456318140029907,229323.5,541.738037109375,0.8200058341026306,0.9897500276565552,0.8910691142082214,0.8083311915397644,0.002885278780013323,0.0007807317306287587,0.6558184027671814,0.9938979148864746,BOMBAY
180203.875,1602.760009765625,581.7886962890625,392.0806579589844,1.4888767004013062,0.7407190203666687,182887.5,479.654541015625,0.7830656170845032,0.9822865724563599,0.8687556982040405,0.8167540431022644,0.003276237053796649,0.0009099825983867049,0.6647866368293762,0.991879403591156,BOMBAY
199365.6875,1694.8175048828125,625.649658203125,400.814453125,1.5472297668457031,0.7663764953613281,198638.234375,498.0450134277344,0.8140051364898682,0.9869728684425354,0.8620514869689941,0.7982282638549805,0.0031873981934040785,0.0007962528034113348,0.6363438963890076,0.9913517236709595,BOMBAY
188315.875,1654.9417724609375,643.38720703125,378.3207092285156,1.6757172346115112,0.8063406348228455,190597.046875,487.467041015625,0.7379179000854492,0.9871609807014465,0.8642938733100891,0.7654402256011963,0.003356215078383684,0.0007046835962682962,0.5838563442230225,0.9934637546539307,BOMBAY
176026.8125,1615.303955078125,626.146484375,356.9187316894531,1.7853057384490967,0.8303998708724976,177278.359375,467.1711730957031,0.8030272722244263,0.9877712726593018,0.8368949890136719,0.7419156432151794,0.0035507825668901205,0.0006831086939200759,0.5499488115310669,0.9912505745887756,BOMBAY
194667.96875,1677.653564453125,630.1384887695312,392.8333435058594,1.5859839916229248,0.7759154438972473,196364.453125,497.5760192871094,0.7956734895706177,0.9895408749580383,0.8643844723701477,0.7900153994560242,0.0032713774126023054,0.0007830799440853298,0.6264163851737976,0.9904280304908752,BOMBAY
147214.59375,1511.5653076171875,578.054931640625,352.1290283203125,1.6301254034042358,0.7974681854248047,152551.484375,437.4838562011719,0.8086845278739929,0.9850872159004211,0.8635445833206177,0.7770368456840515,0.003690252313390374,0.0008261034381575882,0.5976364612579346,0.9871084690093994,BOMBAY
130831.625,1444.9752197265625,504.4826354980469,284.5399475097656,1.5609781742095947,0.7619176506996155,125054.5859375,422.7193603515625,0.7228422164916992,0.9825294613838196,0.8526604175567627,0.7978748083114624,0.004273556638509035,0.0009338621748611331,0.6362718939781189,0.9904170036315918,BOMBAY
180252.703125,1638.79833984375,611.070068359375,385.89703369140625,1.5793989896774292,0.7724916934967041,182914.84375,481.4545593261719,0.6938322186470032,0.9878658652305603,0.8598408699035645,0.7959272861480713,0.0033404359128326178,0.0008169552311301231,0.6313526034355164,0.9920472502708435,BOMBAY
176660.921875,1578.364501953125,563.516357421875,391.3899841308594,1.4616637229919434,0.7270938754081726,178348.828125,473.8252868652344,0.7930796146392822,0.9872077703475952,0.8895081281661987,0.8229312300682068,0.0032935633789747953,0.0009429925121366978,0.6726340651512146,0.9894904494285583,BOMBAY
167647.203125,1546.963623046875,599.0783081054688,354.8428039550781,1.6400998830795288,0.8027281761169434,165528.875,462.343505859375,0.6868214011192322,0.9889573454856873,0.8637728691101074,0.772213876247406,0.003568708896636963,0.0007963021053001285,0.6010916829109192,0.9945147037506104,BOMBAY
155329.921875,1505.9781494140625,519.2288818359375,390.5417175292969,1.304315209388733,0.6373015642166138,165760.96875,457.6280822753906,0.8072182536125183,0.988649308681488,0.8956355452537537,0.8718030452728271,0.003272739704698324,0.0011181283043697476,0.763164222240448,0.9909786581993103,BOMBAY
177578.734375,1604.8046875,606.4336547851562,373.8141784667969,1.6210793256759644,0.7873320579528809,180593.90625,474.6943054199219,0.7577227354049683,0.9885809421539307,0.8661221861839294,0.7831996083259583,0.0034244065172970295,0.000801155052613467,0.6138607263565063,0.995316743850708,BOMBAY
229674.328125,1912.9649658203125,731.1478881835938,395.2019958496094,1.9429088830947876,0.8556003570556641,231738.640625,540.0109252929688,0.7956667542457581,0.9761592149734497,0.7921422123908997,0.7116988301277161,0.0033313636668026447,0.0005731754354201257,0.4957036077976227,0.9824398159980774,BOMBAY
195751.5625,1685.0162353515625,645.735107421875,386.8016052246094,1.6880439519882202,0.8047946691513062,199399.96875,497.0061950683594,0.7905521392822266,0.9864484667778015,0.8520023822784424,0.7658272385597229,0.0033282169606536627,0.0007086139521561563,0.5853350758552551,0.9867532253265381,BOMBAY
171228.84375,1610.412353515625,611.557861328125,369.92657470703125,1.6671301126480103,0.7977732419967651,177719.5625,472.1431579589844,0.8032923936843872,0.9858712553977966,0.8509871959686279,0.7746572494506836,0.003476422280073166,0.0007773481192998588,0.5946459174156189,0.9931449294090271,BOMBAY
175275.859375,1624.879638671875,634.3817749023438,361.07989501953125,1.7610121965408325,0.8203860521316528,181365.703125,474.3937683105469,0.8155821561813354,0.9845674633979797,0.8352585434913635,0.7518143057823181,0.0035609807819128036,0.0006896090926602483,0.5620901584625244,0.9896473288536072,BOMBAY
220354.5625,1891.967529296875,710.2373657226562,398.1834716796875,1.7627382278442383,0.8162981271743774,225061.078125,547.79345703125,0.7158694863319397,0.9743029475212097,0.8122591376304626,0.7332594990730286,0.003235231153666973,0.0005869399756193161,0.5319713950157166,0.9790896773338318,BOMBAY
185819.21875,1651.004638671875,625.1722412109375,381.196533203125,1.655066967010498,0.7918217778205872,188629.53125,483.2940979003906,0.7970877885818481,0.9843348264694214,0.8605026602745056,0.7769342660903931,0.0033736329060047865,0.0007583832484669983,0.6037452816963196,0.9894269108772278,BOMBAY
216524.09375,1813.3468017578125,674.9447021484375,405.45684814453125,1.6859666109085083,0.8001987338066101,219457.265625,535.6504516601562,0.7682560682296753,0.9903367757797241,0.8357021808624268,0.7688189148902893,0.003163432702422142,0.0006900110165588558,0.588038444519043,0.9924237728118896,BOMBAY
181721.84375,1641.6502685546875,609.7328491210938,380.9433288574219,1.601104497909546,0.7803259491920471,182858.78125,482.0134582519531,0.7987722754478455,0.9862529039382935,0.858538806438446,0.7858508229255676,0.0033704249653965235,0.0007879940094426274,0.6193689703941345,0.9901120066642761,BOMBAY
136377.59375,1441.593505859375,482.7703552246094,361.4014892578125,1.462336540222168,0.7248578071594238,143675.40625,361.9983825683594,0.8251597881317139,0.9921454787254333,0.881463348865509,0.8254305124282837,0.003511999035254121,0.0009898553835228086,0.6804264187812805,0.9929190278053284,BOMBAY
173131.625,1570.9208984375,575.6679077148438,381.3876647949219,1.5232369899749756,0.7567639946937561,173898.0,467.48626708984375,0.7807289361953735,0.9899033904075623,0.8893237113952637,0.8079402446746826,0.0033590984530746937,0.0008982396102510393,0.6543945074081421,0.9965918660163879,BOMBAY
200257.140625,1711.6968994140625,647.6683959960938,393.4111328125,1.6454111337661743,0.7929102778434753,203485.609375,505.82391357421875,0.7750536799430847,0.9816596508026123,0.8554447293281555,0.7736687660217285,0.0032961885444819927,0.0007184690330177546,0.6019669771194458,0.9858595132827759,BOMBAY
191823.296875,1651.618408203125,614.0042724609375,397.3304138183594,1.5440717935562134,0.7605771422386169,193309.1875,490.6793212890625,0.7861601710319519,0.9893226623535156,0.8828402757644653,0.8029965162277222,0.0032414731103926897,0.0008277898887172341,0.6444515585899353,0.9939546585083008,BOMBAY
200479.015625,1707.848876953125,657.0928344726562,392.3984680175781,1.6813985109329224,0.8032287955284119,202688.109375,500.9395751953125,0.7787988185882568,0.9855895042419434,0.8437356352806091,0.7677848935127258,0.003289869287982583,0.0007166860741563141,0.5874863862991333,0.9869207739830017,BOMBAY
150487.34375,1492.5860595703125,559.2161254882812,293.36883544921875,1.613452434539795,0.7890796065330505,146371.4375,433.6986999511719,0.7942174077033997,0.9881572127342224,0.8461719751358032,0.7816358208656311,0.0045366245321929455,0.0008881281246431172,0.606425404548645,0.9925330281257629,BOMBAY
179058.953125,1589.819580078125,589.97314453125,386.692626953125,1.510975956916809,0.7497622966766357,179451.609375,472.27056884765625,0.8202303647994995,0.990971028804779,0.903072714805603,0.8128132820129395,0.0032883051317185163,0.0008868584991432726,0.6632563471794128,0.9976935982704163,BOMBAY
182649.703125,1628.9896240234375,583.0966186523438,387.2168273925781,1.5218349695205688,0.7509270310401917,185518.359375,480.7178955078125,0.7540304064750671,0.9859087467193604,0.8739250898361206,0.8072112798690796,0.003290517721325159,0.0008587092161178589,0.6518609523773193,0.9930779337882996,BOMBAY
127943.9140625,1501.4920654296875,534.961181640625,285.65802001953125,1.6268644332885742,0.7865185141563416,114598.75,395.7815246582031,0.7294344305992126,0.9915243983268738,0.8603677153587341,0.7807782888412476,0.0046646310947835445,0.0008864208939485252,0.6151021122932434,0.9964981079101562,BOMBAY
185749.859375,1657.8193359375,626.6647338867188,383.8349304199219,1.6421269178390503,0.7897159457206726,188205.6875,483.6508483886719,0.7900865077972412,0.9827245473861694,0.8468738794326782,0.777649462223053,0.0033624295610934496,0.0007740029832348228,0.604599118232727,0.9894962906837463,BOMBAY
181973.640625,1632.8087158203125,597.4938354492188,389.3951110839844,1.566542387008667,0.76978600025177,185802.71875,482.07269287109375,0.77413010597229,0.9789324998855591,0.8668964505195618,0.7963655591011047,0.003357497276738286,0.0008209684165194631,0.6299875974655151,0.988437294960022,BOMBAY
245981.5,1960.564697265625,724.6080322265625,444.86669921875,1.62583327293396,0.7758018970489502,253992.046875,567.9730224609375,0.8104767799377441,0.9882708191871643,0.8325729370117188,0.7877014875411987,0.0028396390844136477,0.0006976452423259616,0.6151765584945679,0.9909816980361938,BOMBAY
136893.421875,1302.491943359375,496.3189392089844,353.684326171875,1.3905309438705444,0.6942974925041199,103868.84375,395.642578125,0.7484082579612732,0.9910271763801575,0.8977638483047485,0.8397815823554993,0.003579128999263048,0.0011143758893013,0.7055359482765198,0.9941884279251099,BOMBAY
91800.3984375,1274.4010009765625,456.9358825683594,282.1932067871094,1.477644443511963,0.7346894145011902,100912.6796875,355.112060546875,0.7891612648963928,0.9879249334335327,0.8613669872283936,0.8210173845291138,0.0037786602042615414,0.0010444161016494036,0.6701076626777649,0.9960311651229858,BOMBAY
104133.59375,1453.54931640625,481.0377502441406,356.43463134765625,1.485440969467163,0.7407196760177612,135262.765625,422.0025939941406,0.7671626806259155,0.9778892993927002,0.8667408227920532,0.813481330871582,0.003689876990392804,0.0009780223481357098,0.6636624336242676,0.9849191308021545,BOMBAY
196032.53125,1688.9915771484375,643.1260986328125,389.4237365722656,1.6643508672714233,0.7950628995895386,200062.265625,495.0050354003906,0.7747145891189575,0.9801895618438721,0.8588593006134033,0.7709723711013794,0.003304137382656336,0.0007293164380826056,0.5953923463821411,0.9855210781097412,BOMBAY
162745.8125,1502.65185546875,528.8442993164062,380.8328552246094,1.4305384159088135,0.7110064625740051,164275.0,452.40374755859375,0.7373007535934448,0.9908418655395508,0.9034858345985413,0.83733731508255,0.003345714882016182,0.0010301896836608648,0.6936007738113403,0.996306300163269,BOMBAY
165963.515625,1565.735595703125,581.2991333007812,365.2149353027344,1.6068990230560303,0.7863969802856445,168199.015625,459.5775146484375,0.7516812682151794,0.9907322525978088,0.8664507269859314,0.7834265232086182,0.003518287092447281,0.0008397653582505882,0.6142503023147583,0.9936723113059998,BOMBAY
246921.046875,1963.971435546875,734.7957763671875,429.54412841796875,1.8283488750457764,0.8265088796615601,254819.640625,566.77001953125,0.7720434069633484,0.9822363257408142,0.8172094225883484,0.7416525483131409,0.0030376706272363663,0.0005783215165138245,0.5452041625976562,0.9896049499511719,BOMBAY
179324.578125,1625.705078125,625.1135864257812,367.629150390625,1.710779070854187,0.8130657076835632,180347.3125,474.9496154785156,0.8217710852622986,0.9893018007278442,0.851783037185669,0.7621548771858215,0.003457607701420784,0.0007295334944501519,0.5853923559188843,0.9926515221595764,BOMBAY
196259.65625,1735.53125,699.7428588867188,357.8120422363281,2.0511229038238525,0.8720009326934814,194420.359375,492.89569091796875,0.8129331469535828,0.9888530969619751,0.8048592805862427,0.696341872215271,0.0037142096552997828,0.000578730134293437,0.48176226019859314,0.9900074005126953,BOMBAY
231549.140625,1819.29541015625,666.427978515625,438.0536193847656,1.5980290174484253,0.7716569304466248,226952.46875,543.0240478515625,0.8171570897102356,0.9905574917793274,0.8871597051620483,0.7906361222267151,0.0029109653551131487,0.0007429240504279733,0.6142393946647644,0.995014488697052,BOMBAY
182903.171875,1613.5177001953125,605.69140625,388.28076171875,1.5550214052200317,0.764873206615448,185688.5625,481.3697204589844,0.7885431051254272,0.9900352954864502,0.8791075944900513,0.799652099609375,0.003297694493085146,0.0008179770666174591,0.6405469179153442,0.9932869076728821,BOMBAY
169011.859375,1577.052001953125,594.676025390625,361.8692626953125,1.6654306650161743,0.7982991933822632,170781.59375,463.72344970703125,0.7976221442222595,0.9856187105178833,0.8661460280418396,0.7727011442184448,0.0035544296260923147,0.0007935937610454857,0.5984404683113098,0.9930770993232727,BOMBAY
142274.71875,1450.3173828125,495.0165100097656,368.5022888183594,1.4353350400924683,0.7166619896888733,127782.046875,424.5607604980469,0.7193402051925659,0.9830178022384644,0.8714263439178467,0.8356391191482544,0.0035278319846838713,0.0010608407901600003,0.6908212900161743,0.9922189116477966,BOMBAY
213839.984375,1796.0128173828125,693.6033325195312,402.4608459472656,1.6843791007995605,0.8027787804603577,221229.265625,532.4421997070312,0.6593297719955444,0.96798175573349,0.8182681202888489,0.7631690502166748,0.003187076421454549,0.0006550661055371165,0.5861682891845703,0.982244074344635,BOMBAY
203926.21875,1728.6895751953125,661.6060791015625,400.83245849609375,1.6483930349349976,0.7952098250389099,205222.296875,505.5563659667969,0.6904836893081665,0.9871788620948792,0.8582462072372437,0.7742369771003723,0.0031773417722433805,0.0007094063912518322,0.6064837574958801,0.9911292791366577,BOMBAY
153897.078125,1483.637939453125,565.96826171875,285.245361328125,1.5919522047042847,0.7810841798782349,146463.71875,449.89019775390625,0.7721613645553589,0.9917780160903931,0.8834831118583679,0.7927964329719543,0.0037482252810150385,0.0008861347450874746,0.62718266248703,0.9974493384361267,BOMBAY
90417.3359375,1148.16650390625,521.2713012695312,258.680908203125,1.5118166208267212,0.7435443997383118,92504.3828125,349.6828308105469,0.7692397832870483,0.9875544905662537,0.8917086720466614,0.8136309385299683,0.004878589883446693,0.0010797269642353058,0.655143678188324,0.9935710430145264,BOMBAY
184036.75,1623.032470703125,588.1744995117188,396.1026916503906,1.502989649772644,0.7493340373039246,186474.390625,486.0628356933594,0.8247623443603516,0.9919706583023071,0.8899714946746826,0.8112192153930664,0.003228092798963189,0.0008737194002605975,0.6585857272148132,0.9935411810874939,BOMBAY
165959.9375,1555.7279052734375,585.4566650390625,365.80340576171875,1.6119599342346191,0.7795329093933105,166881.5625,464.3191223144531,0.8029376268386841,0.9916126132011414,0.8809061050415039,0.7891250252723694,0.003487679408863187,0.0008366875699721277,0.6212068200111389,0.9965550303459167,BOMBAY
180605.609375,1605.8682861328125,594.9384765625,389.1654968261719,1.538419485092163,0.7584434747695923,184458.21875,481.10235595703125,0.8237214684486389,0.991763174533844,0.8818225264549255,0.8028984665870667,0.0033108878415077925,0.0008624677429907024,0.6420549750328064,0.9935793280601501,BOMBAY
231699.921875,1925.256591796875,722.7055053710938,396.3663330078125,1.8928803205490112,0.8383103609085083,240154.921875,556.6311645507812,0.813185453414917,0.9820409417152405,0.7938645482063293,0.7263407111167908,0.0032546857837587595,0.0005738735781051219,0.5410540699958801,0.9850673079490662,BOMBAY
153370.078125,1437.16748046875,517.8967895507812,349.00360107421875,1.5533126592636108,0.7642965912818909,146871.46875,439.6751403808594,0.7873399257659912,0.9944912195205688,0.8964486122131348,0.799483597278595,0.003578091971576214,0.000927849963773042,0.6364167332649231,0.9975624680519104,BOMBAY
168481.65625,1590.7857666015625,605.4026489257812,353.3188171386719,1.6831108331680298,0.807676374912262,173759.234375,469.875244140625,0.8007686138153076,0.9827010631561279,0.835239589214325,0.7639235854148865,0.003497233148664236,0.0007390629616566002,0.584564745426178,0.9897902011871338,BOMBAY
159860.765625,1563.2332763671875,592.3964233398438,350.5405578613281,1.7858800888061523,0.8245205879211426,161478.265625,451.6134033203125,0.8173280358314514,0.9889131188392639,0.8425487875938416,0.7553104758262634,0.003736502258107066,0.0007539468933828175,0.5688552856445312,0.9940587282180786,BOMBAY
167565.359375,1569.1077880859375,578.5693359375,369.997314453125,1.5568195581436157,0.7635908126831055,170831.140625,468.1226501464844,0.7587117552757263,0.9918996095657349,0.870003342628479,0.800745964050293,0.003447198774665594,0.0008766053360886872,0.6429696679115295,0.996244490146637,BOMBAY
163140.140625,1562.066650390625,586.6248779296875,356.306884765625,1.645026683807373,0.7982338070869446,162743.921875,453.73907470703125,0.7013570666313171,0.9870296716690063,0.8476870656013489,0.7708401083946228,0.0036007531452924013,0.0008143494487740099,0.5985988974571228,0.9904610514640808,BOMBAY
96959.125,1254.758056640625,457.2008361816406,352.86138916015625,1.433677077293396,0.7124671339988708,92889.3984375,358.4070739746094,0.7255001068115234,0.9859493970870972,0.8767693638801575,0.8293240070343018,0.003665174590423703,0.0010720534482970834,0.6951870918273926,0.9921932816505432,BOMBAY
180721.734375,1628.633544921875,627.9077758789062,368.7391662597656,1.6765254735946655,0.8037880659103394,181901.0625,479.2597351074219,0.8013685345649719,0.9916260242462158,0.8543714284896851,0.7675065398216248,0.003482212545350194,0.0007351232343353331,0.5854799747467041,0.9933267831802368,BOMBAY
163923.25,1637.2723388671875,644.2037353515625,274.690185546875,1.9572237730026245,0.8640629649162292,179204.203125,462.64892578125,0.7376965284347534,0.9660636782646179,0.7850008010864258,0.7044129371643066,0.00474384892731905,0.000594734214246273,0.49196603894233704,0.9572198987007141,BOMBAY
177830.78125,1599.1885986328125,609.5020141601562,370.7735290527344,1.6644753217697144,0.7968533635139465,180766.625,478.26983642578125,0.7888475060462952,0.9917643666267395,0.8697707653045654,0.7754578590393066,0.003448879811912775,0.0007666845340281725,0.6009867787361145,0.9957082271575928,BOMBAY
158180.4375,1484.294189453125,566.0164184570312,344.6949157714844,1.6215825080871582,0.7865785360336304,157747.90625,448.3291015625,0.776407778263092,0.9901235699653625,0.8785884380340576,0.7845554351806641,0.003688798751682043,0.0008757442119531333,0.6136835217475891,0.9958502054214478,BOMBAY
179437.859375,1619.58740234375,614.07421875,377.03045654296875,1.637524962425232,0.7899020314216614,181986.625,479.1452331542969,0.8214033842086792,0.9864218831062317,0.8695311546325684,0.7773865461349487,0.0034184386022388935,0.0007697759428992867,0.6095800399780273,0.9866716265678406,BOMBAY
183718.546875,1622.4290771484375,605.5226440429688,387.9788818359375,1.5555857419967651,0.7659843564033508,186438.390625,481.9129638671875,0.7837851047515869,0.9858078360557556,0.8854817152023315,0.7986235022544861,0.0033214834984391928,0.000850242271553725,0.6364822387695312,0.9907321333885193,BOMBAY
173157.65625,1591.2679443359375,596.8546752929688,368.1717224121094,1.6294493675231934,0.7874454259872437,175823.34375,473.5838928222656,0.7860232591629028,0.9862155914306641,0.8754361271858215,0.781631350517273,0.0034924547653645277,0.0007924324017949402,0.6079844236373901,0.9908208847045898,BOMBAY
173829.421875,1594.8824462890625,584.4830932617188,381.80523681640625,1.5344359874725342,0.7584295272827148,175809.59375,471.79541015625,0.806789755821228,0.990659773349762,0.8560906052589417,0.8046230673789978,0.0033925140742212534,0.0008771504508331418,0.6485410928726196,0.9917190074920654,BOMBAY
187114.46875,1657.798095703125,639.0421142578125,378.2112121582031,1.6802607774734497,0.8034933805465698,192692.9375,488.12261962890625,0.8263831734657288,0.9869420528411865,0.853459358215332,0.7710919976234436,0.0033990140073001385,0.000722899567335844,0.5849040150642395,0.9895997047424316,BOMBAY
156248.140625,1467.345703125,536.9257202148438,376.58929443359375,1.3595271110534668,0.6753486394882202,156102.609375,449.2214660644531,0.7504343390464783,0.9897588491439819,0.8975245952606201,0.8558318614959717,0.0033843808341771364,0.0011070737382397056,0.7413750886917114,0.9939633011817932,BOMBAY
154051.671875,1530.7791748046875,552.896484375,365.21282958984375,1.5398247241973877,0.7577201724052429,162319.96875,443.52813720703125,0.7865386605262756,0.981410801410675,0.8509689569473267,0.8029679656028748,0.003538296790793538,0.000894556229468435,0.6439066529273987,0.9904797077178955,BOMBAY
194124.078125,1684.9849853515625,639.68603515625,385.9491271972656,1.6687983274459839,0.8022209405899048,195189.171875,492.1206359863281,0.7860521674156189,0.9892115592956543,0.8463975787162781,0.7706809639930725,0.00336851691827178,0.000735249079298228,0.5938666462898254,0.9917505383491516,BOMBAY
178608.4375,1604.724853515625,592.3659057617188,388.54730224609375,1.5252019166946411,0.7559202313423157,180106.109375,476.0292053222656,0.75338214635849,0.9878185987472534,0.8828204274177551,0.8057972192764282,0.003306999569758773,0.0008599743596278131,0.6515761613845825,0.9936190843582153,BOMBAY
191753.484375,1656.364990234375,603.3847045898438,405.907958984375,1.4854204654693604,0.740757167339325,194046.96875,492.5358581542969,0.7448633909225464,0.9901542067527771,0.8857225179672241,0.8148739337921143,0.0031468404922634363,0.0008599752909503877,0.6617775559425354,0.9924409985542297,BOMBAY
180040.4375,1623.9891357421875,601.7716674804688,387.354736328125,1.580965518951416,0.7721635103225708,186354.828125,477.2918701171875,0.7379581928253174,0.9805685877799988,0.8408789038658142,0.79283607006073,0.003313209628686309,0.000835869403090328,0.6308212876319885,0.9896765947341919,BOMBAY
188337.1875,1653.46728515625,608.7675170898438,400.26873779296875,1.507332444190979,0.7496958374977112,191902.265625,491.522216796875,0.7045708298683167,0.9853990077972412,0.8735447525978088,0.809015154838562,0.003214845899492502,0.0008606858900748193,0.6543785333633423,0.9899590611457825,BOMBAY
179596.140625,1619.1715087890625,618.2595825195312,372.6058654785156,1.6485836505889893,0.7971628308296204,182484.65625,481.78094482421875,0.6959642171859741,0.9813234210014343,0.8546909689903259,0.7730639576911926,0.0034227988217025995,0.0007513504824601114,0.5937997102737427,0.988152801990509,BOMBAY
166542.578125,1563.801025390625,573.5069580078125,371.57623291015625,1.5712915658950806,0.7728519439697266,169171.25,459.8058776855469,0.739035427570343,0.9870034456253052,0.85052490234375,0.7942517399787903,0.0034553133882582188,0.0008620190783403814,0.6314146518707275,0.9944220185279846,BOMBAY
151422.234375,1514.5740966796875,524.39208984375,358.1068115234375,1.5497572422027588,0.7609489560127258,153588.875,425.594482421875,0.7830330729484558,0.9897067546844482,0.8648558855056763,0.8021189570426941,0.003620546543970704,0.0009049137588590384,0.6437299847602844,0.9951797127723694,BOMBAY
170882.578125,1530.9715576171875,569.2758178710938,393.28912353515625,1.4334579706192017,0.701508104801178,168535.1875,466.7559814453125,0.7609507441520691,0.9897742867469788,0.8839410543441772,0.8387923836708069,0.00327757908962667,0.000990615808404982,0.6983112692832947,0.9915401935577393,BOMBAY
212877.0625,1739.56982421875,638.8403930664062,447.6612548828125,1.4273977279663086,0.7076320052146912,215942.609375,522.751708984375,0.723696231842041,0.9862645268440247,0.8823502659797668,0.8361951112747192,0.0028711215127259493,0.0009045777842402458,0.6973634362220764,0.9923628568649292,BOMBAY
166321.8125,1544.90478515625,575.42333984375,364.6783447265625,1.6140471696853638,0.7838614583015442,167045.640625,454.51861572265625,0.7780409455299377,0.9902979731559753,0.8710339069366455,0.7844331860542297,0.003510779235512018,0.0008383707026951015,0.6186545491218567,0.993847131729126,BOMBAY
157263.6875,1502.21240234375,565.6699829101562,353.4339294433594,1.585216760635376,0.7788509726524353,159650.609375,449.1738586425781,0.8121100664138794,0.9875344038009644,0.8806403279304504,0.7906264066696167,0.003639852162450552,0.0008928941679187119,0.6248201131820679,0.992389440536499,BOMBAY
179771.46875,1626.5206298828125,607.6218872070312,377.3677062988281,1.5971120595932007,0.782177209854126,182312.796875,478.1416320800781,0.7034668922424316,0.9845694899559021,0.856701135635376,0.786020815372467,0.0034136821050196886,0.0008140283171087503,0.6197806000709534,0.9919264912605286,BOMBAY
147248.484375,1456.233642578125,520.6941528320312,362.208740234375,1.5166313648223877,0.7504095435142517,149147.203125,433.01019287109375,0.7961173057556152,0.9891997575759888,0.868994951248169,0.8107293844223022,0.003590038511902094,0.0009573916904628277,0.6533986330032349,0.9911355376243591,BOMBAY
173471.203125,1587.5601806640625,576.7044067382812,390.1451416015625,1.4825761318206787,0.739781379699707,180566.03125,471.5941162109375,0.720628559589386,0.9827215075492859,0.8879699110984802,0.8162592649459839,0.0032868494745343924,0.0009142390917986631,0.6630305051803589,0.9881537556648254,BOMBAY
150234.578125,1463.5335693359375,541.8405151367188,358.46337890625,1.488857626914978,0.7356357574462891,150313.25,437.42071533203125,0.7786350250244141,0.9903448820114136,0.8915041089057922,0.8188865184783936,0.0034967351239174604,0.0009650696301832795,0.6750757098197937,0.9981314539909363,BOMBAY
111941.4453125,1359.5582275390625,492.03668212890625,268.6339111328125,1.5666232109069824,0.7640546560287476,146807.8125,378.8714294433594,0.7192530632019043,0.9740322232246399,0.8293648362159729,0.7957085967063904,0.004689956549555063,0.0009506464703008533,0.6307618618011475,0.9893937110900879,BOMBAY
193058.671875,1658.9862060546875,619.1129760742188,395.0948486328125,1.5539361238479614,0.7638189792633057,194003.515625,489.2292785644531,0.745842456817627,0.9846190214157104,0.8697860240936279,0.7971433997154236,0.0032499649096280336,0.0008212564280256629,0.6368361711502075,0.9902523756027222,BOMBAY
170918.265625,1593.30810546875,607.7333374023438,365.2689208984375,1.6608963012695312,0.802381694316864,173036.875,469.7208557128906,0.7805125117301941,0.9887531399726868,0.8672186732292175,0.7710359692573547,0.0035270662046968937,0.0007743267342448235,0.5950186848640442,0.9928888082504272,BOMBAY
183870.703125,1640.7864990234375,634.8861694335938,369.19342041015625,1.7544076442718506,0.8200616836547852,182978.4375,478.8829650878906,0.8486455082893372,0.9906048774719238,0.8342279195785522,0.7447522878646851,0.003519240999594331,0.0006980434991419315,0.5571505427360535,0.992143452167511,BOMBAY
118679.46875,1387.923828125,533.1464233398438,312.4415588378906,1.6328867673873901,0.7971315979957581,129185.265625,433.3193054199219,0.8084732890129089,0.9878372550010681,0.8629720211029053,0.7713891863822937,0.004705820232629776,0.0008683757623657584,0.5970064997673035,0.9903427362442017,BOMBAY
157503.421875,1558.9903564453125,584.7230224609375,353.7711181640625,1.6845216751098633,0.7971776127815247,169820.15625,448.7948303222656,0.7857837080955505,0.9788262844085693,0.8327433466911316,0.7682217955589294,0.0036662023048847914,0.0007880859775468707,0.5923966765403748,0.9874800443649292,BOMBAY
165900.609375,1546.7977294921875,570.070068359375,370.9876403808594,1.5483393669128418,0.7614587545394897,169463.5,458.8117370605469,0.7961211800575256,0.9885923266410828,0.8731933832168579,0.8010634779930115,0.003487310605123639,0.0008813128224574029,0.6382347941398621,0.9905534386634827,BOMBAY
204820.3125,1727.96435546875,650.9207763671875,404.3078918457031,1.6013829708099365,0.7807650566101074,207631.5625,511.1053466796875,0.8177065849304199,0.9891449213027954,0.8708924651145935,0.7862641215324402,0.003172485390678048,0.0007304552709683776,0.6180809140205383,0.9915826916694641,BOMBAY
101988.1015625,1227.0494384765625,456.580810546875,333.3021545410156,1.4700919389724731,0.7355170249938965,99399.1171875,341.52685546875,0.749518096446991,0.9887359738349915,0.8788949847221375,0.8250244855880737,0.004594916012138128,0.0010514779714867473,0.6733422875404358,0.995315670967102,BOMBAY
154552.875,1504.1278076171875,559.7272338867188,294.54229736328125,1.6523321866989136,0.7923243641853333,158494.609375,411.69342041015625,0.7939900755882263,0.9896003603935242,0.8519173264503479,0.7755915522575378,0.0037462501786649227,0.0008373413584195077,0.6075891852378845,0.9931261539459229,BOMBAY
197586.203125,1687.06396484375,631.5865478515625,396.7340393066406,1.6173455715179443,0.7848713397979736,199588.4375,500.75225830078125,0.8239666819572449,0.992294430732727,0.8857565522193909,0.7852296233177185,0.003236435353755951,0.0007574013434350491,0.6195876002311707,0.9936167001724243,BOMBAY
185266.25,1633.4674072265625,613.841552734375,391.9530334472656,1.5633609294891357,0.7695369124412537,187963.25,486.2243347167969,0.7161869406700134,0.9888309240341187,0.8799482583999634,0.7954392433166504,0.003275224706158042,0.0007892245193943381,0.6350309252738953,0.9935550689697266,BOMBAY
194462.296875,1681.6700439453125,619.8103637695312,396.2872314453125,1.5473378896713257,0.7617253065109253,195140.828125,494.70819091796875,0.7990880608558655,0.9878517389297485,0.8645575642585754,0.7979985475540161,0.0032689638901501894,0.0008166052284650505,0.6400151252746582,0.9895311594009399,BOMBAY
154790.46875,1466.65380859375,541.4915771484375,351.678466796875,1.5370596647262573,0.7623937726020813,155272.71875,444.7688903808594,0.7713304162025452,0.9905813932418823,0.8828315734863281,0.8017164468765259,0.003633747110143304,0.0009230175637640059,0.6471633911132812,0.9962880611419678,BOMBAY
229477.78125,1879.5762939453125,705.2008056640625,422.67962646484375,1.6872577667236328,0.8086992502212524,230469.5625,551.0895385742188,0.7851607203483582,0.9892876148223877,0.8172782063484192,0.7708911299705505,0.003111619735136628,0.000677240255754441,0.579207181930542,0.9914735555648804,BOMBAY
184104.59375,1613.760986328125,576.1142578125,425.4797058105469,1.3651045560836792,0.678537905216217,187818.0625,487.0238037109375,0.7679712772369385,0.9873929619789124,0.9073747396469116,0.8434596061706543,0.0030500281136482954,0.0010057868203148246,0.7145485877990723,0.9930082559585571,BOMBAY
162764.359375,1521.326904296875,568.4521484375,364.8263244628906,1.5498815774917603,0.766087532043457,166261.0625,457.97369384765625,0.7705796360969543,0.9889472723007202,0.8799329400062561,0.7995587587356567,0.0035037631168961525,0.0008983035222627223,0.638337254524231,0.9950050711631775,BOMBAY
175974.484375,1586.33447265625,574.6798706054688,388.75518798828125,1.4842089414596558,0.7354381084442139,179971.25,474.12493896484375,0.7568129301071167,0.9883939623832703,0.8775637745857239,0.8195580244064331,0.0032901649829000235,0.0009263420943170786,0.6717536449432373,0.9946759939193726,BOMBAY
175311.28125,1603.5159912109375,622.3128051757812,364.1219177246094,1.7214500904083252,0.8119210600852966,178219.40625,477.209716796875,0.7892731428146362,0.9910091161727905,0.8552011251449585,0.7610963582992554,0.0035788046661764383,0.0007398164016194642,0.5875909924507141,0.994509756565094,BOMBAY
166049.484375,1560.3419189453125,573.5596923828125,382.8544616699219,1.4537805318832397,0.730166494846344,171259.640625,464.2191162109375,0.7378450632095337,0.9909763336181641,0.8788048028945923,0.8258225321769714,0.0033236907329410315,0.0009493029210716486,0.6883472800254822,0.9949941635131836,BOMBAY
172984.296875,1575.7449951171875,595.0367431640625,367.5502014160156,1.6480287313461304,0.7924798130989075,173593.015625,463.5310363769531,0.8061949014663696,0.9864770174026489,0.8620774745941162,0.7806890606880188,0.003494862001389265,0.0007983022951520979,0.6042760610580444,0.9955483675003052,BOMBAY
189103.015625,1661.3861083984375,631.1860961914062,388.1548767089844,1.6190029382705688,0.7880913615226746,189469.53125,491.84002685546875,0.8207046389579773,0.9866740703582764,0.8577518463134766,0.7812232971191406,0.0032983862329274416,0.0007642211858183146,0.613041341304779,0.9906119704246521,BOMBAY
159914.0625,1552.4539794921875,581.3318481445312,362.7837219238281,1.641588568687439,0.7956683039665222,160746.921875,449.6082458496094,0.79682856798172,0.9838106632232666,0.8603185415267944,0.7782651782035828,0.0035426488611847162,0.0008136664400808513,0.5997846722602844,0.9885939359664917,BOMBAY
165169.03125,1547.02783203125,586.4957275390625,355.4256896972656,1.623974323272705,0.7876428365707397,168346.546875,462.35284423828125,0.7928196787834167,0.9922448396682739,0.885059654712677,0.7845890522003174,0.0035639347042888403,0.000822419417090714,0.6140927672386169,0.9973890781402588,BOMBAY
90983.109375,1193.6412353515625,452.9430847167969,269.4971008300781,1.4514914751052856,0.7050186395645142,92188.6796875,338.9608459472656,0.7703056335449219,0.9923886656761169,0.903492271900177,0.8223509788513184,0.004546016920357943,0.0011132765794172883,0.6774317622184753,0.996548593044281,BOMBAY
193006.71875,1665.09912109375,646.9967651367188,379.80615234375,1.7189894914627075,0.814578652381897,195474.625,493.2960205078125,0.8264371752738953,0.9847546219825745,0.852739155292511,0.7575646638870239,0.0033843142446130514,0.0006956416764296591,0.577383816242218,0.9896320104598999,BOMBAY
171203.421875,1570.7210693359375,570.2400512695312,385.2078857421875,1.4802991151809692,0.7376050353050232,171551.515625,466.6865539550781,0.7517120242118835,0.9898949265480042,0.8915659785270691,0.820164680480957,0.0033312446903437376,0.0009264499531127512,0.6741645336151123,0.9936695694923401,BOMBAY
203624.0,1720.8717041015625,639.5926513671875,408.3776550292969,1.5518996715545654,0.7602187395095825,205687.1875,510.2294616699219,0.8132285475730896,0.9864374399185181,0.862137496471405,0.801115095615387,0.00310956547036767,0.0008013584883883595,0.6396758556365967,0.9924850463867188,BOMBAY
173849.75,1605.2757568359375,587.3864135742188,374.5979309082031,1.5804965496063232,0.7738534808158875,176035.859375,469.3213195800781,0.7440160512924194,0.982703685760498,0.8525844812393188,0.7914669513702393,0.0033887927420437336,0.0008257173467427492,0.6256408095359802,0.9925820827484131,BOMBAY
181420.125,1605.4715576171875,591.9758911132812,390.18951416015625,1.5369738340377808,0.7603507041931152,183904.796875,481.2588195800781,0.7733510732650757,0.9901734590530396,0.8831518888473511,0.8018375039100647,0.0032907226122915745,0.0008528103935532272,0.6473932266235352,0.993371844291687,BOMBAY
89009.5,1193.16943359375,441.21612548828125,254.64134216308594,1.436165690422058,0.6906740069389343,88446.2890625,326.4439697265625,0.7735721468925476,0.992412269115448,0.9162763953208923,0.848745584487915,0.004748061299324036,0.0012292112223803997,0.701538622379303,0.9991708397865295,BOMBAY
158539.828125,1539.5941162109375,569.3211669921875,362.48663330078125,1.57802414894104,0.7742742300033569,161720.59375,453.21282958984375,0.8154076337814331,0.9852311611175537,0.8486630320549011,0.7941354513168335,0.0035688539501279593,0.0008811688749119639,0.6280279755592346,0.9922013878822327,BOMBAY
182873.8125,1657.9637451171875,642.1611938476562,368.6124267578125,1.753706932067871,0.8147355318069458,189351.25,475.7972717285156,0.759355366230011,0.9698318243026733,0.8202094435691833,0.7447029948234558,0.00352251878939569,0.0007015461451373994,0.5561404228210449,0.9588781595230103,BOMBAY
178305.046875,1615.3143310546875,618.8838500976562,372.9000244140625,1.64080810546875,0.790778398513794,181414.1875,477.7801513671875,0.7063060402870178,0.9908149838447571,0.8682206869125366,0.7799123525619507,0.003436473198235035,0.000772015773691237,0.6016482710838318,0.9935547113418579,BOMBAY
194769.609375,1672.8768310546875,642.662353515625,391.0635070800781,1.6427538394927979,0.7922903299331665,196577.828125,492.01556396484375,0.7966689467430115,0.9851519465446472,0.8588413596153259,0.7750945091247559,0.0032882317900657654,0.0007491831784136593,0.5994847416877747,0.9888288974761963,BOMBAY
195362.8125,1650.1009521484375,576.0029296875,437.2449951171875,1.4519680738449097,0.7247024774551392,193893.703125,499.6641845703125,0.7782912850379944,0.9910675287246704,0.8998884558677673,0.8273466229438782,0.002953300019726157,0.0009291974711231887,0.6836645007133484,0.9941377639770508,BOMBAY
164748.046875,1541.87060546875,577.1541748046875,360.9551696777344,1.612715244293213,0.7829347848892212,165189.859375,457.10968017578125,0.823516845703125,0.9841321110725403,0.8759113550186157,0.7851043343544006,0.0035736877471208572,0.0008450809400528669,0.6154189705848694,0.9906871318817139,BOMBAY
158575.578125,1516.270263671875,561.5794677734375,367.209716796875,1.5266658067703247,0.7579668164253235,158860.75,446.7195129394531,0.7896062135696411,0.9906013011932373,0.8613702058792114,0.8073773384094238,0.003518063109368086,0.0009179689805023372,0.6524772644042969,0.9945942163467407,BOMBAY
96407.8671875,1409.99072265625,524.6655883789062,312.3720397949219,1.5441808700561523,0.7577935457229614,101312.296875,345.7105407714844,0.7975420355796814,0.9925570487976074,0.888863205909729,0.804519772529602,0.003729956690222025,0.000950080924667418,0.6445093750953674,0.9966132640838623,BOMBAY
184788.65625,1624.479248046875,613.2335815429688,387.0474853515625,1.5782685279846191,0.7727647423744202,187779.125,485.4937744140625,0.7978818416595459,0.990698516368866,0.8846049308776855,0.793229877948761,0.003311372362077236,0.0008227119687944651,0.6286386847496033,0.995685875415802,BOMBAY
164247.625,1565.36328125,592.5284423828125,362.16546630859375,1.6695457696914673,0.7994548082351685,168538.90625,458.2476501464844,0.7917866110801697,0.9793090224266052,0.8607184886932373,0.7685692310333252,0.0036190340761095285,0.0007724154856987298,0.5912744402885437,0.987014651298523,BOMBAY
100844.5625,1320.708251953125,515.738525390625,312.109130859375,1.485853910446167,0.7406458258628845,103700.1875,361.07568359375,0.7833861708641052,0.9921241998672485,0.8885546922683716,0.8186767101287842,0.004453758709132671,0.0010464017977938056,0.669362485408783,0.9969972968101501,BOMBAY
197800.15625,1688.59326171875,621.7490234375,407.52996826171875,1.512911081314087,0.7529582381248474,199478.90625,499.43939208984375,0.7770769000053406,0.9899752140045166,0.8865979909896851,0.8105883598327637,0.003132627112790942,0.0008457674412056804,0.6566305160522461,0.9950887560844421,BOMBAY
171031.953125,1603.2342529296875,629.4974365234375,353.94610595703125,1.7488017082214355,0.8180270791053772,172660.9375,474.0256652832031,0.7259030938148499,0.9880856275558472,0.8377302289009094,0.7540305256843567,0.003562377765774727,0.0007132432074286044,0.5697855949401855,0.9922236800193787,BOMBAY
197441.390625,1681.9847412109375,603.1557006835938,421.80999755859375,1.475899577140808,0.7323524951934814,200064.28125,497.5361022949219,0.7971828579902649,0.9875463843345642,0.8693695068359375,0.8222386837005615,0.0031057780142873526,0.0009155694278888404,0.6699608564376831,0.9922800064086914,BOMBAY
183641.828125,1643.673583984375,627.157470703125,380.8822937011719,1.6546761989593506,0.7971013188362122,186599.265625,485.5337829589844,0.806717574596405,0.9833018183708191,0.8603757619857788,0.7727435231208801,0.003395950188860297,0.0007430532132275403,0.5938557386398315,0.9887632131576538,BOMBAY
172565.421875,1573.8773193359375,566.8152465820312,386.50665283203125,1.4907008409500122,0.7375611662864685,171745.328125,473.11163330078125,0.8209684491157532,0.9909939765930176,0.8893371820449829,0.8203344941139221,0.003329053521156311,0.0009255194454453886,0.6684292554855347,0.9941275119781494,BOMBAY
165884.296875,1584.033203125,582.3593139648438,368.5018005371094,1.592671275138855,0.7773873209953308,168924.1875,459.18084716796875,0.7545807361602783,0.9894349575042725,0.8409229516983032,0.7908642888069153,0.0034623872488737106,0.000849118223413825,0.6245457530021667,0.9981579780578613,BOMBAY
207361.5625,1722.373046875,631.1876831054688,428.2731628417969,1.4736757278442383,0.735099732875824,209329.34375,509.143798828125,0.7708092331886292,0.9893007278442383,0.8771501779556274,0.8181697130203247,0.003006053389981389,0.0008590529905632138,0.6730364561080933,0.9922971725463867,BOMBAY
187560.9375,1635.1650390625,599.27880859375,404.49505615234375,1.493843913078308,0.7421184182167053,189766.328125,494.6213073730469,0.8131619095802307,0.9905530214309692,0.8935590386390686,0.8156905770301819,0.0031577907502651215,0.0008851939928717911,0.6640450954437256,0.9951505661010742,BOMBAY
171823.375,1647.280517578125,659.5776977539062,288.70062255859375,1.978904128074646,0.8705968856811523,181082.15625,480.5761413574219,0.8020222187042236,0.9740267992019653,0.7865195274353027,0.6971715092658997,0.004553088452666998,0.0005904953577555716,0.4812592566013336,0.9771513342857361,BOMBAY
158351.828125,1516.330810546875,551.0033569335938,370.6300354003906,1.4513230323791504,0.7248266935348511,163459.71875,453.98486328125,0.7738527059555054,0.9920657873153687,0.8981732726097107,0.8271257877349854,0.0034493415150791407,0.0009783358545973897,0.6853983998298645,0.997566819190979,BOMBAY
194188.46875,1680.85498046875,633.426025390625,392.2200927734375,1.6219966411590576,0.7853226661682129,196246.8125,495.2098083496094,0.8009144067764282,0.9901154041290283,0.8581355214118958,0.7823501825332642,0.0032767655793577433,0.000755447952542454,0.6126465201377869,0.9944626092910767,BOMBAY
177562.203125,1622.04638671875,631.0746459960938,363.5409240722656,1.7597185373306274,0.8168922662734985,179213.203125,474.4190979003906,0.8077114224433899,0.9908747673034668,0.8477967977523804,0.7513643503189087,0.003559867385774851,0.0006980373873375356,0.5696823596954346,0.9943320751190186,BOMBAY
198971.265625,1720.21142578125,661.1034545898438,389.38336181640625,1.669097661972046,0.7970647811889648,203085.734375,499.6416931152344,0.7188140153884888,0.9749337434768677,0.8170915842056274,0.7668428421020508,0.003310481319203973,0.0007020902121439576,0.5929151177406311,0.9816921949386597,BOMBAY
201950.8125,1683.8563232421875,617.3485717773438,428.4611511230469,1.4470621347427368,0.7252222895622253,203891.828125,504.3423767089844,0.7693451046943665,0.9863993525505066,0.8875734806060791,0.8294903635978699,0.003000319004058838,0.0008857616339810193,0.6855590343475342,0.9919346570968628,BOMBAY
164995.890625,1586.7808837890625,571.423095703125,372.2442626953125,1.5576270818710327,0.7692984938621521,169423.609375,460.8916931152344,0.7520913481712341,0.9847242832183838,0.8312951326370239,0.799675464630127,0.0034639528021216393,0.0008609237265773118,0.6350417137145996,0.9899173378944397,BOMBAY
192295.09375,1683.37060546875,637.4592895507812,386.1593322753906,1.6313036680221558,0.7907056212425232,197806.34375,488.9697570800781,0.7655850648880005,0.9766415357589722,0.8326655030250549,0.7767539024353027,0.0033099520951509476,0.000742766133043915,0.6071385145187378,0.9878196120262146,BOMBAY
181534.671875,1623.59716796875,604.4612426757812,386.71343994140625,1.5750623941421509,0.7737535238265991,184659.109375,482.4425048828125,0.7999380230903625,0.9905646443367004,0.8774570822715759,0.7919830679893494,0.0032909070141613483,0.0008240039460361004,0.6298680305480957,0.994503915309906,BOMBAY
178541.59375,1621.0439453125,623.7030029296875,366.27197265625,1.7074626684188843,0.8107795715332031,181746.625,479.30255126953125,0.8099982142448425,0.9906792044639587,0.853739321231842,0.7654297947883606,0.0035102800466120243,0.0007196580991148949,0.5822267532348633,0.995370626449585,BOMBAY
170578.4375,1558.1595458984375,573.3223266601562,379.8735046386719,1.497328281402588,0.7444767355918884,172292.453125,467.54266357421875,0.8050190210342407,0.9898063540458679,0.8790538907051086,0.8137061595916748,0.0033570262603461742,0.0009259065263904631,0.6638105511665344,0.9931963682174683,BOMBAY
178412.640625,1592.5377197265625,576.040771484375,390.6571960449219,1.4961087703704834,0.7437256574630737,182248.109375,478.3094787597656,0.7087413668632507,0.9796085357666016,0.8839712738990784,0.8141561150550842,0.0032739394810050726,0.0009032985544763505,0.6630253195762634,0.9873273372650146,BOMBAY
230546.328125,1863.943115234375,702.2488403320312,425.39556884765625,1.653363823890686,0.8000615239143372,237741.578125,546.95654296875,0.8049001693725586,0.9789822101593018,0.8308684825897217,0.7734224796295166,0.0030502991285175085,0.0006827394245192409,0.5957798361778259,0.9865198135375977,BOMBAY
163522.40625,1512.0264892578125,563.1810302734375,369.0545654296875,1.4985966682434082,0.7421750426292419,164979.515625,457.5412292480469,0.7820712327957153,0.9882572889328003,0.8893810510635376,0.8168574571609497,0.0034879755694419146,0.0009614602313376963,0.6603189706802368,0.9932965636253357,BOMBAY
165144.78125,1594.2210693359375,588.719482421875,373.01153564453125,1.590911626815796,0.7735349535942078,180017.15625,466.34521484375,0.7350137233734131,0.972854733467102,0.8517265915870667,0.784050703048706,0.003474676050245762,0.0008131992653943598,0.6150463223457336,0.975827157497406,BOMBAY
182849.796875,1618.4283447265625,583.5857543945312,388.7602844238281,1.5256284475326538,0.7550510168075562,186548.703125,483.5655822753906,0.7312230467796326,0.9893737435340881,0.8715845346450806,0.8084082007408142,0.0032721904572099447,0.0008650054223835468,0.6532421708106995,0.9932523369789124,BOMBAY
226999.984375,1852.4217529296875,702.6639404296875,406.0470886230469,1.71481192111969,0.8059952259063721,228918.1875,535.1173706054688,0.8080105185508728,0.9879647493362427,0.8422319889068604,0.7612871527671814,0.0031532368157058954,0.0006686372216790915,0.5772547721862793,0.9890906810760498,BOMBAY
158140.265625,1522.7174072265625,572.3231811523438,356.6946716308594,1.6048287153244019,0.7789174914360046,155818.15625,451.7703857421875,0.7675747275352478,0.9871739149093628,0.8659390211105347,0.7882940173149109,0.0036407492589205503,0.0008670807001180947,0.6173654794692993,0.9919569492340088,BOMBAY
177467.15625,1605.345947265625,574.5624389648438,390.2223815917969,1.5137864351272583,0.7526939511299133,178854.515625,469.8291931152344,0.8126513361930847,0.9806445240974426,0.8715437054634094,0.8071157336235046,0.0032941398676484823,0.0008706507505849004,0.6546115875244141,0.9876425862312317,BOMBAY
172415.203125,1594.114501953125,592.5840454101562,372.7351989746094,1.6015681028366089,0.7828091382980347,176509.25,473.03131103515625,0.7589635848999023,0.9858762621879578,0.8685104846954346,0.7874834537506104,0.0034403842873871326,0.0008120449492707849,0.6209035515785217,0.993140459060669,BOMBAY
206445.625,1740.08935546875,662.3579711914062,403.1888427734375,1.6857118606567383,0.8003926277160645,207364.890625,512.0327758789062,0.7687627077102661,0.9801920652389526,0.8402894735336304,0.761382520198822,0.0032334518618881702,0.0006786389276385307,0.5852729082107544,0.9861547350883484,BOMBAY
158095.375,1486.3067626953125,542.4716796875,357.06072998046875,1.5251611471176147,0.7526409029960632,153785.359375,439.9000549316406,0.7820638418197632,0.9895079731941223,0.8722700476646423,0.8082290887832642,0.0035804356448352337,0.0009427560144104064,0.6568592190742493,0.9948791861534119,BOMBAY
176967.421875,1599.2615966796875,619.9702758789062,361.5198669433594,1.7470898628234863,0.8197375535964966,176367.890625,472.5972900390625,0.7994380593299866,0.9908946752548218,0.855535626411438,0.7597750425338745,0.003537421114742756,0.0007196885417215526,0.5711514353752136,0.9930995106697083,BOMBAY
95672.0859375,1414.9718017578125,502.8266906738281,344.09356689453125,1.5620856285095215,0.7698430418968201,94910.234375,376.527587890625,0.8169921040534973,0.9778347611427307,0.8570762872695923,0.7934206128120422,0.003948011435568333,0.0009172114077955484,0.6366792321205139,0.985020637512207,BOMBAY
193136.875,1720.9833984375,669.8615112304688,372.574462890625,1.8158479928970337,0.8343015909194946,194394.4375,496.7908935546875,0.8036848902702332,0.9825196266174316,0.8192542195320129,0.7271826863288879,0.0034513629507273436,0.0006241649971343577,0.5397525429725647,0.9884758591651917,BOMBAY
201595.328125,1735.2034912109375,676.0401611328125,367.0955810546875,1.9213180541992188,0.854656457901001,201298.890625,510.4354248046875,0.8354558944702148,0.9907019138336182,0.8249846696853638,0.7186135649681091,0.0035863728262484074,0.000583511486183852,0.5167936682701111,0.991518497467041,BOMBAY
139496.46875,1410.9400634765625,502.3966064453125,361.0256042480469,1.4462666511535645,0.721984326839447,145806.46875,425.962890625,0.7470492124557495,0.9871097803115845,0.8613648414611816,0.8294453620910645,0.003539204364642501,0.0010445904918015003,0.6874754428863525,0.9935511946678162,BOMBAY
160750.921875,1494.2188720703125,530.3024291992188,369.8272399902344,1.4816802740097046,0.7360130548477173,160727.578125,449.9626159667969,0.8139897584915161,0.9927029013633728,0.8984827399253845,0.8189140558242798,0.0034427442587912083,0.0009703061659820378,0.6753983497619629,0.9962286353111267,BOMBAY
134808.9375,1475.2254638671875,525.9634399414062,274.74688720703125,1.5472707748413086,0.7656305432319641,147911.53125,430.2802429199219,0.7380529046058655,0.9840912222862244,0.8417660593986511,0.7995086908340454,0.004470679443329573,0.0009252306772395968,0.6399929523468018,0.9892941117286682,BOMBAY
216828.09375,1812.3751220703125,670.64404296875,403.9880065917969,1.6517927646636963,0.7986049056053162,219189.25,521.0587768554688,0.7604170441627502,0.982722818851471,0.820416271686554,0.7710069417953491,0.0032234727405011654,0.0006795221124775708,0.5751742124557495,0.9955095052719116,BOMBAY
177057.296875,1552.5609130859375,577.0494384765625,388.3302917480469,1.4458885192871094,0.7184593081474304,179871.03125,472.2369079589844,0.7902125716209412,0.9912406802177429,0.9043399691581726,0.8299804329872131,0.0032726828940212727,0.0009648531558923423,0.6901153922080994,0.995083212852478,BOMBAY
188202.15625,1612.1722412109375,569.806884765625,412.9256286621094,1.3995150327682495,0.6959913372993469,190011.078125,484.5192565917969,0.7836863398551941,0.9914608597755432,0.9080472588539124,0.8449671864509583,0.0030817596707493067,0.0009810187621042132,0.7173944115638733,0.9950627088546753,BOMBAY
153679.28125,1501.1448974609375,556.5968017578125,353.75396728515625,1.5707635879516602,0.7721542716026306,141448.15625,436.19952392578125,0.8111252784729004,0.9843387007713318,0.8602635860443115,0.7953469157218933,0.0036778387147933245,0.0009081829921342432,0.6348077654838562,0.9873594045639038,BOMBAY
182244.90625,1613.379638671875,579.1583862304688,406.73297119140625,1.4291189908981323,0.7118157148361206,184104.953125,482.39276123046875,0.7377790212631226,0.986964762210846,0.8887460827827454,0.8333169221878052,0.003169689327478409,0.0009491067030467093,0.6892442107200623,0.990570604801178,BOMBAY
213338.125,1820.3516845703125,685.7340698242188,394.2635192871094,1.743600606918335,0.8217284679412842,211993.0625,525.61376953125,0.7464975118637085,0.9828351736068726,0.8217110633850098,0.7522464394569397,0.0032494384795427322,0.000615070341154933,0.5623899102210999,0.9873015880584717,BOMBAY
168050.734375,1557.04052734375,584.286376953125,368.5394592285156,1.6114269495010376,0.7836894392967224,167895.1875,463.5046081542969,0.802386462688446,0.9877029657363892,0.8618795275688171,0.7843754887580872,0.0034941150806844234,0.0008357262704521418,0.6161017417907715,0.9921342134475708,BOMBAY
207549.234375,1742.4560546875,636.236083984375,441.62420654296875,1.4782683849334717,0.7377462983131409,210757.890625,512.4011840820312,0.7829717397689819,0.9842382073402405,0.882725715637207,0.8129384517669678,0.002966265892609954,0.0008499808027409017,0.668341875076294,0.9880990982055664,BOMBAY
177516.546875,1568.8353271484375,578.2846069335938,395.6719665527344,1.41797935962677,0.7077286839485168,178364.5,476.54058837890625,0.7479392886161804,0.991942286491394,0.9088497757911682,0.8420565128326416,0.0032160161063075066,0.000963669503107667,0.7047266960144043,0.9980798959732056,BOMBAY
198155.234375,1671.957275390625,631.2392578125,397.6724853515625,1.5794458389282227,0.7720836997032166,201050.875,496.17626953125,0.7681881189346313,0.9888657331466675,0.8696132302284241,0.7921452522277832,0.003219745820388198,0.0007872325950302184,0.6263970136642456,0.9927861094474792,BOMBAY
164185.796875,1530.8095703125,576.068115234375,367.5650329589844,1.5465030670166016,0.7637802958488464,166433.890625,459.35833740234375,0.7799221277236938,0.9926839470863342,0.9005051851272583,0.800092875957489,0.0034875134006142616,0.0008765143575146794,0.6426846981048584,0.9936954379081726,BOMBAY
198181.296875,1695.224609375,655.4591064453125,388.1394348144531,1.6925547122955322,0.8097298741340637,198023.6875,497.649169921875,0.8207501173019409,0.9880677461624146,0.8588087558746338,0.764732301235199,0.003286228748038411,0.0007045044330880046,0.5846117734909058,0.9908813834190369,BOMBAY
162165.28125,1525.24462890625,561.52685546875,365.6925964355469,1.5506882667541504,0.7628176212310791,162517.59375,448.5773620605469,0.7289570569992065,0.98575359582901,0.8514113426208496,0.8026363253593445,0.003512815572321415,0.0009109228267334402,0.6408460736274719,0.9953675270080566,BOMBAY
217355.984375,1863.0091552734375,666.2838134765625,446.9656982421875,1.5938400030136108,0.7776932120323181,227188.8125,523.2801513671875,0.7408537268638611,0.9854066967964172,0.8402693867683411,0.7720649838447571,0.0029215870890766382,0.0007617960800416768,0.6208148002624512,0.9909213185310364,BOMBAY
204783.59375,1711.3643798828125,648.5571899414062,399.3704528808594,1.6277326345443726,0.7883747816085815,207181.890625,510.6173095703125,0.8150155544281006,0.9877476692199707,0.8705686926841736,0.7838473320007324,0.003208689857274294,0.0007212923374027014,0.6094943881034851,0.992062509059906,BOMBAY
146460.40625,1327.390869140625,543.3048095703125,273.4837341308594,1.5775893926620483,0.7711942195892334,149087.6875,397.7113952636719,0.7955229878425598,0.9927306771278381,0.8896108865737915,0.7941343188285828,0.004495357628911734,0.0009322129772044718,0.6327438950538635,0.9951785802841187,BOMBAY
163419.0625,1530.8604736328125,581.11376953125,353.4061584472656,1.650620460510254,0.7907090783119202,168175.71875,459.2314147949219,0.765373170375824,0.9906238317489624,0.8697661757469177,0.776107668876648,0.003613026114180684,0.0008143844897858799,0.6007677316665649,0.9955605268478394,BOMBAY
168840.96875,1526.4876708984375,556.516845703125,386.923095703125,1.436971664428711,0.7138798832893372,168467.71875,458.12445068359375,0.801069974899292,0.991492509841919,0.911453902721405,0.8342612981796265,0.0033179891761392355,0.0009972939733415842,0.6858246326446533,0.9977966547012329,BOMBAY
166161.859375,1528.3299560546875,562.533447265625,381.1765441894531,1.4639993906021118,0.7332893013954163,167080.8125,462.17877197265625,0.7472946047782898,0.9920496940612793,0.892141580581665,0.8209586143493652,0.003384310519322753,0.000957682728767395,0.6723698377609253,0.9937573671340942,BOMBAY
204896.890625,1729.2181396484375,664.4656372070312,398.8863830566406,1.6547404527664185,0.78542160987854,207249.0,505.8364562988281,0.8284928798675537,0.9887556433677673,0.864315390586853,0.7770549058914185,0.0032180265989154577,0.000690764223691076,0.6025718450546265,0.9884554743766785,BOMBAY
206055.140625,1707.0933837890625,620.9340209960938,451.0579833984375,1.4230114221572876,0.7096021175384521,210976.59375,516.26904296875,0.7698866724967957,0.9917803406715393,0.9060293436050415,0.8389657139778137,0.002835324266925454,0.0009303254773840308,0.6974238753318787,0.9949513077735901,BOMBAY
216828.875,1749.0845947265625,658.4324340820312,420.12750244140625,1.5682226419448853,0.77109295129776,214172.96875,525.034423828125,0.7283535003662109,0.9899733662605286,0.8767863512039185,0.794726550579071,0.003103241790086031,0.0007504838285967708,0.6295288801193237,0.9917388558387756,BOMBAY
142979.6875,1387.55078125,519.9251098632812,273.3841857910156,1.5456180572509766,0.7666241526603699,101482.4375,349.7156066894531,0.7219076156616211,0.992229163646698,0.8796268105506897,0.8032760620117188,0.004458509385585785,0.0009627547115087509,0.6407824158668518,0.9969941973686218,BOMBAY
223009.8125,1817.6124267578125,688.140625,420.1547546386719,1.6672875881195068,0.7990520596504211,225381.34375,536.0155639648438,0.8107375502586365,0.9801310300827026,0.8363927006721497,0.7717958688735962,0.003159459913149476,0.000686735613271594,0.5948811173439026,0.9880041480064392,BOMBAY
180663.890625,1630.9200439453125,600.8881225585938,385.6953430175781,1.5680922269821167,0.7683427929878235,184123.109375,481.5369873046875,0.7261624932289124,0.9831050634384155,0.8585584163665771,0.7949330806732178,0.0033214539289474487,0.0008203800534829497,0.6329587697982788,0.9911532998085022,BOMBAY
198465.59375,1701.8084716796875,650.2717895507812,391.8558044433594,1.6723774671554565,0.8052139282226562,200900.140625,500.11724853515625,0.8175652623176575,0.991528332233429,0.8522917628288269,0.7684515118598938,0.0033165868371725082,0.0007198023959062994,0.5933389663696289,0.9911950826644897,BOMBAY
188291.15625,1652.905517578125,618.4705200195312,392.18475341796875,1.584420919418335,0.7734684944152832,190436.875,489.69708251953125,0.7700068354606628,0.9879981875419617,0.8571683168411255,0.7900554537773132,0.003260795958340168,0.000792256963904947,0.6251298785209656,0.9920089840888977,BOMBAY
167554.90625,1572.239013671875,577.963134765625,364.07061767578125,1.618674397468567,0.7840651273727417,167108.234375,460.0670166015625,0.7749507427215576,0.9882449507713318,0.841244637966156,0.7837358713150024,0.0034845685586333275,0.0008191762608475983,0.6190869212150574,0.9982486367225647,BOMBAY
165780.25,1544.9888916015625,569.5668334960938,369.9948425292969,1.5629898309707642,0.7696483731269836,167741.25,458.9570007324219,0.7755317091941833,0.9872173070907593,0.8745044469833374,0.7987334132194519,0.0034683190751820803,0.0008859796798788011,0.6371274590492249,0.9954261779785156,BOMBAY
163289.78125,1577.362060546875,599.9780883789062,367.9537353515625,1.6309928894042969,0.7865318059921265,170785.0625,462.0302734375,0.6929808259010315,0.9852713942527771,0.8448494076728821,0.7829061150550842,0.0034873036202043295,0.0008320140768773854,0.6122073531150818,0.992021381855011,BOMBAY
180486.1875,1635.0216064453125,607.0823974609375,380.4450988769531,1.6179982423782349,0.7850671410560608,184833.09375,481.25933837890625,0.7893913984298706,0.9722074866294861,0.8473575115203857,0.7773780226707458,0.0034162874799221754,0.0007733608945272863,0.6051232814788818,0.9733200669288635,BOMBAY
166978.859375,1557.451171875,583.1400756835938,366.9537353515625,1.5911294221878052,0.7791961431503296,170031.59375,459.75946044921875,0.7714759111404419,0.987181544303894,0.8732545375823975,0.7899162173271179,0.003485955996438861,0.0008519798866473138,0.6239192485809326,0.9929738640785217,BOMBAY
156018.421875,1522.187744140625,574.9161987304688,347.281982421875,1.6261509656906128,0.7894701361656189,158421.65625,449.469482421875,0.7776939272880554,0.9819996953010559,0.8540149927139282,0.7789334058761597,0.0040380824357271194,0.0008498500683344901,0.6047303080558777,0.9876160621643066,BOMBAY
195405.1875,1676.2738037109375,630.6392822265625,399.7375793457031,1.5851778984069824,0.7805910110473633,195324.984375,498.49920654296875,0.7174620628356934,0.9909830093383789,0.8705724477767944,0.7906720042228699,0.0031772125512361526,0.0007718446431681514,0.6281772255897522,0.9934583902359009,BOMBAY
89208.75,1254.1572265625,460.5096740722656,264.2413635253906,1.4950206279754639,0.7458765506744385,91731.859375,333.8603515625,0.772119402885437,0.9838759899139404,0.8431504964828491,0.812867283821106,0.004728639964014292,0.0010225997539237142,0.6628121137619019,0.9943865537643433,BOMBAY
183668.9375,1659.828125,646.1016235351562,366.6108703613281,1.7458629608154297,0.8148174285888672,188191.203125,486.2835693359375,0.7732951641082764,0.9833206534385681,0.832206130027771,0.7516064643859863,0.00352378748357296,0.000699601077940315,0.5681702494621277,0.9839714765548706,BOMBAY
162262.546875,1526.58203125,582.7626342773438,330.40899658203125,1.6577582359313965,0.7959094643592834,163349.015625,450.546630859375,0.8016871809959412,0.990089476108551,0.8674877285957336,0.7736201882362366,0.0036866706795990467,0.0008296789019368589,0.6032701134681702,0.9961881637573242,BOMBAY
175278.046875,1616.1865234375,620.6683959960938,367.6818542480469,1.7115631103515625,0.8093461990356445,179113.515625,474.4350891113281,0.8009406924247742,0.9907161593437195,0.8503799438476562,0.76627117395401,0.003485877998173237,0.0007246010354720056,0.578559160232544,0.9960535764694214,BOMBAY
159379.375,1487.708251953125,548.2326049804688,362.71978759765625,1.539636254310608,0.7533679008483887,153934.84375,432.814697265625,0.8286319971084595,0.9926550984382629,0.884128749370575,0.8045770525932312,0.003490768140181899,0.0009297404903918505,0.6539831161499023,0.9957147836685181,BOMBAY
185457.015625,1646.15478515625,609.7106323242188,392.7629089355469,1.559138298034668,0.7653833627700806,190223.71875,486.2660827636719,0.7785056233406067,0.9811245799064636,0.8665368556976318,0.7965498566627502,0.0032762151677161455,0.000832209421787411,0.633636474609375,0.9876542091369629,BOMBAY
95835.2109375,1199.4620361328125,456.7434387207031,271.81805419921875,1.4590635299682617,0.7333634495735168,92698.0625,339.4212341308594,0.7980650067329407,0.9809975028038025,0.8712007403373718,0.8181496262550354,0.004719031509011984,0.0010575804626569152,0.6705158948898315,0.9898489713668823,BOMBAY
165881.0625,1550.612548828125,577.148681640625,365.79486083984375,1.5933417081832886,0.7769930362701416,168472.890625,461.1886291503906,0.8099554181098938,0.9891034364700317,0.8638139963150024,0.7897590398788452,0.0035131576005369425,0.00086010288214311,0.6240400671958923,0.9924104809761047,BOMBAY
158829.03125,1506.3504638671875,545.0855102539062,361.9955749511719,1.5115834474563599,0.7516941428184509,164405.203125,452.89996337890625,0.7463043332099915,0.9915457367897034,0.900519073009491,0.8107273578643799,0.0035345270298421383,0.0009537996375001967,0.656326413154602,0.9956706166267395,BOMBAY
205818.453125,1730.43603515625,662.9181518554688,397.539794921875,1.6835802793502808,0.803257405757904,209988.171875,508.2264404296875,0.8105980753898621,0.9789985418319702,0.8503024578094482,0.7677105069160461,0.003263674210757017,0.0007016283343546093,0.588953971862793,0.9849157333374023,BOMBAY
186639.328125,1637.6053466796875,597.6585083007812,397.81060791015625,1.500858187675476,0.7449913024902344,188475.671875,486.103271484375,0.7987579703330994,0.9893919825553894,0.8939893841743469,0.8156543374061584,0.003193693934008479,0.0008873562910594046,0.6619725227355957,0.9954063892364502,BOMBAY
199537.21875,1662.3372802734375,589.6134033203125,437.8477783203125,1.4130222797393799,0.7056477665901184,199472.578125,503.4753723144531,0.714969277381897,0.9877151250839233,0.9013758301734924,0.8347597122192383,0.002953106537461281,0.0009230947471223772,0.6962203979492188,0.9937673807144165,BOMBAY
170026.46875,1504.847412109375,527.7418212890625,390.0387268066406,1.3082425594329834,0.6287578344345093,166945.609375,469.90960693359375,0.8006055355072021,0.9886308312416077,0.8882378339767456,0.8798078894615173,0.003317959373816848,0.0012178231263533235,0.7445981502532959,0.9948975443840027,BOMBAY
176051.65625,1608.4696044921875,615.5684814453125,370.00384521484375,1.665915608406067,0.7995111346244812,181108.09375,476.0964660644531,0.805860161781311,0.9898476004600525,0.8604036569595337,0.7751280069351196,0.0034231385216116905,0.0007724630413576961,0.599763810634613,0.9941162467002869,BOMBAY
178672.71875,1591.5550537109375,573.8663940429688,396.2882995605469,1.4803904294967651,0.7368165254592896,180650.640625,479.9182434082031,0.7795403599739075,0.991280734539032,0.8856893181800842,0.8175976872444153,0.0032406519167125225,0.0009221873478963971,0.6704361438751221,0.995686411857605,BOMBAY
157763.703125,1515.5028076171875,567.3739013671875,365.905517578125,1.5367904901504517,0.7617841362953186,163489.265625,453.1204528808594,0.7634583711624146,0.9884180426597595,0.8811953067779541,0.8021385669708252,0.003494447097182274,0.0009158870088867843,0.6432955265045166,0.9951542019844055,BOMBAY
172206.15625,1585.5504150390625,587.9144287109375,377.3778991699219,1.5581995248794556,0.7665830254554749,173114.4375,467.7625732421875,0.7597660422325134,0.9884292483329773,0.8580666184425354,0.7991577386856079,0.0033930079080164433,0.000866398389916867,0.6367538571357727,0.9951291680335999,BOMBAY
100909.3671875,1362.3695068359375,474.9249572753906,269.8340148925781,1.5057191848754883,0.7556692957878113,108213.8671875,368.9299621582031,0.7637045979499817,0.9823559522628784,0.8539242744445801,0.8074243664741516,0.004713732283562422,0.0009910425869747996,0.6465926170349121,0.9901100397109985,BOMBAY
245395.921875,1944.0555419921875,699.8515014648438,446.7347412109375,1.6586593389511108,0.7899287939071655,250292.90625,564.1746826171875,0.7933597564697266,0.9882493615150452,0.8466487526893616,0.7778847813606262,0.0028497884050011635,0.0006372921634465456,0.6050642132759094,0.9927136301994324,BOMBAY
90005.40625,1341.51318359375,442.0645751953125,281.6180419921875,1.4780869483947754,0.7347652316093445,95523.7265625,341.6866149902344,0.7854439616203308,0.9869682192802429,0.8494099974632263,0.8201570510864258,0.00454596197232604,0.0010227382881566882,0.6722418665885925,0.9938110113143921,BOMBAY
185618.703125,1651.765380859375,637.3403930664062,372.9449462890625,1.7181447744369507,0.8113227486610413,189227.953125,483.5036926269531,0.7978469133377075,0.9810987710952759,0.842866063117981,0.7611130475997925,0.0034398578573018312,0.0007167209405452013,0.5768846869468689,0.9893816709518433,BOMBAY
149816.375,1528.94189453125,574.1893920898438,350.5306701660156,1.6463267803192139,0.7969233989715576,156154.59375,445.9294738769531,0.7539147734642029,0.976526141166687,0.8449184894561768,0.7713927030563354,0.003912189044058323,0.0008196323760785162,0.5996860861778259,0.9868951439857483,BOMBAY
183921.265625,1649.6173095703125,639.4697875976562,375.6786804199219,1.6972013711929321,0.8072688579559326,187875.515625,484.2160949707031,0.811046302318573,0.9825058579444885,0.8472491502761841,0.7633218765258789,0.00343645759858191,0.0007312690722756088,0.5828327536582947,0.9880579113960266,BOMBAY
204201.078125,1736.269287109375,679.2186279296875,388.266357421875,1.757054328918457,0.8215783834457397,206678.671875,511.7243957519531,0.8045554161071777,0.9891777634620667,0.849794864654541,0.7545093297958374,0.003299461444839835,0.0006316793733276427,0.5682660937309265,0.9928327798843384,BOMBAY
165677.171875,1568.9212646484375,602.8745727539062,354.9596862792969,1.685268759727478,0.8080892562866211,167201.734375,463.3788757324219,0.7821343541145325,0.9849296808242798,0.8437546491622925,0.7627495527267456,0.003618974005803466,0.0007524871616624296,0.5794533491134644,0.9909756183624268,BOMBAY
195024.703125,1669.3890380859375,614.1943969726562,408.1322937011719,1.49480140209198,0.7453781962394714,196088.734375,496.91717529296875,0.7640954852104187,0.9828522801399231,0.8791861534118652,0.8103638291358948,0.003150391159579158,0.0008601957815699279,0.6625238656997681,0.989909291267395,BOMBAY
189235.59375,1664.7567138671875,630.7597045898438,384.7227783203125,1.6306604146957397,0.7882436513900757,191506.671875,490.61016845703125,0.7993980050086975,0.9904468655586243,0.8584794402122498,0.7808414697647095,0.0033242744393646717,0.0007564491243101656,0.6082407236099243,0.9914830327033997,BOMBAY
159121.546875,1533.1846923828125,584.1810302734375,354.6599426269531,1.6865352392196655,0.8071221113204956,162810.71875,459.5213317871094,0.7883537411689758,0.9834307432174683,0.838568389415741,0.7665937542915344,0.003736870363354683,0.000777149572968483,0.586476743221283,0.9886744618415833,BOMBAY
153325.09375,1508.7596435546875,558.1077880859375,356.4770202636719,1.602630376815796,0.7792141437530518,152622.453125,433.4424743652344,0.8155276775360107,0.9851604104042053,0.8506511449813843,0.7907450199127197,0.003596658818423748,0.0008739212062209845,0.6269289255142212,0.989973783493042,BOMBAY
186632.9375,1646.546875,619.6970825195312,388.86431884765625,1.5711185932159424,0.7760439515113831,189024.0,484.6588134765625,0.7257980108261108,0.9833658933639526,0.8718222379684448,0.792108416557312,0.003307962091639638,0.0008077920065261424,0.627731442451477,0.9905406832695007,BOMBAY
196649.078125,1684.1826171875,637.39599609375,393.1778259277344,1.636857032775879,0.7901676297187805,200162.984375,500.6005554199219,0.7803435325622559,0.9915396571159363,0.8723943829536438,0.7807528972625732,0.0032748004887253046,0.0007509454153478146,0.6133986711502075,0.9949091672897339,BOMBAY
171129.0,1582.55419921875,576.112060546875,380.2914123535156,1.5352264642715454,0.7583677768707275,175009.046875,467.7747802734375,0.7804332375526428,0.98900306224823,0.8713212013244629,0.8039272427558899,0.0033840686082839966,0.0008700952166691422,0.6446151733398438,0.9931203126907349,BOMBAY
189419.5,1675.9344482421875,599.7662963867188,406.52923583984375,1.4857177734375,0.7408977150917053,191347.390625,489.1038818359375,0.6877127289772034,0.9852860569953918,0.8632920980453491,0.8148946166038513,0.0031527732498943806,0.0008583863382227719,0.6611585021018982,0.9895342588424683,BOMBAY
177902.25,1596.0543212890625,586.9783935546875,380.6741027832031,1.5701968669891357,0.772362232208252,180682.046875,472.2690124511719,0.8177260160446167,0.9885992407798767,0.8764920234680176,0.7945249676704407,0.003364627016708255,0.0008536109235137701,0.6365102529525757,0.9943046569824219,BOMBAY
187259.96875,1645.07275390625,608.7320556640625,392.8751525878906,1.514144778251648,0.7543062567710876,189018.765625,486.2749938964844,0.7392017245292664,0.9872249960899353,0.865982711315155,0.8111681342124939,0.0032619766425341368,0.0008573465165682137,0.6582295894622803,0.9941793084144592,BOMBAY
148236.046875,1449.583251953125,544.970703125,282.6046142578125,1.5609902143478394,0.7688493132591248,129016.859375,416.5091247558594,0.7336618304252625,0.9871768951416016,0.866452157497406,0.7955452799797058,0.00372265069745481,0.0009314059861935675,0.6385906934738159,0.9945924282073975,BOMBAY
163675.9375,1538.2901611328125,570.3612060546875,374.1109619140625,1.491711974143982,0.7437421083450317,165873.28125,462.15057373046875,0.7931517362594604,0.9915902018547058,0.8869191408157349,0.8163135647773743,0.0034056976437568665,0.000936170166824013,0.6663145422935486,0.9958593845367432,BOMBAY
177063.71875,1621.0225830078125,613.252685546875,375.6864318847656,1.6177637577056885,0.7920816540718079,181723.84375,472.0360107421875,0.7791138291358948,0.9885939955711365,0.8651270270347595,0.7818119525909424,0.0034214998595416546,0.0007811292889527977,0.6111518740653992,0.9949831366539001,BOMBAY
204793.421875,1712.6993408203125,641.6019287109375,405.5394287109375,1.5773075819015503,0.7708373665809631,207179.8125,509.14068603515625,0.7503780722618103,0.9898309707641602,0.8803548216819763,0.7947266101837158,0.003144431859254837,0.000769213424064219,0.6316859722137451,0.9948874115943909,BOMBAY
163242.984375,1542.0850830078125,579.780029296875,360.8091125488281,1.610852837562561,0.7860201597213745,165166.90625,456.8556213378906,0.7685695290565491,0.9877991080284119,0.8714027404785156,0.783898651599884,0.0035270084626972675,0.0008221820462495089,0.618238627910614,0.993783712387085,BOMBAY
184681.109375,1657.5455322265625,647.473876953125,372.4795227050781,1.767573595046997,0.8216431736946106,189080.75,479.8380126953125,0.8016747832298279,0.9769840836524963,0.814301073551178,0.7418002486228943,0.0034902673214673996,0.0006825549062341452,0.554851233959198,0.9820376634597778,BOMBAY
95850.4375,1372.22412109375,466.2875061035156,304.18572998046875,1.4816234111785889,0.730473518371582,96216.671875,341.7900695800781,0.7424634695053101,0.9893127679824829,0.8861567378044128,0.8196077346801758,0.0037239473313093185,0.0010186006547883153,0.6761035919189453,0.9936472177505493,BOMBAY
170008.140625,1591.4248046875,620.5127563476562,360.3146057128906,1.7713788747787476,0.8256494402885437,168528.96875,463.5924072265625,0.8004428148269653,0.9850785732269287,0.8254521489143372,0.7498565316200256,0.0036181295290589333,0.0007123294635675848,0.5648996829986572,0.9914174675941467,BOMBAY
158791.828125,1481.0982666015625,524.2249145507812,366.5625,1.5298510789871216,0.7499991059303284,150360.796875,451.0254211425781,0.8009534478187561,0.9932972192764282,0.8881645202636719,0.8147674798965454,0.0034890847746282816,0.0009614818263798952,0.6584193706512451,0.9985744953155518,BOMBAY
179489.78125,1623.8922119140625,595.0131225585938,382.72637939453125,1.5900272130966187,0.7777515649795532,181221.765625,478.5714111328125,0.7972807288169861,0.9871437549591064,0.8637428283691406,0.7898011207580566,0.0033520294819027185,0.000805752060841769,0.6238266825675964,0.9921625256538391,BOMBAY
206179.265625,1750.5965576171875,694.5726928710938,392.8626708984375,1.764946699142456,0.8182405233383179,208436.796875,513.4801025390625,0.8140310049057007,0.9855548143386841,0.8224210739135742,0.7512614727020264,0.0032530860044062138,0.0006442966405302286,0.5646317601203918,0.9892647862434387,BOMBAY
178869.15625,1640.0404052734375,638.89306640625,363.797607421875,1.7863229513168335,0.8306954503059387,181623.59375,477.8019714355469,0.7979511618614197,0.9874483346939087,0.8230117559432983,0.7418537735939026,0.003586123464629054,0.0006821646820753813,0.5474400520324707,0.99018794298172,BOMBAY
156328.25,1504.725341796875,557.0233154296875,352.4986267089844,1.557707667350769,0.7680441737174988,157869.640625,442.6622619628906,0.7465892434120178,0.9905787110328674,0.8708220720291138,0.8001163601875305,0.003638370893895626,0.0009083165787160397,0.6367273330688477,0.9943227171897888,BOMBAY
200238.546875,1670.1090087890625,612.1561889648438,424.9377746582031,1.4626299142837524,0.7249438762664795,202807.03125,503.7123718261719,0.7997435927391052,0.9871792197227478,0.8938747644424438,0.827183187007904,0.0030474935192614794,0.0009034053073264658,0.6771842837333679,0.9935489892959595,BOMBAY
144175.890625,1409.882568359375,529.6445922851562,353.3830261230469,1.4917871952056885,0.7406402826309204,151624.8125,443.1214294433594,0.7428560256958008,0.9912748336791992,0.8828237652778625,0.8199996948242188,0.003574670758098364,0.0009957501897588372,0.6682597398757935,0.9970843195915222,BOMBAY
167066.53125,1538.202880859375,587.7592163085938,368.1131286621094,1.5998035669326782,0.780766487121582,168322.28125,460.9217834472656,0.7366641759872437,0.9889187812805176,0.8844608664512634,0.7869685888290405,0.003481851192191243,0.0008190617081709206,0.6202790141105652,0.9958150386810303,BOMBAY
160136.625,1536.2723388671875,580.3739624023438,361.6819763183594,1.5972316265106201,0.7808905243873596,162875.9375,450.6819152832031,0.8078820109367371,0.9893136620521545,0.8582797646522522,0.7900341749191284,0.003607786726206541,0.0008646993665024638,0.6221128106117249,0.9913426637649536,BOMBAY
185051.328125,1644.4593505859375,621.4722290039062,388.49456787109375,1.602465271949768,0.7780920267105103,187319.125,485.1913757324219,0.6825567483901978,0.9787808656692505,0.8403123617172241,0.7850746512413025,0.003298973198980093,0.0007927534752525389,0.6159584522247314,0.9888204336166382,BOMBAY
197840.71875,1694.4031982421875,658.5472412109375,379.4841613769531,1.7325880527496338,0.813834011554718,198530.84375,498.74884033203125,0.8089859485626221,0.9863000512123108,0.845050573348999,0.7553943395614624,0.003364239353686571,0.0006910195224918425,0.5710622668266296,0.9862159490585327,BOMBAY
206485.171875,1742.1019287109375,670.115234375,399.63348388671875,1.6747065782546997,0.8018062114715576,209254.34375,512.3074951171875,0.7189504504203796,0.9867787957191467,0.8371802568435669,0.7669090032577515,0.00322469393722713,0.0006932264077477157,0.5862768292427063,0.9886707067489624,BOMBAY
147915.28125,1464.3028564453125,530.382080078125,326.25775146484375,1.611324429512024,0.7818366885185242,107237.2734375,397.41253662109375,0.7091740369796753,0.9855270981788635,0.8222737312316895,0.7877947092056274,0.004121833480894566,0.0008832071907818317,0.6230957508087158,0.995685875415802,BOMBAY
191070.765625,1652.1156005859375,621.720703125,393.3518981933594,1.5739877223968506,0.7712675333023071,194223.078125,492.4197692871094,0.8249918818473816,0.9861695170402527,0.8859587907791138,0.795595645904541,0.003256202442571521,0.0008178639691323042,0.6338697075843811,0.9908321499824524,BOMBAY
219241.015625,1780.8936767578125,665.3484497070312,411.7393493652344,1.617316484451294,0.7789555788040161,214354.1875,529.5567626953125,0.7995965480804443,0.989098846912384,0.8624890446662903,0.786156415939331,0.003110378049314022,0.0007217087550088763,0.6223453283309937,0.9932317733764648,BOMBAY
129616.4296875,1379.058837890625,478.21380615234375,349.2770690917969,1.4768712520599365,0.7380412817001343,147931.515625,381.1245422363281,0.789384126663208,0.9904866218566895,0.9021866321563721,0.8212539553642273,0.0036213749554008245,0.000992793356999755,0.6716596484184265,0.9959087371826172,BOMBAY
166757.046875,1572.0159912109375,565.0737915039062,382.8676452636719,1.4906922578811646,0.7390820384025574,168080.203125,462.7213134765625,0.8153888583183289,0.9844199419021606,0.8814404606819153,0.817295253276825,0.003338533453643322,0.0009258795180357993,0.663611650466919,0.9917429685592651,BOMBAY
150778.578125,1501.340087890625,517.8045654296875,367.61572265625,1.4867807626724243,0.7360249161720276,144923.953125,424.6794738769531,0.8335224986076355,0.988673746585846,0.891319990158081,0.8216849565505981,0.0034401947632431984,0.0009827041067183018,0.6702845096588135,0.9930667281150818,BOMBAY
172498.375,1610.594970703125,619.9766235351562,356.0990905761719,1.7107895612716675,0.8106626272201538,174453.703125,470.77117919921875,0.7623302936553955,0.9814165830612183,0.8406189680099487,0.7621946334838867,0.003576858900487423,0.0007378340233117342,0.5809564590454102,0.9888428449630737,BOMBAY
247035.1875,1961.7132568359375,731.3973388671875,435.6143798828125,1.7664202451705933,0.8223037123680115,255021.859375,567.9160766601562,0.7919821739196777,0.9784354567527771,0.8287566304206848,0.7446162700653076,0.0030096848495304585,0.0005865715793333948,0.5496471524238586,0.9813030362129211,BOMBAY
204337.453125,1724.4769287109375,659.16845703125,396.9811706542969,1.6801106929779053,0.8018137812614441,208312.796875,511.52813720703125,0.728018581867218,0.9870309233665466,0.8565383553504944,0.7679992318153381,0.0032005261164158583,0.0006890896474942565,0.5950815677642822,0.9933096766471863,BOMBAY
205324.34375,1736.4598388671875,681.4158935546875,386.1073303222656,1.761900544166565,0.8216676115989685,206602.25,511.1082458496094,0.8116156458854675,0.9886800050735474,0.8269459009170532,0.7489190697669983,0.00329814781434834,0.0006287458236329257,0.5657239556312561,0.993527889251709,BOMBAY
233567.859375,1832.958984375,665.925048828125,447.5526428222656,1.5035147666931152,0.7456409931182861,238668.171875,552.5076293945312,0.7463505268096924,0.9908075332641602,0.8785973191261292,0.8142521977424622,0.00284561631269753,0.0008115897071547806,0.6620327830314636,0.995861291885376,BOMBAY
177071.734375,1603.16162109375,601.2584228515625,379.9676818847656,1.5543019771575928,0.7691100239753723,178804.46875,471.4624328613281,0.8297388553619385,0.987101674079895,0.8488774299621582,0.7986627221107483,0.0033708312548696995,0.0008440043311566114,0.6391904354095459,0.9937395453453064,BOMBAY
191969.609375,1655.85107421875,597.352783203125,407.6650085449219,1.4512544870376587,0.7241576313972473,194939.171875,490.8076171875,0.7364978790283203,0.9878026247024536,0.8949183225631714,0.8246570229530334,0.0031333048827946186,0.0009009843925014138,0.678061306476593,0.9933760166168213,BOMBAY
185733.5625,1664.3486328125,628.3612670898438,380.628173828125,1.6640474796295166,0.8020118474960327,189919.703125,482.71746826171875,0.7174345850944519,0.9797148704528809,0.8310781121253967,0.7697495222091675,0.0033919229172170162,0.0007448089891113341,0.5950653553009033,0.9915958642959595,BOMBAY
143199.71875,1468.6744384765625,489.8862609863281,360.5512390136719,1.476574420928955,0.7366693019866943,102258.421875,380.5311279296875,0.7890260815620422,0.9910280108451843,0.8644521832466125,0.8178331255912781,0.003576971124857664,0.00099471234716475,0.6693333983421326,0.9939918518066406,BOMBAY
95715.46875,1194.4879150390625,486.1851806640625,272.6326904296875,1.5504587888717651,0.7736779451370239,97433.1953125,387.47979736328125,0.7753425240516663,0.9915122389793396,0.8808865547180176,0.804016649723053,0.004590684548020363,0.0009861356811597943,0.6397203207015991,0.994784414768219,BOMBAY
192486.75,1671.163330078125,615.7626342773438,398.39617919921875,1.537109375,0.7602666020393372,193721.46875,491.71820068359375,0.8096207976341248,0.9895843863487244,0.8556978702545166,0.8057684302330017,0.0032312709372490644,0.0008290748810395598,0.6478486061096191,0.9929489493370056,BOMBAY
185476.546875,1649.138671875,633.3430786132812,378.9620666503906,1.7025519609451294,0.8107917308807373,184501.21875,484.8682861328125,0.8203858733177185,0.990503191947937,0.8621916174888611,0.7657470107078552,0.003397079650312662,0.0007095008040778339,0.5780952572822571,0.994540810585022,BOMBAY
95667.6484375,1206.412109375,454.5166931152344,271.55133056640625,1.4789228439331055,0.7270545363426208,92408.625,340.1561584472656,0.7690208554267883,0.9917640686035156,0.8910284042358398,0.8227192759513855,0.003895120695233345,0.001096851658076048,0.6938464641571045,0.9969214797019958,BOMBAY
141920.953125,1447.481689453125,476.4040222167969,365.36578369140625,1.4538226127624512,0.7169958353042603,144022.078125,423.7856750488281,0.7702974677085876,0.9883024096488953,0.8940239548683167,0.832198977470398,0.003573791589587927,0.0010439935140311718,0.689251184463501,0.994081974029541,BOMBAY
202664.765625,1706.2066650390625,611.480224609375,436.78857421875,1.4596726894378662,0.7293039560317993,204004.90625,506.49603271484375,0.7914801239967346,0.9914587140083313,0.893803060054779,0.8244874477386475,0.0029029864817857742,0.0008671801770105958,0.6856141090393066,0.9955431818962097,BOMBAY
166375.9375,1564.9473876953125,563.587158203125,380.29852294921875,1.484410047531128,0.7393590807914734,166284.703125,458.2919616699219,0.7918175458908081,0.9824740290641785,0.8731170296669006,0.8168438673019409,0.003388434648513794,0.0009302750695496798,0.6639525890350342,0.9874441623687744,BOMBAY
196584.171875,1689.7454833984375,631.3419189453125,395.9932861328125,1.5759810209274292,0.7717440724372864,199090.375,501.21746826171875,0.8038247227668762,0.9889306426048279,0.8681803345680237,0.7952004075050354,0.0032442165538668633,0.0007775893900543451,0.6338393092155457,0.9930193424224854,BOMBAY
169280.34375,1578.0771484375,587.0713500976562,367.2925109863281,1.6470669507980347,0.7958557605743408,170361.578125,466.20648193359375,0.7733981013298035,0.9883724451065063,0.8530707359313965,0.7754565477371216,0.0035224559251219034,0.0007911116117611527,0.6034449934959412,0.99214768409729,BOMBAY
178142.96875,1621.2991943359375,617.7869873046875,376.2175598144531,1.6682320833206177,0.7955755591392517,181982.4375,478.2944641113281,0.7425239086151123,0.982781171798706,0.8535770177841187,0.7730653285980225,0.003454308258369565,0.0007792817195877433,0.5971885323524475,0.9881389737129211,BOMBAY
171297.9375,1598.8929443359375,604.5646362304688,354.5057373046875,1.6970226764678955,0.8064472079277039,173704.1875,466.0470275878906,0.7340489029884338,0.9851860404014587,0.8226689100265503,0.7673757076263428,0.003553461516276002,0.0007570867310278118,0.5907701849937439,0.9927254319190979,BOMBAY
227011.984375,1909.2503662109375,705.2529907226562,405.0703430175781,1.797551155090332,0.8286775350570679,232272.4375,551.4063720703125,0.7666529417037964,0.9878469705581665,0.8260557651519775,0.7401243448257446,0.0032197011169046164,0.0005827334825880826,0.5556305646896362,0.9880639314651489,BOMBAY
198775.6875,1692.1195068359375,646.4420166015625,389.0470886230469,1.652621865272522,0.7939146161079407,200713.21875,500.6977844238281,0.8053626418113708,0.9844927191734314,0.8538082838058472,0.7730487585067749,0.0033053341321647167,0.0007426213123835623,0.5954505801200867,0.9873368144035339,BOMBAY
201679.625,1698.624755859375,637.0888671875,398.5439758300781,1.5714497566223145,0.7737022042274475,201662.75,505.316162109375,0.7115575075149536,0.9898032546043396,0.8669087886810303,0.796368420124054,0.0032387201208621264,0.0007664748700335622,0.6315773725509644,0.9933489561080933,BOMBAY
194081.125,1666.6646728515625,619.5526123046875,401.78131103515625,1.5378577709197998,0.7586420774459839,194902.875,494.03759765625,0.8013556003570557,0.986812949180603,0.8581992983818054,0.8040050864219666,0.003184908302500844,0.0008378277416341007,0.6483607888221741,0.9931252002716064,BOMBAY
145677.109375,1432.777587890625,501.3851318359375,374.1921081542969,1.3894580602645874,0.6976456642150879,154550.484375,443.80865478515625,0.7572094202041626,0.9924322366714478,0.9016498923301697,0.8450945615768433,0.0034483650233596563,0.0010604670969769359,0.7154536843299866,0.9966743588447571,BOMBAY
112337.359375,1271.900390625,470.36956787109375,350.3396911621094,1.425719976425171,0.7001245021820068,140671.46875,428.54986572265625,0.7912905216217041,0.9922290444374084,0.9159064888954163,0.8388447761535645,0.003495561657473445,0.0010842600604519248,0.7070266604423523,0.9987773299217224,BOMBAY
172669.65625,1589.814208984375,601.64013671875,367.7712707519531,1.615631341934204,0.7860496044158936,175659.765625,471.8347473144531,0.8041062951087952,0.9905839562416077,0.8695123195648193,0.7831407189369202,0.0034846127964556217,0.0008076539379544556,0.6145710349082947,0.9931908845901489,BOMBAY
139806.421875,1461.355224609375,506.8475341796875,275.9874267578125,1.5578405857086182,0.7690343856811523,146255.109375,416.9065246582031,0.7803965210914612,0.9868562817573547,0.8521108627319336,0.795863151550293,0.0040454682894051075,0.0009356350637972355,0.6321231126785278,0.992249071598053,BOMBAY
157582.421875,1469.90673828125,524.9698486328125,396.0950012207031,1.2554428577423096,0.6098717451095581,159645.640625,452.8066711425781,0.7706815600395203,0.9905991554260254,0.9050638675689697,0.8945971727371216,0.003257923759520054,0.0012293779291212559,0.7985272407531738,0.9968037009239197,BOMBAY
197163.8125,1686.75732421875,628.3046875,395.5253601074219,1.5905883312225342,0.7761601209640503,199262.078125,499.7514953613281,0.8080302476882935,0.9865545630455017,0.8651002645492554,0.7919093370437622,0.003258170560002327,0.0007819973398000002,0.6252562999725342,0.9904311895370483,BOMBAY
160982.453125,1464.9085693359375,553.7421264648438,381.0463562011719,1.3865700960159302,0.6833340525627136,161549.9375,450.0110778808594,0.7866325378417969,0.9934114217758179,0.9100038409233093,0.8484334945678711,0.0033546006307005882,0.0010749222710728645,0.727918803691864,0.9982562065124512,BOMBAY
200427.6875,1705.7862548828125,666.0147094726562,388.301513671875,1.7140101194381714,0.8132810592651367,203873.84375,508.199462890625,0.8091378211975098,0.9895394444465637,0.8563824892044067,0.7625517845153809,0.003303332719951868,0.0006661051302216947,0.5764802098274231,0.9912393689155579,BOMBAY
167311.96875,1552.2738037109375,579.7783203125,367.8994140625,1.5567357540130615,0.7677788734436035,170198.078125,462.34161376953125,0.7843931913375854,0.9911378622055054,0.8864384293556213,0.7982112765312195,0.0034897951409220695,0.0008777165203355253,0.6393820643424988,0.9955655336380005,BOMBAY
186987.1875,1617.0870361328125,593.5542602539062,405.2398986816406,1.4358159303665161,0.7240846753120422,188542.546875,489.2748718261719,0.8155215978622437,0.9932255744934082,0.905850887298584,0.8283788561820984,0.0031936217565089464,0.0009229059214703739,0.6897695660591125,0.9940959811210632,BOMBAY
160301.84375,1562.182861328125,575.7210693359375,355.10693359375,1.5881768465042114,0.7771053314208984,166139.125,447.1435241699219,0.7289614081382751,0.981294572353363,0.8331000804901123,0.7904824018478394,0.0035404872614890337,0.0008612714591436088,0.6273142099380493,0.9934691786766052,BOMBAY
170560.734375,1581.731689453125,607.5010375976562,371.6549987792969,1.6347384452819824,0.797117292881012,174722.1875,466.3782958984375,0.7406732439994812,0.9858737587928772,0.8645418882369995,0.7757127285003662,0.0034602691885083914,0.0007765300688333809,0.5986140370368958,0.9928267598152161,BOMBAY
179841.96875,1593.1527099609375,561.8120727539062,401.37225341796875,1.4349381923675537,0.7176798582077026,182305.71875,478.80419921875,0.8179555535316467,0.989215075969696,0.8860111832618713,0.8321390151977539,0.003179688937962055,0.0009661108488216996,0.6911758184432983,0.9924803376197815,BOMBAY
173542.734375,1587.77392578125,579.8369140625,392.05523681640625,1.4677833318710327,0.7272399067878723,180780.375,473.30450439453125,0.8270705938339233,0.989717960357666,0.8854625225067139,0.8206222057342529,0.0032630690839141607,0.0009233123273588717,0.6743623614311218,0.9922249913215637,BOMBAY
166353.09375,1601.1097412109375,608.2954711914062,349.9275207519531,1.7317982912063599,0.8237161040306091,159101.796875,473.1449890136719,0.8646857142448425,0.9800891280174255,0.8248518109321594,0.7506048679351807,0.0035402607172727585,0.0007287865737453103,0.5619997978210449,0.9827924966812134,BOMBAY
212188.25,1748.56787109375,663.44970703125,424.3658142089844,1.5649436712265015,0.7697439193725586,220295.890625,526.0311279296875,0.6993253231048584,0.9829037189483643,0.8456212878227234,0.7988017797470093,0.0030545976478606462,0.0007878587930463254,0.6432770490646362,0.9916335344314575,BOMBAY
147261.28125,1445.5667724609375,530.7171630859375,351.72802734375,1.5309303998947144,0.75435471534729,145371.203125,439.5567932128906,0.779785692691803,0.987066924571991,0.8723210096359253,0.8076711297035217,0.0036620814353227615,0.0009451641235500574,0.6507290005683899,0.9934503436088562,BOMBAY
200444.984375,1701.404296875,639.7158813476562,399.4212646484375,1.5694763660430908,0.768110990524292,201650.96875,503.5886535644531,0.7698432207107544,0.9866101145744324,0.8627943992614746,0.7986451983451843,0.003199184313416481,0.0007901829085312784,0.639093279838562,0.9937939047813416,BOMBAY
181885.90625,1631.8507080078125,624.5530395507812,373.4269104003906,1.644085168838501,0.794876217842102,186149.65625,481.04669189453125,0.7921899557113647,0.9921143054962158,0.8478109836578369,0.778023362159729,0.003432507161051035,0.0007642522105015814,0.5986260175704956,0.9954927563667297,BOMBAY
174305.5625,1561.69384765625,564.3572998046875,394.607666015625,1.4556376934051514,0.7283459305763245,179447.640625,475.81573486328125,0.808344304561615,0.9924637675285339,0.9069782495498657,0.8265924453735352,0.003249718341976404,0.0009289198787882924,0.6840574741363525,0.9966396689414978,BOMBAY
143917.265625,1297.7032470703125,459.9209289550781,354.1323547363281,1.4942481517791748,0.7331696152687073,151559.296875,357.66937255859375,0.8236966729164124,0.9875895977020264,0.881289005279541,0.8196964263916016,0.0035841960925608873,0.0010165246203541756,0.667030394077301,0.9921036958694458,BOMBAY
141004.96875,1275.96875,454.20501708984375,360.41204833984375,1.4256185293197632,0.7055540084838867,107453.1953125,348.7138366699219,0.790368378162384,0.9923609495162964,0.9153456091880798,0.8338105082511902,0.003602616023272276,0.0010830515529960394,0.6933894753456116,0.9986696243286133,BOMBAY
207039.71875,1752.4688720703125,667.996826171875,402.8119812011719,1.6485108137130737,0.793981671333313,209997.625,512.85791015625,0.7245292663574219,0.9891065359115601,0.8456435203552246,0.7714515924453735,0.0031801490113139153,0.0007058493210934103,0.5995323061943054,0.9926535487174988,BOMBAY
175327.6875,1584.75927734375,596.642822265625,373.311279296875,1.6086552143096924,0.7815929651260376,179663.984375,469.1985168457031,0.7988350987434387,0.9874890446662903,0.8806562423706055,0.7862690091133118,0.0034351672511547804,0.0008152949740178883,0.6187190413475037,0.9943137764930725,BOMBAY
215266.78125,1753.5167236328125,668.7782592773438,407.52691650390625,1.615382432937622,0.7858737707138062,221912.515625,517.5667114257812,0.81302410364151,0.9862287044525146,0.8477029800415039,0.7874257564544678,0.0031528715044260025,0.00072108069434762,0.6188510060310364,0.9918026924133301,BOMBAY
162773.171875,1545.8740234375,584.980224609375,351.18353271484375,1.6528453826904297,0.7957937717437744,162132.46875,458.1485290527344,0.802380383014679,0.985899806022644,0.8564504981040955,0.7778207063674927,0.003568176878616214,0.0008274958236142993,0.606617271900177,0.9931743144989014,BOMBAY
205698.328125,1703.48046875,638.6375122070312,412.0304870605469,1.5341233015060425,0.7603558301925659,207909.734375,510.8615417480469,0.786551296710968,0.9903926849365234,0.8913111090660095,0.8065321445465088,0.003066311590373516,0.0008097145473584533,0.651650607585907,0.9958852529525757,BOMBAY
187518.40625,1638.5303955078125,589.1376953125,412.3183288574219,1.4618464708328247,0.7213366627693176,192865.125,494.2076110839844,0.7905882000923157,0.9916681051254272,0.9062600135803223,0.8274195790290833,0.0031354145612567663,0.0009283173130825162,0.6804122924804688,0.9956352114677429,BOMBAY
159372.984375,1539.18017578125,580.61669921875,353.97796630859375,1.6328977346420288,0.7899343371391296,162843.234375,453.58587646484375,0.794716477394104,0.9897878766059875,0.861936092376709,0.7832463979721069,0.003611015621572733,0.0008330387645401061,0.6083260774612427,0.9954438805580139,BOMBAY
168267.984375,1604.457275390625,612.5101928710938,363.3578796386719,1.6766695976257324,0.7980441451072693,174095.53125,465.5411682128906,0.7150081992149353,0.9805230498313904,0.8305566310882568,0.7719956040382385,0.0035055563785135746,0.0007607445004396141,0.5949194431304932,0.9925618767738342,BOMBAY
89555.03125,1164.184814453125,446.49615478515625,301.7744140625,1.2878644466400146,0.6118168234825134,87625.84375,327.9441223144531,0.811924934387207,0.9925583004951477,0.9135276079177856,0.8850704431533813,0.003694708924740553,0.0016482241917401552,0.7708013653755188,0.9980478286743164,BOMBAY
161019.484375,1538.6710205078125,565.7120971679688,371.2807922363281,1.5324702262878418,0.7601497769355774,162345.703125,455.29095458984375,0.784045398235321,0.9838935136795044,0.869418203830719,0.8044255971908569,0.0034777140244841576,0.0008968844194896519,0.6458790898323059,0.9896965026855469,BOMBAY
180625.34375,1662.2799072265625,642.77490234375,366.8108825683594,1.7547706365585327,0.8195053339004517,186563.5625,478.2464904785156,0.7845280766487122,0.9741960167884827,0.8016159534454346,0.7454399466514587,0.003550248919054866,0.0006876902189105749,0.5589346289634705,0.982567310333252,BOMBAY
172813.203125,1570.8653564453125,577.2305297851562,391.72576904296875,1.4458246231079102,0.7186709642410278,175780.46875,475.86370849609375,0.7875069379806519,0.9906799793243408,0.8972228169441223,0.8317461013793945,0.0032594704534858465,0.0009558316669426858,0.6881495118141174,0.9938909411430359,BOMBAY
168344.53125,1585.9288330078125,619.1133422851562,353.0764465332031,1.7313729524612427,0.8170275092124939,171097.015625,470.4046630859375,0.8266528844833374,0.9862521886825562,0.8506740927696228,0.7613859176635742,0.0035973943304270506,0.0007317301933653653,0.5737267732620239,0.9900369644165039,BOMBAY
176561.953125,1625.0341796875,608.9788818359375,375.77410888671875,1.6113873720169067,0.7836039662361145,183889.3125,477.79071044921875,0.7576259970664978,0.9761081337928772,0.8494037389755249,0.7806575298309326,0.003460898296907544,0.0007859729812480509,0.6126382350921631,0.9791553616523743,BOMBAY
184854.0625,1607.86669921875,584.2808227539062,403.89324951171875,1.432645320892334,0.7153761386871338,187827.78125,484.9084777832031,0.801053524017334,0.9896745085716248,0.9097540974617004,0.833819568157196,0.0031405093614012003,0.0009502131724730134,0.6924651265144348,0.9967198371887207,BOMBAY
214308.671875,1751.95947265625,668.9779052734375,405.8507385253906,1.6394246816635132,0.7925562262535095,218403.046875,521.8099975585938,0.7681036591529846,0.9785720109939575,0.8506503701210022,0.7762292623519897,0.0031369340140372515,0.000698764284607023,0.6014927625656128,0.9890416264533997,BOMBAY
159472.6875,1523.67431640625,547.2919311523438,374.23944091796875,1.4733047485351562,0.7358258962631226,161226.25,444.2588806152344,0.8323642015457153,0.9882144331932068,0.8695696592330933,0.8224985599517822,0.003456701524555683,0.0009720171219669282,0.6721711754798889,0.9933260083198547,BOMBAY
156857.875,1558.723876953125,601.3925170898438,327.7122802734375,1.7556549310684204,0.8193786144256592,166606.265625,450.475341796875,0.7305614948272705,0.9746993184089661,0.8236833810806274,0.7465813755989075,0.004717291332781315,0.0007097864290699363,0.5504192113876343,0.9779710173606873,BOMBAY
171940.0,1571.65380859375,552.49658203125,405.7308349609375,1.2888085842132568,0.6281476020812988,180866.265625,477.03436279296875,0.779076337814331,0.9891317486763,0.9093366861343384,0.8833851218223572,0.0031543956138193607,0.0011023794068023562,0.7675302624702454,0.9926174283027649,BOMBAY
193401.171875,1679.6488037109375,642.7197265625,382.9892883300781,1.641829490661621,0.7932964563369751,195161.59375,494.60302734375,0.7271283268928528,0.9851679801940918,0.8466283082962036,0.7797299027442932,0.0033184171188622713,0.0007466835086233914,0.6098767518997192,0.9910851120948792,BOMBAY
157354.734375,1449.4735107421875,570.3323364257812,349.0693359375,1.5780967473983765,0.7720784544944763,159775.859375,448.70849609375,0.79974365234375,0.9911664724349976,0.891345202922821,0.7947367429733276,0.003631953615695238,0.0009145222720690072,0.6285261511802673,0.9953792095184326,BOMBAY
175615.5,1604.1016845703125,626.9278564453125,357.43353271484375,1.733586311340332,0.8197569847106934,177463.65625,474.1437683105469,0.7687021493911743,0.9888454079627991,0.8468288779258728,0.7538660764694214,0.003559984965249896,0.0006983935600146651,0.5669793486595154,0.9936622381210327,BOMBAY
176708.125,1596.5211181640625,587.7245483398438,381.0989074707031,1.5737537145614624,0.7723233103752136,180631.09375,474.59149169921875,0.8079844117164612,0.9906553030014038,0.8796327114105225,0.7942585945129395,0.003369791666045785,0.0008442981634289026,0.631579577922821,0.9936156868934631,BOMBAY
165904.9375,1560.48486328125,591.2861938476562,353.66864013671875,1.6722986698150635,0.8001572489738464,169059.71875,456.56689453125,0.7472617626190186,0.9908162951469421,0.8619779348373413,0.7688298225402832,0.0036244404036551714,0.0008031930192373693,0.5978870987892151,0.9924293160438538,BOMBAY
171122.609375,1588.093017578125,624.9055786132812,354.7799072265625,1.7051970958709717,0.8114562630653381,176771.703125,467.4209289550781,0.7307974100112915,0.9854552149772644,0.8411221504211426,0.7604621052742004,0.003533443436026573,0.0007227514288388193,0.5801416635513306,0.9925457835197449,BOMBAY
154403.265625,1488.9776611328125,571.36572265625,367.35205078125,1.517283320426941,0.7482540607452393,162326.90625,439.011962890625,0.7261443734169006,0.9925310611724854,0.8941358327865601,0.8070307374000549,0.003469139104709029,0.0009376563830301166,0.657225489616394,0.9977133274078369,BOMBAY
166452.640625,1572.2431640625,591.3917236328125,361.6764221191406,1.673986792564392,0.8012349009513855,172297.6875,463.1959228515625,0.7855750918388367,0.9833930134773254,0.8508204221725464,0.7698474526405334,0.003531398018822074,0.0007702356670051813,0.5909025073051453,0.9909574389457703,BOMBAY
111770.03125,1307.5352783203125,466.21026611328125,359.04119873046875,1.4378845691680908,0.7120446562767029,106466.84375,355.09027099609375,0.7912805676460266,0.9924118518829346,0.8940331339836121,0.8351922035217285,0.0036408144515007734,0.001069642254151404,0.6961818337440491,0.9962778687477112,BOMBAY
160311.640625,1524.1605224609375,575.3272094726562,368.642333984375,1.5407752990722656,0.760302722454071,168396.703125,456.0347900390625,0.7623311877250671,0.9897231459617615,0.878989577293396,0.8018761277198792,0.00348450755700469,0.0009021380101330578,0.6452731490135193,0.9933041930198669,BOMBAY
156264.75,1481.8424072265625,532.43408203125,382.6616516113281,1.3979532718658447,0.6981238722801208,153143.484375,439.9966735839844,0.8068800568580627,0.9922270178794861,0.9086904525756836,0.8473470211029053,0.003337499685585499,0.0010284042218700051,0.7141956090927124,0.996506929397583,BOMBAY
156314.84375,1565.3260498046875,560.9004516601562,363.9817199707031,1.5598652362823486,0.7634055018424988,161946.46875,448.81292724609375,0.7163846492767334,0.9784731268882751,0.8113746047019958,0.7973049879074097,0.0036161665339022875,0.000862684624735266,0.6343275308609009,0.9867401719093323,BOMBAY
167262.109375,1556.5311279296875,580.6000366210938,366.9942932128906,1.5890650749206543,0.777300238609314,171117.890625,460.8753356933594,0.7994488477706909,0.9877803921699524,0.8724115490913391,0.7907412052154541,0.0034828470088541508,0.0008506834274157882,0.6243233680725098,0.9948709011077881,BOMBAY
179749.46875,1587.971923828125,581.8090209960938,391.9508056640625,1.479933500289917,0.738584578037262,182048.71875,479.96405029296875,0.8089734315872192,0.9932736158370972,0.9037481546401978,0.8210893273353577,0.0032635731622576714,0.0009245913824997842,0.6741527318954468,0.9973466396331787,BOMBAY
158008.609375,1499.1964111328125,574.7034912109375,346.1024169921875,1.6172677278518677,0.7840137481689453,159917.015625,441.0448303222656,0.778294026851654,0.989145815372467,0.864418089389801,0.7860053777694702,0.0037108403630554676,0.0008841280359774828,0.6182422041893005,0.9963260293006897,BOMBAY
216834.921875,1756.288818359375,661.7450561523438,439.4129943847656,1.5380393266677856,0.7588996291160583,220188.578125,526.6621704101562,0.7914519309997559,0.989891767501831,0.8782672882080078,0.8045604825019836,0.002947370521724224,0.0007828412926755846,0.6508020162582397,0.9924100637435913,BOMBAY
178977.15625,1618.2852783203125,574.9360961914062,395.1783142089844,1.4445863962173462,0.7225524187088013,180295.421875,479.6602783203125,0.741856575012207,0.9873340129852295,0.8592279553413391,0.8275255560874939,0.003247125307098031,0.0009379013208672404,0.6831661462783813,0.9944276809692383,BOMBAY
212446.34375,1837.90966796875,717.0267333984375,394.3836669921875,1.8121647834777832,0.8357282876968384,221668.328125,529.3656005859375,0.7611756324768066,0.9727623462677002,0.7952874898910522,0.7324497699737549,0.003311171429231763,0.0005788906710222363,0.5234056115150452,0.9787978529930115,BOMBAY
178825.375,1603.9644775390625,620.9927978515625,373.7757568359375,1.6458255052566528,0.7941204905509949,183840.84375,474.519287109375,0.8292949199676514,0.9925916194915771,0.8666813373565674,0.773216187953949,0.003400819143280387,0.00077289086766541,0.5962708592414856,0.9956986904144287,BOMBAY
160778.921875,1510.2425537109375,553.4166870117188,366.8307189941406,1.5117825269699097,0.7515096664428711,158888.0,448.3320617675781,0.8003593683242798,0.9908483028411865,0.864977240562439,0.8103126883506775,0.003511290531605482,0.0009393025538884103,0.6572325825691223,0.9953538179397583,BOMBAY
177651.46875,1613.2054443359375,621.1224365234375,359.7256164550781,1.736365795135498,0.8165688514709473,176907.71875,473.00848388671875,0.7471232414245605,0.9885850548744202,0.8575055599212646,0.757686972618103,0.003567191306501627,0.0007225557346828282,0.5769282579421997,0.9922423362731934,BOMBAY
178658.859375,1597.1690673828125,587.4718017578125,385.2058410644531,1.5296368598937988,0.7570649981498718,181755.015625,476.265625,0.7431649565696716,0.9873156547546387,0.8889415264129639,0.8070545792579651,0.0033277778420597315,0.0008666636422276497,0.6521177291870117,0.9964216351509094,BOMBAY
197028.78125,1721.9613037109375,656.1077270507812,379.6147766113281,1.726741909980774,0.8186159133911133,200035.3125,500.0159912109375,0.8073118329048157,0.9865567684173584,0.8357691764831543,0.7546606063842773,0.003397219115868211,0.0006867317715659738,0.5703030228614807,0.9864869713783264,BOMBAY
185786.0,1651.2799072265625,636.9930419921875,376.2113952636719,1.701542854309082,0.810640811920166,188306.109375,486.2078552246094,0.8105819821357727,0.9903773069381714,0.8652515411376953,0.7657073736190796,0.003400669200345874,0.0007057107286527753,0.5855129957199097,0.9958198666572571,BOMBAY
195485.703125,1665.0548095703125,634.5076904296875,391.6487121582031,1.6237038373947144,0.7895923256874084,197852.40625,499.2335205078125,0.7988903522491455,0.9875982999801636,0.8748305439949036,0.7829774618148804,0.0032814950682222843,0.0007503867382183671,0.611467719078064,0.9932861328125,BOMBAY
177624.484375,1592.2642822265625,591.0344848632812,381.7105407714844,1.5413925647735596,0.7639319896697998,177781.375,476.59246826171875,0.7661862969398499,0.9922933578491211,0.8908666372299194,0.8028302788734436,0.0033480774145573378,0.0008608328644186258,0.6461582183837891,0.9950473308563232,BOMBAY
166794.046875,1563.8829345703125,572.4685668945312,380.0652160644531,1.512934684753418,0.7504096627235413,169932.84375,462.6741943359375,0.7817046046257019,0.988765299320221,0.8637000918388367,0.8129816055297852,0.0033512369263917208,0.000916548422537744,0.655549943447113,0.9977490901947021,BOMBAY
146954.859375,1412.0377197265625,536.0355224609375,337.37939453125,1.5952821969985962,0.7858781218528748,125091.890625,361.7701416015625,0.7745553255081177,0.9810660481452942,0.8589679002761841,0.7893441319465637,0.004601373337209225,0.0009038998396135867,0.6116364002227783,0.9882970452308655,BOMBAY
163023.671875,1536.0469970703125,577.15966796875,355.9818420410156,1.6284358501434326,0.7901597023010254,160524.109375,453.01019287109375,0.7497861385345459,0.9881789684295654,0.8484550714492798,0.7825877070426941,0.0035833707079291344,0.00081878702621907,0.6079512238502502,0.991228461265564,BOMBAY
162821.171875,1530.086669921875,570.0414428710938,363.1484680175781,1.6171748638153076,0.7858291268348694,161939.71875,445.89288330078125,0.7156926989555359,0.9845028519630432,0.8547617793083191,0.7877040505409241,0.00356621528044343,0.0008556084358133376,0.6126145124435425,0.990403950214386,BOMBAY
202944.703125,1727.6282958984375,661.3626098632812,390.7534484863281,1.6922568082809448,0.8097487688064575,205761.28125,507.1594543457031,0.7988142371177673,0.989129900932312,0.847178041934967,0.7674974799156189,0.0032705110497772694,0.0006915546837262809,0.5841145515441895,0.9913448095321655,BOMBAY
157630.171875,1501.3292236328125,564.967529296875,351.0480651855469,1.6286406517028809,0.7873108983039856,152814.3125,444.3162536621094,0.8007290959358215,0.9894810914993286,0.8634902834892273,0.7808500528335571,0.003745319554582238,0.0008578512351959944,0.6114751696586609,0.9949768781661987,BOMBAY
177569.84375,1566.277587890625,564.9806518554688,403.4686279296875,1.3665965795516968,0.676581859588623,177916.71875,478.30926513671875,0.7623378038406372,0.9913857579231262,0.9040446281433105,0.8585265874862671,0.003187006339430809,0.0010224513243883848,0.7213947176933289,0.9955306053161621,BOMBAY
182851.71875,1638.5537109375,618.279296875,379.62237548828125,1.6287281513214111,0.7845566272735596,186640.65625,483.40704345703125,0.7985312342643738,0.9840242862701416,0.8484964966773987,0.783024251461029,0.003371046157553792,0.000796220381744206,0.6115710735321045,0.989854633808136,BOMBAY
207833.75,1758.4156494140625,655.0736083984375,423.5320129394531,1.6097750663757324,0.7837448120117188,209003.703125,514.9547729492188,0.7454349994659424,0.988551676273346,0.8629054427146912,0.7847287058830261,0.003105383599177003,0.0007159218657761812,0.61641526222229,0.9923968315124512,BOMBAY
180725.171875,1646.3189697265625,642.8035888671875,352.0921630859375,1.817008376121521,0.8347073197364807,184097.203125,476.5126647949219,0.7334727644920349,0.9832990765571594,0.8236090540885925,0.7390900254249573,0.003674967447295785,0.0006772199994884431,0.5349612832069397,0.9866502285003662,BOMBAY
190856.875,1719.8758544921875,700.6435546875,343.95355224609375,1.9999727010726929,0.8602603673934937,196355.78125,491.9787902832031,0.7855677008628845,0.9823672771453857,0.8094716668128967,0.7010880708694458,0.0037008340004831553,0.0005961498827673495,0.49638208746910095,0.9849799275398254,BOMBAY
195244.953125,1693.50439453125,642.4041748046875,394.8498840332031,1.6168267726898193,0.783974289894104,199880.265625,500.0213623046875,0.6982239484786987,0.9763762354850769,0.8501817584037781,0.7813778519630432,0.003278648015111685,0.0007602572441101074,0.6113923788070679,0.9837473630905151,BOMBAY
198028.890625,1683.5460205078125,634.1312866210938,398.7877502441406,1.556532859802246,0.7701215147972107,202102.375,498.4639587402344,0.7613122463226318,0.9803990721702576,0.8704462647438049,0.7959734797477722,0.0032428184058517218,0.0007832638220861554,0.6344016790390015,0.9870443940162659,BOMBAY
179236.1875,1627.1441650390625,627.3314208984375,365.6915588378906,1.7243961095809937,0.8143306970596313,182291.328125,476.11492919921875,0.8059138059616089,0.9850603342056274,0.8475601673126221,0.7586051225662231,0.003541291458532214,0.0007306048064492643,0.5766830444335938,0.9896350502967834,BOMBAY
173261.6875,1617.90576171875,599.7940673828125,371.8915100097656,1.631405234336853,0.7881559133529663,177639.484375,470.9604797363281,0.8003175854682922,0.9820200800895691,0.8239242434501648,0.7797263264656067,0.0034581844229251146,0.0007836427539587021,0.6087586879730225,0.9887423515319824,BOMBAY
159018.59375,1536.6162109375,552.647216796875,366.7107849121094,1.5134403705596924,0.7516806125640869,162778.3125,449.00250244140625,0.7807721495628357,0.9850167036056519,0.8697637319564819,0.812645673751831,0.003477482357993722,0.0009297402575612068,0.6575791835784912,0.9939541816711426,BOMBAY
179827.953125,1619.5328369140625,585.3701782226562,390.47900390625,1.5196361541748047,0.7534245252609253,182821.375,476.6899108886719,0.754657506942749,0.9877124428749084,0.8698667287826538,0.8085588216781616,0.0032820941414684057,0.0008716221782378852,0.6532802581787109,0.9945781230926514,BOMBAY
162370.640625,1528.0535888671875,578.636962890625,363.4129333496094,1.568865180015564,0.7728283405303955,166146.0625,456.6484680175781,0.7724641561508179,0.989281952381134,0.8793379664421082,0.7937305569648743,0.0035162747371941805,0.0008654262637719512,0.6285521984100342,0.9916305541992188,BOMBAY
188915.53125,1708.7584228515625,685.6953125,346.5956726074219,2.000600814819336,0.866991400718689,190590.421875,503.6090393066406,0.8654017448425293,0.9900996088981628,0.8122524619102478,0.7014437913894653,0.003502976382151246,0.0005831432645209134,0.5192323327064514,0.9915857911109924,BOMBAY
155429.8125,1570.051513671875,582.96142578125,353.2210388183594,1.6910655498504639,0.8014928102493286,158387.953125,448.40142822265625,0.8069285750389099,0.9706611037254333,0.8373026251792908,0.7680363655090332,0.004342107102274895,0.0008136492106132209,0.5794661641120911,0.9737440943717957,BOMBAY
149513.359375,1449.472412109375,540.9224853515625,312.4402770996094,1.564234972000122,0.76590895652771,145734.296875,362.0959167480469,0.8122748732566833,0.9885765910148621,0.8737005591392517,0.8000931143760681,0.0037107199896126986,0.0009393338114023209,0.638524055480957,0.993374764919281,BOMBAY
190698.53125,1659.433837890625,632.1616821289062,388.757568359375,1.6457815170288086,0.792805552482605,192536.625,488.9664001464844,0.7957074046134949,0.9865598082542419,0.8640099763870239,0.7774966955184937,0.0033342947717756033,0.0007507591508328915,0.6047366857528687,0.9925140738487244,BOMBAY
176164.53125,1597.445556640625,618.4526977539062,367.8940124511719,1.6725338697433472,0.801253080368042,178444.125,472.9893493652344,0.800818920135498,0.9913825988769531,0.8682069182395935,0.7701743841171265,0.003517615143209696,0.0007433487335219979,0.5914228558540344,0.9908005595207214,BOMBAY
158201.375,1496.797119140625,551.2395629882812,368.9053649902344,1.4866561889648438,0.7412998080253601,164731.765625,458.6800231933594,0.8202680349349976,0.9912441372871399,0.900124192237854,0.8197720646858215,0.0034516011364758015,0.000985916587524116,0.6695451140403748,0.9956309199333191,BOMBAY
166565.28125,1576.61962890625,606.654296875,363.7279968261719,1.6705360412597656,0.801301896572113,168561.0,460.2054443359375,0.8074338436126709,0.9837244749069214,0.8453470468521118,0.770799458026886,0.0035308715887367725,0.0007783631444908679,0.5954930782318115,0.9868319630622864,BOMBAY
150229.875,1503.6651611328125,556.6267700195312,356.0126037597656,1.525047779083252,0.7508987188339233,151710.203125,435.52508544921875,0.7547521591186523,0.9905720949172974,0.8697012662887573,0.8061602711677551,0.003615966998040676,0.0009354676003567874,0.6516962647438049,0.9911752343177795,BOMBAY
186548.65625,1649.8543701171875,600.1071166992188,408.774169921875,1.5010143518447876,0.7397949695587158,189283.484375,485.9853210449219,0.6894292831420898,0.9829753041267395,0.8850598335266113,0.8138313293457031,0.00315531506203115,0.0008716544252820313,0.65971839427948,0.9885402917861938,BOMBAY
159264.25,1542.2801513671875,570.4561157226562,364.5920715332031,1.5986701250076294,0.7777397632598877,155294.984375,448.1872863769531,0.7016523480415344,0.9867096543312073,0.8490235209465027,0.7890877723693848,0.0035111329052597284,0.0008500919211655855,0.6273206472396851,0.9937491416931152,BOMBAY
141683.65625,1423.7578125,522.9841918945312,360.4305114746094,1.4763400554656982,0.7375168204307556,121379.2109375,423.0565490722656,0.7473242878913879,0.9924706220626831,0.8950830698013306,0.8194825649261475,0.0035852943547070026,0.000989055959507823,0.6729716062545776,0.997290313243866,BOMBAY
179754.0,1579.4208984375,579.9878540039062,372.8726501464844,1.5616264343261719,0.7588645815849304,175970.953125,476.9847717285156,0.8650435209274292,0.9901492595672607,0.8767304420471191,0.8009098768234253,0.003404008224606514,0.0008352851145900786,0.6411168575286865,0.989712119102478,BOMBAY
173222.625,1569.1142578125,572.186279296875,382.0495910644531,1.5246858596801758,0.7545391321182251,174853.0625,470.99041748046875,0.7926778197288513,0.9901375770568848,0.8817794322967529,0.8075339794158936,0.0033617252483963966,0.0009031153749674559,0.6531561613082886,0.9929060935974121,BOMBAY
163991.171875,1557.2181396484375,579.1329956054688,357.3111572265625,1.6506993770599365,0.7947098016738892,166664.71875,453.3312072753906,0.7778174877166748,0.9860309958457947,0.8468269109725952,0.7762966156005859,0.003592988010495901,0.0008229417726397514,0.6052879095077515,0.9920076131820679,BOMBAY
173035.921875,1593.664794921875,587.1843872070312,369.60772705078125,1.6161845922470093,0.7845089435577393,173841.671875,469.6260681152344,0.7355375289916992,0.9901219010353088,0.856903076171875,0.7841019630432129,0.0034783626906573772,0.0008111203205771744,0.6196901798248291,0.994632363319397,BOMBAY
167981.296875,1534.22509765625,560.373046875,379.8580017089844,1.4668039083480835,0.7248197197914124,172123.09375,460.2760314941406,0.8115603923797607,0.985867977142334,0.8884657025337219,0.8259561061859131,0.003387046977877617,0.0009875124087557197,0.6807141304016113,0.9935042262077332,BOMBAY
250186.59375,1973.676513671875,733.23095703125,458.3804016113281,1.5807688236236572,0.7678311467170715,260613.328125,568.95654296875,0.8204253911972046,0.9853226542472839,0.8683983683586121,0.7950772047042847,0.002787685254588723,0.0007051316788420081,0.628275454044342,0.9891447424888611,BOMBAY
206311.859375,1745.992919921875,670.454345703125,392.2325134277344,1.7248226404190063,0.818673849105835,207306.25,510.45758056640625,0.801092803478241,0.9849202036857605,0.8285355567932129,0.7578930258750916,0.0032525232527405024,0.0006498232833109796,0.5733852386474609,0.9921066164970398,BOMBAY
184250.140625,1630.5731201171875,603.9832763671875,391.961181640625,1.534199595451355,0.7591840028762817,187292.296875,485.0130920410156,0.8170782923698425,0.9916680455207825,0.8799325227737427,0.8030372262001038,0.003272492904216051,0.0008449980523437262,0.6450595855712891,0.9943263530731201,BOMBAY
178115.140625,1609.8643798828125,588.8008422851562,386.552001953125,1.5466792583465576,0.760220468044281,180734.453125,477.94683837890625,0.8023830652236938,0.9847313165664673,0.8791494369506836,0.8000685572624207,0.003336740890517831,0.0008477522642351687,0.6384080648422241,0.9877201914787292,BOMBAY
163425.1875,1557.298095703125,576.6532592773438,364.8968811035156,1.5829863548278809,0.7754290699958801,165991.5625,462.0618896484375,0.7383880615234375,0.9924311637878418,0.8777343034744263,0.7934789657592773,0.003484211629256606,0.0008502212003804743,0.6281871795654297,0.9977579116821289,BOMBAY
186314.203125,1677.466796875,649.3575439453125,367.974365234375,1.7760684490203857,0.8227534294128418,188641.953125,483.3528137207031,0.8097334504127502,0.9852983951568604,0.8168518543243408,0.7446115016937256,0.003539370372891426,0.0006808442412875593,0.5559752583503723,0.9842316508293152,BOMBAY
171475.640625,1579.87158203125,580.3002319335938,379.7678527832031,1.5445061922073364,0.7634474039077759,174370.046875,471.44561767578125,0.8170695304870605,0.9894149303436279,0.8824471235275269,0.8001009821891785,0.003376051550731063,0.0008648574003018439,0.641828179359436,0.9924140572547913,BOMBAY
168241.90625,1588.763916015625,606.5145263671875,363.9788818359375,1.6316473484039307,0.7937330603599548,168892.5,462.72607421875,0.7726749777793884,0.9895819425582886,0.8471468687057495,0.7797464728355408,0.0035456938203424215,0.000799152534455061,0.608045756816864,0.9892132878303528,BOMBAY
204873.3125,1741.1092529296875,668.15283203125,394.72900390625,1.6855217218399048,0.806034505367279,210783.265625,509.8080139160156,0.6901581883430481,0.9764491319656372,0.809287965297699,0.7607533931732178,0.0032435848843306303,0.0006889114738442004,0.5894690155982971,0.9858924150466919,BOMBAY
160576.140625,1563.2947998046875,580.5282592773438,350.6189270019531,1.7295854091644287,0.8124249577522278,159845.484375,455.37115478515625,0.8273946642875671,0.9837064146995544,0.83173006772995,0.7647088170051575,0.0036069778725504875,0.0007717389962635934,0.5762579441070557,0.9895246028900146,BOMBAY
151286.203125,1474.1285400390625,543.347900390625,366.52130126953125,1.5112245082855225,0.7479697465896606,151600.359375,431.5347595214844,0.8086972236633301,0.9930242300033569,0.8970528841018677,0.8143209218978882,0.0034855701960623264,0.0009570991387590766,0.6612564921379089,0.9958889484405518,BOMBAY
182791.765625,1644.8408203125,635.2940063476562,369.42022705078125,1.6966673135757446,0.8085333108901978,187193.125,481.4086608886719,0.7132720351219177,0.9908736348152161,0.8509360551834106,0.7627578973770142,0.003447454422712326,0.0007154175546020269,0.5933737754821777,0.992222011089325,BOMBAY
195161.734375,1694.4544677734375,652.7457885742188,376.6502685546875,1.709877610206604,0.8124995827674866,195491.875,497.0809020996094,0.8008293509483337,0.9876963496208191,0.8537261486053467,0.759875476360321,0.003418245352804661,0.0006948301452212036,0.5775260329246521,0.9894804954528809,BOMBAY
188429.578125,1648.390869140625,598.4769287109375,405.1601867675781,1.4869351387023926,0.7405978441238403,189735.21875,489.0167236328125,0.8005184531211853,0.9902011156082153,0.8803919553756714,0.8143123984336853,0.0031707710586488247,0.0008807238191366196,0.6631278395652771,0.9920555353164673,BOMBAY
147624.375,1482.6094970703125,542.9608764648438,351.06292724609375,1.5709017515182495,0.7726125121116638,155890.21875,435.9357604980469,0.7771328687667847,0.991082489490509,0.8604683876037598,0.793785572052002,0.0036395688075572252,0.0008901009568944573,0.6310247182846069,0.993193507194519,BOMBAY
182970.671875,1635.7125244140625,615.965576171875,380.43768310546875,1.6203944683074951,0.7843421101570129,184249.75,481.97869873046875,0.7135235667228699,0.9861207008361816,0.8698751330375671,0.7863196730613708,0.0033664125949144363,0.0007841956103220582,0.6149603128433228,0.9936046600341797,BOMBAY
180787.84375,1618.999267578125,592.1488647460938,384.8339538574219,1.5653735399246216,0.7698700428009033,183707.0625,479.5986022949219,0.7954406142234802,0.9885478019714355,0.8731182217597961,0.7971152663230896,0.0033367283176630735,0.0008346022805199027,0.6336674690246582,0.9938976764678955,BOMBAY
187543.09375,1637.5009765625,587.5021362304688,414.06024169921875,1.423108458518982,0.7144103050231934,190666.1875,491.79620361328125,0.7820591926574707,0.9851878881454468,0.9139434099197388,0.8336557149887085,0.003065952565521002,0.0009347482118755579,0.6935389041900635,0.9907046556472778,BOMBAY
152313.359375,1409.840087890625,516.689453125,373.1075439453125,1.3874160051345825,0.6830137968063354,158562.046875,438.8807678222656,0.8011667132377625,0.9918579459190369,0.9237978458404541,0.853854775428772,0.0033828585874289274,0.0011287650559097528,0.733656108379364,0.9974608421325684,BOMBAY
102774.6328125,1345.8934326171875,466.3428649902344,272.0561828613281,1.52511727809906,0.7567449808120728,95639.59375,347.1243896484375,0.7833596467971802,0.9891602993011475,0.8487462401390076,0.8018823266029358,0.004658957477658987,0.0009770127944648266,0.6436377167701721,0.9926555752754211,BOMBAY
173403.0625,1584.35693359375,592.4282836914062,372.7367858886719,1.611091136932373,0.7834483981132507,177794.125,469.9561462402344,0.7994468212127686,0.985094428062439,0.8753728866577148,0.7851778268814087,0.00345786614343524,0.0008031480829231441,0.6135585308074951,0.9896316528320312,BOMBAY
195180.234375,1664.9871826171875,621.1283569335938,396.975830078125,1.5800583362579346,0.7694115042686462,196868.828125,495.2720947265625,0.8001967072486877,0.9848535060882568,0.8809051513671875,0.7906668186187744,0.003239567158743739,0.0007808683440089226,0.6290403008460999,0.9871169328689575,BOMBAY
166523.0,1545.0433349609375,580.7852172851562,367.6637878417969,1.5571943521499634,0.7640146613121033,169735.703125,460.4194641113281,0.8048387169837952,0.9908494353294373,0.8933984637260437,0.7998838424682617,0.003465773304924369,0.0008822781383059919,0.6402298808097839,0.9944024682044983,BOMBAY
133163.125,1230.8743896484375,561.6680908203125,254.4404296875,1.7059895992279053,0.8134244680404663,121005.6015625,358.9320068359375,0.7926390171051025,0.9837357401847839,0.8732963800430298,0.7614240646362305,0.004694815259426832,0.0008580431458540261,0.5747145414352417,0.9927680492401123,BOMBAY
165374.6875,1535.3525390625,551.9620971679688,392.41534423828125,1.3400907516479492,0.6822377443313599,160145.234375,454.7333679199219,0.8048914074897766,0.986656665802002,0.872310221195221,0.8557711243629456,0.0032693741377443075,0.0010619836393743753,0.7224425077438354,0.9897968769073486,BOMBAY
141193.765625,1487.465087890625,538.654541015625,368.7494201660156,1.4568636417388916,0.7219536304473877,153546.125,428.7394104003906,0.8157068490982056,0.9846289157867432,0.8619681596755981,0.8245273232460022,0.003475568722933531,0.0009869412751868367,0.6788167953491211,0.9916706085205078,BOMBAY
196532.21875,1668.3201904296875,620.4570922851562,399.2354431152344,1.5526601076126099,0.7647292017936707,200185.046875,494.9447937011719,0.7767961025238037,0.9822491407394409,0.8761958479881287,0.7980672717094421,0.0032216382678598166,0.0008176495903171599,0.6370898485183716,0.9890908598899841,BOMBAY
224672.484375,1779.7274169921875,664.542724609375,420.4102783203125,1.5933014154434204,0.777620255947113,217630.515625,529.5404052734375,0.7826769948005676,0.988813042640686,0.860068678855896,0.7897565364837646,0.0030239273328334093,0.0007299360004253685,0.6270291209220886,0.9905701875686646,BOMBAY
193986.84375,1665.9810791015625,628.6695556640625,389.6044921875,1.647295594215393,0.7933052778244019,193077.125,500.6309509277344,0.8232107162475586,0.9930732250213623,0.867476761341095,0.7764952182769775,0.0033090105280280113,0.0007572112372145057,0.6041701436042786,0.9956316947937012,BOMBAY
186260.578125,1636.68701171875,595.8554077148438,399.6047668457031,1.492478847503662,0.7434700131416321,187390.703125,485.6118469238281,0.8072827458381653,0.9886708855628967,0.876457691192627,0.8142731785774231,0.003219658276066184,0.0008751862915232778,0.6639904379844666,0.9926738739013672,BOMBAY
179815.125,1573.0848388671875,575.1412353515625,396.8277587890625,1.4175363779067993,0.7067614197731018,181138.921875,478.9498291015625,0.7918429374694824,0.990914523601532,0.9081617593765259,0.8400967121124268,0.003207275178283453,0.0009714691550470889,0.7057532072067261,0.9963505864143372,BOMBAY
187284.046875,1671.791015625,648.4520874023438,375.4001770019531,1.7045178413391113,0.8148841261863708,190529.40625,488.7906188964844,0.7193744778633118,0.9913467168807983,0.8465912342071533,0.7646828889846802,0.0034036701545119286,0.0007110197329893708,0.5840610265731812,0.9927356839179993,BOMBAY
197333.0,1674.881591796875,631.2122192382812,394.455322265625,1.5889393091201782,0.776630699634552,199573.796875,501.266357421875,0.7790995836257935,0.9859691262245178,0.861578106880188,0.7922285199165344,0.0032649515196681023,0.0007667142781428993,0.6265085935592651,0.9926401972770691,BOMBAY
168448.140625,1550.2874755859375,576.2644653320312,373.205810546875,1.5598275661468506,0.7667381763458252,168727.4375,463.38983154296875,0.7881844639778137,0.9896869659423828,0.8688112497329712,0.7987774610519409,0.0034258023370057344,0.0008818873320706189,0.638660728931427,0.9937281608581543,BOMBAY
181598.8125,1622.873779296875,617.2576293945312,381.9523010253906,1.6248927116394043,0.7880006432533264,184672.234375,480.8689270019531,0.7969498634338379,0.98283851146698,0.8671740293502808,0.7796707153320312,0.003372838720679283,0.0007803634507581592,0.6089446544647217,0.9885433912277222,BOMBAY
142661.71875,1277.34423828125,498.7727355957031,348.3669128417969,1.4937770366668701,0.7453487515449524,143750.265625,429.6459045410156,0.8109158873558044,0.9921755790710449,0.8976150155067444,0.8150308728218079,0.0036188506055623293,0.0010020957561209798,0.6659483313560486,0.9940165281295776,BOMBAY
146237.3125,1450.4483642578125,524.1746826171875,356.1043701171875,1.5220234394073486,0.7581327557563782,144971.453125,429.83258056640625,0.7756367325782776,0.9861741662025452,0.8813955187797546,0.8057701587677002,0.003687256947159767,0.0009456391562707722,0.6527884006500244,0.992701530456543,BOMBAY
169481.34375,1559.5142822265625,574.6436767578125,386.6363525390625,1.4676754474639893,0.7283176183700562,175094.03125,474.1532897949219,0.7361376285552979,0.9904502034187317,0.8930436372756958,0.8247696757316589,0.0033142685424536467,0.0009492005337961018,0.676888644695282,0.9956039190292358,BOMBAY
204937.34375,1764.87158203125,706.3087158203125,380.9815979003906,1.882508397102356,0.8434728980064392,207027.84375,507.7587585449219,0.797956109046936,0.9771090149879456,0.8191685676574707,0.7116760611534119,0.0034295932855457067,0.0005775671452283859,0.5008634328842163,0.9821256399154663,BOMBAY
153206.59375,1285.3038330078125,537.8792114257812,348.1226501464844,1.5030567646026611,0.7445241808891296,144691.546875,424.10247802734375,0.7781341075897217,0.9883761405944824,0.8924765586853027,0.8175481557846069,0.003966102376580238,0.0009725451236590743,0.6660815477371216,0.9956642389297485,BOMBAY
202766.875,1686.683837890625,630.8336791992188,407.7048034667969,1.5035321712493896,0.7444745898246765,202767.21875,504.61468505859375,0.7968863844871521,0.9898108839988708,0.8893729448318481,0.8161980509757996,0.003132422687485814,0.0008501765551045537,0.6639225482940674,0.9934167861938477,BOMBAY
174633.328125,1615.7459716796875,616.4127807617188,369.6260070800781,1.6828904151916504,0.8014552593231201,178635.0625,471.4676208496094,0.7904326319694519,0.9788036346435547,0.8489395380020142,0.7672775387763977,0.003515898948535323,0.0007555247284471989,0.5841436982154846,0.9856848120689392,BOMBAY
155285.8125,1492.764404296875,542.9999389648438,376.5857849121094,1.4365845918655396,0.714968204498291,157498.890625,447.36175537109375,0.7965840697288513,0.991202175617218,0.9033361673355103,0.8349649310112,0.0034001378808170557,0.001014469307847321,0.6955815553665161,0.997157096862793,BOMBAY
186534.0625,1652.7398681640625,615.60498046875,389.43170166015625,1.5776851177215576,0.772341251373291,189714.875,485.1812744140625,0.7880883812904358,0.9814509153366089,0.8603436350822449,0.7910152673721313,0.003321249969303608,0.0008064109133556485,0.6268298625946045,0.9853788018226624,BOMBAY
146973.484375,1540.487548828125,569.040771484375,348.4835205078125,1.6288896799087524,0.7904484272003174,157568.71875,444.0125732421875,0.7939058542251587,0.9800308346748352,0.8204273581504822,0.7801185250282288,0.0039533269591629505,0.0008505457662977278,0.6111448407173157,0.9929972290992737,BOMBAY
182410.15625,1614.1162109375,584.1002197265625,398.96453857421875,1.4711471796035767,0.73386549949646,183441.15625,480.4045715332031,0.816617488861084,0.9911882281303406,0.8874898552894592,0.8210275173187256,0.0032089664600789547,0.0009077033028006554,0.6747705340385437,0.9930347800254822,BOMBAY
208001.84375,1751.5499267578125,651.1693115234375,427.2790832519531,1.5494866371154785,0.7611202597618103,208873.984375,513.8896484375,0.7561534643173218,0.9906717538833618,0.8758800625801086,0.8001645803451538,0.0030087397899478674,0.0007650296320207417,0.6404764652252197,0.9940261244773865,BOMBAY
92367.6328125,1206.6629638671875,457.3856201171875,350.9042663574219,1.3995370864868164,0.6967724561691284,93396.7890625,353.8725280761719,0.7481274008750916,0.9895512461662292,0.899640679359436,0.8358383774757385,0.0036223898641765118,0.0011782929068431258,0.7218850255012512,0.9944567084312439,BOMBAY
202075.96875,1700.965087890625,628.494873046875,422.27783203125,1.5319113731384277,0.7577775716781616,203215.34375,508.0551452636719,0.718755841255188,0.9892663359642029,0.8771602511405945,0.8034619092941284,0.003080351511016488,0.000813705672044307,0.6531181335449219,0.9925000071525574,BOMBAY
208271.921875,1717.3740234375,635.3359985351562,432.5104675292969,1.4694457054138184,0.7341179251670837,209682.125,514.1032104492188,0.818739116191864,0.9874303340911865,0.884562611579895,0.827438235282898,0.0029820334166288376,0.0008786526159383357,0.6720783710479736,0.9908837080001831,BOMBAY
175315.796875,1597.6781005859375,587.3908081054688,378.6417541503906,1.5807132720947266,0.7757393717765808,176704.75,473.3292236328125,0.7904136776924133,0.9868543744087219,0.8754884600639343,0.7935253977775574,0.0033873042557388544,0.0008297528838738799,0.629895031452179,0.9939244389533997,BOMBAY
161206.84375,1537.8226318359375,567.1170043945312,368.0557556152344,1.5473480224609375,0.7623258233070374,164235.328125,447.771240234375,0.7864945530891418,0.9887555837631226,0.8618140816688538,0.8002716898918152,0.0035036299377679825,0.0008931520860642195,0.6414263248443604,0.9938424229621887,BOMBAY
158203.03125,1506.14892578125,563.2713623046875,359.6954650878906,1.5639698505401611,0.7693503499031067,161467.1875,452.4173278808594,0.7745817303657532,0.990398108959198,0.8675259947776794,0.7975063920021057,0.0035709606017917395,0.0009157438762485981,0.6342670321464539,0.9944143295288086,BOMBAY
163897.109375,1549.510986328125,569.7486572265625,373.2953186035156,1.514417290687561,0.7501569390296936,167988.046875,455.1623229980469,0.7989041209220886,0.988888144493103,0.8722140192985535,0.810443639755249,0.003429235890507698,0.0009142376366071403,0.6565735340118408,0.9923896789550781,BOMBAY
192440.34375,1684.9605712890625,644.8311157226562,395.45440673828125,1.6059702634811401,0.7821053266525269,193493.5,500.560546875,0.8448833227157593,0.9853494763374329,0.8614800572395325,0.7871145009994507,0.003274631453678012,0.0007442508358508348,0.6120431423187256,0.9878861308097839,BOMBAY
154353.390625,1551.530029296875,572.6560668945312,362.7381896972656,1.5613477230072021,0.7675797939300537,161239.015625,453.550048828125,0.7650370597839355,0.9807161688804626,0.8347560167312622,0.7954204082489014,0.0035213457886129618,0.0008728294633328915,0.6284276843070984,0.9837411046028137,BOMBAY
208263.234375,1745.318359375,677.1758422851562,396.54034423828125,1.6725631952285767,0.8065206408500671,211786.234375,514.7796630859375,0.722058892250061,0.9886259436607361,0.8471830487251282,0.7675103545188904,0.0032329901587218046,0.0006918535218574107,0.5907023549079895,0.990337073802948,BOMBAY
157245.890625,1525.5322265625,592.009765625,287.071044921875,1.6681782007217407,0.8006932139396667,160688.484375,442.3675537109375,0.7428439259529114,0.9766858816146851,0.8327983617782593,0.7661147117614746,0.003709289478138089,0.0007948108250275254,0.5911763906478882,0.9890000820159912,BOMBAY
168121.546875,1553.5047607421875,552.1912231445312,387.25201416015625,1.430173397064209,0.7217225432395935,171334.546875,462.5358581542969,0.6985468864440918,0.9849853515625,0.8740718364715576,0.8303810954093933,0.0033140715677291155,0.0009589042165316641,0.6892256736755371,0.9901772737503052,BOMBAY
150872.0625,1444.2864990234375,567.9971313476562,327.6656799316406,1.5909321308135986,0.7755919098854065,151126.984375,433.2174072265625,0.8103443384170532,0.9913451075553894,0.8715642094612122,0.7926666140556335,0.0037240958772599697,0.0009142995695583522,0.6248456239700317,0.9938367605209351,BOMBAY
186462.90625,1643.9906005859375,619.8536376953125,390.10198974609375,1.59241783618927,0.7759484648704529,188687.90625,485.57940673828125,0.8025255799293518,0.9884375929832458,0.8639354705810547,0.7907769083976746,0.00330744287930429,0.0007879559998400509,0.6227725148200989,0.9909631013870239,BOMBAY
181256.578125,1646.262451171875,634.2008666992188,363.8836669921875,1.7145538330078125,0.8140164613723755,184048.375,476.54058837890625,0.7455022931098938,0.9814643263816833,0.8483760952949524,0.7605682015419006,0.0035507057327777147,0.0007110168226063251,0.5774907469749451,0.9892499446868896,BOMBAY
180244.859375,1641.5841064453125,630.2022094726562,364.5451965332031,1.720153570175171,0.8128492832183838,183056.015625,476.6811828613281,0.7917553782463074,0.9868457913398743,0.8359763026237488,0.7589166164398193,0.003492401447147131,0.0007029244443401694,0.5718390941619873,0.9912096261978149,BOMBAY
158508.40625,1504.03173828125,572.7474975585938,348.6557922363281,1.5927401781082153,0.7825183272361755,152871.546875,437.58441162109375,0.718646228313446,0.9868192672729492,0.856739342212677,0.7840641736984253,0.0036576983984559774,0.0008835708722472191,0.6199951171875,0.993247926235199,BOMBAY
164963.71875,1533.0596923828125,570.3812866210938,374.7241516113281,1.485799789428711,0.7392218112945557,166890.09375,464.64190673828125,0.8080187439918518,0.991302490234375,0.8900936245918274,0.8188533186912537,0.0034359823912382126,0.0009422813891433179,0.6731315851211548,0.9969886541366577,BOMBAY
176447.359375,1609.037353515625,633.6721801757812,358.2622985839844,1.7683964967727661,0.8302645683288574,180492.28125,468.259765625,0.7378576993942261,0.9802277088165283,0.8424042463302612,0.7433516383171082,0.0035865202080458403,0.0006934257107786834,0.5537497401237488,0.9894434213638306,BOMBAY
141173.984375,1294.5341796875,528.9620971679688,352.94390869140625,1.4857137203216553,0.7300064563751221,144532.328125,428.3251953125,0.7488740682601929,0.9908683896064758,0.9036906361579895,0.8228621482849121,0.0036344826221466064,0.0010319157736375928,0.6743243932723999,0.9977408051490784,BOMBAY
160127.703125,1556.4251708984375,586.5623779296875,358.1761169433594,1.6415925025939941,0.7942001223564148,163673.5625,453.7847900390625,0.7935514450073242,0.9805171489715576,0.8405768275260925,0.7758595943450928,0.0036451423075050116,0.0008233495755121112,0.5981927514076233,0.9861307144165039,BOMBAY
203671.515625,1701.6397705078125,631.2011108398438,419.85626220703125,1.5023809671401978,0.7440929412841797,206648.734375,508.998046875,0.8063772320747375,0.9847769737243652,0.8750993609428406,0.8137151002883911,0.003125156043097377,0.0008666980429552495,0.6616613864898682,0.9911068081855774,BOMBAY
170793.46875,1580.7003173828125,605.7633056640625,372.6075744628906,1.6425857543945312,0.7897772789001465,175980.0625,475.3013000488281,0.7946273684501648,0.9908849000930786,0.8756569623947144,0.7821379899978638,0.0034575616009533405,0.0008014370687305927,0.6102204918861389,0.9922634959220886,BOMBAY
189139.875,1654.56298828125,626.3919067382812,395.7297668457031,1.553819179534912,0.7665255069732666,192757.453125,494.6907653808594,0.8236789703369141,0.9914551377296448,0.8775899410247803,0.798133134841919,0.003217025427147746,0.0008190287626348436,0.6408953666687012,0.9943758249282837,BOMBAY
182336.21875,1615.2943115234375,608.3387451171875,380.896728515625,1.6045316457748413,0.7821451425552368,183304.671875,481.9508056640625,0.8127948641777039,0.9916150569915771,0.8791040182113647,0.7872316241264343,0.00334475957788527,0.0007785517955198884,0.6219322085380554,0.9945183396339417,BOMBAY
177531.6875,1609.38134765625,614.3895874023438,370.8096618652344,1.6513144969940186,0.7960914373397827,179856.09375,475.3257141113281,0.787102222442627,0.9874053001403809,0.8580362200737,0.7714345455169678,0.003455809783190489,0.0007611554465256631,0.5970875024795532,0.9920858144760132,BOMBAY
185257.109375,1668.2974853515625,638.805419921875,374.82745361328125,1.6857458353042603,0.8040853142738342,189664.28125,484.8361511230469,0.7919720411300659,0.9787032008171082,0.8435438871383667,0.7655709981918335,0.003459767671301961,0.0007282023434527218,0.5850416421890259,0.9861487150192261,BOMBAY
150841.0,1489.678466796875,570.4508666992188,354.4720153808594,1.5287436246871948,0.760208249092102,153774.40625,438.09759521484375,0.7907832860946655,0.9916719198226929,0.8794839382171631,0.8070378303527832,0.0035971880424767733,0.0009255253826268017,0.6539999842643738,0.9964420795440674,BOMBAY
197918.140625,1720.5667724609375,665.88134765625,373.00811767578125,1.942105770111084,0.8410487174987793,199323.234375,498.86492919921875,0.8186352252960205,0.987949788570404,0.8206143975257874,0.7214811444282532,0.0034563415683805943,0.0005858513759449124,0.5161101222038269,0.9897000193595886,BOMBAY
163295.1875,1551.3414306640625,569.9151000976562,360.52996826171875,1.6053736209869385,0.7789636254310608,163399.3125,460.2412109375,0.7618967890739441,0.9872401356697083,0.8643602132797241,0.7891892790794373,0.0035656269174069166,0.0008605533512309194,0.6234086155891418,0.9949766993522644,BOMBAY
190335.640625,1649.001953125,621.953369140625,393.7215881347656,1.5827605724334717,0.7746208310127258,191151.828125,489.5482177734375,0.7967383861541748,0.9853469729423523,0.8734840154647827,0.7906756401062012,0.0032567691523581743,0.0007958365022204816,0.6272440552711487,0.9901999235153198,BOMBAY
207722.125,1752.9569091796875,664.3056030273438,404.7978515625,1.6508440971374512,0.7880048751831055,210887.1875,512.1439208984375,0.8003383278846741,0.9924724102020264,0.874275267124176,0.7813753485679626,0.0031433075200766325,0.0007055719615891576,0.6192043423652649,0.9956838488578796,BOMBAY
244599.3125,1945.8890380859375,713.5447998046875,453.3744201660156,1.5957214832305908,0.7671480178833008,251756.8125,566.3711547851562,0.7507646679878235,0.9903293251991272,0.8780363202095032,0.7899367213249207,0.0028145844116806984,0.0006586877279914916,0.6365371346473694,0.9931483268737793,BOMBAY
158126.65625,1548.6348876953125,573.0555419921875,359.58148193359375,1.5891178846359253,0.7739709615707397,162398.703125,452.988037109375,0.7209879159927368,0.9862354397773743,0.8404695391654968,0.7900341749191284,0.0035426111426204443,0.0008548779878765345,0.6307507753372192,0.9909037947654724,BOMBAY
158864.96875,1447.438720703125,541.638916015625,369.42022705078125,1.4417990446090698,0.7204796671867371,156603.65625,436.8502502441406,0.7580350637435913,0.9926100373268127,0.893781304359436,0.8294582366943359,0.003452528500929475,0.0009977766312658787,0.6870192885398865,0.9958016872406006,BOMBAY
210911.546875,1760.293701171875,660.5567016601562,418.7071838378906,1.619757056236267,0.7803782224655151,211500.453125,522.107421875,0.796272337436676,0.9897732138633728,0.8639988303184509,0.7859592437744141,0.0031409310176968575,0.0006972685223445296,0.6155596375465393,0.9926978945732117,BOMBAY
212343.3125,1802.986572265625,700.9342651367188,393.6483459472656,1.8113354444503784,0.8316999077796936,218451.234375,515.0381469726562,0.7994314432144165,0.9785360097885132,0.8032935261726379,0.7407408356666565,0.0032785083167254925,0.000597478065174073,0.5458720326423645,0.9844833612442017,BOMBAY
158013.28125,1484.091796875,536.700927734375,374.3558044433594,1.4405837059020996,0.7227650284767151,157919.921875,452.0308532714844,0.7945824265480042,0.9905778169631958,0.9014748334884644,0.8264874219894409,0.0034178723581135273,0.0009871764341369271,0.6862298250198364,0.9939841628074646,BOMBAY
181349.8125,1637.14013671875,629.9385375976562,372.67425537109375,1.6876415014266968,0.8049008250236511,183378.921875,481.6246337890625,0.8132537603378296,0.9864359498023987,0.8555194735527039,0.7639144062995911,0.003468065755441785,0.0007336661219596863,0.5825749635696411,0.9869210124015808,BOMBAY
187074.46875,1651.443359375,634.0347900390625,385.2547607421875,1.63056480884552,0.7910247445106506,189615.53125,486.2942810058594,0.7962736487388611,0.975618302822113,0.843820333480835,0.7750164270401001,0.003370606107637286,0.0007402643095701933,0.5959444046020508,0.978473961353302,BOMBAY
181310.625,1624.69580078125,593.2474975585938,389.024658203125,1.5240217447280884,0.753739595413208,184101.765625,478.6729736328125,0.7941945791244507,0.9876856207847595,0.8607966303825378,0.8052899241447449,0.003294856520369649,0.0008667397196404636,0.6476300954818726,0.9911988377571106,BOMBAY
163912.984375,1556.0772705078125,576.7830810546875,367.4490051269531,1.5897210836410522,0.7796491980552673,164365.0625,463.9026184082031,0.8005674481391907,0.9902259111404419,0.8565121293067932,0.7928597927093506,0.0035069386940449476,0.0008458022493869066,0.6257809400558472,0.9928160905838013,BOMBAY
182823.8125,1611.79052734375,596.2384643554688,391.83526611328125,1.5504285097122192,0.761588454246521,185853.6875,483.1672668457031,0.7111747860908508,0.9902237057685852,0.8834180235862732,0.8031331300735474,0.003278522053733468,0.0008355581667274237,0.6422415375709534,0.993651270866394,BOMBAY
173299.671875,1575.6761474609375,582.8425903320312,380.657958984375,1.5067119598388672,0.7453517317771912,176055.171875,468.70745849609375,0.7617583870887756,0.9896742701530457,0.8873603343963623,0.8133298754692078,0.0033442131243646145,0.0009159529581665993,0.6621148586273193,0.9953797459602356,BOMBAY
94153.8203125,1286.826171875,477.0482482910156,281.8702392578125,1.4739253520965576,0.7314263582229614,92374.046875,334.6907043457031,0.801197350025177,0.9882689714431763,0.8611447215080261,0.8179364800453186,0.003681665752083063,0.001003081793896854,0.6730453372001648,0.9944953322410583,BOMBAY
190762.171875,1677.242431640625,641.553466796875,381.685791015625,1.6844022274017334,0.8039396405220032,191722.4375,491.8312072753906,0.7745997905731201,0.9887642860412598,0.840401828289032,0.7667909264564514,0.00337902270257473,0.000721592572517693,0.5871389508247375,0.9915602803230286,BOMBAY
165789.84375,1495.4288330078125,575.8538818359375,371.29754638671875,1.505944013595581,0.7508348822593689,163635.203125,464.24139404296875,0.8405604958534241,0.9909772276878357,0.8919380307197571,0.8111426830291748,0.0034684648271650076,0.0009685758268460631,0.6553878784179688,0.992932915687561,BOMBAY
160003.8125,1551.8372802734375,574.2608642578125,358.603759765625,1.6103137731552124,0.7813532948493958,159616.84375,455.65997314453125,0.7843230962753296,0.9825822710990906,0.8602226376533508,0.7854178547859192,0.003561867168173194,0.0008418489596806467,0.61496502161026,0.9887144565582275,BOMBAY
159460.46875,1534.725341796875,590.4502563476562,360.02239990234375,1.6914962530136108,0.8084103465080261,166603.46875,461.27386474609375,0.7898314595222473,0.9676563739776611,0.8203644752502441,0.7593454718589783,0.004292777739465237,0.0007614170899614692,0.5701627731323242,0.9702571630477905,BOMBAY
151117.109375,1525.681396484375,534.326171875,369.5368957519531,1.4410797357559204,0.7235347032546997,157253.8125,449.1852722167969,0.7329108715057373,0.9839833378791809,0.8377153873443604,0.8334655165672302,0.003507601097226143,0.0009823509026318789,0.6830839514732361,0.9932867288589478,BOMBAY
178642.640625,1638.0997314453125,634.4304809570312,367.3298645019531,1.7251756191253662,0.8124731183052063,183904.859375,478.6222839355469,0.8243853449821472,0.9891929030418396,0.8373313546180725,0.758507490158081,0.0035045240074396133,0.0007132077589631081,0.5702590942382812,0.9896892309188843,BOMBAY
159308.8125,1514.84716796875,564.0135498046875,360.2127990722656,1.549299716949463,0.7636361718177795,160703.5,453.5904846191406,0.7910072207450867,0.9899187684059143,0.8705770373344421,0.8020957708358765,0.003540684701874852,0.0009066933416761458,0.644682765007019,0.994354784488678,BOMBAY
185866.4375,1642.8382568359375,605.2711181640625,387.3343811035156,1.5744503736495972,0.769938051700592,187846.078125,483.7559509277344,0.7791253924369812,0.9878503084182739,0.8616542816162109,0.7952449917793274,0.003319959854707122,0.00081124302232638,0.6353036761283875,0.9934245944023132,BOMBAY
241201.265625,1855.4268798828125,687.9514770507812,446.82373046875,1.4938088655471802,0.7511923313140869,242676.171875,558.5606689453125,0.7537822723388672,0.9876426458358765,0.8909105062484741,0.8103849291801453,0.0028751378413289785,0.0007320914883166552,0.6652500629425049,0.9937830567359924,BOMBAY
185038.59375,1655.4727783203125,624.0989379882812,388.66571044921875,1.6339447498321533,0.7881478071212769,189745.265625,481.49835205078125,0.8064323663711548,0.9771097898483276,0.8467258214950562,0.778624951839447,0.0033404279965907335,0.0007446325616911054,0.6070531606674194,0.982128381729126,BOMBAY
146148.671875,1453.02880859375,518.1821899414062,371.9913635253906,1.34690260887146,0.6836380958557129,150998.21875,449.72784423828125,0.7510055899620056,0.9795382022857666,0.8360639810562134,0.8458541631698608,0.0034611776936799288,0.0010821735486388206,0.7196775674819946,0.9892381429672241,BOMBAY
162361.109375,1559.922607421875,590.9884033203125,356.4010314941406,1.6507928371429443,0.7919487357139587,164997.5625,454.634521484375,0.7790989279747009,0.9788957834243774,0.8574339747428894,0.7734131813049316,0.0035989629104733467,0.0008116226526908576,0.5998082756996155,0.9826536774635315,BOMBAY
167144.140625,1567.6240234375,580.209228515625,370.9315490722656,1.5754728317260742,0.772015392780304,168308.015625,462.818359375,0.7855851650238037,0.9883586168289185,0.8664794564247131,0.7953421473503113,0.0034652105532586575,0.0008620601147413254,0.633414626121521,0.993259072303772,BOMBAY
184818.109375,1644.1441650390625,635.5220947265625,379.1781311035156,1.684662938117981,0.8008751273155212,186423.796875,486.2513732910156,0.8290287256240845,0.9908698201179504,0.8670915365219116,0.7746177315711975,0.0033986452035605907,0.0007295834366232157,0.5998708009719849,0.9945196509361267,BOMBAY
173147.546875,1582.0338134765625,584.1505737304688,372.9080505371094,1.6084635257720947,0.778742253780365,174883.21875,477.29443359375,0.821887731552124,0.9912781715393066,0.8843324780464172,0.7892686724662781,0.003422415815293789,0.0008161090081557631,0.6164683103561401,0.9936317801475525,BOMBAY
227961.125,1868.6202392578125,718.6055908203125,402.7620849609375,1.7557960748672485,0.8162972927093506,229456.921875,541.8138427734375,0.7851880192756653,0.9902218580245972,0.845677375793457,0.7567746043205261,0.003179816761985421,0.0006039673462510109,0.5770004987716675,0.994140625,BOMBAY
157979.375,1539.5565185546875,584.1129150390625,344.5574951171875,1.654272437095642,0.7958035469055176,156524.421875,449.27630615234375,0.8218694925308228,0.9877736568450928,0.8521579504013062,0.7779110074043274,0.0036667585372924805,0.0008255563443526626,0.6048861145973206,0.990801215171814,BOMBAY
191161.203125,1643.422119140625,620.2142333984375,394.9075012207031,1.5313403606414795,0.7561904191970825,191194.890625,488.39697265625,0.8236516118049622,0.9863183498382568,0.8890846967697144,0.8076549768447876,0.00325008318759501,0.0008370880386792123,0.6558927893638611,0.9898195266723633,BOMBAY
220241.953125,1889.040771484375,682.605224609375,442.8784484863281,1.5978189706802368,0.7742618918418884,230431.5,538.7035522460938,0.7261883616447449,0.989143431186676,0.851499080657959,0.7871605753898621,0.0028743783477693796,0.0007182221161201596,0.6237581372261047,0.992812991142273,BOMBAY
179173.25,1590.4805908203125,565.0940551757812,407.20361328125,1.3887969255447388,0.7001771926879883,183059.234375,479.4936218261719,0.8092561364173889,0.9913180470466614,0.9092366695404053,0.8437067866325378,0.003135149599984288,0.0009749654564075172,0.7085096836090088,0.9965418577194214,BOMBAY
130083.8828125,1389.3831787109375,523.284912109375,354.9395446777344,1.4976195096969604,0.7435297966003418,134737.3125,434.3772888183594,0.7634830474853516,0.9918729066848755,0.8868152499198914,0.8136485815048218,0.0035712290555238724,0.0009648820268921554,0.6636837720870972,0.9962342977523804,BOMBAY
167233.8125,1582.8416748046875,607.3350830078125,353.4410705566406,1.6997829675674438,0.8018249273300171,169866.5,463.9467468261719,0.745106041431427,0.9883997440338135,0.8351072072982788,0.7659234404563904,0.003638673108071089,0.0007665428565815091,0.5864766836166382,0.9897499680519104,BOMBAY
167129.765625,1589.0853271484375,589.6146240234375,368.91070556640625,1.6114530563354492,0.784989595413208,170896.078125,462.31427001953125,0.7444208860397339,0.9848528504371643,0.854486882686615,0.782626211643219,0.003484934102743864,0.0008197756833396852,0.6166374683380127,0.9908719062805176,BOMBAY
233647.75,1900.53173828125,720.3931884765625,418.79345703125,1.735298752784729,0.8187257647514343,241173.8125,559.984375,0.8291001319885254,0.9873483180999756,0.8563710451126099,0.7521439790725708,0.003077262081205845,0.0006076812860555947,0.5725796818733215,0.9909806847572327,BOMBAY
207545.640625,1750.2799072265625,670.1787719726562,392.9272155761719,1.7009210586547852,0.8088414669036865,210910.828125,511.2112731933594,0.7221196889877319,0.9824822545051575,0.8236584067344666,0.7601437568664551,0.0032494813203811646,0.0006833429215475917,0.5801079869270325,0.9909787774085999,BOMBAY
227445.71875,1790.92529296875,666.166748046875,418.8807678222656,1.579201102256775,0.7702305912971497,228666.5,542.7652587890625,0.7985711097717285,0.9841824173927307,0.8661292791366577,0.7921720743179321,0.003103453665971756,0.0007311628432944417,0.6327410340309143,0.9894025325775146,BOMBAY
186480.96875,1648.1387939453125,621.3348999023438,386.2286376953125,1.6107016801834106,0.7839809656143188,189038.046875,486.1013488769531,0.7883824110031128,0.9864776730537415,0.8474816083908081,0.78229159116745,0.0033084466122090816,0.0007867277599871159,0.6117770075798035,0.9892773628234863,BOMBAY
168790.46875,1546.462158203125,570.9471435546875,386.2811279296875,1.4538462162017822,0.7265158295631409,172256.96875,465.58544921875,0.8049740195274353,0.9904732704162598,0.895800769329071,0.8252903819084167,0.003319468116387725,0.0009687719866633415,0.6856115460395813,0.9961334466934204,BOMBAY
185515.4375,1623.9801025390625,607.84326171875,390.56927490234375,1.5527414083480835,0.7652736902236938,188407.1875,485.3424072265625,0.771598219871521,0.9857745170593262,0.8969801068305969,0.8008337020874023,0.003273471025750041,0.0008414610056206584,0.6408731341362,0.9924666285514832,BOMBAY
174012.21875,1543.0404052734375,553.6104736328125,396.0784606933594,1.3251523971557617,0.6719412803649902,171623.890625,465.9967041015625,0.7354915142059326,0.9862150549888611,0.9095876216888428,0.8544138669967651,0.003240745747461915,0.0010508097475394607,0.7401939630508423,0.9916306734085083,BOMBAY
174663.796875,1598.69091796875,605.806640625,367.294921875,1.670702338218689,0.7999909520149231,174621.828125,473.0458984375,0.6958410739898682,0.9886572360992432,0.8479539155960083,0.7761985063552856,0.003520258702337742,0.0007888363325037062,0.6018709540367126,0.9919871687889099,BOMBAY
159058.8125,1546.8084716796875,584.8759155273438,352.95404052734375,1.6665345430374146,0.7988662719726562,165044.796875,454.1996154785156,0.7425273656845093,0.988994300365448,0.8552202582359314,0.7717786431312561,0.003632224164903164,0.000780836446210742,0.597770631313324,0.9912940859794617,BOMBAY
171085.03125,1511.8856201171875,573.1572875976562,396.9624328613281,1.2685517072677612,0.6396071910858154,172869.125,470.7836608886719,0.8039930462837219,0.9905396699905396,0.9189192652702332,0.8865128755569458,0.003237857948988676,0.0011282862396910787,0.7720770239830017,0.9949252605438232,BOMBAY
173609.046875,1588.3192138671875,605.5392456054688,369.5078125,1.6631300449371338,0.8008290529251099,175983.734375,473.04205322265625,0.803065299987793,0.9909662008285522,0.8656025528907776,0.7723402976989746,0.003488881280645728,0.0007787231006659567,0.5981864929199219,0.9942120909690857,BOMBAY
178488.234375,1601.0640869140625,579.4212036132812,389.4505615234375,1.5060052871704102,0.7454074025154114,180854.171875,477.8894958496094,0.7077227234840393,0.9907591342926025,0.8814108967781067,0.8139323592185974,0.003292947541922331,0.0008960599079728127,0.662589967250824,0.9943078756332397,BOMBAY
183833.078125,1692.8558349609375,660.8439331054688,362.78125,1.8034127950668335,0.8369833827018738,186889.703125,479.35919189453125,0.7582976818084717,0.9804890155792236,0.800647497177124,0.7277073264122009,0.003577759023755789,0.0006326399161480367,0.5313816666603088,0.9821533560752869,BOMBAY
151084.703125,1524.6173095703125,579.8086547851562,347.4615478515625,1.686375617980957,0.8055429458618164,150793.90625,429.7786560058594,0.8035556674003601,0.9891065359115601,0.8429762721061707,0.7665524482727051,0.004466024227440357,0.0008123689913190901,0.5858718752861023,0.9931493401527405,BOMBAY
183546.796875,1646.9078369140625,625.4853515625,375.6905822753906,1.660920262336731,0.7986630797386169,185007.28125,483.6702575683594,0.7748318314552307,0.9903907775878906,0.8394849896430969,0.775405764579773,0.003403725568205118,0.0007337266579270363,0.5972029566764832,0.9958176612854004,BOMBAY
166035.890625,1575.053466796875,572.1361083984375,365.8666687011719,1.5607643127441406,0.7717509269714355,167402.421875,456.9821472167969,0.8110737204551697,0.9858713150024414,0.8393557071685791,0.7966505289077759,0.0034787296317517757,0.0008533772197552025,0.6332581043243408,0.9937581419944763,BOMBAY
183499.0,1635.1729736328125,592.5657958984375,401.52178955078125,1.488411545753479,0.7407280802726746,187659.046875,480.8868103027344,0.7793907523155212,0.9801051616668701,0.843319833278656,0.813629150390625,0.0031999372877180576,0.00087432109285146,0.667834997177124,0.9928695559501648,BOMBAY
193550.84375,1673.8355712890625,632.36181640625,395.29107666015625,1.6056606769561768,0.7782109379768372,199530.6875,494.5942687988281,0.7891320586204529,0.976455807685852,0.864486813545227,0.7867409586906433,0.0032747420482337475,0.0007803288171999156,0.6240416765213013,0.9863632917404175,BOMBAY
181626.34375,1629.119384765625,587.5145874023438,388.5243225097656,1.5504868030548096,0.7619267106056213,184034.9375,480.9349060058594,0.7304555773735046,0.9832748174667358,0.8772586584091187,0.7992050647735596,0.0033033948857337236,0.0008369993302039802,0.6443979740142822,0.9901010990142822,BOMBAY
178883.375,1616.435791015625,576.4256591796875,391.3603820800781,1.5145373344421387,0.753603458404541,182237.203125,477.9115295410156,0.7468093037605286,0.9854581356048584,0.874409556388855,0.8079366087913513,0.003307180944830179,0.0008884640410542488,0.654656708240509,0.9916911125183105,BOMBAY
155563.28125,1509.8629150390625,526.5764770507812,361.83349609375,1.4856998920440674,0.7386099696159363,153987.265625,438.7662048339844,0.7841749787330627,0.9897387027740479,0.8703590631484985,0.8183183073997498,0.003532417817041278,0.0009715839405544102,0.6713282465934753,0.9967226386070251,BOMBAY
160213.390625,1559.517578125,586.4149780273438,362.1197814941406,1.627587080001831,0.7870187163352966,167570.71875,457.6020812988281,0.7857005596160889,0.9874851107597351,0.8476661443710327,0.7812873721122742,0.0035602173302322626,0.0008387630805373192,0.6150805354118347,0.9932947754859924,BOMBAY
183051.46875,1610.3133544921875,610.4796142578125,386.0420837402344,1.5809905529022217,0.7726741433143616,185331.75,481.13812255859375,0.7608796954154968,0.9921779632568359,0.8895647525787354,0.7943503856658936,0.0033034724183380604,0.0008091783965937793,0.632483720779419,0.9946076273918152,BOMBAY
226236.625,1811.3673095703125,673.994140625,430.64697265625,1.6456974744796753,0.7880458235740662,228844.96875,533.6246948242188,0.7931358218193054,0.9909362196922302,0.8714866042137146,0.7804621458053589,0.0030300794169306755,0.0006856991676613688,0.6111702919006348,0.9941434860229492,BOMBAY
189187.9375,1652.3427734375,642.174072265625,381.41534423828125,1.6889406442642212,0.8053837418556213,192028.015625,487.1592712402344,0.8084303140640259,0.9875423312187195,0.8776409029960632,0.7671386003494263,0.00338186277076602,0.0007217423990368843,0.5880337953567505,0.9913245439529419,BOMBAY
179009.828125,1606.4354248046875,588.9026489257812,388.07183837890625,1.5386284589767456,0.7592030167579651,181827.140625,480.59881591796875,0.7640155553817749,0.9865806698799133,0.8771225810050964,0.8035590052604675,0.003313498804345727,0.0008545847958885133,0.6453521251678467,0.9911115169525146,BOMBAY
156228.140625,1512.219482421875,561.0677490234375,366.1301574707031,1.5427709817886353,0.7628401517868042,161510.609375,451.6458435058594,0.7830579280853271,0.9839452505111694,0.886788547039032,0.8008439540863037,0.003530818037688732,0.0009082153555937111,0.6404643654823303,0.9905097484588623,BOMBAY
140330.859375,1345.5194091796875,496.2799987792969,370.28240966796875,1.4591370820999146,0.7096562385559082,159233.203125,367.45672607421875,0.771325409412384,0.9945957064628601,0.9254504442214966,0.8328972458839417,0.003476528450846672,0.0010465615196153522,0.6885685920715332,0.9987545013427734,BOMBAY
165553.5,1554.974365234375,601.0183715820312,348.0639953613281,1.6998027563095093,0.8113461136817932,167587.796875,457.5993957519531,0.8139256238937378,0.9897761940956116,0.8490357995033264,0.7661420702934265,0.0036944637540727854,0.0007817750447429717,0.5846126675605774,0.9938777685165405,BOMBAY
184763.390625,1648.258544921875,637.9873657226562,375.65313720703125,1.7066235542297363,0.8094517588615417,186917.765625,483.0269470214844,0.7750030755996704,0.984495997428894,0.8525710701942444,0.7602788209915161,0.003443447407335043,0.0006930260569788516,0.5784481763839722,0.9867558479309082,BOMBAY
181771.5625,1638.0504150390625,625.5413208007812,380.67816162109375,1.6765458583831787,0.801652193069458,187196.8125,481.0538635253906,0.8113341927528381,0.9909524321556091,0.8573076128959656,0.7668800950050354,0.003371688537299633,0.0007369257509708405,0.5933171510696411,0.9938373565673828,BOMBAY
199276.703125,1714.87744140625,653.8338623046875,393.5843200683594,1.6555489301681519,0.8007161617279053,201707.703125,495.7261047363281,0.8135027885437012,0.9855498671531677,0.8422935605049133,0.7713149785995483,0.0032809574622660875,0.0007077305344864726,0.5967587232589722,0.9889922142028809,BOMBAY
205157.234375,1739.2462158203125,662.2854614257812,396.95037841796875,1.6588134765625,0.7984867691993713,206177.75,508.7168273925781,0.7631444931030273,0.9904090762138367,0.8538005352020264,0.7773350477218628,0.003235999960452318,0.0006943504558876157,0.5934572219848633,0.9955747127532959,BOMBAY
166339.828125,1539.091064453125,575.667724609375,372.3600769042969,1.5148509740829468,0.7497058510780334,166540.625,458.421875,0.6983445286750793,0.9882566332817078,0.8686507940292358,0.8122401833534241,0.003425090340897441,0.0009164731600321829,0.6525895595550537,0.9924549460411072,BOMBAY
148004.90625,1386.5040283203125,540.1293334960938,274.9149169921875,1.6087582111358643,0.7862573266029358,146076.5,416.9105224609375,0.7814172506332397,0.9905244708061218,0.8731251955032349,0.7846909165382385,0.004454466979950666,0.0009154838626272976,0.6247307062149048,0.9959884881973267,BOMBAY
146033.984375,1492.2188720703125,527.7337646484375,352.7445068359375,1.558300256729126,0.768349826335907,150301.515625,426.3787841796875,0.7575726509094238,0.9837144017219543,0.8264724016189575,0.7948043942451477,0.0037350854836404324,0.0009191593853756785,0.6380517482757568,0.9902693629264832,BOMBAY
183353.609375,1641.9237060546875,642.7493896484375,370.18072509765625,1.7031620740890503,0.8132789134979248,186904.34375,487.071533203125,0.8163833022117615,0.9930350184440613,0.8669615983963013,0.7591427564620972,0.0034436441492289305,0.0006976653239689767,0.5838280916213989,0.9968185424804688,BOMBAY
182282.234375,1655.347900390625,644.984130859375,357.5335998535156,1.8350943326950073,0.8365958333015442,186983.21875,479.1733093261719,0.7954933643341064,0.982444703578949,0.8295173645019531,0.7411257028579712,0.003524262923747301,0.0006799949333071709,0.5419130325317383,0.990067720413208,BOMBAY
168092.34375,1577.2861328125,561.6800537109375,380.0462341308594,1.4964735507965088,0.7408757209777832,171493.84375,464.1598205566406,0.7211498022079468,0.9846664667129517,0.863073468208313,0.8172431588172913,0.003353805048391223,0.0009353348286822438,0.6700785160064697,0.9944326281547546,BOMBAY
207074.53125,1744.77978515625,656.3591918945312,407.2410888671875,1.5727802515029907,0.7698186039924622,208763.890625,512.45947265625,0.7821106314659119,0.9866652488708496,0.8633678555488586,0.7938430905342102,0.003149615367874503,0.0007429987890645862,0.6277855038642883,0.9932162761688232,BOMBAY
164923.421875,1556.5218505859375,572.9112548828125,364.6590270996094,1.5734055042266846,0.7756247520446777,166446.765625,461.8447570800781,0.8127604722976685,0.9915416836738586,0.8694120049476624,0.7942553162574768,0.0035540368407964706,0.000860312080476433,0.6336399912834167,0.9956306219100952,BOMBAY
176853.953125,1595.0986328125,587.9257202148438,380.91729736328125,1.5496790409088135,0.7650895714759827,179737.25,476.9017028808594,0.7849922180175781,0.9898274540901184,0.8733243346214294,0.8002758622169495,0.003355675144121051,0.0008558626868762076,0.642583429813385,0.995614767074585,BOMBAY
170792.546875,1589.4381103515625,590.5360717773438,371.3450622558594,1.580453872680664,0.7753565311431885,176900.328125,464.09564208984375,0.7945606708526611,0.9882370233535767,0.8544296026229858,0.7930523753166199,0.003440719796344638,0.0008363085798919201,0.6279945969581604,0.9941509366035461,BOMBAY
185758.484375,1693.4853515625,668.2605590820312,363.9817810058594,2.0033037662506104,0.8649426102638245,183755.421875,481.6069641113281,0.8059084415435791,0.984924852848053,0.7970960140228271,0.7005704045295715,0.003735045436769724,0.0005791094154119492,0.49548953771591187,0.9891654849052429,BOMBAY
195186.9375,1676.223876953125,632.3212280273438,395.5605163574219,1.5855664014816284,0.778186023235321,197311.859375,493.9366455078125,0.8016886115074158,0.9892290234565735,0.8702418208122253,0.7896233797073364,0.003247420769184828,0.0007610370521433651,0.619965672492981,0.9899845719337463,BOMBAY
174469.4375,1592.8529052734375,610.89501953125,361.36712646484375,1.6595040559768677,0.7998769283294678,177452.984375,466.0196228027344,0.7387834787368774,0.9900471568107605,0.8669000267982483,0.7704228162765503,0.003566129831597209,0.0007689216290600598,0.5931026339530945,0.9902703166007996,BOMBAY
183900.3125,1648.7215576171875,650.4791259765625,353.7635192871094,1.9588459730148315,0.8484165668487549,183719.90625,480.6433410644531,0.7852564454078674,0.9869237542152405,0.8188626170158386,0.717288613319397,0.0036760277580469847,0.0006057019927538931,0.5173026323318481,0.9954206347465515,BOMBAY
103723.2109375,1250.23681640625,457.22503662109375,346.6081848144531,1.4704139232635498,0.7348087430000305,92851.7578125,344.97271728515625,0.7563410997390747,0.980347216129303,0.8873386979103088,0.8186519742012024,0.004674289841204882,0.001031822757795453,0.6703323125839233,0.9872980117797852,BOMBAY
169910.984375,1579.4854736328125,572.00390625,385.7861633300781,1.499220371246338,0.7466344833374023,173202.46875,468.6305236816406,0.7703402042388916,0.9901686906814575,0.8681244850158691,0.8145064115524292,0.0033429095055907965,0.0009090030216611922,0.6639560461044312,0.9944180846214294,BOMBAY
180051.484375,1603.629638671875,580.7457275390625,399.2739562988281,1.4499787092208862,0.7256345152854919,182608.25,476.43475341796875,0.7282085418701172,0.9897788166999817,0.8887644410133362,0.8294960856437683,0.003187520196661353,0.0009336976218037307,0.6842154264450073,0.9965887665748596,BOMBAY
170240.421875,1597.715576171875,605.0629272460938,369.2309875488281,1.619823932647705,0.7885286211967468,172115.921875,470.7274169921875,0.692020058631897,0.9845747947692871,0.8577884435653687,0.7824209928512573,0.003495423123240471,0.0007892895955592394,0.6098856925964355,0.9920000433921814,BOMBAY
178764.0625,1625.130126953125,597.7726440429688,384.2981262207031,1.5843936204910278,0.7753795981407166,181793.75,478.31842041015625,0.7847864627838135,0.9905115962028503,0.8566504716873169,0.7912651300430298,0.0033378058578819036,0.0008198498981073499,0.627758800983429,0.9954279065132141,BOMBAY
170681.453125,1571.204833984375,614.39111328125,357.406494140625,1.7013754844665527,0.8081619143486023,171943.171875,467.0774841308594,0.816962480545044,0.9900307655334473,0.8637009859085083,0.7612360715866089,0.0035915090702474117,0.0007612906629219651,0.5812323093414307,0.9930796027183533,BOMBAY
173775.65625,1550.5145263671875,559.6567993164062,392.001220703125,1.403456687927246,0.6979677677154541,171498.3125,465.5712890625,0.7828890681266785,0.9875542521476746,0.9009750485420227,0.8391722440719604,0.003275895258411765,0.0009992173872888088,0.7011313438415527,0.9925161600112915,BOMBAY
140025.8125,1480.2012939453125,539.2902221679688,352.7420654296875,1.5080575942993164,0.7470624446868896,144866.578125,410.803466796875,0.7831304669380188,0.9877200126647949,0.8671775460243225,0.8105525970458984,0.003675993299111724,0.0009566242806613445,0.6586876511573792,0.9927853345870972,BOMBAY
168559.765625,1570.725341796875,580.7139282226562,372.4632873535156,1.5625,0.7679027318954468,169668.890625,464.1187438964844,0.740938127040863,0.9880433082580566,0.8632609844207764,0.797577977180481,0.0034480595495551825,0.0008604112663306296,0.6373881101608276,0.993104100227356,BOMBAY
179886.390625,1614.7220458984375,585.2760009765625,391.80181884765625,1.5356993675231934,0.7581901550292969,181948.25,478.4053955078125,0.8034182786941528,0.9904515147209167,0.8777444362640381,0.8050897121429443,0.0032747588120400906,0.0008560621063224971,0.6463525891304016,0.993262767791748,BOMBAY
166969.265625,1592.97802734375,609.754150390625,363.19677734375,1.6870851516723633,0.808471143245697,171756.109375,466.5700378417969,0.7170112133026123,0.9764995574951172,0.8260328769683838,0.759845495223999,0.003641389077529311,0.0007417130400426686,0.5743661522865295,0.9826355576515198,BOMBAY
207523.75,1733.3206787109375,658.3842163085938,403.6148986816406,1.6255383491516113,0.7841265201568604,210061.109375,512.1724853515625,0.8070388436317444,0.9880887269973755,0.8542633056640625,0.7838419675827026,0.0031703051645308733,0.0007281144498847425,0.6138830780982971,0.9910907745361328,BOMBAY
183774.859375,1609.9949951171875,577.9722900390625,406.56158447265625,1.4254409074783325,0.7179455161094666,185528.21875,481.121337890625,0.7665813565254211,0.9893925786018372,0.8802428841590881,0.8300701379776001,0.003152198623865843,0.0009416044922545552,0.6902098059654236,0.9913746118545532,BOMBAY
151302.84375,1508.7186279296875,585.6157836914062,346.9839782714844,1.6584751605987549,0.8015566468238831,161919.15625,441.5941162109375,0.7120479345321655,0.9778789281845093,0.839962899684906,0.7633548974990845,0.004618734586983919,0.000813911494333297,0.5875226259231567,0.9813388586044312,BOMBAY
168052.0,1413.6971435546875,551.9794311523438,388.5045166015625,1.3021268844604492,0.6319279670715332,163724.125,459.7301025390625,0.7775874733924866,0.991227388381958,0.9187549352645874,0.8804033398628235,0.003307272680103779,0.001183816697448492,0.7726267576217651,0.9971548318862915,BOMBAY
95329.3515625,1233.0936279296875,464.18634033203125,261.17926025390625,1.5686230659484863,0.7604509592056274,94256.828125,329.5763244628906,0.7871254682540894,0.9926206469535828,0.8710928559303284,0.7995182275772095,0.004839301574975252,0.0009672575397416949,0.6384872794151306,0.9973562955856323,BOMBAY
145256.546875,1454.97802734375,520.8827514648438,350.0538635253906,1.5027289390563965,0.7431379556655884,141861.1875,440.8982849121094,0.8060427308082581,0.9925800561904907,0.9017269015312195,0.8146106600761414,0.003600581083446741,0.0009732394246384501,0.6652218699455261,0.9969014525413513,BOMBAY
165832.015625,1558.8431396484375,593.337158203125,358.1684875488281,1.6778568029403687,0.8043646812438965,169692.125,464.1011962890625,0.8319229483604431,0.9914694428443909,0.8796616196632385,0.7705199718475342,0.003565786639228463,0.0007905343663878739,0.5929547548294067,0.9937480688095093,BOMBAY
180186.359375,1647.07177734375,635.9323120117188,372.15374755859375,1.691523790359497,0.8116205334663391,183224.828125,482.4473876953125,0.701007604598999,0.9884004592895508,0.863358199596405,0.7665412425994873,0.0034666010178625584,0.0007378023001365364,0.5908364653587341,0.9932544827461243,BOMBAY
164415.0,1529.5390625,578.0839233398438,362.7218322753906,1.5658056735992432,0.7716361880302429,167879.359375,463.0075988769531,0.7747423052787781,0.9896034002304077,0.8897957801818848,0.7967100739479065,0.0035176423843950033,0.0008840786176733673,0.6358187198638916,0.9956304430961609,BOMBAY
151071.8125,1520.808837890625,574.7042236328125,279.3994445800781,1.6696833372116089,0.801028311252594,155019.78125,442.7538757324219,0.8020022511482239,0.9751114845275879,0.7972941398620605,0.7675318717956543,0.004507745616137981,0.000807045609690249,0.5918586850166321,0.9890260100364685,BOMBAY
187227.609375,1651.1240234375,624.207763671875,387.8853759765625,1.5826586484909058,0.776203453540802,189463.53125,487.8114318847656,0.7432433366775513,0.9888169169425964,0.8609071373939514,0.7918946146965027,0.003309262217953801,0.0007925487589091063,0.6241654753684998,0.9916237592697144,BOMBAY
164337.96875,1531.477294921875,564.1505737304688,371.63018798828125,1.5166962146759033,0.7501940727233887,166317.34375,459.3797912597656,0.7971161007881165,0.9878531098365784,0.8823202252388,0.8114339709281921,0.0034492043778300285,0.0009336000657640398,0.6581994891166687,0.9943169951438904,BOMBAY
183910.59375,1659.5887451171875,657.4572143554688,356.9239196777344,1.849609375,0.8325799107551575,185983.90625,484.22137451171875,0.7998793125152588,0.9892379641532898,0.8234562873840332,0.7329480648040771,0.003549522254616022,0.000625802727881819,0.5436162352561951,0.9896173477172852,BOMBAY
160079.84375,1506.087158203125,535.5773315429688,382.35931396484375,1.379571795463562,0.6921408176422119,161107.796875,456.6811828613281,0.8043352961540222,0.9920923113822937,0.9074002504348755,0.8459664583206177,0.0033404151909053326,0.001044363947585225,0.7145770192146301,0.9964544773101807,BOMBAY
153257.65625,1481.8375244140625,530.7939453125,366.1661376953125,1.4738298654556274,0.7323408126831055,156887.125,445.12200927734375,0.7462893128395081,0.9829294681549072,0.8579966425895691,0.8219807147979736,0.003498197067528963,0.0009874377865344286,0.6709621548652649,0.989630937576294,BOMBAY
154600.3125,1494.1812744140625,540.8524169921875,351.6795654296875,1.61025869846344,0.7873905897140503,150752.328125,436.963623046875,0.8022647500038147,0.988128662109375,0.8609451055526733,0.7876154780387878,0.003673327388241887,0.0008909478201530874,0.6175793409347534,0.9912614822387695,BOMBAY
181254.4375,1636.9278564453125,596.586181640625,385.1453857421875,1.5776609182357788,0.7708398103713989,184322.34375,480.9954833984375,0.7768993377685547,0.9835831522941589,0.8752049803733826,0.7960669994354248,0.0033458000980317593,0.0008332697325386107,0.6306911706924438,0.9900604486465454,BOMBAY
208717.984375,1765.542236328125,662.913330078125,422.5214538574219,1.5586472749710083,0.7702517509460449,216785.609375,520.0252075195312,0.6933215260505676,0.9838477373123169,0.8613400459289551,0.7924973964691162,0.0030818055383861065,0.0007446410600095987,0.6267891526222229,0.9912641644477844,BOMBAY
163208.8125,1570.1888427734375,588.3792724609375,357.4663391113281,1.6587748527526855,0.7957341074943542,164198.0,460.7945251464844,0.783827543258667,0.9823543429374695,0.8487342000007629,0.7713995575904846,0.0035671573132276535,0.0007876739255152643,0.5959720015525818,0.9867176413536072,BOMBAY
219682.25,1812.135009765625,669.426513671875,432.4633483886719,1.594603180885315,0.7721869945526123,222924.703125,538.7893676757812,0.752950131893158,0.9812487363815308,0.8478704690933228,0.7885280251502991,0.003022958757355809,0.0007372998516075313,0.6247016191482544,0.9886400699615479,BOMBAY
159933.46875,1486.93701171875,566.0036010742188,361.0719299316406,1.5186958312988281,0.75513756275177,162137.4375,447.0976257324219,0.7876328825950623,0.9901846647262573,0.9017016887664795,0.812343180179596,0.0035121669061481953,0.000938459939789027,0.6581559181213379,0.9979237914085388,BOMBAY
195088.59375,1657.2713623046875,599.9452514648438,406.3019104003906,1.4990278482437134,0.7467477321624756,196596.65625,494.8608703613281,0.7577089071273804,0.9886725544929504,0.852177619934082,0.8117825984954834,0.0031575008761137724,0.0008859581430442631,0.6647533774375916,0.993828535079956,BOMBAY
174866.90625,1615.3543701171875,619.7247924804688,370.72430419921875,1.6689451932907104,0.8006993532180786,177846.59375,472.72900390625,0.7959346175193787,0.9803030490875244,0.8476437926292419,0.7698529362678528,0.0034543266519904137,0.0007660147384740412,0.587257444858551,0.9890829920768738,BOMBAY
170467.359375,1593.150634765625,605.6344604492188,359.623779296875,1.6783827543258667,0.8034447431564331,172136.9375,467.49114990234375,0.7897521257400513,0.9903232455253601,0.8591951131820679,0.7709763050079346,0.003590587293729186,0.0007812255644239485,0.5945619940757751,0.9928385615348816,BOMBAY
124356.25,1452.253173828125,498.8317565917969,353.4986877441406,1.488634467124939,0.7395776510238647,141261.328125,424.19366455078125,0.7991692423820496,0.9873250126838684,0.8644158244132996,0.8172065615653992,0.0036045056767761707,0.000990356202237308,0.666523814201355,0.9938334822654724,BOMBAY
185908.40625,1664.3505859375,612.873291015625,392.6172180175781,1.5608724355697632,0.7679598331451416,193888.265625,481.7746887207031,0.806594967842102,0.9762904644012451,0.8677656054496765,0.7968503832817078,0.0032727038487792015,0.0008237797301262617,0.6396868824958801,0.9858429431915283,BOMBAY
165253.0625,1561.0762939453125,571.3711547851562,370.8811340332031,1.5887778997421265,0.7768434882164001,169254.359375,459.2662048339844,0.8064971566200256,0.985506534576416,0.8617793321609497,0.7910095453262329,0.00348470127210021,0.0008441423415206373,0.6280239224433899,0.9931734204292297,BOMBAY
204516.515625,1748.13525390625,681.5980834960938,393.85546875,1.6963590383529663,0.8050869107246399,208887.1875,513.871826171875,0.6981126070022583,0.981587290763855,0.8230655193328857,0.7569323778152466,0.003291101660579443,0.0006974006537348032,0.5820280909538269,0.9865503311157227,BOMBAY
181762.71875,1652.7364501953125,652.0003051757812,352.66131591796875,1.8705211877822876,0.8454079627990723,181615.28125,478.43939208984375,0.8132621645927429,0.9817018508911133,0.8196579217910767,0.7278836965560913,0.0036139360163360834,0.0006404242594726384,0.5334557294845581,0.9858531951904297,BOMBAY
140216.9375,1198.3917236328125,450.17327880859375,275.6305236816406,1.3760377168655396,0.6555460095405579,94225.8125,333.3181457519531,0.7663567066192627,0.9850653409957886,0.8748124837875366,0.8540389537811279,0.004612298682332039,0.0013792321551591158,0.7430827617645264,0.9942091107368469,BOMBAY
239512.4375,1925.4818115234375,714.8819580078125,430.5393981933594,1.6982218027114868,0.8001327514648438,244954.375,560.1426391601562,0.7813527584075928,0.9860154986381531,0.8398668766021729,0.7659558653831482,0.0029666414484381676,0.0006733601912856102,0.5853617191314697,0.9922519326210022,BOMBAY
182298.859375,1617.9608154296875,589.9664916992188,392.120849609375,1.5268954038619995,0.7566359043121338,185400.296875,480.2574157714844,0.8184637427330017,0.9825382232666016,0.8644141554832458,0.805053174495697,0.0032973415218293667,0.0008588628843426704,0.6460161805152893,0.9855810403823853,BOMBAY
205688.109375,1746.583984375,673.486328125,392.3748474121094,1.7308191061019897,0.8108661770820618,210358.703125,512.5816040039062,0.7357907295227051,0.9708189368247986,0.8124969601631165,0.7533308863639832,0.0032680409494787455,0.000637599325273186,0.5641553997993469,0.9831897616386414,BOMBAY
196216.890625,1663.9453125,619.6026611328125,408.00396728515625,1.4892150163650513,0.7450462579727173,198613.796875,500.1289978027344,0.7958142757415771,0.9904469847679138,0.8806893825531006,0.8171589374542236,0.0031310557387769222,0.000880821084138006,0.6683682203292847,0.9949668049812317,BOMBAY
173824.3125,1592.5184326171875,605.743896484375,366.573486328125,1.6616590023040771,0.800533652305603,174379.75,465.51141357421875,0.8086279034614563,0.9882515668869019,0.8622346520423889,0.7699738144874573,0.0035424495581537485,0.0007413433049805462,0.5948509573936462,0.9920334815979004,BOMBAY
167342.75,1538.2501220703125,572.4070434570312,376.4767150878906,1.4889709949493408,0.7392826080322266,170091.953125,464.67364501953125,0.7633057236671448,0.9896246194839478,0.8937280178070068,0.8179511427879333,0.003405909752473235,0.0009319974342361093,0.6670323610305786,0.9968318939208984,BOMBAY
201376.234375,1720.5205078125,659.28271484375,391.9504089355469,1.6835248470306396,0.8049301505088806,206249.109375,507.8191833496094,0.7866119146347046,0.9799809455871582,0.8318377137184143,0.7638713717460632,0.003298800904303789,0.0006978766177780926,0.5869548320770264,0.9868720173835754,BOMBAY
178090.296875,1600.7100830078125,587.24609375,384.8349914550781,1.5466830730438232,0.7640961408615112,181963.859375,476.6044921875,0.7879431247711182,0.9849061369895935,0.8877560496330261,0.8009238243103027,0.00332403602078557,0.0008615631377324462,0.6398281455039978,0.9925166368484497,BOMBAY
198024.53125,1711.2166748046875,657.3767700195312,383.8465881347656,1.7009272575378418,0.8058049082756042,203473.75,502.814697265625,0.7354612946510315,0.9781988859176636,0.8380934596061707,0.7600522637367249,0.0033596029970794916,0.0006863584276288748,0.5762916803359985,0.9797112941741943,BOMBAY
180358.515625,1619.570556640625,606.510009765625,377.58856201171875,1.6159462928771973,0.7863059043884277,183472.375,481.0596923828125,0.8125711679458618,0.9916942119598389,0.8636012673377991,0.7870703339576721,0.003378663444891572,0.0008035218925215304,0.6168571710586548,0.9953029155731201,BOMBAY
228249.6875,1884.179931640625,721.9310913085938,400.663330078125,1.745789885520935,0.827941358089447,232792.109375,554.7384033203125,0.7354917526245117,0.9831444025039673,0.8215245008468628,0.7478231191635132,0.003237019991502166,0.0005917276139371097,0.5684323310852051,0.9846993088722229,BOMBAY
98686.9921875,1195.3817138671875,469.8326721191406,265.0078125,1.5278891324996948,0.7646788358688354,93964.046875,333.9959716796875,0.7687101364135742,0.9896177649497986,0.8688206076622009,0.8015555739402771,0.004802154377102852,0.0009873793460428715,0.6448437571525574,0.9970592260360718,BOMBAY
169730.65625,1566.83837890625,611.7704467773438,354.7720642089844,1.6821913719177246,0.8029685020446777,172993.265625,464.7196350097656,0.8120360374450684,0.9921557903289795,0.8717949390411377,0.7661159634590149,0.0036337331403046846,0.0007742720190435648,0.5888766646385193,0.9942833781242371,BOMBAY
150937.015625,1491.462158203125,553.6792602539062,356.732177734375,1.5402021408081055,0.760470986366272,150353.234375,445.2069091796875,0.8044764995574951,0.9914169311523438,0.8733254671096802,0.804501473903656,0.0036099283024668694,0.0009233924211002886,0.648000955581665,0.995689332485199,BOMBAY
191961.234375,1697.548583984375,645.4813842773438,383.3394470214844,1.689841628074646,0.808435320854187,194590.1875,495.6518249511719,0.7735128402709961,0.9828296899795532,0.81753009557724,0.7632483243942261,0.0033489190973341465,0.0007170074386522174,0.5872161984443665,0.9917111992835999,BOMBAY
88030.359375,1167.2545166015625,441.23651123046875,274.19720458984375,1.4296680688858032,0.6945818662643433,87372.7109375,330.3656005859375,0.7860707640647888,0.9903223514556885,0.9055467844009399,0.8575786352157593,0.0049283322878181934,0.001490332535468042,0.7200799584388733,0.9960818290710449,BOMBAY
125353.328125,1469.0931396484375,525.420654296875,339.8747253417969,1.5533642768859863,0.7617819309234619,116572.21875,362.2014465332031,0.8254314064979553,0.990482747554779,0.8665735721588135,0.8039286136627197,0.0037278886884450912,0.0009367006132379174,0.6462355256080627,0.9938374757766724,BOMBAY
181686.4375,1626.5943603515625,591.946044921875,387.0522155761719,1.5615397691726685,0.767490029335022,183494.84375,479.8370056152344,0.7811540961265564,0.9891637563705444,0.8664306998252869,0.797004759311676,0.0033175696153193712,0.0008392014424316585,0.6387309432029724,0.9919322729110718,BOMBAY
202218.875,1715.9453125,641.5313720703125,403.1417236328125,1.5882436037063599,0.780550479888916,203766.5,507.9655456542969,0.8101851344108582,0.9913538694381714,0.8570517897605896,0.788911759853363,0.003206925932317972,0.0007526763365603983,0.6231410503387451,0.9923514127731323,BOMBAY
204268.828125,1723.7252197265625,660.3805541992188,389.88385009765625,1.708449363708496,0.8092840909957886,203686.59375,504.2823486328125,0.7293007373809814,0.9865760803222656,0.8453617691993713,0.7610145211219788,0.0032897067721933126,0.0006613273872062564,0.5723893642425537,0.9904265999794006,BOMBAY
160223.390625,1548.0830078125,573.162109375,363.24481201171875,1.5859074592590332,0.7753517031669617,159790.515625,448.2788391113281,0.8192017674446106,0.9855026006698608,0.8538306951522827,0.7908415794372559,0.0035267507191747427,0.0008722587372176349,0.6274294257164001,0.9915640950202942,BOMBAY
146219.828125,1489.5826416015625,550.288330078125,347.78619384765625,1.573066234588623,0.7734078764915466,146962.03125,429.74334716796875,0.7415697574615479,0.991386353969574,0.8620619177818298,0.7899802923202515,0.0036945524625480175,0.0008983732550404966,0.6268548965454102,0.9951874613761902,BOMBAY
183484.453125,1647.7039794921875,603.6787719726562,388.5423889160156,1.5971851348876953,0.7796017527580261,184193.796875,482.898193359375,0.8053576946258545,0.9873137474060059,0.8436996936798096,0.7888128757476807,0.0033205312211066484,0.0008146649925038218,0.6205852627754211,0.991655170917511,BOMBAY
169520.359375,1565.808349609375,568.3538208007812,384.6653137207031,1.4730095863342285,0.7353363633155823,172313.640625,465.50848388671875,0.7949747443199158,0.9881576895713806,0.8856839537620544,0.8196159601211548,0.0033293296582996845,0.0009258163045160472,0.6738995909690857,0.9911903142929077,BOMBAY
222291.6875,1748.1317138671875,673.0457153320312,407.5553283691406,1.6256842613220215,0.7900102138519287,223800.890625,530.4548950195312,0.7944824695587158,0.9896591901779175,0.8645108342170715,0.7791433930397034,0.0031324790325015783,0.0007174911443144083,0.6123855113983154,0.9927709102630615,BOMBAY
161828.53125,1548.207275390625,575.2933349609375,359.31842041015625,1.593314528465271,0.7760339975357056,160288.484375,454.8722839355469,0.7138298749923706,0.9798621535301208,0.8452040553092957,0.7868914008140564,0.003707700641825795,0.0008549764752388,0.6193046569824219,0.9841229319572449,BOMBAY
167765.875,1549.1077880859375,562.7024536132812,381.3474426269531,1.4848620891571045,0.7401872277259827,169643.796875,464.86016845703125,0.7757217288017273,0.9850815534591675,0.8892841935157776,0.8167083859443665,0.003352340077981353,0.0009310537134297192,0.6667543053627014,0.9914186596870422,BOMBAY
203801.796875,1717.8604736328125,651.9183349609375,400.0525207519531,1.6320436000823975,0.7891284823417664,205768.0625,509.9903564453125,0.7642046809196472,0.9890936613082886,0.8639050722122192,0.7777148485183716,0.0032278953585773706,0.0007354883127845824,0.6103048324584961,0.9900472164154053,BOMBAY
88197.03125,1183.447998046875,433.82427978515625,256.36785888671875,1.4784592390060425,0.74215167760849,89581.625,326.1076965332031,0.793885350227356,0.987933337688446,0.881238579750061,0.8111000657081604,0.00489205215126276,0.0011250476818531752,0.6651857495307922,0.9941322803497314,BOMBAY
100057.078125,1278.4993896484375,519.0578002929688,270.37261962890625,1.5626471042633057,0.7648988962173462,136293.734375,424.318115234375,0.82565838098526,0.9886236786842346,0.8919720649719238,0.7978028655052185,0.004067466128617525,0.0009449290228076279,0.63682621717453,0.9943430423736572,BOMBAY
205729.515625,1738.06103515625,662.003662109375,397.1529846191406,1.7105870246887207,0.8074455261230469,208766.65625,511.4157409667969,0.8088610172271729,0.982707142829895,0.8457186222076416,0.7608222365379333,0.0032404218800365925,0.0006798582035116851,0.5786169171333313,0.9880363941192627,BOMBAY
120750.9296875,1300.39111328125,472.5374755859375,344.16845703125,1.4988200664520264,0.7389500141143799,117495.671875,355.9551086425781,0.7170432806015015,0.9839115738868713,0.8945090770721436,0.8139455914497375,0.003634205786511302,0.0009859896963462234,0.6588394641876221,0.9892110228538513,BOMBAY
173392.6875,1584.488037109375,593.9234619140625,374.4748229980469,1.587801456451416,0.7751294374465942,173574.390625,470.25921630859375,0.8138427734375,0.9902101755142212,0.8772059679031372,0.7930236458778381,0.003438717918470502,0.000834335049148649,0.6278424263000488,0.994369387626648,BOMBAY
194679.3125,1680.077392578125,652.7236328125,381.74713134765625,1.7097309827804565,0.8103758692741394,196341.203125,497.49981689453125,0.7895018458366394,0.9843410849571228,0.8392881155014038,0.7613106369972229,0.0033336442429572344,0.0006954253185540438,0.5782760381698608,0.9913846254348755,BOMBAY
157005.09375,1529.0550537109375,538.15380859375,392.157958984375,1.321642279624939,0.6568968892097473,163709.5625,451.757080078125,0.7497840523719788,0.9843536019325256,0.8801023960113525,0.8626196384429932,0.0033008730970323086,0.0010725305182859302,0.7450405359268188,0.9892615079879761,BOMBAY
200622.546875,1720.310791015625,659.70947265625,388.8334045410156,1.7136675119400024,0.8121606707572937,201643.0,501.2963562011719,0.7343339323997498,0.9883692264556885,0.8572679162025452,0.7641283273696899,0.0032859037164598703,0.0006868001073598862,0.588080883026123,0.9943580627441406,BOMBAY
95806.15625,1227.5701904296875,448.09686279296875,268.6766357421875,1.4466363191604614,0.7128854393959045,103986.0859375,343.0161437988281,0.7757747769355774,0.9857324957847595,0.8628272414207458,0.8304000496864319,0.0046538920141756535,0.0011018580989912152,0.6832219958305359,0.9940637350082397,BOMBAY
156276.40625,1518.531005859375,558.1812744140625,360.0810546875,1.559640645980835,0.7696687579154968,159610.015625,449.80963134765625,0.8025378584861755,0.9815464019775391,0.8649450540542603,0.7920885682106018,0.0035312119871377945,0.0008916371152736247,0.6281006336212158,0.9866474866867065,BOMBAY
184053.90625,1637.612060546875,620.2399291992188,379.6664733886719,1.6249887943267822,0.7896392941474915,186846.171875,484.3638610839844,0.7822041511535645,0.9910634756088257,0.8622528314590454,0.7833556532859802,0.0033627201337367296,0.0007765385671518743,0.6109256148338318,0.9966174960136414,BOMBAY
178108.375,1621.1197509765625,640.273193359375,357.54058837890625,1.7736802101135254,0.8283581137657166,182551.171875,477.022216796875,0.8229278326034546,0.9905416369438171,0.8472036719322205,0.7446161508560181,0.0035355365835130215,0.0006818905822001398,0.557191789150238,0.9939761161804199,BOMBAY
162842.28125,1535.7822265625,576.8600463867188,363.5037841796875,1.6096092462539673,0.7808545827865601,167520.390625,450.9421691894531,0.7671724557876587,0.990077018737793,0.867547869682312,0.7844550609588623,0.0034951309207826853,0.0008549659978598356,0.6189773082733154,0.9935252666473389,BOMBAY
161823.578125,1520.638916015625,571.0869750976562,363.13604736328125,1.5686801671981812,0.7732040286064148,162632.734375,451.5333251953125,0.7244822382926941,0.9903556108474731,0.8856175541877747,0.7933276891708374,0.0035660380963236094,0.0008718956960365176,0.6336345076560974,0.9944866299629211,BOMBAY
238895.96875,1902.874755859375,699.9327392578125,449.6938171386719,1.5707507133483887,0.764132559299469,246394.40625,557.7874755859375,0.7848511934280396,0.9806764125823975,0.851137638092041,0.7959052324295044,0.0028861446771770716,0.0007294233655557036,0.6306262016296387,0.9844285845756531,BOMBAY
162658.71875,1446.1602783203125,552.9705200195312,375.1167297363281,1.4353208541870117,0.7206066846847534,157053.046875,447.3204040527344,0.76563960313797,0.9918697476387024,0.9042516946792603,0.8340158462524414,0.003399284090846777,0.001021927921101451,0.6966602802276611,0.9977849721908569,BOMBAY
172819.609375,1573.244384765625,578.2899169921875,375.3501892089844,1.5575627088546753,0.7666590213775635,175946.140625,473.66046142578125,0.8326932191848755,0.9906171560287476,0.8801694512367249,0.7921152710914612,0.003394428873434663,0.0008461938123218715,0.6354459524154663,0.9942523241043091,BOMBAY
207726.625,1752.5499267578125,696.725830078125,390.8500061035156,1.790976643562317,0.8327235579490662,208805.90625,513.8711547851562,0.8341168761253357,0.9905673265457153,0.8509088158607483,0.7532575130462646,0.0032770002726465464,0.0006251570302993059,0.552241325378418,0.9934775233268738,BOMBAY
156580.28125,1516.6663818359375,560.4982299804688,355.18951416015625,1.5708374977111816,0.7681484222412109,155852.421875,449.39654541015625,0.7490187287330627,0.9873287677764893,0.8667684197425842,0.796012282371521,0.003600836033001542,0.0008918832172639668,0.6335878372192383,0.9932953119277954,BOMBAY
205131.65625,1739.3056640625,680.5169067382812,387.8663635253906,1.7472378015518188,0.8204575777053833,207755.0,508.52838134765625,0.7790446281433105,0.9864804744720459,0.8156121969223022,0.7508446574211121,0.003304241457954049,0.0006656704354099929,0.5643123984336853,0.9904658198356628,BOMBAY
183497.484375,1628.898193359375,601.2303466796875,396.6491394042969,1.521257758140564,0.757830023765564,185724.203125,481.74993896484375,0.7494608163833618,0.9855530858039856,0.8651747107505798,0.8070376515388489,0.003222961910068989,0.0008731959387660027,0.6509771347045898,0.9943481683731079,BOMBAY
204181.1875,1700.6927490234375,630.9718627929688,412.2006530761719,1.5002121925354004,0.7454427480697632,205794.78125,509.9261474609375,0.8030802607536316,0.9893760085105896,0.8948174715042114,0.8140689730644226,0.0030889303889125586,0.0008575886604376137,0.6640595197677612,0.9943649768829346,BOMBAY
205723.0,1744.428466796875,660.300048828125,400.77838134765625,1.6444696187973022,0.7932262420654297,209444.484375,513.5029907226562,0.8036390542984009,0.9880349040031433,0.8549540042877197,0.7766710519790649,0.003194171702489257,0.0007340252632275224,0.6053153276443481,0.9917179346084595,BOMBAY
161346.375,1531.018310546875,550.1346435546875,366.1593322753906,1.510947585105896,0.7522475123405457,160208.984375,455.3392028808594,0.7645780444145203,0.9865016937255859,0.8810054063796997,0.8093309998512268,0.0035072911996394396,0.0009167445823550224,0.6551758646965027,0.9928220510482788,BOMBAY
198536.703125,1696.979736328125,643.4808959960938,396.0155334472656,1.6339694261550903,0.7925572991371155,202514.3125,501.2805480957031,0.7860196232795715,0.9768621921539307,0.8516857028007507,0.7754682302474976,0.0032645140308886766,0.0007501294603571296,0.6054621338844299,0.9837654232978821,BOMBAY
206763.671875,1741.8720703125,666.068359375,396.92864990234375,1.7103544473648071,0.8097481727600098,208388.765625,510.9119873046875,0.834327757358551,0.9876164197921753,0.8507256507873535,0.7660365104675293,0.0032419348135590553,0.0006680890219286084,0.5769999027252197,0.9905555248260498,BOMBAY
143594.875,1433.11962890625,528.931640625,289.12384033203125,1.5387223958969116,0.7626814842224121,152094.25,429.42486572265625,0.7862384915351868,0.9867303371429443,0.8807844519615173,0.8046231269836426,0.003663603914901614,0.0009457161650061607,0.6512707471847534,0.9951677918434143,BOMBAY
192783.546875,1658.7301025390625,623.1697998046875,395.57366943359375,1.565921664237976,0.7683566808700562,196348.3125,497.24639892578125,0.7867339849472046,0.9918224215507507,0.879542887210846,0.7982203364372253,0.0032196384854614735,0.000809714721981436,0.6361740231513977,0.9943839311599731,BOMBAY
172916.6875,1574.9149169921875,585.7962646484375,370.87744140625,1.5749437808990479,0.7717192769050598,173208.953125,475.9002990722656,0.7882819771766663,0.9938704371452332,0.8996314406394958,0.7911897301673889,0.003422051202505827,0.000817818392533809,0.6323820352554321,0.9975020885467529,BOMBAY
179986.109375,1584.9390869140625,570.4266967773438,392.68084716796875,1.4916105270385742,0.7449969053268433,179576.890625,478.23516845703125,0.736136257648468,0.9908666610717773,0.8915801644325256,0.8160123229026794,0.0032840478233993053,0.0009101831819862127,0.6663379073143005,0.9943017363548279,BOMBAY
163797.3125,1539.7686767578125,557.6672973632812,376.4349365234375,1.4973924160003662,0.7410745620727539,167070.578125,459.5257873535156,0.7343783378601074,0.9890416860580444,0.8882378339767456,0.8148157000541687,0.0034059975296258926,0.0009248946444131434,0.6622024178504944,0.9937108159065247,BOMBAY
170410.84375,1554.2322998046875,574.302001953125,380.14996337890625,1.5002477169036865,0.7485415935516357,173840.0,470.9115905761719,0.7619466781616211,0.9913023710250854,0.8930034041404724,0.8119426369667053,0.003371124155819416,0.0009073721012100577,0.6567031145095825,0.9928739070892334,BOMBAY
231761.984375,1894.936767578125,720.0564575195312,397.9497375488281,1.794616937637329,0.8323286771774292,238530.90625,550.6077270507812,0.8288975358009338,0.9867188930511475,0.8235602378845215,0.7421916723251343,0.0031646620482206345,0.0005905996076762676,0.5471927523612976,0.9914237856864929,BOMBAY
203014.125,1728.259033203125,679.481689453125,377.10833740234375,1.8098260164260864,0.8307830095291138,200755.96875,507.6666259765625,0.8198607563972473,0.9888923764228821,0.8370359539985657,0.7458198666572571,0.003404320450499654,0.0006084509077481925,0.5477526783943176,0.988545835018158,BOMBAY
235879.125,1887.286376953125,705.6408081054688,421.2306213378906,1.7418240308761597,0.8118916749954224,239353.265625,554.28076171875,0.8433895707130432,0.9903656840324402,0.8488906621932983,0.755064845085144,0.0030033306684345007,0.000589747738558799,0.574297308921814,0.9932525157928467,BOMBAY
207428.703125,1786.0123291015625,693.59326171875,393.1750793457031,1.7706894874572754,0.828093409538269,213651.59375,516.169921875,0.8263829350471497,0.9850754737854004,0.8181810975074768,0.7513282895088196,0.0032758056186139584,0.0006035027327015996,0.5442321300506592,0.9905247688293457,BOMBAY
164719.921875,1539.373291015625,571.1923828125,377.6587829589844,1.5143247842788696,0.7487804889678955,167927.21875,460.04034423828125,0.7394365668296814,0.9891747832298279,0.8744279146194458,0.8119754791259766,0.0033956177067011595,0.0009206561371684074,0.6592124700546265,0.9932962656021118,BOMBAY
115225.046875,1468.2254638671875,519.3212890625,272.85443115234375,1.6183366775512695,0.7865082621574402,128103.875,420.7595520019531,0.7802696824073792,0.9749045968055725,0.8389328718185425,0.7843546867370605,0.004720540251582861,0.000880843959748745,0.6116950511932373,0.9892469644546509,BOMBAY
182536.5,1636.8795166015625,592.3819580078125,396.4169921875,1.5261493921279907,0.754828155040741,187588.78125,485.092529296875,0.805007815361023,0.9835519790649414,0.8766428232192993,0.8071413040161133,0.0032558145467191935,0.0008747525862418115,0.6521114110946655,0.9875627756118774,BOMBAY
178831.515625,1622.3770751953125,586.6000366210938,384.6616516113281,1.5752586126327515,0.7706829309463501,183357.921875,479.17041015625,0.7723079919815063,0.9824301600456238,0.8684902191162109,0.7942216992378235,0.003350926795974374,0.000818917527794838,0.6300612688064575,0.9906162023544312,BOMBAY
151336.515625,1476.009765625,571.4509887695312,317.3442687988281,1.6155884265899658,0.7858666181564331,158551.546875,424.46246337890625,0.787011444568634,0.9884093999862671,0.8571274280548096,0.7835267186164856,0.004133930429816246,0.0008699375321157277,0.607252836227417,0.9920706748962402,BOMBAY
174026.15625,1592.51318359375,576.0961303710938,388.15203857421875,1.5109766721725464,0.7523601055145264,177688.625,474.4412536621094,0.7979626059532166,0.9875988960266113,0.8782488107681274,0.8097103238105774,0.0033030984923243523,0.0008891058387234807,0.6589157581329346,0.9950546622276306,BOMBAY
154026.609375,1473.631103515625,531.6937255859375,358.79498291015625,1.4873013496398926,0.7371377944946289,155528.03125,443.165283203125,0.7673951387405396,0.9899855256080627,0.8948653340339661,0.8183483481407166,0.003583935322239995,0.0009932754328474402,0.6696510314941406,0.9945576786994934,BOMBAY
179866.359375,1651.3258056640625,642.7977294921875,370.5158996582031,1.7277448177337646,0.8178716897964478,185704.53125,481.2721862792969,0.8052559494972229,0.9781846404075623,0.8210816979408264,0.7497054934501648,0.0035344213247299194,0.0006940586026757956,0.5646424293518066,0.9807515740394592,BOMBAY
142085.140625,1418.5718994140625,524.3552856445312,382.4863586425781,1.3286598920822144,0.6387313604354858,157391.78125,445.8285217285156,0.7718666195869446,0.9932570457458496,0.920355498790741,0.8681201338768005,0.003366750432178378,0.0011336661409586668,0.7381489276885986,0.9972187280654907,BOMBAY
161504.0625,1533.974609375,581.5726928710938,353.7167053222656,1.6263833045959473,0.7886306047439575,161390.140625,455.0361328125,0.696376621723175,0.9849331378936768,0.8563022613525391,0.7820881605148315,0.0035677056293934584,0.0008455101051367819,0.6106492877006531,0.9921255111694336,BOMBAY
177172.84375,1641.7467041015625,644.791259765625,359.4095764160156,1.7699897289276123,0.8271957635879517,181113.5,473.754150390625,0.7064793705940247,0.9794996976852417,0.8109214901924133,0.7473779320716858,0.0035623824223876,0.0006767070735804737,0.5654217004776001,0.9874017834663391,BOMBAY
172218.59375,1603.7447509765625,577.5879516601562,383.5512390136719,1.5227296352386475,0.7536181807518005,177247.890625,468.21673583984375,0.7786924242973328,0.9810196161270142,0.8645761013031006,0.8071365356445312,0.00334620987996459,0.0008899340755306184,0.6506491899490356,0.9904967546463013,BOMBAY
179991.5,1629.039794921875,617.7539672851562,379.35205078125,1.623053789138794,0.7864705324172974,183507.0625,478.00299072265625,0.7914205193519592,0.9777478575706482,0.856072723865509,0.7809932231903076,0.0034144611563533545,0.0007943020900711417,0.6107040643692017,0.9811587929725647,BOMBAY
185254.40625,1633.8778076171875,589.0909423828125,395.4133605957031,1.5274319648742676,0.7505947947502136,187766.703125,486.1504211425781,0.7415342926979065,0.983043909072876,0.8781145215034485,0.8072307705879211,0.003257317701354623,0.000872139644343406,0.6544950604438782,0.9893492460250854,BOMBAY
158602.234375,1571.613037109375,560.4816284179688,353.83013916015625,1.5870451927185059,0.7774596214294434,158510.671875,448.15032958984375,0.7588924169540405,0.9823045134544373,0.8131407499313354,0.791985034942627,0.0036069017369300127,0.0008296074229292572,0.6223112344741821,0.9925203323364258,BOMBAY
162647.046875,1533.9110107421875,570.3632202148438,367.5086669921875,1.5472362041473389,0.7632800936698914,165460.0625,456.6817932128906,0.7397047877311707,0.9896678924560547,0.879371702671051,0.8033092617988586,0.0034899027086794376,0.0008904776768758893,0.6411213278770447,0.9938344359397888,BOMBAY
159462.78125,1534.6446533203125,585.5819702148438,354.754638671875,1.6675333976745605,0.7986176609992981,162832.328125,455.56787109375,0.8100551962852478,0.9912672638893127,0.8580213189125061,0.7735283374786377,0.0036564467009156942,0.0008142268634401262,0.5984390377998352,0.9957818388938904,BOMBAY
172371.109375,1580.3433837890625,573.7483520507812,383.467041015625,1.4982465505599976,0.7440223097801208,172741.265625,469.2799072265625,0.7679944038391113,0.9899567365646362,0.8869268298149109,0.8166264891624451,0.003329722909256816,0.0009119808091782033,0.6637903451919556,0.9958362579345703,BOMBAY
183627.265625,1626.871826171875,613.13525390625,391.2409362792969,1.5623633861541748,0.7667768597602844,187106.375,485.81292724609375,0.7651721835136414,0.9920311570167542,0.8837472796440125,0.7988945245742798,0.003263120772317052,0.0008235303102992475,0.6407195329666138,0.9960395693778992,BOMBAY
192314.21875,1676.84423828125,644.51416015625,383.89361572265625,1.6813791990280151,0.8070385456085205,196889.71875,500.34600830078125,0.8198996782302856,0.9910148978233337,0.8603158593177795,0.7702884674072266,0.0033274858724325895,0.0007127536810003221,0.5876299738883972,0.9933041334152222,BOMBAY
231490.59375,1851.5692138671875,670.4296264648438,447.8251953125,1.5176715850830078,0.7477051615715027,235496.3125,545.662353515625,0.7837713360786438,0.9876574277877808,0.8822228908538818,0.8056991100311279,0.002866532886400819,0.0008095409139059484,0.6564324498176575,0.9935453534126282,BOMBAY
193299.046875,1643.3251953125,607.7160034179688,404.7386169433594,1.4543229341506958,0.7293044328689575,195072.421875,494.40887451171875,0.8072700500488281,0.9895430207252502,0.8978118300437927,0.8242801427841187,0.0031407757196575403,0.0009175129816867411,0.6813550591468811,0.9957746267318726,BOMBAY
157650.90625,1526.803466796875,541.0851440429688,376.07635498046875,1.4622178077697754,0.7224974036216736,155878.578125,446.07989501953125,0.7810201048851013,0.9891002178192139,0.8408574461936951,0.8279337882995605,0.0034470479004085064,0.0009615458548069,0.6897770166397095,0.9941911101341248,BOMBAY
173872.453125,1592.588623046875,598.0956420898438,372.76568603515625,1.6217674016952515,0.7836076021194458,174428.546875,468.3941955566406,0.806867778301239,0.9887851476669312,0.8546004891395569,0.7822934985160828,0.0034306577872484922,0.0008031288161873817,0.6157392263412476,0.9929285049438477,BOMBAY
161615.65625,1536.5145263671875,580.7194213867188,365.89910888671875,1.5572283267974854,0.7646308541297913,166917.234375,455.60662841796875,0.78152996301651,0.9914622902870178,0.8771281838417053,0.7995848655700684,0.003485887311398983,0.0008863390539772809,0.6434129476547241,0.9976276755332947,BOMBAY
191914.625,1653.65625,622.1314086914062,390.1997985839844,1.5881835222244263,0.7777060270309448,195763.390625,494.5830383300781,0.7901625633239746,0.9878717660903931,0.8666247725486755,0.7897571921348572,0.0032975508365780115,0.0007907020044513047,0.624304473400116,0.9922142028808594,BOMBAY
169121.1875,1560.5157470703125,574.8761596679688,379.4562683105469,1.490800380706787,0.7415121793746948,170493.3125,463.396240234375,0.7906183004379272,0.9865109920501709,0.8735930919647217,0.8170437812805176,0.003384987125173211,0.0009277211502194405,0.669094443321228,0.9929461479187012,BOMBAY
201204.890625,1714.004638671875,664.1596069335938,395.3556213378906,1.690026879310608,0.8037245869636536,205689.65625,504.34429931640625,0.7204639911651611,0.9785869717597961,0.8465134501457214,0.7629997730255127,0.0032649890054017305,0.0007042768993414938,0.5886116027832031,0.9859503507614136,BOMBAY
167183.4375,1558.2835693359375,585.4738159179688,366.50933837890625,1.5962786674499512,0.7801932692527771,169560.46875,465.4911193847656,0.8261885046958923,0.990363597869873,0.8748787641525269,0.7903750538825989,0.003465657588094473,0.0008486182778142393,0.6215473413467407,0.9936262965202332,BOMBAY
182469.859375,1644.2227783203125,612.3109130859375,383.1817626953125,1.5983470678329468,0.7785665392875671,184747.203125,479.3832702636719,0.7888212203979492,0.9862269759178162,0.8477228283882141,0.7902132868766785,0.0033567880745977163,0.000795606872998178,0.6180305480957031,0.9916754961013794,BOMBAY
192608.46875,1652.1131591796875,621.857177734375,393.500732421875,1.5631054639816284,0.7669537663459778,194696.375,492.2900390625,0.785352349281311,0.9859994649887085,0.8721495270729065,0.7969805002212524,0.0032732277177274227,0.0008082186686806381,0.6337172985076904,0.990809440612793,BOMBAY
172294.53125,1566.7947998046875,583.1404418945312,385.419921875,1.50279700756073,0.7435092329978943,178310.09375,474.580322265625,0.7299546599388123,0.9913768172264099,0.8916575312614441,0.8179073929786682,0.003319475566968322,0.0009236633777618408,0.6673835515975952,0.9977205991744995,BOMBAY
204126.046875,1707.1414794921875,626.244140625,417.0262756347656,1.518215298652649,0.7487855553627014,205609.140625,505.73760986328125,0.7806182503700256,0.9844005703926086,0.8745933771133423,0.8076496720314026,0.003132423385977745,0.0008533879881724715,0.6534046530723572,0.9902611374855042,BOMBAY
136452.4375,1413.701416015625,515.1626586914062,353.44598388671875,1.4588820934295654,0.7276136875152588,151810.296875,361.1340637207031,0.7585048675537109,0.9858047962188721,0.8645880222320557,0.8239050507545471,0.003624257631599903,0.0010297117987647653,0.6804943084716797,0.9914292693138123,BOMBAY
183311.3125,1647.9554443359375,633.0565795898438,373.4768371582031,1.6921515464782715,0.8030321002006531,186248.78125,478.5650634765625,0.7828670740127563,0.9903188347816467,0.8507986664772034,0.7660476565361023,0.0034571229480206966,0.0007101495284587145,0.5850825905799866,0.9913843870162964,BOMBAY
150481.65625,1522.5291748046875,585.911376953125,347.3780212402344,1.682340383529663,0.7973069548606873,159439.453125,390.040283203125,0.8336287140846252,0.9920864701271057,0.8513299822807312,0.7743500471115112,0.004643924999982119,0.000822428788524121,0.5980637669563293,0.9953241944313049,BOMBAY
170413.171875,1557.09765625,568.9100952148438,388.27978515625,1.4462261199951172,0.7234416604042053,173281.515625,466.5725402832031,0.7848866581916809,0.9866783022880554,0.8995032906532288,0.8273457884788513,0.0032913805916905403,0.000950826273765415,0.6821604371070862,0.9908440709114075,BOMBAY
203437.53125,1730.983154296875,664.9996337890625,394.5728454589844,1.7083452939987183,0.8106423616409302,202779.90625,502.5099182128906,0.821699321269989,0.9842373728752136,0.8506461381912231,0.7669503688812256,0.0033102035522460938,0.0006847954937256873,0.5800252556800842,0.9879132509231567,BOMBAY
154048.828125,1545.3935546875,522.0549926757812,372.8099060058594,1.4895726442337036,0.7404393553733826,161181.0,452.0965576171875,0.7162777781486511,0.9852782487869263,0.8340603113174438,0.8151946663856506,0.0034456097055226564,0.0009397058747708797,0.6637264490127563,0.9938967823982239,BOMBAY
191529.328125,1666.3089599609375,635.9995727539062,386.2444152832031,1.660878300666809,0.7985435128211975,192719.140625,492.1558837890625,0.8240074515342712,0.9875780344009399,0.8610503673553467,0.7712676525115967,0.0033691180869936943,0.0007207297603599727,0.5968546867370605,0.9898521304130554,BOMBAY
158608.484375,1507.4937744140625,561.2622680664062,365.383056640625,1.5481741428375244,0.7621545791625977,158734.546875,449.1097412109375,0.8142980337142944,0.9890128970146179,0.8692402839660645,0.8036689162254333,0.0035025032702833414,0.000918746751267463,0.6422482132911682,0.9941655397415161,BOMBAY
232632.21875,1853.1937255859375,704.72802734375,407.6233825683594,1.664588451385498,0.7973123788833618,233818.46875,535.953125,0.7937967777252197,0.9892134070396423,0.8552991151809692,0.7720792293548584,0.0031417629215866327,0.000670172565151006,0.6050161719322205,0.9934617280960083,BOMBAY
166968.5625,1551.162109375,589.3944091796875,362.9150085449219,1.6095678806304932,0.780899167060852,166723.40625,461.36846923828125,0.7877084612846375,0.9921361207962036,0.8741104602813721,0.788626492023468,0.0035252843517810106,0.0008305844385176897,0.6197001338005066,0.9968222379684448,BOMBAY
177656.828125,1611.63134765625,589.6793823242188,383.87255859375,1.5502314567565918,0.7647792100906372,180879.53125,474.7940673828125,0.719743013381958,0.9742944836616516,0.8527918457984924,0.7948145270347595,0.0033698175102472305,0.0008261791663244367,0.6306276917457581,0.9796645045280457,BOMBAY
166417.015625,1577.750244140625,621.7797241210938,360.27227783203125,1.707761287689209,0.8091273307800293,168218.734375,468.9470520019531,0.8201040625572205,0.9913302659988403,0.8499438762664795,0.7596770524978638,0.0035945456475019455,0.0007411020342260599,0.5832237005233765,0.9914764761924744,BOMBAY
188317.671875,1668.9910888671875,643.6139526367188,373.80328369140625,1.7740668058395386,0.8203207850456238,190730.890625,488.2395935058594,0.8073921799659729,0.9902234673500061,0.8491203188896179,0.7546858191490173,0.0034632342867553234,0.0006888912175782025,0.5621616244316101,0.9955028295516968,BOMBAY
159741.984375,1524.3868408203125,531.4862670898438,368.9549255371094,1.4393234252929688,0.7205303907394409,166658.65625,452.2171936035156,0.7290729284286499,0.981015682220459,0.868773877620697,0.8287580013275146,0.003499687882140279,0.0010109166614711285,0.6851533055305481,0.9909700155258179,BOMBAY
170488.734375,1587.132568359375,618.2039184570312,358.6923522949219,1.7171193361282349,0.8140603303909302,176000.578125,471.4656677246094,0.8066765069961548,0.9871766567230225,0.85527503490448,0.7608399987220764,0.003540981328114867,0.0007354774279519916,0.5716420412063599,0.9910198450088501,BOMBAY
138294.0625,1433.10595703125,479.4962463378906,359.219482421875,1.289273738861084,0.6549909114837646,104136.1953125,354.43353271484375,0.7253226637840271,0.9824590086936951,0.8644098043441772,0.8685169816017151,0.0035500330850481987,0.001167688868008554,0.7475171089172363,0.9912965297698975,BOMBAY
108513.9765625,1417.14794921875,509.145751953125,361.70550537109375,1.4614226818084717,0.7289940118789673,128982.6171875,403.9812316894531,0.7633427977561951,0.9925927519798279,0.9098674058914185,0.8274706602096558,0.003516032127663493,0.0009978464804589748,0.6792582869529724,0.9983863830566406,BOMBAY
170791.53125,1577.6583251953125,589.8843994140625,372.8421630859375,1.5952441692352295,0.7790777087211609,172807.640625,466.8196105957031,0.8072023987770081,0.9872831702232361,0.8724629282951355,0.788054347038269,0.003466649679467082,0.0008241977775469422,0.6212015151977539,0.9894664883613586,BOMBAY
163013.15625,1520.9744873046875,551.9276733398438,381.5721435546875,1.4652959108352661,0.7283509373664856,162200.28125,460.0175476074219,0.767677366733551,0.9918675422668457,0.8962333798408508,0.824305534362793,0.0033275936730206013,0.0009610779234208167,0.6847869753837585,0.9957334995269775,BOMBAY
186971.84375,1656.549072265625,642.3988037109375,378.0144958496094,1.691213846206665,0.8074212074279785,190487.109375,487.31463623046875,0.8200598359107971,0.9828800559043884,0.852741003036499,0.7638341784477234,0.003364920150488615,0.0007127280114218593,0.5836754441261292,0.9880223274230957,BOMBAY
180069.640625,1633.55712890625,625.7514038085938,368.6020812988281,1.7029410600662231,0.8106802105903625,183087.6875,478.8251037597656,0.7849486470222473,0.9840623140335083,0.8492870330810547,0.7592238187789917,0.003482710337266326,0.0007294146344065666,0.5764992833137512,0.9899960160255432,BOMBAY
162716.90625,1518.5440673828125,568.906982421875,369.7880554199219,1.545714020729065,0.7636512517929077,164435.921875,458.5364685058594,0.7798441052436829,0.9923328757286072,0.8986561298370361,0.8015305995941162,0.0034682999830693007,0.0008948129252530634,0.6442719101905823,0.996651291847229,BOMBAY
178368.1875,1577.8109130859375,581.7385864257812,388.0166320800781,1.5146032571792603,0.750568687915802,180202.1875,477.00048828125,0.7951852679252625,0.9885017275810242,0.9014893770217896,0.8109264969825745,0.0033078340347856283,0.0009066337370313704,0.6597331166267395,0.9955883622169495,BOMBAY
132128.140625,1494.7388916015625,571.4584350585938,295.9160461425781,1.6521575450897217,0.7908409237861633,150499.8125,392.2349853515625,0.8296847343444824,0.9842890501022339,0.8317947387695312,0.7736524939537048,0.004565510433167219,0.0008533208747394383,0.5977380275726318,0.9881556630134583,BOMBAY
193913.921875,1650.9564208984375,577.9571533203125,425.7179870605469,1.428080439567566,0.7156569361686707,195268.40625,495.05926513671875,0.7963445782661438,0.9878246784210205,0.8988640904426575,0.8348965048789978,0.0030749349389225245,0.0009286821587011218,0.6954508423805237,0.9926773309707642,BOMBAY
214585.90625,1751.958251953125,648.517578125,439.938720703125,1.5331871509552002,0.7536720633506775,210404.578125,516.1012573242188,0.7963600754737854,0.9913473725318909,0.8899729251861572,0.8089576363563538,0.002961153630167246,0.0008091996423900127,0.6530343890190125,0.9951847791671753,BOMBAY
168542.59375,1589.14013671875,588.4608154296875,372.04278564453125,1.5961651802062988,0.7757320404052734,175578.859375,464.1400146484375,0.7910836935043335,0.989159345626831,0.8474690914154053,0.791124701499939,0.003436956088989973,0.0008296964806504548,0.6286264061927795,0.9965022802352905,BOMBAY
140897.21875,1398.85400390625,540.8986206054688,365.5578918457031,1.443706750869751,0.7173703908920288,148045.875,433.5896301269531,0.7861282825469971,0.9893746972084045,0.905356228351593,0.8327820301055908,0.0034910431131720543,0.0010715550743043423,0.6885397434234619,0.9955809712409973,BOMBAY
203753.90625,1727.7313232421875,639.3330688476562,406.9586486816406,1.5745230913162231,0.7741360664367676,206383.515625,507.7770690917969,0.7460658550262451,0.983424723148346,0.8430706858634949,0.7873819470405579,0.003170522628352046,0.0007844335632398725,0.6284292936325073,0.986120879650116,BOMBAY
101768.9453125,1282.7742919921875,514.4888305664062,261.4642639160156,1.6376497745513916,0.794861376285553,102207.53125,422.4715270996094,0.7505590319633484,0.9801850914955139,0.8594759702682495,0.7787494659423828,0.004772230051457882,0.0009060496231541038,0.6026296615600586,0.9891242384910583,BOMBAY
169546.5,1594.9681396484375,614.28369140625,364.60076904296875,1.755623698234558,0.816084623336792,174371.265625,464.5576477050781,0.7786040902137756,0.9878676533699036,0.8433532118797302,0.752668023109436,0.003567656734958291,0.0007229851325973868,0.5591141581535339,0.991569459438324,BOMBAY
184194.296875,1634.9017333984375,577.4945678710938,401.8697814941406,1.471031904220581,0.7340686917304993,187221.046875,482.999267578125,0.7491291165351868,0.988633394241333,0.8769715428352356,0.8208209872245789,0.00321712507866323,0.0008982791332527995,0.6710249781608582,0.9885286092758179,BOMBAY
182510.734375,1625.2464599609375,609.698974609375,381.828125,1.6149290800094604,0.7840111255645752,185201.75,481.99481201171875,0.801878035068512,0.9852980375289917,0.875924825668335,0.7846524715423584,0.0033341231755912304,0.0007955224718898535,0.6178383827209473,0.9914844036102295,BOMBAY
170059.765625,1560.0804443359375,575.7064819335938,374.9229431152344,1.5510936975479126,0.7639062404632568,171817.265625,469.02398681640625,0.7702081203460693,0.9900121688842773,0.8672418594360352,0.7984216809272766,0.0034138085320591927,0.0008654675330035388,0.641431450843811,0.9934795498847961,BOMBAY
214195.734375,1838.4278564453125,700.1686401367188,395.3833312988281,1.7417025566101074,0.8224416375160217,212604.90625,537.0623168945312,0.7912529706954956,0.9865937232971191,0.8195410370826721,0.7563225626945496,0.003236009506508708,0.0006287139840424061,0.558061957359314,0.9910004734992981,BOMBAY
186501.765625,1651.0511474609375,622.2120361328125,387.1407775878906,1.601550579071045,0.7810197472572327,189490.09375,487.5560607910156,0.757122814655304,0.9846569299697876,0.867527961730957,0.7853158116340637,0.0033282425720244646,0.0007950214785523713,0.6188741326332092,0.9894975423812866,BOMBAY
182780.40625,1634.402587890625,633.7996826171875,376.5649108886719,1.6893370151519775,0.806290864944458,183183.078125,478.6940612792969,0.8012180328369141,0.9848672747612,0.8543162941932678,0.7629687190055847,0.003437622683122754,0.0007283681770786643,0.5851043462753296,0.9899479150772095,BOMBAY
88530.65625,1176.832275390625,449.6238708496094,287.6705627441406,1.3564749956130981,0.6962488293647766,93614.1640625,333.256591796875,0.7874916195869446,0.990994393825531,0.8968818783760071,0.8570622801780701,0.004628509748727083,0.0013160667149350047,0.720856785774231,0.9975684881210327,BOMBAY
180447.890625,1640.44287109375,635.505859375,360.5897521972656,1.7546833753585815,0.822279155254364,182644.03125,480.32806396484375,0.8099976778030396,0.9884356260299683,0.8408335447311401,0.7532725930213928,0.0035113622434437275,0.0006900999578647316,0.560680627822876,0.9904378056526184,BOMBAY
180653.546875,1604.1513671875,624.1714477539062,374.585205078125,1.646229863166809,0.7954369187355042,182888.078125,480.45452880859375,0.8051739931106567,0.9883054494857788,0.8682681918144226,0.7758535742759705,0.0034087258391082287,0.0007663710857741535,0.6006976366043091,0.9917524456977844,BOMBAY
163803.421875,1550.7540283203125,567.8582763671875,374.0086669921875,1.5148295164108276,0.7503304481506348,166293.671875,460.6314392089844,0.7847319841384888,0.9908831119537354,0.8521125912666321,0.8091154098510742,0.0034356610849499702,0.0009131216793321073,0.6521579623222351,0.992327868938446,BOMBAY
178018.3125,1598.0733642578125,569.8875122070312,393.8175354003906,1.428760051727295,0.7118564248085022,177120.96875,474.6405029296875,0.795871913433075,0.9811614155769348,0.8738487958908081,0.8325803279876709,0.0032707348000258207,0.0009512965334579349,0.6955315470695496,0.9856301546096802,BOMBAY
169929.875,1583.1766357421875,597.6947021484375,364.93597412109375,1.6348940134048462,0.7887887358665466,175653.28125,465.326904296875,0.7796228528022766,0.9922741055488586,0.8656609058380127,0.7816654443740845,0.003489948809146881,0.0007778722210787237,0.60645592212677,0.9954118728637695,BOMBAY
165496.9375,1531.1636962890625,561.4246826171875,387.7975158691406,1.4368683099746704,0.7173947691917419,166321.484375,462.29705810546875,0.722937822341919,0.9917917251586914,0.8966007828712463,0.832793116569519,0.0033280830830335617,0.0009849388152360916,0.6868880987167358,0.996940553188324,BOMBAY
175644.546875,1568.7882080078125,583.0631103515625,385.5281066894531,1.5019396543502808,0.7472180724143982,178079.0,476.2949523925781,0.8044979572296143,0.9907701015472412,0.8973614573478699,0.8141785264015198,0.0033115532714873552,0.0009065676131285727,0.6612848043441772,0.9948837161064148,BOMBAY
183982.109375,1650.663330078125,629.5803833007812,379.37152099609375,1.6618849039077759,0.799452006816864,187278.234375,483.0161437988281,0.7581880688667297,0.9813588261604309,0.8396055698394775,0.7696897983551025,0.0034259010571986437,0.0007529997965320945,0.5926775932312012,0.9846913814544678,BOMBAY
156548.53125,1463.88818359375,522.5382080078125,368.9468994140625,1.4838769435882568,0.7397425174713135,153494.65625,441.0714416503906,0.7375639081001282,0.9917728304862976,0.8917422890663147,0.8193795680999756,0.0035034725442528725,0.0009737415821291506,0.6708999276161194,0.9944319128990173,BOMBAY
175976.015625,1568.9925537109375,581.5662231445312,383.2389831542969,1.4948289394378662,0.7430809736251831,178943.5625,477.76177978515625,0.763807475566864,0.9917002320289612,0.9042231440544128,0.8183066844940186,0.003297448856756091,0.0009050192893482745,0.6639760732650757,0.9983912706375122,BOMBAY
154003.71875,1479.403076171875,549.8289794921875,368.4246520996094,1.4855918884277344,0.7386329770088196,153252.609375,444.84442138671875,0.7833499908447266,0.9898462295532227,0.8901299834251404,0.8193619251251221,0.00346369412727654,0.0009669861756265163,0.6724854707717896,0.9956091642379761,BOMBAY
149842.25,1473.0908203125,572.6815185546875,306.61468505859375,1.603193998336792,0.7792682647705078,150323.75,434.4373779296875,0.7927120923995972,0.991798460483551,0.8680474758148193,0.7883539199829102,0.004537371452897787,0.0008927388116717339,0.6209122538566589,0.9942734241485596,BOMBAY
157614.25,1541.0762939453125,604.5384521484375,271.9458312988281,1.863624930381775,0.8420252203941345,158421.9375,429.8907165527344,0.8088922500610352,0.9821022152900696,0.8078981041908264,0.7210423350334167,0.004693619906902313,0.0006956060533411801,0.5261469483375549,0.9859977960586548,BOMBAY
196991.03125,1722.94189453125,671.1273803710938,372.44366455078125,1.8004993200302124,0.8336161971092224,198730.0,496.631591796875,0.8332555294036865,0.9884010553359985,0.8230576515197754,0.7366001009941101,0.003393246792256832,0.000606184359639883,0.5439534783363342,0.9914251565933228,BOMBAY
148567.921875,1422.8106689453125,502.67779541015625,276.8585205078125,1.5580451488494873,0.7602151036262512,151270.609375,422.99713134765625,0.8279772400856018,0.9878806471824646,0.8697584867477417,0.8036003708839417,0.004415486473590136,0.0009434663807041943,0.6400928497314453,0.9963092803955078,BOMBAY
146017.328125,1481.3460693359375,534.5759887695312,354.3856506347656,1.5039427280426025,0.7498832941055298,147305.484375,435.37860107421875,0.7872763872146606,0.9860422611236572,0.8531545996665955,0.812055766582489,0.0036251212004572153,0.0009350150940008461,0.6575101017951965,0.992531955242157,BOMBAY
179832.921875,1615.6805419921875,643.2186279296875,364.2077941894531,1.7517679929733276,0.8186703324317932,181616.5625,479.19488525390625,0.8195628523826599,0.9920597076416016,0.8653554916381836,0.7538039088249207,0.0034873359836637974,0.0006871393416076899,0.5672961473464966,0.992522120475769,BOMBAY
201389.9375,1698.7264404296875,628.2136840820312,406.6165466308594,1.5391765832901,0.760287344455719,201809.90625,503.9736328125,0.7498846054077148,0.985762357711792,0.8704500198364258,0.8001863360404968,0.0031573083251714706,0.0008116480312310159,0.6434552669525146,0.9901853799819946,BOMBAY
166236.40625,1472.350341796875,538.3414306640625,368.710693359375,1.5119104385375977,0.7466292381286621,162085.625,451.8471984863281,0.8091135025024414,0.9916860461235046,0.9056690335273743,0.8099676966667175,0.003482331056147814,0.0009456479456275702,0.6610668301582336,0.9961015582084656,BOMBAY
200515.796875,1695.93603515625,636.2667846679688,400.370361328125,1.5751571655273438,0.7752752304077148,201393.84375,504.2867736816406,0.7896621227264404,0.9914079904556274,0.8717600107192993,0.790959894657135,0.003192680422216654,0.0007726260810159147,0.6305088400840759,0.9929904937744141,BOMBAY
112543.2109375,1438.8848876953125,468.4364318847656,324.2075500488281,1.4591994285583496,0.7260710597038269,123345.625,381.231201171875,0.7735649347305298,0.9904744029045105,0.8812720775604248,0.8220590353012085,0.004424842074513435,0.0010476346360519528,0.6699469089508057,0.9958347082138062,BOMBAY
140892.375,1444.8525390625,492.3502502441406,346.8374938964844,1.5457664728164673,0.7624595761299133,144840.8125,423.1413269042969,0.769129753112793,0.9888767600059509,0.8626204133033752,0.8039417266845703,0.004109772387892008,0.0009517189464531839,0.6446064710617065,0.9926482439041138,BOMBAY
177369.78125,1570.90966796875,570.9555053710938,400.77642822265625,1.356504201889038,0.67741858959198,184463.3125,484.674560546875,0.7855507731437683,0.9900928139686584,0.903424084186554,0.856024444103241,0.003149823984131217,0.0010147010907530785,0.7376602292060852,0.9949334859848022,BOMBAY
157976.0,1505.8201904296875,569.141845703125,358.7062683105469,1.5673856735229492,0.7679941654205322,155757.703125,448.36529541015625,0.7981745600700378,0.9907317757606506,0.8659799695014954,0.7953101396560669,0.0035784251522272825,0.0009053554385900497,0.6311642527580261,0.992323100566864,BOMBAY
139320.046875,1452.37109375,518.8579711914062,264.7683410644531,1.6696747541427612,0.8003334999084473,102897.6875,421.7750549316406,0.7576388120651245,0.9858612418174744,0.8263913989067078,0.7760658264160156,0.004729014355689287,0.0008750609704293311,0.5964565277099609,0.9946033358573914,BOMBAY
161454.46875,1519.2862548828125,549.083984375,359.8643493652344,1.584285020828247,0.773398220539093,160884.984375,454.3372497558594,0.825873851776123,0.9926519393920898,0.8737283945083618,0.79267817735672,0.0035255744587630033,0.0008769085980020463,0.6275750398635864,0.9962375164031982,BOMBAY
182606.375,1628.8685302734375,609.278076171875,382.4034423828125,1.5875962972640991,0.7818442583084106,183691.515625,482.0914001464844,0.8196683526039124,0.9867755770683289,0.8682007789611816,0.7879348993301392,0.003352975007146597,0.0008007456199266016,0.6192708611488342,0.9922311305999756,BOMBAY
158444.859375,1451.5941162109375,552.7277221679688,367.1919250488281,1.507628083229065,0.7505289316177368,159935.1875,446.7073974609375,0.7872917056083679,0.99242103099823,0.9019142985343933,0.8087165355682373,0.0034761717543005943,0.0009557402227073908,0.6573715209960938,0.9958653450012207,BOMBAY
160171.34375,1502.0010986328125,571.084716796875,364.9723815917969,1.5254478454589844,0.7577739953994751,163532.71875,447.9594421386719,0.8114175200462341,0.9918732643127441,0.8777725696563721,0.8058951497077942,0.003518563462421298,0.0009285538690164685,0.6522049903869629,0.9964868426322937,BOMBAY
234155.28125,1894.107666015625,717.6097412109375,404.31317138671875,1.7270634174346924,0.8134522438049316,234550.8125,550.177734375,0.7834771275520325,0.9898032546043396,0.8475947976112366,0.7507665157318115,0.0031613155733793974,0.0005984475137665868,0.567979097366333,0.9905843734741211,BOMBAY
178099.09375,1603.9852294921875,614.682861328125,371.08685302734375,1.6264641284942627,0.7933679819107056,180694.46875,475.3244323730469,0.742607593536377,0.9890210032463074,0.8732061386108398,0.7781318426132202,0.0034591357689350843,0.0007788509246893227,0.607142984867096,0.9935519099235535,BOMBAY
169501.515625,1566.9364013671875,575.9666137695312,384.3108215332031,1.445651650428772,0.7188336253166199,170897.859375,470.59771728515625,0.7791424989700317,0.9872374534606934,0.8951697945594788,0.8312913775444031,0.0033091914374381304,0.0009434106759727001,0.6854271292686462,0.9960526823997498,BOMBAY
203313.53125,1728.802978515625,665.11669921875,387.8591613769531,1.740950584411621,0.8149978518486023,205577.640625,507.30401611328125,0.7928808927536011,0.9855244159698486,0.8354570269584656,0.7570515275001526,0.0032898373901844025,0.0006661697989329696,0.576097846031189,0.9919854402542114,BOMBAY
207118.8125,1788.044921875,697.640625,391.8943786621094,1.7522653341293335,0.8255093693733215,210657.5,515.812744140625,0.7280888557434082,0.9837617874145508,0.8233820199966431,0.7470747828483582,0.0032868434209376574,0.0006102247280068696,0.5510161519050598,0.989895761013031,BOMBAY
192239.25,1661.4228515625,629.6950073242188,392.862548828125,1.5657960176467896,0.7706480622291565,195681.1875,495.0888671875,0.7800624370574951,0.9810266494750977,0.8603805303573608,0.7932349443435669,0.0032656113617122173,0.0007983854738995433,0.6270601153373718,0.9866099953651428,BOMBAY
170521.046875,1596.9840087890625,608.3397827148438,363.0808410644531,1.6521471738815308,0.8007259368896484,171403.3125,463.3860778808594,0.7303526997566223,0.9837830662727356,0.8465736508369446,0.7709805965423584,0.0035177289973944426,0.0007680515991523862,0.5923850536346436,0.9894117116928101,BOMBAY
175328.015625,1616.5113525390625,614.6638793945312,368.09918212890625,1.6562031507492065,0.795573353767395,176783.234375,475.4172668457031,0.8048314452171326,0.9830071330070496,0.8606144189834595,0.7779992818832397,0.0034619413781911135,0.0007799481973052025,0.6015399694442749,0.9918301701545715,BOMBAY
178175.296875,1601.933837890625,584.9443359375,385.7416687011719,1.554639220237732,0.7643901109695435,180297.078125,477.2216491699219,0.8081114888191223,0.9919414520263672,0.8868170976638794,0.7982733249664307,0.003332731546834111,0.0008500222465954721,0.6389997005462646,0.9921916127204895,BOMBAY
181944.6875,1644.60498046875,626.47119140625,376.94818115234375,1.6818422079086304,0.7999811172485352,185080.53125,482.0716857910156,0.8026371598243713,0.9857757091522217,0.850790798664093,0.7680796980857849,0.0033847636077553034,0.0007510635768994689,0.5932771563529968,0.9910755157470703,BOMBAY
249912.96875,1968.6470947265625,736.2114868164062,449.4762878417969,1.711587905883789,0.8145385980606079,258692.328125,568.4317016601562,0.8042110204696655,0.9709756970405579,0.7946277260780334,0.7551889419555664,0.002851012861356139,0.0005967114120721817,0.5782569646835327,0.9823570847511292,BOMBAY
91994.5703125,1232.1640625,518.1519165039062,344.09210205078125,1.3993475437164307,0.7166591882705688,99874.3671875,346.6647644042969,0.7691327333450317,0.991276204586029,0.8832432627677917,0.8351663947105408,0.004273463040590286,0.0011921925470232964,0.6963753700256348,0.9973502159118652,BOMBAY
163547.0625,1546.1890869140625,569.3547973632812,365.1051025390625,1.5923511981964111,0.7787836790084839,167304.90625,461.23504638671875,0.8089845776557922,0.9800403118133545,0.8639590740203857,0.7896427512168884,0.003562365425750613,0.0008653134573251009,0.6271858215332031,0.9851029515266418,BOMBAY
184233.359375,1634.6776123046875,606.6432495117188,391.9902038574219,1.5458019971847534,0.7679879069328308,187833.21875,485.6119079589844,0.8132092952728271,0.991655707359314,0.8742083311080933,0.7978314161300659,0.0032877677585929632,0.0008186960476450622,0.6387010216712952,0.9934170842170715,BOMBAY
165546.515625,1544.42919921875,569.39306640625,373.4146423339844,1.5366690158843994,0.7553561925888062,166159.75,456.6694641113281,0.7933070659637451,0.9885300397872925,0.866418182849884,0.8086143732070923,0.0034049171954393387,0.0009138116147369146,0.6495355367660522,0.9958191514015198,BOMBAY
187246.734375,1658.1875,624.6312866210938,387.9525451660156,1.5973669290542603,0.7754514813423157,192190.40625,484.3689270019531,0.7947703003883362,0.97391277551651,0.837226927280426,0.7849920988082886,0.003332570195198059,0.0007692818180657923,0.6145951747894287,0.976877748966217,BOMBAY
166602.078125,1568.7027587890625,591.2498168945312,368.4215393066406,1.629353642463684,0.7948809266090393,168672.359375,466.0181579589844,0.7166751623153687,0.9834274649620056,0.848966121673584,0.7791293859481812,0.003531107446178794,0.0008159385761246085,0.6083388328552246,0.9873431921005249,BOMBAY
231037.859375,1841.577880859375,668.282958984375,447.6192321777344,1.543360710144043,0.7504626512527466,239441.765625,550.0686645507812,0.774616539478302,0.9821890592575073,0.8771132230758667,0.8074946403503418,0.002903298707678914,0.0007676013046875596,0.6521627902984619,0.9907646179199219,BOMBAY
181873.09375,1634.9012451171875,630.8836059570312,366.6150817871094,1.7274590730667114,0.8172218799591064,182721.265625,479.2049865722656,0.7981290817260742,0.9910326600074768,0.8558830618858337,0.7530221343040466,0.003486071480438113,0.0007011952111497521,0.5686278939247131,0.996077835559845,BOMBAY
102847.3046875,1418.330078125,481.1875915527344,307.6141662597656,1.536790132522583,0.7592687010765076,104034.21875,359.2698059082031,0.7288826704025269,0.983594536781311,0.8606047630310059,0.8026552796363831,0.0044129532761871815,0.000958425342105329,0.6445749402046204,0.9938960671424866,BOMBAY
162460.84375,1549.7760009765625,571.9154663085938,368.0750732421875,1.5556687116622925,0.7693115472793579,162774.515625,451.8638610839844,0.7211022973060608,0.9860567450523376,0.858347475528717,0.7999270558357239,0.003446428570896387,0.0008753447327762842,0.6397228240966797,0.9952625036239624,BOMBAY
179887.0625,1639.1297607421875,626.388916015625,371.49725341796875,1.6691303253173828,0.8004055023193359,183237.703125,477.7998962402344,0.8013338446617126,0.9824990034103394,0.8454816341400146,0.7698689699172974,0.00345625844784081,0.0007473428850062191,0.59205162525177,0.9895732998847961,BOMBAY
174690.65625,1573.587890625,580.40771484375,384.12054443359375,1.4944396018981934,0.7420504689216614,176554.25,472.8094177246094,0.7648933529853821,0.986179769039154,0.8836838006973267,0.8150140047073364,0.0033404764253646135,0.0009212048025801778,0.6622563600540161,0.9894881248474121,BOMBAY
239844.421875,1934.3406982421875,705.67822265625,445.408935546875,1.6633957624435425,0.8064591288566589,244837.65625,559.3486328125,0.7630695104598999,0.9893368482589722,0.8325091600418091,0.7566571831703186,0.0028789122588932514,0.0006367760943248868,0.5795027017593384,0.9943385720252991,BOMBAY
169655.1875,1570.7607421875,570.5059814453125,383.24566650390625,1.4858039617538452,0.7409194111824036,172683.578125,462.1806335449219,0.7612440586090088,0.986058235168457,0.8767191171646118,0.818350076675415,0.0034050436224788427,0.0009358489769510925,0.6626136898994446,0.988602876663208,BOMBAY
176183.28125,1602.66796875,610.2412109375,370.2136535644531,1.6175127029418945,0.7873230576515198,178003.90625,474.0906677246094,0.7956759929656982,0.9906719923019409,0.8515463471412659,0.7830678820610046,0.003478910308331251,0.0007866242085583508,0.6131508350372314,0.9935176372528076,BOMBAY
193258.296875,1676.4837646484375,645.1519775390625,380.5464782714844,1.70941162109375,0.8126494288444519,194991.203125,493.4721374511719,0.8172207474708557,0.9893720149993896,0.8672177195549011,0.768457293510437,0.0033854423090815544,0.0007152142352424562,0.5831171274185181,0.9944567084312439,BOMBAY
153923.125,1450.7078857421875,559.5030517578125,364.2743225097656,1.5141667127609253,0.7534414529800415,160470.109375,454.7965393066406,0.7572381496429443,0.9917402863502502,0.8889009952545166,0.8081037998199463,0.00354061764664948,0.0009589653345756233,0.6559246778488159,0.994630753993988,BOMBAY
216746.71875,1835.684326171875,700.4486083984375,402.1181335449219,1.6913310289382935,0.8043267130851746,212861.8125,535.27685546875,0.6566006541252136,0.9869266152381897,0.8244929909706116,0.7705669403076172,0.003185561392456293,0.0006887162453494966,0.5909495949745178,0.9889660477638245,BOMBAY
172701.375,1590.72705078125,578.4043579101562,382.7818908691406,1.5247772932052612,0.7555739879608154,175606.78125,469.156494140625,0.7348083257675171,0.9866586923599243,0.8620919585227966,0.8074487447738647,0.0033476834651082754,0.0008815737091936171,0.6500182151794434,0.99285489320755,BOMBAY
202621.0,1722.3505859375,650.9400634765625,394.82745361328125,1.6686580181121826,0.7987656593322754,203320.953125,507.4549255371094,0.7693509459495544,0.9883113503456116,0.8381486535072327,0.7710639834403992,0.0032445606775581837,0.0007137477514334023,0.5983904600143433,0.9919224381446838,BOMBAY
170530.4375,1576.3212890625,595.8433837890625,369.1651611328125,1.639455795288086,0.7944146990776062,171615.828125,467.5522155761719,0.8149228692054749,0.9877118468284607,0.8667315244674683,0.7782021760940552,0.0034855136182159185,0.0007986904238350689,0.6023673415184021,0.9923713803291321,BOMBAY
249679.890625,1971.73828125,736.68310546875,453.7222900390625,1.7115845680236816,0.8079016208648682,259078.71875,568.7973022460938,0.7620487809181213,0.9809336066246033,0.8379719257354736,0.7470046281814575,0.0028258354868739843,0.0005997836706228554,0.5785233378410339,0.987415611743927,BOMBAY
183579.484375,1638.5802001953125,589.311279296875,392.437744140625,1.5365339517593384,0.7591267824172974,185873.5,482.3785705566406,0.7788688540458679,0.9858437180519104,0.862782895565033,0.8049970865249634,0.003289945423603058,0.0008531443891115487,0.6495301723480225,0.9926303625106812,BOMBAY
206520.015625,1728.316650390625,647.6865234375,408.1126403808594,1.5844945907592773,0.7726535797119141,208705.90625,512.0877685546875,0.823569118976593,0.9870856404304504,0.8624701499938965,0.7929844856262207,0.003147697541862726,0.0007582821417599916,0.6324111819267273,0.9920955300331116,BOMBAY
163014.703125,1525.529541015625,573.5662231445312,361.2437744140625,1.5611807107925415,0.7683489918708801,163387.578125,456.6572265625,0.8063377737998962,0.9894904494285583,0.8792622685432434,0.7977373003959656,0.003512199968099594,0.0008933708886615932,0.6346126794815063,0.9928366541862488,BOMBAY
165251.96875,1582.5716552734375,613.049560546875,357.8373718261719,1.7221263647079468,0.8050978779792786,170620.25,451.78741455078125,0.7992371916770935,0.9777970314025879,0.8280715942382812,0.7606449127197266,0.0036220471374690533,0.0007393216947093606,0.5752609968185425,0.984842836856842,BOMBAY
208597.78125,1721.90185546875,632.7100830078125,433.2042236328125,1.516450047492981,0.7471379041671753,211132.25,513.514404296875,0.8167350888252258,0.9886842966079712,0.9013486504554749,0.8155030012130737,0.003003357909619808,0.0008242333424277604,0.6619422435760498,0.9927886724472046,BOMBAY
162696.65625,1532.896240234375,585.1378173828125,347.59954833984375,1.7075037956237793,0.8125270009040833,162884.1875,450.2366027832031,0.7484834790229797,0.9842601418495178,0.8458793759346008,0.7616838216781616,0.003987434785813093,0.0007784685585647821,0.5808347463607788,0.9902180433273315,BOMBAY
159312.1875,1544.0821533203125,578.4284057617188,353.956298828125,1.6599326133728027,0.7975345849990845,160698.703125,447.9496154785156,0.8273918628692627,0.9884544014930725,0.8581662178039551,0.7720847725868225,0.0035682953894138336,0.000795022991951555,0.5944579839706421,0.9924457669258118,BOMBAY
180540.609375,1606.1376953125,601.6491088867188,387.88043212890625,1.5814578533172607,0.7750808596611023,182613.5,482.0220031738281,0.8245043158531189,0.9928744435310364,0.8858151435852051,0.7919495105743408,0.003315042005851865,0.000822135538328439,0.6266001462936401,0.9940252900123596,BOMBAY
212661.21875,1779.6322021484375,668.6571044921875,415.1845397949219,1.618200421333313,0.783805251121521,210141.140625,529.8626708984375,0.7912929058074951,0.9908155798912048,0.8730183243751526,0.7828839421272278,0.0030287334229797125,0.0006884880131110549,0.6152009963989258,0.9918473362922668,BOMBAY
188825.1875,1638.3604736328125,574.96630859375,431.37420654296875,1.4003419876098633,0.7049685716629028,185781.328125,488.3206481933594,0.7545499801635742,0.9881030917167664,0.8872294425964355,0.8423994779586792,0.0030158492736518383,0.000961336016189307,0.707521915435791,0.9925084710121155,BOMBAY
170181.0,1555.725830078125,572.6276245117188,376.1983337402344,1.5267611742019653,0.7557898759841919,170580.453125,469.162841796875,0.8026578426361084,0.9924795031547546,0.8938540816307068,0.8071532249450684,0.00338884349912405,0.0009122993797063828,0.6514005064964294,0.9968502521514893,BOMBAY
156918.296875,1499.878662109375,538.253662109375,348.9109191894531,1.624457597732544,0.7873194217681885,153943.34375,442.5609130859375,0.8035150170326233,0.9832868576049805,0.8627837896347046,0.7822574973106384,0.003710370510816574,0.0008747099782340229,0.6093391180038452,0.9890221953392029,BOMBAY
223256.859375,1796.1268310546875,647.8460083007812,452.3783264160156,1.5225919485092163,0.7502762079238892,226852.609375,532.7566528320312,0.7412007451057434,0.9905710220336914,0.8700477480888367,0.8023155927658081,0.0028712376952171326,0.0008189774234779179,0.6590785980224609,0.9934356808662415,BOMBAY
207534.21875,1766.877197265625,693.013671875,395.58563232421875,1.748908281326294,0.8193394541740417,209205.640625,513.1992797851562,0.6956719756126404,0.9895820021629333,0.837710440158844,0.7524832487106323,0.0032255365513265133,0.0006069631781429052,0.5630189180374146,0.9932706952095032,BOMBAY
166600.453125,1554.635009765625,587.098876953125,368.5670166015625,1.594266414642334,0.7791741490364075,167950.890625,462.410888671875,0.7922847270965576,0.9908075928688049,0.8724183440208435,0.7894505262374878,0.0034790614154189825,0.0008400115184485912,0.625593900680542,0.9934109449386597,BOMBAY
168797.078125,1564.5416259765625,575.517578125,375.9660339355469,1.545446515083313,0.763580858707428,169931.34375,456.2203063964844,0.7403444647789001,0.9914206862449646,0.8791566491127014,0.7976542115211487,0.003437958424910903,0.0008475121576339006,0.6367350220680237,0.9897245168685913,BOMBAY
181827.234375,1569.1458740234375,579.9522094726562,407.4803771972656,1.3116620779037476,0.666109025478363,183264.25,482.4710693359375,0.7870537638664246,0.9888221025466919,0.9170057773590088,0.8673555850982666,0.0031648834701627493,0.0010206711012870073,0.7595313191413879,0.9956181645393372,BOMBAY
102012.0234375,1477.854248046875,519.5845336914062,354.39794921875,1.5141432285308838,0.7503568530082703,97638.390625,342.47576904296875,0.8213534355163574,0.9892512559890747,0.8630709052085876,0.8113186359405518,0.0036291691940277815,0.0009582280763424933,0.6613558530807495,0.9924180507659912,BOMBAY
164699.75,1565.9959716796875,568.3438720703125,372.2294921875,1.571729302406311,0.7682731747627258,169121.796875,463.2736511230469,0.7588038444519043,0.9796789288520813,0.8683664798736572,0.7957772612571716,0.003467852482572198,0.0008636435959488153,0.6333343982696533,0.9905545115470886,BOMBAY
179979.328125,1612.32470703125,613.416259765625,386.25347900390625,1.5817440748214722,0.7701345086097717,181989.96875,478.13604736328125,0.8282551169395447,0.9876893758773804,0.8765024542808533,0.7924903631210327,0.0033395676873624325,0.0008101323619484901,0.6274309158325195,0.9928311705589294,BOMBAY
160093.984375,1497.57568359375,582.0985107421875,344.8277282714844,1.6492252349853516,0.7968292236328125,163172.9375,441.60223388671875,0.6960484385490417,0.9820420145988464,0.8396012783050537,0.771419882774353,0.0037123551592230797,0.0008293688297271729,0.5902445912361145,0.9881806373596191,BOMBAY
192478.09375,1660.938232421875,620.5399169921875,397.67315673828125,1.5548837184906006,0.7680816650390625,194537.703125,493.349853515625,0.7628576159477234,0.9868090152740479,0.8795530200004578,0.7964364886283875,0.0032413152512162924,0.0008031557663343847,0.6388772130012512,0.9915849566459656,BOMBAY
211434.265625,1714.3004150390625,622.5810546875,449.9061279296875,1.3820983171463013,0.6962847113609314,211036.796875,519.1796875,0.7748059630393982,0.9898391962051392,0.895015299320221,0.8397813439369202,0.0028698628302663565,0.0009283351246267557,0.7009580731391907,0.9918429255485535,BOMBAY
177174.171875,1590.7999267578125,580.5667724609375,387.93267822265625,1.507209300994873,0.7482413053512573,180783.21875,477.3929748535156,0.8045317530632019,0.9900078773498535,0.886396586894989,0.812332272529602,0.003299163654446602,0.0008953736978583038,0.66087406873703,0.9954196810722351,BOMBAY
162693.703125,1538.423095703125,532.2901611328125,383.97625732421875,1.3998212814331055,0.7001091241836548,166140.828125,456.071533203125,0.7760345339775085,0.9862707853317261,0.8782398104667664,0.8384323716163635,0.0033371932804584503,0.001010859152302146,0.7060726284980774,0.9909529685974121,BOMBAY
152108.59375,1448.622802734375,523.8271484375,375.20538330078125,1.396970510482788,0.6908549666404724,143903.96875,439.9497985839844,0.8176518678665161,0.9884278178215027,0.8778387308120728,0.8494598269462585,0.0034111200366169214,0.0010988685535266995,0.7076942324638367,0.990993857383728,BOMBAY
164220.921875,1562.8878173828125,598.6524658203125,360.0519104003906,1.6606642007827759,0.7929982542991638,166689.84375,461.8731384277344,0.7923709154129028,0.9924548268318176,0.8759392499923706,0.7750362753868103,0.003561742603778839,0.0007879100157879293,0.6018165349960327,0.9949570894241333,BOMBAY
139766.171875,1243.81201171875,482.16973876953125,276.15118408203125,1.4446731805801392,0.7179383039474487,136351.5625,358.0206604003906,0.7987201809883118,0.992090106010437,0.9044342637062073,0.8279980421066284,0.0037439672742038965,0.0010772582609206438,0.6806798577308655,0.9964554309844971,BOMBAY
170163.21875,1580.9979248046875,603.8961791992188,360.54351806640625,1.6663533449172974,0.8036657571792603,173402.953125,466.72503662109375,0.8104609847068787,0.9883301854133606,0.8458520174026489,0.7690029144287109,0.003583911806344986,0.0007608990999870002,0.5923966765403748,0.9929690957069397,BOMBAY
170144.5625,1599.510009765625,613.2774658203125,354.6580505371094,1.7183895111083984,0.8127827644348145,172508.234375,465.28314208984375,0.771365761756897,0.9833797216415405,0.8443315029144287,0.7597348093986511,0.003539873054251075,0.0007277661352418363,0.5763457417488098,0.9904420971870422,BOMBAY
178114.171875,1639.885498046875,640.845703125,353.96337890625,1.760102391242981,0.8241493701934814,179792.953125,476.117431640625,0.8233277797698975,0.9841762185096741,0.8255809545516968,0.7496492862701416,0.0036448310129344463,0.000688405241817236,0.5696881413459778,0.9901391267776489,BOMBAY
167148.328125,1544.5166015625,563.9795532226562,373.8658447265625,1.5117968320846558,0.7562495470046997,168234.28125,452.9248352050781,0.830589234828949,0.9895853996276855,0.883576512336731,0.8089156746864319,0.0034137279726564884,0.0009044423350133002,0.6562869548797607,0.994273841381073,BOMBAY
168468.796875,1546.525634765625,575.8854370117188,375.47357177734375,1.532029628753662,0.7579271793365479,171529.515625,463.5985107421875,0.8109897375106812,0.9903436899185181,0.8940294981002808,0.8070354461669922,0.0034135228488594294,0.0009008063934743404,0.6512963771820068,0.9955106973648071,BOMBAY
170210.40625,1600.19580078125,597.9417724609375,371.88739013671875,1.619141697883606,0.785896360874176,172946.390625,471.4875183105469,0.6957291960716248,0.9862350821495056,0.8511508107185364,0.7828105688095093,0.0034594584722071886,0.000808898126706481,0.6154274940490723,0.9919206500053406,BOMBAY
174296.078125,1609.6566162109375,615.0308227539062,369.3690185546875,1.6583709716796875,0.7914555668830872,179902.40625,472.37799072265625,0.6720771789550781,0.9894688129425049,0.8550434708595276,0.7808349132537842,0.003486425383016467,0.0007889050175435841,0.6090193390846252,0.9930932521820068,BOMBAY
205996.828125,1729.7662353515625,658.2285766601562,398.9080810546875,1.6651642322540283,0.7980185747146606,207569.8125,509.0171813964844,0.7982458472251892,0.9891341328620911,0.8498169183731079,0.7706395983695984,0.003214707365259528,0.0007047808612696826,0.5956646203994751,0.996127188205719,BOMBAY
180166.953125,1613.9893798828125,608.739501953125,380.7854309082031,1.6164432764053345,0.7855701446533203,182046.765625,477.9914245605469,0.8093938231468201,0.9885519742965698,0.8694256544113159,0.7844526767730713,0.0033775954507291317,0.0008014047052711248,0.6153082847595215,0.9924753308296204,BOMBAY
180444.65625,1646.7117919921875,642.1546630859375,365.3475341796875,1.7624120712280273,0.8207841515541077,183058.953125,478.3702697753906,0.7877437472343445,0.9888485074043274,0.8327031135559082,0.7462191581726074,0.003516307333484292,0.0006931324605830014,0.5562241673469543,0.9923361539840698,BOMBAY
145241.015625,1481.8577880859375,536.4771118164062,355.40423583984375,1.4750206470489502,0.7339354753494263,143656.953125,432.53375244140625,0.7893782258033752,0.9793906211853027,0.800730288028717,0.8158493041992188,0.00366064696572721,0.0009851250797510147,0.6678245067596436,0.9898850917816162,BOMBAY
164938.328125,1555.83935546875,567.7315673828125,375.7255554199219,1.5034825801849365,0.7457338571548462,167834.796875,457.6926574707031,0.7998164892196655,0.9875494241714478,0.8773017525672913,0.8125112056732178,0.003407917683944106,0.0009214460733346641,0.6596217751502991,0.9903683662414551,BOMBAY
168207.609375,1580.2890625,571.1052856445312,378.5913391113281,1.5426230430603027,0.7611898183822632,169841.140625,461.7056884765625,0.7473100423812866,0.9864347577095032,0.851399302482605,0.8014703989028931,0.003437330015003681,0.0008765458478592336,0.6428511142730713,0.9906141757965088,BOMBAY
161886.765625,1544.567626953125,574.129150390625,360.509033203125,1.5851719379425049,0.7728608846664429,164396.171875,456.5919189453125,0.7574541568756104,0.9868631958961487,0.8615552186965942,0.7936350107192993,0.003534062998369336,0.0008709120447747409,0.6322230696678162,0.9957624673843384,BOMBAY
125306.4921875,1287.945068359375,521.34619140625,359.4877014160156,1.428431749343872,0.7113949060440063,123922.7265625,349.4234924316406,0.7685271501541138,0.9891040325164795,0.8772872686386108,0.8357837796211243,0.0036997084971517324,0.0011219322914257646,0.6929126977920532,0.993516206741333,BOMBAY
158183.9375,1522.0419921875,575.2837524414062,357.0946960449219,1.5895936489105225,0.7764610052108765,162098.375,450.0301513671875,0.7902299761772156,0.9897060394287109,0.8668819665908813,0.7908894419670105,0.003580342512577772,0.000857414910569787,0.6233881115913391,0.9930548071861267,BOMBAY
176331.296875,1622.128662109375,613.8207397460938,374.00396728515625,1.635635256767273,0.7946090698242188,180195.34375,476.4283447265625,0.8021617531776428,0.9766496419906616,0.8488711714744568,0.7714114785194397,0.003470224794000387,0.0007630346226505935,0.5941451787948608,0.9821178317070007,BOMBAY
168530.25,1614.571044921875,633.9241333007812,343.3553161621094,1.8082118034362793,0.8359848260879517,179582.859375,470.7394714355469,0.8027557134628296,0.9755995869636536,0.820624053478241,0.7355696558952332,0.0040483926422894,0.0006798423128202558,0.5441849231719971,0.978303074836731,BOMBAY
191778.96875,1672.5322265625,647.490966796875,383.4971618652344,1.723274827003479,0.8111256957054138,197802.515625,493.3236389160156,0.7888557314872742,0.9816650748252869,0.8477855324745178,0.7582153081893921,0.0033585368655622005,0.0007073358283378184,0.5731306076049805,0.9896987080574036,BOMBAY
155188.609375,1345.72509765625,519.5955200195312,368.3609313964844,1.442197561264038,0.7224313616752625,144279.140625,439.88336181640625,0.8039457201957703,0.9898287653923035,0.9098278284072876,0.8260490298271179,0.0035694590769708157,0.0010376443387940526,0.6945937275886536,0.993530809879303,BOMBAY
177748.46875,1632.0196533203125,624.0521850585938,361.1310729980469,1.7410303354263306,0.815028965473175,181741.515625,476.2215881347656,0.769279956817627,0.9880316853523254,0.8447274565696716,0.7583862543106079,0.0035677712876349688,0.0007105351542122662,0.5695611834526062,0.9936047792434692,BOMBAY
186359.859375,1648.1669921875,636.8643798828125,379.95611572265625,1.6788294315338135,0.8059210777282715,189795.203125,485.9748229980469,0.8049741387367249,0.9851604700088501,0.8639140129089355,0.7674686908721924,0.003392178099602461,0.0007187798037193716,0.5863798260688782,0.9898602366447449,BOMBAY
152671.09375,1566.4578857421875,568.8023681640625,360.4160461425781,1.6227456331253052,0.7856881618499756,159063.765625,447.8013916015625,0.7924830317497253,0.9799186587333679,0.8357867002487183,0.7838054299354553,0.0036360572557896376,0.0008451297762803733,0.6159355640411377,0.9901981353759766,BOMBAY
168947.609375,1606.912841796875,632.0770263671875,354.5716857910156,1.871655821800232,0.8452273607254028,174798.171875,464.34417724609375,0.7958448529243469,0.9824508428573608,0.8246747255325317,0.7244526147842407,0.0036384793929755688,0.0006858325214125216,0.5221941471099854,0.987288773059845,BOMBAY
131708.46875,1506.49560546875,519.9776611328125,365.642578125,1.4615558385849,0.7308010458946228,146106.0625,431.2053527832031,0.7895943522453308,0.9842525720596313,0.8630273938179016,0.8209763169288635,0.003502121428027749,0.0009818190010264516,0.6780056357383728,0.9889554977416992,BOMBAY
237644.203125,1893.8946533203125,703.981689453125,421.9938049316406,1.717751383781433,0.8105179667472839,240918.25,558.0020141601562,0.8005062937736511,0.9792776703834534,0.8377408385276794,0.7673109173774719,0.003017795505002141,0.0006127207307145,0.5876544117927551,0.991677463054657,BOMBAY
249019.390625,1972.8009033203125,737.3864135742188,443.34783935546875,1.9689371585845947,0.8472189903259277,259552.90625,568.7468872070312,0.8089607357978821,0.9855507612228394,0.8140063285827637,0.7240117192268372,0.0029120484832674265,0.0005809690919704735,0.5321797132492065,0.9896464347839355,BOMBAY
185445.03125,1646.932861328125,602.5106201171875,395.88812255859375,1.54837965965271,0.7617363929748535,188365.9375,483.9782409667969,0.7617300152778625,0.9894289970397949,0.8630144596099854,0.8010126352310181,0.0032379792537540197,0.0008357621263712645,0.6415437459945679,0.9939906001091003,BOMBAY
149359.3125,1486.34619140625,530.7337036132812,346.18060302734375,1.5271049737930298,0.74833744764328,147415.34375,427.8266906738281,0.73759526014328,0.9893959760665894,0.8740792870521545,0.8087363839149475,0.003676492488011718,0.0009696058696135879,0.6568151712417603,0.9961674809455872,BOMBAY
162996.0625,1511.07373046875,564.8538208007812,372.1495056152344,1.5033398866653442,0.7495760917663574,162478.875,451.38690185546875,0.8096520900726318,0.9907985925674438,0.8928125500679016,0.813323974609375,0.0034611111041158438,0.0009390232735313475,0.6622405052185059,0.9965786933898926,BOMBAY
206772.28125,1720.8751220703125,634.421142578125,438.9071350097656,1.5056513547897339,0.7505717873573303,207646.453125,508.6410827636719,0.7835423946380615,0.9926120638847351,0.8830665946006775,0.810928225517273,0.002950141439214349,0.0008389770518988371,0.6597002744674683,0.9939512014389038,BOMBAY
89042.1015625,1209.41845703125,444.71246337890625,265.6893615722656,1.5254175662994385,0.7526115775108337,94072.03125,336.6319274902344,0.7256151437759399,0.9914597868919373,0.8823252320289612,0.8128687739372253,0.004860742017626762,0.001026426674798131,0.6551048159599304,0.9973020553588867,BOMBAY
234920.109375,1897.029541015625,715.2694702148438,429.286865234375,1.6568022966384888,0.7977005243301392,242416.046875,549.6494750976562,0.7356308698654175,0.9821733832359314,0.8159350752830505,0.7676870822906494,0.0029940030071884394,0.0006348435999825597,0.6044345498085022,0.9897509217262268,BOMBAY
170998.046875,1583.316162109375,607.9773559570312,369.3740234375,1.6602954864501953,0.7902047038078308,174402.1875,471.333740234375,0.8021383285522461,0.991115391254425,0.8654874563217163,0.7796762585639954,0.0034663344267755747,0.0007800713647156954,0.6027013063430786,0.9946146011352539,BOMBAY
167805.671875,1587.4151611328125,598.1979370117188,357.9085693359375,1.6819980144500732,0.8044578433036804,169795.828125,461.56195068359375,0.7438313364982605,0.9843051433563232,0.8451675176620483,0.7691486477851868,0.0036169239319860935,0.0007765432819724083,0.5915954113006592,0.9912126064300537,BOMBAY
160104.5625,1511.106689453125,543.3428344726562,373.968994140625,1.4774036407470703,0.7395727634429932,162173.234375,458.97967529296875,0.7541125416755676,0.9883663058280945,0.8960331678390503,0.8179323077201843,0.0034411081578582525,0.0009544035419821739,0.6715139746665955,0.9925546050071716,BOMBAY
168972.53125,1571.78076171875,587.1431884765625,367.3371887207031,1.6201854944229126,0.7849486470222473,170727.265625,461.2344055175781,0.7881025075912476,0.9851746559143066,0.8632224202156067,0.7845437526702881,0.0035033610183745623,0.0008248643134720623,0.6142375469207764,0.9921239614486694,BOMBAY
246122.0625,1960.0848388671875,728.7433471679688,452.97479248046875,1.7000641822814941,0.7861014008522034,252682.328125,566.1437377929688,0.7704008221626282,0.9865584373474121,0.8421045541763306,0.7764375805854797,0.002842614194378257,0.00059185188729316,0.6031206846237183,0.9917996525764465,BOMBAY
97516.8203125,1426.531982421875,526.2244873046875,275.4458312988281,1.5703864097595215,0.7739555835723877,99803.1328125,361.6557312011719,0.7494818568229675,0.9787904620170593,0.8211801648139954,0.7914134860038757,0.004480853211134672,0.0009276947239413857,0.6216973066329956,0.9881571531295776,BOMBAY
198037.828125,1673.0262451171875,637.5381469726562,395.0562744140625,1.6375114917755127,0.7857128977775574,200322.140625,498.8966979980469,0.8127225041389465,0.9907367825508118,0.8820475339889526,0.784997284412384,0.003241803729906678,0.0007350838277488947,0.6154553294181824,0.9933030009269714,BOMBAY
177010.796875,1623.53515625,603.2750854492188,377.2632141113281,1.6080158948898315,0.7846653461456299,179389.546875,474.30426025390625,0.7725203037261963,0.9823260307312012,0.8597593307495117,0.7853423357009888,0.003433042438700795,0.0007922332733869553,0.6145622134208679,0.990043044090271,BOMBAY
179996.984375,1640.455078125,627.3527221679688,366.85540771484375,1.7103934288024902,0.8074153065681458,181701.1875,478.1575927734375,0.7884899377822876,0.9824225902557373,0.826438844203949,0.7554972767829895,0.003511920804157853,0.0007201943662948906,0.5786489844322205,0.9844585061073303,BOMBAY
122649.9921875,1434.180908203125,538.5103759765625,367.4834289550781,1.4680922031402588,0.7385894656181335,145742.578125,440.3143615722656,0.7673575282096863,0.992720365524292,0.9040908217430115,0.8209701776504517,0.003543168306350708,0.0009689646540209651,0.6773436665534973,0.9970715641975403,BOMBAY
179718.3125,1613.383544921875,609.1636352539062,381.043701171875,1.61283540725708,0.7809494137763977,182885.4375,479.37640380859375,0.7852951288223267,0.9913879632949829,0.8698344230651855,0.7884588837623596,0.003379831090569496,0.0008138484554365277,0.6191325187683105,0.9964591264724731,BOMBAY
182438.46875,1643.6322021484375,631.2692260742188,376.96697998046875,1.6696490049362183,0.7964823842048645,185460.484375,485.8824157714844,0.8042833805084229,0.9904220104217529,0.8577587604522705,0.771629810333252,0.003374760039150715,0.0007501662475988269,0.5986632704734802,0.9923349618911743,BOMBAY
139888.4375,1452.73095703125,533.1119384765625,353.2848815917969,1.4731791019439697,0.7372773885726929,144118.203125,428.3782653808594,0.7705354690551758,0.9859691262245178,0.8688293695449829,0.8201318383216858,0.0035661596339195967,0.0009927375940605998,0.6739628911018372,0.9943651556968689,BOMBAY
98157.6484375,1271.787353515625,472.6011047363281,271.4280090332031,1.5587095022201538,0.7707396149635315,97252.4453125,338.8095703125,0.7592946290969849,0.979606568813324,0.8488649725914001,0.7954425811767578,0.004742383491247892,0.000967231288086623,0.6245875954627991,0.9847758412361145,BOMBAY
188423.40625,1656.8701171875,628.9268188476562,388.541015625,1.6039804220199585,0.7839065790176392,190470.84375,487.0528259277344,0.8007993698120117,0.9909627437591553,0.861552357673645,0.7879892587661743,0.0033080955035984516,0.0007726338226348162,0.619236946105957,0.994172990322113,BOMBAY
172410.984375,1590.9842529296875,603.9701538085938,365.0649108886719,1.656213641166687,0.7993766665458679,172884.21875,466.7024841308594,0.73710036277771,0.990443229675293,0.8597418069839478,0.7757226228713989,0.003536023199558258,0.0007744259783066809,0.6018158793449402,0.9952450394630432,BOMBAY
208308.78125,1811.1265869140625,705.6812133789062,392.48004150390625,1.786594033241272,0.825058102607727,219954.265625,527.9833374023438,0.7709759473800659,0.9731204509735107,0.8174777030944824,0.7473374605178833,0.0032536617945879698,0.0006132315611466765,0.5589809417724609,0.982315182685852,BOMBAY
102750.296875,1225.4837646484375,465.8189697265625,354.7604675292969,1.433729648590088,0.7190076112747192,102298.2734375,424.5130920410156,0.7764956951141357,0.9915784001350403,0.9009063243865967,0.8285866379737854,0.0036474878434091806,0.001069872290827334,0.6938403248786926,0.9955902695655823,BOMBAY
168846.9375,1546.4530029296875,583.9261474609375,385.3968200683594,1.4470601081848145,0.7268545031547546,173283.3125,469.45562744140625,0.8260645270347595,0.9913723468780518,0.9057641625404358,0.8210898041725159,0.003311166074126959,0.0009494110126979649,0.6811885833740234,0.9924108386039734,BOMBAY
177818.359375,1627.115478515625,644.1636352539062,357.907958984375,1.8708148002624512,0.8322787284851074,180754.53125,478.21856689453125,0.7521398067474365,0.990564227104187,0.8381627798080444,0.7400838732719421,0.0035870757419615984,0.0006663900567218661,0.5434308648109436,0.9968070983886719,BOMBAY
205907.09375,1724.7762451171875,655.067626953125,404.74365234375,1.5894019603729248,0.7800087332725525,209192.8125,511.8255310058594,0.8039497137069702,0.9811161756515503,0.8616694808006287,0.7853338718414307,0.0031730770133435726,0.0007611261680722237,0.6173280477523804,0.9886200428009033,BOMBAY
227586.796875,1926.2354736328125,721.5270385742188,411.72900390625,1.80797278881073,0.8311704397201538,234264.078125,545.258544921875,0.8180737495422363,0.9847719073295593,0.7971445918083191,0.741236686706543,0.0031889399979263544,0.0005812054150737822,0.5440137386322021,0.9852622151374817,BOMBAY
159839.96875,1460.8712158203125,564.9003295898438,382.48785400390625,1.3596420288085938,0.6824512481689453,162925.328125,453.1439514160156,0.8022110462188721,0.991777777671814,0.9146413803100586,0.8595303893089294,0.0033443409483879805,0.0010892722057178617,0.7300434708595276,0.9972687363624573,BOMBAY
187622.078125,1654.793701171875,631.1907958984375,383.7152099609375,1.646264910697937,0.7903326749801636,190748.328125,487.9868469238281,0.8003688454627991,0.9805933833122253,0.867901086807251,0.7764923572540283,0.003357348032295704,0.0007414704305119812,0.6034067869186401,0.9881492257118225,BOMBAY
242601.578125,1907.2659912109375,693.333251953125,457.5843505859375,1.4503084421157837,0.723974883556366,249717.265625,563.7648315429688,0.7754806876182556,0.9890405535697937,0.8950658440589905,0.829990804195404,0.0027888312470167875,0.000828543386887759,0.6787596344947815,0.9922260046005249,BOMBAY
110692.9921875,1481.4312744140625,454.92279052734375,271.07049560546875,1.597920536994934,0.7743732333183289,104034.8828125,334.23883056640625,0.7276996374130249,0.9873472452163696,0.8293073177337646,0.7853667140007019,0.004717102739959955,0.0008893019403330982,0.6209338903427124,0.9914510250091553,BOMBAY
190800.234375,1714.9073486328125,693.362060546875,315.6854248046875,2.0792362689971924,0.8769100904464722,199528.765625,483.7955017089844,0.6935039162635803,0.9737574458122253,0.7825271487236023,0.6894403100013733,0.004152601584792137,0.0005728115211240947,0.46993985772132874,0.9744436740875244,BOMBAY
158008.21875,1541.9398193359375,546.215087890625,364.4989013671875,1.541703701019287,0.7596316337585449,157715.640625,449.8675842285156,0.7668328285217285,0.9872210621833801,0.8528239130973816,0.8047944903373718,0.0035103026311844587,0.0009067403734661639,0.6445652842521667,0.9927502274513245,BOMBAY
245755.390625,1941.9942626953125,698.3805541992188,458.27789306640625,1.4392999410629272,0.7100637555122375,252827.015625,566.3150024414062,0.7659243941307068,0.987581193447113,0.893018364906311,0.8212606310844421,0.002791070379316807,0.0007935166358947754,0.6732941269874573,0.9941205382347107,BOMBAY
164619.921875,1540.7908935546875,590.9028930664062,350.705322265625,1.672315001487732,0.8018428683280945,166149.78125,450.5474853515625,0.8173125982284546,0.992438554763794,0.8680066466331482,0.7728584408760071,0.0036292020231485367,0.0007890381384640932,0.5956054329872131,0.9968263506889343,BOMBAY
171272.375,1561.297119140625,574.9534912109375,389.4267272949219,1.4789040088653564,0.7373040318489075,175009.046875,471.8971252441406,0.765533447265625,0.990817129611969,0.8941298723220825,0.8215743899345398,0.003304770216345787,0.0009321136749349535,0.6716265082359314,0.9966781139373779,BOMBAY
143470.75,1437.8262939453125,536.825439453125,348.6926574707031,1.5340524911880493,0.758620023727417,135128.78125,347.9140930175781,0.796237051486969,0.9911516308784485,0.8703911900520325,0.8044025897979736,0.0037407404743134975,0.0009347439627163112,0.6461760401725769,0.9921543598175049,BOMBAY
178230.515625,1606.881103515625,607.787841796875,377.8674011230469,1.6253424882888794,0.7889174818992615,181144.859375,474.67919921875,0.7454652190208435,0.9879669547080994,0.8646714687347412,0.7806336283683777,0.003422721289098263,0.0007816352881491184,0.6080506443977356,0.9917788505554199,BOMBAY
213843.8125,1810.1734619140625,696.3168334960938,401.5035400390625,1.7115858793258667,0.811817467212677,217133.953125,531.8776245117188,0.8054715991020203,0.9882327914237976,0.8524371385574341,0.763756275177002,0.0031944180373102427,0.0006576347514055669,0.5617477893829346,0.9926961660385132,BOMBAY
159617.09375,1492.5791015625,551.9224853515625,365.8269348144531,1.504910945892334,0.7483429312705994,163593.890625,443.4539794921875,0.7884973287582397,0.9910711646080017,0.8901649713516235,0.8133772611618042,0.0035381829366087914,0.0009491863893344998,0.6624460220336914,0.9950990080833435,BOMBAY
184682.03125,1648.6414794921875,634.4524536132812,371.6224670410156,1.7165099382400513,0.8151659965515137,186380.78125,485.9858093261719,0.7801666259765625,0.9849197864532471,0.8557009696960449,0.7626839280128479,0.0034284566063433886,0.0007105616969056427,0.579788088798523,0.9938938021659851,BOMBAY
99702.7421875,1278.0858154296875,451.0450744628906,326.0289001464844,1.4183887243270874,0.6970459222793579,100693.3125,340.1572570800781,0.8012065887451172,0.9860729575157166,0.8548856973648071,0.8358681201934814,0.0037142846267670393,0.0010572492610663176,0.6968411207199097,0.9909886717796326,BOMBAY
158513.90625,1510.0093994140625,561.0098876953125,358.5868835449219,1.5465079545974731,0.760162889957428,161355.1875,447.1820373535156,0.7800998687744141,0.9847419857978821,0.8702629208564758,0.8006159067153931,0.003592242719605565,0.0009092895779758692,0.64249187707901,0.9911148548126221,BOMBAY
146502.921875,1476.71044921875,536.5628051757812,360.3468017578125,1.5023971796035767,0.7464605569839478,149150.75,432.3243103027344,0.75909423828125,0.9875434637069702,0.8529472947120667,0.8103309273719788,0.0036426782608032227,0.0009562725899741054,0.6626350283622742,0.9947019815444946,BOMBAY
147824.71875,1428.05419921875,526.9343872070312,362.0439758300781,1.4976978302001953,0.7331929802894592,159251.09375,431.2445373535156,0.7764031291007996,0.982306718826294,0.8783636093139648,0.8157787919044495,0.0035212161019444466,0.0009918434079736471,0.6566091775894165,0.9902591705322266,BOMBAY
170422.0,1583.51123046875,571.73583984375,382.75726318359375,1.5032297372817993,0.7465294599533081,173745.109375,463.7744445800781,0.799683153629303,0.9873278737068176,0.8589699268341064,0.8128016591072083,0.0033296619076281786,0.0009077431168407202,0.661852240562439,0.9956678152084351,BOMBAY
168013.5625,1596.893310546875,618.1696166992188,356.68902587890625,1.702475905418396,0.8100367188453674,176730.28125,465.25054931640625,0.7668468356132507,0.9888961911201477,0.8456155061721802,0.7603546977043152,0.003597584320232272,0.0007220396073535085,0.5743305683135986,0.9912678599357605,BOMBAY
223905.828125,1843.90771484375,679.562255859375,442.7063293457031,1.5593799352645874,0.7603581547737122,221069.484375,538.3259887695312,0.7553271055221558,0.990943193435669,0.8643052577972412,0.801228940486908,0.002869982738047838,0.0007174023194238544,0.6402366161346436,0.9952376484870911,BOMBAY
142384.375,1418.6082763671875,504.024169921875,357.9405822753906,1.4848785400390625,0.7394601702690125,128434.8671875,422.1059265136719,0.7702203392982483,0.992421567440033,0.8888718485832214,0.8147085905075073,0.0036123113241046667,0.000991813256405294,0.6645417213439941,0.9934831261634827,BOMBAY
100136.7890625,1265.963134765625,464.025634765625,275.7096252441406,1.5123263597488403,0.7454847693443298,96969.5234375,342.7537841796875,0.7381824851036072,0.9805147051811218,0.8560718297958374,0.808893620967865,0.004634631332010031,0.0010011388221755624,0.6511709094047546,0.9890051484107971,BOMBAY
146488.984375,1456.046875,534.1641235351562,357.1041259765625,1.5462976694107056,0.7640222907066345,150978.015625,424.2011413574219,0.7978075742721558,0.9876715540885925,0.8537195324897766,0.8006340265274048,0.0036727197002619505,0.0009253519237972796,0.6439582109451294,0.9933280944824219,BOMBAY
196509.296875,1642.8670654296875,595.9207763671875,444.432861328125,1.3041414022445679,0.6506597399711609,197127.625,493.97894287109375,0.7966588139533997,0.9910322427749634,0.9238690733909607,0.8605130910873413,0.002886603819206357,0.0009767969604581594,0.7605492472648621,0.9951563477516174,BOMBAY
165334.8125,1560.3529052734375,572.75244140625,382.9900207519531,1.5073479413986206,0.7489362359046936,168305.84375,460.9580993652344,0.7165564298629761,0.9821894764900208,0.8510701656341553,0.8081022500991821,0.0033616728615015745,0.0009136081207543612,0.6534337401390076,0.9920105338096619,BOMBAY
173876.375,1594.228759765625,618.29150390625,367.75506591796875,1.6464192867279053,0.7948337197303772,175286.90625,472.1845703125,0.7617073655128479,0.9914126992225647,0.8745983242988586,0.7724993228912354,0.003507025772705674,0.0007453587604686618,0.6016075611114502,0.9938744902610779,BOMBAY
160873.6875,1532.9005126953125,577.7688598632812,358.1670837402344,1.631525993347168,0.7938581705093384,166218.03125,456.44775390625,0.7974077463150024,0.990073561668396,0.8655431866645813,0.7787135243415833,0.003626972669735551,0.0008338239276781678,0.6074044108390808,0.9902701377868652,BOMBAY
91139.265625,1215.3033447265625,455.3695068359375,265.78460693359375,1.481417179107666,0.7440212965011597,94519.6796875,350.823486328125,0.7861124873161316,0.9875374436378479,0.8614714741706848,0.8150562047958374,0.004715469665825367,0.001007785089313984,0.658207356929779,0.9943808913230896,BOMBAY
227145.40625,1897.424072265625,722.3677368164062,399.0603942871094,1.794527292251587,0.8380424976348877,238550.890625,550.17626953125,0.7560884356498718,0.9763196706771851,0.7919142842292786,0.744178295135498,0.0032554606441408396,0.000585017551202327,0.5518564581871033,0.9860712289810181,BOMBAY
179695.90625,1591.3939208984375,592.1240234375,380.95404052734375,1.571105718612671,0.7706799507141113,182788.640625,478.9055480957031,0.8250088691711426,0.9910708665847778,0.886038064956665,0.7947838306427002,0.0033467942848801613,0.0008240611641667783,0.6311631798744202,0.9949275255203247,BOMBAY
185424.125,1636.21923828125,608.16162109375,393.25250244140625,1.5494166612625122,0.763248085975647,188115.09375,485.70941162109375,0.7812862396240234,0.9873927235603333,0.8748838901519775,0.8003219366073608,0.003263327293097973,0.0008353537414222956,0.6403543949127197,0.9925448298454285,BOMBAY
162315.125,1517.2545166015625,548.095458984375,365.8134460449219,1.5116446018218994,0.7504518628120422,164469.765625,450.2774658203125,0.7648290991783142,0.9865472316741943,0.8562132716178894,0.8091064691543579,0.003442652989178896,0.0009503707406111062,0.6574477553367615,0.9957756400108337,BOMBAY
96769.203125,1323.28759765625,471.2927551269531,361.9887390136719,1.480160117149353,0.7365014553070068,149071.15625,361.01287841796875,0.7988676428794861,0.9739619493484497,0.8542381525039673,0.8120695948600769,0.003730098018422723,0.00098505150526762,0.661959707736969,0.9802068471908569,BOMBAY
150943.046875,1506.3104248046875,552.39599609375,352.084716796875,1.553419589996338,0.7664510607719421,147026.21875,434.79022216796875,0.7815227508544922,0.9884790778160095,0.84527188539505,0.8024809956550598,0.0037046910729259253,0.0009237666381523013,0.6407853960990906,0.9958369731903076,BOMBAY
146597.875,1457.967041015625,559.1044311523438,334.1700134277344,1.610536813735962,0.7810457348823547,145464.953125,384.1808166503906,0.7574858665466309,0.9818316698074341,0.8640044927597046,0.7834345698356628,0.00434297788888216,0.0008695935248397291,0.6143996715545654,0.9863014817237854,BOMBAY
156945.421875,1509.5244140625,549.046142578125,365.1539306640625,1.522935152053833,0.7503530383110046,159722.640625,443.1470031738281,0.7716507315635681,0.9825380444526672,0.8768572807312012,0.8069085478782654,0.003506982233375311,0.00092599744675681,0.6555675268173218,0.9931040406227112,BOMBAY
231688.140625,1859.4498291015625,696.0477294921875,429.5858459472656,1.6527328491210938,0.7934951186180115,238492.59375,550.787353515625,0.7591344714164734,0.9860721826553345,0.8511801362037659,0.7755447626113892,0.0030467838514596224,0.0006891463999636471,0.6004613637924194,0.9911234378814697,BOMBAY
202522.984375,1692.3973388671875,636.660888671875,401.9251403808594,1.5703836679458618,0.7679336071014404,203027.53125,504.9001159667969,0.8002971410751343,0.9875447154045105,0.8722032904624939,0.7940093874931335,0.0031723533757030964,0.0007761821034364402,0.6331398487091064,0.9927309155464172,BOMBAY
102814.40625,1307.7000732421875,479.6589050292969,318.59442138671875,1.4577949047088623,0.7261852622032166,95842.5390625,343.49835205078125,0.7510015964508057,0.9861020445823669,0.8658148050308228,0.8251923322677612,0.004365814384073019,0.0010291908401995897,0.6834551095962524,0.9941808581352234,BOMBAY
163502.453125,1533.172607421875,575.7615966796875,354.2498779296875,1.5963042974472046,0.7787126898765564,168023.890625,459.9620666503906,0.7473005056381226,0.9914199709892273,0.8599453568458557,0.7896698117256165,0.003566785017028451,0.0008566605974920094,0.6182628870010376,0.9967514872550964,BOMBAY
180767.578125,1623.037109375,583.3834838867188,394.1211242675781,1.5138500928878784,0.7499768137931824,184259.53125,479.63458251953125,0.7869834303855896,0.9821094274520874,0.8830655813217163,0.8110039234161377,0.0032778645399957895,0.0008869929006323218,0.657073438167572,0.9890524744987488,BOMBAY
163023.359375,1534.2928466796875,576.761962890625,363.8594055175781,1.561299204826355,0.7669426202774048,167207.828125,463.4542236328125,0.7995439767837524,0.9928674697875977,0.8898714184761047,0.7982588410377502,0.003488540416583419,0.000872191449161619,0.6416000127792358,0.9970380663871765,BOMBAY
170066.359375,1573.1375732421875,568.3228149414062,382.0858459472656,1.4986125230789185,0.7459638714790344,175505.640625,463.2429504394531,0.7169938087463379,0.9868543744087219,0.8673855662345886,0.8142614960670471,0.003318130737170577,0.0009208700503222644,0.663543164730072,0.9934651255607605,BOMBAY
140232.421875,1475.8104248046875,479.09002685546875,369.5509338378906,1.4527852535247803,0.7217872738838196,141079.75,423.7543029785156,0.8290232419967651,0.9930115938186646,0.9084933400154114,0.8288797736167908,0.003514840267598629,0.0010075150057673454,0.6893781423568726,0.9962995648384094,BOMBAY
147166.984375,1429.94189453125,505.4406433105469,354.7159729003906,1.5232586860656738,0.7519068121910095,128103.984375,424.55291748046875,0.7175668478012085,0.9876781105995178,0.8691133260726929,0.807186484336853,0.0037208113353699446,0.0009648341219872236,0.648174524307251,0.9929953217506409,BOMBAY
165031.21875,1544.858154296875,576.2385864257812,368.0751953125,1.555668830871582,0.7667475938796997,166836.328125,460.590576171875,0.7839934229850769,0.9884316921234131,0.8689398169517517,0.7995021939277649,0.0034765542950481176,0.0008689283858984709,0.6361969113349915,0.9932785034179688,BOMBAY
181975.625,1618.5587158203125,613.3510131835938,381.8348693847656,1.6172850131988525,0.7838020324707031,184777.0625,481.5101318359375,0.7392356991767883,0.9876314401626587,0.8712603449821472,0.7853761911392212,0.0033400258980691433,0.0007850304245948792,0.6186089515686035,0.9950065016746521,BOMBAY
164666.015625,1537.1817626953125,575.002685546875,365.38934326171875,1.5950313806533813,0.7762687802314758,165836.015625,461.9054260253906,0.7753340601921082,0.991763174533844,0.8852212429046631,0.7918418049812317,0.0035190540365874767,0.0008532230276614428,0.6235001087188721,0.9969671368598938,BOMBAY
161190.71875,1529.3450927734375,575.4324951171875,365.8705749511719,1.5488029718399048,0.7627415657043457,167251.796875,454.4449157714844,0.7545048594474792,0.9888715147972107,0.8698613047599792,0.8049026131629944,0.0034798772539943457,0.0009055702830664814,0.6496507525444031,0.9966861009597778,BOMBAY
159794.6875,1522.1365966796875,545.0371704101562,371.5843200683594,1.5031347274780273,0.7508223056793213,157368.375,450.39544677734375,0.7632849812507629,0.9908042550086975,0.8814978003501892,0.8136143088340759,0.0034484448842704296,0.0009395894594490528,0.661889374256134,0.9967175722122192,BOMBAY
178460.265625,1600.6298828125,601.1598510742188,381.0230407714844,1.5856707096099854,0.777142345905304,177932.796875,475.7615051269531,0.8025578260421753,0.9898731708526611,0.8726686835289001,0.7919472455978394,0.003347636666148901,0.0008253193809650838,0.629330575466156,0.9929553866386414,BOMBAY
192368.609375,1687.2120361328125,649.9793701171875,375.8623046875,1.7444392442703247,0.8183256983757019,193718.375,489.96649169921875,0.7942717671394348,0.98952317237854,0.8473661541938782,0.758533239364624,0.0034335770178586245,0.0006938252481631935,0.5753183364868164,0.9948644638061523,BOMBAY
173782.15625,1599.46240234375,623.2338256835938,353.6507263183594,1.7326254844665527,0.8200954794883728,174981.671875,469.8863830566406,0.8075966238975525,0.9868411421775818,0.8459241986274719,0.7564948201179504,0.003666690783575177,0.0007045114180073142,0.5683999061584473,0.9920794367790222,BOMBAY
147100.078125,1480.5186767578125,567.9404907226562,344.3186950683594,1.5915635824203491,0.778287410736084,152925.53125,427.9806213378906,0.7408872842788696,0.9851458072662354,0.8468038439750671,0.7876686453819275,0.00373366242274642,0.0008973838994279504,0.6198546886444092,0.9919149875640869,BOMBAY
178361.828125,1580.6212158203125,583.707275390625,389.5314636230469,1.5066183805465698,0.7490365505218506,180822.390625,476.8944396972656,0.8054150938987732,0.9900379776954651,0.8883873820304871,0.81290602684021,0.003281612182036042,0.000906714762095362,0.6607504487037659,0.9963801503181458,BOMBAY
177002.21875,1580.349853515625,574.3160400390625,390.29656982421875,1.481234073638916,0.7376282215118408,180844.5625,477.1209411621094,0.7874881625175476,0.9874215722084045,0.8922790884971619,0.8178426027297974,0.0032838359475135803,0.0009298227960243821,0.667321503162384,0.9910897612571716,BOMBAY
182367.09375,1634.2998046875,612.5761108398438,382.6702880859375,1.5928412675857544,0.7780194282531738,184867.109375,482.2655944824219,0.8002439141273499,0.9881895184516907,0.8633435964584351,0.7896146774291992,0.0033571221865713596,0.0008016703650355339,0.6230000257492065,0.9908742308616638,BOMBAY
165440.421875,1523.19580078125,574.383544921875,377.3037414550781,1.4550808668136597,0.7268669605255127,165551.859375,459.5792236328125,0.8231043815612793,0.9897214770317078,0.883011519908905,0.8221144080162048,0.0034116616006940603,0.0009840251877903938,0.6799439787864685,0.9942880868911743,BOMBAY
200635.78125,1699.1358642578125,642.1035766601562,392.32818603515625,1.6430939435958862,0.7887347340583801,200877.40625,500.3038330078125,0.808965265750885,0.9877082109451294,0.8693047165870667,0.7800215482711792,0.0032886264380067587,0.0007262085564434528,0.6010400056838989,0.9920722842216492,BOMBAY
193160.421875,1714.34521484375,669.149169921875,370.9856262207031,1.8465492725372314,0.844500720500946,196498.921875,492.20281982421875,0.7885791063308716,0.9752564430236816,0.8082137107849121,0.7285246253013611,0.003538744756951928,0.0006126135122030973,0.5306840538978577,0.9827449321746826,BOMBAY
189469.53125,1657.79296875,633.8242797851562,381.49395751953125,1.6657699346542358,0.7985314130783081,191472.25,489.16595458984375,0.7975572943687439,0.9861534237861633,0.8540778160095215,0.772791862487793,0.0033709765411913395,0.0007363712647929788,0.5960787534713745,0.9916247129440308,BOMBAY
231143.28125,1887.24072265625,703.953125,433.62152099609375,1.6539452075958252,0.7838035225868225,237636.71875,555.1082763671875,0.8146694302558899,0.9908937215805054,0.8465902209281921,0.7807803153991699,0.0029565664008259773,0.0006745796999894083,0.6088621020317078,0.9921159744262695,BOMBAY
174213.96875,1603.957763671875,627.4437866210938,354.8597717285156,1.74857497215271,0.8175654411315918,175831.296875,471.51007080078125,0.8202274441719055,0.9866387248039246,0.8462420105934143,0.7514163851737976,0.003580148797482252,0.0007099821232259274,0.5682080388069153,0.9888944625854492,BOMBAY
174183.625,1587.9849853515625,586.6620483398438,374.4688720703125,1.6036407947540283,0.7812207937240601,176316.984375,475.24566650390625,0.7851381897926331,0.9878260493278503,0.855292558670044,0.7875054478645325,0.0033905929885804653,0.0008246633806265891,0.6204526424407959,0.9943053126335144,BOMBAY
141341.75,1443.4993896484375,543.866455078125,361.23468017578125,1.5068646669387817,0.7530784606933594,147310.65625,426.7008361816406,0.7218303680419922,0.9793416857719421,0.8731917142868042,0.8096505403518677,0.003585010301321745,0.0009693826432339847,0.6573030948638916,0.9848929047584534,BOMBAY
161456.84375,1522.42431640625,573.0006103515625,371.2411193847656,1.5686053037643433,0.7679597735404968,166900.4375,447.9718017578125,0.8000973463058472,0.9902995228767395,0.8640149831771851,0.7977978587150574,0.003478356171399355,0.0008733595022931695,0.6338512897491455,0.9940879344940186,BOMBAY
192908.28125,1691.58984375,632.5767211914062,390.4281005859375,1.6347910165786743,0.7928600907325745,192486.90625,498.48846435546875,0.8190383911132812,0.9901515245437622,0.8575074076652527,0.7772402763366699,0.0032691676169633865,0.0007608950254507363,0.6110629439353943,0.9922428727149963,BOMBAY
223002.859375,1784.927734375,690.884033203125,408.791259765625,1.6717089414596558,0.7944691777229309,221642.203125,536.5471801757812,0.7957552075386047,0.9884928464889526,0.8559943437576294,0.7778113484382629,0.0031074348371475935,0.0006859200075268745,0.6079772114753723,0.9940605163574219,BOMBAY
206809.125,1766.7830810546875,682.364990234375,392.4462890625,1.7578043937683105,0.8232088685035706,210563.4375,512.3240356445312,0.7938950061798096,0.9797544479370117,0.8331157565116882,0.7512422800064087,0.0033175486605614424,0.0005864659324288368,0.5691542625427246,0.9863264560699463,BOMBAY
153821.6875,1539.052734375,577.8468627929688,352.7109069824219,1.6624542474746704,0.7958775758743286,154501.171875,447.6589050292969,0.8331259489059448,0.9872797131538391,0.8317596316337585,0.7796298265457153,0.0036940383724868298,0.000842631736304611,0.6004775166511536,0.9930269718170166,BOMBAY
87968.2421875,1178.9014892578125,432.7803955078125,262.0295715332031,1.4379887580871582,0.7183772325515747,85622.5390625,325.815185546875,0.7591188549995422,0.988541841506958,0.8886007070541382,0.8311687707901001,0.004756585229188204,0.0011904858984053135,0.6936044692993164,0.9951419830322266,BOMBAY
158315.40625,1559.72900390625,569.9338989257812,367.4224853515625,1.602895736694336,0.77971351146698,169243.671875,462.5766296386719,0.7517079710960388,0.9763794541358948,0.8438209891319275,0.7875616550445557,0.0034848032519221306,0.0008226103382185102,0.6243468523025513,0.9831593036651611,BOMBAY
144963.796875,1446.3369140625,571.0660400390625,282.3004455566406,1.6417157649993896,0.791461169719696,150454.59375,431.500244140625,0.7282984256744385,0.992095947265625,0.8663329482078552,0.7846611738204956,0.004441006109118462,0.0008672093390487134,0.6044895052909851,0.9960123300552368,BOMBAY
184208.859375,1630.884521484375,602.0276489257812,393.898681640625,1.5449304580688477,0.765060305595398,188187.421875,484.7551574707031,0.7641400694847107,0.9912688136100769,0.8759593367576599,0.800190806388855,0.0032660439610481262,0.0008210434461943805,0.6391960382461548,0.9963953495025635,BOMBAY
169275.203125,1575.7733154296875,572.0183715820312,387.86920166015625,1.452934741973877,0.7308422923088074,171307.828125,461.3232421875,0.7749244570732117,0.9865191578865051,0.8693253397941589,0.8221452236175537,0.0033151195384562016,0.0009365241858176887,0.6796873807907104,0.9881829619407654,BOMBAY
164731.203125,1548.6575927734375,577.8623657226562,366.97125244140625,1.5863138437271118,0.7770170569419861,168652.90625,463.0478820800781,0.7660573720932007,0.9900326728820801,0.875690221786499,0.7899811267852783,0.0034943593200296164,0.0008528059115633368,0.6228997707366943,0.9935149550437927,BOMBAY
179062.171875,1610.252685546875,594.168212890625,381.0170593261719,1.5635441541671753,0.7703006863594055,182756.359375,477.1860656738281,0.7123426795005798,0.9857327938079834,0.8713358640670776,0.7957119941711426,0.003373480401933193,0.0008277394808828831,0.6326310038566589,0.9904512166976929,BOMBAY
175431.171875,1625.4354248046875,643.35546875,354.4086608886719,1.794734239578247,0.8371950387954712,180233.40625,470.84930419921875,0.7155540585517883,0.9862070083618164,0.8093045949935913,0.738530695438385,0.0036386926658451557,0.0006695837946608663,0.5487698912620544,0.9927639365196228,BOMBAY
158782.359375,1503.861572265625,539.4653930664062,365.6170959472656,1.5331206321716309,0.7582565546035767,160016.21875,451.5133972167969,0.8081797957420349,0.9887576699256897,0.8811744451522827,0.8048356175422668,0.003546733409166336,0.0009333667112514377,0.6467776298522949,0.9936282634735107,BOMBAY
245177.828125,1959.408935546875,735.1929321289062,431.8077392578125,1.7433336973190308,0.820220947265625,253647.734375,565.57763671875,0.7297715544700623,0.9771503210067749,0.8132662773132324,0.7358927130699158,0.0029050935991108418,0.0005921953707002103,0.556026816368103,0.9910551309585571,BOMBAY
192546.265625,1673.114013671875,624.9208374023438,390.8848876953125,1.6039934158325195,0.7813611030578613,192925.515625,491.23406982421875,0.7431353330612183,0.9861093163490295,0.8639591336250305,0.7878604531288147,0.0033142785541713238,0.0007683280855417252,0.6189679503440857,0.9930635690689087,BOMBAY
191060.421875,1651.021240234375,636.6331176757812,382.6181945800781,1.6923943758010864,0.8048871159553528,194007.609375,492.8799743652344,0.827758252620697,0.9906404614448547,0.8856476545333862,0.7667748928070068,0.0033304374665021896,0.0007412440609186888,0.596159815788269,0.9914213418960571,BOMBAY
185871.953125,1633.88720703125,605.0714721679688,390.58392333984375,1.5639517307281494,0.7637107968330383,184783.015625,486.93182373046875,0.8253793120384216,0.9890208840370178,0.8787549138069153,0.7994756102561951,0.003280314616858959,0.0008050133474171162,0.642398476600647,0.9956396222114563,BOMBAY
192185.96875,1667.106689453125,637.817138671875,387.09686279296875,1.6452823877334595,0.7907859086990356,192701.65625,494.3360900878906,0.7990660071372986,0.9906179904937744,0.8642735481262207,0.7767292857170105,0.003307261737063527,0.0007360189338214695,0.6042420268058777,0.9937525391578674,BOMBAY
99916.6875,1278.2403564453125,482.3395690917969,281.4064636230469,1.5101498365402222,0.749291181564331,106362.0234375,430.46307373046875,0.73636394739151,0.9910494089126587,0.8970361948013306,0.8140566945075989,0.00423163827508688,0.0009961645118892193,0.6620137691497803,0.9966745376586914,BOMBAY
159652.09375,1501.0692138671875,542.4684448242188,362.5870361328125,1.5135821104049683,0.755955159664154,164163.6875,447.20989990234375,0.7245132923126221,0.9836268424987793,0.8640906810760498,0.806528627872467,0.0036146757192909718,0.000938472046982497,0.6517850160598755,0.9914715886116028,BOMBAY
178416.9375,1616.156982421875,612.5520629882812,373.7536315917969,1.6342734098434448,0.7902349829673767,182357.515625,478.63671875,0.7876222133636475,0.9839895963668823,0.8662307262420654,0.7777434587478638,0.0034449095837771893,0.0007687235483899713,0.6045543551445007,0.9881516695022583,BOMBAY
161333.0,1558.24169921875,596.9077758789062,344.46246337890625,1.6939878463745117,0.8039238452911377,165626.109375,457.2702941894531,0.783236026763916,0.9871609807014465,0.8477627038955688,0.7704806327819824,0.003652523271739483,0.000775482680182904,0.5877804756164551,0.9913796186447144,BOMBAY
180428.53125,1607.474609375,591.447265625,386.9532470703125,1.533522129058838,0.7596883177757263,182546.203125,477.8036193847656,0.772293210029602,0.9876580834388733,0.8756569027900696,0.8022494316101074,0.003298606490716338,0.0008574037929065526,0.644466757774353,0.9917376041412354,BOMBAY
254131.203125,1984.63232421875,738.3815307617188,452.9570617675781,1.794795036315918,0.8041078448295593,262761.21875,569.3714599609375,0.7110662460327148,0.978399932384491,0.8261064887046814,0.7408688068389893,0.0028104237280786037,0.0005816079792566597,0.5866627097129822,0.9905072450637817,BOMBAY
151527.3125,1505.0711669921875,536.4024047851562,348.530029296875,1.6038119792938232,0.7781844735145569,153036.890625,448.132080078125,0.7777236700057983,0.9836218953132629,0.8694341778755188,0.7826069593429565,0.0036791295278817415,0.0008859328809194267,0.6146386861801147,0.9928496479988098,BOMBAY
170873.359375,1578.9864501953125,582.75732421875,374.9802551269531,1.570739507675171,0.7698875665664673,172478.078125,465.5993347167969,0.7829203009605408,0.9857932925224304,0.8610891699790955,0.7965906262397766,0.0034315672237426043,0.0008558490662835538,0.6340238451957703,0.9922256469726562,BOMBAY
159255.515625,1553.626220703125,537.8700561523438,378.0406494140625,1.4606313705444336,0.7275071740150452,164853.59375,446.95062255859375,0.7770862579345703,0.9818459153175354,0.8546570539474487,0.8257227540016174,0.003398378612473607,0.0009573347633704543,0.6787073612213135,0.9912768602371216,BOMBAY
167927.984375,1577.9344482421875,581.1173095703125,372.32293701171875,1.5811846256256104,0.7750976085662842,172970.90625,464.47314453125,0.7961167097091675,0.9888048768043518,0.8556026816368103,0.7930313348770142,0.003473854623734951,0.0008460318204015493,0.6243307590484619,0.9883399605751038,BOMBAY
180901.125,1650.3331298828125,647.33935546875,358.7129211425781,1.8271957635879517,0.8373236060142517,184935.46875,480.83807373046875,0.8423337936401367,0.9872134327888489,0.8307611346244812,0.7427386045455933,0.0036424181889742613,0.0006482623866759241,0.5413850545883179,0.9915527701377869,BOMBAY
191219.96875,1688.2742919921875,656.7986450195312,375.6684265136719,1.7421848773956299,0.8220222592353821,195256.46875,491.43621826171875,0.8221451640129089,0.9837405681610107,0.8330533504486084,0.747345507144928,0.003420531051233411,0.0006890522199682891,0.5661293864250183,0.9841769933700562,BOMBAY
156989.5625,1483.77685546875,553.2664794921875,352.4053649902344,1.5833122730255127,0.7724974751472473,152281.078125,439.0825500488281,0.8044013977050781,0.9928528666496277,0.877167284488678,0.7931105494499207,0.003630911698564887,0.0008966844179667532,0.6311759352684021,0.9968395829200745,BOMBAY
207053.40625,1747.2435302734375,691.0687866210938,390.8254089355469,1.7454971075057983,0.8274574875831604,207709.375,514.1409912109375,0.8493369817733765,0.9897163510322571,0.844258189201355,0.7515857815742493,0.0032726565841585398,0.0006313975900411606,0.5713438391685486,0.9924449324607849,BOMBAY
167074.265625,1572.3717041015625,575.7296752929688,372.0043640136719,1.5358898639678955,0.7611073851585388,168340.640625,461.9638671875,0.7370958924293518,0.988140881061554,0.8585959672927856,0.8058688640594482,0.0034341812133789062,0.0008908598683774471,0.6504666805267334,0.994858980178833,BOMBAY
159389.25,1536.39453125,576.3253784179688,354.0942687988281,1.6574424505233765,0.8001800775527954,162489.6875,451.8354187011719,0.8015863299369812,0.9875497221946716,0.853069007396698,0.7752237319946289,0.0036440331023186445,0.0008233704720623791,0.5983062386512756,0.9911476373672485,BOMBAY
206106.015625,1707.550048828125,635.4790649414062,426.4658203125,1.4784231185913086,0.7355744242668152,209519.453125,514.0824584960938,0.7757032513618469,0.9903682470321655,0.8963570594787598,0.8174208402633667,0.0029588518664240837,0.0008575748652219772,0.6661263704299927,0.9936440587043762,BOMBAY
171839.390625,1580.521728515625,590.7957763671875,367.39923095703125,1.600317120552063,0.7888386845588684,168203.40625,465.83184814453125,0.6863009929656982,0.9893618822097778,0.843777596950531,0.783982515335083,0.0034526728559285402,0.0008115681121125817,0.6159265041351318,0.9938083291053772,BOMBAY
192825.984375,1679.8262939453125,643.6602783203125,387.3417053222656,1.6607513427734375,0.7962750792503357,193977.4375,492.052001953125,0.7165813446044922,0.9885676503181458,0.8560161590576172,0.7731991410255432,0.0033063043374568224,0.0007381115574389696,0.5990914106369019,0.9931652545928955,BOMBAY
164980.796875,1501.205078125,554.5906372070312,390.8007507324219,1.3486895561218262,0.6846420764923096,170643.46875,465.71343994140625,0.7971015572547913,0.9916345477104187,0.9107412695884705,0.8534731864929199,0.003270241664722562,0.0010622452246025205,0.730381190776825,0.9953750967979431,BOMBAY
151708.328125,1505.947265625,531.8333740234375,353.2471618652344,1.5831270217895508,0.7755661606788635,151932.421875,446.00714111328125,0.7999220490455627,0.9847956895828247,0.8627524971961975,0.7909486293792725,0.0036495213862508535,0.0008870267192833126,0.6287832260131836,0.9901725649833679,BOMBAY
166280.59375,1578.17138671875,597.5908813476562,349.68212890625,1.73805570602417,0.8203553557395935,165853.5,458.2535095214844,0.8067693710327148,0.9906664490699768,0.83439701795578,0.7540186643600464,0.0036116125993430614,0.0007255699601955712,0.5681249499320984,0.9953076243400574,BOMBAY
115873.2421875,1288.9549560546875,527.1962280273438,318.0469665527344,1.4928611516952515,0.7386403679847717,103093.0546875,357.07342529296875,0.7507255673408508,0.9895094633102417,0.8635037541389465,0.816764235496521,0.003683054819703102,0.0010180800454691052,0.6601874232292175,0.9948824644088745,BOMBAY
207806.46875,1749.2442626953125,692.1095581054688,393.2918701171875,1.76798677444458,0.8268916606903076,210255.078125,512.8267822265625,0.8305941820144653,0.9878712296485901,0.8388768434524536,0.7494661211967468,0.003266749670729041,0.0006175360758788884,0.5691823959350586,0.9913743734359741,BOMBAY
166085.15625,1530.2181396484375,585.5896606445312,354.8941955566406,1.5798733234405518,0.7802852392196655,164002.734375,451.2021179199219,0.8319568037986755,0.9882497787475586,0.8782221078872681,0.7873904705047607,0.0035991279873996973,0.0008655093843117356,0.6194775104522705,0.9920335412025452,BOMBAY
175075.65625,1594.572998046875,601.6368408203125,370.3033447265625,1.629021167755127,0.7890874147415161,179861.390625,470.97601318359375,0.7891407012939453,0.9877452254295349,0.8657172322273254,0.7812319993972778,0.003471272299066186,0.0007750442018732429,0.6104571223258972,0.9932087659835815,BOMBAY
188609.765625,1665.9136962890625,637.0608520507812,383.7220153808594,1.6511918306350708,0.7949039936065674,193038.890625,486.89434814453125,0.782200038433075,0.9744699597358704,0.8346190452575684,0.7734585404396057,0.0033368533477187157,0.000753463595174253,0.5966779589653015,0.984086275100708,BOMBAY
186290.984375,1635.1627197265625,615.8094482421875,391.39898681640625,1.5476244688034058,0.7663854956626892,187659.984375,486.5347900390625,0.8261277675628662,0.9915887117385864,0.8746907114982605,0.8004114031791687,0.0032677778508514166,0.0008420206722803414,0.6421259045600891,0.9929684996604919,BOMBAY
152197.140625,1514.64013671875,585.4182739257812,350.0692443847656,1.6645232439041138,0.8026639223098755,159103.1875,437.4261169433594,0.8281998038291931,0.9871894121170044,0.8774533271789551,0.7687115669250488,0.003624659264460206,0.0007845121435821056,0.5883307456970215,0.9915974736213684,BOMBAY
163925.21875,1540.5750732421875,583.95849609375,359.79058837890625,1.6046196222305298,0.7818581461906433,164843.859375,457.0121154785156,0.7205718755722046,0.9884961247444153,0.866330087184906,0.7880302667617798,0.0035683847963809967,0.0008511246996931732,0.6247185468673706,0.9943944215774536,BOMBAY
201312.125,1692.854248046875,638.4161987304688,401.28363037109375,1.5970532894134521,0.7781623601913452,202000.59375,505.6294250488281,0.7964649200439453,0.9914345145225525,0.8750954270362854,0.7908039689064026,0.0031824286561459303,0.0007696887478232384,0.6257823705673218,0.995107114315033,BOMBAY
192077.125,1656.041259765625,608.0650634765625,397.55047607421875,1.543697476387024,0.7651532292366028,192507.546875,492.6097106933594,0.7977654933929443,0.9916445016860962,0.8740527629852295,0.8037052750587463,0.0032042860984802246,0.0008252083789557219,0.6476686000823975,0.996020495891571,BOMBAY
166453.734375,1563.4677734375,594.182373046875,358.5971984863281,1.628556251525879,0.7942644953727722,169848.8125,460.84869384765625,0.831267774105072,0.9898768663406372,0.8689955472946167,0.7814566493034363,0.0035365635994821787,0.0008178826537914574,0.6018596887588501,0.9932259321212769,BOMBAY
184415.53125,1636.3619384765625,607.1299438476562,385.8219909667969,1.5835953950881958,0.7742250561714172,187722.703125,481.13995361328125,0.770983874797821,0.985780656337738,0.8776614665985107,0.7921051383018494,0.003315392415970564,0.0008067499147728086,0.6286628842353821,0.9942046999931335,BOMBAY
158677.28125,1557.41162109375,585.2907104492188,352.52764892578125,1.6258947849273682,0.7880203723907471,163841.390625,455.4732666015625,0.7955551147460938,0.9789058566093445,0.8356771469116211,0.7798190712928772,0.0037064722273498774,0.0008153183152899146,0.603640615940094,0.9875569343566895,BOMBAY
90017.7578125,1217.88232421875,443.2806701660156,281.37664794921875,1.3895103931427002,0.6933016180992126,90944.125,335.40240478515625,0.7859610319137573,0.991330623626709,0.882412850856781,0.841792106628418,0.004635526333004236,0.0011297945166006684,0.6981033086776733,0.993775486946106,BOMBAY
178889.8125,1602.01953125,586.537353515625,386.24444580078125,1.5476454496383667,0.759676456451416,182289.65625,477.3270568847656,0.7866382598876953,0.9893773198127747,0.8734426498413086,0.8035739660263062,0.0033122932072728872,0.0008637002320028841,0.6443794965744019,0.9959946870803833,BOMBAY
185032.5625,1658.54052734375,638.4485473632812,374.8379821777344,1.7307277917861938,0.8154053092002869,188823.703125,483.91754150390625,0.7940998077392578,0.9796957969665527,0.8395497798919678,0.7569350004196167,0.0034538074396550655,0.0006990815163590014,0.5718759298324585,0.9875979423522949,BOMBAY
147037.75,1449.0357666015625,520.9924926757812,358.4133605957031,1.5054055452346802,0.7417885065078735,142330.4375,426.515380859375,0.7081964015960693,0.9839122891426086,0.8577101826667786,0.8169259428977966,0.0036057494580745697,0.0009711419115774333,0.6647832989692688,0.9944263696670532,BOMBAY
88789.921875,1170.9703369140625,437.4823303222656,266.7135009765625,1.3851978778839111,0.6697790622711182,87671.1875,337.02581787109375,0.768130898475647,0.9906691908836365,0.8834056258201599,0.8608083724975586,0.004925541114062071,0.0013954939786344767,0.7125588059425354,0.9946715235710144,BOMBAY
177718.671875,1594.6976318359375,585.7171630859375,393.48992919921875,1.4715602397918701,0.7368667721748352,178914.546875,477.58929443359375,0.8195784687995911,0.9881120324134827,0.8949782252311707,0.8217759728431702,0.0032660849392414093,0.0009310237364843488,0.6756795644760132,0.9933268427848816,BOMBAY
205774.875,1725.55029296875,646.8836059570312,404.2908935546875,1.570275068283081,0.7730720639228821,207331.03125,512.1569213867188,0.8054697513580322,0.9904154539108276,0.8706327080726624,0.7957764863967896,0.0031456390861421824,0.0007671052007935941,0.6349532008171082,0.9958769679069519,BOMBAY
186582.78125,1660.4984130859375,634.8607177734375,380.6236267089844,1.6551471948623657,0.7977063059806824,189330.421875,483.43048095703125,0.8287636637687683,0.9814218878746033,0.8540228605270386,0.7740765810012817,0.0033833575434982777,0.0007417868473567069,0.6010769605636597,0.985837459564209,BOMBAY
170847.1875,1598.7864990234375,629.1476440429688,353.1335144042969,1.8037434816360474,0.8318014144897461,177290.21875,469.1872253417969,0.8075955510139465,0.9901782274246216,0.8408365249633789,0.7465065121650696,0.0035767590161412954,0.0006870339275337756,0.550754964351654,0.9934079647064209,BOMBAY
175794.59375,1593.8385009765625,578.2659301757812,384.4077453613281,1.5434366464614868,0.7588234543800354,179923.15625,475.5685729980469,0.7460225820541382,0.9908034801483154,0.8739954829216003,0.8045117855072021,0.0033277494367212057,0.0008733104332350194,0.6455411314964294,0.9933986663818359,BOMBAY
198662.53125,1705.6859130859375,664.8717651367188,382.75970458984375,1.7321650981903076,0.8183512687683105,202282.40625,500.91363525390625,0.7026841044425964,0.9807365536689758,0.8369850516319275,0.7547855973243713,0.0033109502401202917,0.000682109035551548,0.5700013637542725,0.9896493554115295,BOMBAY
167730.0625,1597.888427734375,582.3497924804688,380.03265380859375,1.5393099784851074,0.7569075226783752,175990.484375,460.5444030761719,0.7503515481948853,0.9621989130973816,0.8126188516616821,0.7972027659416199,0.0034737528767436743,0.0008454761118628085,0.6384238004684448,0.9688995480537415,BOMBAY
168863.03125,1577.8272705078125,579.859130859375,374.3989562988281,1.546631097793579,0.7615002989768982,172737.28125,468.4469299316406,0.7090682983398438,0.9883658289909363,0.8707447648048401,0.7996390461921692,0.0034332810901105404,0.0008671109098941088,0.6433348059654236,0.9913970828056335,BOMBAY
203008.984375,1726.4100341796875,666.8240356445312,390.39398193359375,1.7029720544815063,0.8095980286598206,203121.5,504.3649597167969,0.7973301410675049,0.9845900535583496,0.8467885851860046,0.7622449994087219,0.003282678546383977,0.0006915894919075072,0.5757724642753601,0.989776074886322,BOMBAY
233233.703125,1889.2579345703125,704.6063842773438,429.9107666015625,1.6497782468795776,0.7949399352073669,240625.90625,553.8659057617188,0.8014270663261414,0.9896880388259888,0.8531222343444824,0.7783019542694092,0.002983363112434745,0.0006800320115871727,0.6009128093719482,0.9931899905204773,BOMBAY
199795.296875,1695.7686767578125,630.7715454101562,401.1545104980469,1.555071473121643,0.7670373320579529,203519.171875,501.37451171875,0.7884300947189331,0.9865314364433289,0.8650877475738525,0.7981191873550415,0.0032151478808373213,0.0007995296618901193,0.6381612420082092,0.992830216884613,BOMBAY
203929.046875,1724.6595458984375,632.4269409179688,404.75823974609375,1.5558607578277588,0.7640645503997803,206682.953125,505.2090759277344,0.7532075643539429,0.9830317497253418,0.8492496609687805,0.7955772280693054,0.0031595074106007814,0.0007930960273370147,0.6421729326248169,0.9941169619560242,BOMBAY
181057.875,1641.850341796875,621.9097290039062,379.826904296875,1.6443214416503906,0.7906012535095215,185455.265625,481.1055603027344,0.7929990887641907,0.9807688593864441,0.8289046287536621,0.7752853035926819,0.0033851994667202234,0.000764857919421047,0.6028478741645813,0.9876333475112915,BOMBAY
161623.140625,1550.194091796875,580.210693359375,355.876953125,1.5986888408660889,0.7754603624343872,159096.109375,450.9360046386719,0.6964965462684631,0.9893134832382202,0.8417873978614807,0.7900902032852173,0.003617907641455531,0.0008652936667203903,0.6213792562484741,0.9933817386627197,BOMBAY
145188.78125,1480.549072265625,530.8910522460938,365.80218505859375,1.459330677986145,0.7302869558334351,151755.03125,436.5532531738281,0.7436112761497498,0.9800185561180115,0.8892612457275391,0.8231760263442993,0.0035399338230490685,0.0009868560591712594,0.6753121614456177,0.9890060424804688,BOMBAY
167210.703125,1533.3009033203125,554.24072265625,387.0328063964844,1.4238709211349487,0.706456184387207,166549.5625,456.9673156738281,0.8229845762252808,0.9926011562347412,0.9062360525131226,0.8408871293067932,0.0033476867247372866,0.0010002728085964918,0.6981520056724548,0.9940265417098999,BOMBAY
180329.5,1592.422119140625,592.9104614257812,387.17413330078125,1.5371439456939697,0.7590580582618713,183418.875,482.58892822265625,0.815220832824707,0.988017201423645,0.8955907821655273,0.8048116564750671,0.003292781300842762,0.0008550474885851145,0.6475472450256348,0.992669939994812,BOMBAY
155751.390625,1521.0548095703125,573.7694702148438,350.1075134277344,1.662538766860962,0.7957577109336853,160300.421875,447.37255859375,0.8100285530090332,0.9890522956848145,0.8616147041320801,0.772765576839447,0.0037157570477575064,0.0008219372830353677,0.597745954990387,0.9926307201385498,BOMBAY
199753.3125,1714.6083984375,671.200927734375,371.95440673828125,1.7938144207000732,0.8376964926719666,202175.859375,502.2454833984375,0.7901864647865295,0.9873976707458496,0.830045759677887,0.7394112944602966,0.0034382243175059557,0.0006223595701158047,0.5431839823722839,0.9911236763000488,BOMBAY
156187.625,1519.6044921875,586.9703979492188,353.4623107910156,1.6365889310836792,0.7893577814102173,167000.28125,452.21063232421875,0.7453639507293701,0.9930378198623657,0.878666877746582,0.7860556840896606,0.0036362630780786276,0.0008445113780908287,0.6055940985679626,0.9982578754425049,BOMBAY
154809.53125,1500.0596923828125,537.8681640625,355.00286865234375,1.52873957157135,0.7528833150863647,149365.171875,434.14068603515625,0.8116085529327393,0.9909466505050659,0.8851500153541565,0.8077526092529297,0.0036009736359119415,0.0009359720861539245,0.6527190208435059,0.9967278242111206,BOMBAY
165350.921875,1538.8150634765625,565.2534790039062,369.7163391113281,1.5481213331222534,0.7605991959571838,167516.484375,456.67572021484375,0.7374718189239502,0.9834203124046326,0.8791527152061462,0.8039800524711609,0.003470852505415678,0.0009123322670347989,0.6488093733787537,0.9917932152748108,BOMBAY
157226.625,1508.9757080078125,544.6218872070312,347.7044372558594,1.5740656852722168,0.7691203355789185,158684.5,428.02606201171875,0.8198064565658569,0.9898802638053894,0.8633695840835571,0.8014304637908936,0.0036238827742636204,0.0009213874582201242,0.6349570155143738,0.9934617280960083,BOMBAY
183547.796875,1629.1883544921875,599.1622924804688,388.642822265625,1.5597883462905884,0.7681362628936768,185341.828125,483.0605773925781,0.7890965342521667,0.9881153106689453,0.8697154521942139,0.7990672588348389,0.0033012141939252615,0.0008242329931817949,0.6390445828437805,0.993228018283844,BOMBAY
149189.1875,1271.13720703125,516.3385620117188,345.3441162109375,1.4496359825134277,0.713839054107666,114199.328125,345.0283508300781,0.8197936415672302,0.9901458024978638,0.9062014818191528,0.8291585445404053,0.003610505722463131,0.0010673135984688997,0.7005003094673157,0.9972460865974426,BOMBAY
180729.90625,1632.5626220703125,630.7282104492188,370.4093933105469,1.7011427879333496,0.8116737604141235,183001.9375,480.2223815917969,0.8114758729934692,0.9913095831871033,0.8619496822357178,0.7630769610404968,0.0034819378051906824,0.0007199788233265281,0.5807715058326721,0.9935007691383362,BOMBAY
131376.671875,1451.9342041015625,527.4515380859375,340.8197937011719,1.544825792312622,0.7660924792289734,152091.796875,437.0556335449219,0.7700421810150146,0.9798003435134888,0.8428633809089661,0.798102855682373,0.0042405761778354645,0.0009478366118855774,0.6413472294807434,0.9900461435317993,BOMBAY
168291.21875,1568.9564208984375,605.8150024414062,360.38055419921875,1.6846264600753784,0.8091258406639099,167789.921875,461.941162109375,0.7993724942207336,0.9877691864967346,0.8457114100456238,0.7628037333488464,0.0036004334688186646,0.0007579821976833045,0.5827738642692566,0.9892326593399048,BOMBAY
179075.875,1639.89794921875,616.30126953125,372.69146728515625,1.671444296836853,0.8048450946807861,181696.921875,466.749267578125,0.8166419267654419,0.983855128288269,0.8349467515945435,0.7694347500801086,0.0034206565469503403,0.0007217875681817532,0.5912314653396606,0.9971446394920349,BOMBAY
171469.375,1560.2525634765625,577.2396850585938,379.40484619140625,1.514814853668213,0.748345673084259,174202.078125,466.55010986328125,0.7872648239135742,0.9909251928329468,0.88097083568573,0.8098320364952087,0.003367150202393532,0.0009064719779416919,0.6576967239379883,0.9951719045639038,BOMBAY
187335.34375,1707.527099609375,660.5376586914062,371.40716552734375,1.7851272821426392,0.8213109970092773,195044.15625,490.3456115722656,0.7870216369628906,0.9805118441581726,0.8157826066017151,0.7435087561607361,0.003463467350229621,0.0006605045637115836,0.5557296276092529,0.986939549446106,BOMBAY
167447.390625,1574.333740234375,574.930419921875,372.0982971191406,1.557722568511963,0.7652292251586914,171759.59375,467.1023254394531,0.7848594784736633,0.9830250144004822,0.8746811151504517,0.7988758683204651,0.003440369851887226,0.0008783809607848525,0.6367840766906738,0.9919883608818054,BOMBAY
177683.734375,1577.977294921875,588.1705322265625,383.0814208984375,1.5397520065307617,0.7618188261985779,180120.453125,476.4323425292969,0.7865697741508484,0.9905988574028015,0.8867575526237488,0.8032333850860596,0.003345379140228033,0.0008655354613438249,0.6452564001083374,0.993586003780365,BOMBAY
156097.25,1519.9542236328125,536.3793334960938,374.10638427734375,1.457438349723816,0.7267008423805237,158645.015625,446.9597473144531,0.798740029335022,0.9857640862464905,0.8682583570480347,0.822571337223053,0.00348073267377913,0.0009814968798309565,0.6766282320022583,0.9891400933265686,BOMBAY
208914.546875,1741.4207763671875,641.7364501953125,440.20318603515625,1.4871187210083008,0.7400642037391663,210321.34375,514.9306030273438,0.813401997089386,0.9922582507133484,0.9049578905105591,0.8158969879150391,0.0029174936935305595,0.0008069362957030535,0.6625911593437195,0.9949858784675598,BOMBAY
157275.046875,1479.4373779296875,543.7731323242188,353.423583984375,1.5453360080718994,0.7697827219963074,154875.53125,444.181396484375,0.8127226829528809,0.991573691368103,0.8932511806488037,0.8008344769477844,0.0037109439726918936,0.0009347496088594198,0.6442357301712036,0.9954438209533691,BOMBAY
160543.84375,1545.74609375,568.2144165039062,359.57733154296875,1.5568698644638062,0.7673736810684204,160958.40625,449.6819763183594,0.7022976875305176,0.9915369749069214,0.8655497431755066,0.8000317811965942,0.0035783706698566675,0.0009051868109963834,0.6373946666717529,0.9929516911506653,BOMBAY
128512.953125,1268.3148193359375,474.1285400390625,268.4530029296875,1.556326985359192,0.7656860947608948,118902.7890625,349.3680725097656,0.7162728905677795,0.9847546815872192,0.8444900512695312,0.7953512072563171,0.0048098815605044365,0.0009469794458709657,0.6385587453842163,0.9893133044242859,BOMBAY
188013.90625,1659.88623046875,642.155029296875,379.6380310058594,1.6841286420822144,0.7988203763961792,192345.375,489.5307312011719,0.803080677986145,0.9823617935180664,0.8497450351715088,0.7691290974617004,0.003370877355337143,0.0007306808838620782,0.5891978144645691,0.9882721900939941,BOMBAY
171184.9375,1595.136962890625,574.5809326171875,386.3104248046875,1.4861315488815308,0.7374095320701599,172844.484375,458.7749328613281,0.8162167072296143,0.977874755859375,0.8661251068115234,0.8181386590003967,0.003320158226415515,0.0009204819216392934,0.6700025796890259,0.9842478036880493,BOMBAY
182231.34375,1628.3463134765625,595.3203735351562,390.1167907714844,1.533104658126831,0.7546955943107605,187938.703125,483.5986328125,0.8019253015518188,0.9789551496505737,0.876855194568634,0.8050904870033264,0.003296943148598075,0.0008542676805518568,0.6413516998291016,0.9878180623054504,BOMBAY
177042.734375,1594.421142578125,586.5844116210938,382.1356201171875,1.5603938102722168,0.770952045917511,177362.421875,474.759033203125,0.8015026450157166,0.9883237481117249,0.8723644614219666,0.7964856028556824,0.0033601068425923586,0.000845607602968812,0.6327593922615051,0.9909810423851013,BOMBAY
158120.390625,1517.0992431640625,537.379638671875,368.1620788574219,1.5286223888397217,0.7559422254562378,164112.390625,453.6011047363281,0.7884607315063477,0.9868138432502747,0.8687235713005066,0.8083661794662476,0.0034539615735411644,0.0009416294051334262,0.6510557532310486,0.9938904643058777,BOMBAY
143842.671875,1438.8961181640625,522.4793701171875,345.660400390625,1.5704066753387451,0.771365225315094,144726.9375,352.849853515625,0.7649421095848083,0.9866468906402588,0.851039707660675,0.7929360270500183,0.0038453484885394573,0.0009245608234778047,0.6302768588066101,0.9925147891044617,BOMBAY
97784.3828125,1354.7156982421875,470.6057434082031,355.6674499511719,1.443570613861084,0.7228919863700867,107079.328125,353.7966613769531,0.7135632634162903,0.9872816801071167,0.8803086280822754,0.8312362432479858,0.0036212154664099216,0.0010564466938376427,0.6883148550987244,0.9942620992660522,BOMBAY
166626.421875,1577.1607666015625,567.4866333007812,375.6871643066406,1.525217056274414,0.7553519606590271,170386.578125,461.52850341796875,0.7719372510910034,0.9856956005096436,0.8600782752037048,0.8068637251853943,0.0034280000254511833,0.0009015470277518034,0.6511716246604919,0.9923696517944336,BOMBAY
169045.8125,1509.3616943359375,560.7110595703125,385.459716796875,1.4132945537567139,0.7068560123443604,166106.0,457.563232421875,0.7976198792457581,0.9903510212898254,0.8989436626434326,0.8375381827354431,0.003300097305327654,0.0010093941818922758,0.7023168206214905,0.9944878816604614,BOMBAY
151980.875,1529.1314697265625,558.6041870117188,354.4742736816406,1.591884732246399,0.7741410732269287,151684.25,444.8668518066406,0.7274445295333862,0.9877757430076599,0.8603221774101257,0.7905435562133789,0.0035786854568868876,0.0008727622916921973,0.624197781085968,0.993651270866394,BOMBAY
191090.375,1670.927001953125,633.3168334960938,390.5372009277344,1.616824746131897,0.7876798510551453,193645.0,495.4832458496094,0.7702084183692932,0.9904784560203552,0.8583943843841553,0.7837344408035278,0.0032929705921560526,0.0007810776005499065,0.6143889427185059,0.9934436082839966,BOMBAY
201532.5625,1713.821533203125,652.9666137695312,393.0809326171875,1.6498336791992188,0.7951152920722961,204200.765625,506.8240966796875,0.795279324054718,0.986562192440033,0.8561572432518005,0.7788498997688293,0.003259457414969802,0.0007194585632532835,0.6022928953170776,0.9918965101242065,BOMBAY
198471.765625,1719.3883056640625,659.1910400390625,380.2406921386719,1.7800171375274658,0.8320443034172058,200618.84375,497.48211669921875,0.689555287361145,0.9894112944602966,0.8266246914863586,0.7465343475341797,0.0034122890792787075,0.0006348735769279301,0.5565827488899231,0.9929313659667969,BOMBAY
151024.265625,1497.4810791015625,523.1868286132812,361.4059753417969,1.4827454090118408,0.734022855758667,156983.71875,437.7359924316406,0.7633414268493652,0.9909753799438477,0.9085671305656433,0.827006995677948,0.003542328020557761,0.0009952620603144169,0.6800490021705627,0.9985731244087219,BOMBAY
160324.359375,1580.2413330078125,588.1857299804688,355.71905517578125,1.6512471437454224,0.7984691858291626,168308.53125,454.0938415527344,0.6927096247673035,0.9755958914756775,0.7960521578788757,0.7730008363723755,0.0036757562775164843,0.0007943673990666866,0.5947209596633911,0.9868707656860352,BOMBAY
161315.59375,1522.288818359375,551.6025390625,375.0318603515625,1.4575269222259521,0.7192491888999939,167613.453125,458.1053771972656,0.7900382876396179,0.9870385527610779,0.8867049813270569,0.8291571736335754,0.0034434895496815443,0.0010270873317494988,0.6832290291786194,0.9939126968383789,BOMBAY
222384.234375,1752.8079833984375,642.60595703125,454.3948669433594,1.4421466588974,0.7146457433700562,227553.15625,542.3158569335938,0.8005304336547852,0.9899505972862244,0.8902620673179626,0.8221406936645508,0.0028219656087458134,0.0008748284308239818,0.6840871572494507,0.9931627511978149,BOMBAY
142927.171875,1507.1793212890625,553.4833374023438,303.3016052246094,1.5959012508392334,0.7835530638694763,156188.078125,400.5855407714844,0.7791574597358704,0.9820844531059265,0.8490338921546936,0.7902390360832214,0.0039315554313361645,0.0008937361999414861,0.6224378347396851,0.9913744926452637,BOMBAY
172268.78125,1584.060791015625,604.164794921875,369.8116455078125,1.605322003364563,0.783744215965271,172756.765625,465.82513427734375,0.7790639400482178,0.9907856583595276,0.8547812700271606,0.7852003574371338,0.003541818354278803,0.0008154420647770166,0.6181144714355469,0.9891963005065918,BOMBAY
204131.109375,1718.806640625,645.6722412109375,403.0746765136719,1.5818607807159424,0.7753744125366211,205827.59375,509.07293701171875,0.7876180410385132,0.9884490370750427,0.8614220023155212,0.7936037182807922,0.003170509822666645,0.000780935341026634,0.6309090256690979,0.9940739274024963,BOMBAY
236370.859375,1886.7261962890625,690.5813598632812,440.094970703125,1.616813063621521,0.7844588756561279,240027.015625,553.7368774414062,0.8000504374504089,0.9824336767196655,0.8416482210159302,0.7862886786460876,0.0029210043139755726,0.0007132251048460603,0.6111589074134827,0.9906941056251526,BOMBAY
204807.109375,1722.488525390625,633.3140869140625,423.3179626464844,1.4977978467941284,0.7457669973373413,208333.609375,511.20318603515625,0.7700570225715637,0.9884118437767029,0.876946747303009,0.8101765513420105,0.003055175533518195,0.0008376406040042639,0.6617231369018555,0.9925459623336792,BOMBAY
156489.59375,1505.7781982421875,566.6527709960938,283.50946044921875,1.6443696022033691,0.798210620880127,150380.4375,446.0849304199219,0.8183861970901489,0.9918763637542725,0.8747908473014832,0.7753204703330994,0.003958899062126875,0.0008469753083772957,0.6072508096694946,0.9982315897941589,BOMBAY
184266.921875,1637.3382568359375,620.5538940429688,383.82861328125,1.6053361892700195,0.7830507159233093,185644.53125,483.1984558105469,0.7108026146888733,0.9781005382537842,0.8657231330871582,0.7836755514144897,0.0033604688942432404,0.0007803959888406098,0.615977942943573,0.9886047840118408,BOMBAY
206048.71875,1751.94580078125,666.9135131835938,396.8629150390625,1.647887945175171,0.7965905070304871,210488.71875,512.8052978515625,0.7535691261291504,0.9817796945571899,0.834282636642456,0.7764468789100647,0.003236335003748536,0.0007070435676723719,0.6071561574935913,0.98953777551651,BOMBAY
204320.859375,1711.0667724609375,616.2622680664062,442.7699890136719,1.4672921895980835,0.7381436824798584,206378.03125,506.75927734375,0.8051402568817139,0.9879260659217834,0.8916324973106384,0.8259048461914062,0.0029262129683047533,0.0008846305427141488,0.680409848690033,0.9911375641822815,BOMBAY
185234.75,1641.3458251953125,619.6036987304688,385.3565979003906,1.6054080724716187,0.7807009816169739,187536.28125,484.5645446777344,0.7873769998550415,0.9885466694831848,0.865298330783844,0.7874263525009155,0.003330356441438198,0.0007822240586392581,0.6197985410690308,0.9936046600341797,BOMBAY
166519.40625,1590.7071533203125,603.6541137695312,362.8222961425781,1.6867250204086304,0.8081094622612,175586.484375,464.6783447265625,0.7931830286979675,0.9838603734970093,0.8440182209014893,0.7637811899185181,0.0035974185448139906,0.0007429557153955102,0.5827340483665466,0.9891805052757263,BOMBAY
151255.8125,1445.225830078125,556.2720336914062,351.5055236816406,1.557761549949646,0.7662648558616638,151312.421875,438.9472961425781,0.7732270359992981,0.9891055226325989,0.8906883001327515,0.7997105717658997,0.0036154650151729584,0.0009333532070741057,0.6385161876678467,0.9939660429954529,BOMBAY
157930.375,1511.5506591796875,541.7623291015625,370.7888488769531,1.5046566724777222,0.7449650764465332,154713.203125,445.10400390625,0.7301145792007446,0.9872604012489319,0.8634719848632812,0.8125155568122864,0.003479632083326578,0.000943706720136106,0.6582397818565369,0.9951387643814087,BOMBAY
163681.9375,1528.3251953125,552.0699462890625,378.0240783691406,1.4360651969909668,0.7207791805267334,170244.4375,455.6877746582031,0.7296223640441895,0.9849068522453308,0.8660532832145691,0.833659827709198,0.0033386764116585255,0.0009815144585445523,0.6915786266326904,0.9949458837509155,BOMBAY
219507.0,1768.578125,682.8671264648438,405.343994140625,1.7018916606903076,0.8081709146499634,215107.78125,519.2892456054688,0.7880169749259949,0.9798780679702759,0.8620203733444214,0.7659611701965332,0.0031734169460833073,0.0006388394394889474,0.5865212082862854,0.987338662147522,BOMBAY
145635.96875,1428.7991943359375,539.0503540039062,352.89459228515625,1.516412377357483,0.7574582695960999,141677.5625,422.2038269042969,0.6957175135612488,0.9907392263412476,0.8565075993537903,0.8046355843544006,0.0036222704220563173,0.0009490129305049777,0.646312952041626,0.9920265674591064,BOMBAY
179681.015625,1612.1153564453125,596.1879272460938,389.566650390625,1.5642746686935425,0.7672750353813171,182252.4375,477.3608093261719,0.816543459892273,0.9855095148086548,0.8752045035362244,0.7998786568641663,0.0032905482221394777,0.0008316654129885137,0.6384028792381287,0.9910863637924194,BOMBAY
147319.28125,1477.1783447265625,534.0025024414062,366.6425476074219,1.5078341960906982,0.74378901720047,154963.078125,446.219970703125,0.7765200734138489,0.9908736944198608,0.8843215107917786,0.8138628602027893,0.003500484861433506,0.000963358033914119,0.6571463346481323,0.9923832416534424,BOMBAY
198714.875,1719.881103515625,659.2044067382812,389.02044677734375,1.6871073246002197,0.8046643733978271,201815.0625,502.8267517089844,0.7925702929496765,0.9870252013206482,0.8510960340499878,0.7658635973930359,0.0033158231526613235,0.0006988610257394612,0.58136385679245,0.9896119236946106,BOMBAY
154051.359375,1482.2550048828125,543.843994140625,356.2857971191406,1.5324989557266235,0.7539185285568237,146425.40625,435.074462890625,0.7606073021888733,0.9900913238525391,0.8756958246231079,0.8079884052276611,0.003591505577787757,0.0009485672344453633,0.6520102620124817,0.9969457983970642,BOMBAY
172840.671875,1598.17138671875,629.8569946289062,364.69989013671875,1.70955491065979,0.8151221871376038,177981.125,466.1283264160156,0.7436003088951111,0.9889901280403137,0.8538151979446411,0.758481502532959,0.003529641078785062,0.0007070646970532835,0.5755872130393982,0.9937005043029785,BOMBAY
161251.6875,1530.3896484375,575.6323852539062,358.3856506347656,1.6200453042984009,0.7933244705200195,163130.171875,451.19561767578125,0.7977718114852905,0.9829235672950745,0.8686632513999939,0.7762680649757385,0.003572019748389721,0.0008433889597654343,0.6055428385734558,0.991714358329773,BOMBAY
188455.984375,1609.2091064453125,585.9432983398438,409.78643798828125,1.4026662111282349,0.6988419890403748,190080.65625,491.7286682128906,0.7874108552932739,0.9909765124320984,0.9105557799339294,0.8476261496543884,0.003090010257437825,0.000971892848610878,0.7146866321563721,0.9962958693504333,BOMBAY
177387.765625,1578.550537109375,570.4772338867188,389.6428527832031,1.4739965200424194,0.7394634485244751,181532.5625,476.8175048828125,0.8153984546661377,0.988231360912323,0.892816960811615,0.8185597062110901,0.003277241950854659,0.0009231389267370105,0.6698196530342102,0.9935357570648193,BOMBAY
139242.625,1416.6651611328125,466.48541259765625,353.4331970214844,1.4273412227630615,0.7010594606399536,100701.140625,363.92010498046875,0.7246277332305908,0.9875342845916748,0.8643594980239868,0.8405938148498535,0.0035645284224301577,0.001109953736886382,0.699703574180603,0.9948589205741882,BOMBAY
182996.375,1648.814697265625,633.6017456054688,372.53033447265625,1.6774580478668213,0.8042003512382507,186383.421875,482.9477233886719,0.791562557220459,0.9857256412506104,0.850528359413147,0.7662455439567566,0.003455973695963621,0.0007337266579270363,0.58978670835495,0.9890640377998352,BOMBAY
201376.625,1700.613525390625,629.9663696289062,408.4553527832031,1.5527241230010986,0.7608055472373962,200580.828125,505.9277648925781,0.7032243609428406,0.9915427565574646,0.8913851976394653,0.8016869425773621,0.003096158616244793,0.0007998581859283149,0.6413511037826538,0.993320882320404,BOMBAY
157422.171875,1517.7073974609375,559.5947875976562,372.7005310058594,1.4960376024246216,0.7421627640724182,161061.375,448.4773864746094,0.8204327821731567,0.9845935702323914,0.8778375387191772,0.813286304473877,0.0034604640677571297,0.0009475662955082953,0.6661317944526672,0.987783670425415,BOMBAY
169471.0,1600.6710205078125,616.7301025390625,363.490234375,1.716611385345459,0.8104975819587708,179254.96875,463.988525390625,0.770592451095581,0.9853053689002991,0.8187164068222046,0.7577365636825562,0.0035429736599326134,0.000721390126273036,0.5726338624954224,0.9896124005317688,BOMBAY
129507.2578125,1480.7667236328125,524.6287841796875,268.9622497558594,1.6585825681686401,0.7956638932228088,147429.171875,363.6483459472656,0.7887471318244934,0.9832022190093994,0.8343645930290222,0.7707458138465881,0.0048166061751544476,0.0008620613371022046,0.6002597212791443,0.9886884689331055,BOMBAY
210398.6875,1749.4700927734375,653.1882934570312,436.1415710449219,1.5458489656448364,0.7570154666900635,209964.4375,511.2860412597656,0.8021191358566284,0.9898146986961365,0.8791132569313049,0.8027864694595337,0.002968103624880314,0.0007824858766980469,0.6486223340034485,0.9931050539016724,BOMBAY
186692.484375,1650.5411376953125,627.8417358398438,385.61181640625,1.627275824546814,0.789254903793335,189722.59375,487.2257385253906,0.8101457357406616,0.9888252019882202,0.8567538857460022,0.7794011235237122,0.0033236690796911716,0.000763822696171701,0.6079637408256531,0.9920079708099365,BOMBAY
160772.6875,1541.8515625,591.39404296875,353.5286560058594,1.6537821292877197,0.8003261089324951,164590.640625,455.6582336425781,0.8072762489318848,0.9857104420661926,0.8607085943222046,0.7707849740982056,0.003576488932594657,0.0008122770814225078,0.595999538898468,0.9914687871932983,BOMBAY
167238.828125,1573.61572265625,585.5367431640625,370.3482971191406,1.5872923135757446,0.7777015566825867,169256.71875,464.7571716308594,0.6914937496185303,0.9898448586463928,0.8592603206634521,0.7924947142601013,0.0034655528143048286,0.0008558231056667864,0.6255069375038147,0.9942975640296936,BOMBAY
165421.046875,1527.12109375,576.35693359375,369.636474609375,1.5423855781555176,0.7632107734680176,166771.46875,462.1262512207031,0.8021105527877808,0.9907197952270508,0.8781875371932983,0.8021577596664429,0.003453665878623724,0.0009049255168065429,0.6426181793212891,0.9960904717445374,BOMBAY
154264.171875,1506.3482666015625,569.3949584960938,348.30609130859375,1.6321169137954712,0.7967345714569092,156296.75,447.771484375,0.7680591344833374,0.9807907342910767,0.860264241695404,0.7760670781135559,0.004389607813209295,0.0008469459717161953,0.5983521342277527,0.9848806262016296,BOMBAY
150186.234375,1502.5299072265625,559.48876953125,360.3488464355469,1.5247243642807007,0.7579606771469116,154613.515625,448.5322265625,0.8235076069831848,0.9922360777854919,0.8834267854690552,0.8032265305519104,0.00358052970841527,0.0009275746997445822,0.6526120901107788,0.9953860640525818,BOMBAY
181619.390625,1597.7645263671875,595.5211181640625,394.83868408203125,1.4863044023513794,0.7415551543235779,184196.96875,480.5232238769531,0.8208421468734741,0.9920199513435364,0.8962437510490417,0.8177958726882935,0.0032417133916169405,0.0008953005308285356,0.6723195314407349,0.9930782914161682,BOMBAY
249661.265625,1977.1629638671875,735.5560302734375,454.9927062988281,1.7113500833511353,0.8220618963241577,256064.8125,568.8628540039062,0.7403960227966309,0.9870603084564209,0.829235851764679,0.7489054799079895,0.0028190375305712223,0.000586830370593816,0.5701777338981628,0.9931560158729553,BOMBAY
147056.78125,1467.4664306640625,549.8617553710938,350.2326354980469,1.565184473991394,0.7698414325714111,151721.96875,438.5717468261719,0.8127374649047852,0.9910717010498047,0.8889754414558411,0.7975721955299377,0.0036298013292253017,0.0009165845694951713,0.6371616125106812,0.995437741279602,BOMBAY
159975.515625,1521.057861328125,550.1419067382812,366.4214172363281,1.5308961868286133,0.7549156546592712,162850.96875,451.43548583984375,0.7416862845420837,0.9879958629608154,0.8630289435386658,0.8063074350357056,0.003516034921631217,0.0009180385968647897,0.6516743898391724,0.99505615234375,BOMBAY
144225.1875,1470.685791015625,532.2386474609375,362.69549560546875,1.4524904489517212,0.723401665687561,147343.03125,432.6838073730469,0.7999537587165833,0.9909185767173767,0.8915989398956299,0.8271731734275818,0.0034880475141108036,0.00100508623290807,0.681111216545105,0.9940285682678223,BOMBAY
180315.125,1639.7947998046875,632.0031127929688,374.532958984375,1.6606953144073486,0.8005861639976501,184212.375,479.16064453125,0.6729715466499329,0.9739475846290588,0.8500827550888062,0.7675710916519165,0.0034409959334880114,0.0007206741138361394,0.5814575552940369,0.9765802025794983,BOMBAY
157356.796875,1533.1912841796875,549.7976684570312,371.6197509765625,1.4987382888793945,0.7428244352340698,164090.578125,452.45111083984375,0.7281087636947632,0.9893825054168701,0.8747218251228333,0.81305992603302,0.0034759596455842257,0.0009355173679068685,0.6625633835792542,0.9948776364326477,BOMBAY
177787.625,1600.8790283203125,616.127197265625,377.6326599121094,1.6287647485733032,0.7837143540382385,179701.703125,474.61480712890625,0.8282659649848938,0.9888377785682678,0.876383900642395,0.7842679619789124,0.003405819647014141,0.0007992958417162299,0.6150094270706177,0.9960275292396545,BOMBAY
157896.390625,1539.9244384765625,610.716064453125,313.6968994140625,1.720956563949585,0.8110863566398621,161420.859375,456.61871337890625,0.6669033169746399,0.9833646416664124,0.8391114473342896,0.7586978077888489,0.0036986269988119602,0.0007651118794456124,0.5743249654769897,0.9895117878913879,BOMBAY
153427.78125,1480.2078857421875,533.6856689453125,345.2076416015625,1.5484813451766968,0.7611374258995056,154464.875,421.30401611328125,0.720107913017273,0.9887558221817017,0.8651782870292664,0.8032374978065491,0.0037106431555002928,0.0009361020638607442,0.6415773034095764,0.9963580965995789,BOMBAY
187718.609375,1637.0445556640625,601.870361328125,395.5181579589844,1.537218689918518,0.7546139359474182,190933.84375,489.8713073730469,0.7258480191230774,0.9901268482208252,0.8788594603538513,0.8070542216300964,0.0032263146713376045,0.000853828969411552,0.6502675414085388,0.9959166646003723,BOMBAY
194755.359375,1715.4652099609375,673.9445190429688,373.1544189453125,1.872657060623169,0.8424853682518005,196985.328125,496.5556335449219,0.8515544533729553,0.988774836063385,0.8305537104606628,0.7214174270629883,0.0035179476253688335,0.0006164787919260561,0.5412684679031372,0.9894025921821594,BOMBAY
183405.703125,1646.0079345703125,644.4082641601562,362.12322998046875,1.7929917573928833,0.8265364170074463,185861.703125,477.46881103515625,0.7114952206611633,0.9874901175498962,0.8405490517616272,0.7439366579055786,0.0035058900248259306,0.0006701661041006446,0.5601367354393005,0.9913733601570129,BOMBAY
159627.640625,1506.814697265625,544.2469482421875,365.0585021972656,1.539028286933899,0.7583543658256531,158794.171875,442.50054931640625,0.7985669374465942,0.9889379739761353,0.8691431283950806,0.8054938316345215,0.0035215113312005997,0.0009292797185480595,0.6540307402610779,0.9928463101387024,BOMBAY
151443.421875,1491.58935546875,563.4833984375,354.8182678222656,1.5751761198043823,0.7720314860343933,155321.3125,438.9009704589844,0.7932862639427185,0.9869207739830017,0.856317400932312,0.7913042902946472,0.0036655673757195473,0.0008957086829468608,0.6292139887809753,0.9919210076332092,BOMBAY
210310.71875,1829.5941162109375,709.3244018554688,394.84405517578125,1.7788573503494263,0.8230251669883728,225956.3125,537.2964477539062,0.7029497027397156,0.9638655781745911,0.78605055809021,0.7442355155944824,0.0032595759257674217,0.000592646945733577,0.5523624420166016,0.9758943319320679,BOMBAY
159745.90625,1541.1051025390625,572.8071899414062,367.4389953613281,1.5647239685058594,0.768694281578064,161076.859375,452.1707458496094,0.7996459603309631,0.988327145576477,0.8606282472610474,0.7972240447998047,0.003499613841995597,0.0008780347998254001,0.6401917934417725,0.9927118420600891,BOMBAY
207987.046875,1827.029541015625,689.0415649414062,393.6400451660156,1.8277215957641602,0.8347264528274536,214213.859375,535.7689208984375,0.8003249168395996,0.9931709170341492,0.8348644971847534,0.7421974539756775,0.0033029289916157722,0.0006016025436110795,0.5601330995559692,0.9923112392425537,BOMBAY
178969.140625,1591.3330078125,587.2706298828125,385.3321533203125,1.51991868019104,0.7550689578056335,182001.03125,478.50634765625,0.7967052459716797,0.9908855557441711,0.8861124515533447,0.8078687787055969,0.003307170234620571,0.0008769437554292381,0.6540808081626892,0.9945764541625977,BOMBAY
177647.359375,1595.2425537109375,610.4598999023438,372.51458740234375,1.6308101415634155,0.7894821763038635,181153.78125,478.5331115722656,0.8053056001663208,0.9906595945358276,0.8772081732749939,0.7796523571014404,0.00343937985599041,0.0007850070833228528,0.6111308336257935,0.9929714202880859,BOMBAY
179092.703125,1622.602783203125,626.8123779296875,369.2760925292969,1.6873047351837158,0.807980477809906,179978.453125,481.6960754394531,0.7533541321754456,0.9884206652641296,0.8578872680664062,0.7634210586547852,0.0034648424480110407,0.0007346854545176029,0.5808342695236206,0.9927955865859985,BOMBAY
151913.015625,1429.948486328125,513.907470703125,371.810791015625,1.409169316291809,0.6950686573982239,156916.484375,426.837158203125,0.7961441874504089,0.9904597997665405,0.9255251884460449,0.858785092830658,0.0034432499669492245,0.0010753028327599168,0.7209534049034119,0.9975955486297607,BOMBAY
207284.78125,1717.5179443359375,646.1363525390625,436.47027587890625,1.4946467876434326,0.743624746799469,206308.015625,510.81396484375,0.7932091355323792,0.9920744895935059,0.8962917327880859,0.8161526918411255,0.0029613864608108997,0.0008366735419258475,0.6640580892562866,0.9953461289405823,BOMBAY
179922.328125,1605.8040771484375,582.8447875976562,391.13861083984375,1.529556393623352,0.754331648349762,183436.75,477.8193664550781,0.7982478141784668,0.9841833114624023,0.8784078359603882,0.8072531819343567,0.0032681662123650312,0.000888439011760056,0.6511127352714539,0.9912738800048828,BOMBAY
162217.8125,1543.6851806640625,586.003662109375,341.5119934082031,1.6719942092895508,0.8021975755691528,164996.625,454.41448974609375,0.8072764277458191,0.9859583377838135,0.8578264713287354,0.769524097442627,0.0037129155825823545,0.00079933280358091,0.5923179984092712,0.9913257360458374,BOMBAY
179432.21875,1617.626708984375,611.9273071289062,379.1231689453125,1.6257097721099854,0.7881917357444763,180683.28125,478.5332336425781,0.8047624230384827,0.9887187480926514,0.8539357781410217,0.782884418964386,0.003403737908229232,0.0007786056958138943,0.6124423146247864,0.9950155019760132,BOMBAY
174954.0,1580.5948486328125,576.6182861328125,392.2932434082031,1.4489643573760986,0.7277638912200928,177259.65625,474.51947021484375,0.7686792016029358,0.9891963601112366,0.8893224000930786,0.8243562579154968,0.0032797190360724926,0.0009386115125380456,0.6786912083625793,0.993678629398346,BOMBAY
207646.046875,1749.7139892578125,689.2090454101562,389.0688781738281,1.7837202548980713,0.8282554149627686,211556.5,513.1490478515625,0.7981210350990295,0.9818446636199951,0.838767409324646,0.7444749474525452,0.0032800433691591024,0.0005931856576353312,0.5556546449661255,0.9915765523910522,BOMBAY
173357.8125,1592.655029296875,614.898193359375,359.3472900390625,1.6941299438476562,0.8090587258338928,176937.046875,474.7861633300781,0.7931792140007019,0.9910829067230225,0.8579347729682922,0.7651354670524597,0.0035840757191181183,0.0007333984831348062,0.5829944014549255,0.9946354627609253,BOMBAY
151368.796875,1479.6563720703125,547.3569946289062,365.8320007324219,1.465047836303711,0.7342404127120972,157524.671875,450.05731201171875,0.7983889579772949,0.9913394451141357,0.8898177146911621,0.8231709599494934,0.0034909439273178577,0.0009807742899283767,0.6752814650535583,0.9952168464660645,BOMBAY
201589.265625,1747.390625,682.8272705078125,382.4664001464844,1.7744618654251099,0.8289533853530884,205185.015625,503.943359375,0.8067653179168701,0.9905731678009033,0.8292421698570251,0.7449384927749634,0.00337256514467299,0.0005998943233862519,0.5545809864997864,0.9930069446563721,BOMBAY
169901.53125,1590.0504150390625,582.2084350585938,375.6154479980469,1.5846595764160156,0.7757800817489624,173489.34375,464.3323059082031,0.8021742701530457,0.9855479598045349,0.8420050144195557,0.7921411991119385,0.003452097997069359,0.0008466507424600422,0.6265679597854614,0.9923853874206543,BOMBAY
189565.4375,1659.1884765625,606.0216064453125,395.94915771484375,1.528727412223816,0.7527246475219727,190100.125,490.9417419433594,0.7872602343559265,0.9859432578086853,0.860406219959259,0.8065133690834045,0.003251103451475501,0.0008525464800186455,0.6513394117355347,0.9922674298286438,BOMBAY
235205.09375,1904.921142578125,724.2244873046875,401.04229736328125,1.8794502019882202,0.8387455940246582,237245.75,549.9526977539062,0.7884029746055603,0.9876912832260132,0.8191463351249695,0.7217727899551392,0.003209198359400034,0.0005775403697043657,0.5251880288124084,0.9907239675521851,BOMBAY
228234.640625,1861.806396484375,683.4913940429688,431.5352478027344,1.633104681968689,0.7923671007156372,220831.75,544.6248168945312,0.7549741268157959,0.9859659075737,0.8552670478820801,0.7758542895317078,0.003016082337126136,0.0006931487005203962,0.6086088418960571,0.9897105693817139,BOMBAY
166849.234375,1563.924072265625,581.3514404296875,362.04168701171875,1.6126312017440796,0.7866321206092834,170583.078125,464.1787414550781,0.7738474607467651,0.9921942353248596,0.8741388320922852,0.7840114235877991,0.0034892496187239885,0.0008166750776581466,0.6166459918022156,0.9962738752365112,BOMBAY
191779.734375,1662.119384765625,623.45068359375,396.6584167480469,1.5790923833847046,0.7717132568359375,194996.96875,491.7989501953125,0.7826148867607117,0.9858819842338562,0.8763037323951721,0.7935853004455566,0.0032469111029058695,0.00080545136006549,0.6306861639022827,0.9921602606773376,BOMBAY
142245.765625,1355.9415283203125,520.6719970703125,371.2118835449219,1.3996598720550537,0.6944419741630554,144692.359375,433.23748779296875,0.7463202476501465,0.9910009503364563,0.9007642269134521,0.8406914472579956,0.0035160735715180635,0.001105757080949843,0.7089110016822815,0.9966898560523987,BOMBAY
165526.84375,1522.75439453125,571.5128173828125,358.1074523925781,1.55891752243042,0.7714306712150574,163088.875,453.2098083496094,0.7001898884773254,0.9899767637252808,0.8786859512329102,0.7960375547409058,0.0035317789297550917,0.0008997106342576444,0.6407747268676758,0.9972919821739197,BOMBAY
211329.25,1793.1202392578125,692.4022216796875,399.0256042480469,1.7203853130340576,0.816866397857666,215375.234375,533.1795654296875,0.8216298818588257,0.98609459400177,0.8518587946891785,0.7547315955162048,0.003224744461476803,0.0006071541574783623,0.5612522959709167,0.9924584031105042,BOMBAY
154966.28125,1529.1885986328125,556.3297119140625,364.3498840332031,1.5707837343215942,0.7668786644935608,162313.28125,449.6861267089844,0.7693583965301514,0.9829435348510742,0.8546053171157837,0.802433967590332,0.003509956644847989,0.0008956067613326013,0.6391823291778564,0.9945572018623352,BOMBAY
141932.78125,1265.4808349609375,524.8309326171875,358.9949645996094,1.369992971420288,0.6872357726097107,142853.640625,434.5336608886719,0.7768236398696899,0.9908808469772339,0.9024350047111511,0.841797947883606,0.0035267078783363104,0.0011415902990847826,0.7198768258094788,0.9968171715736389,BOMBAY
196946.0,1684.789794921875,657.4314575195312,390.0855712890625,1.714284062385559,0.8040586113929749,194812.65625,499.7747497558594,0.8643538355827332,0.9919067025184631,0.8629838824272156,0.76877361536026,0.003306644968688488,0.0007046688115224242,0.5910581350326538,0.9895922541618347,BOMBAY
175250.25,1604.93310546875,578.9207763671875,389.4115905761719,1.5164135694503784,0.7549726963043213,178844.53125,474.46826171875,0.8167926669120789,0.9872716665267944,0.8594620227813721,0.8084536790847778,0.003295901231467724,0.0008745637023821473,0.6524519920349121,0.9919741153717041,BOMBAY
201728.25,1705.1463623046875,654.1419677734375,390.8937683105469,1.680395483970642,0.8033946752548218,202234.28125,503.3363342285156,0.760276734828949,0.9854196310043335,0.8595842719078064,0.7702800035476685,0.0032791136763989925,0.0007052958244457841,0.5924599170684814,0.992766797542572,BOMBAY
90753.90625,1196.2882080078125,453.07281494140625,312.7053527832031,1.3618284463882446,0.6914591193199158,91712.7421875,339.23626708984375,0.727497935295105,0.9908233880996704,0.8977580070495605,0.8546785712242126,0.0036849176976829767,0.001354011008515954,0.7191088795661926,0.9954408407211304,BOMBAY
180464.71875,1643.6915283203125,619.8040771484375,378.7676696777344,1.6465160846710205,0.7956953644752502,184328.546875,480.4848327636719,0.8020058870315552,0.9872675538063049,0.8580206036567688,0.7765096426010132,0.003392851445823908,0.0007567788707092404,0.6036975979804993,0.9913848042488098,BOMBAY
163777.0,1461.259033203125,529.06005859375,381.5823059082031,1.4187885522842407,0.6990123987197876,168771.625,457.2090759277344,0.7722551822662354,0.988490879535675,0.9029626250267029,0.8429527878761292,0.0033599913585931063,0.0010529705323278904,0.6971088647842407,0.9963564276695251,BOMBAY
147031.96875,1505.493408203125,555.0914306640625,349.9936218261719,1.5774534940719604,0.7721878886222839,147317.234375,448.74755859375,0.7805871367454529,0.9793193340301514,0.8640562295913696,0.7937203049659729,0.004142242018133402,0.0008976284880191088,0.6313130259513855,0.9881371855735779,BOMBAY
228248.046875,1884.593994140625,699.2008666992188,400.51318359375,1.738223910331726,0.8222774863243103,241569.375,552.2379150390625,0.7441321611404419,0.9775109887123108,0.817119300365448,0.7575341463088989,0.0032067187130451202,0.000621235289145261,0.5655184388160706,0.985805332660675,BOMBAY
249776.015625,1968.15283203125,732.5064697265625,440.04022216796875,1.7807843685150146,0.8328273296356201,259292.484375,568.625244140625,0.7817925810813904,0.9694962501525879,0.7795983552932739,0.7538030743598938,0.0028797024860978127,0.0005774970632046461,0.5488271117210388,0.9847354292869568,BOMBAY
158674.28125,1473.5418701171875,560.7080688476562,362.8798828125,1.5495268106460571,0.7661768198013306,163444.203125,446.2990417480469,0.7040917277336121,0.9904882311820984,0.8867368102073669,0.7990435361862183,0.003579183481633663,0.0009291804162785411,0.6420968770980835,0.996948778629303,BOMBAY
208190.984375,1800.4912109375,688.4207153320312,401.9339904785156,1.6758449077606201,0.8063668608665466,214883.96875,521.4507446289062,0.7674479484558105,0.9829744696617126,0.8274853229522705,0.7642418742179871,0.0031663745176047087,0.0006691175512969494,0.5830223560333252,0.9822050333023071,BOMBAY
173735.046875,1570.951171875,575.2958374023438,390.31365966796875,1.4686414003372192,0.7261260151863098,176107.78125,462.146484375,0.7533696293830872,0.9912692308425903,0.8772226572036743,0.8243814706802368,0.003282893681898713,0.0009520516614429653,0.6833678483963013,0.9965303540229797,BOMBAY
184616.921875,1631.4105224609375,594.1536254882812,394.87353515625,1.5055183172225952,0.7483893632888794,189117.515625,487.4366760253906,0.8148776888847351,0.993617057800293,0.9035051465034485,0.8083314895629883,0.0032123972196131945,0.0008826953708194196,0.6594607830047607,0.9962739944458008,BOMBAY
205132.703125,1727.9400634765625,643.0263671875,408.55767822265625,1.5493502616882324,0.7638943195343018,206983.421875,511.8510437011719,0.7294078469276428,0.9883987903594971,0.8707954287528992,0.8008375763893127,0.0031153864692896605,0.0007720506400801241,0.6451202034950256,0.9925171136856079,BOMBAY
231095.828125,1845.403564453125,664.44189453125,449.80450439453125,1.505219578742981,0.743915319442749,231029.03125,535.730224609375,0.8071780800819397,0.9905486702919006,0.8735053539276123,0.8095752596855164,0.0028411855455487967,0.0007672670762985945,0.6553739309310913,0.9923775792121887,BOMBAY
175403.28125,1590.376953125,559.00830078125,395.41180419921875,1.4402832984924316,0.7206685543060303,178759.296875,469.63287353515625,0.8014199137687683,0.984632670879364,0.8882546424865723,0.827828586101532,0.0032324858475476503,0.0009376048110425472,0.6840907335281372,0.9882867932319641,BOMBAY
230867.90625,1938.3148193359375,730.13330078125,406.3827819824219,1.8200724124908447,0.8253607749938965,246569.203125,563.0241088867188,0.7338377833366394,0.9681289196014404,0.7917475700378418,0.7365659475326538,0.003125397954136133,0.00058383570285514,0.5509008169174194,0.983203649520874,BOMBAY
190019.125,1658.442138671875,624.030029296875,392.7436218261719,1.5852603912353516,0.7762253880500793,194923.578125,489.6444396972656,0.8057190775871277,0.9868717193603516,0.8680194020271301,0.7911240458488464,0.0032672290690243244,0.000805043033324182,0.6258066296577454,0.9900872707366943,BOMBAY
166265.65625,1568.84130859375,603.6913452148438,358.5753173828125,1.6873750686645508,0.8016765117645264,168655.28125,466.5829772949219,0.7737830281257629,0.982966959476471,0.8529816269874573,0.7696111798286438,0.0035633293446153402,0.0007748135831207037,0.5890085101127625,0.9872487783432007,BOMBAY
195093.703125,1658.53125,608.3735961914062,405.1055908203125,1.4787834882736206,0.7378355264663696,195387.265625,499.2985534667969,0.8053919672966003,0.9879353046417236,0.8981350064277649,0.8193424344062805,0.0031633321195840836,0.0008873998303897679,0.6680306196212769,0.9920506477355957,BOMBAY
184201.203125,1675.5521240234375,651.056396484375,364.7772216796875,1.807961344718933,0.8298768401145935,187105.84375,480.3603515625,0.8021762371063232,0.9869624376296997,0.8123865723609924,0.7387539744377136,0.003552060341462493,0.0006332683260552585,0.5542910695075989,0.9882846474647522,BOMBAY
101138.7265625,1273.98828125,520.6276245117188,270.4714050292969,1.5746737718582153,0.7795936465263367,96971.03125,340.5081787109375,0.7851136922836304,0.9891955852508545,0.8710400462150574,0.789739727973938,0.004547039046883583,0.0009179415064863861,0.6238001585006714,0.9950339794158936,BOMBAY
163676.3125,1565.41650390625,590.5767211914062,362.5332946777344,1.66839599609375,0.7958560585975647,165066.859375,459.7487487792969,0.8010717034339905,0.9889435172080994,0.8453560471534729,0.7734873294830322,0.0036583752371370792,0.0007911415304988623,0.5998750925064087,0.9926261305809021,BOMBAY
178529.53125,1603.6884765625,588.9578857421875,382.0382385253906,1.5777333974838257,0.7747625112533569,180100.328125,471.8926086425781,0.8404306173324585,0.9865999817848206,0.8708328008651733,0.7975808382034302,0.0033026463352143764,0.0008123943116515875,0.6328637003898621,0.9885455369949341,BOMBAY
240735.578125,1911.139892578125,710.8959350585938,446.25054931640625,1.5819116830825806,0.7734672427177429,246950.421875,560.098388671875,0.7544494867324829,0.9828057885169983,0.8747065663337708,0.7891706824302673,0.002890830161049962,0.0006775726214982569,0.6269261240959167,0.988635241985321,BOMBAY
158402.28125,1503.0921630859375,547.625732421875,376.4931945800781,1.439666748046875,0.7185221314430237,159970.984375,451.717041015625,0.7942691445350647,0.9885486364364624,0.8979958891868591,0.8309868574142456,0.0034097828902304173,0.001010080799460411,0.6901332139968872,0.9936882853507996,BOMBAY
141709.984375,1462.121337890625,554.8853759765625,345.2723083496094,1.6019731760025024,0.7807226181030273,150722.515625,448.04339599609375,0.7407945990562439,0.9771620035171509,0.8616591095924377,0.787079930305481,0.003863963298499584,0.0008755485760048032,0.6163098216056824,0.9881516098976135,BOMBAY
162290.5625,1519.728271484375,568.1992797851562,376.0959777832031,1.460156798362732,0.7317287921905518,164218.65625,457.1388244628906,0.820624828338623,0.9905557036399841,0.8894405961036682,0.823401927947998,0.003368568839505315,0.0009630962158553302,0.6825262904167175,0.9934353828430176,BOMBAY
170719.84375,1584.4520263671875,593.669189453125,370.9869689941406,1.6147538423538208,0.7847087383270264,174142.265625,471.0986328125,0.7834841012954712,0.9894974231719971,0.8674166798591614,0.7841488718986511,0.003463958390057087,0.0008146280306391418,0.6146572828292847,0.9930358529090881,BOMBAY
170901.890625,1574.167724609375,598.9514770507812,370.43292236328125,1.62570059299469,0.7865045666694641,172569.921875,470.3019714355469,0.7922121286392212,0.9895473122596741,0.8735730648040771,0.7832475304603577,0.0034434006083756685,0.0007942224619910121,0.6117774844169617,0.9967224597930908,BOMBAY
193901.3125,1667.9381103515625,642.4944458007812,377.43896484375,1.7150040864944458,0.8149303793907166,195823.578125,497.24163818359375,0.7883279919624329,0.9849861264228821,0.853186309337616,0.7592319250106812,0.0033720380160957575,0.0007044817321002483,0.5797030329704285,0.9936990737915039,BOMBAY
177709.59375,1618.8101806640625,618.00390625,376.8566589355469,1.649169921875,0.7889830470085144,183078.125,478.3103332519531,0.803891122341156,0.9774960279464722,0.8468806147575378,0.7753829956054688,0.003433393081650138,0.000774232903495431,0.6003554463386536,0.9789214730262756,BOMBAY
201748.65625,1695.4580078125,638.5811767578125,399.6392517089844,1.579067349433899,0.7740472555160522,204901.390625,505.0406799316406,0.7969854474067688,0.985960066318512,0.8714130520820618,0.7924284338951111,0.0032036365009844303,0.0007768130162730813,0.6305145025253296,0.9916929006576538,BOMBAY
181619.6875,1634.45068359375,638.9052734375,357.10845947265625,1.7696765661239624,0.8302955031394958,184096.828125,479.21246337890625,0.7813154458999634,0.9864851236343384,0.8623998165130615,0.7488778829574585,0.0035412402357906103,0.0006706767017021775,0.5604971647262573,0.9912691116333008,BOMBAY
144290.34375,1417.3475341796875,546.209716796875,352.7019348144531,1.596179485321045,0.7777537107467651,151238.28125,424.3395690917969,0.7949011921882629,0.9843454957008362,0.8577665090560913,0.7871118187904358,0.003679949324578047,0.0009014999959617853,0.6108556985855103,0.9892061352729797,BOMBAY
236549.03125,1921.364013671875,732.158203125,405.96905517578125,1.8311541080474854,0.823891282081604,248114.59375,561.837646484375,0.8326416611671448,0.9872029423713684,0.83348149061203,0.7352359890937805,0.0030856088269501925,0.0005792466108687222,0.532128095626831,0.9902929067611694,BOMBAY
187252.0,1658.395751953125,646.883544921875,371.7096862792969,1.7465152740478516,0.821643590927124,188990.25,484.5256042480469,0.8251017332077026,0.989629328250885,0.8597052097320557,0.7535384893417358,0.0034561597276479006,0.0006972475675866008,0.5707025527954102,0.9927111864089966,BOMBAY
90124.359375,1245.10693359375,463.15826416015625,265.1511535644531,1.511609435081482,0.7591346502304077,102678.6953125,335.89129638671875,0.7630370259284973,0.9729273915290833,0.8263348937034607,0.807064414024353,0.0048130471259355545,0.0009832008508965373,0.6496850848197937,0.9832248687744141,BOMBAY
164707.421875,1536.350341796875,607.3515625,347.19537353515625,1.7198058366775513,0.8115100860595703,166214.625,455.5380859375,0.8213285207748413,0.9900460243225098,0.8717559576034546,0.759660005569458,0.0037413055542856455,0.000784758070949465,0.5810281038284302,0.9964786767959595,BOMBAY
182999.859375,1644.893310546875,616.8458251953125,383.26318359375,1.612385630607605,0.7858847975730896,185181.25,480.280029296875,0.8043810725212097,0.989151656627655,0.8641340136528015,0.7841583490371704,0.0033685090020298958,0.0007854396244511008,0.6149963140487671,0.9919229745864868,BOMBAY
147991.515625,1335.133544921875,527.0672607421875,354.9079895019531,1.4578986167907715,0.7280579805374146,127969.9453125,422.5924377441406,0.8062884211540222,0.9928721785545349,0.8997954726219177,0.825355052947998,0.003543826751410961,0.0010269825579598546,0.6855869889259338,0.9976202249526978,BOMBAY
155026.171875,1506.240234375,570.8239135742188,369.3691101074219,1.5134705305099487,0.7498440146446228,157783.390625,446.04534912109375,0.7193356156349182,0.991502583026886,0.8677275776863098,0.8097522258758545,0.0034575776662677526,0.000932070252019912,0.6589032411575317,0.9947510957717896,BOMBAY
205045.703125,1727.35986328125,646.7748413085938,404.4330749511719,1.6058194637298584,0.7787642478942871,205288.890625,508.90155029296875,0.7915195822715759,0.985763430595398,0.8617382645606995,0.7848557829856873,0.0031987610273063183,0.0007166170980781317,0.6174003481864929,0.9894263744354248,BOMBAY
211269.375,1793.5089111328125,687.9874267578125,397.3988037109375,1.6839158535003662,0.8092935085296631,212159.78125,517.1072387695312,0.7688757181167603,0.9830740690231323,0.8356607556343079,0.7656872868537903,0.0032212540972977877,0.0006513590342365205,0.5828000903129578,0.9901782274246216,BOMBAY
187831.515625,1694.360107421875,663.4074096679688,360.40264892578125,1.833742380142212,0.8424584865570068,197110.4375,491.91656494140625,0.6922245621681213,0.9855775833129883,0.8082603216171265,0.7304286360740662,0.0035972679033875465,0.0006063957116566598,0.5226452350616455,0.985051155090332,BOMBAY
225526.59375,1824.8782958984375,668.6005859375,436.5957336425781,1.5506707429885864,0.7635947465896606,230257.875,536.3943481445312,0.7924420833587646,0.9864062666893005,0.8662393689155579,0.8014487028121948,0.0029986673034727573,0.000742682081181556,0.6330047845840454,0.9896643757820129,BOMBAY
175481.953125,1616.8033447265625,626.026123046875,363.4905090332031,1.7019789218902588,0.8122640252113342,181106.09375,474.1214599609375,0.7766199111938477,0.9901233315467834,0.855964183807373,0.7592501640319824,0.0036146934144198895,0.0007247013854794204,0.5746785402297974,0.9895058870315552,BOMBAY
158580.171875,1520.134765625,546.1885375976562,362.4857482910156,1.550219178199768,0.7636868357658386,159312.9375,444.0046691894531,0.8008423447608948,0.9862531423568726,0.8630772829055786,0.8005442023277283,0.0035446109250187874,0.0009121334296651185,0.6454755663871765,0.9923703074455261,BOMBAY
178352.296875,1630.0721435546875,634.216064453125,353.2101135253906,1.8124366998672485,0.833950400352478,182108.46875,477.3013610839844,0.7911310791969299,0.9799805879592896,0.8311231136322021,0.7378897070884705,0.003685800125822425,0.00068468734389171,0.5455703735351562,0.9896924495697021,BOMBAY
158832.796875,1525.69091796875,563.1226806640625,369.29229736328125,1.5149136781692505,0.7512636780738831,163556.46875,456.48236083984375,0.8038833141326904,0.9901998043060303,0.8764604330062866,0.8090124726295471,0.0034394424874335527,0.0009205944952555001,0.6575173735618591,0.9928828477859497,BOMBAY
176714.75,1636.1470947265625,636.1653442382812,346.8804931640625,1.7880522012710571,0.828064501285553,181445.34375,470.9088439941406,0.7898812890052795,0.9869235754013062,0.8366236090660095,0.7444885969161987,0.003669928992167115,0.0006886270130053163,0.5497228503227234,0.9908806085586548,BOMBAY
198000.21875,1666.277099609375,643.3607788085938,391.5705261230469,1.633577585220337,0.7958849668502808,199389.59375,498.5785217285156,0.7986716032028198,0.9859039187431335,0.8647096157073975,0.7772887945175171,0.0032763711642473936,0.0007413107086904347,0.6036627292633057,0.9896005392074585,BOMBAY
146195.15625,1445.2608642578125,491.9926452636719,354.64569091796875,1.478980302810669,0.7423543930053711,117599.34375,429.80780029296875,0.7506523132324219,0.9846704006195068,0.8762706518173218,0.8178709149360657,0.003554021241143346,0.0009723807452246547,0.6701568961143494,0.9916155934333801,BOMBAY
158206.03125,1523.013671875,542.7440185546875,362.61932373046875,1.549006462097168,0.7624182105064392,158266.203125,449.1257019042969,0.7914118766784668,0.9876985549926758,0.8405177593231201,0.8031018972396851,0.0035577325616031885,0.0009292048052884638,0.6427172422409058,0.9946611523628235,BOMBAY
166502.5625,1550.0130615234375,578.7252197265625,363.47235107421875,1.5840983390808105,0.7772477865219116,168369.453125,460.1956787109375,0.826967179775238,0.9897906184196472,0.8740578889846802,0.7899070382118225,0.003486010944470763,0.00084963149856776,0.6260592341423035,0.993916392326355,BOMBAY
185005.828125,1643.4638671875,606.3623046875,390.1159973144531,1.565841555595398,0.7686058282852173,187496.75,484.3385314941406,0.8096821308135986,0.9868283271789551,0.8589759469032288,0.7966492772102356,0.0032879828941076994,0.0008204338955692947,0.635408878326416,0.9906409382820129,BOMBAY
182177.453125,1626.7520751953125,598.2598266601562,388.5498352050781,1.537316918373108,0.7582290172576904,184222.953125,482.23052978515625,0.8027826547622681,0.9891650676727295,0.8618839979171753,0.8044798374176025,0.0033035685773938894,0.0008543284493498504,0.6442872285842896,0.9901307225227356,BOMBAY
187520.15625,1670.6495361328125,641.9298706054688,379.8470153808594,1.701203465461731,0.8073356747627258,189894.578125,489.98876953125,0.8553107976913452,0.9905069470405579,0.8453813791275024,0.7654885649681091,0.003377326996996999,0.0007220460684038699,0.5879839062690735,0.9931387305259705,BOMBAY
150211.515625,1402.6259765625,530.6255493164062,349.77227783203125,1.5032073259353638,0.7425387501716614,148157.484375,375.1225280761719,0.7984510660171509,0.9918484687805176,0.8883228302001953,0.8154694437980652,0.0037280861288309097,0.001007739920169115,0.6616374850273132,0.9929925799369812,BOMBAY
167726.328125,1567.42724609375,583.1959228515625,370.0812683105469,1.5592865943908691,0.766913652420044,169700.03125,463.4418029785156,0.7691331505775452,0.9895859360694885,0.8692755699157715,0.7995303869247437,0.0034681956749409437,0.0008622636087238789,0.638155996799469,0.9966183304786682,BOMBAY
142242.65625,1500.336669921875,493.1202392578125,366.0560607910156,1.4412977695465088,0.7270581126213074,151251.0625,443.69244384765625,0.7703220248222351,0.9847564101219177,0.860020101070404,0.8265572786331177,0.003516231430694461,0.0010076217586174607,0.6790948510169983,0.9918354749679565,BOMBAY
95711.5,1451.690673828125,495.3316650390625,349.1525573730469,1.5343321561813354,0.7556238770484924,130711.2734375,421.95977783203125,0.8085556030273438,0.9897465705871582,0.8863384127616882,0.8054362535476685,0.0036699986085295677,0.0009479919681325555,0.6498079299926758,0.994598388671875,BOMBAY
143494.390625,1453.6346435546875,529.1976318359375,345.49884033203125,1.5844694375991821,0.7708675861358643,145500.90625,428.2156677246094,0.738288402557373,0.9905881285667419,0.8562937378883362,0.7960547804832458,0.004271752666682005,0.0009409550693817437,0.6355170011520386,0.9964666962623596,BOMBAY
170036.6875,1533.7911376953125,577.2136840820312,384.4382629394531,1.4422433376312256,0.7192628383636475,172547.03125,470.4193115234375,0.7909852266311646,0.990935206413269,0.8967030048370361,0.8280861973762512,0.003343306016176939,0.0009589798282831907,0.6859309673309326,0.9952031970024109,BOMBAY
208331.296875,1740.658935546875,649.3845825195312,429.6556701660156,1.5178714990615845,0.7488507628440857,210994.609375,517.4392700195312,0.7531083226203918,0.9851025938987732,0.8813690543174744,0.8111685514450073,0.0030209205579012632,0.0008410674054175615,0.6498690843582153,0.9935990571975708,BOMBAY
165487.90625,1523.4285888671875,564.5444946289062,385.3398742675781,1.440791130065918,0.7186743021011353,167101.9375,464.176025390625,0.791187047958374,0.9861243963241577,0.8852653503417969,0.8300938606262207,0.003334179986268282,0.0009853679221123457,0.6872341632843018,0.9923635721206665,BOMBAY
156242.71875,1476.447265625,523.4603881835938,367.6375427246094,1.4422900676727295,0.7218866348266602,151808.859375,436.41156005859375,0.7504580616950989,0.9881283640861511,0.890405535697937,0.8314501047134399,0.0034441102761775255,0.0010122067760676146,0.6819552183151245,0.9940190315246582,BOMBAY
236902.484375,1851.99853515625,664.0269165039062,448.48089599609375,1.5053373575210571,0.7479084134101868,238762.484375,554.84619140625,0.7917044162750244,0.9903919100761414,0.8873909115791321,0.8062286972999573,0.002887726528570056,0.0007827525842003524,0.6618977189064026,0.9940534830093384,BOMBAY
183169.015625,1626.74560546875,587.291259765625,393.58050537109375,1.5154142379760742,0.7503990530967712,185323.3125,481.6238708496094,0.7580888271331787,0.9890007376670837,0.8798978924751282,0.8078399896621704,0.0032535302452743053,0.0008710629772394896,0.6543907523155212,0.9912423491477966,BOMBAY
176232.96875,1613.1566162109375,597.8140869140625,377.67242431640625,1.5962796211242676,0.7765753865242004,179573.0,473.9805603027344,0.7056742906570435,0.9858230948448181,0.8480368256568909,0.7899155616760254,0.0033658770844340324,0.0008150817011483014,0.6262564659118652,0.9926527142524719,BOMBAY
142694.84375,1271.3614501953125,487.85125732421875,339.7317199707031,1.5168448686599731,0.7498478889465332,125436.453125,398.8549499511719,0.7774214744567871,0.9823030233383179,0.8774827718734741,0.8083379864692688,0.004496615380048752,0.0009887609630823135,0.650718629360199,0.9900221824645996,BOMBAY
156009.9375,1562.7418212890625,586.7496337890625,348.71044921875,1.7476691007614136,0.8213618397712708,155363.796875,460.73028564453125,0.7988834381103516,0.9848761558532715,0.8324291110038757,0.7615183591842651,0.004151186440140009,0.0007417231099680066,0.5689969658851624,0.9905515909194946,BOMBAY
173936.140625,1591.19921875,571.3576049804688,393.8305358886719,1.443555235862732,0.7223567962646484,179182.265625,476.530517578125,0.745000422000885,0.9855132699012756,0.8933095932006836,0.8294942378997803,0.0032661024015396833,0.0009390367777086794,0.6789675354957581,0.9913270473480225,BOMBAY
165065.28125,1558.9866943359375,588.2308959960938,363.3106384277344,1.6341677904129028,0.7892595529556274,169970.625,463.588134765625,0.7347463965415955,0.9877607822418213,0.855641782283783,0.7816215753555298,0.003526056185364723,0.0008183119352906942,0.612561821937561,0.9935504794120789,BOMBAY
152745.53125,1500.206787109375,551.01171875,352.76025390625,1.5884349346160889,0.7789692878723145,154597.125,449.3984680175781,0.8118128776550293,0.9902485013008118,0.8978271484375,0.7892221212387085,0.0036965811159461737,0.0008675087592564523,0.6235084533691406,0.9963605403900146,BOMBAY
177013.140625,1584.762451171875,575.1972045898438,385.0087585449219,1.5178810358047485,0.7552153468132019,175478.375,469.8731689453125,0.8205454349517822,0.9876827597618103,0.8814681768417358,0.8085799217224121,0.003322332166135311,0.0008866678108461201,0.6548326015472412,0.9932405948638916,BOMBAY
147918.78125,1375.1610107421875,517.1484985351562,358.8092956542969,1.5184950828552246,0.7527010440826416,154624.953125,422.5110778808594,0.7610552310943604,0.9818124175071716,0.8918726444244385,0.8043495416641235,0.0036706356331706047,0.0009580154437571764,0.6459256410598755,0.9888399243354797,BOMBAY
97588.890625,1383.8587646484375,462.811279296875,350.3986511230469,1.4539296627044678,0.7242003679275513,142104.6875,353.7930603027344,0.8243204951286316,0.9862545132637024,0.8884037733078003,0.8259146809577942,0.00369120086543262,0.001041392795741558,0.6766350865364075,0.9912440180778503,BOMBAY
185314.640625,1639.945068359375,619.6903686523438,385.9644775390625,1.6046754121780396,0.7815966606140137,188496.0,488.4497985839844,0.8014471530914307,0.9844649434089661,0.8673627376556396,0.7872153520584106,0.003324342193081975,0.0007855697185732424,0.6163684129714966,0.990940272808075,BOMBAY
140601.546875,1271.808349609375,458.108642578125,269.1077880859375,1.4747934341430664,0.7330490350723267,93101.65625,333.63690185546875,0.7959563732147217,0.989046573638916,0.8708732724189758,0.8209923505783081,0.004785137716680765,0.0010313751408830285,0.6752139329910278,0.9942377805709839,BOMBAY
173015.5625,1598.028564453125,596.2630615234375,368.0387878417969,1.6251863241195679,0.7892739772796631,176493.59375,473.0831604003906,0.7501099705696106,0.9882095456123352,0.8637169599533081,0.7789830565452576,0.00349346618168056,0.0007815919234417379,0.6060084104537964,0.990135908126831,BOMBAY
202791.40625,1727.5787353515625,661.1846923828125,393.76873779296875,1.6699738502502441,0.8017439842224121,206077.875,505.72503662109375,0.7721545100212097,0.9829223155975342,0.8466358184814453,0.7665481567382812,0.00327775115147233,0.0007137059001252055,0.5910590887069702,0.9899551272392273,BOMBAY
186127.1875,1633.0367431640625,593.1421508789062,396.56689453125,1.5099985599517822,0.7501155734062195,189779.734375,484.5007629394531,0.797676146030426,0.9883019924163818,0.8875544667243958,0.8094038963317871,0.003225423628464341,0.0008723026840016246,0.6571671962738037,0.9923079609870911,BOMBAY
159255.96875,1534.198486328125,562.828369140625,356.068603515625,1.5639445781707764,0.7678968906402588,159611.515625,449.3511962890625,0.7504372596740723,0.9901599287986755,0.8635358214378357,0.8001082539558411,0.003575243055820465,0.0009094825945794582,0.6407932639122009,0.9932896494865417,BOMBAY
164743.703125,1542.7255859375,574.4724731445312,363.5096435546875,1.5862627029418945,0.7745507955551147,167799.25,457.4077453613281,0.8003929257392883,0.9904575943946838,0.8720924854278564,0.7928906083106995,0.0035270685330033302,0.0008622370078228414,0.6270954608917236,0.9930398464202881,BOMBAY
145751.703125,1504.8831787109375,538.5427856445312,354.5471496582031,1.5281457901000977,0.753830075263977,147327.25,434.3453674316406,0.7566783428192139,0.9829049110412598,0.8572609424591064,0.8055545091629028,0.003695076797157526,0.000935825111810118,0.6528007984161377,0.9896659255027771,BOMBAY
205771.03125,1722.7357177734375,647.7813720703125,405.4396057128906,1.5716108083724976,0.7700492143630981,209638.140625,519.4044799804688,0.8439497947692871,0.9875912070274353,0.87711101770401,0.791546642780304,0.0031640457455068827,0.0007603771518915892,0.6256036162376404,0.9901858568191528,BOMBAY
181439.078125,1604.2523193359375,584.6676635742188,400.040283203125,1.4531352519989014,0.7237531542778015,185443.0625,482.3302001953125,0.8271830081939697,0.9884076118469238,0.8919890522956848,0.8309166431427002,0.003224702086299658,0.0009338876698166132,0.6832001209259033,0.993098258972168,BOMBAY
129104.2578125,1411.6470947265625,471.90313720703125,339.2213439941406,1.495667576789856,0.7412169575691223,96771.8828125,369.48101806640625,0.7270626425743103,0.9828817844390869,0.8610462546348572,0.8132628202438354,0.003842648584395647,0.000984916347078979,0.6608448624610901,0.9922389984130859,BOMBAY
148890.671875,1514.633056640625,543.9688720703125,352.28662109375,1.5478595495224,0.7648345232009888,154133.015625,436.4068908691406,0.7713512778282166,0.9822183847427368,0.8502647280693054,0.8018948435783386,0.0036768284626305103,0.0009192860452458262,0.641991138458252,0.9898744225502014,BOMBAY
167792.546875,1549.198486328125,569.9475708007812,386.30255126953125,1.4576356410980225,0.7290591597557068,169145.953125,454.5693054199219,0.7378717660903931,0.9878267049789429,0.8690053820610046,0.8247448801994324,0.003297187387943268,0.0009599830955266953,0.6794695258140564,0.99506014585495,BOMBAY
176469.0,1578.3919677734375,570.8121337890625,389.335205078125,1.4738986492156982,0.7368801236152649,178844.609375,476.6949157714844,0.8026911020278931,0.990471601486206,0.8980647921562195,0.8182727694511414,0.0032839709892868996,0.0009258782374672592,0.6695276498794556,0.9920462369918823,BOMBAY
233287.375,1894.13525390625,690.64697265625,447.0928649902344,1.5472506284713745,0.7596564292907715,232982.890625,547.4359741210938,0.7329979538917542,0.9862998127937317,0.8488907217979431,0.8002275824546814,0.0028689901810139418,0.0007517298799939454,0.630857527256012,0.9879626631736755,BOMBAY
118454.0703125,1235.6397705078125,467.5528564453125,287.3552551269531,1.4412041902542114,0.7265390157699585,96219.2890625,344.5919189453125,0.7857894897460938,0.9851606488227844,0.8787010908126831,0.8254417777061462,0.0037752483040094376,0.0010728093329817057,0.6781308054924011,0.9929129481315613,BOMBAY
140254.53125,1465.3111572265625,536.4151611328125,362.3943176269531,1.4733247756958008,0.7356529831886292,123995.7734375,426.0965270996094,0.7472540736198425,0.990349531173706,0.8746194243431091,0.8200840950012207,0.003518081037327647,0.000983571633696556,0.6751784682273865,0.9959539771080017,BOMBAY
165493.140625,1553.92578125,564.207763671875,374.84613037109375,1.4843953847885132,0.737435519695282,169684.421875,462.55126953125,0.7659448385238647,0.9892060160636902,0.8729375004768372,0.8177183270454407,0.0034001420717686415,0.0009273865725845098,0.6700825095176697,0.9928951263427734,BOMBAY
156758.46875,1512.301513671875,561.8331298828125,353.97320556640625,1.565397024154663,0.7688658237457275,158530.90625,448.3763732910156,0.72202068567276,0.9875973463058472,0.8660833239555359,0.795782744884491,0.0035399491898715496,0.0009029450593516231,0.6322605013847351,0.9941264390945435,BOMBAY
181236.4375,1621.959228515625,615.5428466796875,374.8279724121094,1.6520618200302124,0.7969332933425903,183002.5,479.71832275390625,0.8026807904243469,0.987628698348999,0.863747239112854,0.7749084234237671,0.003434632206335664,0.0007543283281847835,0.6005560159683228,0.9925516247749329,BOMBAY
169627.296875,1575.657470703125,604.0943603515625,370.6080322265625,1.6234328746795654,0.7881776094436646,173319.734375,467.7777099609375,0.8170575499534607,0.9898543357849121,0.8685154914855957,0.7836421132087708,0.0034377677366137505,0.0008061245316639543,0.609589159488678,0.9937768578529358,BOMBAY
158314.375,1529.0665283203125,551.260498046875,363.4630126953125,1.5377277135849,0.7603041529655457,162382.9375,447.92010498046875,0.786921501159668,0.990587055683136,0.8752772808074951,0.8038532137870789,0.003524650586768985,0.0009087527869269252,0.6458695530891418,0.9938203692436218,BOMBAY
182199.515625,1647.1043701171875,637.1217651367188,374.529541015625,1.6877011060714722,0.8012493848800659,183945.984375,478.411865234375,0.7518027424812317,0.9888895153999329,0.8532591462135315,0.7701031565666199,0.0034637749195098877,0.0007234502700157464,0.5901505351066589,0.988553524017334,BOMBAY
171282.171875,1587.03662109375,602.1592407226562,374.2463073730469,1.6416419744491577,0.7941087484359741,171298.734375,469.09637451171875,0.7411384582519531,0.9906650185585022,0.8702376484870911,0.7743827104568481,0.0034682985860854387,0.0007787196082063019,0.6018773913383484,0.995261013507843,BOMBAY
190331.421875,1651.78125,608.2738037109375,403.7497253417969,1.4638726711273193,0.7299445867538452,193308.71875,491.5540771484375,0.7904645800590515,0.985275387763977,0.8935408592224121,0.8213338255882263,0.003167044371366501,0.0009126731310971081,0.6741106510162354,0.9876207113265991,BOMBAY
216254.3125,1754.9981689453125,679.481201171875,399.3802490234375,1.6683623790740967,0.8023703098297119,212884.265625,518.75830078125,0.8078834414482117,0.989970326423645,0.8521298170089722,0.7698848247528076,0.0032012409064918756,0.0006869368953630328,0.5860124230384827,0.9923646450042725,BOMBAY
169051.0625,1595.72607421875,580.6026000976562,374.4322204589844,1.5909717082977295,0.7712446451187134,179053.765625,461.3318176269531,0.7454367876052856,0.9686000943183899,0.845993161201477,0.7917067408561707,0.0034883420448750257,0.000833927420899272,0.6299155950546265,0.9734054803848267,BOMBAY
195842.53125,1670.0234375,638.2269897460938,394.3842468261719,1.6343369483947754,0.7888290882110596,199450.171875,502.29827880859375,0.8154102563858032,0.9860880970954895,0.8639078736305237,0.7837991714477539,0.0032449597492814064,0.0007608284940943122,0.6108593940734863,0.9933350682258606,BOMBAY
159442.859375,1559.9486083984375,579.3807373046875,362.5928649902344,1.6006925106048584,0.77679842710495,165664.484375,454.70880126953125,0.8032707571983337,0.9849560260772705,0.8482220768928528,0.7894134521484375,0.003539443016052246,0.0008609761134721339,0.6247658133506775,0.9925469756126404,BOMBAY
169123.71875,1575.3607177734375,575.9042358398438,370.8345642089844,1.5452289581298828,0.7592175602912903,169731.75,463.3952941894531,0.829582691192627,0.9868408441543579,0.8841433525085449,0.800780713558197,0.0034111598506569862,0.0008948279428295791,0.638531506061554,0.9934089779853821,BOMBAY
193614.6875,1654.6783447265625,598.038330078125,407.1384582519531,1.4976179599761963,0.7424828410148621,194214.984375,497.84344482421875,0.7807947397232056,0.988330602645874,0.8846128582954407,0.8162568807601929,0.003158265259116888,0.0008857472566887736,0.6663377285003662,0.9931447505950928,BOMBAY
144067.109375,1454.8203125,521.4605102539062,354.46905517578125,1.4956104755401611,0.7483128309249878,122363.6953125,426.1952819824219,0.8008257746696472,0.989982545375824,0.8605102896690369,0.8144804835319519,0.0036177351139485836,0.0009709455771371722,0.6636164784431458,0.9946833252906799,BOMBAY
167500.546875,1608.4700927734375,616.4003295898438,365.8485107421875,1.6999053955078125,0.8084443807601929,173786.0625,468.6954040527344,0.8081406950950623,0.9857190847396851,0.8209237456321716,0.7651544213294983,0.0035887588746845722,0.0007341475575231016,0.5735104084014893,0.9877012968063354,BOMBAY
206142.3125,1753.816650390625,671.9462280273438,389.35784912109375,1.7346038818359375,0.8180409669876099,209439.75,509.67535400390625,0.8126554489135742,0.9852793216705322,0.8168091773986816,0.7553319931030273,0.003279131604358554,0.0006660627550445497,0.5668187141418457,0.98903888463974,BOMBAY
84982.9765625,1161.7899169921875,432.87493896484375,247.18051147460938,1.4127495288848877,0.6831371188163757,83988.5703125,319.32861328125,0.7281590700149536,0.9821361899375916,0.8619474172592163,0.8320726156234741,0.005104370415210724,0.0012429916532710195,0.6961132884025574,0.99186110496521,BOMBAY
167840.234375,1572.878662109375,563.3134155273438,375.525146484375,1.5235780477523804,0.7543637156486511,165753.359375,461.4931640625,0.7334049940109253,0.9866669178009033,0.8469817042350769,0.807080864906311,0.0034587502013891935,0.000887443486135453,0.6508590579032898,0.9887560606002808,BOMBAY
169415.609375,1538.09814453125,570.1996459960938,383.6005554199219,1.4772697687149048,0.7343215346336365,171604.671875,467.34942626953125,0.790361225605011,0.989922285079956,0.8939880728721619,0.8218873143196106,0.0033333769533783197,0.0009662671363912523,0.674720048904419,0.9947704076766968,BOMBAY
233564.390625,1878.07861328125,716.9967651367188,430.4300842285156,1.6723637580871582,0.8002491593360901,242321.15625,558.5428466796875,0.822411298751831,0.9820168018341064,0.840070903301239,0.7643721103668213,0.0030525263864547014,0.0006561307818628848,0.5785969495773315,0.9898480176925659,BOMBAY
208295.796875,1756.1829833984375,671.6630859375,399.7577819824219,1.6892043352127075,0.8035498261451721,210886.625,513.5260009765625,0.8104560375213623,0.9859746098518372,0.8563756942749023,0.7639227509498596,0.0032202566508203745,0.0006855831597931683,0.5861891508102417,0.9881517887115479,BOMBAY
177333.703125,1611.650634765625,598.0105590820312,376.4746398925781,1.5804321765899658,0.7748105525970459,182250.0625,478.1773681640625,0.7354367971420288,0.9806066751480103,0.8543794751167297,0.7909203767776489,0.0034030843526124954,0.0008161389851011336,0.6250233054161072,0.9882849454879761,BOMBAY
197875.390625,1681.346435546875,612.8619995117188,418.5623474121094,1.470452904701233,0.7298461198806763,201009.859375,502.0112609863281,0.7957145571708679,0.9847776293754578,0.8821911215782166,0.8205668330192566,0.003079937770962715,0.0008890052558854222,0.6742092967033386,0.9873374104499817,BOMBAY
160788.515625,1557.3553466796875,576.2846069335938,363.65228271484375,1.615375280380249,0.7860212922096252,163178.796875,451.14410400390625,0.7089536190032959,0.9879632592201233,0.8412232398986816,0.7862832546234131,0.003618598682805896,0.0008564207819290459,0.6165446043014526,0.9899969100952148,BOMBAY
165444.015625,1580.6710205078125,610.6196899414062,355.4493408203125,1.70327889919281,0.8067275285720825,172105.3125,465.075439453125,0.7046106457710266,0.9836472868919373,0.8337278962135315,0.765758752822876,0.003596753580495715,0.0007584441336803138,0.5835912823677063,0.990860641002655,BOMBAY
185212.578125,1646.4276123046875,622.6484985351562,385.72332763671875,1.610961675643921,0.7844904661178589,187915.96875,488.8642883300781,0.8100542426109314,0.990095317363739,0.8619712591171265,0.786217212677002,0.0033273776061832905,0.0007571396417915821,0.617836058139801,0.9936475157737732,BOMBAY
178670.671875,1609.7073974609375,587.6036376953125,388.0907897949219,1.5372352600097656,0.763340413570404,180263.140625,476.279052734375,0.7888595461845398,0.9892240166664124,0.8535600900650024,0.8028904795646667,0.003322490258142352,0.0008650376694276929,0.6449254155158997,0.9951444864273071,BOMBAY
156572.25,1494.7469482421875,565.9326782226562,357.31524658203125,1.5750038623809814,0.7685986161231995,158377.109375,446.8863220214844,0.7960555553436279,0.9912334084510803,0.881507396697998,0.7956648468971252,0.00357838929630816,0.000905014865566045,0.6335514187812805,0.9938603639602661,BOMBAY
186028.109375,1667.7484130859375,650.000244140625,370.91632080078125,1.7792112827301025,0.822312593460083,186378.515625,485.08154296875,0.814881443977356,0.9880424737930298,0.8421849608421326,0.7497163414955139,0.003492117626592517,0.0006859263521619141,0.5625045299530029,0.9911821484565735,BOMBAY
180399.5,1666.0213623046875,655.4728393554688,341.664794921875,1.9327670335769653,0.8475273847579956,183615.84375,474.6556396484375,0.7141277194023132,0.970577597618103,0.8104354739189148,0.7114148736000061,0.003806693945080042,0.0006014519603922963,0.5110383629798889,0.9721696972846985,BOMBAY
181707.84375,1610.0079345703125,579.3499145507812,396.6470642089844,1.4735277891159058,0.7367918491363525,183752.78125,481.1536865234375,0.7825580835342407,0.9850504994392395,0.8904808759689331,0.8192946314811707,0.0032485700212419033,0.0009194825543090701,0.6700617074966431,0.9902510046958923,BOMBAY
178110.390625,1599.416748046875,606.0155029296875,374.68792724609375,1.6270370483398438,0.7889575958251953,180535.84375,475.7334899902344,0.7187034487724304,0.9864033460617065,0.8753451108932495,0.7790682911872864,0.0034334708470851183,0.0007914690067991614,0.6076822280883789,0.9915059208869934,BOMBAY
179536.359375,1635.5255126953125,619.7587890625,374.09033203125,1.6498967409133911,0.7953176498413086,180009.90625,477.1466979980469,0.7140461206436157,0.987381637096405,0.8486202955245972,0.7752190828323364,0.0034250146709382534,0.0007685305317863822,0.6033910512924194,0.9928807020187378,BOMBAY
170473.828125,1586.14697265625,570.3109130859375,387.2059020996094,1.4775116443634033,0.7341058254241943,177242.640625,465.61614990234375,0.8155016303062439,0.982937216758728,0.8666703104972839,0.8187183737754822,0.0033362864051014185,0.0009401147253811359,0.6729402542114258,0.9866916537284851,BOMBAY
207377.203125,1790.0826416015625,695.9407958984375,390.3359375,1.785488486289978,0.8309109210968018,210839.0625,512.4052124023438,0.781528890132904,0.9819217324256897,0.8318377137184143,0.7347012162208557,0.0032845577225089073,0.0005913078202866018,0.5331630110740662,0.9886863231658936,BOMBAY
192231.296875,1671.7718505859375,639.5301513671875,380.28564453125,1.6730735301971436,0.8017478585243225,196013.5,494.18389892578125,0.7554829716682434,0.9795485734939575,0.8427222371101379,0.7697574496269226,0.0033533412497490644,0.0007373587577603757,0.59220290184021,0.9890623092651367,BOMBAY
153288.78125,1511.508056640625,564.7210693359375,286.0100402832031,1.636112093925476,0.7922214269638062,150416.203125,443.9344482421875,0.7439188957214355,0.9844020009040833,0.8327009081840515,0.7796769142150879,0.004457429982721806,0.0008581524016335607,0.5988258719444275,0.9913393259048462,BOMBAY
145308.53125,1445.148681640625,537.0408325195312,269.3275451660156,1.6257771253585815,0.7874541282653809,153556.28125,345.42919921875,0.7128010392189026,0.9884639382362366,0.8497602343559265,0.7823501229286194,0.0046520899049937725,0.0009116607834585011,0.613888680934906,0.9956627488136292,BOMBAY
167087.359375,1567.9451904296875,587.2284545898438,371.3841552734375,1.6044796705245972,0.7845861911773682,169642.53125,463.2941589355469,0.8100651502609253,0.9876574873924255,0.8741034269332886,0.7856031060218811,0.0034587245900183916,0.0008227977668866515,0.6172012686729431,0.9940946102142334,BOMBAY
161448.234375,1520.956298828125,580.552490234375,353.2194519042969,1.668175220489502,0.7970783114433289,165839.65625,453.93853759765625,0.8055093288421631,0.9875832200050354,0.8646755814552307,0.7705431580543518,0.003687146119773388,0.0008203701581805944,0.5954371690750122,0.9933583736419678,BOMBAY
161033.359375,1541.3211669921875,576.5374755859375,362.22320556640625,1.5990699529647827,0.7832542657852173,160296.1875,453.5628662109375,0.7809162735939026,0.9897480010986328,0.8662185668945312,0.7845540046691895,0.003522192593663931,0.0008257823646999896,0.6205631494522095,0.9937536120414734,BOMBAY
214294.296875,1752.5882568359375,665.4571533203125,408.6336975097656,1.6100680828094482,0.7805020213127136,215071.671875,534.5404052734375,0.7851054072380066,0.9909458756446838,0.8658514618873596,0.7868049144744873,0.0031126546673476696,0.0007204791181720793,0.6175494194030762,0.9938316941261292,BOMBAY
183110.03125,1634.2464599609375,600.6150512695312,390.4588623046875,1.5448172092437744,0.763914942741394,185821.4375,481.08172607421875,0.7230519652366638,0.9815767407417297,0.8728287220001221,0.7971492409706116,0.0032890888396650553,0.0008424299885518849,0.6375492811203003,0.9868804812431335,BOMBAY
180766.859375,1647.8280029296875,630.1144409179688,371.6837158203125,1.6900811195373535,0.8050239086151123,184234.375,479.88348388671875,0.7222204208374023,0.9814755320549011,0.8214560151100159,0.7629258036613464,0.003472043201327324,0.0007104031974449754,0.5785634517669678,0.9846224188804626,BOMBAY
200214.40625,1706.293701171875,633.1307373046875,402.4325866699219,1.5906689167022705,0.7771820425987244,202016.53125,502.2730407714844,0.7206299304962158,0.9860967397689819,0.8766144514083862,0.7867071032524109,0.003174017881974578,0.0007714806124567986,0.6246364116668701,0.9906779527664185,BOMBAY
146738.6875,1444.61572265625,522.4371948242188,363.5278625488281,1.4862654209136963,0.7409419417381287,143319.75,437.8553771972656,0.7376374006271362,0.9917626976966858,0.8967809081077576,0.8196318745613098,0.003518701996654272,0.0009697158238850534,0.6698237061500549,0.9956114292144775,BOMBAY
190010.046875,1664.6441650390625,628.546142578125,389.2851257324219,1.6052364110946655,0.7839459180831909,190340.578125,492.2918701171875,0.7360140085220337,0.9852114915847778,0.8594812154769897,0.7828869819641113,0.003306159982457757,0.0007713930099271238,0.6156656742095947,0.985954999923706,BOMBAY
233265.046875,1877.9375,705.9611206054688,411.7107849121094,1.6774111986160278,0.8076007962226868,236452.375,543.2396240234375,0.8095751404762268,0.9853829741477966,0.8391115665435791,0.76185542345047,0.0031288862228393555,0.0006486927741207182,0.588090181350708,0.9878163933753967,BOMBAY
170381.484375,1568.0311279296875,606.9749755859375,364.84197998046875,1.6533161401748657,0.7964160442352295,173329.765625,466.8226318359375,0.797926127910614,0.9854927659034729,0.8707878589630127,0.774351954460144,0.0035282119642943144,0.0007836352451704443,0.6004225015640259,0.9915838241577148,BOMBAY
162725.484375,1578.0802001953125,592.4083251953125,354.3106994628906,1.6640290021896362,0.7968553900718689,167980.375,453.7511901855469,0.7576488852500916,0.9833710789680481,0.8232102990150452,0.7745160460472107,0.003589484142139554,0.0007874320726841688,0.6009647250175476,0.9915300607681274,BOMBAY
148988.296875,1518.62841796875,565.7437133789062,360.50604248046875,1.5675650835037231,0.7667487263679504,146878.328125,444.94549560546875,0.6875476837158203,0.9905507564544678,0.8578594326972961,0.7972854375839233,0.0036307915579527617,0.0008848276338540018,0.6403838992118835,0.9901021718978882,BOMBAY
155215.171875,1435.7750244140625,551.8248901367188,355.16650390625,1.521071195602417,0.7473272681236267,149232.421875,427.48712158203125,0.8212104439735413,0.9927356243133545,0.8967710137367249,0.810772180557251,0.0035192924551665783,0.0009634054149501026,0.660249650478363,0.9965329766273499,BOMBAY
163832.578125,1552.6160888671875,578.6721801757812,366.9472961425781,1.5990983247756958,0.781181275844574,166683.234375,460.8199462890625,0.7796556353569031,0.9845746755599976,0.8666451573371887,0.7876995205879211,0.0035103107802569866,0.0008457262301817536,0.6190393567085266,0.9903745055198669,BOMBAY
141876.65625,1417.345703125,511.104736328125,346.0841369628906,1.5144317150115967,0.7477105259895325,143479.421875,349.27117919921875,0.7876556515693665,0.9894794821739197,0.86159348487854,0.8138202428817749,0.0036590525414794683,0.0009867296321317554,0.6584904789924622,0.9953811168670654,BOMBAY
169320.59375,1551.0333251953125,586.5838012695312,375.4931945800781,1.557923674583435,0.7639209032058716,169663.65625,472.03387451171875,0.851211667060852,0.9925945401191711,0.8895576596260071,0.8028572201728821,0.0034141214564442635,0.0008953993092291057,0.6424115896224976,0.9956347346305847,BOMBAY
195012.09375,1672.2672119140625,641.3729248046875,384.07501220703125,1.6966294050216675,0.8087083697319031,196541.9375,498.60333251953125,0.8255788087844849,0.9862508177757263,0.8663834929466248,0.767853856086731,0.003371023340150714,0.0007045968668535352,0.5917083024978638,0.9928482174873352,BOMBAY
150425.53125,1472.6231689453125,522.7213134765625,365.115478515625,1.5095175504684448,0.7467150092124939,151455.796875,423.5323181152344,0.8134251236915588,0.9871024489402771,0.8683502674102783,0.8130707144737244,0.003530008252710104,0.0009580792975611985,0.6641663312911987,0.9934028387069702,BOMBAY
168849.953125,1585.5875244140625,607.4080200195312,365.9568176269531,1.628890037536621,0.7963212132453918,175249.515625,455.97369384765625,0.6912970542907715,0.9861781001091003,0.844230055809021,0.7725240588188171,0.003521379316225648,0.0007866060477681458,0.5963119864463806,0.9941447377204895,BOMBAY
160231.734375,1453.2579345703125,544.8367309570312,375.5028076171875,1.4108704328536987,0.7010875344276428,153827.0,455.045166015625,0.8177760243415833,0.9922207593917847,0.9119701981544495,0.8365460634231567,0.0033906016033142805,0.001052209408953786,0.701947033405304,0.993610680103302,BOMBAY
165716.03125,1542.302978515625,572.7260131835938,374.0260314941406,1.5204401016235352,0.7500332593917847,168177.625,456.5776672363281,0.7403703927993774,0.9909839034080505,0.8824837803840637,0.808134913444519,0.003450351068750024,0.0009058166178874671,0.6549569368362427,0.9954714179039001,BOMBAY
153330.734375,1276.396484375,523.0763549804688,360.0542297363281,1.379276990890503,0.7022362947463989,154770.171875,425.7861022949219,0.7592888474464417,0.9888387322425842,0.896523118019104,0.8439119458198547,0.0035877772606909275,0.0011443649418652058,0.7138849496841431,0.9947637915611267,BOMBAY
157412.46875,1478.5391845703125,539.8053588867188,375.44586181640625,1.4184012413024902,0.7077168226242065,151496.28125,439.6004333496094,0.7781693339347839,0.9902122616767883,0.9047136306762695,0.836974024772644,0.003379358444362879,0.0010221829870715737,0.7035585641860962,0.9975683689117432,BOMBAY
206513.734375,1746.473876953125,673.4275512695312,397.33990478515625,1.717844009399414,0.8062602281570435,208322.84375,511.8235168457031,0.7930715680122375,0.9852244853973389,0.8392366766929626,0.7581942677497864,0.0032168319448828697,0.0006867244956083596,0.575451135635376,0.9913284182548523,BOMBAY
192483.359375,1685.9112548828125,652.0714721679688,377.58172607421875,1.7116432189941406,0.8092500567436218,196187.546875,492.985595703125,0.7947263121604919,0.9817315340042114,0.8245158195495605,0.759161114692688,0.003383783856406808,0.0007044296362437308,0.5775405168533325,0.98585444688797,BOMBAY
187287.203125,1641.4437255859375,590.77490234375,406.220458984375,1.472123384475708,0.7287391424179077,189422.0,488.10772705078125,0.7777588367462158,0.9878319501876831,0.8894708752632141,0.8226098418235779,0.0031687337905168533,0.0009062287281267345,0.677274227142334,0.9924030900001526,BOMBAY
167264.109375,1576.6241455078125,586.69189453125,369.6111145019531,1.5967581272125244,0.778680145740509,170164.109375,461.9388122558594,0.7936726212501526,0.9898467063903809,0.8622134327888489,0.7911837697029114,0.003466257592663169,0.0008310903795063496,0.6250900626182556,0.9962843060493469,BOMBAY
169168.65625,1600.4898681640625,623.6738891601562,364.7738952636719,1.7039227485656738,0.809952974319458,176016.515625,462.5113525390625,0.7958836555480957,0.9784291982650757,0.8351881504058838,0.7604386806488037,0.0035712975077331066,0.0007260814891196787,0.5765209197998047,0.9868770837783813,BOMBAY
171494.453125,1600.951171875,622.78857421875,366.7456359863281,1.7081280946731567,0.8140036463737488,175953.25,468.76580810546875,0.8187103271484375,0.9857460856437683,0.8443731069564819,0.7584848999977112,0.003536373609676957,0.0007404023199342191,0.5745453834533691,0.9884692430496216,BOMBAY
183870.453125,1628.27587890625,587.96875,388.53570556640625,1.552910566329956,0.7666063904762268,185212.6875,484.7774658203125,0.7454094290733337,0.9904621243476868,0.8722743391990662,0.7971957921981812,0.00331714004278183,0.000818888598587364,0.6381339430809021,0.9921392202377319,BOMBAY
169583.9375,1528.4376220703125,568.0350341796875,379.1425476074219,1.4739571809768677,0.7328382134437561,169573.765625,459.0732116699219,0.7888864278793335,0.990600049495697,0.8967961668968201,0.8230103254318237,0.0033634305000305176,0.0009627958643250167,0.6736976504325867,0.9930064082145691,BOMBAY
158397.859375,1525.39892578125,562.0574340820312,371.40350341796875,1.4852606058120728,0.7430174946784973,161610.421875,447.2200927734375,0.8005102276802063,0.9907183647155762,0.8662004470825195,0.8178790807723999,0.003453092183917761,0.0009463013848289847,0.664946973323822,0.9956086874008179,BOMBAY
143313.984375,1420.8822021484375,544.1869506835938,354.9898376464844,1.496674656867981,0.7437635064125061,135727.453125,386.3076477050781,0.8019161224365234,0.9909408688545227,0.8963569402694702,0.8187528848648071,0.0036754319444298744,0.0009876543190330267,0.6725842952728271,0.9988629817962646,BOMBAY
167932.96875,1516.1571044921875,523.8005981445312,389.248046875,1.3580142259597778,0.6722818613052368,169661.78125,463.5876159667969,0.7807796597480774,0.9913597702980042,0.8991469144821167,0.8540887832641602,0.003268645377829671,0.0010644453577697277,0.7273503541946411,0.9956527352333069,BOMBAY
167557.796875,1585.069091796875,589.266357421875,367.6251220703125,1.6259996891021729,0.7904611229896545,171692.890625,467.05401611328125,0.7689038515090942,0.9909573197364807,0.8693041205406189,0.7806881666183472,0.003501120489090681,0.0008065824513323605,0.6099048852920532,0.9916297197341919,BOMBAY
162915.234375,1535.2833251953125,570.5579833984375,368.92266845703125,1.5510411262512207,0.7629938125610352,164883.578125,458.49664306640625,0.748968780040741,0.9850627183914185,0.874504804611206,0.7984777688980103,0.003480998333543539,0.0008934552315622568,0.6377733945846558,0.9895098805427551,BOMBAY
94870.4609375,1256.24560546875,467.6710510253906,344.1285705566406,1.4848343133926392,0.729556679725647,97917.359375,345.24468994140625,0.7830178141593933,0.9916867613792419,0.896972119808197,0.8254864811897278,0.0037974256556481123,0.0010462942300364375,0.6722193956375122,0.9946291446685791,BOMBAY
146847.546875,1434.7227783203125,497.3146667480469,357.7471923828125,1.4526230096817017,0.724493682384491,154012.453125,434.6671447753906,0.7441198825836182,0.9871442914009094,0.8744921088218689,0.825680673122406,0.0036095858085900545,0.00104508304502815,0.6788802742958069,0.9916067123413086,BOMBAY
185379.609375,1640.42919921875,598.6925659179688,393.43218994140625,1.5435903072357178,0.7594029307365417,189602.515625,487.5302734375,0.7457275390625,0.985075056552887,0.8673960566520691,0.8049483895301819,0.0032622471917420626,0.0008438032818958163,0.6453401446342468,0.9936091303825378,BOMBAY
172958.09375,1588.3104248046875,578.412353515625,380.46875,1.5178767442703247,0.7548501491546631,177206.375,472.17620849609375,0.7489140033721924,0.9806877374649048,0.8735945820808411,0.8062799572944641,0.0033697250764817,0.000895725388545543,0.6511479020118713,0.9881813526153564,BOMBAY
181405.953125,1622.699951171875,607.2044067382812,388.1150207519531,1.5650945901870728,0.7702670693397522,185556.0625,482.3208312988281,0.7919487357139587,0.9897016882896423,0.8778806328773499,0.7943352460861206,0.00329869007691741,0.000808333046734333,0.6345140933990479,0.9920727610588074,BOMBAY
167475.296875,1520.7008056640625,570.13330078125,386.9841003417969,1.4439024925231934,0.7201430201530457,169817.515625,462.3116149902344,0.8004271388053894,0.9924905896186829,0.9049724340438843,0.8320556282997131,0.003291243454441428,0.0009823142318055034,0.6908454895019531,0.9973741769790649,BOMBAY
187828.140625,1654.0897216796875,611.867919921875,394.0394592285156,1.5693116188049316,0.7697030305862427,191155.875,488.4600524902344,0.7527474761009216,0.9885871410369873,0.8642044067382812,0.7947171926498413,0.003261442296206951,0.0008234205306507647,0.6316260695457458,0.9940945506095886,BOMBAY
152811.6875,1492.0106201171875,545.7347412109375,360.8045959472656,1.4756481647491455,0.7326115965843201,157096.8125,448.98834228515625,0.7720900177955627,0.9899037480354309,0.8888908624649048,0.8193236589431763,0.0035298611037433147,0.0009635068126954138,0.6735076904296875,0.9952990412712097,BOMBAY
180408.65625,1607.9447021484375,580.7657470703125,394.50958251953125,1.4844673871994019,0.7391743063926697,183082.6875,480.0314025878906,0.7935100197792053,0.982955813407898,0.8806554079055786,0.8184322714805603,0.0032633000519126654,0.0009031802765093744,0.664759635925293,0.9892902374267578,BOMBAY
153811.265625,1419.3409423828125,548.96484375,336.4618835449219,1.5868325233459473,0.7778419852256775,157181.75,443.8636474609375,0.7592171430587769,0.9921026825904846,0.8875036835670471,0.7912240028381348,0.0036561419256031513,0.0009087072685360909,0.6223300695419312,0.9960145354270935,BOMBAY
184902.71875,1626.3150634765625,579.3341064453125,401.5354919433594,1.4628819227218628,0.7323251962661743,185405.265625,486.0042419433594,0.7827893495559692,0.9877662658691406,0.8965397477149963,0.8221948742866516,0.003191385418176651,0.0009078301955014467,0.6770281195640564,0.9910091757774353,BOMBAY
171677.96875,1576.84326171875,578.1908569335938,381.04736328125,1.5167814493179321,0.7520186901092529,174466.515625,467.90081787109375,0.8050861954689026,0.990004301071167,0.8715604543685913,0.8102731704711914,0.0033468070905655622,0.0008814287721179426,0.6570063829421997,0.9965683221817017,BOMBAY
184186.625,1656.8828125,650.9024047851562,362.7049560546875,1.8031963109970093,0.8342633843421936,182343.859375,483.6237487792969,0.7155910134315491,0.9866652488708496,0.8298355340957642,0.7339789867401123,0.0035310464445501566,0.0006283399416133761,0.5466107130050659,0.9873139262199402,BOMBAY
177019.140625,1593.256591796875,585.8195190429688,379.61151123046875,1.5685451030731201,0.7714639902114868,180210.875,477.50592041015625,0.797585666179657,0.9885675311088562,0.8816580772399902,0.7952376008033752,0.0033655385486781597,0.000843654153868556,0.634006142616272,0.991929292678833,BOMBAY
165021.171875,1577.51611328125,589.4005126953125,359.2559509277344,1.681717038154602,0.8055776953697205,169458.546875,458.52655029296875,0.7955161333084106,0.9854171276092529,0.8440236449241638,0.7690808773040771,0.0035927307326346636,0.0007819800521247089,0.5845553278923035,0.9918248653411865,BOMBAY
181098.75,1643.3663330078125,639.4240112304688,367.19091796875,1.7283474206924438,0.8140193223953247,185556.984375,478.7932434082031,0.8063649535179138,0.9846566915512085,0.8433530330657959,0.7596614956855774,0.0035266790073364973,0.0007025075028650463,0.576377809047699,0.9870293736457825,BOMBAY
165870.9375,1569.710693359375,616.7337036132812,362.5287780761719,1.713065266609192,0.8109614849090576,170432.328125,459.08905029296875,0.7804018259048462,0.9722591638565063,0.8621782064437866,0.7560210824012756,0.003678267588838935,0.0007284345920197666,0.561759352684021,0.9732734560966492,BOMBAY
160060.59375,1533.96728515625,578.5802612304688,357.4243469238281,1.5941344499588013,0.7778447866439819,162698.640625,455.8034362792969,0.7854240536689758,0.9878607988357544,0.8603941202163696,0.7919058799743652,0.003553841495886445,0.0008669646922498941,0.6236328482627869,0.9940972328186035,BOMBAY
179879.65625,1600.1968994140625,579.2469482421875,397.58746337890625,1.4539856910705566,0.7240843772888184,183385.78125,484.4471130371094,0.7800871133804321,0.9912906885147095,0.8926007151603699,0.8274886608123779,0.0031923078931868076,0.0009333346388302743,0.6868070960044861,0.9967549443244934,BOMBAY
166980.65625,1554.6129150390625,576.36865234375,371.14013671875,1.5579015016555786,0.7693990468978882,167772.984375,461.4250793457031,0.8107903003692627,0.9871688485145569,0.8793895840644836,0.7972555756568909,0.0034666303545236588,0.000867528491653502,0.6341524720191956,0.99159836769104,BOMBAY
248027.703125,1959.4169921875,734.7447509765625,422.5677795410156,1.7839696407318115,0.8258402943611145,254677.984375,565.6099243164062,0.794227659702301,0.9824808835983276,0.8216363191604614,0.7494298815727234,0.00299098645336926,0.000588505994528532,0.5749219655990601,0.9903217554092407,BOMBAY
200005.453125,1701.097412109375,652.8389282226562,390.4119567871094,1.68056058883667,0.8033165335655212,201834.359375,499.38360595703125,0.8034693598747253,0.9869610071182251,0.8586873412132263,0.7714112997055054,0.003291144734248519,0.0007113091996870935,0.5955707430839539,0.9917635917663574,BOMBAY
169004.0625,1561.1573486328125,579.7493896484375,369.27191162109375,1.5716463327407837,0.7709434032440186,172360.90625,468.4791259765625,0.804740846157074,0.9884356260299683,0.8758957982063293,0.7958544492721558,0.0034689167514443398,0.0008655120618641376,0.6317632794380188,0.9943600296974182,BOMBAY
195445.375,1648.3544921875,604.7716064453125,407.86016845703125,1.4997483491897583,0.7479615807533264,200591.859375,501.2733154296875,0.8306292295455933,0.9887136220932007,0.894729733467102,0.8148021101951599,0.0031636664643883705,0.0008728404063731432,0.666659951210022,0.9914236068725586,BOMBAY
180161.765625,1639.90185546875,634.615234375,365.7320251464844,1.7289034128189087,0.8223685026168823,183804.421875,479.3426818847656,0.767822802066803,0.9844937920570374,0.820710301399231,0.7475743293762207,0.003523309947922826,0.0007001814083196223,0.5697889924049377,0.9889757037162781,BOMBAY
178981.671875,1592.40625,578.2728271484375,393.07196044921875,1.4542815685272217,0.7242229580879211,181308.296875,473.5444030761719,0.7969185709953308,0.9855141639709473,0.8805314302444458,0.8256322145462036,0.0032528869342058897,0.0009409663034603,0.6761943101882935,0.989959716796875,BOMBAY
174899.890625,1613.8863525390625,623.5986938476562,354.6238098144531,1.793781042098999,0.8268952369689941,176903.53125,464.64892578125,0.7749676704406738,0.9832161664962769,0.8387151956558228,0.7435566186904907,0.0035709973890334368,0.0007043429068289697,0.5475663542747498,0.990034818649292,BOMBAY
192575.609375,1652.5128173828125,619.9522705078125,396.0369567871094,1.5426448583602905,0.7627655863761902,194933.09375,493.8373107910156,0.7670726180076599,0.9892087578773499,0.880619466304779,0.8036474585533142,0.0032478822395205498,0.0008234958513639867,0.6453676819801331,0.9929773807525635,BOMBAY
169831.921875,1583.1182861328125,600.876708984375,366.7410583496094,1.6404550075531006,0.790858805179596,171813.34375,467.3773193359375,0.7822123765945435,0.9870467185974121,0.86670982837677,0.7772882580757141,0.0034855164121836424,0.0007970088045112789,0.6019636392593384,0.9921709299087524,BOMBAY
161880.84375,1529.251708984375,570.6557006835938,364.82891845703125,1.5724762678146362,0.7694205641746521,162255.046875,452.10064697265625,0.8183677792549133,0.9841206669807434,0.8797333240509033,0.7943699359893799,0.003537295153364539,0.0009019816061481833,0.6313291788101196,0.990913987159729,BOMBAY
186108.5625,1643.5303955078125,591.2528686523438,400.64398193359375,1.4696455001831055,0.7309598326683044,187456.46875,486.04541015625,0.8169796466827393,0.987622857093811,0.8797985315322876,0.8264334201812744,0.0031991926953196526,0.0009152779821306467,0.6779162883758545,0.9930359125137329,BOMBAY
186097.25,1651.0,604.5988159179688,392.547607421875,1.54265296459198,0.7591651082038879,189051.28125,485.0556945800781,0.7344090342521667,0.9885585904121399,0.856598973274231,0.7992443442344666,0.003278943710029125,0.0008458385709673166,0.6442501544952393,0.9919508099555969,BOMBAY
162944.1875,1534.4237060546875,559.5364990234375,358.91534423828125,1.5980157852172852,0.7771883010864258,157720.8125,446.9449157714844,0.7044727206230164,0.9787294268608093,0.8459179997444153,0.7861365675926208,0.003597995499148965,0.000823233975097537,0.6125638484954834,0.987322211265564,BOMBAY
91905.6015625,1264.9488525390625,481.7906188964844,350.7164001464844,1.3758723735809326,0.6845168471336365,116730.34375,429.81475830078125,0.7616249322891235,0.990534782409668,0.8972406983375549,0.8438974618911743,0.0035479734651744366,0.0011314998846501112,0.7144968509674072,0.9954241514205933,BOMBAY
172871.296875,1554.1776123046875,556.543212890625,393.2186279296875,1.413403034210205,0.70982825756073,168967.546875,468.13006591796875,0.7179964184761047,0.9910346269607544,0.8985714316368103,0.837107241153717,0.0032672076486051083,0.0009832569630816579,0.6911301016807556,0.9927914142608643,BOMBAY
190790.53125,1683.7440185546875,640.8172607421875,389.0771484375,1.6665593385696411,0.8010553121566772,197723.3125,494.2388610839844,0.8111291527748108,0.9772535562515259,0.8605716824531555,0.769785463809967,0.0033346880227327347,0.0007323173340409994,0.5945189595222473,0.9838534593582153,BOMBAY
160634.140625,1462.708740234375,541.2301025390625,380.369384765625,1.3665804862976074,0.6909494996070862,163643.3125,434.7384948730469,0.7471038103103638,0.9883158802986145,0.9056843519210815,0.8528990745544434,0.0034166164696216583,0.001090023317374289,0.7188424468040466,0.9929820895195007,BOMBAY
182199.953125,1648.2451171875,631.97216796875,365.7304382324219,1.748167634010315,0.8195551633834839,186150.265625,477.37493896484375,0.7918204665184021,0.9738386273384094,0.8202763199806213,0.7541240453720093,0.003503204323351383,0.0006973858689889312,0.5656404495239258,0.9821666479110718,BOMBAY
172212.046875,1589.0640869140625,588.1261596679688,372.4988098144531,1.592795491218567,0.7775693535804749,174719.15625,468.27239990234375,0.811603307723999,0.9879751205444336,0.8625413179397583,0.7895863652229309,0.003450708230957389,0.0008329503471031785,0.6238474249839783,0.9940304160118103,BOMBAY
168606.828125,1586.7855224609375,578.8048706054688,369.5172119140625,1.5861704349517822,0.7800348401069641,172112.46875,464.1841125488281,0.7029546499252319,0.9838649034500122,0.8509102463722229,0.7878683805465698,0.0035159101244062185,0.0008353612502105534,0.6205862760543823,0.9881631135940552,BOMBAY
171846.875,1593.245849609375,605.4761352539062,369.2593994140625,1.6732062101364136,0.8005919456481934,173240.453125,471.17864990234375,0.8260182738304138,0.9892794489860535,0.8633176684379578,0.7695323824882507,0.003489702008664608,0.0007561260717920959,0.5948057174682617,0.9906288385391235,BOMBAY
178918.8125,1645.70654296875,646.424072265625,370.5901184082031,1.7805317640304565,0.8167323470115662,186925.765625,480.113037109375,0.7612424492835999,0.967979371547699,0.8164892196655273,0.7483457922935486,0.0036972828675061464,0.0006903600879013538,0.5618728995323181,0.964694619178772,BOMBAY
162001.828125,1533.6439208984375,584.3570556640625,337.5967102050781,1.6978986263275146,0.8036373257637024,153789.34375,442.9202880859375,0.6916443705558777,0.9875943660736084,0.8384314775466919,0.7677826881408691,0.0036164596676826477,0.0008063122513704002,0.59776771068573,0.9923216700553894,BOMBAY
162096.296875,1523.34716796875,583.4896850585938,354.6990966796875,1.6169155836105347,0.7881616950035095,166724.234375,456.88800048828125,0.812296450138092,0.991309404373169,0.879587709903717,0.7811828851699829,0.003630284918472171,0.0008438194054178894,0.6140604615211487,0.9946153163909912,BOMBAY
167346.15625,1570.656494140625,615.8604736328125,363.1490478515625,1.7214765548706055,0.812812328338623,169241.859375,469.8298645019531,0.8311145901679993,0.9884548783302307,0.8544249534606934,0.7619554400444031,0.003536120755597949,0.0007313844980672002,0.5775917768478394,0.9906100630760193,BOMBAY
197107.90625,1699.552734375,652.6622314453125,386.2128601074219,1.6755669116973877,0.7991534471511841,199298.40625,498.09918212890625,0.7612811923027039,0.9833930730819702,0.8472138047218323,0.7682777047157288,0.003319063223898411,0.0007208078168332577,0.5958636403083801,0.9902430772781372,BOMBAY
164353.671875,1550.600341796875,577.2579956054688,366.4720764160156,1.5780212879180908,0.7757500410079956,168205.734375,460.93109130859375,0.7620906829833984,0.9918218851089478,0.8740134239196777,0.7902916073799133,0.003487649839371443,0.0008700701291672885,0.6298109292984009,0.9969958066940308,BOMBAY
186420.125,1646.529052734375,602.8827514648438,396.8324890136719,1.50942063331604,0.7446961402893066,189241.65625,484.8798522949219,0.7693812847137451,0.9838729500770569,0.8702564239501953,0.8119068741798401,0.003223187057301402,0.000874463701620698,0.658993124961853,0.989090621471405,BOMBAY
159093.65625,1518.187744140625,568.2855224609375,367.6560363769531,1.5525612831115723,0.7650465965270996,165082.34375,452.14141845703125,0.820500910282135,0.9915811419487,0.8856275677680969,0.7997948527336121,0.003468259470537305,0.0008879076922312379,0.6392902731895447,0.9919269680976868,BOMBAY
164995.921875,1529.0533447265625,573.3758544921875,371.3182678222656,1.555917501449585,0.766889750957489,166763.46875,459.8618469238281,0.7632255554199219,0.9902862906455994,0.880391538143158,0.7988492846488953,0.0035002478398382664,0.0008863331750035286,0.6382310390472412,0.993388831615448,BOMBAY
190856.578125,1683.457275390625,644.32763671875,381.6578369140625,1.7107020616531372,0.8114120364189148,197371.140625,498.00543212890625,0.805874764919281,0.9821865558624268,0.8428168892860413,0.7619319558143616,0.0033680321648716927,0.0007177821244113147,0.5808547139167786,0.9891502261161804,BOMBAY
164723.90625,1572.8013916015625,604.2294311523438,343.7708740234375,1.6845812797546387,0.8095912337303162,166426.8125,462.5176696777344,0.7928195595741272,0.9840927124023438,0.8341928720474243,0.7634500861167908,0.0036748740822076797,0.0007431203848682344,0.5831013321876526,0.9853593111038208,BOMBAY
192099.421875,1667.66357421875,618.9653930664062,397.299560546875,1.5832984447479248,0.7740957140922546,193663.734375,490.8976135253906,0.7820266485214233,0.9870226383209229,0.854794442653656,0.7908632159233093,0.0032455818727612495,0.0008065251749940217,0.628108561038971,0.9915345907211304,BOMBAY
237665.828125,1921.0987548828125,724.2832641601562,431.880859375,1.6949633359909058,0.7960857152938843,249551.46875,562.2786254882812,0.763327956199646,0.9795004725456238,0.8242743015289307,0.7701764106750488,0.0029574050568044186,0.0006772588822059333,0.5914269089698792,0.9890255331993103,BOMBAY
144727.40625,1491.4921875,532.2789306640625,363.90765380859375,1.5106076002120972,0.7472971081733704,145336.875,435.566650390625,0.7969493269920349,0.984290361404419,0.8609992861747742,0.813831090927124,0.0035045859403908253,0.0009657439077273011,0.6571613550186157,0.9912716150283813,BOMBAY
185161.015625,1644.3116455078125,592.8878173828125,395.60906982421875,1.5186721086502075,0.7485237121582031,188712.359375,483.5775451660156,0.7848259806632996,0.9786438941955566,0.8684070706367493,0.8078544735908508,0.0032445157412439585,0.0008667059591971338,0.6518540382385254,0.9898990392684937,BOMBAY
146956.15625,1397.41015625,528.8146362304688,348.8097229003906,1.5338640213012695,0.7594021558761597,150349.484375,424.02703857421875,0.79798424243927,0.9915346503257751,0.8801888823509216,0.8045190572738647,0.0036247102543711662,0.0009457503911107779,0.6494123339653015,0.9959729313850403,BOMBAY
179912.234375,1612.3292236328125,611.1195678710938,380.07666015625,1.6231293678283691,0.786492109298706,182761.84375,477.9940185546875,0.6925753951072693,0.9837539792060852,0.8774117231369019,0.779901921749115,0.0033780618105083704,0.0007863646605983377,0.6124704480171204,0.9897209405899048,BOMBAY
169788.34375,1586.465087890625,582.5615234375,376.41351318359375,1.5570166110992432,0.7669922709465027,176340.265625,471.29693603515625,0.7311264872550964,0.9885883927345276,0.8662509918212891,0.8016290664672852,0.0033811540342867374,0.0008546460885554552,0.6425980925559998,0.9965157508850098,BOMBAY
169348.890625,1570.3306884765625,574.2677612304688,382.26019287109375,1.506064534187317,0.7498525381088257,171615.09375,464.73980712890625,0.8025731444358826,0.9894765019416809,0.8775664567947388,0.8100994229316711,0.0033413914497941732,0.0009015637333504856,0.6607292294502258,0.9936416745185852,BOMBAY
89714.5625,1188.3692626953125,453.4329833984375,260.91693115234375,1.5319420099258423,0.7678915858268738,96013.9140625,343.64849853515625,0.7690901756286621,0.9880133867263794,0.8755186200141907,0.802731454372406,0.00496246200054884,0.0009768647141754627,0.6431233882904053,0.9942207336425781,BOMBAY
187150.359375,1643.789306640625,594.5439453125,395.26556396484375,1.5187097787857056,0.7540513873100281,188386.90625,487.9841003417969,0.7797805666923523,0.9895378947257996,0.8742421865463257,0.8089948892593384,0.003252071561291814,0.0008400729275308549,0.6575824022293091,0.992015540599823,BOMBAY
201292.9375,1674.692626953125,623.8838500976562,407.7682189941406,1.5060529708862305,0.7489523887634277,203476.828125,505.33111572265625,0.8232564330101013,0.9898407459259033,0.8914491534233093,0.8115399479866028,0.003136661136522889,0.0008568345801904798,0.659266471862793,0.9928203225135803,BOMBAY
191316.375,1690.7525634765625,664.098876953125,370.152099609375,1.785120964050293,0.8280455470085144,190608.515625,492.469970703125,0.8306677341461182,0.9890928268432617,0.8521679043769836,0.7484363317489624,0.003457897575572133,0.0006382431602105498,0.5509939789772034,0.9907997846603394,BOMBAY
165321.9375,1571.5792236328125,571.6276245117188,375.12274169921875,1.5336445569992065,0.7577314376831055,168078.9375,460.92236328125,0.733116626739502,0.9884009957313538,0.851010262966156,0.8042734861373901,0.0034522302448749542,0.0008907943265512586,0.6484832763671875,0.9915742874145508,BOMBAY
187985.4375,1684.5810546875,662.0479736328125,370.8708190917969,1.7613301277160645,0.8193790912628174,193678.359375,493.64276123046875,0.7267454266548157,0.9816982746124268,0.8312274813652039,0.7488225102424622,0.003428083611652255,0.0006624503876082599,0.5602344870567322,0.9843761920928955,BOMBAY
166964.421875,1538.9339599609375,551.4798583984375,386.07720947265625,1.4262858629226685,0.7132757306098938,167365.609375,464.17083740234375,0.8053379654884338,0.990182101726532,0.8839734196662903,0.8359729051589966,0.0033203070051968098,0.0009892805246636271,0.6953145265579224,0.995578944683075,BOMBAY
152018.765625,1521.8236083984375,581.6060791015625,274.533447265625,1.6943721771240234,0.8060800433158875,158761.375,439.12066650390625,0.747833251953125,0.9854989051818848,0.8389682769775391,0.7608227133750916,0.0037359404377639294,0.0007914173766039312,0.5765683650970459,0.98689866065979,BOMBAY
158590.65625,1516.569091796875,559.1270141601562,368.7997131347656,1.4842275381088257,0.742222249507904,163839.25,456.2605285644531,0.7276137471199036,0.9862573146820068,0.8804087042808533,0.8168424963951111,0.0034586326219141483,0.0009418312693014741,0.6633620858192444,0.9928504824638367,BOMBAY
178853.6875,1595.5411376953125,583.4782104492188,391.08154296875,1.5080429315567017,0.7516815066337585,182403.421875,479.2453918457031,0.7436894774436951,0.9891282320022583,0.8620358109474182,0.8115591406822205,0.003278362797573209,0.0008743639336898923,0.6589685082435608,0.993743896484375,BOMBAY
207210.0625,1740.6170654296875,686.1245727539062,392.6233215332031,1.736499547958374,0.8226224780082703,211127.421875,511.94293212890625,0.8554620146751404,0.9877637624740601,0.8600829839706421,0.7552137970924377,0.0033011382911354303,0.0006345247966237366,0.5784581303596497,0.989116907119751,BOMBAY
173735.796875,1593.2520751953125,581.839111328125,383.8070373535156,1.5246930122375488,0.7554910778999329,176740.046875,469.1316223144531,0.7757065296173096,0.9899993538856506,0.865155041217804,0.8065436482429504,0.003330955049023032,0.0008750003180466592,0.6546222567558289,0.9941098690032959,BOMBAY
207356.1875,1721.18359375,633.1681518554688,432.4057922363281,1.5371392965316772,0.7582002878189087,209215.171875,513.5554809570312,0.7807775139808655,0.9861067533493042,0.8812792897224426,0.8036444783210754,0.00298606650903821,0.0008183581521734595,0.6502919793128967,0.9920674562454224,BOMBAY
201486.75,1695.4464111328125,645.4566040039062,402.47003173828125,1.5915582180023193,0.7746173143386841,204794.671875,502.83990478515625,0.8193607330322266,0.9876402020454407,0.8746598362922668,0.7918499708175659,0.003202743362635374,0.0007708061602897942,0.6247900724411011,0.9900587797164917,BOMBAY
116469.5,1446.1485595703125,515.4588623046875,368.21636962890625,1.4237945079803467,0.7148648500442505,149353.375,432.4007873535156,0.7269905805587769,0.9812805652618408,0.864092230796814,0.8289719820022583,0.0035766903311014175,0.001076236949302256,0.6797736287117004,0.9950429201126099,BOMBAY
248890.8125,1961.0623779296875,735.9354248046875,444.2109680175781,1.7034989595413208,0.8033396005630493,256141.234375,566.7901000976562,0.7688100934028625,0.9872103333473206,0.8694534301757812,0.7619988918304443,0.002871933626011014,0.0005866047577001154,0.5711987018585205,0.9948157668113708,BOMBAY
164572.21875,1550.22900390625,573.1901245117188,369.90740966796875,1.5539939403533936,0.7680462002754211,162785.59375,455.2548828125,0.8049026727676392,0.9825167655944824,0.8672303557395935,0.7995989322662354,0.003488747403025627,0.0008730043773539364,0.6362138986587524,0.9890267848968506,BOMBAY
160136.65625,1523.248291015625,584.5383911132812,353.9068908691406,1.6028050184249878,0.7811552286148071,164269.84375,447.9599914550781,0.8144010901451111,0.9893379807472229,0.8752862215042114,0.7907530069351196,0.003541448386386037,0.0008557451656088233,0.6206586956977844,0.9935085773468018,BOMBAY
160778.796875,1545.3447265625,577.0477294921875,354.5049743652344,1.6150791645050049,0.7853174805641174,162165.65625,451.9892578125,0.797967255115509,0.9875288009643555,0.8415929675102234,0.784516453742981,0.0036434889771044254,0.0008566252654418349,0.6160154938697815,0.994467556476593,BOMBAY
182106.609375,1634.9501953125,602.595458984375,389.33673095703125,1.5578974485397339,0.7655920386314392,184894.765625,482.43072509765625,0.7972246408462524,0.9906615614891052,0.8733119368553162,0.7987686991691589,0.003298243973404169,0.000816906918771565,0.6353266835212708,0.9916743636131287,BOMBAY
228992.234375,1921.995849609375,726.4209594726562,402.60894775390625,1.8714321851730347,0.8279974460601807,241625.90625,555.621337890625,0.7595312595367432,0.9822567701339722,0.8093246817588806,0.7406331300735474,0.003163000103086233,0.0005878202500753105,0.5538328886032104,0.9909774661064148,BOMBAY
144655.625,1488.201904296875,561.16845703125,348.8646545410156,1.6119846105575562,0.7848834991455078,156119.890625,437.8143615722656,0.7271414399147034,0.9851921796798706,0.8614927530288696,0.7824903130531311,0.00370264844968915,0.0008707460947334766,0.6103924512863159,0.9934031367301941,BOMBAY
173869.5625,1595.7265625,603.1475219726562,370.3738098144531,1.6311057806015015,0.7902348041534424,173849.328125,472.4569396972656,0.7273770570755005,0.989479124546051,0.8647755980491638,0.7803675532341003,0.0034685474820435047,0.0007839050376787782,0.606455385684967,0.9944562315940857,BOMBAY
229930.125,1875.666748046875,710.7061157226562,411.3891906738281,1.6716426610946655,0.8003860712051392,227728.140625,541.0433349609375,0.7827064990997314,0.98824542760849,0.868303656578064,0.7630905508995056,0.003076615510508418,0.0006156984018161893,0.5735227465629578,0.9932886958122253,BOMBAY
174299.484375,1599.7196044921875,624.595947265625,360.15594482421875,1.7116951942443848,0.8167351484298706,177638.015625,469.0179748535156,0.7663994431495667,0.9806952476501465,0.8467945456504822,0.757724404335022,0.003589479485526681,0.000739823910407722,0.5777170658111572,0.9907351732254028,BOMBAY
200014.9375,1771.35009765625,695.3570556640625,366.8522033691406,1.9304571151733398,0.857033908367157,202283.046875,497.4924011230469,0.7242169380187988,0.9835727214813232,0.7972182035446167,0.7052585482597351,0.003555355127900839,0.0005834983894601464,0.5066625475883484,0.9893912672996521,BOMBAY
125761.328125,1421.5888671875,522.9679565429688,323.1876220703125,1.568293809890747,0.7694523930549622,118037.75,392.43109130859375,0.7857779860496521,0.986369788646698,0.8623847961425781,0.7953805923461914,0.004641099367290735,0.0009208128903992474,0.631634533405304,0.9898865818977356,BOMBAY
167935.359375,1561.3646240234375,585.4163208007812,371.18621826171875,1.5787538290023804,0.7743114829063416,171628.640625,464.3564453125,0.8008827567100525,0.9908618927001953,0.8706663846969604,0.7923031449317932,0.0034656180068850517,0.0008564936579205096,0.6300573945045471,0.9929807186126709,BOMBAY
220152.171875,1828.13232421875,702.5359497070312,395.9615173339844,1.7718244791030884,0.8196488618850708,214389.765625,536.1557006835938,0.8243442177772522,0.986301064491272,0.8318803310394287,0.7497708797454834,0.0032163613941520452,0.0006027704803273082,0.5677646398544312,0.9899559617042542,BOMBAY
161651.75,1537.0279541015625,557.1101684570312,370.57159423828125,1.5347036123275757,0.7593914270401001,163120.78125,455.60211181640625,0.7139842510223389,0.9833629727363586,0.8824703097343445,0.8053696155548096,0.0034690520260483027,0.0009092817781493068,0.6475203633308411,0.992752194404602,BOMBAY
184189.203125,1675.75732421875,661.7330932617188,361.6869201660156,1.883007287979126,0.8421465158462524,190647.03125,484.8326721191406,0.7872979044914246,0.9789480566978455,0.811170756816864,0.7171435356140137,0.0035319176968187094,0.0006228664424270391,0.5294808149337769,0.986457109451294,BOMBAY
207142.640625,1741.6002197265625,667.7581787109375,396.85272216796875,1.6818956136703491,0.8049460649490356,210749.15625,512.3011474609375,0.7994649410247803,0.9820141196250916,0.8433534502983093,0.7687310576438904,0.0032330802641808987,0.0007019884651526809,0.5871595740318298,0.9894609451293945,BOMBAY
182509.203125,1643.6094970703125,612.6846313476562,384.96746826171875,1.5984771251678467,0.7860363721847534,185672.0,480.8934631347656,0.818072497844696,0.9894173741340637,0.8532513380050659,0.7880536317825317,0.003345560049638152,0.0007845203508622944,0.6200714111328125,0.9956855177879333,BOMBAY
194163.234375,1701.6204833984375,674.026611328125,371.937744140625,1.7646795511245728,0.825677752494812,197710.921875,498.0397644042969,0.7789359092712402,0.9862725734710693,0.8415598273277283,0.7422726154327393,0.003445996670052409,0.0006182200158946216,0.549798846244812,0.989592432975769,BOMBAY
202733.03125,1717.239501953125,638.6490478515625,404.1262512207031,1.6017367839813232,0.7783263325691223,203212.515625,507.693359375,0.7935781478881836,0.9902375936508179,0.8398852944374084,0.7900176048278809,0.003187754889950156,0.000751042680349201,0.6210994124412537,0.9910643100738525,BOMBAY
152273.0625,1491.4462890625,528.3073120117188,356.4594421386719,1.5302720069885254,0.7545564770698547,151019.25,443.17132568359375,0.7511695623397827,0.9855669140815735,0.8581117391586304,0.804835855960846,0.003642886411398649,0.0009306974243372679,0.647620677947998,0.986414909362793,BOMBAY
202954.875,1686.3455810546875,626.892822265625,401.0157165527344,1.5562279224395752,0.7682966589927673,203454.375,501.88671875,0.8493081331253052,0.992321252822876,0.8907975554466248,0.7952430844306946,0.00316021591424942,0.0007732069352641702,0.6311836838722229,0.9938282370567322,BOMBAY
213536.90625,1827.310546875,692.60498046875,395.598388671875,1.7237212657928467,0.8151718974113464,211218.765625,528.8279418945312,0.8142242431640625,0.9829304814338684,0.8068699240684509,0.753863513469696,0.003256917232647538,0.0006451238878071308,0.5725574493408203,0.9792196154594421,BOMBAY
193825.0625,1645.562255859375,602.8155517578125,408.6937255859375,1.478893756866455,0.7365414500236511,196711.1875,494.9241027832031,0.7994526624679565,0.991432249546051,0.8974360227584839,0.8213373422622681,0.0031062238849699497,0.0008897710358723998,0.6742702126502991,0.9976711273193359,BOMBAY
204964.1875,1715.119140625,647.4771728515625,404.5703430175781,1.619379997253418,0.7859121561050415,206805.484375,505.7828369140625,0.7758034467697144,0.9789057970046997,0.8618921041488647,0.781059205532074,0.0031612387392669916,0.0007275597890838981,0.6110702157020569,0.9885551333427429,BOMBAY
171341.53125,1573.936279296875,587.5654296875,371.3637390136719,1.5877569913864136,0.7765424251556396,174623.375,473.07354736328125,0.8000357747077942,0.990440845489502,0.8770826458930969,0.7917091846466064,0.003439580788835883,0.0008360213250853121,0.6262350082397461,0.9940264225006104,BOMBAY
165874.390625,1564.5709228515625,585.5032348632812,359.79522705078125,1.6306710243225098,0.7907863855361938,170069.09375,461.6727294921875,0.797272801399231,0.9880442023277283,0.8673223853111267,0.7792574167251587,0.0035582291893661022,0.0008316078456118703,0.6057422757148743,0.9926047921180725,BOMBAY
177895.609375,1609.083740234375,613.9021606445312,373.23828125,1.6487464904785156,0.796492874622345,179725.09375,474.2309265136719,0.7676485776901245,0.9866257309913635,0.8625199198722839,0.7755777835845947,0.0034206765703856945,0.0007713588420301676,0.5991602540016174,0.9932454228401184,BOMBAY
157219.453125,1516.5771484375,558.1800537109375,361.6550598144531,1.5501266717910767,0.7661136984825134,161801.515625,446.9246826171875,0.7756239771842957,0.9854802489280701,0.8671435713768005,0.7987391352653503,0.0035301554016768932,0.0009183961083181202,0.6372148990631104,0.9924924969673157,BOMBAY
202973.03125,1739.757568359375,674.5830078125,385.4844665527344,1.7643722295761108,0.8172730803489685,204236.578125,506.41754150390625,0.759321391582489,0.9895613193511963,0.85426926612854,0.7570939064025879,0.0033252497669309378,0.0006164569058455527,0.5666133165359497,0.9925702214241028,BOMBAY
172629.359375,1560.7479248046875,551.7626953125,386.4577941894531,1.4738743305206299,0.7366594672203064,173134.515625,465.96636962890625,0.739097535610199,0.9823533296585083,0.8843933939933777,0.8220129013061523,0.00331060029566288,0.0009433103259652853,0.6705995798110962,0.9917513132095337,BOMBAY
225192.109375,1840.8360595703125,677.9338989257812,436.54095458984375,1.6110478639602661,0.7733333110809326,232061.78125,541.8760986328125,0.7233768701553345,0.9849219918251038,0.8387690186500549,0.7904031276702881,0.0029343431815505028,0.0007217359961941838,0.6245949864387512,0.9921900033950806,BOMBAY
165396.609375,1566.12939453125,584.431396484375,369.3022766113281,1.5908461809158325,0.77804034948349,168567.9375,462.426513671875,0.7912596464157104,0.9907928705215454,0.8759483695030212,0.7903625965118408,0.003479414153844118,0.0008512895437888801,0.6235346794128418,0.9972773194313049,BOMBAY
166643.0,1562.012939453125,579.1097412109375,374.61846923828125,1.5579442977905273,0.7666122317314148,172868.3125,466.32708740234375,0.7192127704620361,0.9886125922203064,0.8773288130760193,0.8006736040115356,0.0034227222204208374,0.0008863669936545193,0.6394017934799194,0.9951366186141968,BOMBAY
154714.75,1355.8028564453125,524.84423828125,375.0208435058594,1.2837508916854858,0.6302667260169983,163242.25,452.4889221191406,0.794277012348175,0.9896939992904663,0.9058538675308228,0.8709352016448975,0.0033878469839692116,0.001241696416400373,0.7701919674873352,0.9931616187095642,BOMBAY
215521.78125,1775.31982421875,664.4788818359375,407.73651123046875,1.6187952756881714,0.7936779260635376,213096.40625,515.74658203125,0.793273389339447,0.9871711134910583,0.8433435559272766,0.7768478393554688,0.0031395950354635715,0.0007277405820786953,0.6098074316978455,0.9940474033355713,BOMBAY
204942.5625,1740.0977783203125,672.8277587890625,394.0635986328125,1.7301338911056519,0.8146222233772278,208423.640625,507.5416564941406,0.8092043995857239,0.9889565110206604,0.837498664855957,0.7574090361595154,0.003280384000390768,0.0006375403609126806,0.5761407017707825,0.9903972744941711,BOMBAY
172500.15625,1590.8868408203125,605.4251098632812,364.9062194824219,1.6843836307525635,0.8094130158424377,174948.609375,472.7019348144531,0.8177705407142639,0.9879568219184875,0.8550145030021667,0.7651084661483765,0.003472039708867669,0.0007447805837728083,0.592863917350769,0.9948396682739258,BOMBAY
172633.75,1598.8692626953125,582.4512329101562,380.5372314453125,1.5453616380691528,0.7638282775878906,178922.953125,468.6105041503906,0.795220136642456,0.9888089895248413,0.8535463213920593,0.8012421131134033,0.0033574197441339493,0.0008624413167126477,0.6420879364013672,0.9942145347595215,BOMBAY
