fixed_acidity,volatile_acidity,citric_acid,residual_sugar,chlorides,free_sulfur_dioxide,total_sulfur_dioxide,density,pH,sulphates,alcohol,quality
6.5,0.3499999940395355,0.40373900532722473,10.757579803466797,0.06847327947616577,56.803672790527344,181.1437530517578,0.9962000250816345,3.3125243186950684,0.7426934242248535,10.399999618530273,m34
7.861355304718018,0.25460001826286316,0.472872257232666,2.34696888923645,0.04699999839067459,38.18645095825195,160.6741180419922,0.9939737915992737,3.130000114440918,0.6100000143051147,10.25742244720459,m34
6.599999904632568,0.33000001311302185,0.10860764980316162,1.481786847114563,0.05299999937415123,238.0493621826172,193.7978973388672,0.9927027821540833,3.402043342590332,0.550000011920929,10.353964805603027,m34
6.400000095367432,0.674363374710083,0.0,1.7999999523162842,0.09485971182584763,2.5390591621398926,13.367069244384766,0.9940230846405029,3.4000000953674316,0.557295024394989,11.6281156539917,m34
6.194427967071533,0.7658208012580872,0.0,1.1897350549697876,0.012325216084718704,12.749276161193848,41.09762191772461,0.9898561835289001,3.1700000762939453,0.3700000047683716,12.445317268371582,m34
6.5,0.33000001311302185,0.27000001072883606,2.5,0.02800000086426735,30.0,77.21781921386719,0.9898813366889954,2.9918808937072754,0.4699999988079071,12.315650939941406,m34
6.400000095367432,0.3199999928474426,0.18803562223911285,1.2000000476837158,0.04696730896830559,216.31724548339844,190.7759552001953,0.9917883276939392,3.25,0.46000000834465027,10.5,m34
8.300000190734863,0.4565742015838623,0.7107336521148682,8.069549560546875,0.03999999910593033,51.0,146.6050262451172,0.996887743473053,3.0299999713897705,0.4099999964237213,8.800000190734863,m34
7.400000095367432,0.8317915797233582,0.0,1.899999976158142,0.08744319528341293,14.0,29.446958541870117,0.996597409248352,3.468566656112671,0.6494283676147461,9.600000381469727,m34
7.300000190734863,0.6652079820632935,0.08908575773239136,1.7539583444595337,0.08708609640598297,17.0,80.7325439453125,0.9944000840187073,3.309999942779541,0.5315985083580017,10.5,m34
8.22097396850586,0.23999999463558197,0.49000000953674316,2.0,0.04899999871850014,12.0,128.0,0.9954423904418945,3.4000000953674316,0.5299999713897705,10.058835983276367,m34
6.099999904632568,0.5944423079490662,0.1899999976158142,1.5,0.04500000178813934,16.0,67.05119323730469,0.992599368095398,3.140373706817627,0.38999998569488525,9.265769958496094,m34
9.930122375488281,0.44604477286338806,0.3956356346607208,7.842082500457764,0.04800000041723251,21.0,157.09585571289062,0.9966626167297363,3.119999885559082,0.5199999809265137,10.229517936706543,m34
6.400000095367432,0.18457597494125366,0.3100000023841858,7.346220970153809,0.0430000014603138,37.0,109.90345001220703,0.991112232208252,2.99765944480896,0.3799999952316284,12.264775276184082,m34
8.738544464111328,0.6053688526153564,0.49000000953674316,12.867585182189941,0.07800000160932541,62.86125183105469,202.99502563476562,0.9990131258964539,3.0399999618530273,0.49000000953674316,8.828084945678711,m34
6.699999809265137,0.4300000071525574,0.49000000953674316,9.740135192871094,0.05299999937415123,38.37660217285156,196.52183532714844,0.9958963394165039,3.119999885559082,0.5450095534324646,9.0,m34
6.199999809265137,0.6211628317832947,0.07762803137302399,7.833871364593506,0.05299999937415123,29.003995895385742,195.3724365234375,0.9964061975479126,3.4675137996673584,0.5299999713897705,9.800000190734863,m34
8.466938972473145,0.7861685156822205,0.0,1.0,0.08176833391189575,7.0,14.320718765258789,0.9942045211791992,3.0399999618530273,0.4699999988079071,10.0,m34
8.194289207458496,0.15708422660827637,0.5399028062820435,2.0999999046325684,0.04399999976158142,9.317840576171875,97.13580322265625,0.9942982196807861,2.9294464588165283,0.5799999833106995,10.0,m34
5.954328536987305,0.4865526556968689,0.23999999463558197,1.2000000476837158,0.05299999937415123,25.0,163.06129455566406,0.9922393560409546,3.409630298614502,0.4399999976158142,10.463337898254395,m34
7.300000190734863,0.18000000715255737,0.362824022769928,7.632965087890625,0.0430000014603138,17.0,128.41514587402344,0.9930938482284546,3.059999942779541,0.3799999952316284,11.12434196472168,m34
7.699999809265137,0.25999999046325684,0.4460921287536621,1.0,0.04600000008940697,25.0,160.96714782714844,0.9921979308128357,2.990000009536743,0.33000001311302185,10.157024383544922,m34
7.400000095367432,0.3199999928474426,0.3799999952316284,10.797897338867188,0.04399999976158142,26.0,138.6662139892578,0.9955000281333923,3.1501314640045166,0.5,10.600000381469727,m34
6.5,0.3494652211666107,0.49000000953674316,1.0615876913070679,0.041999999433755875,6.0,118.5868148803711,0.9910575747489929,3.2200000286102295,0.40612730383872986,11.0,m34
8.94509220123291,0.693026602268219,0.17075061798095703,2.0,0.08599147945642471,10.0,37.04477310180664,0.9964414238929749,3.2799999713897705,0.5523084998130798,9.899999618530273,m34
7.300000190734863,0.20516900718212128,0.3199999928474426,1.2000000476837158,0.03700000047683716,15.0,56.775245666503906,0.9895201325416565,2.985316514968872,0.42032408714294434,12.399999618530273,m34
7.199999809265137,0.25999999046325684,0.5382101535797119,6.927255153656006,0.07272298634052277,29.0,144.6304473876953,0.9948074817657471,3.109999895095825,0.6600000262260437,10.622176170349121,m34
6.599999904632568,0.17135873436927795,0.38639649748802185,1.365744948387146,0.050999999046325684,10.0,106.55484771728516,0.9905989766120911,3.032264471054077,0.5,12.100000381469727,m34
6.642986297607422,0.3799999952316284,0.36000001430511475,5.778393745422363,0.06525196880102158,51.85129928588867,208.67514038085938,0.9960020780563354,3.4488697052001953,0.5899999737739563,8.899999618530273,m34
7.5,0.3199999928474426,0.36000001430511475,0.7785757780075073,0.029999999329447746,11.989644050598145,35.29716110229492,0.9914434552192688,3.0799999237060547,0.3400000035762787,9.899999618530273,m34
9.280029296875,0.8513209819793701,0.01118412334471941,2.234412431716919,0.08873853087425232,9.0,17.937667846679688,0.9964566230773926,3.200000047683716,0.5,10.300000190734863,m34
7.199999809265137,0.20999999344348907,0.49000000953674316,13.136758804321289,0.050999999046325684,38.0,117.7172622680664,0.9957154989242554,2.990000009536743,0.3400000035762787,11.699999809265137,m34
6.5,0.25999999046325684,0.28999999165534973,1.2999999523162842,0.0584370493888855,42.0,203.927734375,0.9928140044212341,3.2113101482391357,0.47999998927116394,10.04664134979248,m34
7.099999904632568,0.5835100412368774,0.050034914165735245,10.543375015258789,0.07800000160932541,9.0,43.01868438720703,0.9951202273368835,3.0,0.33000001311302185,10.283268928527832,m34
5.852787971496582,0.6404441595077515,0.0,1.400653600692749,0.0708841010928154,19.734920501708984,81.35621643066406,0.9927191734313965,3.359999895095825,0.5,9.699999809265137,m34
7.400000095367432,0.25,0.27000001072883606,1.100000023841858,0.03799999877810478,14.007527351379395,76.3390884399414,0.9909518361091614,3.100675106048584,0.4449906051158905,11.28204345703125,m34
6.599999904632568,0.37849190831184387,0.25,1.600000023841858,0.0372004471719265,6.116563320159912,46.7989387512207,0.9902657270431519,3.2163848876953125,0.49000000953674316,12.399999618530273,m34
6.300000190734863,0.3350333869457245,0.636290431022644,8.87861442565918,0.04500000178813934,46.84183883666992,156.43923950195312,0.9952159523963928,3.0644376277923584,0.3700000047683716,8.722860336303711,m34
6.505207061767578,0.38999998569488525,0.33000001311302185,8.870573997497559,0.05400000140070915,30.0,196.3430633544922,0.9962000250816345,3.299999952316284,0.44999998807907104,9.5,m34
7.199999809265137,0.23999999463558197,0.2800000011920929,7.343705654144287,0.05000000074505806,52.70714569091797,209.49171447753906,0.9939800500869751,3.2200000286102295,0.46000000834465027,11.048033714294434,m34
6.800000190734863,0.2800000011920929,0.335753470659256,6.262322425842285,0.07363484799861908,46.885372161865234,202.85826110839844,0.9956410527229309,3.3399999141693115,0.5600000023841858,10.089238166809082,m34
7.199999809265137,0.7023099660873413,0.0,1.899999976158142,0.08624392747879028,12.0,17.052997589111328,0.9948133826255798,3.3935904502868652,0.5599057078361511,11.0,m34
7.300000190734863,0.5965112447738647,0.2199999988079071,1.7000000476837158,0.0560000017285347,3.8592584133148193,10.732427597045898,0.9962220788002014,3.372103691101074,0.6399999856948853,9.5,m34
6.689319610595703,0.695762574672699,0.0,1.4464364051818848,0.06255102902650833,6.0,14.455476760864258,0.9934797883033752,3.390000104904175,0.5281515717506409,10.800000190734863,m34
7.0,0.44984275102615356,0.49000000953674316,7.136695861816406,0.03799999877810478,29.43218231201172,150.71694946289062,0.9939090013504028,3.035663366317749,0.46000000834465027,10.300000190734863,m34
8.357015609741211,0.3960307538509369,0.47801291942596436,1.600000023841858,0.05000000074505806,12.0,128.45960998535156,0.9950613379478455,3.190000057220459,0.43308213353157043,9.199999809265137,m34
10.29330825805664,0.30000001192092896,0.3700000047683716,1.1204338073730469,0.04800000041723251,31.99972152709961,120.0,0.993119478225708,2.984278917312622,0.38999998569488525,9.564230918884277,m34
6.199999809265137,0.47652333974838257,0.20807093381881714,2.755557060241699,0.058227308094501495,22.39042091369629,181.88076782226562,0.9937533736228943,3.2300000190734863,0.6401188373565674,10.800000190734863,m34
8.326421737670898,0.28999999165534973,0.1894691437482834,1.2323580980300903,0.05400000140070915,4.411828994750977,108.6248779296875,0.9927796721458435,3.0161736011505127,0.4099999964237213,9.300000190734863,m34
7.199999809265137,0.25,0.2800000011920929,1.2000000476837158,0.0430000014603138,25.0,134.6846923828125,0.9907870292663574,3.0735061168670654,0.4300000071525574,11.681042671203613,m34
6.400000095367432,0.25,0.3199999928474426,6.541434288024902,0.02800000086426735,11.576942443847656,60.33484649658203,0.9915923476219177,3.369999885559082,0.47999998927116394,12.613855361938477,m34
6.699999809265137,0.5919709205627441,0.006976873613893986,1.899999976158142,0.07364965230226517,6.863912105560303,31.346826553344727,0.9930830597877502,3.1289987564086914,0.3807249665260315,9.300000190734863,m34
6.5,0.2800000011920929,0.25850147008895874,1.899999976158142,0.05000000074505806,29.0,184.20655822753906,0.9950963258743286,3.507962465286255,0.5600000023841858,9.5,m34
6.900000095367432,0.1899999976158142,0.2800000011920929,2.057506561279297,0.029999999329447746,53.3912467956543,193.29603576660156,0.9917986392974854,3.1500000953674316,0.6000000238418579,11.300000190734863,m34
6.8778204917907715,0.6044644713401794,0.4399999976158142,13.297621726989746,0.07962530106306076,56.19388198852539,201.15267944335938,0.9986000061035156,3.096604347229004,0.5099999904632568,9.30854606628418,m34
7.6675496101379395,0.6622812151908875,0.0802173763513565,2.0,0.088551826775074,14.776764869689941,46.53894805908203,0.9960972666740417,3.4064154624938965,0.5400000214576721,9.699999809265137,m34
6.599999904632568,0.2800000011920929,0.18662002682685852,1.4591379165649414,0.04500000178813934,53.308040618896484,202.59228515625,0.992708683013916,3.180000066757202,0.5099999904632568,10.399999618530273,m34
8.679675102233887,0.6516242027282715,0.7341718077659607,2.5999999046325684,0.6097972989082336,44.0,42.33013916015625,0.9974686503410339,2.9001564979553223,1.3016977310180664,9.273176193237305,m34
6.300000190734863,0.5924162864685059,0.0,1.149241328239441,0.04399999976158142,51.0,145.52891540527344,0.991999089717865,3.2547085285186768,0.4300000071525574,10.399999618530273,m34
6.199999809265137,0.27000001072883606,0.36278510093688965,1.1549160480499268,0.03799999877810478,14.0,68.17729949951172,0.9895148277282715,3.049999952316284,0.3499999940395355,12.300000190734863,m34
6.699999809265137,0.38999998569488525,0.49000000953674316,5.613427639007568,0.07190471887588501,39.0,213.44998168945312,0.9955899715423584,3.223834753036499,0.49000000953674316,9.5,m34
6.900000095367432,0.28999999165534973,0.27000001072883606,2.5999999046325684,0.03799999877810478,19.0,148.1822052001953,0.9919737577438354,3.468116283416748,0.5600000023841858,11.564406394958496,m34
7.2751336097717285,0.27000001072883606,0.24758343398571014,12.98357105255127,0.0640903115272522,38.0,178.0272979736328,0.9975979328155518,3.180000066757202,0.4399999976158142,9.0,m34
6.800000190734863,0.20999999344348907,0.19669556617736816,1.600000023841858,0.041999999433755875,19.0,96.6331558227539,0.9931227564811707,3.2439746856689453,0.41999998688697815,9.100000381469727,m34
8.013632774353027,0.23999999463558197,0.3499999940395355,10.776690483093262,0.05820291489362717,52.50017547607422,189.3904266357422,0.997408390045166,3.200000047683716,0.47999998927116394,9.699999809265137,m34
8.489998817443848,0.8142130374908447,0.00928102433681488,1.7000000476837158,0.07876268029212952,5.0,12.52048397064209,0.9963973760604858,3.259999990463257,0.5255860686302185,9.0,m34
7.199999809265137,0.7401872873306274,0.12244043499231339,4.980044364929199,0.08399999886751175,11.627466201782227,22.042827606201172,0.9947828650474548,3.224074125289917,0.3799999952316284,9.399999618530273,m34
8.261848449707031,0.4399999976158142,0.5833604335784912,8.30370044708252,0.05000000074505806,41.0,164.8536834716797,0.9964231252670288,3.049999952316284,0.38999998569488525,9.167821884155273,m34
6.099999904632568,0.6536045670509338,0.0,1.0,0.03799999877810478,27.329147338867188,145.3201904296875,0.9927008152008057,3.3399999141693115,0.39703479409217834,9.399999618530273,m34
6.6479339599609375,0.3100000023841858,0.3100000023841858,1.7780288457870483,0.03400000184774399,14.0,106.01790618896484,0.9896378517150879,3.069999933242798,0.3400000035762787,12.746330261230469,m34
7.0,0.27000001072883606,0.27000001072883606,3.1176931858062744,0.07171105593442917,23.0,100.47577667236328,0.9921477437019348,3.1426000595092773,0.5199999809265137,11.0,m34
6.276014804840088,0.5641031861305237,0.27000001072883606,1.7999999523162842,0.050999999046325684,3.5300097465515137,28.002389907836914,0.9909408688545227,3.1600000858306885,0.4665287733078003,12.225268363952637,m34
7.699999809265137,0.4300000071525574,0.3199999928474426,9.716442108154297,0.06466053426265717,23.292116165161133,201.51171875,0.997351348400116,3.180000066757202,0.5299999713897705,9.5,m34
7.300000190734863,0.6358463764190674,0.16915175318717957,2.9913430213928223,0.16032247245311737,10.0,70.93296813964844,0.9972524642944336,3.369999885559082,0.6000000238418579,9.5,m34
7.481241226196289,0.476939857006073,0.550839900970459,2.0901970863342285,0.08110132813453674,34.0,180.49517822265625,0.9957807064056396,3.1705780029296875,0.6000000238418579,8.800000190734863,m34
6.749625205993652,0.25999999046325684,0.2800000011920929,8.391282081604004,0.06888177990913391,50.737613677978516,221.1920623779297,0.9960081577301025,3.2200000286102295,0.5299999713897705,9.21867561340332,m34
6.55717658996582,0.7165432572364807,0.0,1.5,0.04100000113248825,9.0,20.791732788085938,0.9919806122779846,3.2823476791381836,0.41999998688697815,10.699999809265137,m34
6.0,0.4073328375816345,0.3199999928474426,6.69076681137085,0.04699999839067459,16.0,100.41520690917969,0.9930049777030945,3.200000047683716,0.44665050506591797,10.862998008728027,m34
10.133930206298828,0.6457750201225281,0.5285181999206543,2.0999999046325684,0.09458606690168381,4.1550445556640625,31.243988037109375,0.9980027079582214,3.130000114440918,0.8479716181755066,10.23366928100586,m34
7.199999809265137,0.30000001192092896,0.28999999165534973,8.515267372131348,0.04899999871850014,64.59517669677734,204.0939483642578,0.995608925819397,3.140000104904175,0.49050793051719666,9.5,m34
5.666845321655273,0.49384015798568726,0.1500389575958252,2.9000000953674316,0.039000000804662704,20.0,91.3035659790039,0.9931719303131104,3.414363145828247,0.5309271216392517,9.800000190734863,m34
6.800000190734863,0.33000001311302185,0.1899999976158142,3.9963557720184326,0.053081102669239044,27.97759246826172,183.99868774414062,0.9939161539077759,3.1600000858306885,0.5400000214576721,9.100000381469727,m34
6.900000095367432,0.23000000417232513,0.28999999165534973,11.048382759094238,0.06046328321099281,51.0,205.62518310546875,0.9963899850845337,3.0399999618530273,0.49000000953674316,9.199999809265137,m34
6.0,0.5390588045120239,0.15262074768543243,1.100000023841858,0.03700000047683716,21.0,71.95166015625,0.9928586483001709,3.299999952316284,0.43203845620155334,8.800000190734863,m34
7.0,0.25999999046325684,0.28999999165534973,1.600000023841858,0.04600000008940697,20.0,112.4629135131836,0.9929412007331848,3.381603479385376,0.46000000834465027,9.90453815460205,m34
7.734457969665527,0.6483233571052551,0.012960102409124374,1.5,0.07353197038173676,38.858463287353516,146.6830291748047,0.9944316744804382,3.2200000286102295,0.49000000953674316,9.399999618530273,m34
5.900000095367432,0.3012821674346924,0.12004537135362625,1.2999999523162842,0.03999999910593033,7.460104465484619,77.11717224121094,0.9910362362861633,3.3297319412231445,0.3569493293762207,11.199999809265137,m34
6.400000095367432,0.30000001192092896,0.214758038520813,1.2689828872680664,0.07646258920431137,23.0,109.1671142578125,0.9931760430335999,3.4000000953674316,0.5099999904632568,9.39078426361084,m34
8.300000190734863,0.24408955872058868,0.36000001430511475,1.5,0.05400000140070915,37.0,87.23815155029297,0.99400395154953,3.2300000190734863,0.7376811504364014,9.786759376525879,m34
7.5,0.2800000011920929,0.3199999928474426,6.281909465789795,0.04899999871850014,28.0,136.8057098388672,0.9930539131164551,3.0657975673675537,0.550000011920929,11.399999618530273,m34
6.800000190734863,0.23999999463558197,0.30000001192092896,2.1807291507720947,0.0352192185819149,265.94586181640625,213.92245483398438,0.9951069951057434,3.4195826053619385,0.6626450419425964,9.759570121765137,m34
6.599999904632568,0.581648588180542,0.28999999165534973,11.187685012817383,0.08399999886751175,52.92592239379883,211.95448303222656,0.9971827864646912,3.190000057220459,0.49000000953674316,9.100000381469727,m34
6.907467842102051,0.43625661730766296,0.20999999344348907,2.0999999046325684,0.08133237808942795,5.381843566894531,67.7789535522461,0.9926064014434814,3.200000047683716,0.4000000059604645,10.005413055419922,m34
6.400000095367432,0.36000001430511475,0.09803079068660736,7.629981517791748,0.06677161902189255,7.054366588592529,70.64894104003906,0.9936171770095825,3.0299999713897705,0.44999998807907104,9.699999809265137,m34
8.300000190734863,0.8495184779167175,0.0,1.600000023841858,0.0848967656493187,8.0,28.427858352661133,0.9957642555236816,3.2955055236816406,0.5199999809265137,9.5,m34
6.5,0.25999999046325684,0.2239305078983307,2.4726972579956055,0.07176503539085388,68.69989013671875,200.03598022460938,0.9942182302474976,3.4504506587982178,0.6424018740653992,9.899999618530273,m34
8.0,0.707953155040741,0.0,1.7999999523162842,0.18993523716926575,5.400246620178223,24.458553314208984,0.995948314666748,3.390000104904175,0.6865708231925964,10.0,m34
6.596276760101318,0.630893349647522,0.27000001072883606,1.2132294178009033,0.0350651815533638,4.960019588470459,28.194358825683594,0.9903846979141235,3.2300000190734863,0.41999998688697815,12.866401672363281,m34
7.099999904632568,0.28999999165534973,0.5117477178573608,11.308876991271973,0.04897176846861839,22.0,111.0,0.9956884980201721,3.0163114070892334,0.4699999988079071,10.5,m34
5.851081848144531,0.7007001638412476,0.0,1.7000000476837158,0.05700000002980232,15.0,61.05641555786133,0.9929942488670349,3.4659841060638428,0.9154773950576782,11.5,m34
6.699999809265137,0.3381730020046234,0.25999999046325684,4.004550457000732,0.03999999910593033,246.91456604003906,223.18325805664062,0.9923720359802246,3.2699999809265137,0.4668585956096649,10.5,m34
8.732525825500488,0.23999999463558197,0.311274915933609,2.299999952316284,0.04399999976158142,6.0,124.4287338256836,0.993411660194397,3.003612995147705,0.4699999988079071,10.899999618530273,m34
7.099999904632568,0.5193031430244446,0.0980195626616478,7.71894645690918,0.05041550099849701,23.0,147.7023162841797,0.9961218237876892,3.0625295639038086,0.3400000035762787,9.199999809265137,m34
9.387161254882812,0.23000000417232513,0.33000001311302185,9.772087097167969,0.04500000178813934,21.711822509765625,101.2392807006836,0.9957554340362549,2.953537702560425,0.35743606090545654,10.300000190734863,m34
7.0,0.6730445027351379,0.0,1.5597991943359375,0.06891155987977982,10.437079429626465,23.57845687866211,0.9936009049415588,3.390000104904175,0.550000011920929,10.504558563232422,m34
8.300000190734863,0.25,0.3499999940395355,7.989776134490967,0.04899999871850014,27.0,98.30398559570312,0.993648111820221,3.0171217918395996,0.3799999952316284,10.800000190734863,m34
6.099999904632568,0.581051766872406,0.2340453863143921,1.317379117012024,0.0415094830095768,18.0,104.84648895263672,0.9924164414405823,3.4000000953674316,0.4242236316204071,9.800000190734863,m34
6.5,0.6692246198654175,0.2800000011920929,1.899999976158142,0.07032858580350876,8.0,92.37591552734375,0.9929910898208618,3.2300000190734863,0.4446902871131897,10.0,m34
8.399999618530273,0.22400538623332977,0.3435460329055786,1.600000023841858,0.06015642359852791,13.0,115.89335632324219,0.9927464127540588,3.259999990463257,0.5799999833106995,11.100000381469727,m34
8.725778579711914,0.5077219605445862,0.49000000953674316,1.00365149974823,0.04127947613596916,13.0,48.51401138305664,0.9917631149291992,3.006622552871704,0.36000001430511475,11.035776138305664,m34
7.800000190734863,0.5861759781837463,0.4521458148956299,5.631669998168945,0.058554697781801224,22.0,177.99205017089844,0.9955915808677673,3.0799999237060547,0.550000011920929,9.274477005004883,m34
7.199999809265137,0.1599999964237213,0.36000001430511475,2.5999999046325684,0.04600000008940697,34.0,108.5180435180664,0.9924939274787903,3.259999990463257,0.44999998807907104,10.100000381469727,m34
7.300000190734863,0.4099999964237213,0.1899999976158142,6.768040657043457,0.05400000140070915,38.64273452758789,169.04913330078125,0.9949570298194885,3.0999999046325684,0.46000000834465027,10.100000381469727,m34
7.400000095367432,0.6791613698005676,0.0,1.248529076576233,0.08921771496534348,11.309624671936035,23.100847244262695,0.9957993030548096,3.394010066986084,0.6000000238418579,9.800000190734863,m34
5.699999809265137,0.7481749057769775,0.09309176355600357,2.299999952316284,0.1542035937309265,16.0,27.30373191833496,0.9937613010406494,3.5384256839752197,0.6299999952316284,11.199999809265137,m34
6.115720272064209,0.4350084066390991,0.09474223852157593,5.185225963592529,0.043145373463630676,8.257564544677734,106.6815185546875,0.9941414594650269,3.307488441467285,0.4300000071525574,8.899999618530273,m34
8.424637794494629,0.699632465839386,0.23999999463558197,1.7999999523162842,0.08911623060703278,10.0,26.40213394165039,0.9980180859565735,3.190000057220459,0.838910698890686,9.300000190734863,m34
6.400000095367432,0.17000000178813934,0.30000001192092896,1.2322248220443726,0.04541661962866783,24.652950286865234,172.5501708984375,0.9927798509597778,3.2899999618530273,0.41999998688697815,9.600000381469727,m34
7.800000190734863,0.27000001072883606,0.30000001192092896,2.200000047683716,0.03799999877810478,48.825660705566406,193.5945281982422,0.9932184219360352,3.2899999618530273,0.5199999809265137,10.5,m34
6.300000190734863,0.6708526611328125,0.0,1.0,0.03999999910593033,31.839914321899414,135.12240600585938,0.9919710755348206,3.180000066757202,0.4189596474170685,9.899999618530273,m34
7.300000190734863,0.6092076301574707,0.23999999463558197,5.106307029724121,0.03200000151991844,21.0,64.47480010986328,0.9930112957954407,3.069999933242798,0.26173120737075806,9.300000190734863,m34
7.900000095367432,0.796160876750946,0.0,2.3935086727142334,0.077387236058712,38.0,91.86781311035156,0.9956251978874207,3.309999942779541,0.5099999904632568,10.202922821044922,m34
8.300000190734863,0.27000001072883606,0.30000001192092896,2.200000047683716,0.015947071835398674,27.0,34.844947814941406,0.9898808598518372,2.8795278072357178,0.32105377316474915,12.847936630249023,m34
7.599999904632568,0.7600141167640686,0.044475726783275604,1.7705659866333008,0.07710228860378265,3.6260693073272705,13.10413646697998,0.9957780838012695,3.3110270500183105,0.5899999737739563,9.5,m34
6.199999809265137,0.3400000035762787,0.28999999165534973,9.941909790039062,0.046117473393678665,10.842996597290039,45.87718963623047,0.9936133623123169,3.4695324897766113,0.5600000023841858,11.969513893127441,m34
6.800000190734863,0.4863162934780121,0.2734975814819336,3.537201166152954,0.04888307675719261,2.796207904815674,66.19927215576172,0.9937968850135803,3.0999999046325684,0.44999998807907104,9.5,m34
6.800000190734863,0.1599999964237213,0.36000001430511475,1.2000000476837158,0.035999998450279236,13.0,65.0864486694336,0.9916626811027527,3.1055331230163574,0.6880634427070618,10.0,m34
7.400000095367432,0.6719931364059448,0.46000000834465027,15.406566619873047,0.08600685000419617,51.46714782714844,202.80575561523438,0.9986000061035156,3.033163070678711,0.5281727313995361,10.0,m34
6.298841953277588,0.2199999988079071,0.2199999988079071,13.068069458007812,0.05299999937415123,44.0244026184082,145.46331787109375,0.9966974854469299,3.1600000858306885,0.38999998569488525,9.5,m34
8.399999618530273,0.4687822759151459,0.5267478823661804,1.899999976158142,0.06279177218675613,6.290949821472168,193.3566131591797,0.9950559735298157,3.0952608585357666,0.5899999737739563,9.600000381469727,m34
7.0,0.5716190338134766,0.12742239236831665,8.451048851013184,0.06643405556678772,18.0,126.27405548095703,0.9964810609817505,3.3382439613342285,0.3946942985057831,9.399999618530273,m34
6.300000190734863,0.36000001430511475,0.3342101275920868,3.297485113143921,0.059980180114507675,40.23591613769531,128.0,0.9943844676017761,3.4922327995300293,0.6000000238418579,10.0,m34
8.100000381469727,0.5,0.5316401720046997,12.788318634033203,0.05684966221451759,47.16317367553711,191.29100036621094,0.9978878498077393,3.109999895095825,0.5600000023841858,9.5,m34
10.397499084472656,0.575056254863739,0.6643756628036499,3.629321813583374,0.5550988912582397,43.60297775268555,41.77397918701172,1.0009022951126099,2.769829034805298,0.9928172826766968,9.199999809265137,m34
7.0,0.38790297508239746,0.3499999940395355,2.4000000953674316,0.039000000804662704,12.0,66.926513671875,0.9906252026557922,3.143956184387207,0.5199999809265137,12.600000381469727,m34
7.199999809265137,0.5840667486190796,0.10911042988300323,6.785682678222656,0.044467486441135406,5.0,44.548439025878906,0.9948203563690186,3.119999885559082,0.3400000035762787,8.807723045349121,m34
7.400000095367432,0.7914472222328186,0.0,1.7999999523162842,0.08174211531877518,23.0,53.747066497802734,0.9946464896202087,3.380000114440918,0.49000000953674316,9.94750690460205,m34
7.800000190734863,0.2800000011920929,0.48552125692367554,15.338147163391113,0.07800000160932541,55.837825775146484,192.7744903564453,0.9986190795898438,2.97013521194458,0.5941553115844727,9.5,m34
7.599999904632568,0.44671526551246643,0.49000000953674316,10.679922103881836,0.09840390831232071,59.797393798828125,197.47549438476562,0.9972916841506958,2.9966647624969482,0.5,9.25362491607666,m34
10.724560737609863,0.7973644137382507,0.22547833621501923,2.700000047683716,0.12079682946205139,14.0,45.82994079589844,0.9994591474533081,3.3206875324249268,0.5,10.027018547058105,m34
6.699999809265137,0.36000001430511475,0.6752517819404602,6.287200450897217,0.03400000184774399,23.0,109.45391845703125,0.9908499121665955,3.006791591644287,0.7318676114082336,12.391194343566895,m34
7.433164596557617,0.3199999928474426,0.08604888617992401,1.238756775856018,0.06001466140151024,41.111358642578125,138.60777282714844,0.9924960136413574,3.180000066757202,0.5,10.102326393127441,m34
6.5,0.7228488922119141,0.0,1.5,0.099090576171875,8.0,16.98512840270996,0.9943153262138367,3.3499999046325684,0.5099999904632568,10.5,m34
6.099999904632568,0.3199999928474426,0.23999999463558197,1.2999999523162842,0.05576629936695099,6.0,113.27629852294922,0.9927011132240295,3.2799999713897705,0.3799999952316284,10.0,m34
7.300000190734863,0.4448809027671814,0.367724746465683,9.164042472839355,0.04699999839067459,46.389915466308594,188.86573791503906,0.9974532127380371,3.0799999237060547,0.5099999904632568,8.899999618530273,m34
8.34981632232666,0.3371724486351013,0.30000001192092896,1.2000000476837158,0.05686712637543678,39.82778549194336,143.01162719726562,0.9938830733299255,3.2826030254364014,0.46000000834465027,9.199999809265137,m34
6.099999904632568,0.25,0.25,2.7750484943389893,0.05900000035762787,67.27898406982422,208.63592529296875,0.9928641319274902,3.3993871212005615,0.6800000071525574,10.100000381469727,m34
6.400000095367432,0.5569493174552917,0.014790967106819153,2.0999999046325684,0.04623766243457794,22.0,78.27410888671875,0.9946924448013306,3.2799999713897705,0.3753768801689148,8.224422454833984,m34
6.199999809265137,0.4760289788246155,0.2478492259979248,5.054331302642822,0.041524071246385574,18.030101776123047,104.52574157714844,0.9934617280960083,3.2200000286102295,0.4699999988079071,9.699999809265137,m34
7.300000190734863,0.6803597807884216,0.0026098352391272783,1.2999999523162842,0.06218569725751877,6.0,76.84791564941406,0.9940837621688843,3.1600000858306885,0.48701566457748413,9.399999618530273,m34
6.5,0.28999999165534973,0.357330322265625,5.017345428466797,0.030154656618833542,36.0,190.4040069580078,0.9924376010894775,3.109999895095825,0.40186625719070435,10.600000381469727,m34
6.199999809265137,0.5860454440116882,0.0,2.4000000953674316,0.08891774713993073,6.0,13.734049797058105,0.9940177202224731,3.524808645248413,0.5899999737739563,12.404573440551758,m34
6.0,0.568427324295044,0.0,1.2999999523162842,0.04500000178813934,224.83460998535156,229.09750366210938,0.9925816655158997,3.1600000858306885,0.4108394384384155,9.699999809265137,m34
7.099999904632568,0.4300000071525574,0.3199999928474426,2.725494623184204,0.01777540147304535,12.0,30.069320678710938,0.9902740716934204,3.0299999713897705,0.3799999952316284,12.090203285217285,m34
7.599999904632568,0.7316863536834717,0.0,1.7999999523162842,0.11575258523225784,12.0,23.352035522460938,0.99480801820755,3.390000104904175,0.5881512761116028,11.0,m34
6.599999904632568,0.33000001311302185,0.3799999952316284,15.473127365112305,0.07989155501127243,51.0,196.6763458251953,0.9987330436706543,3.2899999618530273,0.550000011920929,9.124366760253906,m34
6.800000190734863,0.39401745796203613,0.07993900775909424,1.100000023841858,0.0560000017285347,9.445258140563965,50.36532974243164,0.9921533465385437,3.156433582305908,0.4114244282245636,9.824950218200684,m34
8.399999618530273,0.6191064119338989,0.27000001072883606,5.197979927062988,0.029465308412909508,24.0,67.34149169921875,0.9917203783988953,2.912529945373535,0.3499999940395355,11.043926239013672,m34
5.599999904632568,0.29650554060935974,0.20999999344348907,4.658967018127441,0.07400000095367432,7.1037821769714355,105.23402404785156,0.9928050637245178,3.405430555343628,0.6700000166893005,9.899999618530273,m34
6.596075534820557,0.6629229187965393,0.11152753233909607,2.0999999046325684,0.054999999701976776,19.7485294342041,110.63980865478516,0.9927037954330444,3.221369981765747,0.41877281665802,9.699999809265137,m34
6.270647048950195,0.4880760908126831,0.25,10.170252799987793,0.05064442753791809,39.485721588134766,195.96083068847656,0.9965947270393372,3.1600000858306885,0.5299999713897705,9.100000381469727,m34
7.527285575866699,0.6719262003898621,0.0,2.0999999046325684,0.08320153504610062,7.0,20.22340965270996,0.9955000281333923,3.369999885559082,0.4932592213153839,10.199999809265137,m34
7.895581245422363,0.16668681800365448,0.3400000035762787,2.8934757709503174,0.03400000184774399,51.0,131.7787322998047,0.9920183420181274,3.0,0.550000011920929,11.0,m34
6.599999904632568,0.5953164100646973,0.06970985978841782,1.2877875566482544,0.04800000041723251,5.0,31.28265953063965,0.9922411441802979,3.190000057220459,0.3341463506221771,9.989728927612305,m34
10.085562705993652,0.5393303632736206,0.49000000953674316,2.840205430984497,0.06827498972415924,5.0,15.866222381591797,0.9978143572807312,3.143871307373047,0.7678027749061584,10.9769868850708,m34
11.19517993927002,0.8104662299156189,0.5596754550933838,1.5,0.06757190823554993,6.677831172943115,14.356255531311035,0.9977107644081116,3.0479736328125,0.4399999976158142,9.399999618530273,m34
6.699999809265137,0.2199999988079071,0.28008484840393066,3.3715333938598633,0.05089778080582619,46.152000427246094,202.68820190429688,0.9955971837043762,3.530228853225708,0.550000011920929,10.01574993133545,m34
7.199999809265137,0.8124070763587952,0.0,1.7999999523162842,0.15768612921237946,5.0,17.62890625,0.9944090843200684,3.3399999141693115,0.47999998927116394,10.199999809265137,m34
7.300000190734863,0.6646707653999329,0.15173079073429108,2.0,0.025577301159501076,19.0,49.37862014770508,0.9903026223182678,3.031318426132202,0.4399999976158142,12.361614227294922,m34
6.699999809265137,0.23999999463558197,0.5185878872871399,1.7000000476837158,0.04800000041723251,34.0,150.78079223632812,0.9916720986366272,3.0299999713897705,0.6399999856948853,11.618521690368652,m34
6.900000095367432,0.20999999344348907,0.22252026200294495,13.087162017822266,0.06819771975278854,44.0,185.57241821289062,0.9977529048919678,3.0299999713897705,0.4399999976158142,8.770787239074707,m34
7.234797954559326,0.31755372881889343,0.33000001311302185,1.5,0.03700000047683716,20.0,66.9415512084961,0.9920051693916321,3.190000057220459,0.5868704319000244,10.399999618530273,m34
7.199999809265137,0.4683341681957245,0.47582486271858215,13.72860336303711,0.07511859387159348,44.6484375,195.4271240234375,0.9979344010353088,3.0418357849121094,0.5299999713897705,9.399999618530273,m34
5.922293663024902,0.20999999344348907,0.25999999046325684,1.2000000476837158,0.04500000178813934,19.0,130.77748107910156,0.9917182326316833,3.449207305908203,0.49000000953674316,10.5,m34
7.900000095367432,0.6383604407310486,0.04668481647968292,8.224329948425293,0.07466131448745728,5.0,40.46489334106445,0.9961853623390198,3.1500000953674316,0.38999998569488525,9.399999618530273,m34
6.186027526855469,0.7059469819068909,0.0,1.622049331665039,0.1326526701450348,9.0,27.549543380737305,0.9948719143867493,3.497422218322754,0.649549126625061,11.199999809265137,m34
7.400000095367432,0.6131870746612549,0.0008845981792546809,2.4000000953674316,0.09063927084207535,2.732893466949463,12.548274993896484,0.9957523941993713,3.369999885559082,0.550000011920929,9.706747055053711,m34
10.122623443603516,0.667079508304596,0.2800000011920929,1.600000023841858,0.08325572311878204,16.0,23.672130584716797,0.9975475668907166,3.2200000286102295,0.550000011920929,10.199999809265137,m34
6.800000190734863,0.49667811393737793,0.0,2.299999952316284,0.04295507073402405,43.52308654785156,204.82778930664062,0.9930686950683594,3.119999885559082,0.3841334879398346,9.699999809265137,m34
9.364789962768555,0.3199999928474426,0.49000000953674316,4.892126560211182,0.07760277390480042,57.26022720336914,208.72256469726562,0.9960513114929199,3.2068092823028564,0.44999998807907104,10.043184280395508,m34
7.199999809265137,0.7274408340454102,0.0,2.700000047683716,0.10599945485591888,13.0,31.187053680419922,0.9986000061035156,3.5075716972351074,0.8342292904853821,10.374444961547852,m34
9.298412322998047,0.8043797016143799,0.25,2.9000000953674316,0.11160768568515778,26.0,91.98957824707031,0.9980853199958801,3.3325109481811523,0.5606400966644287,10.022266387939453,m34
6.699999809265137,0.27000001072883606,0.3499999940395355,6.011144161224365,0.05000000074505806,22.0,184.755859375,0.9942349195480347,3.2699999809265137,0.4699999988079071,9.5,m34
6.800000190734863,0.6176621913909912,0.07777827978134155,1.399999976158142,0.04699999839067459,22.0,120.03511810302734,0.9927055835723877,3.2157583236694336,0.44999998807907104,10.399999618530273,m34
6.699999809265137,0.2800000011920929,0.5177178382873535,10.872580528259277,0.035999998450279236,45.0,153.85308837890625,0.996157169342041,3.165499687194824,0.4300000071525574,8.701711654663086,m34
6.300000190734863,0.25,0.3199999928474426,2.0999999046325684,0.032999999821186066,10.0,108.79084777832031,0.9892060160636902,3.0399999618530273,0.5400000214576721,13.011664390563965,m34
7.199999809265137,0.22356800734996796,0.4099999964237213,0.941500186920166,0.04100000113248825,4.817276954650879,74.06778717041016,0.9901397228240967,2.936526298522949,0.3499999940395355,11.399999618530273,m34
7.612008094787598,0.4099999964237213,0.23999999463558197,1.2999999523162842,0.060648951679468155,10.0,137.5910186767578,0.994012176990509,3.1660373210906982,0.3799999952316284,9.399999618530273,m34
6.099999904632568,0.6323524713516235,0.0,1.192804217338562,0.04095317795872688,34.0,99.61006164550781,0.9914121031761169,3.1600000858306885,0.33000001311302185,9.800000190734863,m34
6.900000095367432,0.25,0.23099859058856964,1.8692125082015991,0.03900252655148506,98.68949890136719,210.06053161621094,0.9917951822280884,3.350116729736328,0.4300000071525574,11.485428810119629,m34
7.599999904632568,0.3400000035762787,0.2199999988079071,5.236388683319092,0.06091347709298134,43.202091217041016,193.9633026123047,0.9965956211090088,3.4000000953674316,0.44999998807907104,9.0,m34
7.099999904632568,0.5,0.40253493189811707,15.71548843383789,0.08304830640554428,17.42910385131836,155.69859313964844,0.9980485439300537,3.0073938369750977,0.49000000953674316,9.600000381469727,m34
5.630329608917236,0.4000000059604645,0.36870309710502625,6.919986248016357,0.06955362111330032,41.05256271362305,195.74920654296875,0.9945743680000305,3.384154796600342,0.6200000047683716,9.5,m34
6.5,0.20999999344348907,0.2635137438774109,10.752041816711426,0.07172007858753204,37.0,113.0,0.9949964284896851,3.129960060119629,0.5699999928474426,10.600000381469727,m34
7.400000095367432,0.3812887668609619,0.49000000953674316,12.421442031860352,0.05479252710938454,60.87335968017578,201.77220153808594,0.9978883266448975,3.092133045196533,0.5899999737739563,9.199999809265137,m34
7.900000095367432,0.30000001192092896,0.49000000953674316,10.844452857971191,0.04600000008940697,23.235271453857422,107.33602905273438,0.9970982074737549,3.109999895095825,0.41857409477233887,10.399999618530273,m34
6.300000190734863,0.33918800950050354,0.23519526422023773,1.100000023841858,0.05087123066186905,5.0,42.21116256713867,0.9923510551452637,3.169222593307495,0.4099999964237213,9.199999809265137,m34
6.800000190734863,0.5740694403648376,0.07009265571832657,6.407106399536133,0.035999998450279236,9.0,89.83204650878906,0.9929652810096741,3.0988333225250244,0.41999998688697815,11.0,m34
7.300000190734863,0.18000000715255737,0.23617099225521088,4.996377468109131,0.054410453885793686,19.0,86.87275695800781,0.9931960701942444,3.0799999237060547,0.46000000834465027,9.986520767211914,m34
6.844107151031494,0.3400000035762787,0.2800000011920929,1.0,0.03799999877810478,6.0,72.000732421875,0.9899696707725525,3.0799999237060547,0.33000001311302185,12.129289627075195,m34
7.800000190734863,0.3199999928474426,0.49769875407218933,1.2387593984603882,0.026515277102589607,7.0,24.251468658447266,0.9911522269248962,2.9912493228912354,0.30740153789520264,10.972766876220703,m34
5.800000190734863,0.2550975978374481,0.15871018171310425,7.698660373687744,0.041697580367326736,16.0,124.0457763671875,0.9932025671005249,3.119999885559082,0.3799999952316284,9.988303184509277,m34
6.300000190734863,0.3511560559272766,0.6846711039543152,13.623923301696777,0.06272673606872559,38.328731536865234,188.60726928710938,0.99703049659729,3.1700000762939453,0.4699999988079071,8.962153434753418,m34
7.099999904632568,0.41999998688697815,0.49000000953674316,1.0,0.043637365102767944,37.49492645263672,188.09466552734375,0.9911597371101379,3.059999942779541,0.44999998807907104,11.5,m34
10.230944633483887,0.6754380464553833,0.3199999928474426,4.493413925170898,0.1012570932507515,11.0,41.00318908691406,0.9992924928665161,3.130000114440918,0.46000000834465027,9.0,m34
6.900000095367432,0.48299482464790344,0.09022454172372818,2.5,0.06860487908124924,21.0,135.09194946289062,0.9955000281333923,3.319999933242798,0.49000000953674316,9.0,m34
8.57172966003418,0.2800000011920929,0.39710259437561035,1.100000023841858,0.04399999976158142,12.0,59.293880462646484,0.9913746118545532,2.9218204021453857,0.3700000047683716,11.02908992767334,m34
6.0,0.27000001072883606,0.3799999952316284,0.9544742703437805,0.03134901449084282,6.0,29.284086227416992,0.9898061752319336,3.2200000286102295,0.3122518062591553,11.997709274291992,m34
7.300000190734863,0.21807661652565002,0.2800000011920929,7.014097690582275,0.07405456155538559,59.346351623535156,212.4383544921875,0.9969924092292786,3.3861823081970215,0.5899999737739563,8.800000190734863,m34
6.599999904632568,0.7045233249664307,0.0,1.8812416791915894,0.10478663444519043,17.586843490600586,45.62998962402344,0.9936188459396362,3.4097049236297607,0.550000011920929,10.199999809265137,m34
8.238395690917969,0.27000001072883606,0.3400000035762787,6.581584930419922,0.021251291036605835,16.24463653564453,61.369930267333984,0.9910299181938171,2.979828357696533,0.31329455971717834,12.100000381469727,m34
10.144187927246094,0.3100000023841858,0.5801563858985901,5.961597442626953,0.06113392859697342,30.0,116.13090515136719,0.9974598288536072,3.180000066757202,0.6700000166893005,11.399999618530273,m34
6.579864501953125,0.7197098731994629,0.0,2.0,0.08370231091976166,15.0,28.868473052978516,0.9944090843200684,3.456242561340332,0.6789601445198059,11.699999809265137,m34
5.902467250823975,0.4399999976158142,0.11606775224208832,1.6965196132659912,0.04899999871850014,68.91910552978516,190.30943298339844,0.9936059713363647,3.0706822872161865,0.4000000059604645,9.199999809265137,m34
6.891230583190918,0.658249020576477,0.0,1.2999999523162842,0.047639474272727966,8.0,84.5785140991211,0.9930033683776855,3.1600000858306885,0.35604265332221985,9.399999618530273,m34
6.900000095367432,0.2896561026573181,0.4399999976158142,7.760621547698975,0.05400000140070915,17.0,90.58262634277344,0.9932165145874023,3.1700000762939453,0.41999998688697815,11.800000190734863,m34
6.900000095367432,0.23999999463558197,0.3883740305900574,14.321742057800293,0.065693199634552,55.0,179.54696655273438,0.9978369474411011,2.9648680686950684,0.46000000834465027,9.399999618530273,m34
6.800000190734863,0.1899999976158142,0.35711172223091125,6.972471714019775,0.05834338068962097,37.0,191.38978576660156,0.9946356415748596,3.130000114440918,0.5,10.5,m34
6.638501167297363,0.8990192413330078,0.0,1.9167964458465576,0.12093579024076462,34.0,87.48175048828125,0.9930734038352966,3.4200000762939453,0.4399999976158142,10.899999618530273,m34
7.0,0.3499999940395355,0.0416581965982914,1.899999976158142,0.04699999839067459,250.2440643310547,206.8128662109375,0.9929333925247192,3.180000066757202,0.4622528553009033,10.5,m34
6.900000095367432,0.5763744711875916,0.06514542549848557,1.829885721206665,0.035999998450279236,10.0,90.60594177246094,0.9916903972625732,3.00266432762146,0.3073485493659973,10.0,m34
7.199999809265137,0.3400000035762787,0.42007821798324585,1.600000023841858,0.08375529199838638,9.0,147.60060119628906,0.9946145415306091,3.299999952316284,0.49000000953674316,9.5,m34
6.099999904632568,0.6375958323478699,0.18732711672782898,1.0,0.04221043363213539,22.0,80.81723022460938,0.9911084175109863,3.200000047683716,0.3799999952316284,10.750687599182129,m34
10.508217811584473,0.5449725985527039,0.7272746562957764,7.456421852111816,0.6066167950630188,34.8807487487793,47.42043685913086,1.000266671180725,2.754733085632324,1.3963322639465332,9.699999809265137,m34
6.099999904632568,0.6185203790664673,0.1950787752866745,3.2487456798553467,0.08399999886751175,28.0,203.21897888183594,0.9962500333786011,3.5552525520324707,0.672715425491333,9.899999618530273,m34
7.199999809265137,0.6174517273902893,0.23999999463558197,2.200000047683716,0.04930957034230232,8.0,24.262771606445312,0.9925589561462402,3.140000104904175,0.46000000834465027,10.800000190734863,m34
6.900166034698486,0.20000000298023224,0.25999999046325684,1.7999999523162842,0.07558614760637283,49.617610931396484,179.30987548828125,0.9946005344390869,3.495420455932617,0.6637358069419861,10.0,m34
9.712116241455078,0.3199999928474426,0.3100000023841858,15.16484546661377,0.05700000002980232,19.0,150.45370483398438,1.000114917755127,3.0063796043395996,0.5400000214576721,9.5,m34
6.800000190734863,0.6675750017166138,0.0,1.7999999523162842,0.09573719650506973,6.7886552810668945,22.321718215942383,0.9946045875549316,3.4497299194335938,0.6600000262260437,11.300000190734863,m34
8.443142890930176,0.8035196661949158,0.0,2.299999952316284,0.08722470700740814,23.435243606567383,29.64611053466797,0.9964241981506348,3.4000000953674316,0.5398918986320496,10.199999809265137,m34
6.300000190734863,0.6808328032493591,0.04242844879627228,2.200000047683716,0.08654063194990158,8.0,23.208831787109375,0.9951204657554626,3.372035503387451,0.5499103665351868,9.399999618530273,m34
7.099999904632568,0.7502219676971436,0.018432004377245903,1.7999999523162842,0.09057895839214325,12.0,22.157445907592773,0.9953673481941223,3.4687485694885254,0.6746693849563599,10.723791122436523,m34
7.199999809265137,0.22403484582901,0.25138023495674133,1.899999976158142,0.04500000178813934,59.8103141784668,211.12110900878906,0.9955599308013916,3.4713964462280273,0.48374098539352417,9.100000381469727,m34
10.128022193908691,0.5158662796020508,0.4020978510379791,1.0,0.04600000008940697,6.0,35.88916015625,0.991568922996521,2.9214305877685547,0.33000001311302185,10.399999618530273,m34
5.800000190734863,0.5865117311477661,0.1396770477294922,4.05236291885376,0.1130003109574318,25.38170051574707,152.57598876953125,0.9946848750114441,3.359999895095825,0.5099999904632568,9.5,m34
8.143338203430176,0.5210390686988831,0.4000000059604645,7.580352783203125,0.059197939932346344,34.50718688964844,184.2655487060547,0.9962878823280334,3.232185125350952,0.4399999976158142,9.600000381469727,m34
5.829512596130371,0.5797883868217468,0.1899999976158142,1.600000023841858,0.039000000804662704,7.0,84.90493774414062,0.9908819794654846,3.240000009536743,0.5,11.399999618530273,m34
6.300000190734863,0.15088829398155212,0.2800000011920929,2.0999999046325684,0.05900000035762787,16.0,96.85124969482422,0.9914976358413696,3.1500000953674316,0.4000000059604645,10.554550170898438,m34
6.432058811187744,0.3400000035762787,0.28999999165534973,1.7000000476837158,0.031249962747097015,9.847532272338867,72.3701171875,0.9895861148834229,3.2200000286102295,0.4699999988079071,12.421340942382812,m34
7.400000095367432,0.377736896276474,0.25999999046325684,9.885980606079102,0.05299999937415123,21.210847854614258,157.08566284179688,0.9974085688591003,3.25,0.47614532709121704,9.800000190734863,m34
7.099999904632568,0.8064928650856018,0.0,2.299999952316284,0.49000924825668335,2.7907516956329346,11.823433876037598,0.9973477125167847,3.4261951446533203,0.5899999737739563,10.45456314086914,m34
9.113364219665527,0.48372766375541687,0.3199999928474426,2.799999952316284,0.03999999910593033,16.02951431274414,52.08247375488281,0.9938828349113464,3.109999895095825,0.3799999952316284,9.899999618530273,m34
6.800000190734863,0.6544701457023621,0.10476675629615784,7.982929706573486,0.08399999886751175,4.675356864929199,17.198055267333984,0.9964109063148499,3.309999942779541,0.5,10.300000190734863,m34
5.869287967681885,0.36000001430511475,0.18283812701702118,1.072866439819336,0.04907222464680672,8.0,76.48612213134766,0.9911182522773743,3.359999895095825,0.38999998569488525,10.800000190734863,m34
7.800000190734863,0.2601344585418701,0.23999999463558197,14.12157917022705,0.08899044245481491,34.72833251953125,196.09747314453125,0.9980912208557129,2.990000009536743,0.5,9.199999809265137,m34
6.5,0.33000001311302185,0.25999999046325684,0.7756702303886414,0.029999999329447746,11.0,49.55256652832031,0.989676296710968,3.085062265396118,0.36000001430511475,11.800000190734863,m34
7.300000190734863,0.5427894592285156,0.3072453737258911,1.899999976158142,0.0560000017285347,15.650897026062012,23.91338539123535,0.994540274143219,3.440000057220459,0.6200000047683716,11.127450942993164,m34
6.6552228927612305,0.6373903155326843,0.04332176595926285,1.5072922706604004,0.05400000140070915,14.321703910827637,30.239412307739258,0.9943907260894775,3.390000104904175,0.4099999964237213,8.800000190734863,m34
8.107463836669922,0.3400000035762787,0.4893576502799988,11.947428703308105,0.04947315528988838,47.10857009887695,169.35028076171875,0.9981839060783386,3.3663625717163086,0.550000011920929,8.948310852050781,m34
6.900000095367432,0.3700000047683716,0.25999999046325684,10.134952545166016,0.03700000047683716,12.265130996704102,144.23681640625,0.9934596419334412,3.0,0.3630785346031189,11.699999809265137,m34
7.599999904632568,0.7493520975112915,0.0,2.299999952316284,0.09715487062931061,5.734097957611084,13.07652473449707,0.9951424598693848,3.4200000762939453,0.5799999833106995,11.300000190734863,m34
6.800000190734863,0.2199999988079071,0.30000001192092896,7.743749141693115,0.05900000035762787,54.273990631103516,194.54409790039062,0.9967775344848633,3.474787950515747,0.5899999737739563,9.199999809265137,m34
6.716079235076904,0.20000000298023224,0.3100000023841858,14.99623966217041,0.061189573258161545,23.871379852294922,128.6223907470703,0.9976000189781189,2.9648830890655518,0.4435904324054718,9.399999618530273,m34
6.5,0.30000001192092896,0.35754022002220154,10.467580795288086,0.05900000035762787,51.47450637817383,196.96185302734375,0.9959965944290161,3.1600000858306885,0.41999998688697815,9.399999618530273,m34
8.0,0.28999999165534973,0.3199999928474426,7.88455867767334,0.04600000008940697,54.21114730834961,208.20223999023438,0.9953821897506714,3.0799999237060547,0.4699999988079071,10.243242263793945,m34
5.900000095367432,0.8266137838363647,0.0,2.0,0.0764562264084816,6.0,29.242467880249023,0.9933491945266724,3.5501773357391357,0.6000000238418579,12.668725967407227,m34
7.199999809265137,0.7224825620651245,0.0,1.7307021617889404,0.159723162651062,14.153338432312012,43.604774475097656,0.9952703714370728,3.411083936691284,0.550000011920929,10.095900535583496,m34
6.400000095367432,0.6180862784385681,0.27000001072883606,1.1793087720870972,0.04100000113248825,10.0,135.0114288330078,0.9914259314537048,3.1700000762939453,0.3799999952316284,11.0,m34
6.099999904632568,0.8066109418869019,0.042827993631362915,2.5,0.10250869393348694,4.953424453735352,10.329853057861328,0.9942747950553894,3.506770610809326,0.6000000238418579,12.600000381469727,m34
6.0,0.3100000023841858,0.38999998569488525,4.006013870239258,0.05451640859246254,151.21730041503906,203.63400268554688,0.9927957057952881,3.240000009536743,0.5400000214576721,9.965197563171387,m34
5.988327503204346,0.36000001430511475,0.22963643074035645,1.2301867008209229,0.054999999701976776,13.0,133.5645751953125,0.993390679359436,3.455801486968994,0.6124415397644043,9.5,m34
6.099999904632568,0.46772974729537964,0.026376480236649513,1.0,0.04500000178813934,20.0,85.28949737548828,0.9921555519104004,3.2823193073272705,0.4300000071525574,9.174501419067383,m34
5.802862167358398,0.6407700777053833,0.0,1.399999976158142,0.07021192461252213,29.0,101.45125579833984,0.9916027188301086,3.289609432220459,0.39387354254722595,10.0,m34
8.964081764221191,0.7389665246009827,0.2199999988079071,3.374953269958496,0.14892180263996124,20.0,46.65252685546875,0.9975311160087585,3.2699999809265137,0.5,9.5,m34
7.599999904632568,0.6673513650894165,0.025812223553657532,1.548506736755371,0.05000000074505806,8.348047256469727,59.81223678588867,0.9932076334953308,3.0999999046325684,0.3700000047683716,10.027511596679688,m34
6.699999809265137,0.4399999976158142,0.23999999463558197,1.343806505203247,0.05000000074505806,25.027101516723633,98.93586730957031,0.9927683472633362,3.180000066757202,0.41999998688697815,9.600000381469727,m34
7.0,0.5814283490180969,0.19715532660484314,1.6289191246032715,0.09127701073884964,9.0,27.212631225585938,0.994799792766571,3.2899999618530273,0.6600000262260437,10.0,m34
6.763730525970459,0.7930862903594971,0.0,1.7999999523162842,0.12900638580322266,12.0,18.978601455688477,0.9953261613845825,3.359999895095825,0.5099999904632568,9.600000381469727,m34
7.400000095367432,0.36426568031311035,0.2199999988079071,7.695333480834961,0.0560000017285347,41.15142059326172,211.00990295410156,0.9956588745117188,3.0799999237060547,0.44999998807907104,9.5,m34
6.400000095367432,0.41592663526535034,0.23999999463558197,2.0999999046325684,0.06150709465146065,36.0,217.54458618164062,0.9956777095794678,3.5314249992370605,0.5899999737739563,10.5,m34
6.400000095367432,0.8298200964927673,0.0,2.8124027252197266,0.1696176826953888,6.0,20.013063430786133,0.9946683645248413,3.527866840362549,0.6299999952316284,12.0,m34
9.848687171936035,0.5773294568061829,0.7324799299240112,4.6603474617004395,0.5978283286094666,47.75960922241211,87.87992858886719,0.9990025758743286,2.8718314170837402,1.0409703254699707,9.800000190734863,m34
7.199999809265137,0.25999999046325684,0.30000001192092896,11.38848876953125,0.06495203822851181,41.041664123535156,197.66798400878906,0.9973369240760803,3.109999895095825,0.5099999904632568,9.199999809265137,m34
8.998794555664062,0.7443841695785522,0.0,2.1306915283203125,0.15602196753025055,5.1933794021606445,17.90811538696289,0.9968963861465454,3.25,0.5199999809265137,10.399999618530273,m34
10.745121955871582,0.4670219421386719,0.5494457483291626,5.194357395172119,0.11113443225622177,22.0,107.8782958984375,0.9997972846031189,3.2799999713897705,0.5199999809265137,9.300000190734863,m34
7.599999904632568,0.2800000011920929,0.16879767179489136,1.5855718851089478,0.04800000041723251,24.0,113.0,0.9925995469093323,3.369999885559082,0.523030698299408,11.0,m34
6.199999809265137,0.6645200252532959,0.0,1.402958869934082,0.06395884603261948,11.525979042053223,23.32564926147461,0.9930117726325989,3.2128617763519287,0.5099999904632568,9.942856788635254,m34
7.0,0.2800000011920929,0.33000001311302185,1.4711376428604126,0.029999999329447746,5.0,104.3868408203125,0.9899910688400269,3.0899999141693115,0.3400000035762787,12.399999618530273,m34
6.800000190734863,0.33000001311302185,0.20235198736190796,1.2999999523162842,0.04399999976158142,29.511682510375977,116.89349365234375,0.9920018315315247,3.171401023864746,0.4099999964237213,10.399999618530273,m34
7.099999904632568,0.32661765813827515,0.3849657475948334,17.689193725585938,0.0748763456940651,51.96126937866211,176.0488739013672,0.9989092946052551,3.0559897422790527,0.5099999904632568,9.0,m34
6.699999809265137,0.3414149880409241,0.25999999046325684,2.700000047683716,0.05299999937415123,45.651912689208984,209.90098571777344,0.9950239062309265,3.1700000762939453,0.5899999737739563,9.100000381469727,m34
6.099999904632568,0.3799999952316284,0.3740193843841553,8.256206512451172,0.06366370618343353,42.09279251098633,199.8636474609375,0.9953833222389221,3.180000066757202,0.4295060634613037,9.117973327636719,m34
7.800000190734863,0.5481785535812378,0.3199999928474426,12.756070137023926,0.05000000074505806,54.29092025756836,186.789794921875,0.9980977177619934,3.292304039001465,0.414213627576828,9.03465747833252,m34
10.192878723144531,0.1899999976158142,0.36000001430511475,1.100000023841858,0.03400000184774399,12.990918159484863,73.41234588623047,0.9920008778572083,2.9122555255889893,0.3700000047683716,10.300000190734863,m34
7.599999904632568,0.33000001311302185,0.2800000011920929,13.105752944946289,0.08221535384654999,56.06809997558594,196.151123046875,0.9977036118507385,3.080954074859619,0.49000000953674316,8.91031551361084,m34
7.0,0.8244922161102295,0.0,2.314659595489502,0.07254726439714432,23.0,27.578805923461914,0.9937669634819031,3.4000000953674316,0.5199999809265137,10.525287628173828,m34
6.526985168457031,0.38497045636177063,0.41999998688697815,9.16610050201416,0.05884251371026039,50.34374237060547,195.2564697265625,0.996498167514801,3.2200000286102295,0.49581366777420044,9.376776695251465,m34
7.385257244110107,0.3589048981666565,0.325392484664917,1.399999976158142,0.052000001072883606,29.0,190.49343872070312,0.9934088587760925,3.265195369720459,0.44999998807907104,10.569759368896484,m34
6.5,0.5381932854652405,0.3823135495185852,0.8110294938087463,0.029424961656332016,11.280817031860352,40.26937484741211,0.9893389344215393,2.990000009536743,0.30593928694725037,12.392644882202148,m34
8.744384765625,0.5825498700141907,0.28999999165534973,17.525131225585938,0.09575939923524857,29.0,200.39137268066406,1.00013267993927,2.9815590381622314,0.5400000214576721,9.399999618530273,m34
8.273030281066895,0.20534168183803558,0.3400000035762787,8.036144256591797,0.0389147512614727,18.16124725341797,99.7374496459961,0.9943903088569641,3.0899999141693115,0.46000000834465027,10.199999809265137,m34
6.5,0.6668805480003357,0.0,2.799999952316284,0.10792669653892517,17.0,22.58856964111328,0.9948254823684692,3.4545843601226807,0.6100000143051147,10.898030281066895,m34
6.199999809265137,0.7627107501029968,0.0,2.0119175910949707,0.07538389414548874,13.0,18.647520065307617,0.9933366775512695,3.4507102966308594,0.6752610802650452,11.800000190734863,m34
9.581475257873535,0.8708253502845764,0.30000001192092896,2.0999999046325684,0.09204139560461044,10.0,81.39585876464844,0.9972200393676758,3.3499999046325684,0.5111891031265259,9.600000381469727,m34
7.199999809265137,0.20999999344348907,0.5123060345649719,1.5825819969177246,0.028964877128601074,12.47396183013916,47.365779876708984,0.9913579821586609,3.216365098953247,0.41999998688697815,11.025772094726562,m34
7.5,0.6002779006958008,0.01846582442522049,1.600000023841858,0.07800000160932541,1.5100129842758179,10.773162841796875,0.9941188097000122,3.3399999141693115,0.5598698854446411,10.609977722167969,m34
6.699999809265137,0.25,0.3651150166988373,10.296114921569824,0.05000000074505806,39.93397903442383,138.2157440185547,0.9971829652786255,3.416630744934082,0.44848570227622986,9.199999809265137,m34
7.191534042358398,0.3799999952316284,0.19198031723499298,4.929297924041748,0.08087532222270966,12.588004112243652,125.26261901855469,0.9947744607925415,3.140000104904175,0.43772733211517334,9.399999618530273,m34
10.742395401000977,0.65217524766922,0.5190181732177734,2.700000047683716,0.1826694905757904,3.774292230606079,14.92918586730957,0.9985938668251038,3.0799999237060547,0.7366554737091064,10.399999618530273,m34
6.800000190734863,0.4577869772911072,0.24013465642929077,1.8363159894943237,0.06366313248872757,13.0,107.55413818359375,0.9935259819030762,3.1700000762939453,0.49000000953674316,9.5,m34
6.0,0.3199999928474426,0.5537088513374329,1.6309558153152466,0.0809476301074028,20.0,176.57797241210938,0.9922714233398438,3.263904094696045,0.5580940842628479,9.699999809265137,m34
6.5644330978393555,0.28999999165534973,0.24868889153003693,16.377979278564453,0.10382883995771408,41.0,181.2489013671875,0.9990719556808472,3.200000047683716,0.5299999713897705,9.0,m34
6.314214706420898,0.3039409816265106,0.27000001072883606,1.7999999523162842,0.05299999937415123,54.793060302734375,189.4774627685547,0.9927479028701782,3.396385431289673,0.5600000023841858,10.300000190734863,m34
8.300000190734863,0.3799999952316284,0.4399999976158142,1.0,0.03400000184774399,15.460844039916992,33.35749053955078,0.9915164709091187,3.049999952316284,0.4300000071525574,10.9089937210083,m34
7.300000190734863,0.7608222961425781,0.07377016544342041,2.0999999046325684,0.1067746952176094,10.988160133361816,18.5550594329834,0.9957165122032166,3.443035364151001,0.5739614367485046,10.521323204040527,m34
6.5,0.6414644718170166,0.1285315454006195,2.0,0.0560000017285347,10.0,111.0,0.9937851428985596,3.380000114440918,0.5400000214576721,10.017951011657715,m34
6.400000095367432,0.3199999928474426,0.2199999988079071,2.299999952316284,0.04600000008940697,24.0,145.7746124267578,0.9920079708099365,3.069999933242798,0.5099999904632568,10.399999618530273,m34
7.376282215118408,0.2677868902683258,0.3356632888317108,3.510040044784546,0.05000000074505806,30.504844665527344,180.6683807373047,0.993199348449707,3.2003650665283203,0.5099999904632568,10.5,m34
8.399999618530273,0.3199999928474426,0.49000000953674316,13.777482986450195,0.061613354831933975,53.36204528808594,199.3309783935547,0.9982983469963074,3.0066823959350586,0.550000011920929,9.199999809265137,m34
8.773499488830566,0.7770473957061768,0.07499102503061295,1.927449107170105,0.08106586337089539,26.0,79.43981170654297,0.9969338178634644,3.374361515045166,0.5199999809265137,9.399999618530273,m34
7.800000190734863,0.8331828117370605,0.09173747897148132,1.899999976158142,0.08283701539039612,7.9052228927612305,14.473783493041992,0.9955865740776062,3.259999990463257,0.5,9.5,m34
10.102720260620117,0.20999999344348907,0.4948917031288147,1.600000023841858,0.059737611562013626,25.0,97.2837142944336,0.9941743016242981,2.977678060531616,0.3799999952316284,9.723409652709961,m34
9.907812118530273,0.6167607307434082,0.6376731395721436,6.754403591156006,0.5967822670936584,37.0,52.561363220214844,0.99936842918396,2.79559588432312,1.0941641330718994,9.600000381469727,m34
6.900000095367432,0.36000001430511475,0.5865921378135681,11.276629447937012,0.04800000041723251,26.0,147.26123046875,0.9967527985572815,3.049999952316284,0.4300000071525574,8.851217269897461,m34
6.599999904632568,0.6776208281517029,0.13851623237133026,1.5181010961532593,0.09023820608854294,8.0,17.054309844970703,0.9951819777488708,3.240000009536743,0.7836331129074097,9.594420433044434,m34
7.599999904632568,0.6495204567909241,0.0,1.899999976158142,0.15806713700294495,22.482120513916016,88.7896957397461,0.9962000250816345,3.44085431098938,0.5600000023841858,10.430137634277344,m34
6.800000190734863,0.3700000047683716,0.3100000023841858,3.407151699066162,0.04800000041723251,51.0,202.3539581298828,0.9943861961364746,3.359999895095825,0.6000000238418579,10.399999618530273,m34
6.5,0.3829113841056824,0.49305203557014465,10.963211059570312,0.07069865614175797,74.66957092285156,209.20773315429688,0.997169017791748,3.1700000762939453,0.5199999809265137,8.899999618530273,m34
9.375407218933105,0.5864806771278381,0.6406875848770142,5.251976013183594,0.6035787463188171,46.774539947509766,90.2467041015625,0.9994080066680908,2.7794454097747803,1.0935046672821045,9.300000190734863,m34
7.0,0.46405455470085144,0.017283335328102112,2.0,0.05299999937415123,30.15113067626953,103.08777618408203,0.9936324954032898,3.2699999809265137,0.44928431510925293,9.199999809265137,m34
6.599999904632568,0.24629825353622437,0.20999999344348907,1.7999999523162842,0.05000000074505806,68.55655670166016,211.92872619628906,0.9943864941596985,3.380000114440918,0.6804621815681458,9.399999618530273,m34
7.199999809265137,0.5809201002120972,0.27000001072883606,4.972821235656738,0.0430000014603138,29.72306251525879,93.61563873291016,0.9919803738594055,2.9974753856658936,0.3246996998786926,11.5,m34
6.199999809265137,0.5930398106575012,0.10995323210954666,1.2999999523162842,0.04190729185938835,8.458992958068848,81.1806411743164,0.9917051196098328,3.2791950702667236,0.4399999976158142,10.411274909973145,m34
7.400000095367432,0.8576502203941345,0.046193234622478485,2.5999999046325684,0.11615212261676788,19.0,32.52206802368164,0.9970433115959167,3.503946542739868,0.5400000214576721,10.399999618530273,m34
7.0,0.47084280848503113,0.5712923407554626,9.926115989685059,0.039406146854162216,68.92623901367188,180.6759796142578,0.9965941309928894,3.0115857124328613,0.42029738426208496,8.625530242919922,m34
8.780047416687012,0.1599999964237213,0.38999998569488525,1.4334334135055542,0.03799999877810478,11.235565185546875,46.14506149291992,0.99053555727005,2.9113199710845947,0.38999998569488525,12.100000381469727,m34
6.58624267578125,0.7344666719436646,0.205953449010849,1.100000023841858,0.041999999433755875,42.0,173.19117736816406,0.9922094941139221,3.049999952316284,0.36000001430511475,9.699999809265137,m34
6.900000095367432,0.589836835861206,0.2800000011920929,12.559087753295898,0.04600000008940697,28.995182037353516,126.61329650878906,0.995199978351593,3.190000057220459,0.41999998688697815,11.800000190734863,m34
9.775461196899414,0.7149240970611572,0.3499999940395355,2.200000047683716,0.08307374268770218,10.041542053222656,25.876544952392578,0.9979416728019714,3.3499999046325684,0.8163355588912964,11.832831382751465,m34
7.199999809265137,0.8789544701576233,0.2800000011920929,2.5999999046325684,0.08363404124975204,10.0,28.083332061767578,0.9979034662246704,3.528154134750366,0.5400000214576721,10.699999809265137,m34
8.100000381469727,0.4000000059604645,0.4317890703678131,1.2000000476837158,0.05000000074505806,11.0,154.97906494140625,0.994663417339325,3.119999885559082,0.47999998927116394,9.5,m34
7.300000190734863,0.8194732666015625,0.09934866428375244,2.7540371417999268,0.08914847671985626,15.0,21.484573364257812,0.9962542057037354,3.412050247192383,0.5400000214576721,10.199999809265137,m34
8.184416770935059,0.6896953582763672,0.12935757637023926,2.5444436073303223,0.10940295457839966,12.647883415222168,20.82709312438965,0.9956802725791931,3.341017484664917,0.6700000166893005,11.0,m34
8.399999618530273,0.6500664949417114,0.3421238660812378,1.600000023841858,0.04699999839067459,22.0,130.0,0.9940416812896729,3.0899999141693115,0.4300000071525574,10.0,m34
6.099999904632568,0.18000000715255737,0.28999999165534973,2.7624356746673584,0.03500000014901161,5.0,39.499359130859375,0.9901093244552612,2.990000009536743,0.5199999809265137,11.300000190734863,m34
5.800000190734863,0.3100000023841858,0.28999999165534973,7.009425163269043,0.05000000074505806,35.0,134.00624084472656,0.9955000281333923,3.390000104904175,0.5799999833106995,9.100000381469727,m34
11.342872619628906,0.6674351692199707,0.6278040409088135,6.451933860778809,0.28600433468818665,29.0,60.01919937133789,1.0081872940063477,2.893280029296875,0.9076507687568665,10.00618839263916,m34
5.900000095367432,0.3100000023841858,0.41999998688697815,1.7000000476837158,0.05000000074505806,15.0,81.50971984863281,0.9920186996459961,3.0399999618530273,0.5899999737739563,10.899999618530273,m34
6.800000190734863,0.27000001072883606,0.2199999988079071,4.636515140533447,0.03999999910593033,250.71295166015625,228.3748779296875,0.9915160536766052,3.2799999713897705,0.41999998688697815,11.800000190734863,m34
6.900000095367432,0.38999998569488525,0.25999999046325684,9.121757507324219,0.03999999910593033,33.06269836425781,139.5901641845703,0.9955518841743469,3.059999942779541,0.3799999952316284,9.899999618530273,m34
7.0,0.3400000035762787,0.015691133216023445,1.2999999523162842,0.07384517043828964,42.0,113.51356506347656,0.9936355352401733,3.240000009536743,0.5199999809265137,9.399999618530273,m34
8.100000381469727,0.1899999976158142,0.41999998688697815,2.4000000953674316,0.03400000184774399,18.80011749267578,116.10367584228516,0.9945842027664185,3.3229098320007324,0.49000000953674316,9.946770668029785,m34
6.439694404602051,0.3707285225391388,0.13434450328350067,7.815186977386475,0.08399999886751175,59.421287536621094,196.6419219970703,0.9960697293281555,3.2799999713897705,0.5199999809265137,9.399999618530273,m34
6.505605697631836,0.30000001192092896,0.25999999046325684,1.100000023841858,0.029128525406122208,21.0,95.51127624511719,0.9890913367271423,2.9608969688415527,0.3183947205543518,12.679760932922363,m34
7.300000190734863,0.800241231918335,0.0,2.0,0.08241766691207886,5.56735897064209,12.195025444030762,0.9953933358192444,3.359999895095825,0.5099999904632568,10.899999618530273,m34
7.677588939666748,0.3100000023841858,0.3499999940395355,1.2000000476837158,0.03999999910593033,14.0,98.27311706542969,0.9920943975448608,3.0731918811798096,0.3799999952316284,9.962545394897461,m34
6.099999904632568,0.580151379108429,0.0907450020313263,2.200000047683716,0.032999999821186066,8.0,46.6314811706543,0.9920044541358948,3.0816354751586914,0.3799999952316284,10.199999809265137,m34
8.361994743347168,0.8106497526168823,0.0,1.7000000476837158,0.08251028507947922,9.0,34.5628547668457,0.9975101947784424,3.399254322052002,0.6000000238418579,10.399999618530273,m34
6.8918657302856445,0.7706546187400818,0.0,1.7999999523162842,0.07398509979248047,5.0,25.020614624023438,0.9947006106376648,3.5223851203918457,0.5600000023841858,11.399999618530273,m34
7.0,0.6584473848342896,0.0,1.0,0.0409046933054924,32.0,96.06600189208984,0.9923258423805237,3.1700000762939453,0.39516767859458923,9.800000190734863,m34
6.300000190734863,0.23999999463558197,0.41999998688697815,5.759513854980469,0.06816277652978897,45.57014846801758,196.898193359375,0.9950858354568481,3.373955249786377,0.550000011920929,9.996651649475098,m34
6.107460021972656,0.6249606609344482,0.0,1.5,0.0791773721575737,4.627082824707031,17.622547149658203,0.993474006652832,3.4347116947174072,0.5600000023841858,11.0,m34
6.400000095367432,0.8627422451972961,0.0,2.009276866912842,0.07794424146413803,10.059127807617188,14.425736427307129,0.9938192963600159,3.3925368785858154,0.38999998569488525,10.600000381469727,m34
7.900000095367432,0.529094934463501,0.6545614004135132,9.810110092163086,0.3057625889778137,45.061729431152344,156.5156707763672,0.997419536113739,2.8857240676879883,0.8137773275375366,9.5875244140625,m34
9.146543502807617,0.30000001192092896,0.3400000035762787,0.9766985774040222,0.03547968715429306,4.819425106048584,28.79486846923828,0.9899129867553711,2.9217586517333984,0.31877151131629944,12.248767852783203,m34
7.0,0.5941286683082581,0.25999999046325684,1.2999999523162842,0.054999999701976776,10.835734367370605,102.62369537353516,0.9920101761817932,3.0499484539031982,0.38999998569488525,9.84426498413086,m34
6.800000190734863,0.2124505639076233,0.23272736370563507,1.399999976158142,0.06617867946624756,22.0,82.18016052246094,0.9920154809951782,3.2300000190734863,0.5600000023841858,9.600000381469727,m34
7.300000190734863,0.20000000298023224,0.25,6.645987510681152,0.04399999976158142,35.92002487182617,200.57598876953125,0.9957808256149292,3.4049453735351562,0.6200000047683716,9.600000381469727,m34
7.77608060836792,0.7351143956184387,0.009595882147550583,1.7999999523162842,0.08827856928110123,19.0,36.243045806884766,0.9956478476524353,3.374788999557495,0.5099999904632568,10.399999618530273,m34
6.300000190734863,0.6864207983016968,0.0,1.7999999523162842,0.04538930952548981,21.0,25.686655044555664,0.9921244382858276,3.457047462463379,0.5,12.399999618530273,m34
9.018814086914062,0.30000001192092896,0.6552874445915222,1.7999999523162842,0.04899999871850014,8.0,79.43696594238281,0.9920108914375305,3.1107704639434814,0.49000000953674316,12.390799522399902,m34
6.599999904632568,0.6669488549232483,0.0,1.1045184135437012,0.04800000041723251,23.656898498535156,64.22429656982422,0.9924878478050232,3.180000066757202,0.44266387820243835,9.800000190734863,m34
6.380836486816406,0.3499999940395355,0.25,2.0,0.04500000178813934,47.720951080322266,200.90631103515625,0.9912627339363098,3.143125295639038,0.4099999964237213,11.028225898742676,m34
7.900000095367432,0.45004481077194214,0.4399999976158142,14.612859725952148,0.0815790519118309,49.0,211.91146850585938,0.9981632828712463,2.967829465866089,0.5392752289772034,9.399999618530273,m34
6.0,0.2199999988079071,0.25999999046325684,2.0999999046325684,0.04399999976158142,9.038103103637695,47.507164001464844,0.9919221997261047,3.2100000381469727,0.5299999713897705,10.199999809265137,m34
7.900000095367432,0.43802404403686523,0.3700000047683716,4.5049662590026855,0.061199985444545746,21.0,138.5274200439453,0.9948595762252808,3.2879810333251953,0.5099999904632568,10.613032341003418,m34
9.055389404296875,0.3499999940395355,0.3499999940395355,1.0,0.07093678414821625,7.0,34.03815460205078,0.9918392896652222,3.0838751792907715,0.3964426815509796,10.892265319824219,m34
6.0,0.554729163646698,0.0,1.899999976158142,0.026058251038193703,8.721113204956055,34.6040153503418,0.9902873039245605,3.1600000858306885,0.38078606128692627,12.609307289123535,m34
7.0,0.25999999046325684,0.2800000011920929,13.667327880859375,0.10978109389543533,29.0,183.0083770751953,0.9977090954780579,3.0399999618530273,0.5199999809265137,9.399999618530273,m34
6.868835926055908,0.3499999940395355,0.25999999046325684,15.114262580871582,0.06543105840682983,59.94940948486328,190.01246643066406,0.9978512525558472,2.959106683731079,0.4699999988079071,9.300000190734863,m34
9.615314483642578,0.5928484201431274,0.627682626247406,12.27206802368164,0.06799797713756561,46.70005416870117,172.66226196289062,0.99830561876297,2.9438669681549072,0.5600000023841858,9.300000190734863,m34
11.692611694335938,0.5903106927871704,0.6221003532409668,3.9861769676208496,0.5273730158805847,13.0,33.11308670043945,0.9994525909423828,3.2200000286102295,0.6800000071525574,11.0,m34
6.699999809265137,0.30124300718307495,0.30000001192092896,2.200000047683716,0.039000000804662704,178.23692321777344,207.96444702148438,0.9921345114707947,3.25,0.6600000262260437,10.800000190734863,m34
7.300000190734863,0.6975433230400085,0.01749342866241932,1.9908961057662964,0.09337446093559265,6.0,36.3514289855957,0.9950296878814697,3.309999942779541,0.5099999904632568,10.100000381469727,m34
6.400000095367432,0.5838042497634888,0.05490604415535927,1.5,0.03799999877810478,79.92218780517578,215.14694213867188,0.991925835609436,3.2300000190734863,0.4399999976158142,10.199999809265137,m34
7.199999809265137,0.4300000071525574,0.3700000047683716,15.55504322052002,0.1856919229030609,56.94646072387695,193.83314514160156,0.9993388652801514,2.948662757873535,0.5,9.199999809265137,m34
6.800000190734863,0.6369302272796631,0.17475740611553192,14.214821815490723,0.07551313936710358,31.656774520874023,209.2525177001953,0.9992032647132874,3.1700000762939453,0.6100000143051147,9.300000190734863,m34
6.264667510986328,0.7467710971832275,0.0,2.0,0.08864279091358185,19.0,36.32350158691406,0.9938732981681824,3.401242971420288,0.5656945705413818,11.095943450927734,m34
7.099999904632568,0.20000000298023224,0.4000000059604645,1.5,0.04100000113248825,19.0,125.20478820800781,0.9923437833786011,3.2200000286102295,0.5199999809265137,10.5,m34
7.300000190734863,0.6179450750350952,0.48135602474212646,3.368706703186035,0.03700000047683716,21.0,68.75138092041016,0.9912483096122742,3.25,0.41999998688697815,13.25826644897461,m34
5.959603309631348,0.5766206979751587,0.20242568850517273,4.570816516876221,0.03999999910593033,10.982366561889648,45.79951858520508,0.9928779006004333,3.0399999618530273,0.3400000035762787,9.699999809265137,m34
6.900000095367432,0.5232154130935669,0.16600871086120605,3.647071123123169,0.04399999976158142,12.391063690185547,84.31913757324219,0.9927053451538086,3.119999885559082,0.3991834819316864,10.0,m34
6.534276962280273,0.7531407475471497,0.001302101300098002,2.030494451522827,0.06589697301387787,10.0,62.7067756652832,0.9940022230148315,3.180000066757202,0.5099999904632568,9.100000381469727,m34
6.800000190734863,0.3499999940395355,0.28999999165534973,1.2000000476837158,0.039000000804662704,14.858318328857422,99.62845611572266,0.991062343120575,3.249876022338867,0.4000420570373535,11.199999809265137,m34
8.306694030761719,0.40536269545555115,0.38999998569488525,1.4263161420822144,0.05400000140070915,16.0,143.2847442626953,0.992830753326416,3.200000047683716,0.3923629820346832,10.800000190734863,m34
8.38683795928955,0.7785726189613342,0.6043411493301392,18.077102661132812,0.06764954328536987,63.75387191772461,212.32699584960938,1.0008964538574219,3.059999942779541,0.6605508923530579,9.0,m34
9.1184720993042,0.4563947021961212,0.48296207189559937,2.3426294326782227,0.08208601921796799,19.0,25.484521865844727,0.9971053600311279,3.2799999713897705,0.7558379769325256,11.199999809265137,m34
8.360315322875977,0.6364432573318481,0.4000000059604645,14.71783447265625,0.05184607580304146,51.510318756103516,205.6334228515625,0.9992711544036865,2.9739623069763184,0.5,9.199999809265137,m34
8.68022346496582,0.5834479928016663,0.33000001311302185,1.2000000476837158,0.05299999937415123,10.0,134.4814453125,0.9945001602172852,3.0610408782958984,0.38491949439048767,9.899999618530273,m34
7.800000190734863,0.7249995470046997,0.024492060765624046,2.200000047683716,0.09953238815069199,5.850409507751465,28.41501235961914,0.9949144721031189,3.352693557739258,0.5,10.512689590454102,m34
7.099999904632568,0.33000001311302185,0.49000000953674316,12.658576965332031,0.05000000074505806,56.125736236572266,184.15878295898438,0.9980778098106384,3.0399999618530273,0.5299999713897705,9.254396438598633,m34
7.699999809265137,0.6552793979644775,0.0,1.600000023841858,0.09997016191482544,5.055164813995361,13.924772262573242,0.9949861764907837,3.2899999618530273,0.4699999988079071,9.699999809265137,m34
11.510974884033203,0.4199594259262085,0.5545552372932434,7.185179710388184,0.17161549627780914,19.779369354248047,30.28925132751465,1.0002050399780273,2.9582889080047607,0.6200000047683716,9.10086727142334,m34
7.300000190734863,0.6228716969490051,0.11880858242511749,8.482829093933105,0.04600000008940697,5.0,25.017194747924805,0.992711067199707,3.002739667892456,0.3093249201774597,10.960390090942383,m34
5.900000095367432,0.36000001430511475,0.25,1.0744484663009644,0.04699999839067459,21.55399513244629,151.73255920410156,0.9918214082717896,3.240000009536743,0.44999998807907104,10.399999618530273,m34
6.599999904632568,0.5296210050582886,0.20999999344348907,6.644035816192627,0.040901750326156616,52.94936752319336,142.94435119628906,0.9916129112243652,3.0799999237060547,0.34650957584381104,11.800000190734863,m34
6.800000190734863,0.6389248967170715,0.12490803748369217,1.2000000476837158,0.04500000178813934,8.0,32.34714889526367,0.9912061095237732,3.0799999237060547,0.33000001311302185,11.0,m34
7.0,0.23999999463558197,0.3400000035762787,1.600000023841858,0.07182323932647705,15.0,128.74005126953125,0.9918913245201111,3.1447527408599854,0.3799999952316284,10.800000190734863,m34
8.905706405639648,0.7142026424407959,0.3628113567829132,4.47905969619751,0.09605701267719269,21.0,114.73394775390625,0.9993888139724731,3.4452157020568848,0.5913803577423096,9.399999618530273,m34
10.25445556640625,0.7437103390693665,0.6399255394935608,3.9773313999176025,0.49594107270240784,34.0,60.09931945800781,0.9986000061035156,2.8838889598846436,1.2006956338882446,9.5,m34
6.900000095367432,0.6963205933570862,0.0,1.5,0.07398033887147903,11.8563814163208,27.06157875061035,0.9954071640968323,3.3817317485809326,0.5493617057800293,9.600000381469727,m34
6.400000095367432,0.4099999964237213,0.25999999046325684,1.2999999523162842,0.05000000074505806,10.0,94.53120422363281,0.9927077889442444,3.059999942779541,0.44999998807907104,9.547760009765625,m34
6.850733280181885,0.339741051197052,0.49000000953674316,3.670866012573242,0.04500000178813934,15.0,160.6549072265625,0.9943302869796753,3.359999895095825,0.5,10.458226203918457,m34
6.800000190734863,0.6921113729476929,0.0,2.5,0.08051152527332306,8.805856704711914,29.543807983398438,0.99566650390625,3.4577982425689697,0.550000011920929,10.399999618530273,m34
7.486866474151611,0.1899999976158142,0.30000001192092896,1.2000000476837158,0.038700032979249954,45.0,110.70894622802734,0.9920055866241455,3.059999942779541,0.4434310793876648,10.199999809265137,m34
7.400000095367432,0.8098534941673279,0.0,1.7000000476837158,0.08832958340644836,28.0,59.283607482910156,0.9945477247238159,3.319999933242798,0.5550634860992432,10.917262077331543,m34
7.199999809265137,0.25,0.23999999463558197,13.170156478881836,0.08852759003639221,51.0,191.8429718017578,0.9976904392242432,3.268522024154663,0.4399999976158142,9.199999809265137,m34
5.800000190734863,0.36000001430511475,0.27000001072883606,1.0,0.041999999433755875,5.0,51.549076080322266,0.9917865991592407,3.2899999618530273,0.4099999964237213,9.972100257873535,m34
5.864950656890869,0.5857383608818054,0.05213973671197891,1.5,0.04500000178813934,7.0,23.954599380493164,0.9917013049125671,3.2941625118255615,0.3220777213573456,11.399999618530273,m34
7.925960540771484,0.4099999964237213,0.17250779271125793,1.2000000476837158,0.05000000074505806,15.298797607421875,93.69483184814453,0.9927000999450684,3.190000057220459,0.46000000834465027,10.199999809265137,m34
6.199999809265137,0.25,0.25999999046325684,12.551783561706543,0.07090552151203156,16.0,70.02751159667969,0.9960096478462219,3.1700000762939453,0.5199999809265137,9.899999618530273,m34
6.400000095367432,0.43916693329811096,0.04810814559459686,1.2999999523162842,0.04399999976158142,155.4333953857422,220.91696166992188,0.9921143651008606,3.314676523208618,0.41999998688697815,10.644808769226074,m34
7.599999904632568,0.4622647762298584,0.3526175916194916,1.5,0.050999999046325684,8.0,125.61428833007812,0.9926667809486389,3.26108980178833,0.46753302216529846,10.725361824035645,m34
7.099999904632568,0.730808436870575,0.0,1.2000000476837158,0.04800000041723251,24.0,47.727760314941406,0.9925709366798401,3.180000066757202,0.3466727137565613,9.936360359191895,m34
9.853516578674316,0.18000000715255737,0.3837968111038208,2.4000000953674316,0.05400000140070915,22.0,123.65668487548828,0.9955000281333923,3.332594633102417,0.4329792261123657,9.199999809265137,m34
7.78770112991333,0.7609629034996033,0.0,2.700000047683716,0.10276705026626587,16.490041732788086,35.10426712036133,0.9968070983886719,3.359999895095825,0.5400000214576721,9.800000190734863,m34
8.542292594909668,0.33000001311302185,0.4000000059604645,1.2999999523162842,0.03999999910593033,19.77834129333496,140.97573852539062,0.9928420782089233,3.0799999237060547,0.3245026171207428,9.399999618530273,m34
6.599999904632568,0.6646157503128052,0.0,2.0,0.07424420863389969,15.0,26.8753662109375,0.9943035840988159,3.4082746505737305,0.6800000071525574,11.199999809265137,m34
7.900000095367432,0.7606930136680603,0.01835787482559681,2.299999952316284,0.08148297667503357,27.021217346191406,54.026119232177734,0.9972746968269348,3.5000596046447754,0.5600000023841858,9.618668556213379,m34
6.900000095367432,0.25999999046325684,0.20999999344348907,1.600000023841858,0.05299999937415123,55.10263442993164,212.25682067871094,0.9932635426521301,3.3339240550994873,0.48983481526374817,9.944963455200195,m34
6.400000095367432,0.30000001192092896,0.25,8.942831993103027,0.07779999077320099,30.0,207.1709442138672,0.9965972304344177,3.3399999141693115,0.532525897026062,9.199999809265137,m34
6.300000190734863,0.6482669711112976,0.0,7.081879138946533,0.04600000008940697,60.97521209716797,199.48387145996094,0.9955467581748962,3.240000009536743,0.47999998927116394,9.699999809265137,m34
7.91787576675415,0.2199999988079071,0.36000001430511475,2.0999999046325684,0.03099999949336052,9.0,43.89634323120117,0.9902291893959045,3.0319900512695312,0.38999998569488525,12.300000190734863,m34
6.900000095367432,0.8105176091194153,0.007616526912897825,3.6144304275512695,0.09887055307626724,21.0,34.66880798339844,0.9956858158111572,3.5308029651641846,0.550000011920929,11.800000190734863,m34
6.199999809265137,0.3292893171310425,0.31182366609573364,0.9119521975517273,0.04272356256842613,11.296651840209961,59.17342758178711,0.9907934069633484,3.25,0.3799999952316284,10.981078147888184,m34
7.099999904632568,0.17000000178813934,0.6522283554077148,16.987150192260742,0.05000000074505806,32.52064514160156,163.81602478027344,0.9985597133636475,2.9055705070495605,0.49000000953674316,8.844511985778809,m34
6.5,0.760899007320404,0.0,1.399999976158142,0.5119553804397583,12.0,26.000642776489258,0.9940270781517029,3.3678207397460938,0.5299999713897705,10.199999809265137,m34
6.859155654907227,0.33954471349716187,0.46000000834465027,11.88624095916748,0.047110170125961304,41.13526153564453,188.02516174316406,0.9977082014083862,3.069999933242798,0.7100562453269958,9.600000381469727,m34
7.900000095367432,0.6992852091789246,0.08300824463367462,2.6864113807678223,0.04500000178813934,6.0,28.51137351989746,0.9926983118057251,3.0899999141693115,0.3066732585430145,10.5,m34
7.599999904632568,0.23999999463558197,0.3499999940395355,3.2307474613189697,0.04800000041723251,60.78012466430664,196.48875427246094,0.9956488013267517,3.440000057220459,0.6700000166893005,10.0,m34
8.673797607421875,0.18000000715255737,0.3499999940395355,10.69923210144043,0.05900000035762787,51.934608459472656,191.85256958007812,0.9974886775016785,3.1349830627441406,0.44187796115875244,9.590142250061035,m34
7.400000095367432,0.33997616171836853,0.1347137689590454,12.334196090698242,0.05700000002980232,68.24505615234375,195.00543212890625,0.9973499774932861,3.0799999237060547,0.49000000953674316,9.300000190734863,m34
6.400000095367432,0.23000000417232513,0.23497702181339264,1.7890411615371704,0.06072714552283287,19.0,130.8979034423828,0.9938725829124451,3.380000114440918,0.5199999809265137,9.5,m34
6.699999809265137,0.35155174136161804,0.3499999940395355,11.206801414489746,0.05299999937415123,58.9304313659668,205.80409240722656,0.9967010617256165,3.189636468887329,0.5400000214576721,9.199999809265137,m34
7.0,0.753977358341217,0.030878568068146706,2.0999999046325684,0.08254387229681015,33.0,52.0055046081543,0.9957788586616516,3.4200000762939453,0.5279830694198608,9.99754524230957,m34
6.300000190734863,0.6560304760932922,0.018046848475933075,1.0,0.041999999433755875,3.9102578163146973,17.90338134765625,0.9916752576828003,3.140000104904175,0.3799999952316284,9.600000381469727,m34
8.613311767578125,0.8187268972396851,0.03731076791882515,1.4124823808670044,0.0855862945318222,16.0,25.52753257751465,0.9953486919403076,3.259999990463257,0.46000000834465027,9.899999618530273,m34
9.087010383605957,0.5,0.2642352879047394,5.14156436920166,0.0543024055659771,19.604501724243164,55.7909049987793,0.9943996667861938,2.9728028774261475,0.3499999940395355,9.300000190734863,m34
6.300000190734863,0.7115297913551331,0.0,1.399999976158142,0.08368780463933945,14.0,23.235454559326172,0.993613600730896,3.4212958812713623,0.5899999737739563,10.561511993408203,m34
6.900000095367432,0.30000001192092896,0.25,1.2000000476837158,0.03099999949336052,36.0,96.50830841064453,0.9902924299240112,3.0299999713897705,0.4300000071525574,11.800000190734863,m34
7.599999904632568,0.4300000071525574,0.3100000023841858,13.274377822875977,0.05299999937415123,28.0,184.86331176757812,0.9975014328956604,3.130000114440918,0.5199999809265137,9.61204719543457,m34
10.721548080444336,0.8349574208259583,0.5334227681159973,2.700000047683716,0.12679795920848846,12.375889778137207,39.123931884765625,1.0002455711364746,3.1700000762939453,0.5799999833106995,9.399999618530273,m34
6.800000190734863,0.3499999940395355,0.19142752885818481,8.933964729309082,0.035999998450279236,12.0,73.66875457763672,0.9927075505256653,3.0899999141693115,0.3400000035762787,11.061986923217773,m34
8.109347343444824,0.715240478515625,0.23710867762565613,1.7999999523162842,0.11342182755470276,7.889626979827881,25.392494201660156,0.9955247044563293,3.359999895095825,0.5649697780609131,9.5,m34
6.699999809265137,0.7083812952041626,0.2199999988079071,6.411196231842041,0.12082517147064209,5.0,13.819748878479004,0.995755136013031,3.5048961639404297,0.5799999833106995,12.637833595275879,m34
6.576077938079834,0.12375970184803009,0.45016416907310486,1.2333365678787231,0.035999998450279236,12.0,67.63555908203125,0.9906258583068848,3.140000104904175,0.6200000047683716,11.199999809265137,m34
9.762839317321777,0.8050302267074585,0.17470240592956543,1.7999999523162842,0.08398587256669998,11.77243709564209,26.113508224487305,0.9956504702568054,3.1977481842041016,0.46000000834465027,9.677919387817383,m34
9.035176277160645,0.30000001192092896,0.3100000023841858,7.883785247802734,0.05400000140070915,8.0,43.263450622558594,0.9948135614395142,2.9974465370178223,0.3799999952316284,9.5,m34
7.400000095367432,0.2800000011920929,0.30000001192092896,1.899999976158142,0.0531010776758194,41.0,192.1770782470703,0.9941739439964294,3.341665506362915,0.5473756194114685,10.300000190734863,m34
6.0,0.20000000298023224,0.23999999463558197,1.9097946882247925,0.048362575471401215,24.0,86.87985229492188,0.9913709163665771,3.0995709896087646,0.5199999809265137,10.600000381469727,m34
6.5,0.3199999928474426,0.1070355698466301,1.0,0.03700000047683716,25.0,141.41708374023438,0.9914346933364868,3.2200000286102295,0.4300000071525574,10.324631690979004,m34
7.599999904632568,0.25999999046325684,0.3849330544471741,13.056658744812012,0.055216364562511444,52.93231964111328,191.64459228515625,0.9972389936447144,3.049999952316284,0.46000000834465027,9.199999809265137,m34
6.900000095367432,0.2800000011920929,0.5695883631706238,11.113446235656738,0.05000000074505806,42.33001708984375,180.83535766601562,0.9973530769348145,3.1787147521972656,0.4399999976158142,8.800000190734863,m34
6.900000095367432,0.18000000715255737,0.2800000011920929,6.314714431762695,0.035999998450279236,31.15340805053711,112.78276062011719,0.9942405819892883,3.1700000762939453,0.5899999737739563,9.757274627685547,m34
6.300000190734863,0.7065902352333069,0.0,1.600000023841858,0.17467470467090607,14.566850662231445,24.014610290527344,0.9926009178161621,3.4120113849639893,0.6600000262260437,11.199999809265137,m34
7.199999809265137,0.6471558809280396,0.1899999976158142,1.100000023841858,0.0357196107506752,6.0,17.847652435302734,0.9928475618362427,3.140000104904175,0.3400000035762787,9.300000190734863,m34
6.800000190734863,0.6004630923271179,0.004390086978673935,1.4573256969451904,0.08955779671669006,5.0,27.68430519104004,0.9949204325675964,3.3734042644500732,0.5199999809265137,10.0,m34
6.551946640014648,0.36000001430511475,0.2199999988079071,1.343071460723877,0.050999999046325684,8.754368782043457,50.40166473388672,0.9923878908157349,3.1500000953674316,0.3799999952316284,9.199999809265137,m34
7.699999809265137,0.865062415599823,0.0032607801258563995,2.0999999046325684,0.11813212931156158,7.0,19.97745132446289,0.9934104681015015,3.323399782180786,0.41999998688697815,11.710021018981934,m34
7.300000190734863,0.27000001072883606,0.25999999046325684,14.355093955993652,0.07400000095367432,31.0,200.4232635498047,0.9990493059158325,3.0999999046325684,0.5600000023841858,9.199999809265137,m34
6.599999904632568,0.38043466210365295,0.30000001192092896,9.089688301086426,0.05000000074505806,66.86083221435547,213.25523376464844,0.9960508346557617,3.2699999809265137,0.5400000214576721,9.399999618530273,m34
9.478490829467773,0.38999998569488525,0.38999998569488525,1.3475072383880615,0.04500000178813934,14.024824142456055,92.53617095947266,0.9937018156051636,3.004957675933838,0.4248705506324768,9.600000381469727,m34
6.371899127960205,0.3321395814418793,0.33000001311302185,2.200000047683716,0.07618822902441025,54.566280364990234,211.5221710205078,0.995169997215271,3.5359487533569336,0.6882600784301758,9.100000381469727,m34
9.581500053405762,0.7534300684928894,0.5376015305519104,11.470033645629883,0.14336195588111877,52.7211799621582,199.9130401611328,0.9987742304801941,2.913910388946533,0.6899259686470032,10.0,m34
8.100000381469727,0.7290162444114685,0.03568964824080467,1.644028902053833,0.03377724066376686,8.0,16.050073623657227,0.993606686592102,3.0999999046325684,0.27545249462127686,9.53504467010498,m34
10.274041175842285,0.7109879851341248,0.25999999046325684,2.0999999046325684,0.32238340377807617,14.0,23.15143394470215,0.9983088374137878,3.385685443878174,0.6767146587371826,11.0,m34
10.674030303955078,0.4300000071525574,0.41999998688697815,1.5,0.07645120471715927,6.807941913604736,14.222630500793457,0.9983584880828857,3.0121729373931885,0.5996078848838806,8.899999618530273,m34
6.266189098358154,0.1734742820262909,0.28999999165534973,1.4068243503570557,0.06374367326498032,30.0,154.6845703125,0.9932906627655029,3.531403064727783,0.5233469009399414,9.794524192810059,m34
7.5,0.4000000059604645,0.5818430781364441,11.212517738342285,0.03999999910593033,55.0,163.32998657226562,0.9968519806861877,3.109999895095825,0.3799999952316284,8.771469116210938,m34
9.019994735717773,0.25,0.5305865406990051,1.42048180103302,0.041320011019706726,16.0,33.41534423828125,0.9932894110679626,2.925950765609741,0.41999998688697815,10.800000190734863,m34
10.264067649841309,0.9055598974227905,0.13771754503250122,2.0999999046325684,0.0640852078795433,10.791728019714355,17.321022033691406,0.9967302083969116,3.109999895095825,0.46354037523269653,10.399999618530273,m34
6.099999904632568,0.5653042793273926,0.3499999940395355,1.7758476734161377,0.08406165987253189,27.249361038208008,74.50965118408203,0.9958204030990601,3.415025472640991,0.5,9.100000381469727,m34
6.099999904632568,0.5131186842918396,0.23000000417232513,1.2999999523162842,0.06461701542139053,17.0,78.99917602539062,0.9924205541610718,3.25,0.46000000834465027,9.713117599487305,m34
6.800000190734863,0.6539294123649597,0.0,1.7246453762054443,0.10055824369192123,7.307065486907959,17.627220153808594,0.9953008890151978,3.3894248008728027,0.6800000071525574,10.736713409423828,m34
11.491710662841797,0.6282913684844971,0.7030968070030212,7.795942306518555,0.17001216113567352,15.518501281738281,101.47698211669922,1.031576156616211,3.0040154457092285,0.7894553542137146,12.823448181152344,m34
5.561888217926025,0.6314747333526611,0.02634144015610218,1.2000000476837158,0.03597286343574524,23.0,45.71297073364258,0.9905869364738464,3.3399999141693115,0.33000001311302185,11.0,m34
7.300000190734863,0.25999999046325684,0.36000001430511475,8.896659851074219,0.04399999976158142,67.84146881103516,184.72727966308594,0.995668888092041,3.0,0.41999998688697815,9.362810134887695,m34
8.95466136932373,0.2199999988079071,0.3400000035762787,8.14332103729248,0.035999998450279236,12.0,56.45236587524414,0.9937781691551208,3.0182511806488037,0.33000001311302185,9.800000190734863,m34
7.0,0.27000001072883606,0.1704501211643219,4.2007269859313965,0.04100000113248825,67.07532501220703,168.80682373046875,0.9924254417419434,3.0399999618530273,0.3799999952316284,9.848761558532715,m34
7.900000095367432,0.7929349541664124,0.0,1.2000000476837158,0.09371639043092728,16.0,35.31264877319336,0.9947658777236938,3.2628955841064453,0.550000011920929,9.800000190734863,m34
5.942454814910889,0.4000000059604645,0.30000001192092896,7.8318328857421875,0.08399999886751175,41.280914306640625,208.70956420898438,0.9953511357307434,3.25937819480896,0.38999998569488525,9.199999809265137,m34
7.5,0.19990792870521545,0.27000001072883606,2.028599977493286,0.04899999871850014,59.51462173461914,212.73907470703125,0.995330274105072,3.3419582843780518,0.5,9.5,m34
6.199999809265137,0.20928843319416046,0.2923748791217804,2.4000000953674316,0.04100000113248825,13.117795944213867,128.0,0.9924326539039612,3.2899999618530273,0.7819573879241943,11.100000381469727,m34
8.843337059020996,0.1899999976158142,0.30000001192092896,1.0230478048324585,0.04899999871850014,5.0,54.23568344116211,0.9914017915725708,2.991574287414551,0.3885558247566223,11.300000190734863,m34
6.0,0.2985992729663849,0.38999998569488525,2.299999952316284,0.051123496145009995,7.0,76.54605865478516,0.9908103346824646,3.184356927871704,0.500084400177002,11.199999809265137,m34
6.400000095367432,0.23999999463558197,0.30000001192092896,1.2999999523162842,0.04600000008940697,55.0,193.93704223632812,0.9911252856254578,3.1600000858306885,0.4399999976158142,11.399999618530273,m34
6.599999904632568,0.23000000417232513,0.5476251244544983,13.946329116821289,0.06108655408024788,47.0,122.49427795410156,0.9977611303329468,3.0799999237060547,0.5199999809265137,9.0,m34
7.800000190734863,0.5403354167938232,0.20999999344348907,3.4923529624938965,0.08550845831632614,8.256454467773438,81.02055358886719,0.9944663643836975,3.015180826187134,0.4054384231567383,9.199999809265137,m34
7.099999904632568,0.6642498970031738,0.1899999976158142,2.5192766189575195,0.1846713274717331,4.136290073394775,11.112998008728027,0.9969368577003479,3.5313024520874023,0.6922995448112488,11.800000190734863,m34
7.099999904632568,0.670017659664154,0.45138248801231384,1.2999999523162842,0.05299999937415123,7.6269755363464355,155.13267517089844,0.9932109713554382,3.0999999046325684,0.44999998807907104,9.139593124389648,m34
6.5,0.3799999952316284,0.30000001192092896,1.2999999523162842,0.036088548600673676,6.0,126.75409698486328,0.9928842186927795,3.309999942779541,0.47914010286331177,9.899999618530273,m34
6.82443904876709,0.6918322443962097,0.04497328773140907,1.399999976158142,0.04899999871850014,68.12105560302734,187.95648193359375,0.9924920797348022,3.200000047683716,0.31200477480888367,10.5,m34
7.637575626373291,0.5298317074775696,0.295089989900589,2.299999952316284,0.041999999433755875,6.0,79.14396667480469,0.9938355684280396,3.1600000858306885,0.36021947860717773,9.5,m34
6.699999809265137,0.7153941988945007,0.12832032144069672,1.5,0.039000000804662704,11.047483444213867,24.02352523803711,0.9929782748222351,3.259999990463257,0.3349789083003998,9.5,m34
6.046034336090088,0.25999999046325684,0.13018421828746796,1.2610499858856201,0.04399999976158142,15.0,139.83485412597656,0.99241703748703,3.140000104904175,0.46000000834465027,9.300000190734863,m34
6.400000095367432,0.30000001192092896,0.27000001072883606,5.250377178192139,0.08399999886751175,38.588138580322266,198.3314208984375,0.9956130385398865,3.4422526359558105,0.5299999713897705,9.792962074279785,m34
5.9324235916137695,0.4683750867843628,0.03744979202747345,2.0999999046325684,0.05299999937415123,16.0,68.28858947753906,0.9928586483001709,3.4512557983398438,0.49000000953674316,10.199999809265137,m34
8.399999618530273,0.40346264839172363,0.3700000047683716,1.2999999523162842,0.08399999886751175,10.0,89.80879211425781,0.9936093091964722,3.159372568130493,0.4300000071525574,10.328428268432617,m34
5.800000190734863,0.3343341052532196,0.25,11.569321632385254,0.0430000014603138,31.0,109.46421813964844,0.9955493211746216,3.180000066757202,0.3798249661922455,8.47421932220459,m34
6.800000190734863,0.33000001311302185,0.25999999046325684,1.7999999523162842,0.0676310658454895,72.66179656982422,205.32801818847656,0.9943861365318298,3.4554169178009033,0.6399999856948853,10.399999618530273,m34
6.900000095367432,0.5296367406845093,0.08877836167812347,7.030545711517334,0.04817681014537811,18.0,45.586273193359375,0.9925748109817505,3.0399999618530273,0.33000001311302185,10.5,m34
7.010029315948486,0.2800000011920929,0.2983786463737488,12.29830265045166,0.07800000160932541,50.344573974609375,196.71255493164062,0.9977891445159912,3.250239372253418,0.5799999833106995,9.597108840942383,m34
6.599999904632568,0.22602753341197968,0.4482762813568115,1.399999976158142,0.04500000178813934,15.0,91.10517120361328,0.9915623664855957,3.0299999713897705,0.6627057790756226,10.800000190734863,m34
6.400000095367432,0.2800000011920929,0.2201211005449295,11.31975269317627,0.054999999701976776,13.461492538452148,129.45846557617188,0.9959825277328491,3.1053197383880615,0.4300000071525574,8.800467491149902,m34
6.562562942504883,0.39220601320266724,0.23999999463558197,14.31259536743164,0.05900000035762787,54.436553955078125,207.65252685546875,0.9986676573753357,3.1600000858306885,0.5665692687034607,8.800000190734863,m34
6.800000190734863,0.4239307940006256,0.30000001192092896,1.3427190780639648,0.04600000008940697,8.0,149.41184997558594,0.990408718585968,3.049999952316284,0.5,12.346720695495605,m34
6.3385090827941895,0.6131398677825928,0.13196252286434174,1.399999976158142,0.04899999871850014,9.0,50.23211669921875,0.9936071634292603,3.200000047683716,0.3622998595237732,9.100000381469727,m34
9.730792045593262,0.5997505187988281,0.7042669057846069,2.5999999046325684,0.5886046886444092,17.0,48.7337646484375,0.9986000061035156,2.878361940383911,0.9860023260116577,9.576884269714355,m34
6.599999904632568,0.3799999952316284,0.0,1.0,0.04758027195930481,13.176029205322266,53.99372863769531,0.9915370345115662,3.2445199489593506,0.47999998927116394,10.199999809265137,m34
5.877015590667725,0.25999999046325684,0.4599872827529907,1.2000000476837158,0.04699999839067459,12.188409805297852,113.0,0.9907505512237549,3.1700000762939453,0.38497936725616455,11.075396537780762,m34
5.919058322906494,0.2199999988079071,0.3583405613899231,1.2000000476837158,0.06476575136184692,30.0,111.81230163574219,0.9903013110160828,3.190000057220459,0.44120317697525024,11.999493598937988,m34
6.199999809265137,0.23999999463558197,0.3199999928474426,7.672466278076172,0.052000001072883606,7.0,51.54804992675781,0.9908056855201721,3.0799999237060547,0.4822041690349579,12.547873497009277,m34
6.056748390197754,0.36000001430511475,0.49000000953674316,7.516739845275879,0.07800000160932541,61.364742279052734,201.03550720214844,0.9945817589759827,3.140000104904175,0.4699999988079071,9.206380844116211,m34
7.099999904632568,0.5381097197532654,0.1899999976158142,4.725245475769043,0.07400000095367432,8.892848014831543,54.960777282714844,0.9928334355354309,3.130988836288452,0.47999998927116394,11.100000381469727,m34
7.5,0.7526952028274536,0.2800000011920929,0.7444967031478882,0.03500000014901161,21.0,82.21068572998047,0.9921170473098755,3.1500000953674316,0.33000001311302185,10.559608459472656,m34
6.870291709899902,0.7505889534950256,0.0,1.7000000476837158,0.08461509644985199,9.007161140441895,28.46982192993164,0.9939966797828674,3.4623634815216064,0.6399999856948853,11.0,m34
6.619393825531006,0.2955189049243927,0.15853610634803772,1.6746513843536377,0.0560000017285347,33.12245178222656,107.95305633544922,0.9938248991966248,3.4420645236968994,0.6299999952316284,9.5,m34
6.800000190734863,0.5637904405593872,0.1101478561758995,0.9262110590934753,0.03999999910593033,9.632619857788086,79.32579803466797,0.9921880960464478,3.0899999141693115,0.3700000047683716,9.257750511169434,m34
6.599999904632568,0.5006871223449707,0.17869062721729279,1.2000000476837158,0.041999999433755875,49.0,163.8792266845703,0.9919705986976624,3.140000104904175,0.31582963466644287,10.199999809265137,m34
5.7213053703308105,0.4300000071525574,0.07652535289525986,1.1945013999938965,0.04600000008940697,9.0,81.10137176513672,0.9922400712966919,3.2300000190734863,0.3700000047683716,8.899999618530273,m34
7.300000190734863,0.4868345856666565,0.19674427807331085,9.895744323730469,0.07602858543395996,27.0,127.99079895019531,0.9947324991226196,2.9889376163482666,0.38999998569488525,11.0,m34
6.0,0.6551677584648132,0.034526288509368896,1.3642674684524536,0.06204487010836601,28.0,97.52745819091797,0.9931727647781372,3.309999942779541,0.5,9.199999809265137,m34
6.199999809265137,0.5896085500717163,0.0,1.0,0.054999999701976776,19.0,50.930641174316406,0.9918867349624634,3.388939142227173,0.47999998927116394,9.800000190734863,m34
8.379194259643555,0.3734581768512726,0.7073948979377747,11.997426986694336,0.04699999839067459,65.72882080078125,178.38560485839844,0.9976375102996826,3.0407185554504395,0.4300000071525574,8.497817039489746,m34
7.400000095367432,0.26783403754234314,0.3400000035762787,7.039324760437012,0.043237775564193726,60.8175163269043,196.27239990234375,0.9964126944541931,3.3213231563568115,0.5199999809265137,9.199703216552734,m34
8.154923439025879,0.2199999988079071,0.27031856775283813,11.272533416748047,0.055775657296180725,45.0,169.19305419921875,0.9989000558853149,3.380000114440918,0.6000000238418579,8.9667387008667,m34
6.5,0.6036965250968933,0.1312362253665924,2.200000047683716,0.04699999839067459,8.0,34.70268630981445,0.9931542277336121,3.309999942779541,0.3499999940395355,9.399999618530273,m34
7.300000190734863,0.7601019740104675,0.009190412238240242,2.289975166320801,0.17329594492912292,5.0,14.512843132019043,0.9961500763893127,3.4421908855438232,0.6399999856948853,10.0,m34
7.699999809265137,0.8732903599739075,0.00956361647695303,2.700000047683716,0.11589673906564713,9.0,14.323644638061523,0.9967338442802429,3.369999885559082,0.46000000834465027,10.625904083251953,m34
7.0,0.6028493642807007,0.15712368488311768,1.5974843502044678,0.04100000113248825,14.589426040649414,87.90498352050781,0.9918126463890076,3.0985829830169678,0.33000001311302185,10.199999809265137,m34
6.300000190734863,0.8515446782112122,0.05149170756340027,2.188094139099121,0.04757643863558769,21.0,28.605159759521484,0.9955793619155884,3.5541467666625977,0.5699999928474426,10.899999618530273,m34
6.0,0.3100000023841858,0.19132311642169952,1.600000023841858,0.047786422073841095,204.4220733642578,199.50440979003906,0.9918102622032166,3.3238987922668457,0.5600000023841858,10.199999809265137,m34
7.973034381866455,0.4829709231853485,0.5368174314498901,13.00611400604248,0.05000000074505806,96.69857025146484,194.74668884277344,0.9980400800704956,2.9416239261627197,0.43336716294288635,9.100000381469727,m34
6.300000190734863,0.20999999344348907,0.25999999046325684,3.9405224323272705,0.05000000074505806,68.9654312133789,203.937744140625,0.9962000250816345,3.516451835632324,0.664679765701294,9.399999618530273,m34
8.300000190734863,0.8374693393707275,0.11413642764091492,2.826345205307007,0.08302038162946701,16.0,44.375160217285156,0.9956616163253784,3.359999895095825,0.46000000834465027,10.5,m34
7.199999809265137,0.7199866771697998,0.0,2.200000047683716,0.1140817180275917,6.0,19.968809127807617,0.9958914518356323,3.507596492767334,0.6100000143051147,10.699999809265137,m34
8.300000190734863,0.8066735863685608,0.08183351159095764,6.474669933319092,0.0804971307516098,23.675241470336914,66.04236602783203,0.9980000257492065,3.321359395980835,0.550000011920929,9.0,m34
6.900000095367432,0.17000000178813934,0.3700000047683716,9.785447120666504,0.03799999877810478,26.0,95.63462829589844,0.9929914474487305,2.9643056392669678,0.6200000047683716,11.881089210510254,m34
8.60534954071045,0.8580271005630493,0.19742198288440704,1.899999976158142,0.08399999886751175,20.20100212097168,74.13673400878906,0.9957946538925171,3.213768720626831,0.4399999976158142,10.14842700958252,m34
7.699999809265137,0.3400000035762787,0.23999999463558197,4.6610188484191895,0.04399999976158142,8.0,81.63825988769531,0.9911386966705322,2.953800678253174,0.33000001311302185,11.300000190734863,m34
6.800000190734863,0.7382252812385559,0.15938246250152588,1.600000023841858,0.281366765499115,10.0,156.0023651123047,0.9948171377182007,3.3499999046325684,0.5699999928474426,9.5,m34
7.199999809265137,0.5654177069664001,0.30703043937683105,14.171481132507324,0.09469155222177505,38.08799743652344,192.7452850341797,0.9984122514724731,2.972384214401245,0.5571106672286987,9.561843872070312,m34
7.5,0.5961804986000061,0.29403600096702576,1.2000000476837158,0.094386026263237,7.0,75.54560089111328,0.9943617582321167,3.3509442806243896,0.41999998688697815,9.718400955200195,m34
6.06956148147583,0.30884936451911926,0.38569948077201843,10.621858596801758,0.041999999433755875,66.25212860107422,204.7779083251953,0.9966109991073608,3.281053066253662,0.5114954710006714,9.199999809265137,m34
7.900000095367432,0.3100000023841858,0.4888566732406616,13.818049430847168,0.05400000140070915,55.89521026611328,197.3680419921875,0.998004674911499,3.0060555934906006,0.5,9.300000190734863,m34
8.804166793823242,0.394532173871994,0.2199999988079071,2.5,0.07800000160932541,10.0,179.53221130371094,0.9948475956916809,3.0899999141693115,0.5299999713897705,9.581908226013184,m34
6.6409125328063965,0.7362152934074402,0.0,2.299999952316284,0.06123829260468483,18.0,32.403778076171875,0.9958978295326233,3.519887685775757,0.5799999833106995,11.199999809265137,m34
6.199999809265137,0.25,0.117061547935009,1.0,0.04500000178813934,19.0,76.0793228149414,0.9910247921943665,3.1500000953674316,0.4384482204914093,10.399999618530273,m34
11.765312194824219,0.6492156982421875,0.7144911289215088,6.523191452026367,0.4901933968067169,22.0,34.42250442504883,1.0062527656555176,2.879067897796631,0.7680798768997192,10.090287208557129,m34
9.613170623779297,0.519483745098114,0.6706629395484924,10.14966106414795,0.23794300854206085,51.50498580932617,154.64988708496094,1.0001213550567627,2.9343748092651367,0.9020376205444336,10.899999618530273,m34
6.699999809265137,0.18000000715255737,0.3799999952316284,9.958050727844238,0.06296394020318985,16.0,111.0,0.9950942993164062,2.9436628818511963,0.5299999713897705,10.01197338104248,m34
6.0,0.6204066276550293,0.0,2.4000000953674316,0.06867141276597977,5.407690048217773,25.895755767822266,0.9911587834358215,3.475351095199585,0.5600000023841858,12.600000381469727,m34
6.699999809265137,0.7168556451797485,0.0,2.5999999046325684,0.08351629972457886,6.0,15.165595054626465,0.994307816028595,3.5399088859558105,0.6299999952316284,12.0,m34
9.142707824707031,0.24960459768772125,0.30000001192092896,8.497934341430664,0.04006372392177582,23.0,62.89223098754883,0.9953533411026001,2.9470882415771484,0.4699999988079071,10.300000190734863,m34
6.900000095367432,0.7473583817481995,0.12528125941753387,1.7999999523162842,0.06883066147565842,7.0,51.187992095947266,0.9940383434295654,3.1206371784210205,0.3799999952316284,9.199999809265137,m34
7.199999809265137,0.4941393733024597,0.6300233006477356,13.617887496948242,0.05000000074505806,47.65309143066406,164.40390014648438,0.997180163860321,3.0171127319335938,0.46436911821365356,8.800000190734863,m34
6.099999904632568,0.41717374324798584,0.095674529671669,11.904717445373535,0.06346204876899719,14.0,107.33295440673828,0.9965915679931641,3.25,0.5299999713897705,9.5,m34
8.0,0.7563172578811646,0.0,1.600000023841858,0.08821624517440796,5.816324234008789,17.564353942871094,0.9951595664024353,3.25,0.5,10.300000190734863,m34
8.399999618530273,0.25999999046325684,0.3155737817287445,1.2999999523162842,0.06276735663414001,45.0,189.16586303710938,0.99480801820755,3.369429588317871,0.5138874650001526,9.399999618530273,m34
8.28731918334961,0.38740700483322144,0.3100000023841858,17.1801815032959,0.11475327610969543,21.0,191.29429626464844,0.9993711709976196,2.9798333644866943,0.41999998688697815,9.100000381469727,m34
9.95244026184082,0.3100000023841858,0.4133327603340149,1.2999999523162842,0.05700000002980232,18.0,25.009899139404297,0.9937971234321594,3.140000104904175,0.6000000238418579,10.887969970703125,m34
8.32314395904541,0.7932395339012146,0.0,1.600000023841858,0.07499150931835175,16.67005729675293,25.3012752532959,0.9955000281333923,3.4107353687286377,0.6400395035743713,10.395522117614746,m34
6.5,0.8155021667480469,0.07091590017080307,1.2000000476837158,0.039000000804662704,14.189022064208984,27.75046157836914,0.9914782047271729,3.1544065475463867,0.38999998569488525,10.462797164916992,m34
7.099999904632568,0.4184906780719757,0.38999998569488525,2.9736647605895996,0.03700000047683716,47.0,138.1429901123047,0.9910249710083008,3.190000057220459,0.3799999952316284,12.100000381469727,m34
7.199999809265137,0.9036258459091187,0.0,2.4000000953674316,0.05756819620728493,23.0,32.08993911743164,0.9937676191329956,3.2899999618530273,0.4029791057109833,10.5,m34
6.0,0.7242389917373657,0.20649437606334686,1.899999976158142,0.07057037204504013,20.0,44.187530517578125,0.993382453918457,3.359999895095825,0.5099999904632568,10.209060668945312,m34
6.099999904632568,0.12909050285816193,0.30000001192092896,5.864708423614502,0.04600000008940697,33.0,105.67620849609375,0.9926364421844482,3.140000104904175,0.40468284487724304,9.899999618530273,m34
6.099999904632568,0.3199999928474426,0.28971198201179504,4.974581718444824,0.04800000041723251,29.0,123.881591796875,0.9932539463043213,3.415505886077881,0.5600000023841858,10.700992584228516,m34
8.187692642211914,0.6570826768875122,0.30000001192092896,1.787657618522644,0.09106951206922531,19.0,37.58213806152344,0.9967700242996216,3.3665177822113037,0.6100000143051147,9.199999809265137,m34
5.928677558898926,0.1899999976158142,0.23999999463558197,4.848669528961182,0.050999999046325684,16.0,146.17666625976562,0.9928165674209595,3.2200000286102295,0.6060097217559814,10.600000381469727,m34
7.963716506958008,0.3392491638660431,0.465988427400589,1.7000000476837158,0.08399999886751175,5.338376998901367,134.61386108398438,0.9965973496437073,3.4200000762939453,0.5799999833106995,9.199999809265137,m34
7.699999809265137,0.20000000298023224,0.41999998688697815,1.0,0.03099999949336052,10.0,20.21318244934082,0.9909509420394897,2.964780330657959,0.5885739922523499,11.164756774902344,m34
7.0,0.38999998569488525,0.25999999046325684,9.014140129089355,0.08004890382289886,60.215904235839844,196.48204040527344,0.9962447285652161,3.1986236572265625,0.5,9.117780685424805,m34
10.699130058288574,0.8176146745681763,0.5187475085258484,2.335324764251709,0.10271518677473068,21.0,64.40715026855469,0.9996098279953003,3.059999942779541,0.5600000023841858,9.873053550720215,m34
7.099999904632568,0.6796464920043945,0.1015222892165184,2.0,0.0954720601439476,2.524658203125,12.669990539550781,0.9958152770996094,3.461472988128662,0.47999998927116394,9.529485702514648,m34
7.0,0.6893201470375061,0.06665879487991333,2.5,0.10022062808275223,15.0,17.054218292236328,0.9940542578697205,3.390000104904175,0.5799999833106995,11.5,m34
5.986252784729004,0.33000001311302185,0.22729997336864471,6.362103462219238,0.022426707670092583,19.0,36.41117858886719,0.9902699589729309,2.998042345046997,0.4699999988079071,12.00503158569336,m34
7.800000190734863,0.3100000023841858,0.4000000059604645,6.962167739868164,0.03972985967993736,31.0,144.32603454589844,0.9937578439712524,3.159909725189209,0.3773447573184967,10.199999809265137,m34
6.900000095367432,0.25,0.3696962594985962,2.5,0.04399999976158142,69.37528991699219,215.92974853515625,0.9928786754608154,3.1626980304718018,0.5199999809265137,9.800000190734863,m34
7.400000095367432,0.23000000417232513,0.2800000011920929,1.5375012159347534,0.07171300053596497,22.0,118.67619323730469,0.9953455328941345,3.359999895095825,0.538458526134491,8.800000190734863,m34
7.093175888061523,0.7531688809394836,0.0,1.2479251623153687,0.04500000178813934,23.0,71.14146423339844,0.9922806024551392,3.1498351097106934,0.4300000071525574,10.684098243713379,m34
9.743352890014648,0.4956809878349304,0.5176015496253967,1.9078015089035034,0.16417311131954193,19.21678924560547,31.137866973876953,0.9986494779586792,3.0059542655944824,0.9803664684295654,8.800000190734863,m34
6.099999904632568,0.20999999344348907,0.49000000953674316,1.2999999523162842,0.02190655842423439,12.0,41.25375747680664,0.9893476963043213,3.3180971145629883,0.4300000071525574,12.9003267288208,m34
7.699999809265137,0.30000001192092896,0.3400000035762787,2.200000047683716,0.07800000160932541,30.0,195.10385131835938,0.995199978351593,3.380000114440918,0.6000000238418579,10.5,m34
6.5,0.4222143292427063,0.41999998688697815,9.18228816986084,0.04883073642849922,66.6159896850586,210.30311584472656,0.9953981041908264,3.0999999046325684,0.550000011920929,10.0,m34
6.099999904632568,0.6668984293937683,0.0,1.0,0.03400000184774399,27.0,51.050601959228516,0.9919986724853516,3.141549825668335,0.3400000035762787,9.544713020324707,m34
8.261253356933594,0.84626305103302,0.3044109344482422,2.4000000953674316,0.1574467122554779,15.0,52.18990707397461,0.995849609375,3.2200000286102295,0.5,9.300000190734863,m34
7.900000095367432,0.4969181418418884,0.7248803973197937,10.578178405761719,0.09785085171461105,60.818843841552734,144.00543212890625,0.9973390102386475,2.8945417404174805,0.7995813488960266,9.199999809265137,m34
7.5,0.30000001192092896,0.415331095457077,1.2000000476837158,0.04800000041723251,16.0,72.1351089477539,0.9919321537017822,3.140707015991211,0.46000000834465027,11.341504096984863,m34
5.900000095367432,0.8100883364677429,0.0,1.5845363140106201,0.029999999329447746,73.67945098876953,205.20291137695312,0.9912628531455994,3.4170641899108887,0.41999998688697815,11.977584838867188,m34
7.800000190734863,0.23000000417232513,0.2996034324169159,1.2999999523162842,0.05000000074505806,19.0,76.19316864013672,0.9915831089019775,2.9373645782470703,0.5299999713897705,10.800000190734863,m34
6.300000190734863,0.3799999952316284,0.30322855710983276,1.2000000476837158,0.04600000008940697,22.0,135.0504150390625,0.9925867319107056,3.4313714504241943,0.4699999988079071,10.53149127960205,m34
7.5,0.5,0.49000000953674316,14.143000602722168,0.04699999839067459,51.0,177.48484802246094,0.9981154203414917,3.1817846298217773,0.5699999928474426,9.5,m34
6.400000095367432,0.36000001430511475,0.25999999046325684,1.399999976158142,0.034046582877635956,6.0,46.55704879760742,0.9904295206069946,3.180000066757202,0.3799999952316284,11.984835624694824,m34
7.199999809265137,0.44641491770744324,0.20999999344348907,11.036500930786133,0.06233889237046242,19.0,83.10242462158203,0.9968518614768982,3.140000104904175,0.3799999952316284,9.199999809265137,m34
6.5,0.4928119480609894,0.4024569094181061,9.679535865783691,0.05000000074505806,49.0,210.44680786132812,0.9962618947029114,3.1700000762939453,0.46000000834465027,9.663214683532715,m34
6.400000095367432,0.6000271439552307,0.0,1.0,0.03999999910593033,12.539862632751465,22.850482940673828,0.9918769001960754,3.057511568069458,0.30356207489967346,9.300000190734863,m34
8.016944885253906,0.23000000417232513,0.4804072976112366,11.823451042175293,0.03999999910593033,8.0,53.514610290527344,0.9935337901115417,2.9729714393615723,0.33000001311302185,11.300000190734863,m34
6.796437740325928,0.28163889050483704,0.1609012931585312,1.2000000476837158,0.035999998450279236,15.922318458557129,73.65250396728516,0.9909970164299011,3.190000057220459,0.41999998688697815,11.0,m34
10.309268951416016,0.5995177626609802,0.5846734046936035,1.5001015663146973,0.06420564651489258,6.463820934295654,13.772398948669434,0.9973840117454529,3.084418773651123,0.5899999737739563,10.199999809265137,m34
8.0,0.45917990803718567,0.14319616556167603,1.0485354661941528,0.03758301958441734,1.7564043998718262,13.258625984191895,0.9917042255401611,3.1956706047058105,0.30128899216651917,10.586224555969238,m34
7.5,0.754418671131134,0.07884988188743591,1.7999999523162842,0.08758705109357834,5.0,10.632988929748535,0.994388222694397,3.3499999046325684,0.4399999976158142,10.5,m34
8.844698905944824,0.25999999046325684,0.3199999928474426,1.2000000476837158,0.049337539821863174,17.69205665588379,60.54514694213867,0.9930159449577332,3.0399999618530273,0.46000000834465027,10.5,m34
8.770731925964355,0.33000001311302185,0.3313864469528198,0.9681443572044373,0.035999998450279236,6.0,108.13782501220703,0.9915682673454285,2.9444568157196045,0.3311033546924591,10.5,m34
7.400672912597656,0.704491138458252,0.025094088166952133,3.934582471847534,0.03339540213346481,27.0,94.7219009399414,0.9919271469116211,3.0399999618530273,0.34084486961364746,11.0,m34
6.5,0.2530101239681244,0.34516236186027527,1.5,0.032497841864824295,47.0,151.16552734375,0.992390513420105,3.458871841430664,0.5400000214576721,10.600000381469727,m34
6.587646484375,0.7401418685913086,0.0,1.7999999523162842,0.08338863402605057,20.0,24.98111915588379,0.9927854537963867,3.439868450164795,0.550000011920929,11.800000190734863,m34
6.5,0.36000001430511475,0.49000000953674316,11.815567970275879,0.08399999886751175,68.10042572021484,195.86251831054688,0.9967633485794067,2.9644525051116943,0.4399999976158142,9.199999809265137,m34
7.400000095367432,0.2199999988079071,0.40832966566085815,1.028986930847168,0.0560000017285347,29.0,135.10614013671875,0.9910760521888733,2.9871175289154053,0.4099999964237213,11.199999809265137,m34
7.699999809265137,0.24710658192634583,0.49000000953674316,1.600000023841858,0.032999999821186066,3.7732863426208496,50.774776458740234,0.9906945824623108,2.9424071311950684,0.44999998807907104,12.113320350646973,m34
7.800000190734863,0.7710102200508118,0.11509843915700912,1.7000000476837158,0.11744453758001328,5.04119348526001,18.40313148498535,0.9950976967811584,3.239941358566284,0.4751215875148773,9.5,m34
9.910085678100586,0.38999998569488525,0.4963751435279846,1.3900413513183594,0.08822000026702881,5.284829616546631,22.070024490356445,0.9954035878181458,3.1600000858306885,0.5400000214576721,10.336400985717773,m34
6.300000190734863,0.36000001430511475,0.345750093460083,5.986337184906006,0.04600000008940697,45.0,208.35643005371094,0.9936710596084595,3.299999952316284,0.4699999988079071,10.800000190734863,m34
11.18074893951416,0.62981116771698,0.49000000953674316,2.9122445583343506,0.09527228772640228,22.0,62.686859130859375,0.9984078407287598,3.1336264610290527,0.5456394553184509,11.300000190734863,m34
6.527865886688232,0.765981137752533,0.0,1.899999976158142,0.07653545588254929,23.0,31.80877685546875,0.9930033087730408,3.380000114440918,0.5400000214576721,10.899999618530273,m34
6.9873456954956055,0.7510954141616821,0.0,1.600000023841858,0.09851019829511642,23.0,32.61886215209961,0.9934149384498596,3.4000000953674316,0.4699999988079071,10.5,m34
6.800000190734863,0.4482235610485077,0.2800000011920929,1.399999976158142,0.05299999937415123,24.933008193969727,123.55155944824219,0.9930295944213867,3.206693172454834,0.5199999809265137,9.645398139953613,m34
8.409870147705078,0.23999999463558197,0.2537704408168793,2.299999952316284,0.031047135591506958,22.0,128.0,0.9922100901603699,2.9963572025299072,0.6600000262260437,11.300000190734863,m34
6.599999904632568,0.3499999940395355,0.4099999964237213,1.5613285303115845,0.0451846569776535,5.0,127.08826446533203,0.9916843771934509,3.294415235519409,0.4699999988079071,11.199999809265137,m34
8.464388847351074,0.41999998688697815,0.4567706882953644,0.8895637392997742,0.05968024954199791,9.076376914978027,80.21978759765625,0.9923680424690247,3.0129799842834473,0.4233730733394623,10.699999809265137,m34
7.064540386199951,0.47198012471199036,0.42232170701026917,1.0,0.04042745754122734,6.856712341308594,63.1666145324707,0.9901419281959534,3.140000104904175,0.36000001430511475,12.0,m34
7.199999809265137,0.5042430758476257,0.16130509972572327,2.7609305381774902,0.08129485696554184,16.56079864501953,88.0947494506836,0.9961130023002625,3.299999952316284,0.5,9.5,m34
8.300000190734863,0.8379697203636169,0.1899999976158142,1.7000000476837158,0.21050605177879333,1.9331179857254028,10.783607482910156,0.995713472366333,3.1917052268981934,0.4399999976158142,10.800000190734863,m34
7.400000095367432,0.589368462562561,0.13881082832813263,1.507710576057434,0.08393620699644089,6.918615818023682,40.08921813964844,0.9945468306541443,3.259999990463257,0.5299169421195984,9.5,m34
6.800000190734863,0.6624044179916382,0.09934250265359879,7.189294338226318,0.056112371385097504,23.0,68.00044250488281,0.9942945837974548,3.2799999713897705,0.34621739387512207,10.833511352539062,m34
8.199999809265137,0.6883538961410522,0.035113222897052765,2.200000047683716,0.08973691612482071,6.0,40.40468215942383,0.996006429195404,3.359999895095825,0.5,9.5,m34
6.617552757263184,0.3090828061103821,0.2550446689128876,7.820394992828369,0.04893648624420166,28.37781524658203,180.27919006347656,0.9952834248542786,3.2300000190734863,0.49132487177848816,9.5,m34
9.148475646972656,0.18000000715255737,0.3400000035762787,10.763212203979492,0.08090829849243164,44.0,143.28228759765625,0.996265709400177,3.0139448642730713,0.3799999952316284,9.724966049194336,m34
9.930089950561523,0.5619578957557678,0.6809757947921753,2.9000000953674316,0.5635252594947815,28.591920852661133,46.09504699707031,0.9976000189781189,2.8909661769866943,0.9606660604476929,9.600000381469727,m34
7.800000190734863,0.5852271914482117,0.17964456975460052,1.140161156654358,0.05428418889641762,12.0,109.45222473144531,0.9926843643188477,3.1273326873779297,0.3832027018070221,10.0,m34
6.599999904632568,0.38999998569488525,0.25999999046325684,2.00972843170166,0.07034457474946976,31.0,195.44625854492188,0.995199978351593,3.526731014251709,0.5099999904632568,9.699999809265137,m34
6.348251819610596,0.6889496445655823,0.0,2.7436089515686035,0.485403835773468,6.0,21.844438552856445,0.9938662052154541,3.5360524654388428,0.6800000071525574,12.399999618530273,m34
10.093939781188965,0.23000000417232513,0.4000000059604645,1.0,0.03400000184774399,12.0,29.211538314819336,0.9912843704223633,2.905550479888916,0.33000001311302185,10.899999618530273,m34
7.199999809265137,0.49781692028045654,0.236270472407341,1.600000023841858,0.05400000140070915,12.785895347595215,85.76805877685547,0.992080807685852,2.978813886642456,0.687993586063385,10.950141906738281,m34
6.599999904632568,0.6663462519645691,0.018227891996502876,1.899999976158142,0.0961570143699646,6.0,16.236385345458984,0.9929264783859253,3.448737859725952,0.4699999988079071,12.100000381469727,m34
7.0,0.20000000298023224,0.3400000035762787,5.177043914794922,0.03999999910593033,15.0,92.55731964111328,0.9930222630500793,3.049999952316284,0.4399999976158142,10.55799674987793,m34
9.744379997253418,0.5825038552284241,0.49000000953674316,1.2999999523162842,0.10251069813966751,4.792103290557861,12.269148826599121,0.9964739680290222,3.1982421875,0.5099999904632568,9.399999618530273,m34
7.099999904632568,0.2199999988079071,0.44177836179733276,1.815461277961731,0.09146064519882202,21.0,177.29241943359375,0.9952080845832825,3.440000057220459,0.5699999928474426,10.791895866394043,m34
7.199999809265137,0.2271108478307724,0.3646392822265625,2.0999999046325684,0.041999999433755875,37.867088317871094,164.36788940429688,0.9925459027290344,3.381263017654419,0.4933042824268341,11.0,m34
7.5,0.7257341742515564,0.0,2.200000047683716,0.08399999886751175,11.0,14.775996208190918,0.9954497814178467,3.3499999046325684,0.5490615963935852,10.399999618530273,m34
7.300000190734863,0.6585627198219299,0.005199586506932974,1.7999999523162842,0.04899999871850014,12.78031063079834,15.462101936340332,0.9940104484558105,3.3697330951690674,0.5400000214576721,10.399999618530273,m34
7.252601146697998,0.25999999046325684,0.49000000953674316,1.399999976158142,0.04699999839067459,17.262243270874023,99.28719329833984,0.9928334355354309,3.109999895095825,0.3947311341762543,10.253745079040527,m34
7.5,0.3609602153301239,0.41999998688697815,12.921952247619629,0.07531555742025375,50.9068603515625,193.84304809570312,0.9982843399047852,3.25,0.5799999833106995,9.399999618530273,m34
6.199999809265137,0.665340781211853,0.0,1.097556471824646,0.06558991223573685,33.704559326171875,93.20918273925781,0.9926803112030029,3.200000047683716,0.4300000071525574,9.5,m34
6.400000095367432,0.4615168273448944,0.2168845683336258,16.146249771118164,0.06148060783743858,35.0,98.14510345458984,0.9973114728927612,3.180000066757202,0.41999998688697815,9.399999618530273,m34
8.824043273925781,0.7671751976013184,0.12462911009788513,2.4000000953674316,0.09538118541240692,10.0,23.53730583190918,0.9963439702987671,3.190000057220459,0.550000011920929,9.5,m34
7.718225479125977,0.43120962381362915,0.3943437337875366,12.557974815368652,0.04699999839067459,68.95414733886719,206.14076232910156,0.9970917701721191,2.9860637187957764,0.5400000214576721,9.5,m34
6.388505935668945,0.5895717740058899,0.25999999046325684,1.0,0.02901361882686615,6.697930335998535,81.45995330810547,0.9908568263053894,3.2813918590545654,0.38630300760269165,11.299200057983398,m34
6.300000190734863,0.23999999463558197,0.3100000023841858,6.299510478973389,0.027259528636932373,1.56101393699646,34.98341751098633,0.9898186922073364,2.9316020011901855,0.33000001311302185,12.722029685974121,m34
6.199999809265137,0.25999999046325684,0.30000001192092896,2.700000047683716,0.041999999433755875,17.0,119.6837387084961,0.9907546639442444,3.1117210388183594,0.35359811782836914,11.0,m34
8.776932716369629,0.5886333584785461,0.30000001192092896,1.899999976158142,0.0817602351307869,8.0,91.72071838378906,0.9949755072593689,2.9890716075897217,0.4099999964237213,9.781665802001953,m34
6.800000190734863,0.8093372583389282,0.0,2.0999999046325684,0.09858928620815277,3.40297794342041,11.422991752624512,0.9957981705665588,3.514453411102295,0.5799999833106995,11.798288345336914,m34
8.875787734985352,0.7397887110710144,0.08319365978240967,1.899999976158142,0.06978994607925415,6.486163139343262,22.897472381591797,0.9957755208015442,3.140000104904175,0.44999998807907104,9.399999618530273,m34
7.0,0.45329010486602783,0.1455221176147461,0.9260371923446655,0.030546018853783607,9.0,33.718135833740234,0.9911048412322998,3.0399999618530273,0.3218507468700409,10.199999809265137,m34
10.69788646697998,0.33936771750450134,0.5339235663414001,1.2000000476837158,0.047422923147678375,29.0,111.0,0.9957987666130066,2.948627471923828,0.3700000047683716,8.899999618530273,m34
6.800000190734863,0.23000000417232513,0.36000001430511475,2.0,0.0407622866332531,59.69300079345703,206.38681030273438,0.9930468797683716,3.4200000762939453,0.550000011920929,10.199999809265137,m34
7.300000190734863,0.6647682785987854,0.14924411475658417,2.01983642578125,0.09581395983695984,15.0,27.516469955444336,0.9960370659828186,3.314558982849121,0.5400000214576721,9.899999618530273,m34
6.5,0.3799999952316284,0.22808194160461426,1.399999976158142,0.0430000014603138,9.0,55.31850814819336,0.9921773672103882,3.240000009536743,0.44999998807907104,10.578269004821777,m34
7.199999809265137,0.2800000011920929,0.4000000059604645,1.0509322881698608,0.035999998450279236,6.0,62.92899703979492,0.9896077513694763,3.0301053524017334,0.3799999952316284,12.345562934875488,m34
7.5,0.25,0.5789050459861755,13.820516586303711,0.06405973434448242,34.0,168.99676513671875,0.9972114562988281,2.9217193126678467,0.5899999737739563,9.399999618530273,m34
6.5,0.4486994445323944,0.4507429599761963,4.736894607543945,0.04699999839067459,16.0,169.75657653808594,0.9934086799621582,3.3020055294036865,0.5890684723854065,10.486815452575684,m34
7.436457633972168,0.7651866674423218,0.01894192397594452,1.7000000476837158,0.09166926890611649,5.346255302429199,12.052653312683105,0.9941632151603699,3.265357494354248,0.44999998807907104,10.0,m34
5.599999904632568,0.6188392639160156,0.029300669208168983,1.5,0.07206952571868896,11.0,17.02444839477539,0.9930762052536011,3.5085155963897705,0.5899999737739563,10.899999618530273,m34
8.510149002075195,0.6173246502876282,0.011508789844810963,10.89770221710205,0.0430000014603138,12.0,49.5602912902832,0.9955993890762329,3.0408873558044434,0.330596387386322,10.699999809265137,m34
5.545594215393066,0.5715125799179077,0.1899999976158142,9.678216934204102,0.05000000074505806,9.0,65.81448364257812,0.9957666993141174,3.510794162750244,0.5199999809265137,9.899999618530273,m34
6.0,0.38999998569488525,0.20999999344348907,12.622149467468262,0.04699999839067459,34.0,169.9672393798828,0.9956467747688293,3.25,0.4399999976158142,10.439886093139648,m34
5.545894622802734,0.39779630303382874,0.022954879328608513,1.2999999523162842,0.04100000113248825,6.4513349533081055,28.391353607177734,0.991023600101471,3.33986496925354,0.4431147873401642,10.100000381469727,m34
7.599999904632568,0.7171345353126526,0.23000000417232513,6.19317626953125,0.07875225692987442,29.0,139.26768493652344,0.9954144954681396,3.109999895095825,0.46000000834465027,9.199999809265137,m34
5.800000190734863,0.7330095171928406,0.0,2.0,0.07467468827962875,6.0,43.32830810546875,0.9914577603340149,3.4657552242279053,0.6700000166893005,12.838345527648926,m34
5.800000190734863,0.5955679416656494,0.04988522082567215,15.192939758300781,0.09469662606716156,41.0,175.9007110595703,0.9973475337028503,3.169292449951172,0.46000000834465027,9.399999618530273,m34
7.199999809265137,0.7655979990959167,0.02672819048166275,2.602499485015869,0.11922546476125717,5.0,11.884894371032715,0.9967702031135559,3.4525325298309326,0.5699999928474426,11.0,m34
7.199999809265137,0.7045098543167114,0.012875529937446117,3.2689902782440186,0.12286420166492462,19.0,33.948787689208984,0.9973190426826477,3.4837136268615723,0.6000000238418579,10.199999809265137,m34
6.873764991760254,0.2800000011920929,0.27702808380126953,1.7000000476837158,0.08493509143590927,55.9951057434082,207.75135803222656,0.9955000281333923,3.5203983783721924,0.5899999737739563,9.5,m34
7.400000095367432,0.25,0.3754366338253021,4.728285789489746,0.05900000035762787,8.0,89.12444305419922,0.9924317002296448,3.1700000762939453,0.4699999988079071,12.009966850280762,m34
7.800000190734863,0.7285279035568237,0.1414976716041565,1.600000023841858,0.07425957173109055,13.0,37.782772064208984,0.993839681148529,3.1969923973083496,0.33471184968948364,9.199999809265137,m34
6.300000190734863,0.33924052119255066,0.3700000047683716,7.552881717681885,0.06554576754570007,54.55707931518555,194.93801879882812,0.9942103624343872,3.130000114440918,0.5,10.0,m34
6.965041160583496,0.18000000715255737,0.3100000023841858,2.0999999046325684,0.04600000008940697,52.47895431518555,153.60765075683594,0.9924854040145874,3.440000057220459,0.5,10.5,m34
7.199999809265137,0.3799999952316284,0.49000000953674316,9.208990097045898,0.04100000113248825,67.45145416259766,175.95631408691406,0.9965923428535461,3.190000057220459,0.5400000214576721,8.972444534301758,m34
5.900000095367432,0.4411228597164154,0.23287953436374664,1.399999976158142,0.03999999910593033,7.0639777183532715,90.15463256835938,0.9904385805130005,3.240000009536743,0.4327436685562134,12.129881858825684,m34
6.0,0.6840099096298218,0.0,1.4174326658248901,0.04699999839067459,35.0,87.197998046875,0.9920114874839783,3.380000114440918,0.6299999952316284,11.0,m34
6.699999809265137,0.734670877456665,0.0,1.600000023841858,0.09997061640024185,9.91307544708252,23.07074546813965,0.9951051473617554,3.440000057220459,0.6100000143051147,11.199999809265137,m34
9.035670280456543,0.27000001072883606,0.2199999988079071,12.661377906799316,0.0706564337015152,27.0,198.95721435546875,0.9978197813034058,2.990000009536743,0.4621548056602478,9.899999618530273,m34
6.699999809265137,0.2601098418235779,0.3400000035762787,2.200000047683716,0.03799999877810478,28.0,120.0,0.9899280071258545,3.259999990463257,0.41999998688697815,12.56328010559082,m34
5.800000190734863,0.5317273736000061,0.0,1.0,0.041999999433755875,6.0,25.532922744750977,0.9905317425727844,3.321000337600708,0.47999998927116394,11.300000190734863,m34
