height,lenght,area,eccen,p_black,p_and,mean_tr,blackpix,blackand,wb_trans,Class
57.79210662841797,282.186767578125,60879.625,3.0551819801330566,0.9782328605651855,0.9063347578048706,181.40879821777344,26819.03125,35345.19140625,233.15826416015625,3
252.66860961914062,504.6616516113281,121957.5546875,3.5513198375701904,0.7148008346557617,0.669545590877533,82.2587661743164,32722.30078125,45570.41015625,458.3633728027344,3
145.49575805664062,116.07990264892578,7035.14794921875,0.8260765671730042,0.46908965706825256,0.4964574873447418,110.75782775878906,5263.8505859375,5229.91259765625,118.17939758300781,3
188.83779907226562,537.7894287109375,97726.4609375,2.5898337364196777,0.33926650881767273,0.6251175999641418,3.3781509399414062,30773.197265625,43940.62890625,3207.4462890625,3
258.2712097167969,352.1161804199219,75674.1171875,1.0410964488983154,0.5668002367019653,0.9300184845924377,10.909841537475586,31422.95703125,42988.6953125,3174.63134765625,3
217.29844665527344,313.8863830566406,45539.890625,1.7971763610839844,0.46069765090942383,0.5213634371757507,37.05069351196289,28362.01953125,37080.421875,434.6300964355469,3
43.055904388427734,42.451377868652344,1705.9530029296875,0.9131447076797485,0.5178859829902649,0.6249105334281921,10.20185661315918,685.52001953125,883.625732421875,79.32062530517578,3
68.33345031738281,376.0439453125,28078.646484375,3.1782543659210205,0.306896835565567,0.39839860796928406,10.241019248962402,17347.103515625,32537.681640625,456.53692626953125,3
55.888885498046875,93.71830749511719,4007.758056640625,1.9642958641052246,0.4011748433113098,0.45615941286087036,30.709041595458984,2009.13720703125,2314.168212890625,62.10107421875,3
171.88818359375,272.302978515625,45254.31640625,1.3144491910934448,0.6584364771842957,0.8932223320007324,38.71245574951172,28972.4453125,40216.15625,1068.7484130859375,3
245.34750366210938,385.44671630859375,103385.578125,1.7468458414077759,0.4625764787197113,0.6577125787734985,9.762276649475098,29757.23828125,41798.08203125,2447.856201171875,3
282.7891845703125,261.16204833984375,12167.4443359375,1.2916483879089355,0.8587164878845215,0.948533833026886,31.45317840576172,20984.615234375,26519.482421875,468.0035095214844,3
473.8047790527344,414.7291564941406,135124.234375,1.3157939910888672,0.3330000042915344,0.42333322763442993,27.28491973876953,32845.22265625,45312.34765625,2423.54345703125,3
64.07901000976562,36.65875244140625,4483.04296875,0.6380866765975952,0.5071203708648682,0.6375778317451477,16.30794334411621,966.315673828125,1589.2685546875,103.95561218261719,3
46.1450080871582,60.779598236083984,3349.442138671875,1.0904523134231567,0.5693716406822205,0.7836957573890686,8.846229553222656,926.6300659179688,1851.504638671875,184.33702087402344,3
212.98887634277344,270.05413818359375,37284.8046875,1.4529564380645752,0.5963970422744751,0.7814178466796875,31.4781494140625,28826.859375,37479.57421875,557.5685424804688,3
25.080657958984375,123.37528991699219,2696.034912109375,3.278489589691162,0.5607634782791138,0.798593282699585,8.533971786499023,1428.606201171875,3122.4921875,181.9023895263672,3
54.06428527832031,125.28466796875,5411.1884765625,1.9953436851501465,0.41292476654052734,0.6784820556640625,6.7465691566467285,1280.709228515625,2995.98291015625,335.790283203125,3
37.93211364746094,85.91583251953125,2675.623779296875,1.8931102752685547,0.40657833218574524,0.6341868042945862,6.795266628265381,784.5538330078125,1724.7786865234375,118.6063232421875,3
41.54643630981445,109.41112518310547,5375.21484375,1.4382299184799194,1.0,1.0,42.523033142089844,5107.25927734375,4229.26904296875,192.7323455810547,3
554.0368041992188,524.3385620117188,118213.234375,1.1471049785614014,0.3740147352218628,0.391165167093277,69.725341796875,31469.255859375,42331.8515625,2007.9180908203125,3
337.43731689453125,81.23209381103516,5318.9638671875,0.16686119139194489,0.4967084228992462,0.5399237871170044,7.993396282196045,1587.29541015625,2344.420654296875,215.6383819580078,3
571.3276977539062,254.48487854003906,125234.4375,0.6499606370925903,0.574596107006073,0.9734577536582947,19.23097801208496,31246.212890625,43331.7265625,3144.225341796875,3
610.64208984375,513.990966796875,138689.546875,0.749846875667572,0.5808557868003845,0.5563788414001465,156.9276123046875,33014.671875,46096.12109375,2266.004638671875,3
210.66152954101562,508.6120910644531,82222.2890625,2.563971996307373,0.3494420647621155,0.5873766541481018,8.524944305419922,20799.08203125,17818.494140625,2630.721435546875,3
65.10387420654297,101.43647003173828,5591.7421875,0.9750857353210449,0.37211495637893677,0.7375551462173462,9.289691925048828,1430.76416015625,3020.99169921875,202.55892944335938,3
321.2001953125,73.02249908447266,8689.201171875,0.5137273669242859,0.40637311339378357,0.6409813761711121,3.3526926040649414,1676.5650634765625,2950.444580078125,608.908203125,3
71.85247802734375,309.4842529296875,52528.43359375,3.042001485824585,0.5873499512672424,0.8690798282623291,13.81395149230957,31045.041015625,42793.79296875,1894.94384765625,3
91.47276306152344,459.8542175292969,94123.1953125,2.638241767883301,0.3799900412559509,0.4056811034679413,20.11287498474121,31006.025390625,42425.09375,668.2390747070312,3
68.14108276367188,339.7783508300781,50367.81640625,4.02013635635376,0.3943164646625519,0.4808155596256256,14.247330665588379,15775.5947265625,24669.708984375,562.638916015625,3
64.4781494140625,22.359111785888672,1686.74365234375,0.16749246418476105,0.5647992491722107,0.7842916250228882,8.859465599060059,538.9188232421875,846.2734985351562,59.58273696899414,3
307.2723693847656,290.5335998535156,86195.671875,1.2524248361587524,0.2687515616416931,0.20593738555908203,14.430733680725098,4861.89013671875,4377.06396484375,434.0668029785156,3
453.5753479003906,300.88409423828125,113330.34375,0.7655190825462341,0.6662129759788513,0.9708396196365356,39.6721076965332,24125.25,34291.56640625,649.52783203125,3
124.95758056640625,535.3410034179688,120812.3515625,4.522185802459717,0.5024024844169617,0.649100124835968,35.38982009887695,31979.146484375,45774.52734375,1885.100830078125,3
41.34602355957031,75.99371337890625,3124.233154296875,2.0,0.4030260741710663,0.5079729557037354,7.594587326049805,1406.0711669921875,2040.858154296875,151.98655700683594,3
320.9701843261719,27.94938850402832,6372.12158203125,0.03936849534511566,0.43822726607322693,0.49929431080818176,59.857582092285156,2195.439453125,2996.62109375,60.35482406616211,3
406.9189453125,505.4270324707031,111799.046875,1.3564890623092651,0.4502469599246979,0.6044802665710449,40.24006271362305,31552.0703125,42592.15234375,745.9903564453125,3
43.597686767578125,85.48839569091797,3221.572265625,1.559735655784607,0.7091532349586487,0.7810769081115723,16.60201644897461,1260.8023681640625,2054.427978515625,146.6474151611328,3
55.1511344909668,36.59320831298828,2731.015625,0.7728480100631714,0.42676010727882385,0.5708999037742615,7.9168829917907715,689.0789794921875,1257.2685546875,97.71897888183594,3
41.93017578125,43.05040740966797,1621.8214111328125,1.1604795455932617,0.37287503480911255,0.6461373567581177,5.211680889129639,543.82861328125,1034.9608154296875,112.10072326660156,3
295.22967529296875,408.8121032714844,85835.125,1.0959413051605225,0.2996484935283661,0.5299403071403503,6.1719889640808105,32204.140625,42458.828125,2845.778076171875,3
51.32429885864258,46.932498931884766,2028.7745361328125,1.1638237237930298,0.38489171862602234,0.6280530691146851,4.70501184463501,642.0126953125,1158.5711669921875,145.9578094482422,3
93.85580444335938,89.21654510498047,9949.173828125,0.701274037361145,0.967068612575531,0.7840577960014343,380.35955810546875,24868.169921875,28451.009765625,59.752586364746094,3
247.83766174316406,416.0231018066406,73357.046875,1.8572875261306763,0.4356456398963928,0.5555285215377808,36.06373977661133,28655.859375,42269.93359375,628.0501708984375,3
30.002290725708008,25.139331817626953,601.1428833007812,0.8783856630325317,0.515643835067749,0.7596280574798584,7.9848856925964355,285.4781799316406,462.7935791015625,39.452388763427734,3
85.10488891601562,29.858108520507812,4597.53662109375,0.15929833054542542,0.4010080397129059,0.2334718108177185,375.3791198730469,1756.477294921875,1430.29052734375,1.0,3
136.95196533203125,176.56153869628906,10405.970703125,0.862162709236145,0.5904623866081238,0.736142098903656,15.624930381774902,5718.23486328125,6263.15576171875,422.1438903808594,3
78.17556762695312,342.5766296386719,99468.421875,2.5928726196289062,0.444706529378891,0.6576091647148132,18.350215911865234,29064.861328125,41824.796875,1133.533203125,3
62.36460876464844,294.1108703613281,6855.95458984375,3.2411420345306396,0.1856035739183426,0.45298418402671814,3.3978121280670166,2698.374755859375,4588.37353515625,507.8408508300781,3
540.8182983398438,315.39404296875,121825.0546875,0.8431639671325684,0.5582549571990967,0.6937147974967957,34.55497741699219,32385.994140625,44870.7421875,2671.4501953125,3
110.10578155517578,85.54357147216797,4814.4638671875,0.5753335952758789,0.4931991398334503,0.6455445289611816,17.747034072875977,733.4473266601562,1351.394775390625,85.56269836425781,3
299.9866943359375,407.16571044921875,112958.3671875,2.1844756603240967,0.5924379825592041,0.7881014347076416,103.07618713378906,32989.94140625,46065.3828125,594.469482421875,3
50.929664611816406,59.94166946411133,2627.802001953125,1.0827412605285645,0.666833758354187,0.8177319169044495,15.635486602783203,1193.513427734375,1838.5386962890625,135.3656463623047,3
76.40176391601562,152.3407440185547,8285.5048828125,1.5788556337356567,0.3783993721008301,0.31367331743240356,69.3251724243164,22458.123046875,24233.169921875,68.60774993896484,3
81.66454315185547,338.2671813964844,81266.2890625,1.9486939907073975,0.3173699378967285,0.6407456994056702,2.304551362991333,24543.623046875,31691.25390625,3209.300048828125,3
103.05751037597656,183.13819885253906,38853.32421875,1.5005398988723755,0.3575862646102905,0.6051542162895203,15.29467487335205,11863.8876953125,19301.54296875,426.1329040527344,3
251.99960327148438,277.4349670410156,84099.109375,2.0961360931396484,0.3053387701511383,0.4769670367240906,41.6616096496582,19184.01953125,29101.76171875,232.67921447753906,3
71.01526641845703,79.49851989746094,5795.40771484375,0.9716116786003113,0.35397207736968994,0.5301673412322998,9.568197250366211,3007.27978515625,3892.626220703125,225.69863891601562,3
57.81716537475586,38.04970932006836,2174.726318359375,0.6912965178489685,0.4960280656814575,0.607639729976654,40.29383087158203,916.2916259765625,1424.9727783203125,23.006498336791992,3
29.117006301879883,70.7395248413086,2421.574951171875,1.840847373008728,0.43414145708084106,0.8316384553909302,3.2018532752990723,676.1249389648438,1657.665283203125,223.22337341308594,3
92.84394836425781,199.96092224121094,12409.86328125,1.7720282077789307,0.34452593326568604,0.4765462279319763,13.860235214233398,23298.869140625,17141.853515625,387.7776184082031,3
415.7456359863281,543.1194458007812,125631.6875,2.524074077606201,0.4699465036392212,0.6365450024604797,55.657901763916016,31208.87890625,42869.9375,2761.21728515625,3
32.463565826416016,158.3994140625,4644.55419921875,3.826101064682007,0.5484565496444702,0.5998336672782898,26.868553161621094,2162.97021484375,2961.529052734375,142.6893310546875,3
36.946712493896484,23.37541961669922,915.278076171875,0.7986006140708923,0.4678199291229248,0.7776792645454407,12.943744659423828,393.18975830078125,694.0658569335938,31.755779266357422,3
36.67819595336914,72.2935562133789,2141.2041015625,1.7822201251983643,0.4662650525569916,0.6589218378067017,11.551575660705566,781.3818359375,1278.16259765625,80.81320190429688,3
59.66295623779297,51.179542541503906,2863.865478515625,0.7271197438240051,0.5096216201782227,0.6042380928993225,17.226959228515625,613.0392456054688,999.4966430664062,48.9116325378418,3
33.95735168457031,48.89832305908203,2430.1533203125,1.5841671228408813,0.3330000042915344,0.6647570729255676,2.954075574874878,797.5615844726562,1824.3243408203125,218.0641326904297,3
525.2570190429688,446.3794860839844,129466.65625,0.1942053884267807,0.3918200731277466,0.7063512802124023,10.485905647277832,31516.517578125,36643.84375,3067.72119140625,3
319.3655700683594,299.7328186035156,21742.046875,0.8188893795013428,0.5074747204780579,0.4936968982219696,27.365798950195312,18174.5703125,7853.357421875,352.3228759765625,3
257.4102478027344,125.86202239990234,29906.513671875,0.8484101295471191,0.4654727876186371,0.7594748139381409,9.27733325958252,13122.2255859375,26587.744140625,561.0519409179688,3
71.93657684326172,157.10279846191406,6636.681640625,1.207604169845581,0.38786792755126953,0.6032986044883728,6.645222187042236,3015.281494140625,3803.72509765625,595.27978515625,3
151.10960388183594,158.36062622070312,10996.6484375,1.3349636793136597,0.5887479782104492,0.8001104593276978,22.560699462890625,22251.35546875,11533.18359375,469.5338439941406,3
47.85219192504883,22.374792098999023,1280.73779296875,0.2771509885787964,0.5656304359436035,0.7404057383537292,12.836997032165527,498.2887268066406,783.5230102539062,43.19935989379883,3
28.694076538085938,84.22477722167969,1908.27099609375,2.180680990219116,0.5785214900970459,0.6793721914291382,18.062036514282227,1568.4329833984375,2016.9281005859375,63.04164505004883,3
24.97071075439453,62.69206237792969,1699.468017578125,1.6130070686340332,0.39316269755363464,0.7313971519470215,4.983713626861572,693.3233642578125,1392.8934326171875,143.43467712402344,3
571.5677490234375,535.9979248046875,140453.21875,1.6361114978790283,0.09333468973636627,0.062256328761577606,268.36114501953125,32664.279296875,43134.0078125,92.30543518066406,3
65.47462463378906,356.1822204589844,6893.62060546875,2.2098028659820557,0.31246763467788696,0.4194358289241791,7.638522148132324,2768.341796875,4006.91259765625,393.67364501953125,3
39.28925323486328,29.852102279663086,1175.4273681640625,0.9024039506912231,0.36058396100997925,0.44323569536209106,8.54027271270752,344.48785400390625,535.3242797851562,31.541820526123047,3
67.89148712158203,97.06761169433594,5550.072265625,1.483999490737915,0.4101389944553375,0.4294302761554718,18.61684799194336,2381.176025390625,3258.475830078125,137.88043212890625,3
53.93922424316406,97.35310363769531,4700.5595703125,1.3942681550979614,0.427075058221817,0.5685430765151978,13.744166374206543,25352.01171875,31572.833984375,87.55709075927734,3
52.07551956176758,186.3505096435547,4580.19189453125,2.9145350456237793,0.4340094327926636,0.6899428963661194,19.438005447387695,1668.801513671875,2508.342529296875,128.2725830078125,3
150.01585388183594,180.61419677734375,21579.142578125,1.2817356586456299,0.550407350063324,0.7615497708320618,31.163909912109375,23316.08203125,27778.728515625,429.4285888671875,3
52.940208435058594,96.6452865600586,4758.3955078125,1.3303574323654175,0.3738572597503662,0.49062874913215637,8.223138809204102,1117.5001220703125,1874.336181640625,186.8225555419922,3
36.43727493286133,39.8557014465332,1612.12646484375,1.3664857149124146,0.46139687299728394,0.5866626501083374,10.00384521484375,501.5953369140625,738.6185913085938,65.51685333251953,3
32.58742141723633,36.0080451965332,1241.9959716796875,1.0569100379943848,0.6085653305053711,0.7204375863075256,49.45262145996094,625.8488159179688,797.3006591796875,12.0,3
28.076313018798828,23.274307250976562,522.1077880859375,0.8440148830413818,0.47153282165527344,0.7888317704200745,8.798749923706055,236.44357299804688,416.66510009765625,20.5650577545166,3
30.031688690185547,53.33530044555664,1403.2952880859375,1.16550874710083,0.566257119178772,0.8437547087669373,21.888273239135742,832.3687133789062,1315.3536376953125,50.38337707519531,3
73.50899505615234,37.21012496948242,3318.12841796875,0.15939491987228394,0.6412216424942017,0.7583385109901428,26.155746459960938,685.3917846679688,975.0100708007812,73.257568359375,3
74.02782440185547,43.298316955566406,4248.41259765625,0.6517433524131775,0.5617161393165588,0.6979776620864868,17.453655242919922,1878.6513671875,2675.3603515625,130.468994140625,3
65.78694915771484,253.06002807617188,21069.51171875,2.107013702392578,0.8772315979003906,0.9968093037605286,52.5153694152832,24105.60546875,36112.9609375,351.10882568359375,3
221.10865783691406,111.59774017333984,10039.80078125,0.7359504699707031,0.9991078972816467,0.9151656627655029,17.917097091674805,17307.61328125,24201.65625,575.3826904296875,3
267.7630615234375,271.8899841308594,51916.80859375,1.1193326711654663,0.38969314098358154,0.57770174741745,8.235429763793945,27667.24609375,40519.7109375,1177.820068359375,3
44.6236572265625,236.0939483642578,4954.37451171875,2.0,0.6278249025344849,0.6172858476638794,24.668882369995117,2409.979736328125,3145.980712890625,174.95103454589844,3
76.59255981445312,536.390380859375,33370.91796875,4.385713577270508,0.46087536215782166,0.5561768412590027,28.1668643951416,26675.091796875,39801.33203125,510.5541076660156,3
40.5361213684082,43.92605209350586,1990.70068359375,0.9557094573974609,0.6065099239349365,0.7599737644195557,16.528125762939453,897.9168701171875,1604.9869384765625,52.694522857666016,3
41.35618591308594,276.3730163574219,5814.79296875,4.805907726287842,0.3718620538711548,0.4525638222694397,14.301831245422363,14017.23828125,17095.154296875,268.9033508300781,3
74.7826156616211,179.83534240722656,8004.462890625,1.9826207160949707,0.4663099944591522,0.6686426401138306,12.587067604064941,17661.849609375,28834.513671875,545.3414916992188,3
73.02783203125,432.73602294921875,11185.5048828125,1.7795865535736084,0.5853255987167358,0.6221987009048462,343.0537414550781,32283.669921875,42821.47265625,73.14735412597656,3
146.0095977783203,102.79855346679688,10907.5166015625,1.0179487466812134,0.5800905823707581,0.7059492468833923,432.3825378417969,20066.95703125,17315.25390625,62.89875030517578,3
67.40306091308594,16.0,1275.5390625,0.11079621315002441,0.40665143728256226,0.500977635383606,59.036415100097656,552.4302368164062,706.8887329101562,1.0,3
69.03182220458984,266.4368896484375,76644.6328125,2.2661397457122803,0.9884732961654663,0.9750734567642212,69.12947845458984,30299.712890625,43251.94140625,459.22686767578125,3
78.93930053710938,78.68203735351562,6289.4501953125,0.9250345230102539,0.9543524384498596,0.8109567165374756,37.67953872680664,4497.46044921875,4181.2734375,193.81195068359375,3
267.260498046875,103.97319793701172,41842.05859375,0.8302615284919739,0.34257495403289795,0.35318106412887573,30.680641174316406,12988.3466796875,5661.779296875,80.4623794555664,3
76.39068603515625,533.2721557617188,20131.705078125,3.526111602783203,0.32071319222450256,0.29510754346847534,7.422642707824707,11748.9052734375,27976.765625,1247.43798828125,3
65.11067199707031,501.4132995605469,10501.802734375,5.410526752471924,0.35209932923316956,0.44440507888793945,16.21329689025879,26813.486328125,34942.59375,500.38568115234375,3
170.33018493652344,254.0948486328125,10586.791015625,1.2141237258911133,0.43342962861061096,0.5339371562004089,22.989030838012695,18169.279296875,17155.826171875,243.0982666015625,3
421.4779357910156,150.7310791015625,50066.46875,0.578820526599884,0.4172891080379486,0.5895009636878967,15.83630084991455,5193.59228515625,7549.435546875,438.82342529296875,3
42.00594711303711,46.371883392333984,1759.524169921875,1.116357445716858,0.4835812747478485,0.627465009689331,12.047708511352539,557.1402587890625,880.7456665039062,73.13052368164062,3
55.4870491027832,119.07015228271484,4698.4443359375,1.6382640600204468,0.3972161114215851,0.6134418249130249,7.115826606750488,1266.71044921875,2681.88037109375,233.5163116455078,3
359.9422302246094,178.2269744873047,80574.8984375,0.6872729063034058,0.9824399352073669,0.7784567475318909,43.69164276123047,21358.818359375,30009.927734375,483.93115234375,3
41.46786117553711,267.7054138183594,4547.830078125,3.15165376663208,0.37936073541641235,0.5435268878936768,8.318732261657715,16368.880859375,7544.21533203125,294.1017150878906,3
39.81957244873047,25.0,1112.8427734375,0.8259444236755371,0.4705365002155304,0.6595660448074341,16.56659698486328,510.2832336425781,650.8548583984375,18.537002563476562,3
76.54461669921875,193.6075897216797,66629.3671875,1.1333153247833252,0.9615787863731384,1.0,31.167470932006836,32497.90234375,45764.8984375,629.5536499023438,3
22.77863311767578,36.90489196777344,661.8525390625,1.560287594795227,0.4903707504272461,0.6985413432121277,12.67222785949707,423.82489013671875,604.991455078125,31.573427200317383,3
42.74079513549805,17.0,997.1962890625,0.5248228907585144,0.36864733695983887,0.7010661363601685,2.062563419342041,322.8061828613281,634.6972045898438,144.79129028320312,3
43.46855163574219,30.765132904052734,1348.2176513671875,0.5269143581390381,0.4674549102783203,0.6640148758888245,16.75234603881836,579.84130859375,944.5661010742188,33.75339889526367,3
24.451656341552734,179.55213928222656,2746.700439453125,6.247352600097656,0.38758552074432373,0.6848013401031494,4.679720401763916,1061.5548095703125,2292.106689453125,227.20556640625,3
623.634765625,284.30279541015625,137617.65625,0.38337600231170654,0.6981847882270813,0.9430858492851257,41.385040283203125,32896.05859375,45803.9375,2930.93115234375,3
76.95687866210938,184.7891845703125,6381.7578125,1.8557177782058716,0.3594001233577728,0.5324890613555908,4.655800819396973,11185.0439453125,9296.103515625,501.8956298828125,3
217.4014892578125,347.0970458984375,11606.4853515625,1.2719827890396118,0.5672932267189026,0.7623177766799927,64.7287826538086,22512.787109375,11339.302734375,236.63119506835938,3
70.4058837890625,358.1753845214844,11032.32421875,3.386061191558838,0.3972896933555603,0.6197899580001831,12.542511940002441,31445.599609375,43346.125,534.0950317382812,3
40.917327880859375,53.460697174072266,2204.818603515625,1.3307435512542725,0.43402257561683655,0.535818338394165,10.709081649780273,743.2734375,1046.652099609375,80.1902084350586,3
359.8497619628906,50.90946578979492,7038.4541015625,0.5206063985824585,0.5403751730918884,0.6010855436325073,38.2752799987793,3129.805908203125,4056.60791015625,111.40919494628906,3
357.517822265625,366.513671875,78712.4453125,2.087275981903076,0.454931378364563,0.6103255748748779,53.4548454284668,22104.001953125,12993.3671875,298.78240966796875,3
247.25135803222656,37.144920349121094,4791.31689453125,0.4251614809036255,0.4669739902019501,0.4862210154533386,32.94770431518555,796.5974731445312,1078.955810546875,56.97712707519531,3
69.34306335449219,40.47256088256836,3569.688720703125,0.7611629962921143,0.6235842704772949,0.6196974515914917,38.79037857055664,1029.0345458984375,1619.161376953125,64.71369934082031,3
538.3267211914062,148.0128631591797,131467.734375,0.18667571246623993,0.4019133448600769,0.49817609786987305,278.766357421875,31501.1171875,43384.12890625,127.089111328125,3
39.324913024902344,183.89622497558594,4930.00390625,3.2336888313293457,0.666512131690979,0.7409799695014954,52.84360885620117,2304.827880859375,3178.66357421875,63.371192932128906,3
42.40327072143555,331.167236328125,5830.80517578125,4.2210373878479,0.3682670593261719,0.37257540225982666,19.93734359741211,3336.723388671875,3716.121337890625,174.3811492919922,3
272.7212219238281,248.9339141845703,73541.5390625,0.7185859084129333,0.7726439833641052,0.7445092797279358,282.9654541015625,31429.08984375,40684.078125,101.92919921875,3
364.1568908691406,130.8699188232422,57576.91796875,0.8282995820045471,0.4451155960559845,0.4766329526901245,27.247547149658203,30412.697265625,37132.328125,450.7670593261719,3
56.72043228149414,25.0,1514.2222900390625,0.6398495435714722,0.372389554977417,0.5996745228767395,5.953072547912598,437.9828186035156,769.5264892578125,68.9104232788086,3
74.56061553955078,264.92620849609375,18145.119140625,1.6033098697662354,0.5468512773513794,0.8934376835823059,14.235055923461914,31707.140625,45210.38671875,1860.2098388671875,3
192.9693145751953,285.7606506347656,118220.8046875,1.5000593662261963,0.5352457165718079,0.8910990357398987,9.030777931213379,31452.150390625,43917.72265625,3137.22119140625,3
55.014625549316406,31.257627487182617,1548.325439453125,0.6502410769462585,0.6081607937812805,0.7051421403884888,13.529740333557129,734.0781860351562,1189.8333740234375,54.76326370239258,3
53.65256118774414,19.0,1006.3218383789062,0.09031764417886734,0.5670036673545837,0.5708357095718384,24.95625114440918,526.6444702148438,642.9520263671875,28.067049026489258,3
352.75482177734375,404.8860778808594,109177.578125,1.5657130479812622,0.6072111129760742,1.0,27.411426544189453,30319.134765625,41871.26171875,3066.716796875,3
65.83078002929688,94.06291198730469,4641.10498046875,1.0191854238510132,0.3716796338558197,0.29796475172042847,40.166908264160156,1393.6778564453125,1698.7255859375,48.17708206176758,3
74.1780014038086,42.96854782104492,4568.14990234375,0.6738810539245605,0.3273589313030243,0.3288498818874359,25.39645004272461,710.4756469726562,1062.85791015625,33.622066497802734,3
75.67269897460938,35.49359893798828,3296.741943359375,0.6059763431549072,0.44832831621170044,0.6563577055931091,7.598953723907471,1009.9161376953125,1837.859619140625,152.1687774658203,3
64.374267578125,152.506591796875,5133.80859375,1.142764925956726,0.467685341835022,0.7328419089317322,27.156742095947266,3634.392822265625,4176.935546875,120.2588119506836,3
53.61784744262695,185.0961151123047,5566.09765625,3.0117485523223877,0.4518645405769348,0.7228372097015381,10.447547912597656,4239.2080078125,4563.1708984375,315.626220703125,3
60.30971145629883,165.450927734375,5680.32666015625,2.429191827774048,0.2629099190235138,0.5411345362663269,5.096529483795166,1077.949462890625,2597.39990234375,311.65240478515625,3
39.03761291503906,29.911399841308594,1009.3583374023438,1.0,0.35451582074165344,0.4510224461555481,9.705219268798828,373.9993591308594,534.37158203125,19.337635040283203,3
50.86978530883789,259.5415954589844,4982.2041015625,2.262728452682495,0.5475917458534241,0.6801275610923767,18.955663681030273,2006.7000732421875,2955.65576171875,103.39083099365234,3
46.29707717895508,99.59909057617188,3242.176025390625,1.7094593048095703,0.8533853888511658,0.8004182577133179,27.967432022094727,944.0164184570312,1687.2666015625,83.46755981445312,3
40.6759147644043,50.20415115356445,1810.657958984375,1.0,0.6288358569145203,0.8052981495857239,9.263768196105957,538.8712768554688,1023.5602416992188,111.70730590820312,3
277.5782775878906,341.5052185058594,104467.2890625,1.7211743593215942,0.6636407971382141,0.8017463684082031,31.42575454711914,29939.880859375,42656.6875,1911.142333984375,3
232.26678466796875,126.010986328125,9938.458984375,0.9368108510971069,0.3545891046524048,0.1604537069797516,62.416419982910156,2303.50732421875,2903.91650390625,56.355098724365234,3
53.09365463256836,342.4175720214844,6927.04443359375,5.2472968101501465,0.4528874456882477,0.6962067484855652,15.699963569641113,27643.8515625,40369.3125,521.5033569335938,3
70.83019256591797,82.62016296386719,4443.0771484375,1.1368536949157715,0.5039637684822083,0.6585031747817993,18.049556732177734,1273.095458984375,2127.25927734375,83.19734954833984,3
64.74601745605469,51.8602409362793,1916.608154296875,1.0338761806488037,0.37646162509918213,0.49114707112312317,4.675466060638428,721.4524536132812,1067.201416015625,115.76449584960938,3
492.1131591796875,261.3349914550781,122157.546875,0.6166358590126038,0.5604979395866394,0.6625856161117554,61.03458786010742,32175.1640625,44470.203125,481.0812683105469,3
421.0572204589844,504.4459533691406,132015.78125,1.660607933998108,0.461032509803772,0.8614054322242737,7.7629170417785645,32930.125,46071.6796875,3211.64111328125,3
325.25970458984375,36.81520080566406,5305.736328125,0.07744840532541275,0.4815732538700104,0.6788051128387451,14.587884902954102,2213.549072265625,2962.834716796875,138.02310180664062,3
259.3681945800781,237.68734741210938,7055.06396484375,0.8382244110107422,0.4426901340484619,0.5982409119606018,13.167609214782715,4724.658203125,4455.908203125,295.7744140625,3
75.23607635498047,35.34260177612305,2923.171630859375,0.7616469860076904,0.7064251899719238,0.8013560771942139,10.761374473571777,917.7071533203125,1567.4903564453125,133.6550750732422,3
76.7557144165039,78.58626556396484,5698.1748046875,0.43830111622810364,0.522024929523468,0.8412989377975464,12.864529609680176,2131.8828125,3352.480712890625,184.76817321777344,3
25.382455825805664,26.9730224609375,694.186767578125,0.8589140772819519,0.4982854425907135,0.8193063139915466,5.40397310256958,364.5014343261719,637.1881713867188,61.565914154052734,3
522.3268432617188,527.8713989257812,120350.3203125,1.2407469749450684,0.43155160546302795,0.5987222194671631,33.53010559082031,33017.0,46131.84765625,2944.05126953125,3
261.30706787109375,414.400634765625,68607.53125,3.135326862335205,0.3161860406398773,0.5974390506744385,8.794395446777344,28746.619140625,40824.02734375,2768.148681640625,3
24.93678855895996,275.5670166015625,4542.24560546875,5.984472274780273,0.36765748262405396,0.6633973121643066,3.600776195526123,1831.9205322265625,3198.109130859375,383.1786193847656,3
65.92671966552734,39.892738342285156,2858.402099609375,0.570989727973938,0.4463649094104767,0.6868496537208557,23.17930793762207,731.2091064453125,1421.590087890625,59.295143127441406,3
53.777549743652344,28.884647369384766,1214.09619140625,0.42719340324401855,0.8462497591972351,0.8059306144714355,28.08927345275879,695.6372680664062,1039.9703369140625,27.73004722595215,3
447.90985107421875,296.54461669921875,73337.421875,0.8715541362762451,0.3413378894329071,0.5349665284156799,10.899056434631348,27402.103515625,35328.125,1613.704345703125,3
434.00830078125,143.85665893554688,93075.3359375,0.41703668236732483,0.4517158269882202,0.8495074510574341,7.015008449554443,5705.4150390625,20431.7109375,2923.366943359375,3
163.78895568847656,27.862516403198242,2808.379638671875,0.0622810497879982,0.5765262246131897,0.7888787388801575,7.055856227874756,726.75341796875,1752.6915283203125,208.20852661132812,3
63.59029006958008,210.36767578125,6947.09326171875,3.171800374984741,0.43789464235305786,0.5278043150901794,17.291685104370117,5444.35693359375,6312.86279296875,273.0467529296875,3
49.46654510498047,135.82200622558594,5318.40869140625,2.568956136703491,0.4500778019428253,0.7247982621192932,13.647308349609375,3199.34326171875,4485.12255859375,291.3627014160156,3
108.24374389648438,348.2297058105469,45486.5390625,1.8612092733383179,0.4802207946777344,0.6075822710990906,16.275348663330078,28151.806640625,39642.89453125,1090.8505859375,3
77.25310516357422,218.54368591308594,8629.220703125,1.8177909851074219,0.47281613945961,0.6787134408950806,16.847816467285156,4397.65234375,5406.6708984375,352.9195251464844,3
227.19187927246094,53.50287628173828,4832.74072265625,0.6028168201446533,0.5383492112159729,0.7023636102676392,19.002145767211914,999.9164428710938,1910.9935302734375,77.9353256225586,3
39.848663330078125,49.09941101074219,2511.565673828125,1.085537314414978,0.5676959156990051,0.8311899900436401,9.24190902709961,963.517822265625,1684.6756591796875,137.0748748779297,3
36.12167739868164,39.418861389160156,1703.0452880859375,1.1491312980651855,0.5341535806655884,0.6027835011482239,113.61326599121094,767.3654174804688,1004.4656982421875,1.0,3
70.1379165649414,342.594482421875,8916.8828125,2.9183075428009033,0.3544193208217621,0.2504584789276123,13.456350326538086,14969.5546875,7681.5,486.1770935058594,3
70.93697357177734,129.18441772460938,9538.375,0.9283207654953003,0.34224504232406616,0.4943474233150482,3.4855806827545166,2231.558837890625,4186.04052734375,656.7095336914062,3
88.39771270751953,423.6187438964844,78213.0703125,4.1280517578125,0.4295335114002228,0.516071617603302,37.361602783203125,25380.640625,29646.548828125,409.7967529296875,3
37.184471130371094,104.09673309326172,4549.39794921875,2.5121960639953613,0.4529525935649872,0.6875664591789246,12.951089859008789,1725.1337890625,2706.9736328125,151.20008850097656,3
130.50701904296875,240.7606201171875,9313.71484375,1.7224361896514893,0.36741000413894653,0.7893853783607483,8.17007064819336,29639.88671875,44244.390625,612.5560913085938,3
51.85316467285156,99.79157257080078,4502.26171875,1.9393490552902222,0.2654304802417755,0.5323812961578369,6.811791896820068,828.3129272460938,2014.966552734375,182.5806121826172,3
71.77867889404297,34.49825668334961,4671.828125,0.19588549435138702,0.9111085534095764,0.9505829811096191,16.54924201965332,1849.83935546875,2710.48779296875,228.12229919433594,3
392.8172302246094,191.8502960205078,51184.90625,1.2864422798156738,0.4120217263698578,0.5640092492103577,15.2887601852417,22562.27734375,29360.01171875,616.8477783203125,3
69.25228881835938,205.86270141601562,5248.04150390625,1.9577919244766235,0.5030463933944702,0.6686179637908936,11.378495216369629,3103.574951171875,3978.241455078125,413.76556396484375,3
75.18440246582031,55.06965637207031,4919.55517578125,0.7034512758255005,0.4306890368461609,0.6199806928634644,9.042717933654785,1940.3817138671875,3638.89013671875,271.7388610839844,3
268.99066162109375,276.1081237792969,107454.171875,1.3166896104812622,0.7091339230537415,0.8298373818397522,35.88042068481445,32397.501953125,44980.5078125,1181.3831787109375,3
235.7151336669922,338.457275390625,71161.4921875,2.2048912048339844,0.6895061731338501,0.883867621421814,18.838117599487305,30464.490234375,44279.859375,2715.751708984375,3
32.293582916259766,75.49433898925781,2578.5029296875,1.6496126651763916,0.5032566785812378,0.7512564063072205,11.724479675292969,1001.3700561523438,1716.5235595703125,106.10071563720703,3
73.26747131347656,546.7794799804688,128525.9921875,5.464762210845947,0.3023613691329956,0.8398698568344116,2.349968433380127,32104.955078125,45580.37109375,3212.0,3
362.5721740722656,128.61380004882812,71032.6640625,0.6662721037864685,0.5839748978614807,0.8838741183280945,14.132102012634277,26109.83203125,32557.076171875,1032.3258056640625,3
45.37080764770508,9.0,498.92059326171875,0.24323630332946777,0.480701208114624,0.6656621098518372,18.218196868896484,222.5872802734375,325.8128967285156,14.0,3
35.797393798828125,25.248544692993164,683.2320556640625,0.6626521348953247,0.482616662979126,0.7897952198982239,7.0116190910339355,241.44503784179688,421.77667236328125,60.07632827758789,3
238.0120391845703,96.7548599243164,9939.4462890625,0.8028833866119385,0.5234520435333252,0.7960531115531921,17.305700302124023,22243.55078125,32204.779296875,449.4613342285156,3
70.59319305419922,177.5682373046875,11119.400390625,1.5612845420837402,0.6895325183868408,0.8663771748542786,63.287071228027344,23466.8671875,34059.6484375,188.83023071289062,3
63.14731216430664,82.7042465209961,5165.42626953125,1.1298935413360596,0.4496150612831116,0.8283519744873047,4.890023708343506,1938.782958984375,3365.175048828125,449.9510803222656,3
524.8228759765625,521.8023681640625,137298.546875,0.8472438454627991,0.46216440200805664,0.9422784447669983,15.06432819366455,32932.0625,45997.60546875,3207.709716796875,3
423.6631774902344,265.1826171875,73242.015625,0.9772043228149414,0.33989572525024414,0.12823328375816345,70.40847778320312,9090.638671875,4478.65576171875,107.88685607910156,3
113.36526489257812,405.422607421875,86620.1640625,2.333730459213257,0.4068101644515991,0.6155685186386108,18.2285099029541,32576.982421875,45641.87890625,1305.5247802734375,3
73.75465393066406,335.68695068359375,9381.9482421875,2.635364294052124,0.3059622049331665,0.19066017866134644,15.926800727844238,5547.7822265625,6440.69873046875,182.3035430908203,3
167.07713317871094,198.17799377441406,12262.5068359375,1.5475842952728271,0.45188555121421814,0.542309582233429,27.40264320373535,31775.37890625,43107.953125,270.5594787597656,3
53.304420471191406,219.73367309570312,5195.14453125,2.3611552715301514,0.348696768283844,0.6985830068588257,8.133562088012695,14577.9794921875,23908.49609375,371.6241149902344,3
135.15884399414062,265.2879333496094,23736.1796875,1.5441409349441528,0.5618786215782166,0.5922204852104187,39.60309982299805,13335.841796875,6321.466796875,397.2508850097656,3
52.573116302490234,281.784912109375,10979.1220703125,2.76725697517395,0.7691854238510132,0.8893064260482788,22.332515716552734,24511.423828125,33256.515625,568.8211669921875,3
35.81167984008789,264.5910339355469,4289.21533203125,4.733996868133545,0.45961296558380127,0.7369076013565063,13.013834953308105,2995.775634765625,3893.448974609375,193.5671844482422,3
337.66357421875,492.7977294921875,113436.8203125,1.4519859552383423,0.4320562183856964,0.6445598602294922,14.850922584533691,18772.4453125,7943.9052734375,3182.34765625,3
49.4813232421875,99.96710205078125,2468.713623046875,1.5067315101623535,0.37639325857162476,0.4404456615447998,15.962641716003418,619.5657348632812,941.552978515625,52.62651824951172,3
69.38672637939453,17.0,1089.3489990234375,0.10095755010843277,0.5524837374687195,0.6283948421478271,9.959685325622559,344.199951171875,488.94940185546875,39.6580810546875,3
498.2177734375,543.3277587890625,132326.03125,1.5166451930999756,0.2734151780605316,0.07580920308828354,62.41342544555664,31571.998046875,40410.15625,481.6549072265625,3
355.00811767578125,409.06463623046875,88384.21875,1.0779767036437988,0.7387152910232544,0.8436039090156555,30.906530380249023,30768.634765625,41293.9296875,604.7673950195312,3
47.169403076171875,59.45970916748047,3501.076904296875,0.8128358125686646,1.0,0.7091039419174194,91.33966827392578,2519.268310546875,2739.918701171875,65.34606170654297,3
70.20755767822266,170.19631958007812,8951.88671875,1.711755394935608,0.48436668515205383,0.689149022102356,29.51954460144043,11054.3564453125,7404.82177734375,218.0281982421875,3
166.24632263183594,46.29709243774414,5156.03369140625,0.12104283273220062,0.8292608261108398,0.8804225921630859,15.957947731018066,2087.581298828125,3413.2451171875,209.722900390625,3
57.18044662475586,70.13139343261719,4533.33447265625,1.2360341548919678,0.5660879015922546,0.7195955514907837,25.030141830444336,2158.546630859375,2826.800048828125,72.73580932617188,3
63.36792755126953,71.15438079833984,4736.78173828125,1.0226260423660278,0.3128676116466522,0.5692141652107239,4.266021251678467,677.6224975585938,1700.999267578125,188.81610107421875,3
68.36209869384766,45.18965148925781,3537.712890625,0.5065114498138428,0.5089294910430908,0.8526471853256226,8.093693733215332,1200.7130126953125,2143.2822265625,223.28713989257812,3
368.655517578125,443.0809631347656,77589.3359375,1.0965135097503662,0.4961868226528168,0.5629062056541443,35.54432678222656,31912.8203125,41878.5078125,2230.00537109375,3
37.93729782104492,126.18924713134766,3180.785400390625,2.5457403659820557,0.49159950017929077,0.7420880198478699,15.025233268737793,1495.2742919921875,2200.2783203125,113.74803924560547,3
62.849761962890625,61.85515213012695,3375.36767578125,0.6850991249084473,0.4532451033592224,0.5607433915138245,20.96224594116211,787.003173828125,1126.708984375,49.5695686340332,3
57.96127700805664,519.4047241210938,22925.494140625,7.894963264465332,0.5615553855895996,0.8191626071929932,42.505645751953125,24228.125,39447.3828125,425.5250244140625,3
450.58074951171875,103.97420501708984,86531.078125,0.44779446721076965,0.4513411521911621,0.600066065788269,236.58656311035156,32090.091796875,44813.421875,121.50691986083984,3
68.30943298339844,113.94317626953125,5513.23583984375,0.8785930871963501,0.538819432258606,0.8900595903396606,12.545570373535156,3976.68115234375,4501.99169921875,387.8821105957031,3
60.75800323486328,131.05455017089844,4586.97509765625,1.836781620979309,0.733827531337738,0.8067632913589478,34.742794036865234,3147.37451171875,3407.15869140625,123.12215423583984,3
72.1414566040039,58.13335037231445,5448.17431640625,0.7917848229408264,0.7952995300292969,0.8131176829338074,45.47209167480469,4032.626220703125,4307.0654296875,99.61223602294922,3
256.0221252441406,168.12828063964844,19760.873046875,0.8979328870773315,0.9435021877288818,1.0,21.750043869018555,30824.390625,42035.29296875,1089.2803955078125,3
73.01136016845703,184.4036407470703,5225.3271484375,1.4842238426208496,0.3879091441631317,0.3632960617542267,74.77619171142578,1070.14697265625,1582.4034423828125,37.17708969116211,3
365.19097900390625,440.4049072265625,43748.61328125,0.9498926401138306,0.353471964597702,0.5017310976982117,10.141895294189453,2774.461669921875,3289.6669921875,577.138671875,3
165.0167694091797,486.2134094238281,99819.9453125,2.0,0.3429728150367737,0.6645429730415344,3.7577667236328125,32529.044921875,45469.08984375,3205.979248046875,3
58.187564849853516,83.79061126708984,4776.390625,1.4390919208526611,0.5201883912086487,0.8162896037101746,6.2789692878723145,2114.491455078125,3242.579833984375,481.15032958984375,3
339.6854553222656,325.2222595214844,101035.7265625,1.4650601148605347,0.4646221101284027,0.7599344253540039,10.44588851928711,31537.13671875,45007.98046875,3052.219482421875,3
54.564659118652344,431.1802978515625,10323.9482421875,3.531327724456787,0.2974555194377899,0.45241355895996094,6.586015224456787,7416.6845703125,27638.619140625,553.4757690429688,3
359.43670654296875,439.43804931640625,123208.546875,1.264154076576233,0.19724933803081512,0.45254623889923096,10.8344087600708,28805.31640625,38995.109375,876.4561157226562,3
70.0485610961914,320.1797790527344,7813.71826171875,1.8146930932998657,0.4746263027191162,0.8158323764801025,6.4474077224731445,11549.103515625,19043.810546875,2248.6123046875,3
470.5982971191406,55.02678298950195,8083.240234375,0.15238171815872192,0.7408018112182617,0.8837762475013733,8.659130096435547,2840.03369140625,3853.3173828125,550.5958862304688,3
70.3887710571289,118.61860656738281,5002.62158203125,1.5934526920318604,0.4803365170955658,0.6642855405807495,21.29222297668457,1609.0059814453125,2702.537109375,144.64137268066406,3
71.14120483398438,90.60570526123047,5551.119140625,1.1275147199630737,0.4482520818710327,0.7246852517127991,11.760346412658691,3163.497314453125,4454.1982421875,372.68927001953125,3
37.4073486328125,68.78826904296875,928.4190063476562,1.432494044303894,0.39235398173332214,0.5008963346481323,6.9077067375183105,537.7897338867188,688.0003662109375,59.70512771606445,3
75.86280059814453,260.8115539550781,6983.1220703125,1.2393362522125244,0.39155635237693787,0.5721449851989746,13.6207857131958,4682.65234375,6452.89111328125,294.8865051269531,3
43.984310150146484,30.192150115966797,1178.2147216796875,0.6029712557792664,0.4815885126590729,0.7380806803703308,10.215497970581055,463.6767578125,822.8619384765625,56.632598876953125,3
722.879638671875,546.1870727539062,141701.84375,0.6622300744056702,0.4218621551990509,0.4103003144264221,228.733642578125,33017.0,46130.59765625,3204.094482421875,3
392.0146789550781,111.10537719726562,35434.859375,0.3979645073413849,0.5697933435440063,0.5424701571464539,31.67397689819336,29374.791015625,38652.890625,456.27593994140625,3
27.532024383544922,24.301788330078125,565.75,0.6992762684822083,0.46334144473075867,0.666694700717926,13.77147388458252,247.4941864013672,368.85992431640625,16.879579544067383,3
137.82603454589844,32.0,4740.8955078125,0.554185688495636,0.39642253518104553,0.27588704228401184,69.8755111694336,707.6791381835938,875.857421875,19.557357788085938,3
59.34013748168945,83.36248779296875,5072.833984375,1.543500542640686,0.4548072814941406,0.5088077783584595,16.230093002319336,1913.914306640625,2701.201904296875,122.47994995117188,3
50.10505676269531,33.945980072021484,2221.054931640625,0.808997392654419,0.40181684494018555,0.6865819096565247,5.390435218811035,561.1445922851562,973.4539184570312,112.54692840576172,3
224.27294921875,415.385498046875,16867.46875,1.2714176177978516,0.35526612401008606,0.6150456070899963,5.77872896194458,15926.212890625,19407.30078125,1557.322998046875,3
31.859716415405273,41.47917938232422,1412.8878173828125,1.2192180156707764,0.548635721206665,0.7690781354904175,9.12886905670166,593.32177734375,952.7440795898438,81.8432388305664,3
40.49703598022461,42.20165252685547,1606.976318359375,1.0,0.48392850160598755,0.7884730100631714,8.835017204284668,581.2219848632812,1100.289306640625,83.25921630859375,3
77.18315124511719,33.72641372680664,5292.54248046875,0.6226503252983093,0.5265595316886902,0.7160585522651672,72.56185150146484,2097.698486328125,2849.935546875,22.758216857910156,3
43.95541763305664,106.8942642211914,3140.0712890625,1.5096230506896973,0.5199822783470154,0.6448131203651428,12.671192169189453,2571.209716796875,3932.906005859375,141.12132263183594,3
264.0754699707031,342.7198486328125,78490.953125,1.6536344289779663,0.6168111562728882,0.6943209171295166,28.059770584106445,31883.73046875,43325.69140625,2756.440185546875,3
287.08502197265625,263.3927307128906,67814.6328125,1.0,0.3966250717639923,0.6041577458381653,16.8720760345459,17800.861328125,17710.716796875,538.5667724609375,3
39.32943344116211,30.16090965270996,938.0257568359375,0.8692911863327026,0.5198805928230286,0.6674852967262268,11.366617202758789,433.4635009765625,603.357666015625,48.02479553222656,3
29.913572311401367,34.544105529785156,1045.71728515625,1.3128000497817993,0.3958060145378113,0.6248612403869629,5.262445449829102,420.1003723144531,662.3881225585938,78.27426147460938,3
74.38880157470703,160.2575225830078,10300.4755859375,0.9588110446929932,0.6271288990974426,0.7492968440055847,14.340546607971191,27708.724609375,32164.9140625,521.097900390625,3
57.9480094909668,106.673828125,4868.98486328125,2.0,0.38762280344963074,0.5690529346466064,9.18543529510498,2081.53564453125,3168.23876953125,211.4911651611328,3
27.433446884155273,58.365570068359375,2107.921142578125,1.9847477674484253,0.4520290493965149,0.6468753814697266,8.742474555969238,636.5678100585938,1050.564697265625,68.7501220703125,3
250.379638671875,408.20343017578125,11427.6064453125,1.6309062242507935,0.7653440237045288,0.6833170652389526,153.05003356933594,22461.927734375,21714.373046875,157.6774139404297,3
66.44451904296875,508.4286193847656,12438.005859375,5.0852556228637695,0.4238719344139099,0.6753693222999573,39.1376953125,31010.794921875,44823.35546875,274.9090270996094,3
62.30992126464844,228.510498046875,6943.87548828125,2.2009146213531494,0.5861336588859558,0.8876744508743286,15.7525053024292,8874.46484375,7951.4423828125,492.5943908691406,3
548.7548828125,122.6539535522461,124842.5,0.06559880077838898,0.3982851803302765,0.33579355478286743,26.31660270690918,22588.798828125,20195.294921875,456.273193359375,3
127.3429946899414,102.11100769042969,11124.3994140625,1.0584486722946167,0.9233695864677429,0.8864760398864746,22.26783561706543,4348.904296875,5192.1337890625,464.4850769042969,3
484.4988708496094,434.92596435546875,130891.2109375,1.0107618570327759,0.4824441075325012,0.8876551985740662,16.410066604614258,32790.13671875,45726.71484375,3202.484375,3
158.17288208007812,49.67761993408203,4848.41259765625,0.5478957295417786,0.40943557024002075,0.6287624835968018,16.91527557373047,2772.1376953125,3492.6474609375,117.70503234863281,3
49.00325393676758,86.4527816772461,4963.0458984375,1.544223427772522,0.5046869516372681,0.7155020833015442,12.39584732055664,3374.336181640625,4464.95166015625,225.0211181640625,3
381.13348388671875,280.00213623046875,109859.7109375,1.5297576189041138,0.7132865786552429,0.6481378674507141,122.54811096191406,30009.138671875,41792.33984375,482.7505187988281,3
59.878448486328125,338.3653564453125,8566.9775390625,4.421905517578125,0.39220842719078064,0.6668866276741028,11.300148010253906,10647.7724609375,29763.169921875,494.3302001953125,3
69.21713256835938,92.62681579589844,6678.3642578125,1.4245253801345825,0.3274613618850708,0.1422085165977478,36.82404708862305,2795.67626953125,3878.745849609375,87.03388214111328,3
77.77106475830078,258.5747985839844,79741.7109375,1.780490756034851,0.33417651057243347,0.45408895611763,4.620144367218018,29574.025390625,41811.93359375,3112.685791015625,3
72.5680160522461,216.74253845214844,10982.9189453125,1.476317048072815,0.5366066694259644,0.8122190237045288,18.31348991394043,29853.92578125,43286.40625,526.5901489257812,3
473.9612121582031,547.7317504882812,143117.296875,2.4154229164123535,0.36366039514541626,0.7074497938156128,3.0281825065612793,32975.41796875,46079.734375,3212.0,3
65.53129577636719,187.47760009765625,11435.5087890625,2.0156898498535156,0.4128369987010956,0.6176130175590515,6.922940731048584,5618.76708984375,6985.52197265625,904.4187622070312,3
40.65636444091797,48.59469223022461,2639.58203125,1.152580738067627,0.4425935745239258,0.5618667006492615,10.931937217712402,1522.30908203125,1852.1485595703125,83.44709777832031,3
74.71253967285156,98.62659454345703,5689.47802734375,0.8435348868370056,0.8667721152305603,0.9280502200126648,27.923364639282227,2283.99365234375,3597.142578125,229.49301147460938,3
73.56806182861328,62.9708137512207,4342.5849609375,0.9597963690757751,0.4745326042175293,0.5490553379058838,17.492612838745117,1561.3048095703125,2666.8759765625,137.8032989501953,3
77.81114959716797,243.65505981445312,8652.2783203125,2.520057439804077,0.4622534513473511,0.5262261033058167,34.075218200683594,17492.78125,23835.076171875,215.13034057617188,3
265.9197082519531,119.44424438476562,9679.9375,0.815360963344574,0.893182098865509,0.7698120474815369,15.742090225219727,3289.71728515625,4583.9384765625,395.1737060546875,3
59.49235534667969,177.05528259277344,6531.07666015625,1.3386178016662598,0.20105673372745514,0.5184595584869385,2.4601919651031494,1474.66357421875,3308.23681640625,451.99713134765625,3
278.52947998046875,101.04882049560547,12119.2060546875,0.6440778374671936,0.19108523428440094,0.46084779500961304,2.2231414318084717,1133.22802734375,3115.572265625,465.3282165527344,3
72.34496307373047,49.54076385498047,4714.82861328125,0.7737647294998169,0.3916565477848053,0.6818689107894897,5.195554256439209,1261.8743896484375,2492.5126953125,290.81488037109375,3
38.20075225830078,62.680179595947266,2955.135986328125,1.3837295770645142,0.5201869606971741,0.6882391571998596,341.0144348144531,2185.1865234375,2097.853271484375,7.077671527862549,3
62.65190505981445,128.37811279296875,4107.52099609375,1.25827956199646,0.6353300213813782,0.7294669151306152,37.8680305480957,1226.0555419921875,2142.765380859375,66.23233795166016,3
60.53110885620117,367.5647888183594,7852.373046875,3.2888665199279785,0.3545224964618683,0.6634038686752319,7.3681206703186035,12661.4091796875,21630.68359375,565.2411499023438,3
489.2378845214844,68.34979248046875,66646.34375,0.029170671477913857,0.20891691744327545,0.10346987843513489,8.732782363891602,2952.15966796875,3953.641357421875,336.2069091796875,3
111.60700225830078,267.4556884765625,32717.60546875,2.164741277694702,0.43062329292297363,0.48239725828170776,41.71234130859375,24819.3828125,33623.63671875,379.0384521484375,3
56.75539016723633,68.2287826538086,2187.732666015625,0.8913583159446716,0.3258783221244812,0.4506645202636719,22.491933822631836,625.5933837890625,933.7252197265625,20.17641258239746,3
72.3846664428711,167.74795532226562,6908.17236328125,1.2540258169174194,0.3612557649612427,0.6953659653663635,9.794695854187012,5458.78125,16002.26171875,364.0086669921875,3
129.38021850585938,70.59357452392578,5725.17333984375,0.7205471992492676,0.47767946124076843,0.7416243553161621,7.059495449066162,4558.13427734375,5419.361328125,440.53570556640625,3
77.58794403076172,40.25952911376953,4763.1611328125,0.2362365871667862,0.5209334492683411,0.6414526104927063,8.451783180236816,988.3485717773438,2223.057373046875,166.2449188232422,3
190.72869873046875,158.9362030029297,5238.447265625,0.7285724878311157,0.5443867444992065,0.5803245902061462,32.63612747192383,2230.909912109375,2781.67041015625,93.63155364990234,3
686.3187255859375,135.76846313476562,134688.421875,0.03958488628268242,0.7999380826950073,0.8443505167961121,31.633094787597656,32723.51171875,45890.68359375,3178.86767578125,3
437.4385681152344,326.5137634277344,113180.65625,1.2791073322296143,0.3572872281074524,0.2954666018486023,60.40979766845703,29662.53515625,41995.015625,386.55963134765625,3
76.66090393066406,270.20318603515625,20741.4453125,1.8464843034744263,0.4060780107975006,0.47022539377212524,41.52198028564453,5478.24951171875,5531.80712890625,185.37875366210938,3
67.11550903320312,280.906494140625,7594.23974609375,1.5468194484710693,0.3532616198062897,0.6691834330558777,2.441871166229248,6743.41796875,16986.984375,2489.51171875,3
163.955078125,179.69239807128906,9842.2548828125,1.0,0.5021328926086426,0.7031678557395935,16.342784881591797,6987.19140625,11064.3369140625,404.5879821777344,3
47.48507308959961,96.0669937133789,4571.83984375,1.7589490413665771,0.8939720988273621,0.9698143005371094,25.162973403930664,2686.79833984375,3603.588623046875,174.4361572265625,3
53.40138626098633,211.25042724609375,6286.11328125,2.3054468631744385,0.5417831540107727,0.7642289400100708,15.52560043334961,16402.78125,14942.1318359375,444.0833740234375,3
303.7023010253906,390.16058349609375,119289.0625,1.5871434211730957,0.7342848777770996,0.8718789219856262,28.06072425842285,31944.80078125,44120.65234375,2442.61669921875,3
66.58641815185547,408.0496826171875,20970.541015625,3.635894775390625,0.4863257110118866,0.8072821497917175,15.1170654296875,24571.919921875,38398.26953125,656.29345703125,3
344.55572509765625,92.32257843017578,9006.580078125,0.515828549861908,0.460655152797699,0.5028297305107117,15.599807739257812,21404.333984375,27580.53125,418.5886535644531,3
59.74311065673828,287.0851135253906,11269.09765625,3.285130500793457,0.8942819237709045,0.9323503375053406,30.429960250854492,27837.853515625,40369.484375,574.5880126953125,3
42.73359298706055,87.25699615478516,3072.856201171875,1.6053235530853271,0.4450265169143677,0.6781448125839233,7.37379789352417,1343.540283203125,2245.093017578125,285.34814453125,3
43.19496536254883,93.3154525756836,2475.79931640625,2.0,0.4045383036136627,0.6684159636497498,4.920579433441162,786.5331420898438,1653.6708984375,184.09881591796875,3
200.5175018310547,295.19287109375,91058.265625,1.7802506685256958,0.2687280476093292,0.36436590552330017,5.383852958679199,24400.41796875,29630.728515625,2284.958740234375,3
76.46016693115234,195.45034790039062,8568.5361328125,1.3194735050201416,0.5236932635307312,0.5357605814933777,28.4880428314209,3901.876220703125,3820.544677734375,234.36495971679688,3
396.16864013671875,439.8633728027344,85746.5703125,1.1404333114624023,0.575515627861023,0.8637025952339172,17.27996063232422,32332.75,44584.515625,3080.232177734375,3
305.2562255859375,84.90723419189453,9365.7919921875,0.5497444272041321,0.3916805684566498,0.6344304084777832,6.9734039306640625,7530.9111328125,11376.5234375,501.79876708984375,3
24.336713790893555,35.17826843261719,681.585205078125,1.4637179374694824,0.5155421495437622,0.7843035459518433,5.004164218902588,610.96728515625,943.33642578125,76.11376190185547,3
76.50481414794922,294.93695068359375,7787.39599609375,1.8321831226348877,0.3140673041343689,0.1719844937324524,63.75764846801758,4922.7744140625,4074.689208984375,54.38981628417969,3
34.05006790161133,70.05020904541016,2523.389892578125,1.9684092998504639,0.3065565228462219,0.4104507863521576,4.693850994110107,771.4837036132812,1284.46533203125,120.35650634765625,3
259.8353576660156,493.4393310546875,112164.2109375,2.6338396072387695,0.3056308627128601,0.19928237795829773,461.882080078125,31843.12890625,42494.19921875,28.332073211669922,3
236.91061401367188,154.8174285888672,36674.03515625,0.9878392815589905,0.31735897064208984,0.5222675204277039,42.44110870361328,12498.1005859375,16136.6904296875,119.43909454345703,3
38.77570724487305,34.69643020629883,1637.16455078125,0.8096613883972168,0.46034297347068787,0.5895506739616394,15.46286678314209,615.217529296875,880.9712524414062,40.55579376220703,3
184.34974670410156,18.0,5081.3203125,0.06654752045869827,1.0,1.0,72.12580108642578,1934.1011962890625,2047.1844482421875,15.0,3
45.54911804199219,288.8572998046875,6209.9375,5.507869720458984,0.4017704725265503,0.737462043762207,8.185627937316895,10906.029296875,20878.42578125,545.6710815429688,3
58.71863555908203,168.17518615722656,5207.35498046875,2.3857691287994385,0.35655099153518677,0.5017675161361694,5.899616241455078,1641.5047607421875,2602.815673828125,355.10980224609375,3
457.4651794433594,377.16046142578125,117335.1796875,1.0475865602493286,0.41955870389938354,0.5936015844345093,29.78545570373535,32910.875,45771.74609375,954.491943359375,3
24.618101119995117,30.204971313476562,732.3992919921875,1.1583569049835205,0.3966643810272217,0.7765804529190063,2.254798650741577,230.430419921875,537.6861572265625,99.56895446777344,3
34.302345275878906,45.62189483642578,2114.082275390625,1.5831174850463867,0.5378220081329346,0.7065160274505615,12.392057418823242,819.0443115234375,1163.181396484375,73.76351928710938,3
255.46865844726562,164.23020935058594,10970.6240234375,1.1197261810302734,0.4389949142932892,0.486108660697937,326.8076477050781,3945.993408203125,3886.866943359375,66.38514709472656,3
34.426055908203125,62.020626068115234,1791.1712646484375,1.9202630519866943,0.6106017231941223,0.6879960894584656,15.568575859069824,857.9627075195312,1275.4232177734375,72.00762939453125,3
64.77577209472656,284.7913513183594,11510.388671875,2.951590061187744,0.5197523236274719,0.7099974155426025,18.521305084228516,5503.740234375,7526.45166015625,480.3168029785156,3
288.6966552734375,511.91180419921875,79921.6015625,1.8738728761672974,0.38154762983322144,0.39618372917175293,47.624977111816406,31966.4140625,43114.953125,180.3843994140625,3
44.7249755859375,108.44102478027344,4825.8359375,2.1467416286468506,0.3733343780040741,0.6992104649543762,5.785680294036865,2492.621826171875,4249.1982421875,310.45135498046875,3
537.7581787109375,176.5895233154297,93052.0234375,0.81658536195755,0.4543418884277344,0.5268255472183228,22.99527931213379,18706.46484375,16688.583984375,457.4584655761719,3
187.67514038085938,175.10105895996094,7384.57421875,0.7672205567359924,0.9538661241531372,0.8176379799842834,63.093162536621094,20111.1171875,7469.14208984375,381.973388671875,3
32.76835250854492,98.32181549072266,2884.84033203125,2.688789129257202,0.3594849407672882,0.28828468918800354,16.665185928344727,1132.443603515625,1408.4443359375,43.82290267944336,3
249.5828399658203,80.35657501220703,5949.26220703125,0.1304590106010437,0.2794433534145355,0.6559857726097107,2.199496030807495,1489.3529052734375,4096.341796875,1908.070068359375,3
142.1256866455078,136.89382934570312,9793.01953125,1.1542584896087646,0.6198782920837402,0.7524641156196594,21.86780548095703,5068.30322265625,6854.81689453125,416.02734375,3
50.492942810058594,31.955310821533203,990.4417724609375,0.6930110454559326,0.45039939880371094,0.7513893842697144,8.296018600463867,495.046142578125,840.2459106445312,50.120574951171875,3
22.944334030151367,32.0,662.4500122070312,1.551970362663269,0.3645908236503601,0.6356868743896484,7.0159502029418945,308.0592956542969,519.1525268554688,42.69583511352539,3
180.1730194091797,63.96861267089844,6928.0615234375,0.5084353685379028,0.3800956904888153,0.43977490067481995,9.412409782409668,2974.266845703125,3807.58251953125,272.3154296875,3
49.07380294799805,146.59304809570312,3020.07177734375,1.9642235040664673,0.4823174774646759,0.6839628219604492,14.519868850708008,3014.633544921875,3739.165283203125,145.60223388671875,3
233.62371826171875,142.44984436035156,9078.9208984375,1.1028064489364624,0.24755127727985382,0.171104297041893,202.8246307373047,4350.88330078125,3685.400390625,30.874427795410156,3
366.393310546875,492.99249267578125,81743.1015625,1.2228801250457764,0.47513046860694885,0.6699236631393433,26.979358673095703,26164.13671875,29540.12890625,607.2088623046875,3
62.39189910888672,237.51324462890625,8082.2021484375,2.941948413848877,0.3784310221672058,0.6050744652748108,19.218948364257812,5203.78857421875,10767.021484375,275.82611083984375,3
67.93660736083984,65.137939453125,4594.05029296875,0.741393506526947,0.7227206826210022,0.8363608717918396,15.09668254852295,2020.800537109375,2890.692138671875,228.4382781982422,3
480.3251037597656,414.76605224609375,132808.40625,1.330816626548767,0.5600937008857727,0.642535388469696,25.058942794799805,32877.8359375,45803.6875,3202.056396484375,3
73.54155731201172,123.8741226196289,5894.03271484375,1.5730363130569458,0.4603777527809143,0.41977301239967346,198.86619567871094,2715.01513671875,2914.622314453125,28.70903968811035,3
44.81863021850586,99.39045715332031,4765.4677734375,1.429783821105957,0.6345025897026062,0.6942964792251587,36.93444061279297,4943.7001953125,4484.90087890625,81.77931213378906,3
53.709877014160156,107.65267944335938,5875.0107421875,1.9062345027923584,0.6558784246444702,0.7844977378845215,16.459453582763672,5675.2080078125,7002.0712890625,360.6444396972656,3
22.42365264892578,25.0,467.927001953125,1.1214971542358398,0.49569177627563477,0.7521631121635437,5.448791980743408,238.49850463867188,421.3813781738281,43.50859451293945,3
310.6693420410156,279.435302734375,93078.40625,0.8840249180793762,0.3901957869529724,0.6996594667434692,4.9077277183532715,28116.177734375,39478.73828125,3129.51904296875,3
60.61075210571289,188.2222137451172,6469.904296875,2.0,0.6989727020263672,0.7558364868164062,23.547771453857422,9316.9072265625,7567.47412109375,399.5946044921875,3
54.054954528808594,141.0257568359375,5992.5673828125,2.6113343238830566,0.46001285314559937,0.6345110535621643,13.76645278930664,2855.262451171875,4380.087890625,251.08810424804688,3
42.16203308105469,22.0,1291.51025390625,0.6606372594833374,0.4426146447658539,0.5496223568916321,7.646259784698486,643.4313354492188,853.8148193359375,46.51964569091797,3
73.97142791748047,62.31864547729492,5031.7109375,0.6191574931144714,0.5956327319145203,0.792317807674408,8.54504108428955,1882.340576171875,3049.265380859375,262.393310546875,3
41.922828674316406,73.16718292236328,3393.20849609375,1.4981138706207275,0.5920394659042358,0.8091967105865479,7.397436618804932,1386.352294921875,2531.277587890625,294.2392578125,3
62.24267578125,28.653234481811523,2104.19189453125,0.6229194402694702,0.94705730676651,0.7520716786384583,28.845184326171875,1425.574951171875,1665.965576171875,39.058563232421875,3
361.5414733886719,549.464111328125,101747.2109375,2.5595922470092773,0.410455584526062,0.6022220253944397,14.657919883728027,32999.51953125,46109.4296875,3157.26123046875,3
280.5054931640625,212.73516845703125,9556.6162109375,1.1630388498306274,0.4293530285358429,0.53750079870224,320.3467712402344,30221.296875,38013.3984375,54.62368392944336,3
24.50172996520996,35.40109634399414,1156.13134765625,1.346686601638794,0.8559219837188721,1.0,8.435201644897461,519.0670776367188,841.6962280273438,87.17488861083984,3
67.69168853759766,72.5411148071289,5292.2919921875,0.7655792832374573,1.0,0.8976101279258728,281.6501770019531,5439.1142578125,4445.4873046875,109.60877990722656,3
717.8388671875,447.3863525390625,143324.984375,0.5760493278503418,1.0,1.0,59.9810676574707,33011.02734375,46109.78125,3211.955078125,3
140.76402282714844,284.311279296875,46939.203125,1.9590615034103394,0.4318925738334656,0.6062774062156677,23.723384857177734,32572.080078125,45503.8515625,602.4900512695312,3
52.78938293457031,39.33962631225586,2324.795166015625,0.7718896865844727,0.59483402967453,0.6928170919418335,18.488876342773438,790.9993896484375,1197.025390625,56.95854568481445,3
452.8618469238281,106.7055435180664,9795.0458984375,0.5044739842414856,0.7281588315963745,0.7799023389816284,26.37494468688965,2331.409912109375,3114.88330078125,278.8468933105469,3
75.66886138916016,264.3940734863281,12453.8671875,2.1584277153015137,0.25550809502601624,0.2789784371852875,46.327667236328125,19876.748046875,20790.716796875,82.85835266113281,3
264.8862609863281,64.15504455566406,11024.6923828125,0.5476240515708923,0.45750877261161804,0.5511281490325928,21.164016723632812,2282.11376953125,3368.053955078125,198.03591918945312,3
70.26856994628906,60.511383056640625,4892.79248046875,0.8719426989555359,0.3577938973903656,0.6000896096229553,2.7958486080169678,993.203125,2190.18603515625,467.45648193359375,3
59.59412384033203,148.0670623779297,6183.08447265625,1.9068021774291992,0.49868983030319214,0.8529596328735352,8.99907398223877,5456.47900390625,7850.6044921875,443.1404724121094,3
30.494508743286133,39.79021072387695,1499.189453125,1.2933348417282104,0.6967770457267761,0.6898671984672546,19.426313400268555,811.2756958007812,867.6348876953125,45.014404296875,3
274.3348388671875,209.92640686035156,22426.583984375,1.1420317888259888,0.3888278901576996,0.6888628602027893,6.619322776794434,28954.94140625,42066.4453125,2200.74267578125,3
75.47223663330078,314.3673095703125,54678.96875,2.443154811859131,0.5092152953147888,0.730166494846344,16.190750122070312,22010.9921875,32859.8359375,1197.252685546875,3
118.96204376220703,293.51824951171875,89013.953125,1.8432941436767578,0.9585127830505371,0.7910128235816956,67.42338562011719,30910.1953125,41989.3515625,557.6865844726562,3
155.6970977783203,101.9699935913086,7167.35693359375,1.0,0.4281366765499115,0.6912170052528381,2.3651721477508545,2622.41845703125,3803.080810546875,2964.393310546875,3
26.916847229003906,69.22435760498047,1580.8060302734375,2.0,0.40361300110816956,0.6771913766860962,9.685937881469727,933.9949951171875,1377.3079833984375,51.70146179199219,3
41.51879119873047,12.070694923400879,658.6836547851562,0.15620175004005432,0.3551134169101715,0.34606194496154785,66.16493225097656,178.79981994628906,234.48802185058594,1.0,3
51.59638214111328,88.33673095703125,3649.76806640625,1.3269251585006714,0.4854796230792999,0.7227948904037476,8.157293319702148,2375.5595703125,3355.48193359375,174.1696319580078,3
133.94557189941406,93.24744415283203,5545.5849609375,1.0,0.39721694588661194,0.6330736875534058,11.391950607299805,2329.10791015625,3552.53076171875,202.15573120117188,3
68.28239440917969,115.55413818359375,5019.7392578125,1.8764405250549316,0.44597128033638,0.6060070395469666,9.442427635192871,2385.89208984375,3425.6962890625,222.5904083251953,3
54.5628662109375,77.4281234741211,4778.3173828125,1.366739273071289,0.4983936548233032,0.8146787881851196,9.516132354736328,2133.857666015625,3660.040771484375,329.76611328125,3
62.35581970214844,16.56089973449707,1448.323974609375,0.23364880681037903,0.3773096203804016,0.3957585096359253,19.39518165588379,417.7803649902344,625.746826171875,17.380128860473633,3
311.2033996582031,103.01848602294922,6712.54150390625,0.793993353843689,0.4658030867576599,0.6230156421661377,20.14400863647461,1672.5987548828125,3038.205078125,165.16061401367188,3
38.6821174621582,90.14527893066406,3264.0400390625,1.5109010934829712,0.9328852295875549,1.0,55.90692138671875,2001.0853271484375,2462.40185546875,42.265716552734375,3
26.227142333984375,17.359365463256836,479.6192932128906,0.6998134255409241,0.3760947585105896,0.6843186020851135,5.380734443664551,180.34759521484375,367.3446960449219,24.44758415222168,3
78.07232666015625,99.18869018554688,8805.1376953125,1.1499943733215332,1.0,0.8972431421279907,73.80520629882812,28316.759765625,32111.990234375,357.7811584472656,3
374.0698547363281,261.78387451171875,94316.03125,0.7799705862998962,0.5658996105194092,0.7528414130210876,12.023651123046875,20831.318359375,25251.134765625,2012.1312255859375,3
53.2688102722168,490.5178527832031,31733.7109375,5.936919689178467,0.4134199917316437,0.6177907586097717,10.90676212310791,14969.2080078125,19093.90234375,1437.3480224609375,3
52.30018615722656,100.85552978515625,4542.19287109375,1.709362506866455,0.5264314413070679,0.6847742199897766,23.354049682617188,1690.5906982421875,2606.5107421875,110.03546142578125,3
478.59747314453125,537.657470703125,126028.0859375,1.203662633895874,0.4387182891368866,0.5329698324203491,63.10607147216797,32972.640625,45993.5,653.8699340820312,3
72.96965789794922,460.78228759765625,11437.76953125,3.4093239307403564,0.46005621552467346,0.7226946353912354,9.990706443786621,26372.912109375,39449.73828125,635.9581909179688,3
52.922672271728516,189.007568359375,5547.0322265625,2.65604305267334,0.5415712594985962,0.7475064992904663,18.89178466796875,5080.5869140625,4469.57177734375,241.13096618652344,3
444.70343017578125,547.013916015625,129684.8671875,2.0517795085906982,0.23061828315258026,0.08669368177652359,17.57526397705078,32377.3671875,44983.81640625,3029.716552734375,3
575.4117431640625,536.4716186523438,123550.9375,1.0,0.36474359035491943,0.34197482466697693,55.91570281982422,32337.9140625,44304.78125,666.4479370117188,3
49.0662956237793,37.64085006713867,2464.952392578125,0.7763570547103882,0.5280227661132812,0.7229864001274109,22.349651336669922,787.6063842773438,1455.32177734375,57.161197662353516,3
62.15842819213867,266.74224853515625,8732.6123046875,3.8548271656036377,0.41219818592071533,0.7009412050247192,7.728338241577148,5147.29736328125,7220.6376953125,549.6162109375,3
434.6283874511719,203.96580505371094,98377.875,1.0,0.536002516746521,0.7071031928062439,44.090213775634766,28689.9375,39893.7734375,613.5535888671875,3
69.39481353759766,108.15771484375,5987.43310546875,1.4712191820144653,0.5052210092544556,0.6493458151817322,14.199992179870605,2636.474609375,3872.95703125,302.87677001953125,3
70.17511749267578,231.3509063720703,8165.66162109375,1.545430064201355,0.6139184236526489,0.8318536281585693,17.223093032836914,19021.9140625,33248.95703125,376.59661865234375,3
60.709205627441406,38.672828674316406,3300.768310546875,0.754679799079895,0.5135862827301025,0.7998572587966919,7.890472412109375,1131.1748046875,1991.148681640625,186.5164031982422,3
184.35470581054688,283.3658752441406,81509.765625,1.804391622543335,0.7818262577056885,0.9644103646278381,27.500476837158203,31186.90234375,42844.35546875,632.4214477539062,3
607.0689697265625,460.3773498535156,136736.40625,1.1203227043151855,0.47851166129112244,0.7122737765312195,78.26885986328125,33008.71484375,46112.76953125,3058.077880859375,3
48.85094451904297,112.9838638305664,5052.4072265625,2.2026736736297607,0.655116617679596,0.7441673278808594,18.896852493286133,4490.6923828125,4303.9697265625,188.9542694091797,3
246.86367797851562,270.52008056640625,12238.962890625,1.323996663093567,0.34399229288101196,0.47899025678634644,62.56084060668945,13584.6943359375,7200.33837890625,149.7552032470703,3
74.54670715332031,205.977294921875,7136.02587890625,1.7348355054855347,0.402681440114975,0.6538434028625488,14.501872062683105,7705.0498046875,7736.958984375,389.3780822753906,3
56.22502899169922,512.0783081054688,11648.794921875,4.7897047996521,0.3091811239719391,0.5484944581985474,5.4815239906311035,15157.8154296875,25949.154296875,2387.042724609375,3
363.1639404296875,414.421875,91433.125,1.5008487701416016,0.43064460158348083,0.7344366312026978,8.326507568359375,32008.158203125,44435.3046875,3072.619873046875,3
77.21652221679688,173.3408203125,8621.7919921875,1.2643961906433105,0.46539193391799927,0.6850149035453796,12.210405349731445,5486.44677734375,7213.4453125,567.7416381835938,3
55.98017120361328,33.91825485229492,1862.460205078125,0.7806386947631836,0.384019672870636,0.6126662492752075,3.1454520225524902,448.6228332519531,909.5742797851562,166.36593627929688,3
460.3392639160156,269.21875,134010.703125,0.7397693991661072,0.9467228651046753,0.9555399417877197,192.45016479492188,30337.193359375,38528.83984375,1466.18896484375,3
499.7151184082031,423.95941162109375,122831.171875,1.0,0.4370683431625366,0.706381618976593,7.345634460449219,32868.59765625,46011.61328125,3211.185791015625,3
64.36383819580078,241.13644409179688,7045.826171875,2.2639503479003906,0.4527433216571808,0.6291868686676025,15.484679222106934,20689.658203125,28137.130859375,373.9562683105469,3
174.13673400878906,94.42933654785156,5953.650390625,0.47801920771598816,0.7417812943458557,0.796383798122406,39.39734649658203,4757.99658203125,5993.44970703125,152.43128967285156,3
65.13003540039062,22.0,1713.1435546875,0.21337607502937317,0.5173694491386414,0.6653435826301575,18.336654663085938,680.85400390625,1123.2779541015625,46.4348258972168,3
74.80923461914062,180.63885498046875,8607.173828125,1.5190633535385132,0.5069467425346375,0.7745712995529175,18.975679397583008,9237.0126953125,7250.30908203125,420.11737060546875,3
395.3990173339844,166.81910705566406,17595.849609375,0.6517228484153748,0.5434229373931885,0.5766963958740234,29.712068557739258,17441.966796875,22959.46484375,420.48565673828125,3
374.38250732421875,102.1472396850586,11772.55859375,0.7989150285720825,0.467357337474823,0.6793030500411987,29.963642120361328,19887.640625,24522.802734375,197.88491821289062,3
50.77585220336914,120.83026885986328,5186.501953125,1.8263050317764282,0.7128865122795105,0.885874330997467,15.47867488861084,2528.97265625,4280.82958984375,340.23583984375,3
132.1404571533203,85.06851959228516,5529.80908203125,0.8436925411224365,0.35325828194618225,0.6282683610916138,21.976192474365234,3041.4462890625,4376.701171875,145.3885498046875,3
403.0098571777344,546.096923828125,137557.171875,2.3042643070220947,0.44753968715667725,0.6841620802879333,17.880077362060547,32998.99609375,46104.0859375,3209.451904296875,3
35.64599609375,29.35913848876953,936.43896484375,0.8441252708435059,0.45428475737571716,0.7287343740463257,8.576021194458008,423.9955139160156,666.4117431640625,55.54016876220703,3
76.47990417480469,189.06924438476562,9738.134765625,1.2767753601074219,0.602179765701294,0.6871942281723022,28.674556732177734,14651.1142578125,6422.03173828125,463.7206115722656,3
377.8325500488281,74.56219482421875,60782.875,0.14120425283908844,0.26737987995147705,0.657011866569519,5.347475051879883,13778.6513671875,27172.421875,470.082275390625,3
66.01522064208984,51.96781539916992,4125.3984375,0.761438250541687,0.6191834211349487,0.8697448372840881,7.71580696105957,917.7894897460938,1854.822998046875,351.7541809082031,3
73.26547241210938,284.2402648925781,9377.5283203125,1.9097646474838257,0.5154358744621277,0.7773118019104004,11.796649932861328,21495.39453125,21485.427734375,1083.064697265625,3
38.89987564086914,19.16058921813965,921.5050048828125,0.6101779937744141,0.3440113365650177,0.6804383397102356,8.261761665344238,296.5984802246094,650.3763427734375,34.764381408691406,3
370.4697265625,502.7314758300781,122410.96875,1.2245768308639526,0.4072060286998749,0.7055078148841858,11.610879898071289,32928.734375,45888.0234375,3139.756103515625,3
113.31074523925781,211.9206085205078,6730.8095703125,1.3001970052719116,0.5173431634902954,0.6005410552024841,45.01734924316406,2070.9990234375,2308.9423828125,104.57006072998047,3
383.2608337402344,153.68093872070312,38916.62109375,0.8725600242614746,0.3880161941051483,0.5098907947540283,48.933048248291016,19980.46875,25027.3203125,347.8804931640625,3
554.9534912109375,536.4869384765625,123846.0078125,0.7256352305412292,0.5131254196166992,0.6648042798042297,25.20879554748535,32883.73046875,45631.46484375,2596.359130859375,3
571.8573608398438,234.9557647705078,128677.5859375,0.5730221271514893,0.4281091094017029,0.7033288478851318,38.43224334716797,31897.126953125,44805.45703125,460.1153259277344,3
40.64396286010742,75.10619354248047,2409.196533203125,1.8570894002914429,0.3745797872543335,0.6167731881141663,5.871219158172607,825.0348510742188,1635.6883544921875,146.0614776611328,3
134.44967651367188,528.8148193359375,122543.078125,3.9893507957458496,0.55525803565979,0.7586531043052673,56.574806213378906,32949.60546875,46093.16796875,1318.9166259765625,3
66.49921417236328,546.9808959960938,6899.5908203125,2.8419430255889893,0.3120672106742859,0.42644190788269043,4.596482753753662,17050.927734375,5755.3076171875,2543.554931640625,3
244.81466674804688,540.4744873046875,118444.4765625,1.9544004201889038,0.4072742760181427,0.6102882623672485,34.259403228759766,32071.673828125,45729.265625,1909.8525390625,3
54.33464813232422,35.96367263793945,2239.8466796875,0.5975489020347595,0.4217904508113861,0.5714742541313171,8.240175247192383,903.54296875,1639.58544921875,106.33123016357422,3
49.834266662597656,306.0546569824219,7115.18115234375,4.16943359375,0.5191081762313843,0.9300765991210938,15.74522876739502,5362.93115234375,13837.8798828125,499.9180603027344,3
75.16983795166016,28.297149658203125,3913.9052734375,0.5113794803619385,0.7507562637329102,0.8363003134727478,42.16090393066406,1036.4046630859375,1803.438720703125,56.31187057495117,3
33.869911193847656,79.59979248046875,2620.01318359375,1.9928072690963745,0.5191259384155273,0.7822400331497192,8.009296417236328,906.8428344726562,1718.374267578125,166.72779846191406,3
75.2248764038086,540.9100341796875,44501.3671875,3.5305991172790527,0.28487518429756165,0.2858167886734009,10.084908485412598,32174.521484375,45113.00390625,707.0812377929688,3
73.09841918945312,222.9683380126953,9647.33203125,1.5708847045898438,0.3183025121688843,0.6748560070991516,7.890195846557617,10618.3349609375,26055.998046875,418.63287353515625,3
24.88442611694336,14.147124290466309,346.7637634277344,0.677911639213562,0.4593346118927002,0.6256606578826904,5.248162269592285,153.7139129638672,236.75570678710938,36.139564514160156,3
67.9847640991211,69.8702392578125,5331.6455078125,0.9011282920837402,0.3902793526649475,0.6641026139259338,15.729784965515137,1861.5458984375,2996.897705078125,108.62767028808594,3
58.54389572143555,21.630292892456055,1414.29638671875,0.21035701036453247,0.4631260633468628,0.75628262758255,7.208329677581787,475.01507568359375,828.1721801757812,71.00405883789062,3
237.60113525390625,70.22265625,11159.587890625,0.33561789989471436,0.8146589398384094,0.8897939920425415,16.537654876708984,12175.1953125,7799.61376953125,526.75830078125,3
210.85777282714844,30.676362991333008,5126.044921875,0.1320054978132248,0.3019854724407196,0.24126766622066498,17.157852172851562,1390.8623046875,1587.6060791015625,73.98737335205078,3
126.69084167480469,65.06607818603516,6622.75732421875,0.5915881395339966,0.4288700222969055,0.7161287069320679,17.992835998535156,2916.07763671875,4363.05859375,151.13284301757812,3
52.42104721069336,28.119630813598633,1407.795654296875,0.5835813283920288,0.496950626373291,0.7735245823860168,6.470998764038086,490.2114562988281,922.2191772460938,110.52808380126953,3
175.21153259277344,155.9683837890625,6788.76318359375,1.0496853590011597,0.3635118007659912,0.24678002297878265,69.30235290527344,2207.977294921875,2205.739013671875,69.21070861816406,3
77.29023742675781,503.01910400390625,77199.015625,1.9266808032989502,0.5014813542366028,0.6641752123832703,37.132957458496094,32734.978515625,46005.4375,420.4861755371094,3
68.26675415039062,193.7987823486328,6183.9716796875,3.176370143890381,0.43042853474617004,0.5963155031204224,7.799701690673828,12540.822265625,7180.87158203125,503.26544189453125,3
73.83655548095703,168.7267303466797,7762.486328125,1.3014354705810547,0.38693201541900635,0.7953329682350159,4.6509480476379395,32360.0078125,45801.546875,2593.080322265625,3
41.502784729003906,155.7190704345703,5040.01611328125,2.430497884750366,0.5739378929138184,0.7607301473617554,9.534936904907227,2317.88720703125,3187.50390625,356.1891174316406,3
103.4513931274414,313.5043640136719,5512.552734375,1.1816438436508179,0.5685052871704102,0.7382487058639526,10.642082214355469,4799.80224609375,3872.417236328125,443.755859375,3
34.37434387207031,40.23442077636719,1354.4097900390625,1.330369472503662,0.40039798617362976,0.7451304197311401,4.465590000152588,452.3811950683594,845.7596435546875,109.9404525756836,3
225.10536193847656,288.460693359375,98330.7578125,1.6126904487609863,0.33913758397102356,0.4161056578159332,6.6291985511779785,25904.64453125,31689.2578125,2990.299072265625,3
420.75787353515625,32.45817947387695,6653.1953125,0.06359541416168213,0.5217584371566772,0.6671022176742554,14.905306816101074,2315.690185546875,3931.099365234375,310.35174560546875,3
410.62554931640625,251.50909423828125,59326.31640625,0.8023735284805298,0.4605157673358917,0.752091109752655,24.164203643798828,14509.1171875,15143.8798828125,421.1651611328125,3
73.47705841064453,102.478515625,4876.212890625,1.1126174926757812,0.5631739497184753,0.7146165370941162,8.862554550170898,1876.372314453125,2223.2197265625,310.6750793457031,3
322.68096923828125,545.21875,116637.34375,2.8172013759613037,0.45659658312797546,0.6495442986488342,49.825096130371094,33015.1640625,46130.515625,3026.049560546875,3
61.87982940673828,227.05599975585938,7287.29345703125,2.175577163696289,0.9096944332122803,0.9386207461357117,57.81147766113281,25538.513671875,33114.3984375,266.985107421875,3
77.28697967529297,98.37677001953125,7208.7734375,0.9365073442459106,0.3899441063404083,0.30081671476364136,15.815622329711914,29340.2890625,37346.87890625,164.6070098876953,3
72.35554504394531,390.6330871582031,45252.51171875,2.283954381942749,0.5146724581718445,0.9835582375526428,9.499275207519531,22067.09375,34318.359375,2866.369384765625,3
62.9500617980957,310.226318359375,7102.58349609375,2.866800546646118,0.4088864326477051,0.5928376317024231,15.567354202270508,3025.423583984375,4043.262451171875,345.40875244140625,3
546.3002319335938,448.69366455078125,140383.28125,1.1473121643066406,0.48627039790153503,0.5986026525497437,65.52363586425781,33016.08984375,46130.39453125,2434.98583984375,3
125.83878326416016,94.86876678466797,6082.734375,0.9017147421836853,0.4410210847854614,0.542894184589386,47.863372802734375,2295.753173828125,3268.900146484375,93.00932312011719,3
597.7864379882812,128.33731079101562,128158.734375,0.4249193072319031,0.2858077585697174,0.18062438070774078,27.649211883544922,18818.93359375,28749.33984375,494.956787109375,3
186.50230407714844,210.1300048828125,11715.466796875,1.5448189973831177,0.38813480734825134,0.12833836674690247,96.68352508544922,17401.6875,7280.09033203125,66.3232421875,3
102.8890380859375,179.29409790039062,32524.353515625,1.0208860635757446,0.9824252724647522,1.0,38.990516662597656,30680.01953125,40969.8359375,561.8590698242188,3
502.07086181640625,304.20721435546875,118353.796875,0.6268072128295898,0.5581072568893433,0.7780597805976868,24.89958381652832,31429.265625,44724.2578125,2385.30029296875,3
356.4156799316406,444.7282409667969,136060.09375,1.8784282207489014,0.3679194152355194,0.7474608421325684,6.892321586608887,31729.40234375,45449.35546875,3211.8212890625,3
46.61366271972656,19.38335609436035,1333.9454345703125,0.6252136826515198,0.4210134744644165,0.5742323398590088,4.072409152984619,464.7347412109375,739.9634399414062,68.91667938232422,3
65.80819702148438,179.34083557128906,6013.1591796875,1.5478956699371338,1.0,1.0,19.279813766479492,14664.7734375,7280.32373046875,589.3643188476562,3
67.75431060791016,90.74321746826172,4963.25,0.7541859745979309,0.6276653409004211,0.9237263202667236,7.173408508300781,1197.3936767578125,2558.68408203125,438.2623596191406,3
181.53099060058594,336.4335632324219,51055.8515625,1.820626974105835,0.5711108446121216,0.7791526913642883,14.301398277282715,27967.875,37102.91796875,2227.355712890625,3
205.8424530029297,65.40619659423828,7003.32666015625,0.07664883881807327,0.7266300320625305,0.9643362164497375,35.190589904785156,4697.76806640625,6662.35302734375,155.7862091064453,3
298.31854248046875,537.7891845703125,12066.0244140625,1.9987236261367798,0.4374004900455475,0.5444492101669312,15.33694839477539,21299.966796875,13837.3408203125,652.4200439453125,3
595.0068969726562,174.14596557617188,124064.984375,0.6652981042861938,0.5016053318977356,0.6022891998291016,41.21657943725586,31938.919921875,44068.3515625,596.479736328125,3
300.53204345703125,198.8824005126953,102452.6328125,0.666085958480835,0.6282820701599121,1.0,13.152556419372559,5740.05029296875,15583.2431640625,2786.667236328125,3
72.60880279541016,272.5719299316406,6899.49560546875,2.2292110919952393,0.3566710352897644,0.37873369455337524,13.428254127502441,2221.591064453125,3012.0712890625,245.46627807617188,3
61.2292594909668,170.40438842773438,5067.5224609375,2.6873395442962646,0.45228514075279236,0.661310613155365,32.36498260498047,2045.512939453125,2917.7802734375,84.09391021728516,3
70.8442611694336,253.48001098632812,51987.25390625,1.9252175092697144,0.41459760069847107,0.6736317873001099,5.699243545532227,25779.830078125,39575.078125,1958.8363037109375,3
48.53141784667969,65.03570556640625,1578.924072265625,1.3912862539291382,0.4668543040752411,0.6737222671508789,6.548813819885254,727.4133911132812,1159.9083251953125,131.9293670654297,3
60.594268798828125,117.23406982421875,4245.69921875,1.4751307964324951,0.7324438095092773,0.8871680498123169,18.705150604248047,1609.2274169921875,1847.6561279296875,179.52487182617188,3
26.7215633392334,14.0,444.7384948730469,0.6186299920082092,0.47727304697036743,0.6140327453613281,26.737346649169922,221.3582763671875,302.8091735839844,8.253262519836426,3
455.6611328125,79.9054183959961,10680.5771484375,0.1617681235074997,0.47020360827445984,0.42573145031929016,231.35540771484375,2830.77880859375,3659.819091796875,54.431739807128906,3
74.5658950805664,100.70659637451172,4879.40380859375,0.6915304660797119,0.5132302045822144,0.6037110686302185,31.2589054107666,3174.31689453125,3727.323974609375,126.04222869873047,3
71.92131042480469,64.55046844482422,5270.66796875,1.207839846611023,0.7381630539894104,0.7032815217971802,38.74185562133789,2259.2412109375,3155.1572265625,89.10437774658203,3
231.65902709960938,504.584716796875,104762.7578125,2.6136062145233154,0.5453312993049622,0.9017720818519592,29.744298934936523,30674.181640625,42858.765625,2835.687255859375,3
72.5967025756836,107.8681411743164,4814.06640625,1.0,0.45623326301574707,0.6264305710792542,4.9879679679870605,3106.77880859375,3691.06396484375,390.5677795410156,3
76.97354125976562,345.2478942871094,5258.6103515625,2.1659111976623535,0.3648582398891449,0.20597925782203674,30.743988037109375,5404.640625,4375.85888671875,66.34720611572266,3
476.72039794921875,393.0245361328125,109662.8671875,1.2502182722091675,0.5339756608009338,0.7281229496002197,29.79207992553711,31187.623046875,43343.3828125,2781.916259765625,3
76.44910430908203,311.45166015625,60688.49609375,2.3312344551086426,0.45678165555000305,0.6385457515716553,15.984639167785645,26029.41015625,38051.1484375,770.6851196289062,3
76.37406921386719,39.83309555053711,4824.80712890625,0.5598058104515076,0.6029176712036133,0.6475659012794495,21.154499053955078,1543.4990234375,2411.0869140625,92.57670593261719,3
62.25176239013672,185.45407104492188,7032.4345703125,2.1464221477508545,0.5473280549049377,0.8804224133491516,10.798213958740234,14299.5712890625,15309.83203125,591.577392578125,3
357.1003723144531,518.8345336914062,123607.2421875,2.1735033988952637,0.41940128803253174,0.6497193574905396,18.689632415771484,33004.4609375,46103.17578125,3041.931640625,3
67.32280731201172,83.1512222290039,5562.71630859375,1.1196162700653076,0.4854257106781006,0.6770119071006775,12.355464935302734,2183.349609375,3616.081298828125,194.5979461669922,3
68.64173126220703,259.1407775878906,10130.1513671875,2.195669174194336,0.43920496106147766,0.7233641743659973,14.421387672424316,32105.578125,44892.13671875,509.50396728515625,3
42.233455657958984,45.92254638671875,2141.86279296875,0.9675799012184143,0.32821419835090637,0.559766411781311,4.70859432220459,523.72900390625,1013.2587890625,104.89864349365234,3
34.2759895324707,72.63452911376953,2913.502197265625,1.991783857345581,0.5103119611740112,0.7445776462554932,9.045309066772461,1273.88623046875,1987.8829345703125,172.3091278076172,3
63.594303131103516,133.98228454589844,5488.5048828125,1.7608630657196045,0.5593832731246948,0.7270575165748596,44.345542907714844,5019.19091796875,4554.33642578125,120.5968017578125,3
54.59318542480469,37.7053108215332,2469.14404296875,0.480822890996933,0.520355761051178,0.7848161458969116,8.759982109069824,803.71044921875,1432.9228515625,103.67728424072266,3
57.679405212402344,63.5920295715332,4231.01904296875,1.0,0.4582432806491852,0.6080591678619385,15.851272583007812,1027.15478515625,1823.5130615234375,77.21803283691406,3
42.41276550292969,13.0,740.8976440429688,0.5330603718757629,0.43513423204421997,0.4904845654964447,20.806896209716797,261.1434631347656,361.83160400390625,13.181621551513672,3
358.045654296875,141.15240478515625,21460.8984375,0.586059033870697,0.3388206362724304,0.525336503982544,26.366575241088867,4430.27685546875,5266.97705078125,240.8447723388672,3
61.43756103515625,160.44601440429688,5450.81982421875,1.7776042222976685,0.4257751405239105,0.4907304048538208,12.304803848266602,2502.280517578125,3372.4833984375,296.21417236328125,3
164.25875854492188,536.5719604492188,123884.3984375,2.871394157409668,0.26629146933555603,0.4915529489517212,9.433976173400879,31559.3828125,44931.1875,3016.557373046875,3
267.57489013671875,159.4349822998047,10973.916015625,1.5008864402770996,0.3176555037498474,0.14710325002670288,248.9196014404297,2843.342041015625,2979.992919921875,38.427093505859375,3
30.880550384521484,120.2741928100586,1855.75048828125,1.9592057466506958,0.465156614780426,0.4972005784511566,228.54507446289062,823.5083618164062,1042.5723876953125,6.0,3
67.74767303466797,157.973388671875,5944.7802734375,1.3328272104263306,0.4085644781589508,0.5756282806396484,9.773404121398926,5745.45703125,10142.123046875,405.2390441894531,3
77.19157409667969,301.1352844238281,12247.22265625,2.4338836669921875,0.4393126964569092,0.6376956105232239,36.332237243652344,28996.095703125,41733.31640625,386.2263488769531,3
566.0153198242188,475.65771484375,137182.5625,1.3913228511810303,0.40647703409194946,0.5480530261993408,19.302297592163086,31002.310546875,42352.640625,3161.94384765625,3
493.4257507324219,110.65522003173828,92910.4765625,0.3567871153354645,0.5158303380012512,0.8542907238006592,10.33454704284668,20776.173828125,32095.052734375,2208.552734375,3
76.87291717529297,76.80109405517578,4900.95703125,0.7568987011909485,0.5051900148391724,0.5313820242881775,334.8064270019531,2130.6611328125,2168.760986328125,15.08522891998291,3
123.1634292602539,105.10045623779297,6877.89990234375,0.7966523766517639,0.9165071845054626,0.8908089399337769,16.460309982299805,3017.19140625,3839.84130859375,302.7477111816406,3
743.5736083984375,113.04041290283203,125085.25,0.05643167719244957,0.25194668769836426,0.25774410367012024,12.028653144836426,31795.30078125,45245.67578125,664.3070068359375,3
38.392860412597656,23.014080047607422,865.8651123046875,0.7881895303726196,0.4594974219799042,0.5298517346382141,19.272729873657227,291.3249206542969,381.787109375,21.0,3
432.3515930175781,60.701927185058594,64562.5546875,0.15193943679332733,0.3701278865337372,0.556201696395874,13.764354705810547,3182.09326171875,5473.29931640625,546.9331665039062,3
44.442657470703125,92.03040313720703,3223.7705078125,1.560119390487671,0.4816986322402954,0.5907762050628662,35.07526397705078,1022.6366577148438,1654.2520751953125,52.582069396972656,3
28.730430603027344,29.4282169342041,913.435302734375,1.0,0.2997044622898102,0.6782230734825134,2.0827062129974365,255.77865600585938,701.5850830078125,114.4334945678711,3
422.71148681640625,364.396240234375,127933.984375,1.3306230306625366,0.451589435338974,0.5863356590270996,36.4771842956543,31600.4140625,44298.2890625,658.1444702148438,3
222.56666564941406,252.70152282714844,27790.34375,1.544417142868042,0.6145831942558289,0.6078985333442688,160.3253936767578,31711.30078125,42299.17578125,210.06289672851562,3
149.205322265625,13.690404891967773,1958.593017578125,0.047504980117082596,0.4630676209926605,0.5641856789588928,9.526009559631348,566.1336059570312,811.7177734375,49.434688568115234,3
65.09562683105469,140.57867431640625,4881.35107421875,1.2999353408813477,0.5142700672149658,0.7295815348625183,13.203474044799805,2294.361328125,3196.600341796875,208.87075805664062,3
77.5285415649414,268.7649841308594,19479.07421875,1.3062938451766968,0.9652212262153625,0.9671697616577148,59.398529052734375,28727.07421875,39115.00390625,385.9825744628906,3
24.815452575683594,25.0,578.18017578125,0.8097674250602722,0.46748340129852295,0.7923744320869446,3.0682125091552734,234.8318328857422,451.2552795410156,77.5840072631836,3
69.61750030517578,393.73309326171875,69967.8359375,2.889435291290283,0.33433493971824646,0.3403351902961731,17.872257232666016,17623.21875,7589.65869140625,376.523681640625,3
46.64653015136719,74.33026123046875,3219.449462890625,0.9545587301254272,0.62432861328125,0.8367392420768738,53.28871154785156,2497.287109375,2960.3134765625,45.7878532409668,3
127.31800842285156,499.47491455078125,112217.09375,3.394584894180298,0.6495775580406189,0.9909414052963257,22.88637924194336,31357.4296875,44638.82421875,2861.78564453125,3
63.139225006103516,351.5772399902344,9031.9228515625,3.018043041229248,0.5728599429130554,0.5207406282424927,45.806251525878906,11376.83984375,12581.791015625,236.34800720214844,3
37.733951568603516,52.12910461425781,2409.361083984375,1.506784439086914,0.48418328166007996,0.7121554017066956,13.900840759277344,835.0317993164062,1292.628173828125,70.29664611816406,3
47.54762649536133,91.96022033691406,2748.66748046875,1.8600364923477173,0.420999675989151,0.7234411835670471,6.5991129875183105,1847.462158203125,2673.5615234375,235.64407348632812,3
65.45867156982422,78.67655944824219,4865.84375,1.0144692659378052,0.5733028650283813,0.7042339444160461,29.972362518310547,2579.173095703125,3401.699951171875,115.42072296142578,3
121.39838409423828,84.92382049560547,7196.3759765625,0.8732160925865173,0.4003676474094391,0.43821626901626587,30.55416488647461,4910.18505859375,4363.78564453125,109.07854461669922,3
359.72442626953125,289.1470642089844,73940.703125,1.420103907585144,0.40876683592796326,0.33415791392326355,71.80033874511719,21944.291015625,16407.77734375,226.8295135498047,3
89.73573303222656,134.5278778076172,9748.490234375,1.23841392993927,0.5386449694633484,0.601181149482727,35.82793426513672,22503.458984375,28253.03515625,281.9992980957031,3
26.831329345703125,30.068391799926758,825.562255859375,1.183995008468628,0.4475037753582001,0.6854386925697327,4.150073528289795,375.7281799316406,633.9400024414062,70.22966003417969,3
188.93869018554688,20.0,2231.8818359375,0.12207141518592834,0.7538424134254456,1.0,6.002016067504883,731.528564453125,1307.1231689453125,213.8673553466797,3
33.638206481933594,55.8840217590332,2244.404052734375,1.0906647443771362,0.6412811279296875,0.7953447699546814,8.674605369567871,731.6702880859375,1228.2630615234375,101.61685180664062,3
456.8213806152344,268.553466796875,102017.8125,1.0476584434509277,0.4812508225440979,0.6151973605155945,53.41618347167969,26320.013671875,36801.1796875,568.850830078125,3
346.2547302246094,520.1341552734375,93387.453125,1.1510149240493774,0.3004066050052643,0.4601905941963196,8.239439010620117,3001.095947265625,4396.6396484375,454.8912048339844,3
74.69853210449219,186.6051788330078,8233.3427734375,1.8056493997573853,0.521814227104187,0.5063869953155518,174.8150634765625,29076.359375,28906.041015625,48.730018615722656,3
195.13522338867188,232.9623260498047,91704.9921875,1.4044898748397827,0.4429560899734497,0.6237464547157288,28.34195899963379,31775.466796875,44315.7734375,585.7079467773438,3
240.01246643066406,269.4851989746094,19184.232421875,1.292567491531372,0.3061022460460663,0.6604700684547424,8.575142860412598,5318.64111328125,13676.3642578125,586.082275390625,3
27.578475952148438,41.95453643798828,1111.03857421875,1.3201242685317993,0.35267481207847595,0.6693551540374756,7.9972686767578125,535.853515625,981.108154296875,47.66444778442383,3
283.251220703125,272.97802734375,113744.1953125,0.9873474836349487,0.6778009533882141,0.9615687131881714,31.989500045776367,32291.146484375,44396.67578125,2439.19775390625,3
78.15068817138672,536.1862182617188,63069.1484375,3.9440829753875732,0.5170987844467163,0.7171181440353394,30.712228775024414,30599.74609375,39741.82421875,631.2713623046875,3
19.00707244873047,14.0,286.0824279785156,0.7755489349365234,0.4839141368865967,0.8224712014198303,3.112109422683716,142.17967224121094,294.5914306640625,42.99677276611328,3
490.0356140136719,419.3338623046875,122403.765625,1.1474865674972534,0.3808656632900238,0.3278694748878479,32.447364807128906,32975.703125,45894.359375,550.9494018554688,3
63.0474853515625,297.30950927734375,6194.47119140625,2.6011033058166504,0.38436561822891235,0.5995171070098877,31.932180404663086,5720.453125,10782.74609375,153.82504272460938,3
420.12615966796875,76.56544494628906,46996.1953125,0.6018871068954468,0.30606481432914734,0.2071298509836197,32.457252502441406,2140.05322265625,3075.65576171875,110.15496826171875,3
39.17189407348633,100.365234375,4371.11962890625,1.9106724262237549,0.7801473736763,0.7771710753440857,16.87603759765625,2048.888671875,2342.813720703125,120.65138244628906,3
323.13055419921875,114.86219024658203,28334.0703125,1.1006121635437012,0.4185231328010559,0.32186219096183777,32.264892578125,20416.490234375,16128.4775390625,221.4391632080078,3
11.0,12.929940223693848,136.7955780029297,0.792556643486023,0.5107898712158203,0.7856526374816895,5.355668544769287,83.92288970947266,153.97694396972656,16.96146011352539,3
112.28239440917969,493.6326904296875,76803.328125,1.7697542905807495,0.43682923913002014,0.7386373281478882,8.886077880859375,31997.890625,44261.83984375,2607.729248046875,3
389.38836669921875,36.3639030456543,5605.384765625,0.14409275352954865,0.4260421395301819,0.3440122604370117,289.2859191894531,1572.240234375,1696.6912841796875,11.0,3
534.1599731445312,102.1218490600586,120895.078125,0.16422298550605774,0.3132402300834656,0.4819687008857727,5.802008152008057,28177.865234375,32630.01953125,2168.090087890625,3
302.23858642578125,157.9502410888672,32420.1015625,0.7279607653617859,0.43548935651779175,0.383329838514328,268.9842834472656,3507.174560546875,3152.983642578125,65.44033813476562,3
71.06763458251953,102.35700225830078,5166.29345703125,1.415797472000122,0.5494967699050903,0.704829216003418,21.411624908447266,2525.532470703125,3313.688232421875,142.37774658203125,3
177.2532501220703,103.70232391357422,9586.482421875,0.7937120199203491,0.30802464485168457,0.5560124516487122,15.79475212097168,5017.84716796875,16985.646484375,307.3575744628906,3
73.47488403320312,270.7154541015625,36318.30078125,2.0,0.6762698292732239,0.8732947111129761,29.706809997558594,20795.150390625,23956.572265625,557.180419921875,3
40.6280517578125,47.73974609375,2034.0543212890625,1.2753548622131348,0.47421151399612427,0.744510293006897,5.643822193145752,787.8510131835938,1361.7647705078125,94.94309997558594,3
68.05423736572266,104.85789489746094,6159.26025390625,1.116591453552246,0.9573235511779785,0.8654179573059082,60.386722564697266,6891.02099609375,4827.56005859375,197.33670043945312,3
65.6619644165039,50.642112731933594,4065.486572265625,0.8589960932731628,0.36844781041145325,0.6935444474220276,4.345810890197754,1489.844970703125,2980.89892578125,209.5394287109375,3
67.74385070800781,131.0676727294922,5953.75,1.3269773721694946,0.965019166469574,1.0,13.228882789611816,3511.86865234375,5505.77978515625,541.4357299804688,3
24.72844696044922,13.918082237243652,275.5660400390625,0.6933587789535522,0.43105554580688477,0.6355805397033691,7.600307464599609,131.89126586914062,231.47586059570312,14.966611862182617,3
164.93617248535156,210.906982421875,26531.654296875,1.5544246435165405,0.37126368284225464,0.6761699914932251,8.547011375427246,4172.07080078125,4908.21435546875,633.1603393554688,3
66.57186889648438,124.01205444335938,9683.0986328125,1.2729610204696655,0.8323152661323547,0.9486812949180603,30.14080810546875,25832.419921875,34014.4296875,441.1928405761719,3
65.62572479248047,70.8084945678711,4669.96484375,1.0,0.3569403886795044,0.6156059503555298,6.682779312133789,890.5859985351562,2073.9814453125,243.08262634277344,3
57.95088195800781,46.04962158203125,4053.5791015625,0.7801879644393921,0.48187920451164246,0.7369413375854492,10.87877082824707,2069.492919921875,3163.8896484375,163.6821746826172,3
187.09555053710938,129.43881225585938,12185.046875,0.7548233866691589,0.5610815286636353,0.781994640827179,64.752685546875,14744.8486328125,7611.29638671875,206.92112731933594,3
632.3606567382812,282.6598815917969,129934.7265625,0.6103532910346985,0.5319030284881592,0.5679007172584534,20.19172477722168,28188.880859375,39985.73046875,2870.365234375,3
284.0936584472656,124.05028533935547,51459.2421875,0.6056267023086548,0.48457959294319153,0.8732381463050842,32.41492462158203,13678.4091796875,23875.837890625,372.65692138671875,3
47.710269927978516,71.69571685791016,1748.8323974609375,1.3069313764572144,0.3753569424152374,0.4924525022506714,16.65254020690918,912.0740356445312,1285.815185546875,27.240280151367188,3
68.27577209472656,84.4443359375,4803.65576171875,1.1340399980545044,0.4060116708278656,0.40424254536628723,34.030792236328125,1324.310791015625,1544.6302490234375,57.269493103027344,3
73.21856689453125,66.7725830078125,2549.777587890625,0.7758648991584778,0.47208914160728455,0.6589775681495667,12.993413925170898,1027.3209228515625,1323.516357421875,59.68772506713867,3
75.76826477050781,233.5358123779297,7021.03076171875,1.5189558267593384,0.35917049646377563,0.4338506758213043,26.013599395751953,2602.670166015625,3962.03125,213.2109375,3
42.18299102783203,29.7452335357666,1441.6329345703125,0.9257296323776245,0.4531780779361725,0.6304855942726135,10.76644515991211,683.411376953125,1040.0819091796875,51.59006881713867,3
54.61775588989258,25.0,1870.5506591796875,0.21488934755325317,0.7135635614395142,1.0,25.316028594970703,798.16455078125,1498.8668212890625,43.46784210205078,3
65.67717742919922,385.4054870605469,11960.2998046875,4.4140143394470215,0.4006095230579376,0.5320711135864258,9.456920623779297,15601.47265625,28427.796875,1321.7008056640625,3
74.10961151123047,236.8553009033203,6766.8876953125,1.8847159147262573,0.45145875215530396,0.5537195801734924,27.89276885986328,6525.3037109375,5966.2275390625,196.10714721679688,3
33.68283462524414,182.51199340820312,4867.71923828125,2.9588632583618164,0.5660984516143799,0.8026046752929688,12.94235610961914,2729.53369140625,3740.9443359375,336.3973388671875,3
111.89424896240234,70.5460433959961,5907.2919921875,0.5243555903434753,0.44877877831459045,0.6139376759529114,50.951786041259766,3043.115478515625,3783.17333984375,56.16764831542969,3
68.71537780761719,160.97216796875,6167.5341796875,1.501104712486267,0.4079177677631378,0.6797417402267456,3.2909867763519287,3624.839111328125,4258.9833984375,648.7244262695312,3
58.479793548583984,222.94140625,9722.6650390625,2.316539764404297,0.12392301857471466,0.12384258210659027,9.763811111450195,2514.9462890625,3751.139404296875,91.1276626586914,3
71.74808502197266,124.31439971923828,5420.87158203125,1.692585825920105,0.3541063070297241,0.44681426882743835,53.318870544433594,1828.9422607421875,2063.312744140625,48.143653869628906,3
75.58480072021484,57.10731506347656,6171.84619140625,0.8411975502967834,0.4637739360332489,0.5233227014541626,21.079805374145508,2326.420654296875,3476.5712890625,110.44979095458984,3
73.9549331665039,269.7925720214844,74918.9140625,1.5700626373291016,0.33207178115844727,0.7861420512199402,3.33604097366333,32606.60546875,45768.16796875,2966.109375,3
425.7007141113281,223.5626220703125,101907.84375,1.0,0.41708165407180786,0.7102898359298706,61.52396011352539,26903.12109375,38745.2578125,415.3479919433594,3
472.41558837890625,547.0205078125,118735.28125,1.5574818849563599,0.4777713418006897,0.7021366953849792,44.2370491027832,33015.828125,46130.1171875,2576.330078125,3
72.07923126220703,399.6671142578125,44970.6796875,3.5345778465270996,0.3618851900100708,0.44313734769821167,20.461999893188477,31556.42578125,43228.921875,458.3536071777344,3
48.97472381591797,45.10721206665039,2158.2841796875,0.894531786441803,0.5680975317955017,0.6349589824676514,42.35499954223633,1139.7081298828125,1431.5859375,21.677881240844727,3
180.11280822753906,174.00363159179688,9245.6396484375,0.7577582597732544,0.37243473529815674,0.5232453942298889,18.41278839111328,24302.6796875,10564.4599609375,311.5245666503906,3
574.5377197265625,244.22476196289062,126646.3046875,0.8277660012245178,0.526455819606781,0.7875018119812012,38.74726104736328,29017.728515625,42079.02734375,2422.154052734375,3
60.46710968017578,120.86217498779297,5145.162109375,1.6248619556427002,0.37389856576919556,0.27750861644744873,42.57542037963867,3513.323486328125,3422.052734375,74.54156494140625,3
405.4789123535156,331.5860900878906,8507.0869140625,0.9503042101860046,0.22220177948474884,0.10798052698373795,17.44474983215332,2944.302001953125,3445.135009765625,91.43975067138672,3
63.89571762084961,47.41713333129883,4157.375,0.813853919506073,0.9346058964729309,0.8358824253082275,31.368066787719727,2223.72802734375,2645.803955078125,91.94217681884766,3
58.87612533569336,103.05239868164062,4406.59423828125,1.174791932106018,0.5320109724998474,0.7808876633644104,9.846114158630371,2322.41748046875,3629.267822265625,340.7041015625,3
105.54544830322266,540.2299194335938,7676.96630859375,2.337146282196045,0.4517747163772583,0.5737345218658447,20.295358657836914,32950.20703125,45970.51171875,537.2173461914062,3
264.4905090332031,220.59121704101562,66406.7578125,0.642128586769104,0.4532891511917114,0.8939154148101807,7.6789631843566895,13493.21875,18153.087890625,2847.0869140625,3
49.117828369140625,94.78158569335938,3975.501220703125,2.325900077819824,0.2746378481388092,0.42941945791244507,5.559831142425537,1119.11572265625,2054.47119140625,184.37713623046875,3
69.22024536132812,129.12530517578125,10072.017578125,1.141283631324768,0.39675474166870117,0.6885261535644531,15.628293991088867,12637.736328125,18088.986328125,367.82598876953125,3
68.77696228027344,173.70045471191406,6355.1494140625,1.8637232780456543,0.29320311546325684,0.4818832278251648,11.447010040283203,1809.25146484375,3156.180908203125,91.09666442871094,3
395.3174743652344,244.65032958984375,96856.0859375,0.8133135437965393,0.496724933385849,0.521747887134552,32.19092559814453,30017.513671875,39204.08984375,580.7884521484375,3
62.69101333618164,212.55064392089844,7005.48388671875,2.2619142532348633,0.504245400428772,0.9428219795227051,7.339508533477783,14115.544921875,29542.5546875,1846.7255859375,3
131.02938842773438,151.381103515625,10857.9091796875,1.0,0.4630538821220398,0.6754894852638245,15.895901679992676,27828.720703125,37909.4140625,415.7908935546875,3
28.70738983154297,107.14253234863281,2775.016845703125,2.5921435356140137,0.9518941044807434,0.8482619524002075,27.16452980041504,1469.898193359375,1899.3948974609375,69.87456512451172,3
28.655498504638672,19.490707397460938,470.1094970703125,0.8843533396720886,0.44486644864082336,0.7265613079071045,3.517014503479004,191.4480743408203,350.0123596191406,51.119625091552734,3
418.84344482421875,11.0,1594.5574951171875,0.026253359392285347,0.4234520196914673,0.38073331117630005,18.48596954345703,446.98834228515625,574.435791015625,31.241527557373047,3
620.64697265625,386.5865783691406,132017.59375,0.5021219253540039,0.49475911259651184,0.7448387742042542,43.66693115234375,32952.01953125,45934.1953125,3207.655029296875,3
339.2825927734375,377.8133850097656,104673.53125,2.2526957988739014,0.5325904488563538,0.8968549966812134,10.71645736694336,32734.322265625,45879.87109375,3177.399658203125,3
380.8631896972656,260.567626953125,54839.828125,0.8393234610557556,0.4297311305999756,0.6040635704994202,11.384417533874512,20762.931640625,17369.728515625,2074.204833984375,3
54.26162338256836,19.53789520263672,1280.33642578125,0.559393584728241,0.39864009618759155,0.3109733462333679,58.45396041870117,425.9855651855469,569.8574829101562,2.6556942462921143,3
45.11320877075195,124.34756469726562,4934.54296875,2.0,0.48404553532600403,0.6719659566879272,18.866806030273438,9114.5419921875,6461.58349609375,133.17428588867188,3
154.64111328125,545.4489135742188,20868.4140625,2.2393031120300293,0.29477131366729736,0.26053982973098755,15.720338821411133,32996.08203125,45899.30078125,1022.6448974609375,3
371.7958984375,91.22563171386719,47185.49609375,0.08831530809402466,0.9876270890235901,1.0,14.787189483642578,31781.0,44690.578125,2368.15380859375,3
33.73500061035156,31.16866683959961,1168.436279296875,0.8264610767364502,0.5865582227706909,0.7712282538414001,20.182771682739258,591.93115234375,765.939697265625,21.457233428955078,3
33.582855224609375,173.1945037841797,1434.236328125,2.2930572032928467,0.4972456693649292,0.5878620147705078,27.852005004882812,759.6332397460938,972.7872924804688,32.87094497680664,3
204.03652954101562,178.27325439453125,54994.40625,1.0199824571609497,0.613295316696167,0.8950628042221069,12.61921501159668,5671.734375,18569.39453125,1454.9154052734375,3
463.2874755859375,275.6968994140625,59762.56640625,0.7913002371788025,0.3975995182991028,0.8260495066642761,8.955374717712402,29801.91015625,42557.59375,617.059814453125,3
98.1527099609375,373.4217834472656,69198.4140625,3.3005013465881348,0.2972506284713745,0.2953322231769562,8.883918762207031,14197.080078125,9166.4052734375,645.4222412109375,3
72.76851654052734,82.95599365234375,5890.8203125,0.6785534620285034,0.5005293488502502,0.7545720338821411,8.533025741577148,2167.835205078125,3242.253173828125,462.60296630859375,3
29.339202880859375,59.20663833618164,1915.4661865234375,2.0,0.405036598443985,0.6849374175071716,3.9787673950195312,766.9829711914062,1517.94775390625,206.81260681152344,3
601.4354248046875,461.8330993652344,135888.640625,0.7345518469810486,0.27572041749954224,0.14689500629901886,61.63065719604492,32994.22265625,46008.5234375,622.7274780273438,3
312.818603515625,346.44390869140625,120378.15625,1.5522078275680542,0.4105294644832611,0.5055986046791077,38.347869873046875,32573.076171875,45399.69140625,592.8345336914062,3
188.1351776123047,100.88709259033203,6005.3583984375,0.7097190618515015,0.5099571943283081,0.6612643599510193,17.666027069091797,2684.49609375,3448.03515625,375.6857604980469,3
47.72772979736328,38.46245193481445,1771.405517578125,1.0,0.4580541253089905,0.6496297121047974,8.60451889038086,615.6000366210938,897.2841796875,68.28636932373047,3
137.90304565429688,351.66400146484375,40669.296875,2.299132823944092,0.29882070422172546,0.2947413921356201,29.316123962402344,20532.513671875,22868.193359375,228.3289031982422,3
173.41595458984375,267.86663818359375,41585.48046875,1.8718780279159546,0.2572422921657562,0.36131399869918823,6.64853048324585,4159.12744140625,6483.97265625,428.3985900878906,3
70.64794158935547,512.2468872070312,102807.8671875,3.9921555519104004,0.5537722706794739,0.6960555911064148,54.02009963989258,32295.0859375,44606.08203125,508.6029052734375,3
364.58428955078125,493.1850891113281,120175.109375,1.1554877758026123,0.40735629200935364,0.5632702112197876,27.57575225830078,32046.09375,42863.68359375,564.225341796875,3
77.97095489501953,316.8427734375,7657.53759765625,1.1252778768539429,0.3224605917930603,0.532069742679596,4.45371675491333,12190.44921875,7592.60400390625,492.2441101074219,3
522.656982421875,520.617919921875,127489.3828125,0.7975773811340332,0.4448273181915283,0.5996198058128357,11.364548683166504,32976.85546875,45955.15625,3210.421142578125,3
36.8977165222168,43.825077056884766,1554.479736328125,1.1246627569198608,0.5542829036712646,0.7190911173820496,14.924154281616211,823.2796020507812,1204.865966796875,63.838722229003906,3
313.8780212402344,168.43807983398438,31445.50390625,0.7671489119529724,0.4775350093841553,0.7866047024726868,12.956253051757812,28504.25,41090.62109375,674.3040771484375,3
16.0,17.929271697998047,286.3251037597656,1.0003970861434937,0.4569629728794098,0.7802495956420898,5.720025539398193,137.07872009277344,233.23365783691406,21.0,3
28.732877731323242,57.31578826904297,2730.97021484375,1.5463218688964844,0.9635167121887207,1.0,26.034000396728516,1851.7513427734375,2510.937255859375,67.11343383789062,3
47.66594314575195,32.0,1637.0238037109375,0.8968706130981445,0.4373117685317993,0.5048657655715942,13.485398292541504,603.4926147460938,754.4161376953125,45.87156295776367,3
179.59178161621094,200.04026794433594,10273.8525390625,0.6568707227706909,0.7281414270401001,0.5899075269699097,111.5599136352539,4631.20703125,3929.731201171875,60.59244155883789,3
113.28984832763672,123.56719207763672,8851.2119140625,1.1563520431518555,0.5046104192733765,0.6343317031860352,42.17776107788086,3791.897705078125,4388.49072265625,161.1412811279297,3
77.93927001953125,62.09932327270508,6103.47021484375,0.6093789935112,0.5266908407211304,0.7089368104934692,37.71247863769531,4476.31787109375,4336.1865234375,157.9566192626953,3
483.4682922363281,395.1697998046875,107392.0078125,0.8709837794303894,0.5033975839614868,0.7910322546958923,7.887516975402832,32903.6171875,45692.0859375,3208.30078125,3
74.30174255371094,110.42081451416016,6980.95068359375,1.1666662693023682,0.35187143087387085,0.5316213965415955,7.84089469909668,3653.893310546875,4716.1923828125,311.72760009765625,3
470.15069580078125,226.23793029785156,91726.09375,0.654157280921936,0.5017396211624146,0.9132667779922485,7.718578815460205,26556.65625,34753.0,2981.220458984375,3
44.007843017578125,154.7155303955078,5761.58447265625,2.0,0.8618824481964111,0.9437423348426819,46.22137451171875,6573.361328125,7318.4033203125,158.475341796875,3
329.9979553222656,542.8317260742188,116247.6171875,2.109555721282959,0.34766846895217896,0.5041007995605469,7.24844217300415,32983.2734375,46088.7578125,3211.91748046875,3
272.65277099609375,258.3035583496094,82886.234375,1.1269564628601074,0.44866740703582764,0.7610068917274475,61.89594268798828,25186.01953125,38292.21484375,329.4173278808594,3
70.48313903808594,120.19239807128906,8285.271484375,1.399851679801941,0.3417139947414398,0.3914393484592438,31.576610565185547,3188.295166015625,4112.1396484375,97.7701187133789,3
252.3043975830078,489.85943603515625,100002.140625,1.983731746673584,0.4010169506072998,0.5793783664703369,15.566584587097168,32008.693359375,44031.0390625,664.9744262695312,3
355.981201171875,145.03001403808594,50972.23828125,0.9790410995483398,0.31475624442100525,0.11268559843301773,444.93853759765625,16152.685546875,5450.0048828125,22.013896942138672,3
456.1098327636719,519.9786376953125,123254.6484375,1.2521123886108398,0.5275064706802368,0.5982803106307983,61.34068298339844,32416.583984375,44806.09765625,1228.57861328125,3
273.12493896484375,540.9953002929688,117750.53125,3.2553369998931885,0.5188576579093933,0.7726085186004639,21.984241485595703,31839.013671875,44745.15234375,3098.865234375,3
714.18701171875,540.2267456054688,143543.34375,0.5407577753067017,0.38504907488822937,0.7095540165901184,33.61514663696289,33000.859375,46115.96875,3210.921875,3
480.89129638671875,290.6553649902344,32494.693359375,0.576813280582428,0.5318529009819031,0.6299153566360474,60.067012786865234,12043.5048828125,5498.3525390625,223.4291229248047,3
33.39934158325195,276.793701171875,3048.028076171875,3.8395304679870605,0.49104177951812744,0.5723817944526672,28.7789363861084,2964.606689453125,3367.5654296875,38.418907165527344,3
141.13304138183594,25.900686264038086,3911.957275390625,0.2707051634788513,0.5181402564048767,0.6496097445487976,15.70152473449707,776.8861694335938,1307.2435302734375,78.39820098876953,3
52.9329948425293,117.19412231445312,4704.65576171875,1.7985920906066895,0.6451520323753357,0.6617388725280762,43.603118896484375,3268.080322265625,3721.443603515625,77.7637939453125,3
38.449005126953125,82.7750473022461,2214.015625,1.9524346590042114,0.4908444881439209,0.658397376537323,7.749881267547607,1129.61572265625,1713.7979736328125,183.28939819335938,3
141.52377319335938,433.7111511230469,102336.0546875,2.701036214828491,0.3697318136692047,0.5235676765441895,17.17075538635254,29767.92578125,40141.82421875,586.0064697265625,3
78.14921569824219,147.06973266601562,5530.4462890625,0.9049469232559204,0.43533340096473694,0.7472976446151733,7.502231597900391,2891.125,4266.1787109375,287.9823303222656,3
488.9411315917969,529.4950561523438,132769.734375,2.2278761863708496,0.587009072303772,0.8365573883056641,197.1015167236328,32803.3828125,45823.6640625,934.781005859375,3
78.1976318359375,189.24449157714844,34434.08984375,1.0,0.4539923369884491,1.0,20.600051879882812,29704.568359375,44152.30078125,419.30902099609375,3
70.11776733398438,445.4676208496094,15118.0810546875,4.294343948364258,0.41075003147125244,0.43203362822532654,27.256776809692383,23803.693359375,35315.81640625,413.0419006347656,3
43.37784194946289,32.0,1227.0565185546875,0.6790050864219666,0.43114444613456726,0.6557562351226807,7.192802429199219,663.1912231445312,1310.22216796875,65.00360107421875,3
244.12062072753906,63.54957962036133,6218.50390625,0.5446600317955017,0.40043240785598755,0.35505324602127075,76.83025360107422,2923.42822265625,3388.1181640625,52.99802017211914,3
61.86231994628906,62.619319915771484,4653.33154296875,1.0745632648468018,0.35843655467033386,0.6158491969108582,5.279617786407471,2062.60400390625,3484.74853515625,180.895751953125,3
40.375946044921875,234.88519287109375,4728.7744140625,3.272691011428833,0.41737431287765503,0.5062683820724487,36.314571380615234,1702.65185546875,2214.833251953125,52.68471908569336,3
282.6889343261719,102.32530975341797,10367.2919921875,1.0573841333389282,0.44429662823677063,0.6340062618255615,25.764820098876953,3147.71875,4416.65966796875,242.5417938232422,3
26.329330444335938,78.5196304321289,2346.41259765625,2.606825828552246,0.45578134059906006,0.6597662568092346,4.996124267578125,818.3260498046875,1796.9891357421875,177.46182250976562,3
40.95115661621094,25.539094924926758,1064.6326904296875,0.8628743290901184,0.41504615545272827,0.6588224172592163,2.6229560375213623,434.1536560058594,759.1004028320312,138.9493408203125,3
68.8147201538086,238.4858856201172,19266.7421875,2.1637351512908936,0.3813227117061615,0.6187888979911804,9.315701484680176,29281.658203125,43948.91796875,592.777587890625,3
41.56317901611328,43.5031852722168,1929.8306884765625,0.8697010278701782,0.5623836517333984,0.9412289261817932,10.734626770019531,794.287353515625,1720.084228515625,84.76522064208984,3
25.241682052612305,24.26349639892578,617.76318359375,1.068642497062683,0.46533483266830444,0.859998881816864,3.0277247428894043,218.06399536132812,406.4930725097656,74.08758544921875,3
146.54049682617188,94.12762451171875,5775.8583984375,0.9139786958694458,0.6222583651542664,0.7714512944221497,17.425434112548828,2810.214111328125,3947.550537109375,234.09219360351562,3
70.935546875,271.7015686035156,11502.2158203125,2.12069034576416,0.5401820540428162,0.7840728163719177,16.8343563079834,26792.06640625,37487.39453125,653.8780517578125,3
57.93677520751953,334.73614501953125,9144.79296875,3.493232488632202,0.4271423816680908,0.6653818488121033,8.404950141906738,22440.939453125,35804.61328125,587.5108642578125,3
70.67025756835938,246.37094116210938,9868.685546875,2.0170419216156006,0.4691503643989563,0.6898506879806519,20.963394165039062,4341.11572265625,7652.77490234375,386.85870361328125,3
62.866451263427734,48.44614028930664,2814.684326171875,0.8368276357650757,0.4738844931125641,0.8163927793502808,9.255539894104004,848.2154541015625,1851.25390625,140.95399475097656,3
52.116859436035156,86.45881652832031,3440.304931640625,1.4414724111557007,0.33682382106781006,0.2608084976673126,68.6602783203125,1004.3643188476562,1204.7659912109375,10.0,3
14.0,17.0,304.5800476074219,1.0,0.23047541081905365,0.45506760478019714,16.490314483642578,66.96343231201172,118.90188598632812,1.0,3
639.1149291992188,543.9637451171875,139584.265625,1.064664363861084,0.33210745453834534,0.7095931768417358,7.76450777053833,33009.70703125,46087.4453125,3212.0,3
62.35609817504883,18.435707092285156,1164.0523681640625,0.11712481826543808,0.5194681882858276,0.6534746885299683,10.216423988342285,486.8543701171875,681.662353515625,52.28390121459961,3
348.1865234375,99.97396850585938,11588.466796875,0.8230891227722168,0.9683168530464172,0.8865862488746643,59.26592254638672,31054.36328125,42400.7421875,399.19464111328125,3
68.56914520263672,114.80977630615234,5378.08837890625,1.8455439805984497,0.45976293087005615,0.6965076327323914,26.836151123046875,2676.240234375,3676.55615234375,153.19895935058594,3
90.81830596923828,260.6127014160156,79115.7265625,1.2642383575439453,0.40514281392097473,0.735660195350647,14.740164756774902,28256.3515625,41644.3984375,552.9783935546875,3
298.29443359375,185.8065185546875,82480.296875,1.1197452545166016,0.4065389633178711,0.4552278220653534,27.31955337524414,32554.43359375,44207.37890625,589.3444213867188,3
58.5216064453125,367.7033996582031,4771.41943359375,2.6271188259124756,0.4451790750026703,0.567826509475708,16.90138053894043,2411.46630859375,3101.9189453125,246.8162078857422,3
63.11936950683594,263.1376647949219,8392.6552734375,2.4771015644073486,0.43495187163352966,0.7817053198814392,8.538958549499512,3025.215087890625,5097.51806640625,563.9956665039062,3
204.654541015625,499.9550476074219,61675.3515625,2.6781165599823,0.4221161901950836,0.6689075827598572,44.664791107177734,32756.5,45901.87109375,416.1860656738281,3
400.8456726074219,272.3460693359375,90621.4921875,1.2848870754241943,0.852457582950592,0.9575148224830627,26.4578800201416,30958.537109375,39729.48046875,1695.6446533203125,3
71.64205169677734,74.90471649169922,2257.330810546875,0.8342813849449158,0.42718642950057983,0.3277876377105713,108.96337890625,753.8905639648438,828.245361328125,1.0153133869171143,3
77.31978607177734,308.7522888183594,7044.50146484375,1.8741408586502075,0.3207550346851349,0.25245749950408936,33.31328201293945,4938.95361328125,4001.19921875,94.8310317993164,3
76.04161834716797,335.600830078125,18835.2734375,2.869405746459961,0.35354316234588623,0.39298224449157715,12.634284973144531,23291.908203125,27608.453125,505.6798400878906,3
76.64962005615234,180.6349639892578,6179.49072265625,1.0557646751403809,0.4294282793998718,0.511600136756897,7.1938652992248535,3250.99853515625,3874.019287109375,395.9143981933594,3
69.6160659790039,165.61097717285156,8040.6123046875,1.7768534421920776,0.34080249071121216,0.6616135835647583,10.383398056030273,5549.9931640625,19139.060546875,423.3813171386719,3
405.8535461425781,400.723876953125,111549.375,1.565173864364624,0.4075302183628082,0.7298429012298584,26.463659286499023,30627.796875,39800.5625,1470.8992919921875,3
199.1784210205078,195.47830200195312,46126.8046875,1.0,0.42596569657325745,0.6241438984870911,19.687156677246094,24154.16015625,30730.37109375,477.8033447265625,3
67.18455505371094,499.5311584472656,9279.806640625,3.6912639141082764,0.5734856724739075,0.8309259414672852,24.978355407714844,31273.60546875,43353.1171875,617.6941528320312,3
316.87335205078125,185.6074676513672,79900.84375,0.8779512047767639,0.3592945635318756,0.5629865527153015,8.289490699768066,17584.31640625,34967.875,799.4567260742188,3
73.51046752929688,258.84698486328125,11626.2265625,1.518616795539856,0.9235415458679199,0.9409599900245667,340.94287109375,29749.56640625,36856.3515625,144.87240600585938,3
72.21708679199219,272.7068786621094,11795.3212890625,2.5981993675231934,0.36586201190948486,0.19262300431728363,57.496944427490234,18728.18359375,6480.4677734375,119.60751342773438,3
72.27384948730469,48.08985900878906,3463.34423828125,0.7975519299507141,0.4703914523124695,0.6102091073989868,9.24551773071289,1111.84228515625,1815.8028564453125,130.83567810058594,3
48.15297317504883,49.2633171081543,2893.468017578125,1.0941448211669922,0.3275178372859955,0.47791799902915955,7.049318313598633,489.15435791015625,830.9932250976562,100.9419937133789,3
70.89168548583984,63.093109130859375,4831.87451171875,0.7790305018424988,0.37424924969673157,0.42728281021118164,15.086563110351562,1421.9942626953125,2060.681396484375,82.78800201416016,3
72.0217056274414,134.7274627685547,6040.294921875,1.1107027530670166,0.5643835663795471,0.7872697114944458,10.261778831481934,1384.141357421875,2582.75439453125,313.3615417480469,3
71.47210693359375,190.2249298095703,10673.8232421875,1.4184463024139404,0.491510808467865,0.501678466796875,62.26398468017578,5677.17236328125,4709.99462890625,137.25595092773438,3
578.83154296875,276.3505554199219,130229.265625,0.6112900972366333,0.43350231647491455,0.4963504374027252,61.16875076293945,30686.5546875,42471.8203125,564.2980346679688,3
61.364933013916016,102.20555114746094,5764.12841796875,1.337823748588562,0.7493025064468384,1.0,44.10445785522461,4180.796875,6788.78466796875,154.50686645507812,3
59.612735748291016,48.08103942871094,2986.494873046875,1.076782464981079,0.45931723713874817,0.6085347533226013,8.607300758361816,2202.26171875,3331.416015625,134.5809783935547,3
128.74093627929688,46.89486312866211,5252.51171875,0.6783562302589417,0.5140579342842102,0.9549950957298279,17.154983520507812,2108.376953125,3612.808837890625,177.2648162841797,3
71.58683776855469,121.27372741699219,5156.6142578125,1.0,0.34468910098075867,0.663338303565979,3.3960158824920654,2306.702392578125,4008.3515625,625.3451538085938,3
24.3203067779541,57.23992156982422,1157.9918212890625,2.215388536453247,0.47116270661354065,0.6185125112533569,11.671607971191406,633.7542724609375,981.0567626953125,43.128395080566406,3
69.69403076171875,304.4400329589844,10369.3818359375,2.199333906173706,0.4167722165584564,0.17131833732128143,465.3970031738281,10435.0283203125,4546.8896484375,31.345014572143555,3
56.03813171386719,85.66160583496094,3700.484130859375,1.6212996244430542,0.39186620712280273,0.5985897779464722,9.679949760437012,1191.3116455078125,1898.274658203125,149.27435302734375,3
220.711181640625,529.6478881835938,130416.578125,4.765687942504883,0.418283611536026,0.6029529571533203,15.841806411743164,29732.072265625,43546.296875,3089.64013671875,3
53.86227798461914,93.97086334228516,4862.01708984375,1.8592379093170166,0.4072994291782379,0.6668006181716919,7.768181800842285,2942.359375,3728.6484375,313.8359680175781,3
35.09169006347656,88.74275970458984,3215.24560546875,2.4898016452789307,0.4637724757194519,0.7041715383529663,10.786298751831055,1803.7554931640625,2698.88134765625,149.56304931640625,3
441.2997131347656,541.0733032226562,119054.328125,1.861124038696289,0.48982375860214233,0.4533219039440155,342.9429626464844,28846.818359375,41136.984375,289.5476379394531,3
176.3456573486328,140.5644989013672,11748.466796875,1.1688621044158936,0.3968370854854584,0.7528083920478821,34.39999771118164,17920.138671875,34055.01953125,161.0944366455078,3
403.7957458496094,103.0960922241211,37477.37890625,0.3802330195903778,0.45523297786712646,0.728360116481781,7.2302117347717285,5377.9541015625,7288.94091796875,2550.44287109375,3
246.35693359375,105.95042419433594,10039.0341796875,0.6352516412734985,0.5383708477020264,0.6093969345092773,19.909866333007812,5649.10302734375,6101.482421875,355.1848449707031,3
128.988525390625,510.5679626464844,49496.51953125,2.0831940174102783,0.22634537518024445,0.3525591492652893,8.392805099487305,31962.794921875,44771.23828125,475.8893127441406,3
69.48320770263672,359.4517517089844,6713.48681640625,2.746488332748413,0.3603529632091522,0.4985625445842743,7.537925720214844,5565.6162109375,6025.26416015625,569.8143920898438,3
281.24249267578125,422.2055969238281,74486.1640625,1.7317959070205688,0.4077896177768707,0.29501956701278687,75.32040405273438,28268.646484375,32643.501953125,122.38255310058594,3
44.919654846191406,29.4010009765625,1299.4547119140625,0.6083741784095764,0.9097875356674194,0.8152896165847778,29.591670989990234,604.5265502929688,789.3375244140625,33.19071960449219,3
193.85116577148438,84.75279235839844,6789.37109375,0.6411955952644348,0.5404103994369507,0.6041253805160522,21.43515968322754,1693.401611328125,3093.62646484375,161.4669647216797,3
139.44073486328125,508.77056884765625,113592.5546875,3.0394320487976074,0.49089890718460083,0.6893880367279053,35.43954086303711,31306.509765625,44355.33203125,590.2736206054688,3
514.7816162109375,545.5296020507812,140661.765625,3.541532516479492,0.3470023274421692,0.6061417460441589,29.478267669677734,32957.96875,46108.1640625,3030.625732421875,3
437.153564453125,70.5137710571289,8243.9541015625,0.20201759040355682,0.41705697774887085,0.27878621220588684,41.70370864868164,2088.92236328125,2542.999267578125,64.90410614013672,3
73.212646484375,45.122459411621094,3123.993408203125,0.5672778487205505,0.48364946246147156,0.6230579018592834,16.21895980834961,1979.522216796875,2272.44482421875,69.84693908691406,3
73.99764251708984,60.83503723144531,3130.916748046875,0.21934285759925842,0.5051933526992798,0.5563240647315979,21.64059066772461,795.1730346679688,1328.272705078125,78.6080322265625,3
62.48897933959961,78.76795196533203,3677.3935546875,1.1367863416671753,0.39429759979248047,0.4732770323753357,15.895119667053223,1036.8690185546875,1678.195068359375,51.00168228149414,3
434.6682434082031,379.403564453125,84311.2734375,1.1422526836395264,0.40524616837501526,0.5478308200836182,44.427406311035156,32694.2421875,45283.74609375,639.6161499023438,3
60.732139587402344,36.66992950439453,2928.26220703125,0.6566396951675415,0.5707099437713623,0.7190545201301575,17.5134220123291,1150.6341552734375,1774.4752197265625,102.11129760742188,3
72.17369079589844,268.1390686035156,13577.08984375,1.571641206741333,0.6750048398971558,0.9256504774093628,14.384530067443848,10392.1591796875,22018.380859375,632.1876831054688,3
40.84483337402344,35.24553680419922,1202.33203125,0.8750838041305542,0.27929064631462097,0.602932333946228,5.0490641593933105,254.1271209716797,631.8573608398438,57.474910736083984,3
52.39210510253906,32.13559341430664,1718.874755859375,0.7040055394172668,0.6196537017822266,0.7280356884002686,16.857376098632812,669.2442016601562,925.1806640625,62.11457443237305,3
151.9599609375,177.69606018066406,51418.83203125,0.8861815929412842,0.5648582577705383,0.7295334935188293,15.439839363098145,14343.5009765625,15507.603515625,606.0966186523438,3
263.197021484375,234.36550903320312,51502.97265625,1.0402405261993408,0.35887613892555237,0.5287153124809265,6.1337504386901855,32115.541015625,44311.6796875,2740.287109375,3
275.49493408203125,388.1666564941406,102989.1640625,1.6030333042144775,0.35849931836128235,0.7024305462837219,2.7827348709106445,30152.125,40706.0390625,3210.93310546875,3
73.75262451171875,144.0343780517578,5887.23828125,1.0802993774414062,0.40610337257385254,0.5355553030967712,38.55763626098633,2961.4130859375,3355.753662109375,70.43557739257812,3
80.67243957519531,147.2848358154297,8851.6328125,1.0244078636169434,0.6058880686759949,0.7387813925743103,24.90926742553711,2850.859130859375,4113.787109375,199.33131408691406,3
17.19487762451172,11.0,159.0606689453125,0.618545651435852,0.49117904901504517,0.8034160137176514,5.1743574142456055,82.59420013427734,148.9043426513672,14.0,3
45.30436325073242,95.63251495361328,4559.126953125,1.5202291011810303,0.7028617858886719,0.7505033016204834,31.2209529876709,3262.913330078125,3494.30126953125,135.71788024902344,3
68.39444732666016,165.49549865722656,11322.8955078125,1.225210428237915,0.6697474122047424,0.9220995306968689,14.893936157226562,27048.296875,37618.078125,590.4151611328125,3
33.88996124267578,26.495847702026367,1016.7529907226562,0.8434979915618896,0.28466078639030457,0.3993692994117737,16.00574493408203,268.46551513671875,487.39117431640625,12.20190715789795,3
477.1484375,124.29408264160156,96099.1953125,0.46810057759284973,0.3358374536037445,0.4291500747203827,28.28783416748047,14700.2919921875,22432.99609375,403.69427490234375,3
347.8651123046875,281.99700927734375,106688.5234375,1.5362019538879395,0.35677558183670044,0.3020029067993164,26.070341110229492,24625.96484375,27661.697265625,596.4910278320312,3
61.75962829589844,72.59017944335938,5490.74560546875,1.0786166191101074,0.4865792691707611,0.6983401775360107,6.732574462890625,2437.023681640625,3732.685302734375,365.0726623535156,3
52.51571273803711,22.322969436645508,1300.36376953125,0.6070964336395264,0.6991788148880005,0.7649903297424316,12.471114158630371,522.1056518554688,847.7261962890625,60.56269073486328,3
64.88887786865234,184.17916870117188,10303.7880859375,2.2376370429992676,0.503372073173523,0.80170738697052,14.20057487487793,3867.226318359375,5683.9638671875,393.8548583984375,3
77.90209197998047,191.7871551513672,6655.31982421875,0.7832961082458496,0.4953900873661041,0.6850340366363525,7.864257335662842,3766.6162109375,4030.953857421875,524.5637817382812,3
67.88941192626953,212.10800170898438,6114.494140625,2.3169755935668945,0.48247867822647095,0.4661259651184082,44.819366455078125,3104.19140625,4207.97900390625,106.72187805175781,3
198.53518676757812,59.289249420166016,5009.55517578125,0.5261868238449097,0.6026663780212402,0.8519916534423828,13.064531326293945,2242.025146484375,3427.719482421875,231.0293731689453,3
46.05702209472656,53.31004333496094,2355.59130859375,1.1356124877929688,0.32698649168014526,0.18191370368003845,32.525115966796875,695.2988891601562,843.2935180664062,15.98007869720459,3
76.26148986816406,95.58252716064453,5147.294921875,0.9726280570030212,0.43961456418037415,0.4707103967666626,52.890953063964844,2085.03173828125,2915.311279296875,60.15021896362305,3
63.082733154296875,149.1093292236328,6684.46875,1.8722301721572876,0.5266347527503967,0.5783026218414307,17.257606506347656,2702.508544921875,3599.483642578125,268.22015380859375,3
26.129655838012695,199.2564697265625,4161.34423828125,5.003418445587158,0.47297224402427673,0.7691729664802551,10.570590019226074,3303.45556640625,4521.51025390625,210.36813354492188,3
413.45074462890625,502.2161560058594,127918.015625,1.3772454261779785,0.5014047026634216,0.38604244589805603,379.7012634277344,31893.814453125,41867.421875,278.9049377441406,3
64.67984771728516,236.3279571533203,8623.5966796875,2.015101194381714,0.4487939178943634,0.6648842096328735,18.923419952392578,29296.134765625,40452.15234375,405.8233337402344,3
466.15692138671875,275.3923645019531,115436.3203125,0.7210032939910889,0.3961631655693054,0.6037938594818115,4.738864898681641,32334.50390625,44044.0625,3194.648193359375,3
77.4132080078125,107.63646697998047,11056.0078125,1.1304287910461426,0.5539937019348145,0.7056862711906433,26.401336669921875,17179.728515625,25515.1328125,322.3174133300781,3
275.50640869140625,538.571044921875,117971.9453125,4.29803466796875,0.29504215717315674,0.08530334383249283,21.87200164794922,32424.193359375,44107.34765625,498.9476013183594,3
421.4316711425781,420.6089782714844,117288.578125,1.4880069494247437,0.35720860958099365,0.37966763973236084,224.2108612060547,32378.0703125,44758.09375,251.8009796142578,3
604.8757934570312,260.8755798339844,128531.859375,1.1968375444412231,0.3482131361961365,0.38243141770362854,514.1797485351562,31859.8671875,42816.828125,19.369544982910156,3
69.17568969726562,243.4329376220703,9073.6640625,2.0,0.6569456458091736,0.7888433933258057,67.8488998413086,21779.41796875,29942.798828125,186.9773712158203,3
201.3345184326172,305.95172119140625,75189.4296875,2.2719485759735107,0.4304875135421753,0.5173976421356201,50.319488525390625,18835.51953125,22205.0078125,372.20855712890625,3
458.2857360839844,287.7264709472656,118247.515625,1.1207401752471924,0.5812869071960449,0.8634740114212036,68.41637420654297,32504.154296875,45055.46484375,649.7069702148438,3
58.38652038574219,534.80224609375,77148.1015625,7.945565700531006,0.49584272503852844,0.760733962059021,29.37432289123535,28828.646484375,43232.79296875,642.4866333007812,3
76.82866668701172,90.48857879638672,5780.44970703125,0.7294947504997253,0.4921552836894989,0.8997173309326172,9.772360801696777,2695.3046875,4416.1142578125,399.7172546386719,3
35.808807373046875,78.04097747802734,1689.006103515625,2.12422251701355,0.4135659635066986,0.6192699074745178,4.982171535491943,762.6118774414062,1561.161865234375,154.95570373535156,3
172.14527893066406,298.5958251953125,88662.5859375,1.725557804107666,0.4647462069988251,0.5599848628044128,30.981365203857422,17939.5078125,24124.091796875,525.079345703125,3
48.619747161865234,83.7929916381836,3759.48486328125,1.17230224609375,0.7420932650566101,0.9711687564849854,7.652845859527588,1550.0670166015625,2543.953857421875,243.6509246826172,3
326.04669189453125,501.0140075683594,53322.7421875,0.9308832287788391,0.36760884523391724,0.620940089225769,3.057663917541504,32218.033203125,44661.578125,3210.14697265625,3
74.19129943847656,48.42045211791992,5274.42236328125,0.748258650302887,0.6978281140327454,0.6607136130332947,32.63086700439453,2251.0576171875,3016.5419921875,103.30980682373047,3
177.3504180908203,84.5243911743164,5711.03662109375,1.108901023864746,0.35214826464653015,0.4491356909275055,12.34273624420166,1910.419921875,2963.4462890625,174.2067413330078,3
66.31090545654297,137.7912139892578,5444.9306640625,1.5645766258239746,0.4740351438522339,0.7053045034408569,8.723939895629883,17666.521484375,13261.4560546875,415.85552978515625,3
285.9017333984375,46.83979415893555,11235.55078125,0.24731819331645966,0.5405060052871704,0.7859654426574707,7.388337135314941,3820.864013671875,5873.92578125,556.359375,3
72.67507934570312,35.15853500366211,3772.076904296875,0.4464847147464752,0.32496243715286255,0.26748228073120117,45.88029861450195,994.42578125,1134.498046875,17.0,3
18.73662757873535,14.0,255.419189453125,0.7896799445152283,0.4609333872795105,0.8825957179069519,4.379847049713135,127.96819305419922,234.05101013183594,30.353647232055664,3
257.99700927734375,254.6581268310547,95948.375,1.1781182289123535,0.5315498113632202,0.8426615595817566,9.078878402709961,12589.7236328125,27627.759765625,2873.2236328125,3
33.800540924072266,31.76932716369629,1320.591552734375,1.0,0.4421437084674835,0.6312753558158875,25.81501579284668,528.8893432617188,675.9835205078125,14.0,3
24.423969268798828,8.0,195.09414672851562,0.16484980285167694,0.453779011964798,0.74329674243927,21.303165435791016,89.93956756591797,124.85468292236328,1.0,3
290.68341064453125,269.057861328125,70252.328125,1.563984751701355,0.3666386306285858,0.6043863892555237,19.7816219329834,31478.775390625,44373.80859375,477.5346374511719,3
528.1609497070312,401.1465759277344,133891.4375,1.1599016189575195,0.2000720351934433,0.0994425043463707,28.256195068359375,28043.453125,32879.77734375,461.1224670410156,3
32.117122650146484,72.22936248779297,2021.2799072265625,1.9157603979110718,0.460615336894989,0.686471164226532,5.844791889190674,765.9733276367188,1174.438232421875,188.0318145751953,3
399.8713684082031,288.8883056640625,95442.40625,0.8686703443527222,0.4826904833316803,0.8509681224822998,18.88492774963379,27038.314453125,40522.65625,2686.59228515625,3
298.4295654296875,491.0279235839844,117083.1640625,1.97353994846344,0.8478189706802368,0.966617226600647,66.54206085205078,32529.240234375,45757.1484375,1793.285888671875,3
61.00934600830078,124.5535888671875,5783.30615234375,1.5483651161193848,0.45946744084358215,0.7411848902702332,15.401108741760254,2632.516845703125,4053.493896484375,226.33828735351562,3
264.7128601074219,253.50885009765625,10858.224609375,0.9671646952629089,0.5979108810424805,0.5658850073814392,76.26343536376953,6565.60302734375,6175.2568359375,80.93231201171875,3
74.03166961669922,116.17058563232422,5948.1962890625,1.5546875,0.2681274712085724,0.235540509223938,48.15106201171875,1638.193359375,1999.6322021484375,29.971712112426758,3
33.62163543701172,62.2380485534668,1555.7496337890625,1.5531518459320068,0.49066001176834106,0.602793276309967,45.00734329223633,620.2354125976562,749.5061645507812,14.0,3
548.9856567382812,195.56253051757812,111791.0234375,0.5400334596633911,0.6173867583274841,0.6278879642486572,61.533447265625,32593.951171875,45274.49609375,551.9849853515625,3
58.74781799316406,83.95542907714844,4566.56689453125,1.143135666847229,0.4741857945919037,0.7852117419242859,7.0590434074401855,1127.77587890625,2790.778564453125,381.3515319824219,3
41.54010009765625,54.31366729736328,2267.05859375,1.11332368850708,0.8554936051368713,0.7967551946640015,20.402849197387695,1033.7801513671875,1581.608642578125,78.08210754394531,3
53.48164749145508,239.19859313964844,5945.4609375,3.6125433444976807,0.41950035095214844,0.6518253087997437,14.336764335632324,5132.3349609375,6807.595703125,300.586669921875,3
113.92610931396484,59.04227828979492,5264.333984375,0.3901190757751465,0.4875900447368622,0.7591716647148132,9.530518531799316,2050.771240234375,3193.724609375,313.5964660644531,3
71.60284423828125,489.63507080078125,12144.1787109375,2.9094533920288086,0.3719860911369324,0.42743560671806335,16.330251693725586,17352.111328125,10625.6005859375,474.14453125,3
79.21427154541016,220.70651245117188,12349.478515625,1.0977743864059448,0.6788197755813599,0.9647469520568848,33.73479461669922,24824.25,34988.08984375,506.4282531738281,3
576.9083251953125,529.8722534179688,114128.453125,0.9020134806632996,0.40120843052864075,0.4057501554489136,63.17095947265625,32390.58984375,44306.2265625,1486.6522216796875,3
75.72249603271484,461.7101135253906,35905.69921875,3.1618785858154297,0.4361116588115692,0.4451589286327362,13.420624732971191,27491.6328125,39773.3125,665.1034545898438,3
42.279808044433594,134.31044006347656,4201.685546875,2.074643611907959,0.35809141397476196,0.7431198358535767,7.2555389404296875,2655.891357421875,4349.7607421875,146.55043029785156,3
40.823509216308594,32.58037185668945,1496.9150390625,0.8602829575538635,0.4593701660633087,0.7264501452445984,7.760143280029297,591.854736328125,989.076416015625,83.39517211914062,3
28.920080184936523,71.95315551757812,1627.8814697265625,2.272620439529419,0.38982003927230835,0.5694544911384583,3.3169963359832764,744.3589477539062,1336.80029296875,119.07742309570312,3
67.55752563476562,335.6960144042969,12085.8125,3.222388744354248,0.3207918405532837,0.7460790872573853,2.9434092044830322,29134.435546875,42363.40234375,2737.19580078125,3
72.629150390625,146.89398193359375,5284.0712890625,0.9535159468650818,0.5160045623779297,0.7507010698318481,18.073453903198242,4337.7099609375,3984.5947265625,353.4835205078125,3
507.1078796386719,62.327880859375,11533.3544921875,0.22318437695503235,0.43628615140914917,0.4277149438858032,7.999093532562256,2129.2724609375,3378.08740234375,407.24737548828125,3
74.92129516601562,286.98126220703125,12265.9912109375,2.023792266845703,0.35373350977897644,0.6009500622749329,10.518636703491211,4938.66064453125,5999.61328125,510.37005615234375,3
37.10955810546875,38.149410247802734,1643.496337890625,0.7834988236427307,0.944551408290863,1.0,29.649694442749023,819.7642211914062,1287.4459228515625,27.866069793701172,3
71.67878723144531,164.7371063232422,5988.3525390625,1.6189528703689575,0.4220704138278961,0.5884761214256287,17.501867294311523,2646.933349609375,3618.76806640625,245.1103515625,3
74.70355224609375,29.376279830932617,4591.904296875,0.11375430226325989,0.4901857376098633,0.6727826595306396,153.1103057861328,2324.78271484375,3425.6865234375,26.34370231628418,3
72.86299133300781,273.6668395996094,65792.546875,1.5254288911819458,0.41960224509239197,0.5265313386917114,25.134502410888672,28337.779296875,32937.16796875,463.8715515136719,3
646.3245849609375,102.81642150878906,118506.9296875,0.06077360361814499,0.3265208601951599,0.3314843773841858,71.28839874267578,5749.380859375,7350.7060546875,128.05978393554688,3
69.22649383544922,38.45661926269531,2603.609375,0.8151405453681946,0.5242372751235962,0.7024540305137634,12.427616119384766,602.384521484375,992.9044189453125,107.35933685302734,3
550.7693481445312,347.12591552734375,139909.21875,0.7713666558265686,0.7163172364234924,0.9943017363548279,22.18488311767578,32228.896484375,45733.8671875,3186.6376953125,3
340.71868896484375,284.8780212402344,93922.8828125,1.5254065990447998,0.8927544951438904,0.7241138815879822,271.44415283203125,26121.74609375,32920.14453125,299.48248291015625,3
222.7145538330078,80.36849212646484,7148.0107421875,0.657966673374176,0.42498287558555603,0.6004272699356079,32.917083740234375,2825.74462890625,4233.84619140625,154.50271606445312,3
37.87391662597656,18.084976196289062,705.0221557617188,0.6081843376159668,0.5151026248931885,0.6551411747932434,8.406752586364746,269.1528015136719,385.4913635253906,37.01182174682617,3
53.808048248291016,536.0003051757812,32609.28125,7.374994277954102,0.3388378322124481,0.3683210015296936,7.6043596267700195,26781.287109375,36241.16796875,2167.400390625,3
476.12469482421875,97.10739135742188,10506.4423828125,0.24602574110031128,0.924304723739624,0.7692140936851501,39.04193115234375,2377.463623046875,3658.379150390625,205.8561553955078,3
41.478363037109375,30.099040985107422,1691.3460693359375,0.800029993057251,0.4209199547767639,0.6303215622901917,4.080124378204346,519.867431640625,814.0546264648438,144.4435272216797,3
68.137451171875,275.7546081542969,10360.0830078125,2.8233234882354736,0.5036574006080627,0.6397272348403931,27.364511489868164,20188.291015625,20358.392578125,383.6800842285156,3
57.22665023803711,55.270687103271484,1838.2598876953125,1.0901216268539429,0.4016425907611847,0.38325509428977966,18.557941436767578,486.0687561035156,642.93505859375,29.535249710083008,3
67.6985855102539,263.70599365234375,5335.755859375,2.288637638092041,0.38919469714164734,0.4100209176540375,26.675432205200195,2202.641357421875,3582.756103515625,110.18250274658203,3
286.53204345703125,168.840576171875,57145.98046875,0.9041035771369934,0.48352253437042236,0.7228344678878784,42.39988327026367,22475.220703125,28848.228515625,437.5528259277344,3
55.52663803100586,142.1686553955078,4627.525390625,2.043830633163452,0.49122899770736694,0.5843477845191956,21.004493713378906,875.1712036132812,1580.6060791015625,99.87397766113281,3
74.19168853759766,178.5902557373047,5157.54248046875,1.423515796661377,0.3612678647041321,0.4902525246143341,32.43381881713867,13470.7119140625,6672.18701171875,86.79904174804688,3
66.12264251708984,355.9019775390625,39801.68359375,4.268526554107666,0.40926697850227356,0.46904250979423523,54.85292434692383,28143.955078125,40036.7890625,182.5398712158203,3
42.828128814697266,115.65624237060547,3103.229736328125,1.899454951286316,0.4981292188167572,0.8187436461448669,7.5222978591918945,1481.4688720703125,2605.039306640625,345.1068115234375,3
29.72490882873535,38.88432693481445,1101.1826171875,1.4406819343566895,0.4060003459453583,0.6648836731910706,7.173518657684326,464.7873229980469,793.7382202148438,68.31407928466797,3
45.665985107421875,121.99823760986328,3258.08447265625,1.7807343006134033,0.37113288044929504,0.5059893131256104,25.136451721191406,2043.03076171875,2680.58544921875,43.63646697998047,3
379.9867858886719,143.96926879882812,11989.4658203125,0.6867825984954834,0.40198832750320435,0.3739023804664612,305.0563049316406,5681.2021484375,3669.337158203125,40.49970626831055,3
68.43668365478516,192.87860107421875,5260.1767578125,1.1750144958496094,0.482503205537796,0.8437426686286926,4.401454448699951,4789.70458984375,4585.23583984375,671.804443359375,3
29.182477951049805,217.2393341064453,4181.431640625,4.515661239624023,0.3435998558998108,0.5837570428848267,3.679420232772827,1202.642578125,2344.6201171875,317.9972229003906,3
434.0620422363281,350.3659362792969,89122.25,1.4678537845611572,0.3771774172782898,0.5535396337509155,71.26619720458984,32578.7890625,45024.59765625,240.74221801757812,3
164.3997344970703,279.9280700683594,60034.87109375,1.4510942697525024,0.5154431462287903,0.7793277502059937,15.114675521850586,32624.833984375,45355.5625,1272.6141357421875,3
310.9681396484375,264.6602783203125,114001.578125,1.7840681076049805,1.0,0.9341927766799927,34.665016174316406,31423.451171875,42006.421875,2725.508544921875,3
487.2105712890625,321.2441711425781,135675.765625,1.118477463722229,0.9337111711502075,0.8789209723472595,58.419090270996094,32003.359375,44994.63671875,2475.350341796875,3
57.6788330078125,62.31450653076172,4742.94873046875,0.9593318104743958,0.9878062605857849,0.9261128306388855,18.198488235473633,4330.95849609375,4472.7626953125,343.4120788574219,3
70.66586303710938,32.311031341552734,2271.728271484375,0.5106238126754761,0.5639888048171997,0.7375121712684631,13.4365234375,774.0697021484375,1147.03564453125,78.10466003417969,3
517.4085693359375,548.2460327148438,129024.1875,2.119365692138672,0.3717252016067505,0.4955665171146393,14.904107093811035,32846.50390625,45891.65625,3206.777099609375,3
63.834686279296875,54.95542907714844,5965.60693359375,0.6380357146263123,1.0,1.0,66.44651794433594,4255.060546875,3927.139892578125,104.35015106201172,3
68.78329467773438,124.69380187988281,5733.4853515625,1.781817078590393,0.4009729325771332,0.48359134793281555,30.762481689453125,2299.779052734375,3555.922607421875,87.43582916259766,3
53.30585479736328,248.45584106445312,2378.48095703125,2.2434184551239014,0.42610228061676025,0.5328912734985352,16.82670021057129,2041.52587890625,1825.7978515625,60.588809967041016,3
48.835086822509766,62.66362762451172,2111.979736328125,1.107171893119812,0.4676995575428009,0.6376098394393921,11.376137733459473,677.2972412109375,1022.6724243164062,78.01382446289062,3
31.82307243347168,39.8966178894043,930.5601196289062,1.5201455354690552,0.49281084537506104,0.729038417339325,5.644880294799805,513.3201904296875,771.767822265625,81.2565689086914,3
243.34873962402344,412.8509521484375,12150.6787109375,1.0,0.3923211395740509,0.25754451751708984,30.96158790588379,30606.58984375,41197.1328125,196.61009216308594,3
76.85748291015625,134.27354431152344,6137.2431640625,1.8646514415740967,0.37563225626945496,0.4579541087150574,24.51058578491211,2484.88818359375,3274.1669921875,132.07855224609375,3
48.176692962646484,99.8772964477539,4720.06884765625,1.3252553939819336,0.7236634492874146,0.8937080502510071,28.85820960998535,2984.45361328125,4155.46630859375,158.42515563964844,3
69.30309295654297,67.5462646484375,4896.326171875,0.9223592281341553,0.36372697353363037,0.4506412446498871,38.45569610595703,896.14208984375,1628.2572021484375,35.4849853515625,3
24.98000144958496,20.62413787841797,422.96636962890625,0.8698499202728271,0.35160088539123535,0.7175788879394531,2.4662795066833496,168.6916046142578,383.0478515625,63.807796478271484,3
40.949920654296875,88.33123779296875,3190.0244140625,2.364600896835327,0.40130743384361267,0.6065523624420166,6.8282670974731445,988.2383422851562,2040.7938232421875,176.51036071777344,3
91.03324890136719,258.4222717285156,12090.1689453125,1.7246360778808594,0.36045801639556885,0.43230241537094116,43.60240173339844,27512.419921875,30467.580078125,268.71356201171875,3
52.072486877441406,46.26705551147461,2544.052490234375,0.971956193447113,0.614313006401062,0.7266247272491455,23.531234741210938,981.0271606445312,1538.09375,67.50132751464844,3
408.9944763183594,117.31128692626953,56982.73828125,0.6821250915527344,0.49449947476387024,0.6912419199943542,9.058676719665527,20750.509765625,30291.626953125,1096.7579345703125,3
76.44166564941406,123.61605072021484,6868.93798828125,1.0965690612792969,0.5191065669059753,0.7669643759727478,8.990710258483887,5421.78662109375,6676.64599609375,506.8428955078125,3
75.99394226074219,32.895389556884766,3306.3125,0.5386016964912415,0.47259941697120667,0.6055253148078918,21.344768524169922,997.3684692382812,1630.6483154296875,61.133949279785156,3
392.770751953125,548.448486328125,133356.9375,4.3964338302612305,0.41010650992393494,0.39640605449676514,72.30220031738281,32297.638671875,45491.09375,2105.429931640625,3
63.600135803222656,45.50395584106445,2962.812744140625,0.7856030464172363,0.45564916729927063,0.737093985080719,8.092463493347168,763.3113403320312,1562.55419921875,164.73072814941406,3
72.04417419433594,234.59970092773438,5909.3857421875,1.930076241493225,0.42360469698905945,0.5554271936416626,18.198511123657227,2093.89208984375,2926.205078125,209.07615661621094,3
395.7889709472656,363.21044921875,121398.3671875,1.1541591882705688,0.27587518095970154,0.3993316888809204,47.651920318603516,24614.830078125,27855.1328125,191.91937255859375,3
46.592872619628906,24.708576202392578,738.1768798828125,0.7410565614700317,0.47594985365867615,0.6039760708808899,36.13051986694336,339.5414123535156,417.5570983886719,7.8698225021362305,3
74.0222396850586,264.57275390625,7064.52099609375,1.7622129917144775,0.4810090661048889,0.76048743724823,7.835225582122803,26599.88671875,32024.14453125,576.3850708007812,3
122.49740600585938,143.6736602783203,8635.2392578125,1.3800642490386963,0.40627431869506836,0.540035605430603,9.0584135055542,5723.00146484375,6764.7705078125,373.9598083496094,3
74.56768798828125,103.31078338623047,8996.744140625,1.0,0.9485765099525452,0.7340997457504272,283.6037902832031,5464.298828125,4596.32861328125,68.81965637207031,3
36.618717193603516,41.3537483215332,1131.1588134765625,1.2229276895523071,0.43924036622047424,0.6416290998458862,10.297548294067383,732.0662231445312,1214.0704345703125,41.37470245361328,3
30.973514556884766,32.0,1063.5906982421875,1.1061371564865112,0.4657287299633026,0.561781108379364,9.516433715820312,491.8252258300781,658.8406982421875,42.2817497253418,3
32.47911071777344,42.6170539855957,1180.6396484375,1.1282830238342285,0.5372409820556641,0.7150054574012756,13.620948791503906,529.7734985351562,795.639892578125,55.587650299072266,3
197.1407470703125,448.2377014160156,46776.48046875,1.6219242811203003,0.4001401364803314,0.5005038380622864,43.29288101196289,24429.94140625,32573.5703125,253.95675659179688,3
318.7373352050781,107.82493591308594,77791.4921875,0.8003711104393005,0.5435179471969604,0.5402401685714722,72.51791381835938,17552.5859375,14363.43359375,212.42709350585938,3
77.43485260009766,492.6826477050781,70087.3046875,2.301318645477295,0.28659433126449585,0.13576669991016388,30.950973510742188,7733.6396484375,7368.82763671875,297.5628967285156,3
485.3083190917969,108.72801971435547,82777.0078125,0.5265350937843323,0.7320334315299988,0.9937431812286377,4.450143814086914,27533.724609375,39657.03515625,3177.25048828125,3
76.07601165771484,95.81554412841797,8588.9658203125,1.0,0.5015571713447571,0.5465140342712402,58.417449951171875,5051.0419921875,4144.6845703125,90.02539825439453,3
200.08380126953125,87.42070007324219,12262.6123046875,0.4628174304962158,1.0,1.0,267.65625,28162.328125,36238.71484375,120.36760711669922,3
74.26922607421875,50.61503982543945,3324.94140625,0.6886956095695496,0.4336591958999634,0.6927580237388611,4.612753391265869,1000.3013916015625,1871.033447265625,219.44375610351562,3
40.51674270629883,9.0,426.42718505859375,0.05739044025540352,0.2724854350090027,0.5413398742675781,41.81698226928711,141.90469360351562,241.6724090576172,1.0,3
230.24282836914062,187.7780303955078,11734.572265625,0.8055352568626404,0.47679150104522705,0.46764665842056274,102.96588134765625,16117.9697265625,5050.48583984375,91.2170181274414,3
76.64974212646484,226.8623809814453,8069.7978515625,1.4420092105865479,0.36473438143730164,0.5387914180755615,8.30532169342041,5405.4130859375,4848.04150390625,530.9805908203125,3
136.68580627441406,511.0580139160156,91886.5078125,2.621548891067505,0.4790763258934021,0.6297855973243713,17.518308639526367,32863.6875,46015.83203125,764.3446655273438,3
54.257659912109375,141.87205505371094,4977.95947265625,2.1559200286865234,0.4476592242717743,0.6629503965377808,16.970571517944336,2203.84375,3242.803955078125,144.85279846191406,3
666.8257446289062,174.5841827392578,131744.640625,0.5850151777267456,0.9476444721221924,0.7912925481796265,58.51122283935547,33003.63671875,46104.375,2319.636962890625,3
168.50543212890625,176.74378967285156,17951.494140625,1.1383717060089111,0.33273518085479736,0.5013221502304077,8.27169132232666,26152.923828125,37686.859375,520.1192626953125,3
60.97341537475586,22.0,1841.366943359375,0.5228599309921265,0.4702794551849365,0.4796485900878906,53.18911361694336,711.0220947265625,795.0806884765625,8.7514009475708,3
35.79186248779297,135.44692993164062,4767.17431640625,3.0130913257598877,0.37035873532295227,0.8032985329627991,2.9889137744903564,1415.159423828125,3360.767578125,440.4014587402344,3
57.7590217590332,93.00244903564453,4129.97607421875,1.5280059576034546,0.4567098319530487,0.4947362542152405,29.93935203552246,1061.2254638671875,2120.136474609375,74.14653778076172,3
38.28853225708008,289.674072265625,6407.31787109375,4.570926189422607,0.20591191947460175,0.08756548166275024,40.979671478271484,2225.41259765625,2781.505126953125,23.770414352416992,3
30.949249267578125,20.0,352.43115234375,0.5707914233207703,0.4910333752632141,0.7709723114967346,4.136577129364014,247.6056671142578,431.5036315917969,38.82678985595703,3
28.205154418945312,23.359107971191406,522.5053100585938,0.8844512104988098,0.5298255681991577,0.49905097484588623,158.15362548828125,350.15557861328125,374.397705078125,1.0,3
77.24412536621094,95.92078399658203,7271.1240234375,0.6688676476478577,0.7431257367134094,1.0,7.355018615722656,2929.7763671875,5654.45166015625,663.7549438476562,3
76.99642181396484,119.23458099365234,6182.81396484375,0.9452210068702698,0.258063942193985,0.5892348885536194,3.191864013671875,1000.4645385742188,3355.996337890625,485.4459228515625,3
147.7140655517578,96.47903442382812,6144.5673828125,0.9220333695411682,0.3814895451068878,0.2608660161495209,405.4820251464844,2978.00390625,2598.21435546875,17.0,3
68.48389434814453,271.989501953125,6677.5361328125,2.4562127590179443,0.3501425087451935,0.3202833831310272,19.175992965698242,5058.3359375,4117.923828125,116.57186889648438,3
619.6442260742188,45.02277755737305,107174.203125,0.0329827144742012,0.4324057400226593,0.3726591467857361,531.15869140625,29588.431640625,36174.0859375,19.0,3
76.70868682861328,365.0865173339844,29032.68359375,3.420733690261841,0.5251270532608032,0.6112959980964661,95.57432556152344,28593.62890625,36099.91796875,262.29876708984375,3
73.31189727783203,119.40672302246094,5961.5009765625,1.1562012434005737,0.3818633556365967,0.5981793403625488,5.287683010101318,3392.510009765625,4445.98193359375,623.3980102539062,3
110.72821807861328,207.27320861816406,69052.1796875,1.750242829322815,0.6014966368675232,0.7248935103416443,14.766448974609375,28815.578125,36519.37890625,622.1423950195312,3
682.8028564453125,392.5629577636719,141502.71875,0.05610230937600136,0.5279693007469177,0.7112435102462769,13.514636993408203,29630.927734375,38187.984375,3211.199951171875,3
343.9296875,287.0240173339844,108071.2578125,1.8664171695709229,0.42739439010620117,0.547165036201477,67.89000701904297,31259.12890625,40504.54296875,391.2755432128906,3
24.500595092773438,29.228076934814453,725.4256591796875,1.2419966459274292,0.5254303216934204,0.815305769443512,8.54955005645752,406.5861511230469,633.7288818359375,43.63741683959961,3
379.1176452636719,38.47493362426758,6761.35205078125,0.2384348064661026,0.6897708177566528,0.5459111332893372,62.3525276184082,2797.7802734375,3258.4423828125,107.09060668945312,3
68.56086730957031,204.9259033203125,7055.376953125,2.4477367401123047,0.49717390537261963,0.6261573433876038,16.184154510498047,3497.426025390625,4139.66552734375,251.58665466308594,3
178.43785095214844,14.0,1760.0889892578125,0.021323485299944878,0.5223361253738403,0.6095005869865417,6.77913761138916,509.831298828125,839.1848754882812,141.13705444335938,3
492.7850341796875,400.0708923339844,120968.96875,0.6178348064422607,0.4235554337501526,0.6909540295600891,9.988592147827148,32055.732421875,44202.02734375,3178.1591796875,3
50.26840591430664,60.20743179321289,3161.0625,1.1174590587615967,0.4043370187282562,0.6144559383392334,7.157872200012207,926.4998168945312,1846.4173583984375,150.3433074951172,3
76.21259307861328,23.080463409423828,1633.641357421875,0.07242298126220703,0.5518479347229004,0.7137637138366699,7.701666831970215,554.07421875,802.4686889648438,97.14385223388672,3
160.11605834960938,102.01461791992188,10471.51171875,1.0365771055221558,0.3560924530029297,0.27323994040489197,167.28659057617188,5062.9833984375,4135.80517578125,41.0096549987793,3
59.13994216918945,101.61083984375,4733.7978515625,1.5596779584884644,0.5280026197433472,0.7561323642730713,7.667359828948975,2849.890625,4238.38818359375,396.4753723144531,3
26.228687286376953,42.68467712402344,1139.7630615234375,1.5017597675323486,0.5374502539634705,0.7262412905693054,17.780715942382812,619.18408203125,835.3756103515625,30.053752899169922,3
382.32611083984375,373.9051513671875,99436.765625,0.9401324391365051,0.6585906744003296,0.725566029548645,38.23897933959961,27878.22265625,36686.12890625,669.3505249023438,3
80.96858215332031,244.6327667236328,55130.26171875,1.574841022491455,1.0,0.880645751953125,67.3396224975586,32157.13671875,44631.43359375,551.7501220703125,3
53.82279586791992,30.13576889038086,1150.5814208984375,0.7231094837188721,0.45472919940948486,0.6736307144165039,7.681594371795654,435.0444641113281,756.9322509765625,62.53251266479492,3
179.79957580566406,84.62041473388672,11832.244140625,0.6940288543701172,0.40693095326423645,0.6786205172538757,7.0689263343811035,2048.0654296875,4259.93798828125,565.2444458007812,3
39.14460754394531,32.151023864746094,946.87841796875,0.8618494868278503,0.4357377588748932,0.6876852512359619,7.2439422607421875,513.0415649414062,862.1469116210938,64.92195129394531,3
70.52124786376953,109.30191802978516,5001.5419921875,1.5322144031524658,0.469535231590271,0.5752965807914734,10.491826057434082,4919.27734375,5810.44677734375,316.903076171875,3
456.98944091796875,325.1627197265625,103272.7578125,1.1532328128814697,0.4879874587059021,0.6661750674247742,40.329071044921875,24099.17578125,29869.529296875,719.864501953125,3
440.183349609375,391.75921630859375,121356.703125,1.7662969827651978,0.30835431814193726,0.3248983919620514,15.29462718963623,32887.80859375,46005.82421875,1599.175048828125,3
324.4600524902344,294.2337341308594,102597.484375,1.4384042024612427,0.5725967884063721,0.6770634651184082,27.9830379486084,27997.447265625,38879.3984375,1166.35546875,3
323.17144775390625,183.28195190429688,11186.7373046875,0.5751348733901978,0.3730599582195282,0.6684725284576416,4.520355701446533,3858.625732421875,5469.3076171875,2542.79541015625,3
38.8147087097168,16.859355926513672,742.937744140625,0.25185301899909973,0.2580620050430298,0.3392404615879059,19.51791000366211,164.98175048828125,273.09844970703125,3.144392490386963,3
32.72634506225586,105.81060791015625,2807.59765625,2.840082883834839,0.4430553913116455,0.5910481810569763,11.415360450744629,773.6065673828125,1740.2099609375,118.7602310180664,3
50.9006233215332,75.03766632080078,4308.810546875,1.516174554824829,0.5049817562103271,0.5879277586936951,11.609888076782227,2348.948974609375,2911.28369140625,130.2493133544922,3
26.310466766357422,52.76439666748047,1374.9544677734375,1.7990694046020508,0.45904505252838135,0.7684341073036194,8.844457626342773,681.3023071289062,1106.67919921875,68.99385833740234,3
321.18597412109375,246.55003356933594,61792.3359375,0.7221918106079102,0.46510928869247437,0.7519927620887756,8.242358207702637,21416.142578125,28300.2109375,3018.19091796875,3
36.661865234375,80.13282012939453,2811.1474609375,1.6005232334136963,0.4343714416027069,0.6365060806274414,14.924873352050781,1432.6572265625,1828.02001953125,82.56670379638672,3
76.69131469726562,53.13897705078125,4737.119140625,0.5710229277610779,0.445283442735672,0.7404236793518066,7.497191905975342,793.5614013671875,1895.271728515625,225.9649200439453,3
67.33551025390625,72.26940155029297,4998.38818359375,0.7580475807189941,0.6416148543357849,0.9384890198707581,10.44209098815918,2642.83740234375,3856.474853515625,347.1158447265625,3
39.747886657714844,30.415584564208984,1067.65625,0.6550855040550232,0.42083343863487244,0.5847459435462952,5.258296966552734,395.19488525390625,660.5780029296875,84.96099853515625,3
72.75180053710938,41.19186019897461,4455.80126953125,0.5142495036125183,0.5692610740661621,0.970535933971405,32.38098907470703,2020.930908203125,3187.52490234375,86.14781951904297,3
213.5373992919922,123.83335876464844,11545.05859375,0.8142943382263184,0.812650203704834,0.823642373085022,47.59908676147461,11281.3623046875,7780.4072265625,251.93408203125,3
70.60906219482422,62.115516662597656,4580.42529296875,0.8152233958244324,0.8638675808906555,0.8730063438415527,54.5159912109375,1403.598876953125,2162.995849609375,58.40422439575195,3
38.33869171142578,132.2527313232422,3093.185791015625,2.8775084018707275,0.5453740954399109,0.8094842433929443,7.118873119354248,1587.9954833984375,2416.052001953125,306.4819641113281,3
212.37173461914062,95.8175277709961,13138.1083984375,0.837788462638855,0.599277913570404,0.580498456954956,45.91794967651367,25834.443359375,34699.7734375,267.309326171875,3
66.74663543701172,51.811309814453125,6115.25390625,1.0526789426803589,0.4586982727050781,0.7734872102737427,27.38233184814453,4422.37255859375,4585.18115234375,81.14952087402344,3
31.189115524291992,47.70674514770508,2177.10107421875,1.3613519668579102,0.6903648376464844,1.0,19.172903060913086,805.5427856445312,1516.7708740234375,59.478843688964844,3
181.89276123046875,207.72181701660156,26310.62109375,1.4815586805343628,0.6696650385856628,0.7567687630653381,24.749719619750977,16669.74609375,16065.013671875,496.9830322265625,3
64.11102294921875,38.02543640136719,2747.802001953125,0.8367260694503784,0.4626574218273163,0.673731803894043,7.801682949066162,798.8118286132812,1420.7529296875,124.62769317626953,3
99.21710968017578,92.46063995361328,7083.45458984375,0.9815434813499451,0.3262207806110382,0.5667462348937988,2.8827733993530273,1354.023681640625,3480.009521484375,616.5136108398438,3
73.7348403930664,196.73707580566406,5931.08447265625,1.7588762044906616,0.6226593255996704,0.8491948246955872,31.12745475769043,2965.51953125,4488.5986328125,249.9813232421875,3
302.4604187011719,246.3078155517578,18594.021484375,1.3759973049163818,0.3509536683559418,0.4903843104839325,9.601033210754395,12393.4375,16243.4677734375,602.1976318359375,3
77.98875427246094,259.78271484375,12107.716796875,2.2551300525665283,0.33877214789390564,0.4270046651363373,12.908905029296875,19702.42578125,23226.681640625,531.4837036132812,3
44.45277786254883,68.02771759033203,2678.94970703125,1.5837868452072144,0.37547895312309265,0.7705156207084656,7.026325702667236,917.5504150390625,2107.9931640625,174.3119659423828,3
223.30850219726562,395.6552734375,114493.4453125,2.0,0.49785494804382324,0.6218129992485046,131.6795654296875,32876.15625,45988.69921875,573.8536987304688,3
390.95452880859375,100.41300201416016,72406.4921875,0.24094344675540924,0.9597601294517517,0.8752177953720093,52.412864685058594,23407.740234375,23791.564453125,330.4087829589844,3
420.6517639160156,195.4271240234375,118595.5859375,0.5536695718765259,0.5830188989639282,0.9063570499420166,9.863368034362793,26683.298828125,39808.6875,2242.518798828125,3
505.83404541015625,531.69873046875,134423.484375,0.9848277568817139,0.46667125821113586,0.6947572231292725,20.419143676757812,32429.51953125,42960.54296875,3159.4052734375,3
55.68803405761719,65.84580993652344,5208.0458984375,1.2559400796890259,0.4076152741909027,0.6308568716049194,18.55644989013672,1628.8101806640625,3069.225830078125,99.82630157470703,3
36.747474670410156,151.32362365722656,4737.5810546875,2.7503304481506348,0.6017915606498718,0.7834970355033875,26.08448600769043,2571.540771484375,3816.527099609375,153.37918090820312,3
39.75630187988281,102.68482971191406,2417.04248046875,2.1911792755126953,0.5959754586219788,0.9165855050086975,8.639886856079102,1732.4718017578125,2669.585205078125,143.29722595214844,3
485.707763671875,214.48089599609375,74516.53125,0.6587889790534973,0.42269420623779297,0.6163952350616455,11.970273971557617,11228.90625,6063.5703125,580.2568359375,3
251.2582550048828,271.2673034667969,66743.1640625,1.221980333328247,0.7798619866371155,0.8594476580619812,23.06006622314453,31466.6640625,41858.43359375,2181.779296875,3
180.55291748046875,68.34700012207031,5819.86572265625,0.8324419260025024,0.45172014832496643,0.40182414650917053,455.16290283203125,4380.9169921875,3413.573974609375,12.0,3
45.85920715332031,87.0904541015625,2460.49560546875,1.8147025108337402,0.3476164937019348,0.6572305560112,2.0010244846343994,947.5504150390625,2135.611328125,464.8604736328125,3
493.0401306152344,336.0528564453125,127752.8671875,1.0340337753295898,0.5067154765129089,0.7746528387069702,8.251826286315918,32746.982421875,45948.7734375,3211.8671875,3
139.77001953125,100.4062728881836,5980.28076171875,0.9008585214614868,0.3425845801830292,0.507224977016449,6.873581409454346,2147.773193359375,3409.281494140625,353.2432861328125,3
59.90471649169922,43.69051742553711,4197.7080078125,0.8042066693305969,0.4937456548213959,0.7192521691322327,9.773293495178223,1254.4180908203125,2229.84326171875,156.7557373046875,3
275.2524719238281,346.40887451171875,117135.4921875,2.0937020778656006,0.7668958902359009,0.9596201777458191,27.31001853942871,29732.69921875,41994.96484375,2680.145751953125,3
70.17273712158203,47.57152557373047,2706.93408203125,0.6853316426277161,0.44368329644203186,0.6619011163711548,7.947742938995361,908.1990356445312,1800.8294677734375,126.16936492919922,3
414.3891906738281,548.4722900390625,141561.609375,3.2846434116363525,0.41407573223114014,0.7404477000236511,13.39250659942627,33011.10546875,46124.296875,3212.0,3
58.80435562133789,89.49585723876953,5173.20361328125,1.1703041791915894,0.39220505952835083,0.7316456437110901,2.7363202571868896,5326.43798828125,6999.9892578125,603.1369018554688,3
406.2666015625,548.6168212890625,115590.65625,2.81203031539917,0.33729758858680725,0.34022849798202515,29.236440658569336,32515.35546875,45600.74609375,1127.2982177734375,3
67.2978515625,95.97102355957031,5015.30078125,1.316016435623169,0.38465946912765503,0.40558338165283203,45.330806732177734,1799.728271484375,2165.201904296875,34.78540802001953,3
46.53303527832031,79.5609359741211,3316.2490234375,1.2942076921463013,0.5872620344161987,0.7512133717536926,15.519904136657715,1879.1507568359375,2272.943115234375,139.50152587890625,3
64.65502166748047,45.19561004638672,4855.5390625,0.8010084629058838,0.37965908646583557,0.2678065598011017,37.30495834350586,1659.7696533203125,1945.7127685546875,26.128530502319336,3
57.43088912963867,80.71373748779297,2612.111572265625,1.3184260129928589,0.48904556035995483,0.619530200958252,7.780403137207031,881.427978515625,1644.7147216796875,126.6889877319336,3
325.7179870605469,539.6863403320312,118090.8125,2.6210567951202393,0.5457842946052551,0.6729069948196411,71.4277114868164,32255.17578125,44979.0859375,627.7100830078125,3
41.250186920166016,45.081153869628906,2012.34716796875,1.0791618824005127,0.6015322208404541,0.8459948897361755,12.00875473022461,698.593994140625,1134.965576171875,84.78707885742188,3
73.31297302246094,285.25537109375,11016.5791015625,2.57641863822937,0.43164342641830444,0.7202274799346924,13.55583381652832,25445.34375,38955.21875,534.5411987304688,3
96.4648208618164,89.06600952148438,4288.3427734375,0.7774322032928467,0.5598287582397461,0.690196692943573,10.434455871582031,944.3706665039062,1610.90087890625,142.1785888671875,3
38.714378356933594,19.0,715.7872924804688,0.6588266491889954,0.5366042852401733,0.7436540722846985,8.294482231140137,325.9293212890625,489.70526123046875,34.05259704589844,3
39.36172103881836,44.81489181518555,1584.1593017578125,0.8277335166931152,0.9305548071861267,0.7554475665092468,32.422943115234375,693.4389038085938,846.4088134765625,37.767333984375,3
74.1104965209961,193.07376098632812,10052.966796875,1.4969686269760132,0.46157899498939514,0.6991972923278809,8.239483833312988,5611.99560546875,6347.97705078125,639.409423828125,3
60.52399444580078,107.2375717163086,4553.96142578125,1.24403715133667,0.28704482316970825,0.6247252821922302,2.445543050765991,590.60400390625,1399.0113525390625,290.59356689453125,3
404.50396728515625,39.928016662597656,5553.35107421875,0.08967126160860062,0.4523661732673645,0.7130336165428162,7.821079254150391,1557.02001953125,2761.7900390625,351.9257507324219,3
75.61506652832031,149.060302734375,8344.041015625,1.515980839729309,0.6220678091049194,0.716282844543457,74.5916976928711,5299.48291015625,5892.607421875,71.98114776611328,3
60.34148025512695,38.29498291015625,2271.272216796875,0.8301907777786255,0.391847163438797,0.5633898377418518,9.718583106994629,701.9363403320312,1059.8974609375,57.095428466796875,3
100.92459106445312,71.34630584716797,6399.28466796875,0.626933753490448,0.9323370456695557,0.8583899736404419,43.0385627746582,2281.379638671875,3349.7724609375,179.45277404785156,3
34.78302764892578,19.280702590942383,980.3587036132812,0.6166173219680786,0.42315393686294556,0.809559166431427,2.3353426456451416,323.2820129394531,763.6270751953125,163.42807006835938,3
58.830596923828125,41.57817840576172,1743.5606689453125,0.7825697064399719,0.43516042828559875,0.5090893507003784,24.384986877441406,528.095458984375,668.0299072265625,27.762805938720703,3
20.763442993164062,70.67950439453125,1358.7003173828125,2.5337486267089844,0.5962293148040771,0.8620893955230713,5.037961006164551,712.6339111328125,1129.0162353515625,151.00518798828125,3
225.9445037841797,140.719970703125,10947.5029296875,1.3628277778625488,0.35536324977874756,0.2347315400838852,18.181699752807617,2894.84228515625,4234.8779296875,235.46925354003906,3
40.85121154785156,216.2469024658203,6109.888671875,3.653611660003662,0.5280813574790955,0.8615850806236267,9.807740211486816,4170.18212890625,7098.44580078125,375.8899841308594,3
60.76298522949219,46.46431350708008,4541.6728515625,0.7539147138595581,0.4580523371696472,0.6524927616119385,6.020719528198242,1235.6402587890625,1996.0277099609375,281.2085876464844,3
40.89976501464844,99.20281982421875,2913.5751953125,2.3984122276306152,0.4276356101036072,0.48035603761672974,10.148824691772461,1857.0003662109375,2225.3681640625,155.5061798095703,3
43.7169075012207,101.77530670166016,4632.39892578125,1.8048561811447144,0.4397566318511963,0.5291802883148193,28.331077575683594,2150.765869140625,3103.699462890625,60.934356689453125,3
382.7755432128906,276.83050537109375,109913.703125,0.7417534589767456,0.8534367084503174,1.0,16.096981048583984,31967.76953125,44924.24609375,3190.37841796875,3
304.95880126953125,503.6805725097656,100532.484375,2.0045101642608643,0.46525290608406067,0.48667532205581665,54.611976623535156,32433.90625,45515.79296875,615.8609619140625,3
477.5843505859375,90.61459350585938,45358.81640625,0.03940046578645706,0.9002549052238464,0.868631899356842,37.65181350708008,20659.845703125,18767.984375,411.1595458984375,3
31.276891708374023,19.0,769.3475341796875,0.7507181763648987,0.4191053509712219,0.6133600473403931,5.428724765777588,342.4607238769531,630.8785400390625,40.761871337890625,3
36.0855598449707,40.72042465209961,1470.19140625,1.0,0.42808544635772705,0.6799694299697876,7.906498908996582,697.7426147460938,1116.7396240234375,77.50867462158203,3
64.76351928710938,60.70627212524414,4413.04248046875,1.1174676418304443,0.44530367851257324,0.5006944537162781,19.521671295166016,1541.6788330078125,1722.8125,104.6405258178711,3
36.86404037475586,82.21054077148438,2656.42626953125,2.245420455932617,0.33802616596221924,0.6474196314811707,5.912585735321045,766.8355712890625,1644.758544921875,108.84860229492188,3
758.408447265625,29.749614715576172,118799.8203125,0.007757763843983412,0.5730533003807068,0.6771928071975708,34.11677169799805,25466.91796875,32883.8671875,535.409423828125,3
59.5514030456543,140.96322631835938,5218.21044921875,1.8715765476226807,0.43966108560562134,0.5631001591682434,13.756003379821777,2653.1787109375,3430.0810546875,330.3052978515625,3
24.263578414916992,122.84648132324219,2739.220947265625,4.533033847808838,0.4676223695278168,0.7938006520271301,7.086920261383057,2094.051513671875,2977.847412109375,208.67127990722656,3
62.181922912597656,332.8853454589844,12127.970703125,4.004599571228027,0.5059987902641296,0.7606488466262817,10.624048233032227,30005.66796875,42004.7109375,2039.989501953125,3
118.97467803955078,321.339111328125,24705.83984375,1.8911924362182617,0.3704266846179962,0.20344088971614838,364.6877746582031,5501.7197265625,6071.8759765625,34.44760513305664,3
80.24742126464844,129.15292358398438,6631.5908203125,1.2582181692123413,0.5204982161521912,0.49710193276405334,62.488521575927734,4909.98681640625,4319.5732421875,114.2950668334961,3
222.89088439941406,509.81219482421875,11928.9541015625,1.9909056425094604,0.43167608976364136,0.6035016179084778,26.798816680908203,25616.791015625,29653.537109375,487.2642517089844,3
37.635765075683594,35.46614456176758,1111.50634765625,0.9451239705085754,0.6123632192611694,0.8770456910133362,5.9702467918396,653.1101684570312,1159.691162109375,143.82235717773438,3
56.797889709472656,35.91801834106445,1291.214111328125,0.658678412437439,0.37870270013809204,0.5865705013275146,5.507091045379639,540.276611328125,817.2139892578125,63.27242660522461,3
521.6229858398438,91.78965759277344,118767.890625,0.03788468614220619,0.341470867395401,0.37801697850227356,24.431415557861328,17713.6796875,15466.8310546875,278.9154357910156,3
74.61771392822266,22.0,2899.8671875,0.4064430892467499,0.4574752748012543,0.638434648513794,8.186873435974121,787.5186157226562,1396.5606689453125,110.03972625732422,3
216.84393310546875,515.6957397460938,114374.5625,2.594383478164673,0.42718374729156494,0.6668689846992493,10.224529266357422,29995.314453125,41066.0,3180.679931640625,3
43.467838287353516,77.7000732421875,2721.38525390625,1.5557317733764648,0.3020070493221283,0.26202547550201416,15.22412109375,616.8798217773438,911.7145385742188,52.606868743896484,3
74.9216079711914,85.52765655517578,5891.5615234375,0.7539705634117126,0.3628462255001068,0.4722544252872467,7.147117614746094,2011.0020751953125,3228.274169921875,378.0607604980469,3
65.21755981445312,74.93196105957031,5164.5888671875,0.8945351243019104,0.9747278690338135,0.928176999092102,57.719486236572266,3464.265625,3813.523681640625,112.26286315917969,3
294.5067443847656,164.12905883789062,12392.626953125,0.7609013915061951,0.40711072087287903,0.7108905911445618,4.481387138366699,5525.4404296875,11073.021484375,2677.53076171875,3
45.64023208618164,539.3517456054688,8739.08984375,5.827851295471191,0.32143527269363403,0.6382520198822021,3.0446105003356934,25665.470703125,40479.33984375,2691.498046875,3
52.513023376464844,98.57392120361328,4052.98193359375,1.7700974941253662,0.34198638796806335,0.7796258926391602,2.8969995975494385,1184.2122802734375,3264.365966796875,401.8605651855469,3
346.2619934082031,265.7793884277344,102479.0625,1.1543482542037964,0.5975279808044434,0.5471808910369873,499.8506164550781,32658.705078125,45453.9921875,31.970680236816406,3
46.4611930847168,85.47843170166016,3618.941162109375,1.5574650764465332,0.3788726329803467,0.41972047090530396,13.561774253845215,2519.620849609375,3212.40087890625,78.94140625,3
63.744773864746094,128.9544677734375,3004.71923828125,1.0497212409973145,0.5232750177383423,0.6931643486022949,30.06159019470215,1882.0521240234375,2103.110595703125,67.31278228759766,3
335.7159423828125,41.3970832824707,6566.5634765625,0.15785916149616241,0.4315202832221985,0.5636606216430664,19.211151123046875,2863.355224609375,3772.71826171875,180.09881591796875,3
234.7273406982422,405.7237854003906,105799.65625,2.249357223510742,0.4528389871120453,0.650179922580719,15.003284454345703,29814.873046875,43505.08984375,2412.43310546875,3
27.364046096801758,59.87464904785156,1861.3487548828125,1.5245996713638306,0.5761454701423645,0.7689830660820007,8.540968894958496,790.1162719726562,1108.599609375,106.63042449951172,3
77.55274200439453,119.32136535644531,5773.0087890625,1.0954076051712036,0.3773343563079834,0.6684887409210205,3.0998244285583496,2917.020263671875,3775.3466796875,600.381103515625,3
247.48114013671875,400.6335754394531,7031.0078125,1.2451415061950684,0.38245534896850586,0.49044370651245117,7.005126476287842,4575.8193359375,4095.07421875,459.5560302734375,3
33.92921829223633,33.88089370727539,1171.0321044921875,1.1530650854110718,0.4736121594905853,0.7845919728279114,5.522134780883789,489.1206970214844,931.6856689453125,79.6025390625,3
44.89107894897461,259.146484375,5079.943359375,4.145158767700195,0.3951632082462311,0.6188007593154907,8.952122688293457,4269.90185546875,5184.306640625,325.40570068359375,3
77.81654357910156,411.09930419921875,30753.294921875,2.3577356338500977,0.3747929632663727,0.7678337693214417,8.409747123718262,31949.8984375,44449.8203125,2785.85791015625,3
54.201515197753906,62.196998596191406,2579.43408203125,1.1520792245864868,0.5620061755180359,0.6688892245292664,30.679275512695312,1190.33544921875,1956.300537109375,42.57595443725586,3
74.88238525390625,155.7290496826172,8162.3056640625,0.8861984014511108,0.4269377589225769,0.668694794178009,4.12385368347168,24101.08984375,32328.14453125,1975.4097900390625,3
438.5663757324219,540.6724243164062,127924.7109375,3.145730972290039,0.36149269342422485,0.28955936431884766,62.687191009521484,31271.9453125,44255.609375,503.5968017578125,3
68.37559509277344,161.20167541503906,5686.005859375,1.817359447479248,0.627731442451477,0.6556817293167114,40.961708068847656,2519.114990234375,3003.953857421875,110.15719604492188,3
360.3358459472656,117.47245788574219,12311.3359375,0.6962980628013611,0.4619341790676117,0.88350510597229,4.891756057739258,16277.5419921875,31229.564453125,2439.647705078125,3
72.20401000976562,348.8912658691406,8221.1982421875,3.1638598442077637,0.40004631876945496,0.3803026080131531,30.13360595703125,5525.21923828125,6133.52880859375,153.8859100341797,3
156.69021606445312,114.86727142333984,88011.78125,0.6405276656150818,1.0,1.0,44.99367141723633,23157.537109375,26885.107421875,598.1240844726562,3
72.34902954101562,105.16343688964844,5664.1875,0.9857198596000671,0.46232202649116516,0.6263667345046997,22.48959732055664,2173.3515625,3909.06494140625,151.7932586669922,3
53.961402893066406,310.88720703125,19058.529296875,3.7945401668548584,0.7980119585990906,0.9053553342819214,57.79167938232422,25085.08984375,37670.67578125,394.9208068847656,3
104.7604751586914,266.6227111816406,50501.8515625,1.9203474521636963,0.5048075318336487,0.8050417304039001,9.496615409851074,13127.609375,6924.00341796875,662.262451171875,3
86.52632141113281,189.2218780517578,11690.3740234375,1.2668544054031372,0.7419964075088501,0.8008726835250854,39.31306457519531,25804.673828125,35710.75,312.1167297363281,3
55.83818817138672,140.25515747070312,5042.01416015625,2.1923041343688965,0.42391830682754517,0.45011165738105774,29.57525062561035,3793.1845703125,3703.98583984375,66.78812408447266,3
275.03216552734375,310.9458923339844,77273.15625,1.0517247915267944,0.5024504065513611,0.7318119406700134,13.31040096282959,24006.125,33661.01953125,2042.7691650390625,3
56.39916229248047,122.82048797607422,4891.7744140625,2.134934902191162,0.3763197958469391,0.2689083516597748,36.440711975097656,1843.86572265625,2031.489013671875,51.885074615478516,3
388.9177551269531,128.91220092773438,59366.95703125,0.848423957824707,0.7075498104095459,0.8481890559196472,26.5468807220459,5323.10302734375,5300.3134765625,443.06256103515625,3
411.071044921875,534.1078491210938,131246.65625,2.9583892822265625,0.30194908380508423,0.41106900572776794,11.725897789001465,32784.58984375,45722.1328125,3182.9453125,3
136.30137634277344,78.97464752197266,9574.876953125,0.5714100003242493,0.5887317061424255,0.845019519329071,21.515039443969727,4940.33056640625,7242.455078125,282.59197998046875,3
114.46569061279297,61.89643478393555,5214.7392578125,0.40734729170799255,0.5257379412651062,0.5985794067382812,11.189034461975098,2066.539306640625,3227.7119140625,334.99908447265625,3
69.89231872558594,149.7213134765625,5338.57763671875,1.553635835647583,0.401168555021286,0.44962984323501587,17.461090087890625,2811.1806640625,3528.25390625,152.45028686523438,3
66.62120056152344,304.0047302246094,11418.3857421875,2.3773281574249268,0.38589221239089966,0.7585934996604919,10.112250328063965,31067.849609375,44676.85546875,626.7094116210938,3
54.23632049560547,529.0729370117188,10132.591796875,6.949258327484131,0.415427029132843,0.6341760754585266,11.284894943237305,4201.86572265625,4804.80859375,594.5929565429688,3
338.1048583984375,82.69676208496094,6995.59423828125,0.7333827018737793,0.739837110042572,0.6974099278450012,63.03771209716797,2798.678466796875,3579.424560546875,123.57362365722656,3
572.544921875,454.5289306640625,133170.375,0.9588271379470825,0.34838831424713135,0.5174605250358582,7.071061611175537,32739.294921875,44093.70703125,3211.234375,3
76.97940826416016,227.02435302734375,49205.2421875,1.2870492935180664,0.4481619894504547,0.7320697903633118,16.059547424316406,4361.79150390625,6793.64306640625,432.0335693359375,3
68.89143371582031,90.62901306152344,2816.667236328125,1.041156530380249,0.4612428545951843,0.663088321685791,10.915914535522461,1669.5677490234375,2080.32080078125,113.6878662109375,3
22.15835189819336,15.56153678894043,354.6396484375,0.723292350769043,0.46909764409065247,0.6994301080703735,18.541303634643555,159.33407592773438,275.44921875,6.071544170379639,3
62.359764099121094,189.08615112304688,6003.9228515625,2.3001105785369873,0.4452417492866516,0.6037600636482239,17.718698501586914,7318.41015625,13021.9560546875,211.5114288330078,3
40.18868637084961,95.10334014892578,3097.23876953125,2.1110408306121826,0.42770785093307495,0.5598464608192444,16.204206466674805,1301.8719482421875,2472.039306640625,86.25096893310547,3
175.98898315429688,48.87994384765625,5770.09423828125,0.34660008549690247,0.4001083970069885,0.5991572737693787,7.803525447845459,1679.5694580078125,2646.85009765625,370.7950134277344,3
67.85850524902344,143.38668823242188,5826.48876953125,2.0,0.3987368643283844,0.573451042175293,13.508232116699219,2319.0,3643.928955078125,253.61289978027344,3
418.50140380859375,247.7797088623047,87978.109375,1.261940360069275,0.30755415558815,0.4094688892364502,31.505338668823242,18219.3984375,18077.10546875,392.9343566894531,3
133.82260131835938,97.2054672241211,7155.14013671875,0.5035540461540222,0.4814753234386444,0.7191921472549438,7.1872944831848145,2659.337890625,4397.78662109375,486.2247314453125,3
67.07464599609375,80.17666625976562,3952.693603515625,0.9363920092582703,0.49605244398117065,0.5332359671592712,51.62128829956055,862.3862915039062,1347.6453857421875,28.408437728881836,3
28.84583854675293,34.564178466796875,998.7885131835938,1.0619441270828247,0.4395805895328522,0.5845003724098206,8.148070335388184,290.8462219238281,489.9949035644531,53.136165618896484,3
39.4171142578125,28.117103576660156,596.3280639648438,0.6493722200393677,0.5308924913406372,0.9398798942565918,4.650547027587891,289.9903869628906,531.2514038085938,69.15095520019531,3
53.889644622802734,347.78387451171875,10477.7255859375,4.974690914154053,0.46172937750816345,0.7574087381362915,11.284961700439453,22644.08203125,40126.50390625,543.8247680664062,3
40.240150451660156,60.069541931152344,1862.61376953125,1.6545023918151855,0.3916710913181305,0.5184430480003357,37.32515335083008,845.5330200195312,1141.4537353515625,23.121536254882812,3
30.772628784179688,22.0,1089.2906494140625,0.8503595590591431,0.8684505224227905,1.0,9.259733200073242,532.9364013671875,785.109375,56.28713607788086,3
23.40451431274414,102.19869232177734,1999.1273193359375,4.026050090789795,0.35786089301109314,0.8155040144920349,1.8513662815093994,737.6251220703125,2039.8916015625,352.869873046875,3
151.15846252441406,268.6534423828125,66386.984375,1.2615165710449219,0.5700728893280029,0.9901683926582336,20.3028621673584,26113.013671875,35793.54296875,1766.555419921875,3
57.51836013793945,74.48186492919922,3033.863037109375,1.107005000114441,0.5532366633415222,0.7575792670249939,6.5559916496276855,1286.8897705078125,2151.706298828125,214.06594848632812,3
44.61638641357422,70.52066802978516,4034.376220703125,1.4886921644210815,0.7203367948532104,0.7598876357078552,23.597965240478516,1230.5316162109375,2150.924072265625,81.49613189697266,3
428.60125732421875,205.63653564453125,83304.6875,0.7611830830574036,0.43122419714927673,0.49706315994262695,26.242603302001953,30562.826171875,42323.6171875,508.7084655761719,3
58.521507263183594,17.0,936.6617431640625,0.3053410053253174,0.4116639792919159,0.557292640209198,8.423562049865723,252.5862579345703,431.2730712890625,31.685659408569336,3
182.4779052734375,137.95367431640625,10246.1650390625,0.7824375629425049,0.4705813527107239,0.7497566938400269,7.356381416320801,4151.11474609375,5632.0126953125,1147.5504150390625,3
47.005043029785156,33.77822494506836,1251.4471435546875,0.9335392713546753,0.4921685457229614,0.5883821845054626,22.590057373046875,519.1585083007812,698.6257934570312,24.77627944946289,3
42.18186569213867,107.19847869873047,2676.296630859375,2.4349446296691895,0.48271656036376953,0.6317889094352722,11.302948951721191,2099.74609375,3149.792724609375,110.0301284790039,3
47.85908508300781,60.58185577392578,2802.8388671875,1.1241965293884277,0.4662174582481384,0.6411857604980469,26.474842071533203,970.010498046875,1601.7197265625,55.02082824707031,3
549.203857421875,260.09661865234375,118783.7890625,0.5574206113815308,0.5365790724754333,0.5826691389083862,274.3447265625,32996.5859375,46040.83984375,584.696044921875,3
70.6668701171875,115.48182678222656,7566.208984375,0.6519754528999329,0.9969384074211121,1.0,51.179954528808594,4297.369140625,4592.826171875,205.8579864501953,3
75.49281311035156,257.3797302246094,9957.69921875,1.3557828664779663,0.5366259813308716,0.659298837184906,25.035778045654297,2066.9638671875,3396.272705078125,213.0779266357422,3
59.51289367675781,19.890438079833984,1722.26708984375,0.5231940746307373,0.6551387310028076,0.8028828501701355,8.553741455078125,862.6375732421875,1283.0101318359375,90.74259185791016,3
199.69384765625,272.40740966796875,88010.7734375,1.2500762939453125,0.43902587890625,0.6174265742301941,12.623337745666504,31003.341796875,43084.1640625,1211.04345703125,3
286.921142578125,453.62347412109375,95675.328125,2.390983819961548,0.4066266715526581,0.47776952385902405,63.03757095336914,15871.2158203125,12062.728515625,337.3987731933594,3
169.60049438476562,207.896240234375,16995.6953125,1.1728770732879639,0.8419936299324036,1.0,14.171602249145508,24556.298828125,36382.21484375,2497.562255859375,3
39.15420913696289,33.6648063659668,1143.484130859375,0.7635976076126099,0.39121508598327637,0.5173717737197876,15.310662269592285,416.48565673828125,733.2920532226562,24.814529418945312,3
609.1278686523438,545.2228393554688,143797.25,0.7399561405181885,0.5741370916366577,1.0,14.624621391296387,33002.34765625,46020.60546875,3212.0,3
71.50548553466797,96.23809814453125,5766.97314453125,1.3193721771240234,0.7901806831359863,0.8925102353096008,14.106027603149414,4228.12353515625,4469.22509765625,409.9620056152344,3
61.147972106933594,127.18899536132812,5555.69580078125,1.7995061874389648,0.432513028383255,0.5611310005187988,19.547109603881836,2099.509033203125,3356.06640625,120.35205078125,3
225.1282958984375,141.26348876953125,51774.20703125,0.9882209300994873,0.463286429643631,0.8555657863616943,18.931596755981445,4998.48388671875,7556.7373046875,434.85052490234375,3
38.46064758300781,155.11572265625,4230.0673828125,3.1346707344055176,0.5970651507377625,0.6644605398178101,13.439080238342285,6477.36083984375,4568.7587890625,235.8944549560547,3
94.21979522705078,400.69769287109375,35247.1640625,3.292572259902954,0.34643125534057617,0.4023508131504059,71.32833862304688,30794.8671875,41324.08203125,91.02299499511719,3
493.2301025390625,515.4649047851562,134246.3125,2.0,0.34519433975219727,0.6772271394729614,58.468902587890625,32593.62109375,45710.1953125,634.1293334960938,3
64.35166931152344,63.19517135620117,3016.225341796875,1.0,0.5675442218780518,0.6595509648323059,13.277436256408691,1999.5576171875,2902.13623046875,96.9356918334961,3
41.6080207824707,251.76072692871094,4749.03125,3.6178526878356934,0.5624373555183411,0.733059823513031,16.541841506958008,3111.876708984375,3891.610595703125,228.41064453125,3
38.07377624511719,33.1380500793457,1059.7431640625,0.8201513290405273,0.6160849332809448,0.8006150126457214,8.120179176330566,460.4495849609375,708.1797485351562,63.66962432861328,3
32.659507751464844,18.0,671.8905029296875,0.6482892036437988,0.502174973487854,0.7334861755371094,3.9444422721862793,267.96307373046875,519.130615234375,71.1850357055664,3
37.690914154052734,57.17512130737305,2437.504638671875,0.7962426543235779,0.4655020534992218,0.7070392370223999,14.432547569274902,777.0156860351562,1348.962158203125,52.56086730957031,3
68.80835723876953,268.01580810546875,6337.96240234375,2.8625216484069824,0.3260917663574219,0.545874834060669,27.878541946411133,2217.8896484375,3211.41455078125,81.56358337402344,3
102.42440795898438,282.53070068359375,8066.79052734375,1.4518388509750366,0.4857521653175354,0.761547327041626,10.852980613708496,4258.6552734375,4739.23046875,410.5850524902344,3
68.51201629638672,100.1731185913086,4873.4951171875,0.8163843750953674,0.7997501492500305,0.880198061466217,33.51294708251953,1984.7791748046875,3197.631103515625,98.12012481689453,3
56.410499572753906,96.78206634521484,9421.033203125,1.419716477394104,1.0,1.0,417.9719543457031,21240.08203125,6934.69677734375,82.02741241455078,3
421.1624450683594,224.01377868652344,119686.5546875,0.7526048421859741,0.3510330617427826,0.5934105515480042,293.5289306640625,30104.365234375,42984.41796875,134.6495819091797,3
39.888607025146484,47.11238479614258,2120.62890625,0.8561030626296997,0.26129069924354553,0.6013181805610657,1.3877615928649902,394.9582824707031,1160.05712890625,338.8104553222656,3
656.1279907226562,498.0787048339844,143115.609375,0.8858925104141235,0.36883485317230225,0.5733312368392944,46.68327713012695,32953.7109375,45742.2578125,3168.7958984375,3
156.55117797851562,105.6628646850586,7313.19287109375,0.8338585495948792,0.3774491250514984,0.9288290143013,4.683676719665527,2202.302734375,4645.611328125,534.6583251953125,3
41.622013092041016,162.68417358398438,5064.87060546875,2.751267671585083,0.3610644042491913,0.6317200064659119,4.620157241821289,1987.879638671875,3570.048583984375,432.7501220703125,3
38.81275177001953,20.0,905.7083129882812,0.6935879588127136,0.5784937739372253,0.7004915475845337,30.99776840209961,484.11297607421875,636.9951171875,7.141330718994141,3
139.03485107421875,68.69042205810547,5319.2119140625,0.5062687397003174,0.43737271428108215,0.5332285165786743,14.340354919433594,1960.9759521484375,2736.271728515625,135.6068878173828,3
318.6159973144531,456.1355285644531,116675.484375,2.4415273666381836,0.40133875608444214,0.7471345663070679,11.01254653930664,29140.4140625,41794.15234375,3017.808837890625,3
125.59912109375,78.768798828125,6996.83984375,0.7436169385910034,0.4651179909706116,0.6157183647155762,18.4246826171875,3792.793701171875,6307.62939453125,178.54347229003906,3
273.85101318359375,307.5543518066406,111233.0546875,1.288095474243164,0.8976970911026001,0.8732162117958069,31.890501022338867,29276.59375,41842.13671875,531.8764038085938,3
378.3072509765625,408.3567810058594,129704.7734375,1.4953385591506958,0.23837333917617798,0.43534621596336365,7.930062770843506,30212.8359375,41994.609375,3077.315185546875,3
153.78350830078125,222.96878051757812,24759.646484375,1.3321894407272339,0.2913685739040375,0.49849221110343933,2.895601511001587,5498.486328125,7931.32470703125,1752.220458984375,3
61.23910903930664,176.57606506347656,9416.9365234375,2.0,0.5865517258644104,0.8164646029472351,16.861976623535156,25466.85546875,34567.4375,562.0891723632812,3
66.78133392333984,499.7809753417969,7282.0244140625,3.249389886856079,0.35511645674705505,0.530682384967804,3.861830949783325,22570.146484375,26276.90234375,2913.379638671875,3
242.30117797851562,256.8161315917969,92797.875,1.4990144968032837,0.3706028163433075,0.11154228448867798,413.3817443847656,29789.115234375,36871.02734375,42.755435943603516,3
76.66851043701172,310.2976379394531,77532.21875,2.318619966506958,0.5355754494667053,0.8936008214950562,33.70236587524414,27331.828125,36661.171875,516.0927734375,3
158.14718627929688,301.63092041015625,10061.0322265625,0.885227620601654,0.4222990870475769,0.42990684509277344,18.036771774291992,16860.94140625,13395.18359375,257.8698425292969,3
24.134368896484375,39.93071746826172,950.1705932617188,1.631702184677124,0.5555130839347839,0.6865820288658142,7.8461222648620605,533.46630859375,820.2586669921875,62.421051025390625,3
195.02586364746094,156.49868774414062,7214.9072265625,0.8706092238426208,0.45497819781303406,0.570819616317749,39.22111511230469,15112.38671875,12380.294921875,194.0248565673828,3
24.330961227416992,17.637453079223633,607.44189453125,0.6022854447364807,1.0,1.0,28.257030487060547,447.5746154785156,532.4824829101562,18.954574584960938,3
62.34733963012695,87.29447937011719,3682.6640625,1.0,0.3614078164100647,0.6715572476387024,2.6690473556518555,683.7208862304688,1344.9161376953125,250.281005859375,3
196.27122497558594,88.749267578125,10401.5751953125,0.6822077035903931,0.45965105295181274,0.6080395579338074,11.340936660766602,3759.909423828125,4283.74755859375,466.85394287109375,3
63.372928619384766,4.0,436.7933044433594,0.03231089934706688,1.0,1.0,25.403972625732422,296.59307861328125,416.2334899902344,5.590374946594238,3
465.8520202636719,544.1372680664062,137593.671875,2.5923843383789062,0.5654293894767761,0.8897927403450012,32.74476623535156,32991.54296875,46089.609375,3206.701416015625,3
59.087127685546875,62.273475646972656,4107.97265625,1.0,0.41262558102607727,0.524865984916687,44.720703125,1617.8521728515625,2011.6531982421875,33.354801177978516,3
34.9670524597168,20.208263397216797,618.58642578125,0.6620817184448242,0.35687896609306335,0.425642728805542,39.97359848022461,255.04644775390625,318.18316650390625,1.0,3
72.849853515625,361.3038330078125,12192.5654296875,2.3488144874572754,0.4477747678756714,0.7973269820213318,7.500239849090576,24615.03515625,25425.431640625,2661.869140625,3
24.025842666625977,27.779300689697266,410.6072692871094,1.0,0.36060023307800293,0.6114282011985779,9.0972261428833,152.5916748046875,299.8918762207031,16.003799438476562,3
85.26252746582031,124.9052505493164,10197.16796875,1.0,0.37834006547927856,0.5252477526664734,17.840484619140625,3091.93359375,4004.3798828125,250.93922424316406,3
75.38741302490234,262.9356384277344,10837.5576171875,1.2574656009674072,0.5486315488815308,0.8957984447479248,12.160593032836914,24770.13671875,40118.3359375,581.7335205078125,3
32.03913116455078,95.70055389404297,3052.18359375,2.3251302242279053,0.4660513997077942,0.6180180907249451,18.558971405029297,1564.84814453125,2276.292724609375,69.38593292236328,3
400.7940979003906,192.48631286621094,68932.421875,0.9092962145805359,0.41865435242652893,0.5806910991668701,30.959012985229492,29042.515625,39696.1953125,422.34307861328125,3
27.33950424194336,59.5748176574707,1619.48828125,1.966318130493164,0.46877098083496094,0.6334537267684937,17.0990047454834,711.2383422851562,868.2401123046875,43.4494514465332,3
441.6981506347656,118.91415405273438,84948.78125,0.7941914200782776,0.3193669617176056,0.22426070272922516,27.641990661621094,6685.1220703125,7160.05615234375,355.66522216796875,3
310.4244079589844,538.5864868164062,129695.3828125,3.207048177719116,0.31767380237579346,0.47043415904045105,42.4966926574707,23885.458984375,31012.849609375,501.86859130859375,3
71.86668395996094,170.91055297851562,6454.21240234375,1.747354507446289,0.3609505891799927,0.4409838318824768,17.386003494262695,1548.9176025390625,1871.6243896484375,146.5473175048828,3
71.27972412109375,42.24732971191406,4583.41748046875,0.7360526919364929,0.5017529726028442,0.4428900182247162,361.13177490234375,2830.8251953125,2374.57666015625,11.239418983459473,3
322.7357482910156,455.7264404296875,116334.09375,1.8796089887619019,0.41747546195983887,0.6884961724281311,12.368734359741211,29972.966796875,41935.828125,2577.107421875,3
590.923095703125,526.1443481445312,142656.0625,0.6270508170127869,0.29395416378974915,0.410101979970932,4.3950371742248535,32964.3828125,46011.015625,3212.0,3
43.91221618652344,98.32498168945312,3490.114990234375,1.4323101043701172,0.5700498819351196,0.7757626175880432,12.060624122619629,1754.1080322265625,2605.17431640625,194.21644592285156,3
373.9173278808594,354.1389465332031,109279.671875,1.4065853357315063,0.5318414568901062,0.7418358325958252,37.869606018066406,16277.0322265625,16429.025390625,628.4152221679688,3
27.111040115356445,87.26084899902344,2560.263427734375,2.3005197048187256,0.5364976525306702,0.7810378074645996,7.807520866394043,2097.199462890625,3183.160888671875,196.71897888183594,3
53.713478088378906,106.45970153808594,3106.405517578125,1.5388249158859253,0.368772953748703,0.5843664407730103,18.729984283447266,894.9151611328125,1605.5672607421875,60.41980743408203,3
441.40301513671875,542.9794921875,139196.203125,1.584714651107788,0.16380901634693146,0.28660470247268677,7.127477169036865,28156.78515625,29762.982421875,3158.05517578125,3
67.82106018066406,20.0,1625.93798828125,0.04118642956018448,0.5946694016456604,0.8324843645095825,9.364068031311035,505.38409423828125,848.0780029296875,62.8541259765625,3
35.914772033691406,39.95635223388672,1883.7899169921875,1.282885193824768,0.4131431579589844,0.5509090423583984,10.345197677612305,739.6387939453125,1046.246337890625,55.30998229980469,3
74.81733703613281,139.53819274902344,6605.44091796875,1.0,0.49523764848709106,0.8184447884559631,44.843536376953125,5675.55810546875,7065.5166015625,128.17822265625,3
36.500160217285156,55.11091995239258,2591.682373046875,1.2916491031646729,0.7019396424293518,0.8571935892105103,21.284833908081055,1190.408447265625,1712.8109130859375,66.92850494384766,3
39.37217330932617,37.24396514892578,1463.4886474609375,0.8475696444511414,0.5223406553268433,0.7328522801399231,11.193041801452637,564.6776733398438,845.1167602539062,60.56559753417969,3
66.43609619140625,136.3903045654297,5711.9990234375,1.779976487159729,0.6101758480072021,0.8489619493484497,23.537296295166016,11739.4111328125,8804.7841796875,214.06118774414062,3
47.537750244140625,58.80070495605469,4443.14892578125,0.7959197163581848,0.8636267781257629,0.9484142065048218,8.743764877319336,1348.6390380859375,1797.7557373046875,199.41610717773438,3
280.28143310546875,93.47987365722656,8877.9150390625,0.8728048205375671,0.9284608960151672,0.7349165081977844,31.098697662353516,4984.7451171875,4382.10693359375,366.794677734375,3
393.1755676269531,545.9594116210938,122663.7734375,3.724215269088745,0.2822141647338867,0.1812833845615387,11.509903907775879,29922.498046875,36256.5390625,2885.96630859375,3
39.414459228515625,416.2786560058594,5888.10693359375,6.5833563804626465,0.4618794918060303,0.6330511569976807,14.049141883850098,2899.209716796875,4025.133544921875,368.0832214355469,3
67.04997253417969,216.03302001953125,9041.857421875,2.280244827270508,0.48180273175239563,0.5850664973258972,64.67515563964844,14429.916015625,6403.45849609375,83.59706115722656,3
594.2696533203125,252.48504638671875,131848.703125,0.5455136299133301,0.4655478298664093,0.2701191008090973,514.9515991210938,32605.693359375,44570.77734375,109.70183563232422,3
133.77304077148438,121.4062271118164,8470.2041015625,1.1282826662063599,0.21461589634418488,0.1551719307899475,20.164287567138672,1549.891357421875,1736.7894287109375,44.01478958129883,3
65.98487091064453,31.620615005493164,2238.7373046875,0.7235807180404663,0.47345927357673645,0.7561577558517456,3.77266788482666,701.9810180664062,1360.3992919921875,179.7165069580078,3
259.0362854003906,13.591204643249512,2209.4140625,0.016090596094727516,0.8321539163589478,0.7736185193061829,31.83799171447754,729.8148803710938,1016.90576171875,37.675682067871094,3
563.6419067382812,513.98486328125,140867.265625,1.540613055229187,0.4783184230327606,0.7444912791252136,33.45075607299805,32891.3359375,45946.0546875,3210.244384765625,3
72.46855926513672,104.36914825439453,6132.220703125,1.007809042930603,0.6578803658485413,0.615170419216156,65.59114837646484,6410.93994140625,4241.48583984375,68.13957977294922,3
23.645185470581055,17.568782806396484,359.8387451171875,0.8320357799530029,0.5501875281333923,0.6603736281394958,54.699554443359375,180.6270294189453,258.40545654296875,1.0,3
45.21590042114258,32.11085891723633,2259.5419921875,0.5957423448562622,0.5602871179580688,0.826289176940918,10.979423522949219,779.73876953125,1301.3367919921875,103.01617431640625,3
158.83116149902344,81.2711181640625,7267.48583984375,0.7262676358222961,0.492005318403244,0.7390810251235962,20.62493133544922,5588.529296875,9649.8828125,258.51727294921875,3
43.41167068481445,71.92960357666016,3188.25732421875,1.516580581665039,0.398991197347641,0.5833192467689514,13.579434394836426,1413.546630859375,1920.380126953125,120.5132064819336,3
119.66265869140625,320.5823669433594,32188.61328125,1.596640944480896,0.439548522233963,0.555472195148468,10.393465042114258,5453.708984375,7120.29638671875,656.513427734375,3
296.5580139160156,227.61895751953125,97350.5546875,0.9496569037437439,0.5332952737808228,0.8136121034622192,16.56561851501465,31393.18359375,44506.5546875,1195.421875,3
239.6096954345703,137.91661071777344,8685.775390625,0.7589409947395325,0.547654926776886,0.8829420208930969,12.790894508361816,4201.76806640625,4936.55615234375,571.5950927734375,3
293.390380859375,496.4325866699219,124084.1328125,2.388028621673584,0.3194727897644043,0.3990635573863983,14.18897533416748,30634.75,40791.41015625,659.8538208007812,3
42.450252532958984,25.0,1602.5010986328125,0.6249712705612183,0.8858094811439514,0.7447105646133423,21.96471405029297,775.979736328125,917.5272216796875,42.979949951171875,3
698.2474365234375,458.4613952636719,142105.765625,0.7925467491149902,0.3696494698524475,0.7657909989356995,16.234785079956055,33014.12109375,46126.5390625,3211.702392578125,3
40.618011474609375,48.58867645263672,1823.041748046875,1.1639926433563232,0.463796466588974,0.6870599389076233,9.788723945617676,696.7828369140625,1250.345947265625,75.95292663574219,3
58.915435791015625,65.877685546875,4283.5263671875,1.1253917217254639,0.5721067190170288,0.7214080095291138,38.94183349609375,1513.302978515625,2005.162841796875,91.36772155761719,3
461.2504577636719,45.25825500488281,9476.650390625,0.08388902246952057,0.9141887426376343,0.7935836315155029,16.266292572021484,8387.00390625,5977.70263671875,550.9429931640625,3
669.1362915039062,546.2821044921875,143270.453125,1.1212656497955322,0.284322053194046,0.42076021432876587,64.53646087646484,33015.5078125,46128.73828125,3208.908447265625,3
74.40971374511719,21.923276901245117,2738.62451171875,0.6033055186271667,0.8306114077568054,0.8290342092514038,22.67570686340332,1189.935546875,1492.564453125,53.191749572753906,3
39.27193069458008,49.8524169921875,1879.2474365234375,1.521338939666748,0.6052093505859375,0.751758337020874,7.401736736297607,767.2930297851562,1184.461181640625,153.6018829345703,3
145.91078186035156,322.4698791503906,64188.75,1.373779535293579,0.5879513025283813,0.7788721323013306,20.564498901367188,30368.15625,39592.49609375,2504.48095703125,3
501.1624755859375,423.0295104980469,130907.53125,1.2256686687469482,0.9106782078742981,0.7701094150543213,73.46638488769531,30982.75,41714.98046875,2064.128173828125,3
152.49610900878906,184.65846252441406,12861.1455078125,1.327913761138916,0.3001135587692261,0.5108682513237,3.531416416168213,13652.7060546875,27654.79296875,2320.51220703125,3
71.96844482421875,151.25840759277344,7234.267578125,1.5400471687316895,0.5475332140922546,0.744037926197052,21.315135955810547,3933.194580078125,3887.023193359375,241.1429901123047,3
74.75198364257812,229.1295623779297,5768.24951171875,1.651565432548523,0.30143165588378906,0.2922526001930237,15.152414321899414,4249.78466796875,4558.99267578125,188.4104461669922,3
24.574703216552734,26.3320255279541,842.843017578125,0.8962353467941284,0.39719918370246887,0.8157674074172974,2.3999366760253906,311.27349853515625,711.6683349609375,118.4605712890625,3
469.77398681640625,298.7183532714844,130933.3984375,0.6704592704772949,0.5308675765991211,0.8969022631645203,29.502212524414062,32305.26953125,44719.56640625,2986.957763671875,3
40.887760162353516,98.72537994384766,2839.9970703125,1.8718088865280151,0.4941130578517914,0.5588774681091309,18.140995025634766,1244.1575927734375,1845.2186279296875,104.86102294921875,3
52.55574035644531,403.0942077636719,11350.7802734375,4.692546367645264,0.6064388155937195,0.8422443270683289,18.291196823120117,32361.294921875,45335.11328125,579.25048828125,3
42.45413589477539,46.8641471862793,2797.8125,1.0,0.49351027607917786,0.7048589587211609,10.647297859191895,924.848876953125,1747.8900146484375,99.20633697509766,3
449.46112060546875,510.67291259765625,127969.171875,1.4259058237075806,0.3595941662788391,0.3947118818759918,23.084426879882812,32911.88671875,45932.0703125,2761.339599609375,3
69.71357727050781,83.61824798583984,4800.46142578125,0.8463535904884338,0.3079870045185089,0.41408875584602356,10.690797805786133,1041.6431884765625,1972.1220703125,111.23560333251953,3
34.05219268798828,19.0,476.85418701171875,0.6256002187728882,0.5439432859420776,0.7665836811065674,5.441578388214111,215.3828125,416.6208801269531,44.893341064453125,3
259.4657897949219,288.97149658203125,11102.216796875,1.1295585632324219,0.47476136684417725,0.5931430459022522,13.230422019958496,3233.84326171875,3911.917724609375,569.7405395507812,3
66.48988342285156,153.82986450195312,6359.47314453125,1.6038544178009033,0.6275184750556946,0.6541423797607422,55.79164505004883,2960.4580078125,3960.968505859375,107.02513885498047,3
70.43376922607422,65.4043960571289,5286.1201171875,0.779517650604248,0.46139368414878845,0.5019458532333374,280.3827819824219,3923.575927734375,3922.51806640625,27.799991607666016,3
49.706687927246094,222.4573516845703,5518.0791015625,2.7190306186676025,0.4679526388645172,0.6690109968185425,16.42835235595703,2320.25390625,4078.958740234375,164.4252166748047,3
332.7380676269531,88.55176544189453,12303.736328125,0.6681762933731079,0.5605462789535522,0.6116487979888916,68.65190124511719,23532.49609375,27417.783203125,220.8934783935547,3
119.04503631591797,158.4293670654297,32020.296875,1.555970549583435,0.47993212938308716,0.6711049675941467,28.065492630004883,29320.498046875,39594.11328125,438.42498779296875,3
42.72116470336914,22.0,1114.7833251953125,0.7084459066390991,0.5162115097045898,0.6833401918411255,18.509471893310547,493.99609375,744.7748413085938,31.493820190429688,3
22.368005752563477,21.53595542907715,424.12799072265625,0.9694459438323975,0.5410794019699097,0.7769094109535217,16.28521728515625,367.0643310546875,576.258544921875,9.80388069152832,3
408.71881103515625,257.247314453125,110708.6640625,1.1105031967163086,0.5893287658691406,0.714340329170227,16.644548416137695,27328.40625,35598.2578125,2167.799560546875,3
35.627079010009766,120.46269226074219,4392.5244140625,2.552706480026245,0.36471027135849,0.47228556871414185,17.96535873413086,1858.370361328125,2394.34326171875,83.94358825683594,3
84.7984619140625,28.538650512695312,4440.4287109375,0.10773006826639175,1.0,1.0,257.51263427734375,1725.0833740234375,2137.1298828125,30.23931121826172,3
51.66575622558594,201.8571319580078,5491.884765625,2.124770164489746,0.6063539981842041,0.8677927255630493,12.616596221923828,5067.90478515625,4543.36376953125,398.5057067871094,3
76.26956176757812,212.1618194580078,8759.2216796875,1.5658365488052368,0.3806310296058655,0.5551279783248901,23.05120849609375,6688.77001953125,6230.35888671875,198.04331970214844,3
255.2184295654297,335.99688720703125,103495.7421875,1.8838549852371216,0.4030129313468933,0.5755248069763184,16.171642303466797,27684.96875,39035.56640625,1956.781005859375,3
73.90532684326172,40.47999572753906,3274.675048828125,0.3543906807899475,0.9357084631919861,0.8159722685813904,37.876991271972656,1128.0716552734375,1855.918701171875,72.08905029296875,3
74.37229919433594,32.0,3591.6650390625,0.1953584998846054,0.4476206302642822,0.6492964029312134,10.250657081604004,760.8502197265625,1472.0577392578125,104.595703125,3
545.4237060546875,163.6039276123047,121041.1328125,0.13684703409671783,0.6330827474594116,0.8335654139518738,9.464923858642578,32278.484375,45114.83203125,3175.687255859375,3
69.4810562133789,102.6270980834961,4964.7939453125,1.4748114347457886,0.2975243330001831,0.2564776539802551,16.353113174438477,825.73388671875,1559.8406982421875,59.41895294189453,3
104.77884674072266,96.79917907714844,4728.7119140625,0.8851698040962219,0.4558355212211609,0.4637908339500427,48.53328323364258,1941.604248046875,2485.20654296875,52.25155258178711,3
344.676025390625,262.7303771972656,37702.72265625,1.4627479314804077,0.3799998164176941,0.47028157114982605,67.4000015258789,13236.466796875,11479.794921875,149.85299682617188,3
48.376441955566406,57.049827575683594,2890.0224609375,1.0,0.5836122035980225,0.656489372253418,37.145565032958984,1597.033935546875,1869.642333984375,54.86869812011719,3
371.1928405761719,121.41407012939453,5945.03515625,0.806107223033905,0.28018563985824585,0.07980714738368988,39.516475677490234,1527.515380859375,1366.1756591796875,19.0,3
487.9012451171875,113.57892608642578,73565.453125,0.5638777017593384,0.2416943460702896,0.42764899134635925,27.767337799072266,8894.1728515625,14388.53515625,208.71072387695312,3
55.91294479370117,393.88812255859375,8629.474609375,3.722809314727783,0.3036957085132599,0.5847896933555603,7.608994007110596,29356.205078125,41414.15234375,440.2521057128906,3
131.5145721435547,196.35330200195312,12386.4736328125,1.6336196660995483,0.46680933237075806,0.5307140946388245,21.73673439025879,4130.36181640625,5759.74658203125,266.2242736816406,3
53.725643157958984,9.095431327819824,627.1834716796875,0.20209170877933502,0.5735664367675781,0.6060665249824524,20.03561782836914,282.4364318847656,372.8287048339844,11.0,3
44.77764129638672,327.0935363769531,11380.7490234375,5.668956279754639,0.561072587966919,0.8113182187080383,21.311752319335938,29396.013671875,41483.453125,518.7083740234375,3
467.6103515625,98.78153991699219,75274.078125,0.7715861797332764,0.21485504508018494,0.06446874886751175,498.216796875,21837.984375,3969.0986328125,1.0,3
66.53866577148438,62.693729400634766,3357.024169921875,1.1540426015853882,0.5334073305130005,0.6047520041465759,16.273670196533203,1046.3114013671875,1673.7120361328125,105.07721710205078,3
44.9716682434082,101.04889678955078,3194.2353515625,2.127725601196289,0.32715243101119995,0.5778773427009583,2.807828426361084,785.6080322265625,1673.8157958984375,359.0471496582031,3
165.4221954345703,33.28107452392578,5209.8740234375,0.08813674747943878,0.9278895854949951,0.9316155314445496,5.60915994644165,1268.2218017578125,2851.300048828125,443.2002258300781,3
77.77835083007812,111.70962524414062,7764.615234375,0.8285397291183472,0.4233529269695282,0.5320126414299011,15.810081481933594,27295.830078125,36042.23828125,352.00408935546875,3
40.72898483276367,545.3991088867188,11376.150390625,9.459392547607422,0.6568685173988342,0.8749876618385315,69.22952270507812,26016.185546875,39144.0234375,467.4474792480469,3
64.69474792480469,61.0380973815918,2301.28466796875,1.1025586128234863,0.4484427273273468,0.4890916645526886,13.572092056274414,668.0948486328125,1010.1748657226562,53.412086486816406,3
34.663570404052734,48.744956970214844,1806.9456787109375,1.3271489143371582,0.5718274712562561,0.727176308631897,6.6337738037109375,736.6401977539062,1188.146484375,140.2801971435547,3
55.59207534790039,85.53809356689453,3890.452880859375,1.22974693775177,0.4436333179473877,0.6834747791290283,8.445122718811035,1416.164306640625,2035.8153076171875,237.34825134277344,3
67.42562103271484,72.1612548828125,4426.66845703125,0.7972432374954224,0.5682912468910217,0.7132071852684021,15.852681159973145,892.176025390625,1609.984619140625,120.38048553466797,3
52.60016632080078,72.9530258178711,4832.21240234375,0.8595762252807617,0.6288020610809326,0.9113528728485107,15.297011375427246,2730.383056640625,3674.446044921875,231.7201385498047,3
38.33184051513672,31.554401397705078,923.3046875,0.8595156073570251,0.48746514320373535,0.6989880800247192,7.960757255554199,401.0297546386719,626.8783569335938,62.331512451171875,3
533.630859375,190.37136840820312,73951.4765625,0.03583870455622673,0.8937229514122009,0.8186531662940979,31.954593658447266,32446.2578125,45016.85546875,1552.1512451171875,3
422.0947570800781,282.14385986328125,17509.04296875,0.7545651793479919,0.5327627658843994,0.7628991007804871,9.230840682983398,26615.55078125,28823.30859375,2089.8935546875,3
53.698387145996094,118.41124725341797,5811.88720703125,2.242973566055298,0.5141305327415466,0.7568702101707458,16.350399017333984,4757.9267578125,5637.70947265625,254.082275390625,3
30.889867782592773,26.087772369384766,857.978759765625,0.742287814617157,0.6077266931533813,0.7795827388763428,14.837967872619629,371.23382568359375,537.3876953125,37.00724792480469,3
35.18430709838867,48.964115142822266,1949.404052734375,1.457324504852295,0.5630146861076355,0.8225380182266235,7.58169412612915,707.26416015625,1325.7158203125,124.61234283447266,3
118.42150115966797,344.71673583984375,73986.03125,1.8971835374832153,0.6230373978614807,0.9726468324661255,14.31385612487793,32526.177734375,45379.15625,2774.46826171875,3
77.35956573486328,57.55446243286133,6717.14404296875,0.5937045216560364,0.16532370448112488,0.2135574072599411,21.958776473999023,824.0347900390625,1744.34716796875,68.57299041748047,3
521.5492553710938,70.84895324707031,83774.1015625,0.1316700279712677,0.8785035014152527,0.7392571568489075,281.9206237792969,22445.853515625,32239.421875,71.05131530761719,3
36.780120849609375,56.67762756347656,1586.635498046875,1.513060212135315,0.4353271424770355,0.5685668587684631,16.885852813720703,750.6328125,1155.6278076171875,46.57259750366211,3
77.57947540283203,116.99864196777344,5643.60107421875,0.50864577293396,0.30195844173431396,0.40130558609962463,2.1361117362976074,2360.630615234375,3649.818359375,1233.5179443359375,3
378.4781799316406,82.63133239746094,31386.1953125,0.6266104578971863,0.47831496596336365,0.5502200126647949,27.32948875427246,5486.85986328125,5359.5908203125,305.9058532714844,3
472.0033264160156,100.16925048828125,10483.197265625,0.5454612970352173,0.5178414583206177,0.615717887878418,32.65423583984375,10481.2314453125,9227.9365234375,417.9310302734375,3
65.79483032226562,116.01969146728516,6358.42919921875,1.0,0.500978946685791,0.8048948049545288,10.22342586517334,13357.017578125,6938.87451171875,309.257080078125,3
24.013351440429688,43.57418441772461,931.433837890625,2.1784725189208984,0.3573819398880005,0.5406821370124817,4.854365825653076,464.5048828125,812.259521484375,66.73405456542969,3
510.75115966796875,170.34271240234375,120627.6640625,0.2573939263820648,0.2993549406528473,0.3140098750591278,292.4826965332031,28717.2421875,39775.35546875,80.83238983154297,3
74.71394348144531,371.57049560546875,9107.390625,3.3365607261657715,0.46773362159729004,0.7800096273422241,9.680373191833496,23281.876953125,29823.849609375,658.3375244140625,3
680.7777709960938,99.53607177734375,116148.4609375,0.34192416071891785,0.43314868211746216,0.6779968738555908,28.85769271850586,28027.150390625,37891.69140625,550.9581298828125,3
50.929256439208984,43.84112548828125,3004.4814453125,0.6511223912239075,0.9256576895713806,0.8615117073059082,20.5101318359375,2014.514404296875,2193.218994140625,84.06645965576172,3
425.90802001953125,532.74365234375,33246.30859375,1.242809534072876,0.32358241081237793,0.4747103154659271,10.83178424835205,28841.376953125,37203.7890625,625.9498291015625,3
57.65858840942383,52.70246505737305,4563.5791015625,1.208189845085144,0.5534642338752747,0.7088674902915955,10.471940040588379,1024.0987548828125,2001.1832275390625,157.99058532714844,3
621.5772705078125,539.0208740234375,125634.984375,0.6215797662734985,0.42218342423439026,0.475674033164978,14.50197982788086,32439.134765625,43843.54296875,3126.58935546875,3
28.449703216552734,70.08415222167969,2291.81689453125,2.14315128326416,0.52525395154953,0.7438981533050537,7.783370018005371,1077.8878173828125,1794.9649658203125,171.73367309570312,3
53.09639358520508,228.7327117919922,12026.158203125,2.2276365756988525,0.5526069402694702,0.864124596118927,7.862673282623291,17728.33203125,20827.953125,1479.5377197265625,3
174.81829833984375,60.47608947753906,5303.68896484375,0.5783728361129761,0.5932100415229797,0.8073616027832031,48.21775436401367,2172.216064453125,3649.2216796875,88.3536148071289,3
56.92639923095703,22.0,1446.7930908203125,0.35633108019828796,0.5193204283714294,0.641847550868988,8.571120262145996,472.7787170410156,743.9201049804688,61.14999771118164,3
38.53529739379883,107.44672393798828,4799.7880859375,2.8077495098114014,0.5360028147697449,0.7231307029724121,15.569639205932617,2227.933349609375,3020.368896484375,138.1128387451172,3
261.4392395019531,261.67218017578125,76303.2109375,1.616627812385559,0.3446287214756012,0.5632591247558594,14.95432186126709,32057.837890625,43820.60546875,578.606689453125,3
54.256526947021484,83.76258087158203,4543.533203125,1.5588418245315552,0.25172361731529236,0.550171434879303,1.8581993579864502,1084.5760498046875,2553.753173828125,493.7911071777344,3
482.9643249511719,53.9119758605957,11686.189453125,0.09395335614681244,0.7316892743110657,0.9450016617774963,16.331106185913086,4260.45556640625,5240.021484375,398.3702697753906,3
50.86662673950195,184.91932678222656,6898.35205078125,2.220571279525757,0.6344850063323975,1.0,7.970912456512451,3032.17236328125,5283.50244140625,618.7796630859375,3
414.2590637207031,98.47366333007812,30204.330078125,0.5694509744644165,0.48723259568214417,0.6283210515975952,35.11016082763672,31829.623046875,44308.546875,388.41546630859375,3
61.52509689331055,76.18888092041016,4408.07275390625,1.0101826190948486,0.5383813977241516,0.5991798639297485,21.33599090576172,2173.195068359375,2527.9658203125,128.4075164794922,3
431.9248352050781,342.97467041015625,112272.3359375,1.1093981266021729,0.3955306112766266,0.3863212466239929,19.793569564819336,29650.46875,41370.48046875,1653.204833984375,3
78.12850189208984,225.38038635253906,20190.1796875,1.5489685535430908,0.20719939470291138,0.23183754086494446,15.37644100189209,2431.427490234375,4091.449462890625,155.1353759765625,3
420.330810546875,491.50042724609375,61730.82421875,1.029241919517517,0.47954291105270386,0.5194443464279175,255.3986358642578,26282.1875,17688.05078125,125.57137298583984,3
30.481237411499023,72.1875,1713.18408203125,2.5022573471069336,0.43463248014450073,0.6655900478363037,8.825064659118652,669.1726684570312,1220.3515625,90.04397583007812,3
69.83349609375,125.03922271728516,5597.75048828125,1.3715519905090332,0.5573495626449585,0.6370326280593872,21.68881607055664,2238.381591796875,3268.24462890625,196.2197723388672,3
59.85414505004883,81.77181243896484,3079.75634765625,1.0,1.0,1.0,36.8344612121582,2681.8857421875,3552.570068359375,95.36541748046875,3
41.853878021240234,17.0,877.4862060546875,0.43356749415397644,0.61175936460495,0.6803520917892456,16.87397003173828,361.84393310546875,480.7535400390625,24.592679977416992,3
64.07054138183594,25.241548538208008,1519.6307373046875,0.10420156270265579,0.6444848775863647,0.743524432182312,12.96756362915039,574.5831909179688,914.0033569335938,63.119136810302734,3
37.065887451171875,133.93740844726562,4259.6943359375,2.4368200302124023,0.3691105544567108,0.6662359833717346,4.8078083992004395,2176.216552734375,3834.369384765625,416.78497314453125,3
22.5944881439209,25.310752868652344,574.7181396484375,1.1303530931472778,0.5102459192276001,0.8293965458869934,8.02947998046875,334.6079406738281,526.9959716796875,40.03315734863281,3
115.22020721435547,213.9341583251953,21952.998046875,1.1883857250213623,0.5564766526222229,0.7639604806900024,19.155654907226562,4810.25146484375,4952.5830078125,507.2935485839844,3
40.233890533447266,131.022705078125,4285.25927734375,3.0975375175476074,0.4080859422683716,0.6680731177330017,5.96420955657959,1169.9384765625,2250.2109375,237.8207550048828,3
313.5197448730469,64.51343536376953,11843.9765625,0.630511462688446,0.33856111764907837,0.5300670862197876,4.555033206939697,4287.33349609375,6864.5927734375,521.7108764648438,3
46.666439056396484,62.5003776550293,3331.16015625,1.1409313678741455,0.5012884736061096,0.8077777028083801,8.0579833984375,1092.7003173828125,2087.18115234375,190.8934783935547,3
232.26832580566406,198.5811004638672,29330.990234375,1.5579475164413452,0.5723837018013,0.6244217753410339,32.38225555419922,4797.2783203125,6589.9990234375,393.0403137207031,3
313.1538391113281,239.57418823242188,88336.859375,1.4904471635818481,0.41338443756103516,0.5575788617134094,21.089868545532227,29442.443359375,38357.9921875,498.78143310546875,3
29.603710174560547,24.72793197631836,891.4872436523438,0.7281764149665833,0.5543341636657715,0.8559097647666931,7.596413612365723,308.2685852050781,551.5909423828125,59.49390411376953,3
396.0561828613281,400.63153076171875,115755.2578125,1.4207518100738525,0.5936997532844543,0.8476245403289795,10.179559707641602,32337.96484375,44961.79296875,3204.1484375,3
244.19610595703125,135.14881896972656,11873.287109375,1.1150071620941162,0.4938485622406006,0.6340153217315674,24.7801513671875,26084.189453125,30091.400390625,433.9814453125,3
61.714420318603516,82.7909927368164,5399.92626953125,1.5161865949630737,0.24106471240520477,0.07839479297399521,117.10680389404297,1532.4049072265625,1368.9300537109375,1.0,3
24.316822052001953,22.0,673.5879516601562,0.7598552703857422,0.9609234929084778,0.9265114665031433,16.0288028717041,337.4197692871094,436.62127685546875,21.0,3
44.048580169677734,50.339534759521484,2617.017578125,1.0,0.4255462884902954,0.6479989886283875,7.047059059143066,751.4284057617188,1308.7034912109375,77.66065216064453,3
