epoch,beta,lr,train_total_loss,train_recon_loss,train_mse_loss,train_ce_loss,train_kl_loss,train_contrast_loss,train_separation_loss,train_acc,train_proto_dist,val_total_loss,val_recon_loss,val_mse_loss,val_ce_loss,val_kl_loss,val_contrast_loss,val_separation_loss,val_acc,val_proto_dist
0,0.01,0.008,3.0299998261177197,0.6034994303098907,0.6034994303098907,0.0,0.032646417739381164,7.1963498363324385,1.3363443810048115,0.0,0.6636556235798168,8.264066103845835,0.107271209359169,0.107271209359169,0.0,0.04287027195096016,7.970799446105957,0.14312517642974854,0.0,1.8568748235702515
1,0.01,0.008,2.3010944433323943,0.14104129000267,0.14104129000267,0.0,0.028726806821469334,6.942655249450725,0.3848458900124289,0.0,1.615154109987571,8.197647847235203,0.05116633325815201,0.05116633325815201,0.0,0.022582650184631348,7.963289737701416,0.16060912609100342,0.0,1.8393908739089966
2,0.01,0.008,2.172359840716493,0.03712833735155563,0.03712833735155563,0.0,0.01799328629854245,6.936705685643262,0.2701987360238868,0.0,1.7298012639761133,8.271032204851508,0.015581799671053886,0.015581799671053886,0.0,0.015434898436069489,7.959364891052246,0.28065061569213867,0.0,1.7193493843078613
3,0.01,0.008,2.1630877784230105,0.03203262320317343,0.03203262320317343,0.0,0.013185471128906013,6.934461565117273,0.2529231985765244,0.0,1.7470768014234757,8.249709833413363,0.0388152077794075,0.0388152077794075,0.0,0.011600416153669357,7.958044528961182,0.241249680519104,0.0,1.758750319480896
4,0.01,0.008,2.1455517259517287,0.024400232000053847,0.024400232000053847,0.0,0.010325574959573508,6.9340583745680915,0.20415317365733326,0.0,1.7958468263426668,8.173090616241097,0.02332468144595623,0.02332468144595623,0.0,0.009347047656774521,7.957958221435547,0.18246066570281982,0.0,1.8175393342971802
5,0.01,0.008,2.1226733403363904,0.018027017149023997,0.018027017149023997,0.0,0.008461042418022431,6.933601268790374,0.12240625210405784,0.0,1.8775937478959421,8.055734246969223,0.012877829372882843,0.012877829372882843,0.0,0.007734023034572601,7.957167625427246,0.07795476913452148,0.0,1.9220452308654785
6,0.01,0.008,2.0901555569576207,0.007319092625957902,0.007319092625957902,0.0,0.007094230593926407,6.931951719536356,0.015899298309805264,0.0,1.9873318781602358,7.968277460429817,0.0076070260256528854,0.0076070260256528854,0.0,0.0065564741380512714,7.954113960266113,0.0,0.0,2.0322773456573486
7,0.01,0.008,2.0947727137843013,0.01602638983009258,0.01602638983009258,0.0,0.0061124122505988665,6.928950291773079,0.0,0.0,2.082781854797285,7.973035472910851,0.014382759109139442,0.014382759109139442,0.0,0.005756595637649298,7.9528961181640625,0.0,0.0,2.1458778381347656
8,0.01,0.008,2.107898417583104,0.029355986320416378,0.029355986320416378,0.0,0.0054198635479139135,6.928293736326805,0.0,0.0,2.2340852325634013,8.011180933564901,0.05346257612109184,0.05346257612109184,0.0,0.005131706595420837,7.952586650848389,0.0,0.0,2.3281171321868896
9,0.01,0.008,2.109544460783922,0.030320323658674063,0.030320323658674063,0.0,0.004896935232257609,6.930583409719353,0.0,0.0,2.446855670386966,7.982314084190875,0.023252535611391068,0.023252535611391068,0.0,0.00467245327308774,7.9543890953063965,0.0,0.0,2.627723455429077
10,0.01,0.008,2.1036287360569097,0.02347280775565308,0.02347280775565308,0.0,0.004484643698070798,6.933703194246226,0.0,0.0,2.762858566528311,7.976561056450009,0.015336286276578903,0.015336286276578903,0.0,0.004297470673918724,7.956927299499512,0.0,0.0,2.88385009765625
11,0.01,0.008,2.0989181624850963,0.01876910095152264,0.01876910095152264,0.0,0.00411757178060556,6.933692777970781,0.0,0.0,2.9887509273657136,7.990331362467259,0.028804030269384384,0.028804030269384384,0.0,0.003957733046263456,7.957569599151611,0.0,0.0,3.110969066619873
12,0.01,0.008,2.0978470512779905,0.01826067024240704,0.01826067024240704,0.0,0.003795048477459599,6.931827787864775,0.0,0.0,3.1694443706709303,7.967747104121372,0.009320901706814766,0.009320901706814766,0.0,0.003653730032965541,7.954772472381592,0.0,0.0,3.2645668983459473
13,0.01,0.008,2.086647922157612,0.00785562001870875,0.00785562001870875,0.0,0.0035142232155874913,6.929190269555604,0.0,0.0,3.325508461290089,7.960677881259471,0.007146787829697132,0.007146787829697132,0.0,0.003386325668543577,7.9501447677612305,0.0,0.0,3.390385389328003
14,0.01,0.008,2.080635349129384,0.0035690471941406117,0.0035690471941406117,0.0,0.0032674571058366546,6.923445070138211,0.0,0.0,3.444331907181936,7.951753714587539,0.0027100956067442894,0.0027100956067442894,0.0,0.0031612985767424107,7.945882320404053,0.0,0.0,3.5303287506103516
15,0.01,0.008,2.0777630290389495,0.0020024510045734676,0.0020024510045734676,0.0,0.003069060259796458,6.919099172624972,0.0,0.0,3.6488762031693573,7.947148296749219,0.0019963039085268974,0.0019963039085268974,0.0,0.0029966316651552916,7.942155361175537,0.0,0.0,3.8331310749053955
16,0.01,0.008,2.0773878375932506,0.002791210442409213,0.002791210442409213,0.0,0.002930362270549312,6.915223988066176,0.0,0.0,4.0923722750757525,7.952234911965206,0.010231570340692997,0.010231570340692997,0.0,0.002884479472413659,7.9391188621521,0.0,0.0,4.400047302246094
17,0.01,0.008,2.084363861837896,0.010523260943647559,0.010523260943647559,0.0,0.002829595284368517,6.912707393912435,0.0,0.0,4.702704510215634,7.9467230185400695,0.005648156628012657,0.005648156628012657,0.0,0.002786173252388835,7.938288688659668,0.0,0.0,5.033855438232422
18,0.01,0.008,2.08225033892457,0.008485468686024893,0.008485468686024893,0.0,0.0027207959669673,6.91245850361254,0.0,0.0,5.213664753130982,7.946654154220596,0.0057865227572619915,0.0057865227572619915,0.0,0.0026557135861366987,7.938211917877197,0.0,0.0,5.414366245269775
19,0.01,0.008,2.08134300766625,0.007544581069834382,0.007544581069834382,0.0,0.0026007408288897284,6.912574439692406,0.0,0.0,5.449703230091715,7.948673728853464,0.008355529978871346,0.008355529978871346,0.0,0.0025421101599931717,7.9377760887146,0.0,0.0,5.582695960998535
20,0.01,0.008,2.0814736032292407,0.0077250728212688155,0.0077250728212688155,0.0,0.0024762029182904596,6.912412143851404,0.0,0.0,5.574157588193394,7.946368156699464,0.005970091093331575,0.005970091093331575,0.0,0.0024207516107708216,7.937977313995361,0.0,0.0,5.658897399902344
21,0.01,0.008,2.0833026571752997,0.009659470958435277,0.009659470958435277,0.0,0.0023786744607147566,6.912064188903703,0.0,0.0,5.607851694753632,7.949688112130389,0.010292572900652885,0.010292572900652885,0.0,0.0023313683923333883,7.937064170837402,0.0,0.0,5.6386942863464355
22,0.01,0.008,2.0803931989653677,0.0067592451553801555,0.0067592451553801555,0.0,0.002298212521935809,6.91203631436378,0.0,0.0,5.614573380129222,7.944161426508799,0.004866806324571371,0.004866806324571371,0.0,0.0022604900877922773,7.9370341300964355,0.0,0.0,5.7563276290893555
23,0.01,0.008,2.0785971223846533,0.005297768048264286,0.005297768048264286,0.0,0.002211850044509013,6.9109239001586795,0.0,0.0,5.810773433969549,7.944757201243192,0.006792011205106974,0.006792011205106974,0.0,0.0021608229726552963,7.93580436706543,0.0,0.0,5.98737096786499
24,0.01,0.008,2.078733913760976,0.005819900831026307,0.005819900831026307,0.0,0.002114710316362364,6.909642551570833,0.0,0.0,6.0384794715684205,7.941296488512307,0.0044920905493199825,0.0044920905493199825,0.0,0.002070530317723751,7.934733867645264,0.0,0.0,6.234724521636963
25,0.01,0.008,2.0772553073655886,0.004663227590072103,0.004663227590072103,0.0,0.002034346379198314,6.908572095883723,0.0,0.0,6.28801743559607,7.941237180028111,0.0051537672989070415,0.0051537672989070415,0.0,0.0020061498507857323,7.934077262878418,0.0,0.0,6.480612277984619
26,0.01,0.008,2.075272983036536,0.0030007704437166544,0.0030007704437166544,0.0,0.001991061338950778,6.90750728845865,0.0,0.0,6.501634471092147,7.936976098688319,0.002573425183072686,0.002573425183072686,0.0,0.001975267194211483,7.932427406311035,0.0,0.0,6.685983180999756
27,0.01,0.008,2.07323887504273,0.001489671447668819,0.001489671447668819,0.0,0.001947512849981733,6.905765459806674,0.0,0.0,6.6941305751294795,7.933514509815723,0.0010755622060969472,0.0010755622060969472,0.0,0.0019188899314031005,7.930520057678223,0.0,0.0,6.884174823760986
28,0.01,0.008,2.0721016682449127,0.0008712109097749388,0.0008712109097749388,0.0,0.0018949121805752285,6.904038118580053,0.0,0.0,6.905556283240331,7.931491483002901,0.0008363779634237289,0.0008363779634237289,0.0,0.0018716882914304733,7.928783416748047,0.0,0.0,7.1317362785339355
29,0.01,0.008,2.07210294406226,0.001365430188028583,0.001365430188028583,0.0,0.0018489672504638972,6.9023965649177494,0.0,0.0,7.166660959496932,7.931236729025841,0.0021408044267445803,0.0021408044267445803,0.0,0.0018240816425532103,7.927271842956543,0.0,0.0,7.419951438903809
30,0.01,0.008,2.0724580927842315,0.0021148480546125162,0.0021148480546125162,0.0,0.0018018374421814197,6.901083894149515,0.0,0.0,7.421766146203752,7.933759035542607,0.006132425740361214,0.006132425740361214,0.0,0.0017790794372558594,7.92584753036499,0.0,0.0,7.6626458168029785
31,0.01,0.008,2.072187707860194,0.002170947845281947,0.002170947845281947,0.0,0.0017578553008219225,6.899996970477635,0.0,0.0,7.615262414658176,7.928160847048275,0.0014297886518761516,0.0014297886518761516,0.0,0.001734682358801365,7.924996376037598,0.0,0.0,7.826416969299316
32,0.01,0.008,2.0724329255135148,0.0026859061259378813,0.0026859061259378813,0.0,0.0017152653031560017,6.899099446969128,0.0,0.0,7.754261989897238,7.929969397257082,0.004429355729371309,0.004429355729371309,0.0,0.0016914125299081206,7.923848628997803,0.0,0.0,7.978641033172607
33,0.01,0.008,2.0789831556587353,0.009449374533222631,0.009449374533222631,0.0,0.001676534642133472,6.898389746511868,0.0,0.0,7.873159526336975,7.931591582950205,0.006234797649085522,0.006234797649085522,0.0,0.0016554989852011204,7.923701286315918,0.0,0.0,8.053438186645508
34,0.01,0.008,2.0762996750727827,0.0067178152537890196,0.0067178152537890196,0.0,0.0016439182467032235,6.898551198781266,0.0,0.0,7.899663110969571,7.931866359547712,0.006375628989189863,0.006375628989189863,0.0,0.0016282732831314206,7.923862457275391,0.0,0.0,8.084625244140625
35,0.01,0.008,2.0757288189750143,0.006121408818624726,0.006121408818624726,0.0,0.0016220815127072853,6.8986370230226095,0.0,0.0,7.919313187800834,7.933074461179785,0.007082137279212475,0.007082137279212475,0.0,0.0016077299369499087,7.924384593963623,0.0,0.0,8.062074661254883
36,0.01,0.008,2.0737857330817504,0.004224854861994211,0.004224854861994211,0.0,0.0015901203802631116,6.898483016189533,0.0,0.0,7.869287578740646,7.931532379472628,0.0070695034228265285,0.0070695034228265285,0.0,0.001564106671139598,7.922898769378662,0.0,0.0,8.016453742980957
37,0.01,0.008,2.0728528106439907,0.0035811899461639764,0.0035811899461639764,0.0,0.001564031924632949,6.897519547387891,0.0,0.0,7.901153344032793,7.930435909656808,0.006786952260881662,0.006786952260881662,0.0,0.0015589038375765085,7.92209005355835,0.0,0.0,8.099390983581543
38,0.01,0.008,2.0717898608639524,0.0028294485434423276,0.0028294485434423276,0.0,0.0015441251388303044,6.89648301795003,0.0,0.0,8.015583902604144,7.925758880097419,0.0033409229945391417,0.0033409229945391417,0.0,0.001527625834569335,7.9208903312683105,0.0,0.0,8.24339771270752
39,0.01,0.008,2.0706600252421,0.0019976117609636426,0.0019976117609636426,0.0,0.0015231548711766095,6.89549017085039,0.0,0.0,8.160524243211743,7.923933496931568,0.002542471047490835,0.002542471047490835,0.0,0.0015101588796824217,7.9198808670043945,0.0,0.0,8.408859252929688
40,0.01,0.008,2.0696808712836416,0.001328820807352891,0.001328820807352891,0.0,0.0015049848413132094,6.894456355512469,0.0,0.0,8.314625248636426,7.921826247358695,0.0016016463050618768,0.0016016463050618768,0.0,0.0014890969032421708,7.918735504150391,0.0,0.0,8.565896034240723
41,0.01,0.008,2.0701942826284427,0.0021314779894935237,0.0021314779894935237,0.0,0.001483197166712766,6.893492850033802,0.0,0.0,8.471020538586817,7.920605028280988,0.0012495634146034718,0.0012495634146034718,0.0,0.0014630088116973639,7.9178924560546875,0.0,0.0,8.737445831298828
42,0.01,0.008,2.068946058524511,0.001122699695765224,0.001122699695765224,0.0,0.0014547462791729751,6.892695674869019,0.0,0.0,8.614763226290966,7.919363969296683,0.0009716494823805988,0.0009716494823805988,0.0,0.001437325612641871,7.91695499420166,0.0,0.0,8.8555269241333
43,0.01,0.008,2.068828832708671,0.0012463981238541,0.0012463981238541,0.0,0.0014405187362983257,6.891893218212462,0.0,0.0,8.711604441850001,7.918521193787456,0.0010356728453189135,0.0010356728453189135,0.0,0.0014274574350565672,7.91605806350708,0.0,0.0,8.964934349060059
44,0.01,0.008,2.070568021554913,0.003192261038162171,0.003192261038162171,0.0,0.0014181043161240186,6.89120504716959,0.0,0.0,8.833837028414017,7.932909692637622,0.01585720106959343,0.01585720106959343,0.0,0.00139592494815588,7.915656566619873,0.0,0.0,9.105757713317871
45,0.01,0.008,2.0738132767437993,0.006481831880024491,0.006481831880024491,0.0,0.001393407377286596,6.891057972294468,0.0,0.0,8.926537435865864,7.919443284161389,0.0026527438312768936,0.0026527438312768936,0.0,0.0013709617778658867,7.915419578552246,0.0,0.0,9.128625869750977
46,0.01,0.008,2.069412536378817,0.0020853994238760982,0.0020853994238760982,0.0,0.0013621291239335764,6.891044731888004,0.0,0.0,8.882682514255146,7.918416239670478,0.001835138420574367,0.001835138420574367,0.0,0.0013360450975596905,7.915245056152344,0.0,0.0,9.053679466247559
47,0.01,0.008,2.0682400906924507,0.0010744597095774153,0.0010744597095774153,0.0,0.0013325915262581928,6.890507450130981,0.0,0.0,8.816864448710117,7.917481467826292,0.001741552958264947,0.001741552958264947,0.0,0.0013212175108492374,7.914418697357178,0.0,0.0,9.02871036529541
48,0.01,0.008,2.0680316078443703,0.001059121948569527,0.001059121948569527,0.0,0.0013229591240129458,6.889863878351987,0.0,0.0,8.875962487619555,7.916592676192522,0.0014584788586944342,0.0014584788586944342,0.0,0.0013101159129291773,7.913824081420898,0.0,0.0,9.131957054138184
49,0.01,0.008,2.0688924300335354,0.0020778930648885155,0.0020778930648885155,0.0,0.0013042797248770026,6.889338003150116,0.0,0.0,8.97143033966853,7.918690046994016,0.004177110735327005,0.004177110735327005,0.0,0.0012915770057588816,7.91322135925293,0.0,0.0,9.237072944641113
50,0.01,0.008,2.069036252281261,0.002334857727763155,0.002334857727763155,0.0,0.0012972741614135461,6.888961146705758,0.0,0.0,9.053297881403845,7.917914404300973,0.003621926996856928,0.003621926996856928,0.0,0.0012876021210104227,7.9130048751831055,0.0,0.0,9.282234191894531
51,0.01,0.008,2.076892034758192,0.010239989644549308,0.010239989644549308,0.0,0.0012750282015290561,6.888797383783707,0.0,0.0,9.050906891236483,7.948538677068427,0.03310980275273323,0.03310980275273323,0.0,0.0012733910698443651,7.91415548324585,0.0,0.0,9.245903968811035
52,0.01,0.008,2.080668565279811,0.013707127792265862,0.013707127792265862,0.0,0.0012519001637829328,6.889829328593292,0.0,0.0,9.001242733195124,7.940680475905538,0.025254646316170692,0.025254646316170692,0.0,0.0012140795588493347,7.914211750030518,0.0,0.0,9.135327339172363
53,0.01,0.008,2.0782121551314794,0.011025328214082612,0.011025328214082612,0.0,0.0012150742234963686,6.89058168443204,0.0,0.0,8.904504437741371,7.933667106903158,0.016559092327952385,0.016559092327952385,0.0,0.001213029376231134,7.915894985198975,0.0,0.0,9.064064025878906
54,0.01,0.008,2.073261203680192,0.005972957056771332,0.005972957056771332,0.0,0.0011832647335603382,6.890921313694791,0.0,0.0,8.78867766214762,7.925652946927585,0.009882641024887562,0.009882641024887562,0.0,0.001151336939074099,7.914618968963623,0.0,0.0,8.902044296264648
55,0.01,0.008,2.0709553509671776,0.0038289119491253,0.0038289119491253,0.0,0.0011558870559881538,6.8903827482418505,0.0,0.0,8.763323410370576,7.923261762596667,0.007649502716958523,0.007649502716958523,0.0,0.0011554155498743057,7.914456844329834,0.0,0.0,9.03667163848877
56,0.01,0.008,2.070751872572599,0.0038013986951944824,0.0038013986951944824,0.0,0.0011442535125566098,6.8897964659778035,0.0,0.0,8.948839562415431,7.920908499741927,0.006519909016788006,0.006519909016788006,0.0,0.001125269802287221,7.913263320922852,0.0,0.0,9.223360061645508
57,0.01,0.008,2.0692327331160105,0.002485052302570529,0.002485052302570529,0.0,0.0011470894196368674,6.889120288322505,0.0,0.0,9.104501187125308,7.919232622371055,0.00512914452701807,0.00512914452701807,0.0,0.0011586841428652406,7.912944793701172,0.0,0.0,9.38055419921875
58,0.01,0.008,2.0697135765820702,0.0030960245749968055,0.0030960245749968055,0.0,0.0011552136699093465,6.888686399102381,0.0,0.0,9.253317214809943,7.916523624793626,0.003171940566971898,0.003171940566971898,0.0,0.00113549770321697,7.9122161865234375,0.0,0.0,9.528291702270508
59,0.01,0.00784,2.0681113108385594,0.00163664180417677,0.00163664180417677,0.0,0.0011344125793833284,6.888210771426425,0.0,0.0,9.37925832115591,7.916318518226035,0.0033281156793236732,0.0033281156793236732,0.0,0.001113724079914391,7.911876678466797,0.0,0.0,9.64220142364502
60,0.01,0.00784,2.0684876973658652,0.002135101043835917,0.002135101043835917,0.0,0.0010948547146095678,6.887805233547566,0.0,0.0,9.452213087349108,7.914377216016874,0.001944605028256774,0.001944605028256774,0.0,0.0010671019554138184,7.911365509033203,0.0,0.0,9.69076156616211
61,0.01,0.00784,2.068168420650357,0.0019269488001489084,0.0019269488001489084,0.0,0.0010689780444209274,6.887435639154398,0.0,0.0,9.496539064901771,7.913664514548145,0.0015246776165440679,0.0015246776165440679,0.0,0.0010589996818453074,7.911080837249756,0.0,0.0,9.74293041229248
62,0.01,0.00784,2.06697444282339,0.0008502158189263525,0.0008502158189263525,0.0,0.001056774049009343,6.8870452488873655,0.0,0.0,9.549095000366815,7.912290626903996,0.0007284815656021237,0.0007284815656021237,0.0,0.0010415917495265603,7.910520553588867,0.0,0.0,9.786310195922852
63,0.01,0.00784,2.067418842928095,0.0014264016239372553,0.0014264016239372553,0.0,0.0010433349870176101,6.8866062615605985,0.0,0.0,9.58495128048198,7.912221199832857,0.0011027408763766289,0.0011027408763766289,0.0,0.0010356418788433075,7.910082817077637,0.0,0.0,9.83237361907959
64,0.01,0.00784,2.0692944830365376,0.0033993997679942025,0.0033993997679942025,0.0,0.0010559089105126951,6.88628133978536,0.0,0.0,9.650477399978632,7.913071747520007,0.0021757795475423336,0.0021757795475423336,0.0,0.0010601525427773595,7.9098358154296875,0.0,0.0,9.909141540527344
65,0.01,0.00784,2.0891749024411324,0.023287027371068064,0.023287027371068064,0.0,0.0010596904451516715,6.886257426364268,0.0,0.0,9.654498018975245,7.920418641879223,0.009132076986134052,0.009132076986134052,0.0,0.0010578356450423598,7.910228729248047,0.0,0.0,9.87607192993164
66,0.01,0.00784,2.0920520209827855,0.02554837510329444,0.02554837510329444,0.0,0.0010798448124983149,6.8883092492418125,0.0,0.0,9.63661811977327,7.935262706596404,0.020572112873196602,0.020572112873196602,0.0,0.001077274326235056,7.913613319396973,0.0,0.0,9.870270729064941
67,0.01,0.00784,2.079591014335871,0.012276293077892771,0.012276293077892771,0.0,0.001059028367488283,6.891013483061669,0.0,0.0,9.414148640867234,7.922385161742568,0.00596591318026185,0.00596591318026185,0.0,0.0010125446133315563,7.915406703948975,0.0,0.0,9.350894927978516
68,0.01,0.00784,2.070957857427952,0.0035702878039150527,0.0035702878039150527,0.0,0.0009970390184657644,6.891258375565706,0.0,0.0,8.815242510809705,7.919400177197531,0.00400063069537282,0.00400063069537282,0.0,0.0009784649591892958,7.914421081542969,0.0,0.0,8.863585472106934
69,0.01,0.00784,2.0693223454970777,0.002495581785029778,0.002495581785029778,0.0,0.0009756234566445896,6.889389754434106,0.0,0.0,8.778472729469952,7.9144805076066405,0.0013214019127190113,0.0013214019127190113,0.0,0.0009557937737554312,7.912203311920166,0.0,0.0,9.10236930847168
70,0.01,0.00784,2.0672894392654597,0.0009599510249697468,0.0009599510249697468,0.0,0.0009501506194941297,6.887732906451871,0.0,0.0,9.012778998083887,7.913484705786686,0.0016086808172985911,0.0016086808172985911,0.0,0.0009344241698272526,7.9109416007995605,0.0,0.0,9.326996803283691
71,0.01,0.00784,2.0669624774272504,0.0009658676741301985,0.0009658676741301985,0.0,0.0009337016279537538,6.886624049918313,0.0,0.0,9.256594234034738,7.911894275050145,0.0010691591305658221,0.0010691591305658221,0.0,0.0009230201249010861,7.909902095794678,0.0,0.0,9.589818954467773
72,0.01,0.00784,2.0666045513147977,0.0008761447068668914,0.0008761447068668914,0.0,0.00092889451973959,6.885729937373244,0.0,0.0,9.48339260492158,7.910598345508333,0.0005990623612888157,0.0005990623612888157,0.0,0.0009259303333237767,7.909073352813721,0.0,0.0,9.797350883483887
73,0.01,0.00784,2.0660703466373094,0.000558868138632215,0.000558868138632215,0.0,0.0009318294828359385,6.885006959832494,0.0,0.0,9.652343341896449,7.91016237589065,0.000876333040650934,0.000876333040650934,0.0,0.0009246079134754837,7.908361434936523,0.0,0.0,9.949645042419434
74,0.01,0.00784,2.065962404631755,0.0006407595326672283,0.0006407595326672283,0.0,0.0009267869075685182,6.884374317807312,0.0,0.0,9.783401076641267,7.909210948855616,0.0005940055707469583,0.0005940055707469583,0.0,0.0009140204638242722,7.907702922821045,0.0,0.0,10.077713012695312
75,0.01,0.00784,2.0667722216721476,0.0016285206744741374,0.0016285206744741374,0.0,0.000918028072243748,6.883781323647469,0.0,0.0,9.891948454172116,7.915651018498465,0.007579491939395666,0.007579491939395666,0.0,0.0009107675869017839,7.907160758972168,0.0,0.0,10.176762580871582
76,0.01,0.00784,2.0676442783616933,0.0025987808975709006,0.0025987808975709006,0.0,0.0009129904479897596,6.883454127896605,0.0,0.0,9.9726730509434,7.908670799981337,0.0008713692077435553,0.0008713692077435553,0.0,0.0009018859127536416,7.90689754486084,0.0,0.0,10.248085021972656
77,0.01,0.00784,2.066399859815919,0.0014546506313404767,0.0014546506313404767,0.0,0.0009019006080959043,6.883120183572918,0.0,0.0,10.006755060144203,7.907999635208398,0.0006886058254167438,0.0006886058254167438,0.0,0.0008884143317118287,7.9064226150512695,0.0,0.0,10.240662574768066
78,0.01,0.00784,2.065876257996456,0.001056059000990162,0.001056059000990162,0.0,0.0008882579917496973,6.8827041927415875,0.0,0.0,9.98106945335556,7.907476308406331,0.0007195425569079816,0.0007195425569079816,0.0,0.0008767914841882885,7.905879974365234,0.0,0.0,10.235445022583008
79,0.01,0.00784,2.0660266595654595,0.0013655568640137225,0.0013655568640137225,0.0,0.0008779263086635881,6.882174099681702,0.0,0.0,10.009957493842432,7.906973713717889,0.0007097103516571224,0.0007097103516571224,0.0,0.0008675418794155121,7.905396461486816,0.0,0.0,10.278959274291992
80,0.01,0.00784,2.065829859072407,0.0013191349236361873,0.0013191349236361873,0.0,0.0008718519121535292,6.881673054826579,0.0,0.0,10.047270962882703,7.906578947091475,0.000878174789249897,0.000878174789249897,0.0,0.0008631639648228884,7.904837608337402,0.0,0.0,10.314422607421875
81,0.01,0.00784,2.070464937651847,0.006084539123259506,0.006084539123259506,0.0,0.0008648224937714007,6.881238908867273,0.0,0.0,10.087180548101777,7.927302941447124,0.02192031405866146,0.02192031405866146,0.0,0.0008592547383159399,7.9045233726501465,0.0,0.0,10.388543128967285
82,0.01,0.00784,2.074037668210526,0.009614229135130357,0.009614229135130357,0.0,0.0008547958322250284,6.881382572778957,0.0,0.0,10.142706777620914,7.908372327859979,0.0025007431395351887,0.0025007431395351887,0.0,0.0008394268224947155,7.905032157897949,0.0,0.0,10.338728904724121
83,0.01,0.00784,2.0666195014834243,0.002156874305803827,0.002156874305803827,0.0,0.0008397872073856447,6.881513729824701,0.0,0.0,9.968584937192563,7.906629162840545,0.0011936387745663524,0.0011936387745663524,0.0,0.0008334732847288251,7.90460205078125,0.0,0.0,10.163846969604492
84,0.01,0.00784,2.0652298507548745,0.0009769872955863522,0.0009769872955863522,0.0,0.0008395573680771016,6.880814592350991,0.0,0.0,9.879204204561905,7.905437299108598,0.0009548551752232015,0.0009548551752232015,0.0,0.0008354979800060391,7.903646945953369,0.0,0.0,10.147333145141602
85,0.01,0.00784,2.0648703140727567,0.0009298935364405798,0.0009298935364405798,0.0,0.0008413519339256388,6.879773001483512,0.0,0.0,9.950769368993129,7.904348684241995,0.0010274966480210423,0.0010274966480210423,0.0,0.0008339096093550324,7.902487277984619,0.0,0.0,10.255695343017578
86,0.01,0.00784,2.064638366210183,0.0010323821148041962,0.0010323821148041962,0.0,0.0008354480716478968,6.878658460010891,0.0,0.0,10.06493065558323,7.903039170545526,0.0010063920635730028,0.0010063920635730028,0.0,0.0008272387785837054,7.901205539703369,0.0,0.0,10.401309967041016
87,0.01,0.00784,2.064595569640747,0.0014952115266237789,0.0014952115266237789,0.0,0.0008362679955677067,6.876973040625234,0.0,0.0,10.250313715654302,7.900227356993128,0.0015886934706941247,0.0015886934706941247,0.0,0.0008358337800018489,7.897802829742432,0.0,0.0,10.744855880737305
88,0.01,0.00784,2.063162614864181,0.001766507000991542,0.001766507000991542,0.0,0.0008359289405949515,6.871292172711823,0.0,0.0,10.67326809123717,7.889913326827809,0.0012313139159232378,0.0012313139159232378,0.0,0.0008450797758996487,7.887836933135986,0.0,0.0,11.529622077941895
89,0.01,0.00784,2.059162860336619,0.0029288225960785205,0.0029288225960785205,0.0,0.0008250038699746218,6.854085769372512,0.0,0.0,11.868274289284965,7.86339353735093,0.004650940652936697,0.004650940652936697,0.0,0.0007880945922806859,7.857954502105713,0.0,0.0,13.089519500732422
90,0.01,0.00784,2.0544683320002637,0.003738470943964341,0.003738470943964341,0.0,0.0007900231858877502,6.835739480735465,0.0,0.0,13.401531522426062,7.8417344795307145,0.0037877620197832584,0.0037877620197832584,0.0,0.0007703945739194751,7.837176322937012,0.0,0.0,14.253220558166504
91,0.01,0.00784,2.049851461484462,0.004663394218339955,0.004663394218339955,0.0,0.0007762099383547547,6.817267463252554,0.0,0.0,14.806882964725705,7.857720076222904,0.005715993233025074,0.005715993233025074,0.0,0.0007744153263047338,7.851229667663574,0.0,0.0,16.101268768310547
92,0.01,0.00784,2.0552403964775245,0.009779866153249373,0.009779866153249373,0.0,0.0007642744000419297,6.81817584316082,0.0,0.0,15.791309588213181,7.838425648282282,0.01011163741350174,0.01011163741350174,0.0,0.0007588312728330493,7.827555179595947,0.0,0.0,16.513141632080078
93,0.01,0.00784,2.051724783649308,0.0073977556537802094,0.0073977556537802094,0.0,0.000765331647591473,6.814397742690415,0.0,0.0,16.196131027784443,7.836819574004039,0.00409385422244668,0.00409385422244668,0.0,0.0007631343323737383,7.831962585449219,0.0,0.0,16.56698226928711
94,0.01,0.00784,2.049453791498236,0.005492493755878846,0.005492493755878846,0.0,0.0007588301184539786,6.813178891755239,0.0,0.0,16.01734969747207,7.853010515449569,0.004404980689287186,0.004404980689287186,0.0,0.0007628414314240217,7.847842693328857,0.0,0.0,16.54488182067871
95,0.01,0.00784,2.0488482650009523,0.004456137059630821,0.004456137059630821,0.0,0.0007528631457014897,6.814614870685608,0.0,0.0,16.0333485892379,7.83029677614104,0.0023597432300448418,0.0023597432300448418,0.0,0.0007394811837002635,7.827197551727295,0.0,0.0,16.469768524169922
96,0.01,0.00784,2.045410543662444,0.0015051881326488936,0.0015051881326488936,0.0,0.0007410067700632831,6.812992792524224,0.0,0.0,16.225234312127554,7.817708387796301,0.0018092814134433866,0.0018092814134433866,0.0,0.0007254804368130863,7.815173625946045,0.0,0.0,16.847131729125977
97,0.01,0.00784,2.0436549183565806,0.0013093391834299365,0.0013093391834299365,0.0,0.000720189884984884,6.807794300859592,0.0,0.0,16.756882653142906,7.823656813066918,0.002175885485485196,0.002175885485485196,0.0,0.0006958819576539099,7.820785045623779,0.0,0.0,17.396339416503906
98,0.01,0.00784,2.04376309356632,0.0017223756714192305,0.0017223756714192305,0.0,0.0006981708159589645,6.8067788607118045,0.0,0.0,17.089058945308466,7.8154911960009485,0.0010497905313968658,0.0010497905313968658,0.0,0.0006835090462118387,7.81375789642334,0.0,0.0,17.672988891601562
99,0.01,0.00784,2.0432508454443954,0.0011871844311895725,0.0011871844311895725,0.0,0.0006847843490048317,6.806855772435777,0.0,0.0,17.368397067635993,7.825430775934365,0.001732396543957293,0.001732396543957293,0.0,0.0006669539143331349,7.823031425476074,0.0,0.0,17.65570831298828
100,0.01,0.00784,2.0440780812662833,0.0012224889878948973,0.0012224889878948973,0.0,0.0006777771088848526,6.809495674751653,0.0,0.0,17.29810296861466,7.856849703937769,0.0010580301750451326,0.0010580301750451326,0.0,0.0006667233537882566,7.8551249504089355,0.0,0.0,17.656539916992188
101,0.01,0.00784,2.047125115555782,0.0013104384337716602,0.0013104384337716602,0.0,0.0006735020534463914,6.81935948415083,0.0,0.0,16.91210846323205,7.817894872627221,0.0015961234457790852,0.0015961234457790852,0.0,0.0006711742607876658,7.815627574920654,0.0,0.0,17.34723663330078
102,0.01,0.00784,2.043919394241183,0.002067520406892677,0.002067520406892677,0.0,0.0006748312145445619,6.806149959743296,0.0,0.0,17.520527202468948,7.8231209052028134,0.0016100970096886158,0.0016100970096886158,0.0,0.0006656810874119401,7.820845127105713,0.0,0.0,18.05208396911621
103,0.01,0.00784,2.04354144172574,0.0013510057002349776,0.0013510057002349776,0.0,0.0006723965960826733,6.807278768579114,0.0,0.0,17.68633989434252,7.814750071614981,0.0014775252202525735,0.0014775252202525735,0.0,0.0006638275226578116,7.81260871887207,0.0,0.0,18.155122756958008
104,0.01,0.00784,2.043955827375777,0.002990861788999214,0.002990861788999214,0.0,0.0006677677990037227,6.803194048169552,0.0,0.0,17.994702516611806,7.814469558827113,0.0017466365825384855,0.0017466365825384855,0.0,0.0006573208956979215,7.812065601348877,0.0,0.0,18.4804630279541
105,0.01,0.00784,2.042837783006787,0.0019009500265174347,0.0019009500265174347,0.0,0.0006685231647950084,6.803100228336494,0.0,0.0,18.135447137729916,7.822773257270455,0.0036731830332428217,0.0036731830332428217,0.0,0.0006591600831598043,7.818440914154053,0.0,0.0,18.410869598388672
106,0.01,0.00784,2.0440964603118275,0.002489527555080423,0.002489527555080423,0.0,0.0006641439942277072,6.805333895910013,0.0,0.0,18.016458810499532,7.817784961254802,0.003497941419482231,0.003497941419482231,0.0,0.0006473790272139013,7.8136396408081055,0.0,0.0,18.41301918029785
107,0.01,0.00784,2.0436265847795685,0.0029127586343594514,0.0029127586343594514,0.0,0.0006476866425163899,6.802357481878615,0.0,0.0,18.083002323697066,7.816150087979622,0.0027333975303918123,0.0027333975303918123,0.0,0.000627250294201076,7.812789440155029,0.0,0.0,18.57438850402832
108,0.01,0.00784,2.0422551533379116,0.0016520764908749068,0.0016520764908749068,0.0,0.0006176441214173992,6.801989391243521,0.0,0.0,18.17677112124608,7.817029384721536,0.0021870415657758713,0.0021870415657758713,0.0,0.0005999801796860993,7.814242362976074,0.0,0.0,18.51799964904785
109,0.01,0.00784,2.042194534589123,0.0012129961509032524,0.0012129961509032524,0.0,0.0006047180268917984,6.8032513010074736,0.0,0.0,18.162465048169405,7.818393446854316,0.0014395088655874133,0.0014395088655874133,0.0,0.000597755890339613,7.816356182098389,0.0,0.0,18.498748779296875
110,0.01,0.00784,2.0418475587027873,0.0008420215578572386,0.0008420215578572386,0.0,0.0006042072642818434,6.803331513663806,0.0,0.0,18.19975126560612,7.812744260241743,0.0011198882712051272,0.0011198882712051272,0.0,0.0005939840921200812,7.811030387878418,0.0,0.0,18.563989639282227
111,0.01,0.00784,2.041990893219953,0.0014452460893881172,0.0014452460893881172,0.0,0.000599319513395622,6.801798523999099,0.0,0.0,18.387996167555638,7.810573480615858,0.0009242251398973167,0.0009242251398973167,0.0,0.0005910660838708282,7.80905818939209,0.0,0.0,18.70547866821289
112,0.01,0.00784,2.0417300623545303,0.0016752194731985896,0.0016752194731985896,0.0,0.0005993921836709023,6.800162471890727,0.0,0.0,18.498476486188864,7.81194399605738,0.0022806571796536446,0.0022806571796536446,0.0,0.0005894138594157994,7.8090739250183105,0.0,0.0,18.92449188232422
113,0.01,0.00784,2.060171454330806,0.02015438385332693,0.02015438385332693,0.0,0.0005881487002947543,6.800036963107019,0.0,0.0,18.524591994932088,7.845488475111779,0.03196476772427559,0.03196476772427559,0.0,0.0005850172019563615,7.812938690185547,0.0,0.0,18.88150978088379
114,0.01,0.00784,2.055475839921442,0.014968418792317015,0.014968418792317015,0.0,0.0005844066089012814,6.801671621488395,0.0,0.0,18.243175698143297,7.816212914302014,0.006479620933532715,0.006479620933532715,0.0,0.0005768755218014121,7.80915641784668,0.0,0.0,18.339475631713867
115,0.01,0.00784,2.043853908749211,0.0035659411676132345,0.0035659411676132345,0.0,0.0005747860841450137,6.800940501647825,0.0,0.0,17.856304777597114,7.818091811437625,0.0039039067924022675,0.0039039067924022675,0.0,0.0005620921147055924,7.813625812530518,0.0,0.0,18.145660400390625
116,0.01,0.00784,2.042523564351021,0.0018449363531977657,0.0018449363531977657,0.0,0.0005588837203657051,6.802243232941955,0.0,0.0,17.792814330550378,7.813969213399105,0.002201459836214781,0.002201459836214781,0.0,0.0005499686812981963,7.811217784881592,0.0,0.0,18.1512451171875
117,0.01,0.00784,2.0416781858703503,0.0011314448116699098,0.0011314448116699098,0.0,0.0005490479352037878,6.801803878844926,0.0,0.0,17.938707288502663,7.809825149073731,0.0012270513689145446,0.0012270513689145446,0.0,0.0005455578793771565,7.8080525398254395,0.0,0.0,18.4163818359375
118,0.01,0.00784,2.0408510965502815,0.0009431892508571572,0.0009431892508571572,0.0,0.0005501930005328636,6.799674374025858,0.0,0.0,18.285385516801444,7.81360256136395,0.00075522530823946,0.00075522530823946,0.0,0.0005433161277323961,7.8123040199279785,0.0,0.0,18.743635177612305
119,0.01,0.00784,2.040763554922529,0.000668960916842442,0.000668960916842442,0.0,0.0005493604781719348,6.8002967464837,0.0,0.0,18.496990788540796,7.811621655127965,0.0007385208155028522,0.0007385208155028522,0.0,0.0005451139877550304,7.810338020324707,0.0,0.0,18.94422721862793
120,0.01,0.00784,2.040484601891888,0.0008301925266706894,0.0008301925266706894,0.0,0.0005506903410761959,6.798829298664839,0.0,0.0,18.695153253223342,7.807597836712375,0.0005875309580005705,0.0005875309580005705,0.0,0.0005456336657516658,7.806464672088623,0.0,0.0,19.153385162353516
121,0.01,0.00784,2.0399838486455555,0.0005725365151377204,0.0005725365151377204,0.0,0.0005467554218157145,6.798019066478724,0.0,0.0,18.89335283476988,7.810044544516131,0.0006511483807116747,0.0006511483807116747,0.0,0.0005369088612496853,7.80885648727417,0.0,0.0,19.331289291381836
122,0.01,0.00784,2.0399947788488677,0.0005945625941296125,0.0005945625941296125,0.0,0.0005384255227513755,6.7979826095146665,0.0,0.0,18.990930327303214,7.807729193591513,0.0007052450091578066,0.0007052450091578066,0.0,0.000532096775714308,7.806491851806641,0.0,0.0,19.409744262695312
123,0.01,0.00784,2.0404464856540345,0.0012489343372210054,0.0012489343372210054,0.0,0.00053854110295526,6.797306945337734,0.0,0.0,19.109187288412528,7.812779140484054,0.002110676374286413,0.002110676374286413,0.0,0.0005311922286637127,7.8101372718811035,0.0,0.0,19.506855010986328
124,0.01,0.00784,2.040705199647442,0.0014500119019115229,0.0014500119019115229,0.0,0.0005346384522022619,6.797499169632126,0.0,0.0,19.101001135763717,7.811013475176878,0.0010777682764455676,0.0010777682764455676,0.0,0.0005241811741143465,7.809411525726318,0.0,0.0,19.41522979736328
125,0.01,0.00784,2.03994267344606,0.0007448182203160019,0.0007448182203160019,0.0,0.0005306031962303544,6.797308265710678,0.0,0.0,19.051034031789683,7.806653596868273,0.001782084465958178,0.001782084465958178,0.0,0.0005235204589553177,7.804347991943359,0.0,0.0,19.408252716064453
126,0.01,0.00784,2.040469192936132,0.0016242875165628457,0.0016242875165628457,0.0,0.0005290554871086145,6.796131740063753,0.0,0.0,19.0967315920825,7.805964834231418,0.0009669615537859499,0.0009669615537859499,0.0,0.0005187505157664418,7.804479122161865,0.0,0.0,19.50057601928711
127,0.01,0.00784,2.039906553858106,0.0011336175722899775,0.0011336175722899775,0.0,0.000517556736626084,6.79589223908257,0.0,0.0,19.115390224280567,7.803653888346162,0.0011664150515571237,0.0011664150515571237,0.0,0.000506024167407304,7.801981449127197,0.0,0.0,19.46935272216797
128,0.01,0.00784,2.041264940855483,0.002499747249842719,0.002499747249842719,0.0,0.0005079207596793055,6.795866748549351,0.0,0.0,19.1347364349583,7.8113197517814115,0.011093460023403168,0.011093460023403168,0.0,0.000504573923535645,7.799721717834473,0.0,0.0,19.533267974853516
129,0.01,0.00784,2.046955728096542,0.00887217761288741,0.00887217761288741,0.0,0.0005151303042433815,6.793594350036149,0.0,0.0,19.123963930600933,7.830433128750883,0.019791414961218834,0.019791414961218834,0.0,0.0005139786517247558,7.8101277351379395,0.0,0.0,19.24001121520996
130,0.01,0.00784,2.0487486595921682,0.00948318369200113,0.00948318369200113,0.0,0.0005168468469591669,6.797534086161083,0.0,0.0,18.562979026748014,7.830241675954312,0.01411367766559124,0.01411367766559124,0.0,0.0005080527625977993,7.815619945526123,0.0,0.0,18.849939346313477
131,0.01,0.00784,2.0478880729755455,0.008097319512872934,0.008097319512872934,0.0,0.0005129403782374516,6.79928501071556,0.0,0.0,18.045071755381088,7.811734632123262,0.005485351663082838,0.005485351663082838,0.0,0.0005060629919171333,7.805743217468262,0.0,0.0,18.374263763427734
132,0.01,0.00784,2.045105558369273,0.006064069146031025,0.006064069146031025,0.0,0.0005048654201298993,6.796787928739765,0.0,0.0,17.866558862934156,7.817564952245448,0.004205190576612949,0.004205190576612949,0.0,0.0004940275684930384,7.812865734100342,0.0,0.0,18.17782974243164
133,0.01,0.00784,2.0437777757485223,0.004134265606465852,0.004134265606465852,0.0,0.00048052364427021715,6.798795225707485,0.0,0.0,17.69966106519382,7.8096930779574905,0.0021416086237877607,0.0021416086237877607,0.0,0.0004712004738394171,7.807080268859863,0.0,0.0,18.04869842529297
134,0.01,0.00784,2.0413499610261625,0.001957933933349847,0.001957933933349847,0.0,0.0004774442989073146,6.797957229012526,0.0,0.0,17.734277842987364,7.8072075742529705,0.0016754277748987079,0.0016754277748987079,0.0,0.00047509768046438694,7.805057048797607,0.0,0.0,18.1010799407959
135,0.01,0.00784,2.0400670688167075,0.001092203193114668,0.001092203193114668,0.0,0.0004786477681300938,6.7965664728554795,0.0,0.0,17.92945393023838,7.804360614623874,0.001057337736710906,0.001057337736710906,0.0,0.00047305761836469173,7.802830219268799,0.0,0.0,18.478376388549805
136,0.01,0.00784,2.0395848794232543,0.0007819769849645337,0.0007819769849645337,0.0,0.00047748244550972936,6.795993504351949,0.0,0.0,18.29880276713446,7.805760883813491,0.0009549991227686405,0.0009549991227686405,0.0,0.0004731515364255756,7.804332733154297,0.0,0.0,18.855770111083984
137,0.006999999999999999,0.00784,2.0393337682796298,0.0007400503079893766,0.0007400503079893766,0.0,0.00047891280984308453,6.7952962740836025,0.0,0.0,18.641926469088656,7.803893194766715,0.0007751881494186819,0.0007751881494186819,0.0,0.00047661486314609647,7.80264139175415,0.0,0.0,19.144817352294922
138,0.006999999999999999,0.007683199999999999,2.0388221790745917,0.0006123029478789654,0.0006123029478789654,0.0,0.0004864407917000022,6.7940212706212915,0.0,0.0,18.984358490610305,7.804054390348028,0.0008814090397208929,0.0008814090397208929,0.0,0.0004867668612860143,7.8026862144470215,0.0,0.0,19.475522994995117
139,0.006999999999999999,0.007683199999999999,2.038636981210758,0.0006600234796933867,0.0006600234796933867,0.0,0.0004939453162521428,6.793244707945242,0.0,0.0,19.284993392255494,7.80419091071235,0.00074916728772223,0.00074916728772223,0.0,0.0004918380291201174,7.802949905395508,0.0,0.0,19.75960922241211
140,0.006999999999999999,0.007683199999999999,2.038495862433218,0.0005968897928484694,0.0005968897928484694,0.0,0.0004967314107744577,6.792984594475325,0.0,0.0,19.506535168406142,7.8020581202581525,0.000630968832410872,0.000630968832410872,0.0,0.0004923598608002067,7.800934791564941,0.0,0.0,19.973400115966797
141,0.006999999999999999,0.007683199999999999,2.0384043338299,0.0006708069903762552,0.0006708069903762552,0.0,0.0004971291353901717,6.792433338771314,0.0,0.0,19.706604437440163,7.801399864838459,0.000640791142359376,0.000640791142359376,0.0,0.0004913773154839873,7.800267696380615,0.0,0.0,20.14792251586914
142,0.006999999999999999,0.007683199999999999,2.0381943653545767,0.0005299648573873039,0.0005299648573873039,0.0,0.0004955698413852057,6.792202786984526,0.0,0.0,19.876901752091115,7.8016926678828895,0.0008006383432075381,0.0008006383432075381,0.0,0.0004922492662444711,7.8003997802734375,0.0,0.0,20.302400588989258
143,0.006999999999999999,0.007683199999999999,2.038405749028005,0.0007404356255545036,0.0007404356255545036,0.0,0.0004958369071599708,6.792205941208781,0.0,0.0,20.01721541456946,7.801637414959259,0.0006869303761050105,0.0006869303761050105,0.0,0.0004925301764160395,7.800457954406738,0.0,0.0,20.438814163208008
144,0.006999999999999999,0.007683199999999999,2.03826718402218,0.0006026746599311531,0.0006026746599311531,0.0,0.0004969024822132478,6.79220304372371,0.0,0.0,20.14570944717374,7.800884196825791,0.0006262189126573503,0.0006262189126573503,0.0,0.0004928678972646594,7.799765110015869,0.0,0.0,20.509557723999023
145,0.006999999999999999,0.007683199999999999,2.0387920346772797,0.0012315845794871594,0.0012315845794871594,0.0,0.0004939984642297297,6.791856445825978,0.0,0.0,20.235167136515038,7.799590093374718,0.0010943457018584013,0.0010943457018584013,0.0,0.0004853983991779387,7.798010349273682,0.0,0.0,20.586729049682617
146,0.006999999999999999,0.007683199999999999,2.0384612221303655,0.001271301103527041,0.001271301103527041,0.0,0.0004860921001916763,6.790621310291162,0.0,0.0,20.306988765768416,7.803921350801829,0.0018928064964711666,0.0018928064964711666,0.0,0.0004757717833854258,7.801552772521973,0.0,0.0,20.646516799926758
147,0.006999999999999999,0.007683199999999999,2.0398581971592997,0.002772560349750596,0.002772560349750596,0.0,0.0004771809202531732,6.790273905498855,0.0,0.0,20.254624388608875,7.8045397300156765,0.005946174263954163,0.005946174263954163,0.0,0.0004706729087047279,7.798122882843018,0.0,0.0,20.650423049926758
148,0.006999999999999999,0.007683199999999999,2.0403589465675314,0.0035701533981127866,0.0035701533981127866,0.0,0.00047083677780790476,6.789284616070758,0.0,0.0,20.178921096287134,7.804973776102997,0.00417776545509696,0.00417776545509696,0.0,0.0004682327853515744,7.800327777862549,0.0,0.0,20.42186737060547
149,0.006999999999999999,0.007683199999999999,2.039410889452653,0.0020412738388939414,0.0020412738388939414,0.0,0.00047031647362748047,6.79122075960762,0.0,0.0,19.950263945818,7.804927309654886,0.002185398479923606,0.002185398479923606,0.0,0.00046434617252089083,7.802277565002441,0.0,0.0,20.143207550048828
150,0.006999999999999999,0.007683199999999999,2.038909455821797,0.0012372516914607341,0.0012372516914607341,0.0,0.0004612565700831935,6.792229707921768,0.0,0.0,19.687852156329708,7.7992875464842655,0.0010002057533711195,0.0010002057533711195,0.0,0.00045628222869709134,7.797831058502197,0.0,0.0,19.989038467407227
151,0.006999999999999999,0.007683199999999999,2.037893862853358,0.0007172136687137342,0.0007172136687137342,0.0,0.0004606261937097444,6.7905777379840195,0.0,0.0,19.707587528594097,7.800273010274395,0.0008010026649571955,0.0008010026649571955,0.0,0.00045743928058072925,7.799014568328857,0.0,0.0,20.132299423217773
152,0.006999999999999999,0.007683199999999999,2.0376753599174324,0.0006278805630280234,0.0006278805630280234,0.0,0.0004587848388421255,6.790147296404361,0.0,0.0,19.888189582277416,7.802101589913946,0.0008120341808535159,0.0008120341808535159,0.0,0.00045346945989876986,7.800836086273193,0.0,0.0,20.37025260925293
153,0.006999999999999999,0.007683199999999999,2.0380724902581115,0.0006599256409876885,0.0006599256409876885,0.0,0.0004546769748840868,6.791364240134174,0.0,0.0,20.062831292975847,7.801127823418938,0.0009741394896991551,0.0009741394896991551,0.0,0.00045056274393573403,7.799703121185303,0.0,0.0,20.486675262451172
154,0.006999999999999999,0.007683199999999999,2.0377772519702604,0.0007740555465856902,0.0007740555465856902,0.0,0.00045393567400364167,6.789999708050871,0.0,0.0,20.259627792162405,7.799558214755962,0.0009009423083625734,0.0009009423083625734,0.0,0.00045046626473776996,7.798206806182861,0.0,0.0,20.73339080810547
155,0.006999999999999999,0.007683199999999999,2.038147278446605,0.001189440408899464,0.001189440408899464,0.0,0.0004539337257718506,6.789848635379892,0.0,0.0,20.456632770442912,7.802877789712511,0.002225528471171856,0.002225528471171856,0.0,0.00045227573718875647,7.80019998550415,0.0,0.0,20.91379165649414
156,0.006999999999999999,0.007529535999999999,2.0392467888122465,0.0018054882297869489,0.0018054882297869489,0.0,0.0004530516680247175,6.7914600772036735,0.0,0.0,20.522928954119937,7.807429370470345,0.0034051889088004827,0.0034051889088004827,0.0,0.00044485111720860004,7.803579330444336,0.0,0.0,20.93871307373047
157,0.006999999999999999,0.007529535999999999,2.0395859742490177,0.002531463547330815,0.002531463547330815,0.0,0.0004484894761121985,6.7901707330241114,0.0,0.0,20.511373487088715,7.813169089786243,0.00656539760529995,0.00656539760529995,0.0,0.000443719036411494,7.806159973144531,0.0,0.0,20.964061737060547
158,0.006999999999999999,0.007529535999999999,2.0459112044698253,0.00814965640641802,0.00814965640641802,0.0,0.00044654291336998145,6.792527782113817,0.0,0.0,20.3339736825007,7.817906423122622,0.011677544564008713,0.011677544564008713,0.0,0.0004441762575879693,7.805784702301025,0.0,0.0,20.802963256835938
159,0.006999999999999999,0.007529535999999999,2.0442136235093096,0.007105329815183032,0.007105329815183032,0.0,0.00044594434616280446,6.790350120359329,0.0,0.0,20.051930841099068,7.8070969938416965,0.0044517009519040585,0.0044517009519040585,0.0,0.00044926704140380025,7.802196025848389,0.0,0.0,20.150209426879883
160,0.004899999999999999,0.007529535999999999,2.0420083646208833,0.004783320161477607,0.004783320161477607,0.0,0.0004498962952302882,6.790739300284496,0.0,0.0,19.564008785979336,7.805956386553589,0.0060912673361599445,0.0060912673361599445,0.0,0.00044523930409923196,7.79941987991333,0.0,0.0,19.717327117919922
161,0.004899999999999999,0.007529535999999999,2.0407641060507165,0.004212946860408408,0.004212946860408408,0.0,0.0004468395550942924,6.788496096684162,0.0,0.0,19.25395596685519,7.802198544028215,0.002123732352629304,0.002123732352629304,0.0,0.00043987820390611887,7.79963493347168,0.0,0.0,19.657974243164062
162,0.004899999999999999,0.007529535999999999,2.03869195646037,0.001984457439727207,0.001984457439727207,0.0,0.0004400266116086566,6.789017387257756,0.0,0.0,19.18037604354392,7.803614788892446,0.0032808317337185144,0.0032808317337185144,0.0,0.0004381937615107745,7.799895763397217,0.0,0.0,19.588455200195312
163,0.004899999999999999,0.007529535999999999,2.0386778361077798,0.00145081811460483,0.00145081811460483,0.0,0.00044016449913453676,6.790749313112653,0.0,0.0,19.189809372680635,7.800288385304157,0.001408214564435184,0.001408214564435184,0.0,0.0004382838378660381,7.7984418869018555,0.0,0.0,19.592334747314453
164,0.004899999999999999,0.007529535999999999,2.0377427014948934,0.0009437202264705929,0.0009437202264705929,0.0,0.0004384365446347815,6.789322430084786,0.0,0.0,19.402352016084784,7.8033953559352085,0.0008958057733252645,0.0008958057733252645,0.0,0.00043179350905120373,7.802067756652832,0.0,0.0,19.93035888671875
165,0.004899999999999999,0.007529535999999999,2.0372432481621763,0.0007372876916048899,0.0007372876916048899,0.0,0.00043411076498433486,6.788345720876681,0.0,0.0,19.690380327959275,7.7985843370552175,0.001040675793774426,0.001040675793774426,0.0,0.00043310370529070497,7.797110557556152,0.0,0.0,20.394634246826172
166,0.004899999999999999,0.007529535999999999,2.0371941594519907,0.000738648766058362,0.000738648766058362,0.0,0.0004311009535365129,6.7881776667425635,0.0,0.0,20.17080789094826,7.797418365284102,0.0008221921743825078,0.0008221921743825078,0.0,0.000427845778176561,7.796168327331543,0.0,0.0,20.664670944213867
167,0.004899999999999999,0.007529535999999999,2.037119931167668,0.0006630113444936731,0.0006630113444936731,0.0,0.0004303393238392683,6.788182361401919,0.0,0.0,20.41847449209333,7.797798750019865,0.0008367718546651304,0.0008367718546651304,0.0,0.000426009384682402,7.796535968780518,0.0,0.0,20.92044448852539
168,0.004899999999999999,0.007529535999999999,2.036945985651361,0.0007386828530174629,0.0007386828530174629,0.0,0.00043282777392909854,6.787350416416285,0.0,0.0,20.663259763251308,7.804070122481789,0.0010778388241305947,0.0010778388241305947,0.0,0.00042909319745376706,7.802563190460205,0.0,0.0,21.23894691467285
169,0.004899999999999999,0.007529535999999999,2.0385700790078274,0.0011150687040134414,0.0011150687040134414,0.0,0.0004314636683756557,6.791509261095827,0.0,0.0,20.8026700313181,7.815105298359413,0.0018456082325428724,0.0018456082325428724,0.0,0.00042495044181123376,7.812834739685059,0.0,0.0,21.15706443786621
170,0.004899999999999999,0.007529535999999999,2.0387712824066466,0.00138387341371979,0.00138387341371979,0.0,0.0004290277452126358,6.791284027477841,0.0,0.0,20.76929834185755,7.804014140216168,0.0013210279867053032,0.0013210279867053032,0.0,0.00042651448165997863,7.802266597747803,0.0,0.0,21.483278274536133
171,0.004899999999999999,0.007529535999999999,2.037062925621955,0.0010030131942336136,0.0010030131942336136,0.0,0.0004264198807816522,6.7868591276501355,0.0,0.0,21.1315832161701,7.796279934642371,0.000952394912019372,0.000952394912019372,0.0,0.0004233077052049339,7.7949042320251465,0.0,0.0,21.665794372558594
172,0.004899999999999999,0.007529535999999999,2.0371970732248137,0.0011449803475850429,0.0011449803475850429,0.0,0.00042465016251254817,6.786833160315575,0.0,0.0,21.37591211709666,7.797280409518862,0.0010758318239822984,0.0010758318239822984,0.0,0.0004186737642157823,7.795785903930664,0.0,0.0,21.807077407836914
173,0.004899999999999999,0.007529535999999999,2.0369366926792347,0.0011023558418551615,0.0011023558418551615,0.0,0.0004223102857654667,6.786107211935702,0.0,0.0,21.43788247633901,7.796930404379964,0.0016446842346340418,0.0016446842346340418,0.0,0.00041915825568139553,7.794866561889648,0.0,0.0,21.910266876220703
174,0.004899999999999999,0.007529535999999999,2.0366916482610633,0.001038280386829202,0.001038280386829202,0.0,0.0004242131378050998,6.785504021562571,0.0,0.0,21.536023591467863,7.796315509767737,0.0014097961829975247,0.0014097961829975247,0.0,0.00042443611891940236,7.79448127746582,0.0,0.0,22.005901336669922
175,0.004899999999999999,0.007529535999999999,2.036988561776228,0.001363070500439936,0.001363070500439936,0.0,0.0004298642027620962,6.785411045301116,0.0,0.0,21.62327786863034,7.796370320371352,0.0019191070459783077,0.0019191070459783077,0.0,0.0004276995314285159,7.794023513793945,0.0,0.0,22.047874450683594
176,0.004899999999999999,0.007529535999999999,2.037378612351336,0.0018348625762105435,0.0018348625762105435,0.0,0.00043000401794618154,6.785138498319312,0.0,0.0,21.646334110799565,7.796224734192947,0.0010555153712630272,0.0010555153712630272,0.0,0.00042472724453546107,7.794744491577148,0.0,0.0,22.02101707458496
177,0.004899999999999999,0.007529535999999999,2.036565823123155,0.0007482029677762829,0.0007482029677762829,0.0,0.00042662913360841636,6.786051426178829,0.0,0.0,21.554542501245137,7.79578542872332,0.0006604305235669017,0.0006604305235669017,0.0,0.0004210377810522914,7.794703960418701,0.0,0.0,21.893850326538086
178,0.004899999999999999,0.007529535999999999,2.036801158779414,0.0009151111363076719,0.0009151111363076719,0.0,0.00042323413019249793,6.786279593958913,0.0,0.0,21.54117749962828,7.800542343931738,0.001674653380177915,0.001674653380177915,0.0,0.00041626690654084086,7.7984514236450195,0.0,0.0,21.93433380126953
179,0.004899999999999999,0.007529535999999999,2.037737326127368,0.0012130931923406893,0.0012130931923406893,0.0,0.0004201739265170436,6.78840697151046,0.0,0.0,21.53686612966694,7.818238868931076,0.0010988733265548944,0.0010988733265548944,0.0,0.000414741545682773,7.816725254058838,0.0,0.0,21.912065505981445
180,0.004899999999999999,0.007529535999999999,2.038859890182516,0.0010303433072658512,0.0010303433072658512,0.0,0.00041944504288981286,6.792757967130343,0.0,0.0,21.264933682755974,7.799092020606622,0.0013030024711042643,0.0013030024711042643,0.0,0.000419538002461195,7.797369480133057,0.0,0.0,21.776962280273438
181,0.004899999999999999,0.007529535999999999,2.0372203414844936,0.0015837101302169506,0.0015837101302169506,0.0,0.00041709473976160046,6.785448272482724,0.0,0.0,21.65918697390703,7.7974691175622866,0.0007389428210444748,0.0007389428210444748,0.0,0.00041069003054872155,7.796319484710693,0.0,0.0,22.211261749267578
182,0.004899999999999999,0.0073789452799999985,2.036942868715021,0.0013200627106184316,0.0013200627106184316,0.0,0.00041408043455599817,6.785402352845902,0.0,0.0,21.81725266693787,7.802770698908716,0.0011681318283081055,0.0011681318283081055,0.0,0.00040932977572083473,7.8011932373046875,0.0,0.0,22.297645568847656
183,0.004899999999999999,0.0073789452799999985,2.0368567343540627,0.0008790508904903062,0.0008790508904903062,0.0,0.00041509864171843786,6.786585186941336,0.0,0.0,21.85418874456497,7.8085383417783305,0.0010671570198610425,0.0010671570198610425,0.0,0.00040998938493430614,7.807061195373535,0.0,0.0,22.349912643432617
184,0.004899999999999999,0.0073789452799999985,2.0373035091925216,0.0010519415633494476,0.0010519415633494476,0.0,0.00041264218064487803,6.78749833486301,0.0,0.0,21.82948130396497,7.802242415607907,0.0016314039239659905,0.0016314039239659905,0.0,0.0004062578082084656,7.800204753875732,0.0,0.0,22.376787185668945
185,0.004899999999999999,0.0073789452799999985,2.036903639958992,0.0015407632254503362,0.0015407632254503362,0.0,0.00040881415856660057,6.784536078163731,0.0,0.0,22.017829173083847,7.797894785966491,0.0010128176072612405,0.0010128176072612405,0.0,0.00040417371201328933,7.796477794647217,0.0,0.0,22.51993751525879
186,0.004899999999999999,0.0073789452799999985,2.0363197386488623,0.0010709508840647728,0.0010709508840647728,0.0,0.00040364266538452884,6.784155700724855,0.0,0.0,22.13122188198766,7.795203273097286,0.0007550094742327929,0.0007550094742327929,0.0,0.000396139599615708,7.7940521240234375,0.0,0.0,22.5604305267334
187,0.004899999999999999,0.0073789452799999985,2.0362381022225224,0.001008389145228571,0.001008389145228571,0.0,0.0003969186301331285,6.784092249469503,0.0,0.0,22.157654116623462,7.795148681616411,0.000933057046495378,0.000933057046495378,0.0,0.0003914287080988288,7.793824195861816,0.0,0.0,22.607067108154297
188,0.004899999999999999,0.0073789452799999985,2.0367869666756744,0.001632982265866704,0.001632982265866704,0.0,0.0003912933768163967,6.783839874852118,0.0,0.0,22.15651559095455,7.795858918805607,0.0009753894992172718,0.0009753894992172718,0.0,0.0003865162143483758,7.794497013092041,0.0,0.0,22.506515502929688
189,0.004899999999999999,0.0073789452799999985,2.035998008462325,0.0006715249179682472,0.0006715249179682472,0.0,0.00038846589472119975,6.784414970623169,0.0,0.0,22.058670542523636,7.796424526895862,0.001272875932045281,0.001272875932045281,0.0,0.00038617855170741677,7.794765472412109,0.0,0.0,22.3739013671875
190,0.004899999999999999,0.0073789452799999985,2.0362200297007997,0.0008413257247928086,0.0008413257247928086,0.0,0.00038771060134298993,6.784589039789585,0.0,0.0,22.009650498966643,7.794698390091071,0.0014962843852117658,0.0014962843852117658,0.0,0.00038546675932593644,7.792816638946533,0.0,0.0,22.488811492919922
191,0.004899999999999999,0.0073789452799999985,2.0363301245607843,0.0010173133584298697,0.0010173133584298697,0.0,0.0003889285303174103,6.784369381079584,0.0,0.0,22.163895700334795,7.796804731129669,0.0014049323508515954,0.0014049323508515954,0.0,0.00038494053296744823,7.79501485824585,0.0,0.0,22.611427307128906
192,0.004899999999999999,0.0073789452799999985,2.03691148904379,0.001487770157064009,0.001487770157064009,0.0,0.00038790340536597526,6.784739195534909,0.0,0.0,22.239595755765702,7.801860817038687,0.0010530648287385702,0.0010530648287385702,0.0,0.00037983854417689145,7.8004279136657715,0.0,0.0,22.652359008789062
193,0.004899999999999999,0.0073789452799999985,2.0372319805852706,0.0015430771211934313,0.0015430771211934313,0.0,0.00038219384747018996,6.785622891804533,0.0,0.0,22.198979974106432,7.8013257177372,0.0006096443394199014,0.0006096443394199014,0.0,0.0003739904204849154,7.800342082977295,0.0,0.0,22.610239028930664
194,0.004899999999999999,0.0073789452799999985,2.03685166625328,0.001618760961942621,0.001618760961942621,0.0,0.0003725261318114509,6.784103179223315,0.0,0.0,22.20469713264786,7.806307727645617,0.0005923875723965466,0.0005923875723965466,0.0,0.0003621754003688693,7.805353164672852,0.0,0.0,22.67980194091797
195,0.004899999999999999,0.0073789452799999985,2.036175927209106,0.000618975948780072,0.000618975948780072,0.0,0.0003674704867369414,6.785183611061556,0.0,0.0,22.128911029618248,7.803064602427185,0.000644445710349828,0.000644445710349828,0.0,0.00036670517874881625,7.802053451538086,0.0,0.0,22.616365432739258
196,0.004899999999999999,0.0073789452799999985,2.0359930746010146,0.0006556003664455818,0.0006556003664455818,0.0,0.0003707300571043035,6.784451831034515,0.0,0.0,22.216135928482725,7.801717852067668,0.0009327385341748595,0.0009327385341748595,0.0,0.0003681671223603189,7.800416946411133,0.0,0.0,22.71839714050293
197,0.004899999999999999,0.007231366374399998,2.0369186884679085,0.0018217515763591266,0.0018217515763591266,0.0,0.00037382736423075826,6.783650107918482,0.0,0.0,22.36122612131893,7.798956124432152,0.0019454981666058302,0.0019454981666058302,0.0,0.0003726143331732601,7.796638011932373,0.0,0.0,22.893978118896484
198,0.004899999999999999,0.007231366374399998,2.03678900991358,0.0018667432719928765,0.0018667432719928765,0.0,0.0003779050286143171,6.783067786773267,0.0,0.0,22.451263696508207,7.796755341201788,0.001882288372144103,0.001882288372144103,0.0,0.00037317871465347707,7.79449987411499,0.0,0.0,22.77710723876953
199,0.004899999999999999,0.007231366374399998,2.036170390538195,0.0011552646882150143,0.0011552646882150143,0.0,0.00037339877667194826,6.7833773041974945,0.0,0.0,22.337096871257337,7.794655887177214,0.0006882568122819066,0.0006882568122819066,0.0,0.0003670711303129792,7.793600559234619,0.0,0.0,22.630022048950195
200,0.004899999999999999,0.007231366374399998,2.035663919949469,0.0006048502675542431,0.0006048502675542431,0.0,0.0003704949046174802,6.7835238289172235,0.0,0.0,22.246637988500623,7.793982007715385,0.0006881362642161548,0.0006881362642161548,0.0,0.0003675599582493305,7.79292631149292,0.0,0.0,22.606775283813477
201,0.004899999999999999,0.007231366374399998,2.035555352163864,0.0005751086328621123,0.0005751086328621123,0.0,0.0003716094278779456,6.78326107470142,0.0,0.0,22.282986327957662,7.795421563088894,0.0010468842228874564,0.0010468842228874564,0.0,0.00036785437259823084,7.794006824493408,0.0,0.0,22.686046600341797
202,0.004899999999999999,0.007231366374399998,2.03609261945227,0.0009805751662773912,0.0009805751662773912,0.0,0.00037197491574286496,6.78370031876737,0.0,0.0,22.36357808490972,7.794445177569287,0.0012058402644470334,0.0012058402644470334,0.0,0.00037215361953713,7.792867183685303,0.0,0.0,22.736919403076172
203,0.004899999999999999,0.007231366374399998,2.036739159309769,0.0016187700212758128,0.0016187700212758128,0.0,0.00037783982263426457,6.783728193307294,0.0,0.0,22.44298778801277,7.796719188132556,0.0022343520540744066,0.0022343520540744066,0.0,0.00037263057311065495,7.794112205505371,0.0,0.0,22.758140563964844
204,0.004899999999999999,0.007231366374399998,2.037840335104022,0.0026156959116195744,0.0026156959116195744,0.0,0.00037809552057374574,6.784075744807707,0.0,0.0,22.34763979333353,7.802594773471355,0.005448265001177788,0.005448265001177788,0.0,0.0003735516220331192,7.7967729568481445,0.0,0.0,22.648099899291992
205,0.004899999999999999,0.007231366374399998,2.0415458367144246,0.006582705409240241,0.006582705409240241,0.0,0.0003783482308278455,6.783203931894577,0.0,0.0,22.238606373355612,7.805257410247577,0.00668741250410676,0.00668741250410676,0.0,0.0003698672808241099,7.7982001304626465,0.0,0.0,22.455320358276367
206,0.004899999999999999,0.007231366374399998,2.055501343019375,0.02033969378332673,0.02033969378332673,0.0,0.00037186353506562646,6.7838655854474945,0.0,0.0,21.70662756201865,7.824706820305437,0.017043685540556908,0.017043685540556908,0.0,0.0003616134636104107,7.8073015213012695,0.0,0.0,21.822967529296875
207,0.004899999999999999,0.007231366374399998,2.0438749543083756,0.007447509174704394,0.007447509174704394,0.0,0.0003640469030939008,6.788085130605423,0.0,0.0,20.744186474434702,7.815763578983024,0.014007342979311943,0.014007342979311943,0.0,0.0003612965811043978,7.801394939422607,0.0,0.0,20.797893524169922
208,0.004899999999999999,0.007231366374399998,2.0412121888202064,0.005326958342907916,0.005326958342907916,0.0,0.0003628837531565688,6.786277906815706,0.0,0.0,20.4078414466839,7.8078402318642475,0.0063655804842710495,0.0063655804842710495,0.0,0.00035723118344321847,7.801117420196533,0.0,0.0,20.83927345275879
209,0.004899999999999999,0.007231366374399998,2.0382386114825533,0.0024462178879789986,0.0024462178879789986,0.0,0.000362276004094222,6.785968536099583,0.0,0.0,20.6566530064477,7.798860520182643,0.002335919300094247,0.002335919300094247,0.0,0.00035722722532227635,7.796167373657227,0.0,0.0,21.187490463256836
210,0.003429999999999999,0.007231366374399998,2.036553763709573,0.0013742142197060033,0.0013742142197060033,0.0,0.00035964616034576225,6.783925699093461,0.0,0.0,21.056980890093385,7.796423385385424,0.0013184818672016263,0.0013184818672016263,0.0,0.00035564356949180365,7.7947492599487305,0.0,0.0,21.711589813232422
211,0.003429999999999999,0.0070867390469119985,2.0358247559058484,0.0008532778751448903,0.0008532778751448903,0.0,0.000358367844854883,6.783233676962837,0.0,0.0,21.567433329372825,7.796651817829115,0.000724857090972364,0.000724857090972364,0.0,0.0003546798543538898,7.795572280883789,0.0,0.0,22.060226440429688
212,0.003429999999999999,0.0070867390469119985,2.035916896381978,0.0008224702930278398,0.0008224702930278398,0.0,0.0003583927549420773,6.783643689438894,0.0,0.0,21.86549442829667,7.796134482574416,0.0010872222483158112,0.0010872222483158112,0.0,0.00035426716203801334,7.7946929931640625,0.0,0.0,22.29021453857422
213,0.003429999999999999,0.0070867390469119985,2.035935658968759,0.0007734624436199488,0.0007734624436199488,0.0,0.000358285283998176,6.783869473212274,0.0,0.0,22.068084164635707,7.795515136909671,0.0007565350970253348,0.0007565350970253348,0.0,0.00035314145497977734,7.794405460357666,0.0,0.0,22.496280670166016
214,0.003429999999999999,0.0070867390469119985,2.0358735726699426,0.0007660181675318114,0.0007660181675318114,0.0,0.0003565850460317183,6.783687445131169,0.0,0.0,22.279962022326206,7.7959311887971126,0.000789495708886534,0.000789495708886534,0.0,0.00034999463241547346,7.7947916984558105,0.0,0.0,22.655887603759766
215,0.003429999999999999,0.0070867390469119985,2.035928011338228,0.000808050460246457,0.000808050460246457,0.0,0.00035332336546722366,6.783728780139713,0.0,0.0,22.436615939395697,7.7949082313571125,0.0006079974700696766,0.0006079974700696766,0.0,0.00034681515535339713,7.7939534187316895,0.0,0.0,22.908235549926758
216,0.003429999999999999,0.0070867390469119985,2.035824679102282,0.0007318141658523991,0.0007318141658523991,0.0,0.0003509531731489827,6.783638371270093,0.0,0.0,22.656103000914513,7.795850515656639,0.0007368961232714355,0.0007368961232714355,0.0,0.0003438555868342519,7.794769763946533,0.0,0.0,23.107454299926758
217,0.003429999999999999,0.0070867390469119985,2.0359139155909323,0.0006922033798854309,0.0006922033798854309,0.0,0.0003478350989321665,6.784068152663281,0.0,0.0,22.80019139845957,7.796333600359503,0.0007072976441122591,0.0007072976441122591,0.0,0.0003415546379983425,7.795284748077393,0.0,0.0,23.307462692260742
218,0.003429999999999999,0.0070867390469119985,2.0356775089097825,0.0006374578298861429,0.0006374578298861429,0.0,0.00034952914769679626,6.783462504929393,0.0,0.0,22.983852363694737,7.799864466418512,0.0007791690295562148,0.0007791690295562148,0.0,0.0003444335889071226,7.798740863800049,0.0,0.0,23.606595993041992
219,0.003429999999999999,0.0070867390469119985,2.03586356662705,0.0009004792692313585,0.0009004792692313585,0.0,0.0003502582901017422,6.783206205870202,0.0,0.0,23.222819479815744,7.802602364477934,0.0011283037019893527,0.0011283037019893527,0.0,0.00034519648761488497,7.80112886428833,0.0,0.0,23.766828536987305
220,0.002400999999999999,0.0070867390469119985,2.035896029242446,0.0007537035942577121,0.0007537035942577121,0.0,0.0003519587654394172,6.783803527919139,0.0,0.0,23.344064822125684,7.805679174227407,0.0009200104977935553,0.0009200104977935553,0.0,0.00034822928137145936,7.804410934448242,0.0,0.0,23.833805084228516
221,0.002400999999999999,0.0070867390469119985,2.0365600729615174,0.0012647463617049607,0.0012647463617049607,0.0,0.00035332138780259096,6.7843147323105235,0.0,0.0,23.382977920408443,7.797747364529641,0.0009358664392493665,0.0009358664392493665,0.0,0.0003480085579212755,7.796463489532471,0.0,0.0,23.735445022583008
222,0.002400999999999999,0.006945004265973758,2.035697347460106,0.0010673777231359244,0.0010673777231359244,0.0,0.00034965153627868626,6.782096762504225,0.0,0.0,23.428580248945956,7.7950032545486465,0.0006137538584880531,0.0006137538584880531,0.0,0.0003435755497775972,7.794045925140381,0.0,0.0,23.845104217529297
223,0.002400999999999999,0.006945004265973758,2.035067483682705,0.0006650526089523322,0.0006650526089523322,0.0,0.0003480143332707006,6.781338391633178,0.0,0.0,23.52209841876423,7.796440346399322,0.001378083135932684,0.001378083135932684,0.0,0.00034161354415118694,7.794720649719238,0.0,0.0,23.93648338317871
224,0.002400999999999999,0.006945004265973758,2.0356611026734073,0.00121529709642063,0.00121529709642063,0.0,0.0003455685373781191,6.781483082501596,0.0,0.0,23.576912550208785,7.794806095480453,0.001216468750499189,0.001216468750499189,0.0,0.00034001964377239347,7.793249607086182,0.0,0.0,23.98365592956543
225,0.002400999999999999,0.006945004265973758,2.035801868723965,0.0012971114578495884,0.0012971114578495884,0.0,0.0003461731076673304,6.781679414622925,0.0,0.0,23.586851749235347,7.796041327470448,0.0017081935657188296,0.0017081935657188296,0.0,0.0003410913632251322,7.793992042541504,0.0,0.0,23.93897819519043
226,0.002400999999999999,0.006945004265973758,2.0358003861060774,0.0011412715911217268,0.0011412715911217268,0.0,0.0003488948641969593,6.7821939199466685,0.0,0.0,23.49330051651064,7.796197958610719,0.0013678669929504395,0.0013678669929504395,0.0,0.0003449994546826929,7.794485092163086,0.0,0.0,23.823448181152344
227,0.002400999999999999,0.006945004265973758,2.035933662404876,0.0012140839274298197,0.0012140839274298197,0.0,0.00035162129480656906,6.7823953501746415,0.0,0.0,23.430204948941636,7.795982527895831,0.000859372375998646,0.000859372375998646,0.0,0.0003452853416092694,7.794777870178223,0.0,0.0,23.777469635009766
228,0.002400999999999999,0.006945004265973758,2.0361128860435582,0.0013908281461672207,0.0013908281461672207,0.0,0.00035138602039102646,6.782403712536619,0.0,0.0,23.350470950867997,7.796520948846592,0.0019108665874227881,0.0019108665874227881,0.0,0.000342904677381739,7.794267177581787,0.0,0.0,23.84515953063965
229,0.002400999999999999,0.006945004265973758,2.036137281184532,0.0016337262376542895,0.0016337262376542895,0.0,0.000345593445508735,6.78167549018112,0.0,0.0,23.404659774832997,7.796789577696472,0.001309105078689754,0.001309105078689754,0.0,0.0003354378277435899,7.795145034790039,0.0,0.0,23.84300422668457
230,0.0016806999999999992,0.006945004265973758,2.035850655232777,0.0013142455151782804,0.0013142455151782804,0.0,0.0003372272697384942,6.781784971104372,0.0,0.0,23.356678226373237,7.798078285646625,0.0019255299121141434,0.0019255299121141434,0.0,0.00032822799403220415,7.7958245277404785,0.0,0.0,23.78535270690918
231,0.0016806999999999992,0.006945004265973758,2.035695776256279,0.0012040370549253562,0.0012040370549253562,0.0,0.000332693747715762,6.781636979303594,0.0,0.0,23.344835615906664,7.799510839686263,0.002028780523687601,0.002028780523687601,0.0,0.00032477156491950154,7.797157287597656,0.0,0.0,23.763351440429688
232,0.0016806999999999992,0.006945004265973758,2.035733157248353,0.0012587427933592687,0.0012587427933592687,0.0,0.00032892035257956826,6.781579323018384,0.0,0.0,23.329468679617932,7.799902810656931,0.002202496863901615,0.002202496863901615,0.0,0.000321296916808933,7.797379016876221,0.0,0.0,23.82981300354004
233,0.0016806999999999992,0.006806104180654283,2.0357011457099348,0.0011869494773908264,0.0011869494773908264,0.0,0.0003263752525669169,6.781711800437073,0.0,0.0,23.38887860118998,7.800181647995487,0.002003774978220463,0.002003774978220463,0.0,0.00032106530852615833,7.79785680770874,0.0,0.0,23.820505142211914
234,0.0016806999999999992,0.006806104180654283,2.0354334264228253,0.0009103195171381953,0.0009103195171381953,0.0,0.0003291189291865355,6.7817415821823595,0.0,0.0,23.393453865506867,7.804158412764082,0.0026113539934158325,0.0026113539934158325,0.0,0.0003247343993280083,7.801222324371338,0.0,0.0,23.914592742919922
235,0.0016806999999999992,0.006806104180654283,2.0358130778421044,0.0010794627705307206,0.0010794627705307206,0.0,0.00033158545610066604,6.782443177016826,0.0,0.0,23.459113592318175,7.803134326066356,0.0026318691670894623,0.0026318691670894623,0.0,0.00032679009018465877,7.800175666809082,0.0,0.0,23.91948890686035
236,0.0016806999999999992,0.006806104180654283,2.0358932324115093,0.001194392024968468,0.001194392024968468,0.0,0.00033364646813789303,6.782327204259934,0.0,0.0,23.525040752244983,7.801594765885966,0.0023149014450609684,0.0023149014450609684,0.0,0.00032966912840493023,7.7989501953125,0.0,0.0,24.006206512451172
237,0.0016806999999999992,0.006806104180654283,2.0367164757469465,0.0019096562120231423,0.0019096562120231423,0.0,0.0003352486955864751,6.782687262626286,0.0,0.0,23.60090151924128,7.795174244325608,0.0009358096867799759,0.0009358096867799759,0.0,0.00032888492569327354,7.793909549713135,0.0,0.0,23.883956909179688
238,0.0016806999999999992,0.006806104180654283,2.034967663412281,0.0006937113111239098,0.0006937113111239098,0.0,0.00033279564637574973,6.780911030923721,0.0,0.0,23.555319816230035,7.795297995355213,0.0010113143362104893,0.0010113143362104893,0.0,0.0003265865670982748,7.793960094451904,0.0,0.0,23.992244720458984
239,0.0016806999999999992,0.006806104180654283,2.0354486906249347,0.00107434120634924,0.00107434120634924,0.0,0.00033224668795379356,6.781245672110907,0.0,0.0,23.618820163351728,7.7956107448844705,0.0008347892435267568,0.0008347892435267568,0.0,0.0003266262647230178,7.794449329376221,0.0,0.0,24.032522201538086
240,0.0011764899999999994,0.006806104180654283,2.035653822662598,0.001328189329536201,0.001328189329536201,0.0,0.0003320550213532305,6.781083192884775,0.0,0.0,23.668308556487286,7.795319218363147,0.0010817868169397116,0.0010817868169397116,0.0,0.0003264513215981424,7.793910980224609,0.0,0.0,24.07462501525879
241,0.0011764899999999994,0.006806104180654283,2.0356912862252994,0.0014634758073667692,0.0014634758073667692,0.0,0.00033284989161234165,6.780757720954143,0.0,0.0,23.674187584929093,7.797469169658143,0.0015627230750396848,0.0015627230750396848,0.0,0.0003270131419412792,7.795579433441162,0.0,0.0,24.074552536010742
242,0.0011764899999999994,0.006806104180654283,2.0357511727965614,0.0011058911913574116,0.0011058911913574116,0.0,0.0003339807101562303,6.782149284005765,0.0,0.0,23.551249608174743,7.796188469568733,0.0006989550893194973,0.0006989550893194973,0.0,0.0003277903888374567,7.795161724090576,0.0,0.0,23.889549255371094
243,0.0011764899999999994,0.006806104180654283,2.0353464257946534,0.0007370581617069498,0.0007370581617069498,0.0,0.0003340598032291246,6.782029606869226,0.0,0.0,23.51074207030544,7.798327348311432,0.0009443917078897357,0.0009443917078897357,0.0,0.0003272353205829859,7.797055721282959,0.0,0.0,23.94277572631836
244,0.0011764899999999994,0.006669982097041197,2.0355928784226744,0.000990008371869964,0.000990008371869964,0.0,0.00033547983146159274,6.782007930746732,0.0,0.0,23.53832678535901,7.798128769616596,0.0007997777429409325,0.0007997777429409325,0.0,0.0003300142125226557,7.796998977661133,0.0,0.0,24.05113410949707
245,0.0011764899999999994,0.006669982097041197,2.035256638149346,0.0006846176166828059,0.0006846176166828059,0.0,0.0003374911575249413,6.781905088365225,0.0,0.0,23.65181253657158,7.7994733142259065,0.0008373770979233086,0.0008373770979233086,0.0,0.0003309024905320257,7.798305034637451,0.0,0.0,24.172096252441406
246,0.0011764899999999994,0.006669982097041197,2.0352062994717284,0.0005734688460667138,0.0005734688460667138,0.0,0.00033789607840759646,6.782107838966142,0.0,0.0,23.749910313209334,7.801003199449042,0.000728959625121206,0.000728959625121206,0.0,0.0003307927108835429,7.799943447113037,0.0,0.0,24.333343505859375
247,0.0011764899999999994,0.006669982097041197,2.0355036229340966,0.0007616162181464698,0.0007616162181464698,0.0,0.00033815098574293336,6.782471858451326,0.0,0.0,23.867255997641657,7.800656327279285,0.0008951490744948387,0.0008951490744948387,0.0,0.000331284711137414,7.799429893493652,0.0,0.0,24.478315353393555
248,0.0011764899999999994,0.006669982097041197,2.0358722052770597,0.0012953619237223843,0.0012953619237223843,0.0,0.00033733300775511506,6.781921189579734,0.0,0.0,23.910875741360755,7.801040188816842,0.001291976310312748,0.001291976310312748,0.0,0.000329763104673475,7.7994184494018555,0.0,0.0,24.621557235717773
249,0.0011764899999999994,0.006669982097041197,2.039232269534425,0.004693076298994307,0.004693076298994307,0.0,0.00033542453893307305,6.781795754150079,0.0,0.0,23.895217009528398,7.798485433275346,0.004368222784250975,0.004368222784250975,0.0,0.00033068476477637887,7.793786525726318,0.0,0.0,24.6588134765625
250,0.0008235429999999996,0.006669982097041197,2.0397493735192307,0.005653634288253187,0.005653634288253187,0.0,0.0003248039756155815,6.780317669993615,0.0,0.0,23.678035641239486,7.798945915652439,0.005614245310425758,0.005614245310425758,0.0,0.0003200049977749586,7.793011665344238,0.0,0.0,24.002944946289062
251,0.0008235429999999996,0.006669982097041197,2.0390046869322,0.005044046243157274,0.005044046243157274,0.0,0.000318516236354388,6.779867606204931,0.0,0.0,23.070718300778637,7.797455307649216,0.004085212480276823,0.004085212480276823,0.0,0.00031646815477870405,7.79305362701416,0.0,0.0,23.20711326599121
252,0.0008235429999999996,0.006669982097041197,2.0389046173438663,0.004733351489372942,0.004733351489372942,0.0,0.00031679489938535776,6.780569677840738,0.0,0.0,22.38498811987567,7.800596509710886,0.0053783077746629715,0.0053783077746629715,0.0,0.00031301623675972223,7.794905185699463,0.0,0.0,22.510902404785156
253,0.0008235429999999996,0.006669982097041197,2.0367703756618676,0.002429744219123593,0.002429744219123593,0.0,0.0003133210627214123,6.781134357336344,0.0,0.0,21.823948885455547,7.799133291002363,0.001527864602394402,0.001527864602394402,0.0,0.00030747184064239264,7.797297954559326,0.0,0.0,22.16119956970215
254,0.0008235429999999996,0.006669982097041197,2.0356787752153136,0.001217697188426721,0.001217697188426721,0.0,0.0003128252465811044,6.781535640680162,0.0,0.0,21.739827428637373,7.798613644496072,0.0018901530420407653,0.0018901530420407653,0.0,0.0003110234974883497,7.796412467956543,0.0,0.0,22.24247932434082
255,0.0008235429999999996,0.006536582455100372,2.035536377250019,0.0011606046895195064,0.0011606046895195064,0.0,0.0003146401241455086,6.781251430404023,0.0,0.0,21.906508364720768,7.797377887181938,0.001843521953560412,0.001843521953560412,0.0,0.00030969863291829824,7.795224666595459,0.0,0.0,22.65250015258789
256,0.0008235429999999996,0.006536582455100372,2.035372695522364,0.0011566727181094541,0.0011566727181094541,0.0,0.00031158324616692483,6.780718953337433,0.0,0.0,22.251969959038686,7.796933295787312,0.001532969530671835,0.001532969530671835,0.0,0.0003058362053707242,7.7950944900512695,0.0,0.0,22.862783432006836
257,0.0008235429999999996,0.006536582455100372,2.0352309825455372,0.001055429775183735,0.001055429775183735,0.0,0.00030983840943973857,6.780583981880962,0.0,0.0,22.481918073780395,7.797214456368238,0.0010365956695750356,0.0010365956695750356,0.0,0.00030564924236387014,7.795872211456299,0.0,0.0,22.99406623840332
258,0.0008235429999999996,0.006536582455100372,2.035025688315013,0.0009066676219262032,0.0009066676219262032,0.0,0.00031267241891877,6.780395755382427,0.0,0.0,22.613812205972888,7.7961324423667975,0.0008036609506234527,0.0008036609506234527,0.0,0.00030963163590058684,7.795019149780273,0.0,0.0,23.16431999206543
259,0.0008235429999999996,0.006536582455100372,2.034666063195403,0.0006858329116479848,0.0006858329116479848,0.0,0.0003146487767003122,6.779932891311594,0.0,0.0,22.7851495749245,7.797659757779911,0.0006522575858980417,0.0006522575858980417,0.0,0.0003094067797064781,7.796698093414307,0.0,0.0,23.303712844848633
260,0.0005764800999999997,0.006536582455100372,2.034733641466807,0.0005326559297701249,0.0005326559297701249,0.0,0.0003152087729811514,6.780668742488545,0.0,0.0,22.88275683129442,7.796391631884035,0.000652677845209837,0.000652677845209837,0.0,0.00031115481397137046,7.7954277992248535,0.0,0.0,23.432710647583008
261,0.0005764800999999997,0.006536582455100372,2.034544516291985,0.0005019102569732734,0.0005019102569732734,0.0,0.0003161486012480468,6.780141033435364,0.0,0.0,23.048961952878255,7.796584959811298,0.0006033418467268348,0.0006033418467268348,0.0,0.00031206230050884187,7.7956695556640625,0.0,0.0,23.58438491821289
262,0.0005764800999999997,0.006536582455100372,2.034608774504621,0.000510115438713428,0.000510115438713428,0.0,0.0003180066588745765,6.780327939560955,0.0,0.0,23.198011767664546,7.797413701249752,0.0006093684933148324,0.0006093684933148324,0.0,0.0003141403431072831,7.79649019241333,0.0,0.0,23.70097541809082
263,0.0005764800999999997,0.006536582455100372,2.0349483868736122,0.0005244051213463472,0.0005244051213463472,0.0,0.0003210460852548561,6.781412259163975,0.0,0.0,23.279688688794113,7.797240994987078,0.0006145709776319563,0.0006145709776319563,0.0,0.0003179065533913672,7.796308517456055,0.0,0.0,23.944732666015625
264,0.0005764800999999997,0.006536582455100372,2.0350271671710467,0.0005063308752403954,0.0005063308752403954,0.0,0.0003230197144435334,6.78173527373385,0.0,0.0,23.497742474020928,7.796743147278903,0.0006250746664591134,0.0006250746664591134,0.0,0.0003164330555591732,7.795801639556885,0.0,0.0,24.101806640625
265,0.0005764800999999997,0.006536582455100372,2.034761918425906,0.0004936986605565348,0.0004936986605565348,0.0,0.0003223141097587367,6.780893095857902,0.0,0.0,23.637719259875997,7.796508968545822,0.0006327936425805092,0.0006327936425805092,0.0,0.00031533811124973,7.795560836791992,0.0,0.0,24.317834854125977
266,0.0005764800999999997,0.006405850805998365,2.034715032901782,0.0005824336581140818,0.0005824336581140818,0.0,0.000320041148994229,6.780441161540881,0.0,0.0,23.819307555212497,7.796204767422751,0.0007201845874078572,0.0007201845874078572,0.0,0.00031427567591890693,7.795170307159424,0.0,0.0,24.517654418945312
267,0.0005764800999999997,0.006405850805998365,2.034716808134295,0.0005896110311046514,0.0005896110311046514,0.0,0.00031865886755760094,6.780423043089931,0.0,0.0,23.995714894657713,7.795142126036808,0.000738753704354167,0.000738753704354167,0.0,0.00031214766204357147,7.79409122467041,0.0,0.0,24.708251953125
268,0.0005764800999999997,0.006405850805998365,2.0348222156546107,0.0005861447938270149,0.0005861447938270149,0.0,0.0003172945440522548,6.780785925587302,0.0,0.0,24.145117872529426,7.796355583675904,0.0006337102386169136,0.0006337102386169136,0.0,0.0003098098386544734,7.795412063598633,0.0,0.0,24.73158073425293
269,0.0005764800999999997,0.006405850805998365,2.034569915605434,0.0004815573038658271,0.0004815573038658271,0.0,0.0003167941544940991,6.780293793249549,0.0,0.0,24.12560241270556,7.79493820303469,0.0007249042973853648,0.0007249042973853648,0.0,0.00031328576733358204,7.793900012969971,0.0,0.0,24.875389099121094
270,0.00040353606999999974,0.006405850805998365,2.0346200343483463,0.0005370043653493657,0.0005370043653493657,0.0,0.00031827442464641694,6.78027585818373,0.0,0.0,24.29886109693022,7.794973973126616,0.0007445982773788273,0.0007445982773788273,0.0,0.000312195741571486,7.793917179107666,0.0,0.0,24.946767807006836
271,0.00040353606999999974,0.006405850805998365,2.0348387575486244,0.0009139262155791692,0.0009139262155791692,0.0,0.00031670257669882734,6.7797487359629685,0.0,0.0,24.37571487521316,7.794912111188751,0.0006900023436173797,0.0006900023436173797,0.0,0.00030969810904935,7.793912410736084,0.0,0.0,25.003461837768555
272,0.00040353606999999974,0.006405850805998365,2.034465945777154,0.000565225322046356,0.000565225322046356,0.0,0.00031553300160177747,6.779668266567453,0.0,0.0,24.30743539581379,7.794666032830719,0.0009779430693015456,0.0009779430693015456,0.0,0.0003111671539954841,7.793376922607422,0.0,0.0,25.04562759399414
273,0.00040353606999999974,0.006405850805998365,2.0351305095879226,0.0011311073104461223,0.0011311073104461223,0.0,0.00031629453032208757,6.7799972594926015,0.0,0.0,24.41099707297502,7.794059938401915,0.001393674872815609,0.001393674872815609,0.0,0.0003097724402323365,7.792356491088867,0.0,0.0,25.008329391479492
274,0.00040353606999999974,0.006405850805998365,2.0353216250771475,0.0016338911129896673,0.0016338911129896673,0.0,0.0003145977961186239,6.778958529433167,0.0,0.0,24.31858671912296,7.79599575928296,0.0009631057037040591,0.0009631057037040591,0.0,0.0003105733485426754,7.794722080230713,0.0,0.0,24.99538230895996
275,0.00040353606999999974,0.006405850805998365,2.03518558176543,0.0013454225395375967,0.0013454225395375967,0.0,0.00031492453699356887,6.779466432892192,0.0,0.0,24.18553527116256,7.795605410239659,0.0009462026646360755,0.0009462026646360755,0.0,0.0003114445134997368,7.794347763061523,0.0,0.0,24.747861862182617
276,0.00040353606999999974,0.006405850805998365,2.0349682430316394,0.0010868393929767144,0.0010868393929767144,0.0,0.0003143900666783378,6.779603788355367,0.0,0.0,24.073306407683475,7.792830678052269,0.0009370706975460052,0.0009370706975460052,0.0,0.00030673143919557333,7.791586875915527,0.0,0.0,24.498517990112305
277,0.00040353606999999974,0.006405850805998365,2.03445507837651,0.0010721944343224147,0.0010721944343224147,0.0,0.0003108552724360956,6.777942062328645,0.0,0.0,23.88988456448131,7.7944112594705075,0.000745300087146461,0.000745300087146461,0.0,0.00030620291363447905,7.793359756469727,0.0,0.0,24.580081939697266
278,0.00040353606999999974,0.006405850805998365,2.0341689248552277,0.0005888842525591663,0.0005888842525591663,0.0,0.0003110845558227827,6.778599351315443,0.0,0.0,23.904561975829132,7.794577126420336,0.0008243995252996683,0.0008243995252996683,0.0,0.0003085702483076602,7.7934441566467285,0.0,0.0,24.531240463256836
279,0.00040353606999999974,0.006405850805998365,2.0340534645601935,0.000685441645767803,0.000685441645767803,0.0,0.0003115676778944756,6.777892658374333,0.0,0.0,23.98424666063814,7.792473080102354,0.0009313046466559172,0.0009313046466559172,0.0,0.00030728220008313656,7.791234493255615,0.0,0.0,24.611730575561523
280,0.00040353606999999974,0.006405850805998365,2.033961303693632,0.000621756796526306,0.000621756796526306,0.0,0.0003085199456836672,6.777797701553463,0.0,0.0,24.105265497095747,7.7937215926649515,0.0008981575956568122,0.0008981575956568122,0.0,0.00030243516084738076,7.792520999908447,0.0,0.0,24.62612533569336
281,0.00040353606999999974,0.006405850805998365,2.034072529296622,0.0007365138572471948,0.0007365138572471948,0.0,0.0003046517694158094,6.777785891551021,0.0,0.0,24.11675962036793,7.792998686403735,0.001551300287246704,0.001551300287246704,0.0,0.00029920038650743663,7.7911481857299805,0.0,0.0,24.696216583251953
282,0.00040353606999999974,0.006405850805998365,2.0346034555951267,0.0013179156459933678,0.0013179156459933678,0.0,0.0003032762185706253,6.777617800739878,0.0,0.0,24.143255488784597,7.796329339325894,0.0027139231096953154,0.0027139231096953154,0.0,0.00030095927650108933,7.793314456939697,0.0,0.0,24.701337814331055
283,0.00040353606999999974,0.006405850805998365,2.0384430175541226,0.004973530162970613,0.004973530162970613,0.0,0.00030352995720670504,6.778230930587114,0.0,0.0,24.029925447594508,7.805877792299725,0.012926077470183372,0.012926077470183372,0.0,0.0003010152140632272,7.7926506996154785,0.0,0.0,24.499046325683594
284,0.00040353606999999974,0.006405850805998365,2.0389306440748736,0.005913059020134145,0.005913059020134145,0.0,0.00030466175922418066,6.776724605120465,0.0,0.0,23.639015745187177,7.795513483550167,0.0012022748123854399,0.0012022748123854399,0.0,0.00030152322142384946,7.794009685516357,0.0,0.0,23.990053176879883
285,0.00040353606999999974,0.006405850805998365,2.0390152706893305,0.005803724348271617,0.005803724348271617,0.0,0.0003021980937764496,6.77737107438453,0.0,0.0,23.09844320301969,7.798801931145135,0.003437942126765847,0.003437942126765847,0.0,0.00029858603375032544,7.795065402984619,0.0,0.0,23.34779930114746
286,0.00040353606999999974,0.006405850805998365,2.0383096418714794,0.004704918292843417,0.004704918292843417,0.0,0.00030150192135169397,6.778682021332532,0.0,0.0,22.470964248807373,7.8069345648400486,0.008593029342591763,0.008593029342591763,0.0,0.00029828445985913277,7.798043251037598,0.0,0.0,22.790794372558594
287,0.00040353606999999974,0.006277733789878398,2.0381791339644026,0.004487677009015535,0.004487677009015535,0.0,0.000302228837115766,6.778970816236948,0.0,0.0,21.892404127038592,7.798875859647524,0.0018912473460659385,0.0018912473460659385,0.0,0.00030130083905532956,7.796683311462402,0.0,0.0,22.382783889770508
288,0.00040353606999999974,0.006277733789878398,2.0350140727605117,0.0014455905966147128,0.0014455905966147128,0.0,0.00030669049071276933,6.778560840437918,0.0,0.0,21.667082516711705,7.795398719928926,0.001943606068380177,0.001943606068380177,0.0,0.00030754992621950805,7.793147563934326,0.0,0.0,22.193763732910156
289,0.0002824752489999998,0.006277733789878398,2.0342353862393274,0.0010891569896364969,0.0010891569896364969,0.0,0.0003101448434574707,6.777153469587997,0.0,0.0,21.767417241367777,7.79301858440158,0.0007511901203542948,0.0007511901203542948,0.0,0.0003081085451412946,7.791959285736084,0.0,0.0,22.362062454223633
290,0.0002824752489999998,0.006277733789878398,2.0343456429302003,0.0008330040297415004,0.0008330040297415004,0.0,0.0003113818223186482,6.778374814560955,0.0,0.0,21.978978195368082,7.792535485990811,0.001014108769595623,0.001014108769595623,0.0,0.00030977214919403195,7.7912116050720215,0.0,0.0,22.693355560302734
291,0.0002824752489999998,0.006277733789878398,2.0341081226284996,0.0007494771923121723,0.0007494771923121723,0.0,0.0003119001548998328,6.777861409547998,0.0,0.0,22.37705399971636,7.791909210936865,0.0007865772349759936,0.0007865772349759936,0.0,0.0003082339826505631,7.790814399719238,0.0,0.0,23.046070098876953
292,0.0002824752489999998,0.006277733789878398,2.0338126840970134,0.0006561219566094315,0.0006561219566094315,0.0,0.00031017163396188584,6.7771879459926385,0.0,0.0,22.73157799235868,7.793790324329166,0.0006264671683311462,0.0006264671683311462,0.0,0.0003062102186959237,7.792857646942139,0.0,0.0,23.300546646118164
293,0.0002824752489999998,0.006277733789878398,2.033746862528803,0.0005918334182695781,0.0005918334182695781,0.0,0.0003086475599148269,6.777182774531942,0.0,0.0,22.965172671290333,7.793873405898921,0.000721238786354661,0.000721238786354661,0.0,0.00030596426222473383,7.792846202850342,0.0,0.0,23.541038513183594
294,0.0002824752489999998,0.006277733789878398,2.033817946530852,0.0005817103607922723,0.0005817103607922723,0.0,0.0003090740144916571,6.777453597693514,0.0,0.0,23.156702961273755,7.791549614223186,0.0006418992998078465,0.0006418992998078465,0.0,0.00030646141385659575,7.7906012535095215,0.0,0.0,23.7451171875
295,0.0002824752489999998,0.006277733789878398,2.033628744308383,0.0005278159762197892,0.0005278159762197892,0.0,0.0003095049783816124,6.77700247027107,0.0,0.0,23.360442930559817,7.793420884874649,0.0005752556025981903,0.0005752556025981903,0.0,0.00030555587727576494,7.792540073394775,0.0,0.0,23.97517204284668
296,0.0002824752489999998,0.006277733789878398,2.0335916844501316,0.0005233827706419107,0.0005233827706419107,0.0,0.0003085151162426168,6.776893759565368,0.0,0.0,23.548833618817373,7.790999185643159,0.0006658852798864245,0.0006658852798864245,0.0,0.00030472828075289726,7.7900285720825195,0.0,0.0,24.051654815673828
297,0.0002824752489999998,0.006277733789878398,2.033574792321876,0.0005455384027274483,0.0005455384027274483,0.0,0.0003085761065974275,6.776763556122305,0.0,0.0,23.658351274397376,7.794259152607992,0.0007310367072932422,0.0007310367072932422,0.0,0.0003052116953767836,7.793222904205322,0.0,0.0,24.167625427246094
298,0.0002824752489999998,0.006277733789878398,2.0338772886852428,0.0006066405147311672,0.0006066405147311672,0.0,0.00030870276394807066,6.777568250077461,0.0,0.0,23.701780272507968,7.791148618940497,0.0007193306810222566,0.0007193306810222566,0.0,0.00030534874531440437,7.79012393951416,0.0,0.0,24.29686164855957
299,0.0002824752489999998,0.006277733789878398,2.0335689241119494,0.0006549380608379404,0.0006549380608379404,0.0,0.0003086042497872393,6.776379290918651,0.0,0.0,23.868557607134555,7.795771047211019,0.0006290550227276981,0.0006290550227276981,0.0,0.0003045173652935773,7.794837474822998,0.0,0.0,24.492189407348633
300,0.0002824752489999998,0.006277733789878398,2.033909801662358,0.0005288814359193794,0.0005288814359193794,0.0,0.0003079376630533852,6.777935790557162,0.0,0.0,23.93939598935664,7.793807747308165,0.0007641286356374621,0.0007641286356374621,0.0,0.00030375050846487284,7.7927398681640625,0.0,0.0,24.51279067993164
301,0.0002824752489999998,0.006277733789878398,2.0336907669883026,0.0005571929822787472,0.0005571929822787472,0.0,0.00030668924481392403,6.777111254330824,0.0,0.0,24.00859268381604,7.793550385540584,0.0009946441277861595,0.0009946441277861595,0.0,0.00030224715010263026,7.792253494262695,0.0,0.0,24.644399642944336
302,0.0002824752489999998,0.006277733789878398,2.0338008006811426,0.0006935344989206772,0.0006935344989206772,0.0,0.00030471205954837427,6.7770234495300645,0.0,0.0,24.094873780071676,7.797536719823256,0.0024145315401256084,0.0024145315401256084,0.0,0.0003004490863531828,7.794821739196777,0.0,0.0,24.78119659423828
303,0.0002824752489999998,0.006277733789878398,2.035058355743681,0.0018129314145481207,0.0018129314145481207,0.0,0.00030301269045684834,6.7774841863333775,0.0,0.0,24.176481686212938,7.7961909146397375,0.0007839987520128489,0.0007839987520128489,0.0,0.0002985975588671863,7.795108318328857,0.0,0.0,24.752641677856445
304,0.0002824752489999998,0.006277733789878398,2.0337809004275735,0.000627657699138454,0.000627657699138454,0.0,0.0003028482316912221,6.777176796176669,0.0,0.0,24.024626282507352,7.803363106679171,0.0005082377465441823,0.0005082377465441823,0.0,0.0002997847041115165,7.802555084228516,0.0,0.0,24.781339645385742
305,0.0002824752489999998,0.006277733789878398,2.0346851562911183,0.0005540234278441739,0.0005540234278441739,0.0,0.0003028518246741912,6.780436613589631,0.0,0.0,23.988280408863982,7.80438493512338,0.0009048148640431464,0.0009048148640431464,0.0,0.00029847200494259596,7.8031816482543945,0.0,0.0,24.557161331176758
306,0.00019773267429999984,0.006277733789878398,2.0346686110849865,0.0005668028517913916,0.0005668028517913916,0.0,0.0003016865952427048,6.780338869314767,0.0,0.0,23.866020451209533,7.791242968873121,0.0005197362625040114,0.0005197362625040114,0.0,0.0002979320124723017,7.7904253005981445,0.0,0.0,24.54120445251465
307,0.00019773267429999984,0.00615217911408083,2.033523814014968,0.0004754792010811711,0.0004754792010811711,0.0,0.00029977104066105124,6.77682726411684,0.0,0.0,24.125652207785972,7.791177397069987,0.0006041497690603137,0.0006041497690603137,0.0,0.0002971967332996428,7.790276050567627,0.0,0.0,24.594951629638672
308,0.00019773267429999984,0.00615217911408083,2.0332862049767195,0.0005872793331599787,0.0005872793331599787,0.0,0.000298857931603696,6.775662401764253,0.0,0.0,24.26558232097902,7.789981336944038,0.0005944383447058499,0.0005944383447058499,0.0,0.0002943578583654016,7.789092540740967,0.0,0.0,24.777517318725586
309,0.00019773267429999984,0.00615217911408083,2.0333436845558124,0.0008834158584298809,0.0008834158584298809,0.0,0.00029751562283536037,6.774866987096729,0.0,0.0,24.349200495930013,7.7916880774719175,0.0006026494666002691,0.0006026494666002691,0.0,0.0002953469811473042,7.79079008102417,0.0,0.0,24.90815544128418
310,0.00019773267429999984,0.00615217911408083,2.033780982605186,0.0013354527937403616,0.0013354527937403616,0.0,0.0002974930971329816,6.7748178398816,0.0,0.0,24.376421098802947,7.791393126593903,0.0008474213536828756,0.0008474213536828756,0.0,0.00029445020481944084,7.7902512550354,0.0,0.0,24.89955711364746
311,0.00019773267429999984,0.00615217911408083,2.0347528549288696,0.002152580593469951,0.002152580593469951,0.0,0.00029682764052427744,6.775333738932341,0.0,0.0,24.28648146072946,7.811477907875087,0.017747249454259872,0.017747249454259872,0.0,0.0002941311686299741,7.793436527252197,0.0,0.0,24.88081169128418
312,0.00019773267429999984,0.00615217911408083,2.053147968061577,0.019557575639951513,0.019557575639951513,0.0,0.00029133650226007517,6.778634341198453,0.0,0.0,23.782664645508838,7.840233099588659,0.044632866978645325,0.044632866978645325,0.0,0.0002921195118688047,7.7953081130981445,0.0,0.0,23.729660034179688
313,0.00019773267429999984,0.00615217911408083,2.0540335343715084,0.020144372183796947,0.020144372183796947,0.0,0.0002892046229214482,6.779630085783163,0.0,0.0,22.686750270436907,7.805310918367468,0.007589881308376789,0.007589881308376789,0.0,0.0002895680954679847,7.797431468963623,0.0,0.0,22.665334701538086
314,0.00019773267429999984,0.00615217911408083,2.039481883885032,0.005414766046650692,0.005414766046650692,0.0,0.00029006365338257294,6.780223189974086,0.0,0.0,21.80940404207282,7.795684484997764,0.0031282431446015835,0.0031282431446015835,0.0,0.0002874888014048338,7.792268753051758,0.0,0.0,21.982730865478516
315,0.00019773267429999984,0.00615217911408083,2.035760465553616,0.0021524857771340854,0.0021524857771340854,0.0,0.0002924010266351228,6.778692767701213,0.0,0.0,21.324993573525965,7.794255153974518,0.0013351067900657654,0.0013351067900657654,0.0,0.0002908052410930395,7.792629241943359,0.0,0.0,21.77811622619629
316,0.00019773267429999984,0.00615217911408083,2.0345487904442625,0.0010341040072816324,0.0010341040072816324,0.0,0.0002939306633307664,6.778381856549989,0.0,0.0,21.439062998062553,7.794566177763045,0.0014060692628845572,0.0014060692628845572,0.0,0.0002929248148575425,7.792867183685303,0.0,0.0,22.29061508178711
317,0.00019773267429999984,0.00615217911408083,2.0343419800478872,0.0008975700390771005,0.0008975700390771005,0.0,0.00029469844818100265,6.778147563706527,0.0,0.0,21.989349315090003,7.791405036987271,0.0011963306460529566,0.0011963306460529566,0.0,0.00029457517666742206,7.789914131164551,0.0,0.0,22.69180679321289
318,0.00013841287200999988,0.00615217911408083,2.034044407352426,0.0007273165137746695,0.0007273165137746695,0.0,0.00029627469097422946,6.777722990451063,0.0,0.0,22.437716204049327,7.790384149440797,0.0007887533865869045,0.0007887533865869045,0.0,0.0002944774751085788,7.789300918579102,0.0,0.0,23.026762008666992
319,0.00013841287200999988,0.006029135531799213,2.0337621939384376,0.0005847291412478168,0.0005847291412478168,0.0,0.00029637855665571927,6.777257889081631,0.0,0.0,22.736018563591994,7.790444454178214,0.0006251470185816288,0.0006251470185816288,0.0,0.00029379827901721,7.789525508880615,0.0,0.0,23.382715225219727
320,0.00013841287200999988,0.006029135531799213,2.0334572999168112,0.0005111141587539561,0.0005111141587539561,0.0,0.00029630552338158554,6.776486827959514,0.0,0.0,23.016757263066687,7.790863164933398,0.0006038087885826826,0.0006038087885826826,0.0,0.00029277289286255836,7.789966583251953,0.0,0.0,23.65584945678711
321,0.00013841287200999988,0.006029135531799213,2.033205950592488,0.0004763043473636909,0.0004763043473636909,0.0,0.0002948904062505361,6.775764877375497,0.0,0.0,23.27282283516191,7.790417728596367,0.0005940732662566006,0.0005940732662566006,0.0,0.0002914707292802632,7.78953218460083,0.0,0.0,23.988842010498047
322,0.00013841287200999988,0.006029135531799213,2.0331642298995196,0.00044909750853512414,0.00044909750853512414,0.0,0.00029368325328906256,6.775716647086025,0.0,0.0,23.539506932002656,7.7892507466604,0.0005580802098847926,0.0005580802098847926,0.0,0.00029058591462671757,7.788402080535889,0.0,0.0,24.162817001342773
323,0.00013841287200999988,0.006029135531799213,2.033081010525166,0.0004552744949233985,0.0004552744949233985,0.0,0.00029227701418934894,6.775418536216949,0.0,0.0,23.70065964078649,7.790258529072162,0.0006132216658443213,0.0006132216658443213,0.0,0.00028907571686431766,7.789356231689453,0.0,0.0,24.364219665527344
324,0.00013841287200999988,0.006029135531799213,2.033304208585753,0.0005003135223567654,0.0005003135223567654,0.0,0.0002907978311808538,6.7760125573335275,0.0,0.0,23.828039755141056,7.789381630311254,0.0005728438845835626,0.0005728438845835626,0.0,0.0002879734383895993,7.788520812988281,0.0,0.0,24.378807067871094
325,0.00013841287200999988,0.006029135531799213,2.033040849845528,0.0005368737766681482,0.0005368737766681482,0.0,0.00029017409886561635,6.775012961661065,0.0,0.0,23.931814843739915,7.788915175566217,0.0005816892953589559,0.0005816892953589559,0.0,0.00028712625498883426,7.788046360015869,0.0,0.0,24.520545959472656
326,0.00013841287200999988,0.006029135531799213,2.0328799649472953,0.0005053285242535386,0.0005053285242535386,0.0,0.00028937582003269,6.7745816398327765,0.0,0.0,24.035355016272405,7.788479214068502,0.0006250276346690953,0.0006250276346690953,0.0,0.0002875245991162956,7.787566661834717,0.0,0.0,24.589534759521484
327,0.00013841287200999988,0.006029135531799213,2.032974170769717,0.0004609223617916497,0.0004609223617916497,0.0,0.00029046249687475083,6.775043660332006,0.0,0.0,24.117277300546757,7.788106744497782,0.0006703663966618478,0.0006703663966618478,0.0,0.0002893329656217247,7.787147045135498,0.0,0.0,24.644733428955078
328,0.00013841287200999988,0.006029135531799213,2.0328600637625422,0.0005734384171806987,0.0005734384171806987,0.0,0.00029137742010657783,6.774288260300082,0.0,0.0,24.181324141376376,7.789061732706614,0.0006141457706689835,0.0006141457706689835,0.0,0.00028964702505618334,7.788157939910889,0.0,0.0,24.733919143676758
329,0.00013841287200999988,0.006029135531799213,2.0330428523378226,0.0005382047708859894,0.0005382047708859894,0.0,0.00029079317079036337,6.77501494222048,0.0,0.0,24.226817514360384,7.788300100393826,0.00044635788071900606,0.00044635788071900606,0.0,0.0002885111898649484,7.787565231323242,0.0,0.0,24.74852180480957
330,0.00013841287200999988,0.006029135531799213,2.0329387588392454,0.0004154971845332933,0.0004154971845332933,0.0,0.00029176880638328125,6.775077219810993,0.0,0.0,24.260590490746495,7.788561530906009,0.00041478112689219415,0.00041478112689219415,0.0,0.00028969411505386233,7.7878570556640625,0.0,0.0,24.79198455810547
331,0.00013841287200999988,0.006029135531799213,2.032921510450305,0.0004107983782725686,0.0004107983782725686,0.0,0.00029243973284191467,6.775035334647056,0.0,0.0,24.26333149887265,7.790730517939664,0.0004880930355284363,0.0004880930355284363,0.0,0.00028919309261254966,7.789953231811523,0.0,0.0,24.82013511657715
332,0.00013841287200999988,0.006029135531799213,2.0335979452608637,0.0008383327705369587,0.0008383327705369587,0.0,0.0002923839852744702,6.775864858948959,0.0,0.0,24.28578972886311,7.790645143628353,0.0005290430271998048,0.0005290430271998048,0.0,0.00028923063655383885,7.7898268699646,0.0,0.0,24.691316604614258
333,0.00013841287200999988,0.006029135531799213,2.0332734086976725,0.0006565123612942517,0.0006565123612942517,0.0,0.0002907949687667707,6.775389231273004,0.0,0.0,24.173332701328953,7.790315992286196,0.0004828072269447148,0.0004828072269447148,0.0,0.000287172180833295,7.789546012878418,0.0,0.0,24.7540340423584
334,0.00013841287200999988,0.006029135531799213,2.0335505328356382,0.0005195918336845546,0.0005195918336845546,0.0,0.0002895211476720192,6.776769351092447,0.0,0.0,24.13462440011056,7.790476315887645,0.0007712016231380403,0.0007712016231380403,0.0,0.0002864169073291123,7.789418697357178,0.0,0.0,24.715576171875
335,0.00013841287200999988,0.006029135531799213,2.0334531025196902,0.0007396827604731777,0.0007396827604731777,0.0,0.0002891864779959241,6.77571088879291,0.0,0.0,24.18645670479696,7.7934731775312684,0.0005012407782487571,0.0005012407782487571,0.0,0.0002854743506759405,7.792686462402344,0.0,0.0,24.905532836914062
336,0.00013841287200999988,0.006029135531799213,2.0337268586862782,0.000544413234490819,0.000544413234490819,0.0,0.00028905922696364795,6.777274540451533,0.0,0.0,24.21464416035701,7.803414198453538,0.0008859816007316113,0.0008859816007316113,0.0,0.0002854609629139304,7.802242755889893,0.0,0.0,24.879972457885742
337,9.688901040699991e-05,0.006029135531799213,2.0352213363108556,0.0010435948739794252,0.0010435948739794252,0.0,0.0002881066176762631,6.780592014149703,0.0,0.0,24.070293961482484,7.791954757558415,0.0008828173740766943,0.0008828173740766943,0.0,0.0002837665088009089,7.790788173675537,0.0,0.0,24.700462341308594
338,9.688901040699991e-05,0.005908552821163229,2.0341288446670953,0.0017139082965029445,0.0017139082965029445,0.0,0.0002873495707217659,6.774716024456828,0.0,0.0,24.126411919230982,7.788467961596325,0.001748531125485897,0.001748531125485897,0.0,0.0002866873983293772,7.78643274307251,0.0,0.0,24.6738338470459
339,9.688901040699991e-05,0.005908552821163229,2.03537340078251,0.0035599304230754785,0.0035599304230754785,0.0,0.00028946610924182245,6.77271103814176,0.0,0.0,24.079459596466428,7.791765554982703,0.002471661427989602,0.002471661427989602,0.0,0.0002876603393815458,7.789006233215332,0.0,0.0,24.40810775756836
340,9.688901040699991e-05,0.005908552821163229,2.0338202607444384,0.0012831154569264266,0.0012831154569264266,0.0,0.00028896107935739605,6.775123359509972,0.0,0.0,23.616661625944285,7.789042750955559,0.0007416247390210629,0.0007416247390210629,0.0,0.00028576061595231295,7.788015365600586,0.0,0.0,23.915054321289062
341,9.688901040699991e-05,0.005908552821163229,2.033003237588983,0.0007851472434047088,0.0007851472434047088,0.0,0.0002880938924499569,6.774059982488921,0.0,0.0,23.31913302385824,7.790146340092178,0.00066032336326316,0.00066032336326316,0.0,0.0002852339530363679,7.789200782775879,0.0,0.0,24.05154037475586
342,9.688901040699991e-05,0.005908552821163229,2.03254090512956,0.0004847743778721091,0.0004847743778721091,0.0,0.0002879339215428631,6.7735200599860095,0.0,0.0,23.441157786643615,7.797132629901171,0.0006394034717231989,0.0006394034717231989,0.0,0.0002853216137737036,7.796207904815674,0.0,0.0,24.20783233642578
343,9.688901040699991e-05,0.005908552821163229,2.0331129378817425,0.0005064481395109335,0.0005064481395109335,0.0,0.00028694533293746984,6.775354571483231,0.0,0.0,23.57511179790842,7.796423040650552,0.0007478093029931188,0.0007478093029931188,0.0,0.0002836717467289418,7.79539155960083,0.0,0.0,24.18211555480957
344,9.688901040699991e-05,0.005908552821163229,2.0331020999937772,0.0005905782743215112,0.0005905782743215112,0.0,0.00028541159223227733,6.775038012069969,0.0,0.0,23.683476802006712,7.793157342763152,0.0007396445143967867,0.0007396445143967867,0.0,0.00028198276413604617,7.792135715484619,0.0,0.0,24.333696365356445
345,9.688901040699991e-05,0.005908552821163229,2.033315966913727,0.000969831285155751,0.000969831285155751,0.0,0.000284270547985525,6.774486646334879,0.0,0.0,23.746700154627362,7.795329850661801,0.002293936675414443,0.002293936675414443,0.0,0.0002855554048437625,7.792750358581543,0.0,0.0,24.35822105407715
346,9.688901040699991e-05,0.005908552821163229,2.034036327449857,0.0014584983143208986,0.0014584983143208986,0.0,0.00028631760693528585,6.775259101183993,0.0,0.0,24.086656122430426,7.79684340491076,0.002185501391068101,0.002185501391068101,0.0,0.0002796228800434619,7.794378280639648,0.0,0.0,24.758426666259766
347,6.782230728489993e-05,0.005908552821163229,2.034457086152442,0.001787872812402372,0.001787872812402372,0.0,0.0002823831671348884,6.775563703886709,0.0,0.0,24.07371702447085,7.79512878775131,0.0009033866808749735,0.0009033866808749735,0.0,0.00027865805895999074,7.793946743011475,0.0,0.0,24.633028030395508
348,6.782230728489993e-05,0.005908552821163229,2.032816428019353,0.0007065147408238907,0.0007065147408238907,0.0,0.00028191567238933446,6.773699337290148,0.0,0.0,24.033969842903172,7.790386027016211,0.0007600313983857632,0.0007600313983857632,0.0,0.00028025434585288167,7.789345741271973,0.0,0.0,24.73856544494629
349,6.782230728489993e-05,0.005790381764739964,2.032681213335132,0.0007054814616363097,0.0007054814616363097,0.0,0.0002819318239134329,6.773252024278431,0.0,0.0,24.1419419827544,7.789909225102747,0.0007995454361662269,0.0007995454361662269,0.0,0.0002793993626255542,7.788830280303955,0.0,0.0,24.816194534301758
350,6.782230728489993e-05,0.005790381764739964,2.032812919834049,0.0006977721546836709,0.0006977721546836709,0.0,0.0002814127508766294,6.773716648846523,0.0,0.0,24.16860729129562,7.7874678207736,0.0007363030454143882,0.0007363030454143882,0.0,0.00027970116934739053,7.786451816558838,0.0,0.0,24.830978393554688
351,6.782230728489993e-05,0.005790381764739964,2.0326435820358326,0.0006058573694618718,0.0006058573694618718,0.0,0.0002804586107677686,6.773458699321152,0.0,0.0,24.287434219409636,7.788704557344317,0.000510764482896775,0.000510764482896775,0.0,0.0002790399012155831,7.787914752960205,0.0,0.0,24.98871612548828
352,6.782230728489993e-05,0.005790381764739964,2.032348020245906,0.0004783527245535042,0.0004783527245535042,0.0,0.00027959034151504256,6.772898457745718,0.0,0.0,24.417256729864103,7.7910028552869335,0.0004888323019258678,0.0004888323019258678,0.0,0.0002789804129861295,7.7902350425720215,0.0,0.0,25.112672805786133
353,6.782230728489993e-05,0.005790381764739964,2.032398196885596,0.0004739864468207758,0.0004739864468207758,0.0,0.0002797801255100775,6.773080375795745,0.0,0.0,24.610926906700595,7.7916671516723,0.0005230127135291696,0.0005230127135291696,0.0,0.00027871766360476613,7.790865421295166,0.0,0.0,25.293346405029297
354,6.782230728489993e-05,0.005790381764739964,2.032545196685307,0.0007817368506667507,0.0007817368506667507,0.0,0.00027940740761576256,6.772544524442744,0.0,0.0,24.732202112419515,7.791925753816031,0.0005838137003593147,0.0005838137003593147,0.0,0.00027863139985129237,7.79106330871582,0.0,0.0,25.38289451599121
355,6.782230728489993e-05,0.005790381764739964,2.03269276736353,0.0011100462661102577,0.0011100462661102577,0.0,0.00027924864359618265,6.771941920902032,0.0,0.0,24.691277795592626,7.799045619554818,0.0007218205719254911,0.0007218205719254911,0.0,0.0002791174338199198,7.798044681549072,0.0,0.0,25.340667724609375
356,6.782230728489993e-05,0.005790381764739964,2.034026428644425,0.0012034215718490766,0.0012034215718490766,0.0,0.0002795312584733009,6.776076522067246,0.0,0.0,24.549856995673057,7.796753029368119,0.0009865353349596262,0.0009865353349596262,0.0,0.00027718281489796937,7.795489311218262,0.0,0.0,24.947355270385742
357,6.782230728489993e-05,0.005790381764739964,2.0333695500811686,0.0013565217059581054,0.0013565217059581054,0.0,0.0002778349218673365,6.7733763227202735,0.0,0.0,24.357192801899103,7.7939751658414025,0.0010241249110549688,0.0010241249110549688,0.0,0.00027602261980064213,7.792675018310547,0.0,0.0,24.881990432739258
358,6.782230728489993e-05,0.005790381764739964,2.032454933912188,0.0009617709940997313,0.0009617709940997313,0.0,0.00027554040504244865,6.771643516616747,0.0,0.0,24.255111552355732,7.790998843964189,0.0008791402797214687,0.0008791402797214687,0.0,0.0002732833963818848,7.789846420288086,0.0,0.0,24.78251838684082
359,6.782230728489993e-05,0.005790381764739964,2.0321934258442313,0.0009222122400100551,0.0009222122400100551,0.0,0.00027345779960370666,6.770903667643938,0.0,0.0,24.20326671888314,7.79017312254291,0.0005966001772321761,0.0005966001772321761,0.0,0.0002717890893109143,7.789304733276367,0.0,0.0,24.695297241210938
360,4.747561509942995e-05,0.005674574129445165,2.031725848686951,0.0005454597588781916,0.0005454597588781916,0.0,0.00027249683142644733,6.770600862115508,0.0,0.0,24.153918725833737,7.790232996747363,0.000710970489308238,0.000710970489308238,0.0,0.00027117558056488633,7.78925085067749,0.0,0.0,24.711793899536133
361,4.747561509942995e-05,0.005674574129445165,2.0322634168672624,0.0007349542592872276,0.0007349542592872276,0.0,0.00027155495448314695,6.771760993131713,0.0,0.0,24.132524838071845,7.791506663663313,0.0009850849164649844,0.0009850849164649844,0.0,0.00027080054860562086,7.790250778198242,0.0,0.0,24.64691925048828
362,4.747561509942995e-05,0.005674574129445165,2.032621597927684,0.0007232871288581102,0.0007232871288581102,0.0,0.0002703677928254194,6.772994148107113,0.0,0.0,24.081215151352197,7.800358225387754,0.0011192960664629936,0.0011192960664629936,0.0,0.00026966052246280015,7.798969268798828,0.0,0.0,24.666528701782227
363,4.747561509942995e-05,0.005674574129445165,2.032730506214784,0.000750959024221766,0.000750959024221766,0.0,0.00027018172143571513,6.773264751206527,0.0,0.0,24.119680126146918,7.807072645868175,0.0014004663098603487,0.0014004663098603487,0.0,0.0002684701466932893,7.805403709411621,0.0,0.0,24.8425350189209
364,4.747561509942995e-05,0.005674574129445165,2.0335883511167085,0.0009792281375145195,0.0009792281375145195,0.0,0.0002696296398642893,6.775363337292496,0.0,0.0,24.184830993747475,7.790959935053252,0.0013653070200234652,0.0013653070200234652,0.0,0.00026843708474189043,7.789326190948486,0.0,0.0,24.924551010131836
365,4.747561509942995e-05,0.005674574129445165,2.0364641933493113,0.004142226838512844,0.004142226838512844,0.0,0.0002682581763179442,6.77440621361639,0.0,0.0,24.25557936152124,7.798504080565181,0.008764881640672684,0.008764881640672684,0.0,0.0002666189684532583,7.789472579956055,0.0,0.0,24.742883682250977
366,4.747561509942995e-05,0.005674574129445165,2.036683590845332,0.004765799092406597,0.004765799092406597,0.0,0.0002682820785103925,6.773059029766488,0.0,0.0,23.96436695467653,7.792389882582938,0.0014479676028713584,0.0014479676028713584,0.0,0.0002657980367075652,7.790676116943359,0.0,0.0,24.007892608642578
367,4.747561509942995e-05,0.005674574129445165,2.0335329473159054,0.0016137010045884433,0.0016137010045884433,0.0,0.00026486000318489707,6.773063834456922,0.0,0.0,23.185544092130637,7.789729795855237,0.0019687130115926266,0.0019687130115926266,0.0,0.00026165504823438823,7.78749942779541,0.0,0.0,23.69537353515625
368,4.747561509942995e-05,0.005674574129445165,2.0322703950624788,0.0011401616210610411,0.0011401616210610411,0.0,0.000262157249951412,6.770433761584072,0.0,0.0,23.060938148667592,7.791118731838651,0.0009032436646521091,0.0009032436646521091,0.0,0.00026082585100084543,7.789954662322998,0.0,0.0,23.736370086669922
369,4.747561509942995e-05,0.005674574129445165,2.031715142375011,0.0005655346996802738,0.0005655346996802738,0.0,0.000260548627502839,6.770498313150211,0.0,0.0,23.144270030058703,7.790357257967116,0.000982131459750235,0.000982131459750235,0.0,0.0002592207456473261,7.789115905761719,0.0,0.0,23.80362892150879
370,3.323293056960096e-05,0.005674574129445165,2.0315768043473144,0.0006579910702292655,0.0006579910702292655,0.0,0.0002601528111271092,6.76972912255643,0.0,0.0,23.37031365916595,7.790739497344475,0.0005944664590060711,0.0005944664590060711,0.0,0.0002599867875687778,7.7898850440979,0.0,0.0,23.95840072631836
371,3.323293056960096e-05,0.0055610826468562614,2.031376372736314,0.0005273110416685523,0.0005273110416685523,0.0,0.00025995991637463214,6.769496516856174,0.0,0.0,23.493612765800243,7.788044328801334,0.0008293065475299954,0.0008293065475299954,0.0,0.0002591888187453151,7.786955833435059,0.0,0.0,24.167922973632812
372,3.323293056960096e-05,0.0055610826468562614,2.031402045762876,0.0006057864207878517,0.0006057864207878517,0.0,0.0002589617478902762,6.769320430453316,0.0,0.0,23.61818866203937,7.790754236339126,0.0009085435303859413,0.0009085435303859413,0.0,0.0002572414232417941,7.789588451385498,0.0,0.0,24.20932960510254
373,3.323293056960096e-05,0.0055610826468562614,2.031483327935156,0.0007463457033156216,0.0007463457033156216,0.0,0.00025719141604802295,6.76912281463607,0.0,0.0,23.713991235076715,7.788431193126598,0.0008401383529417217,0.0008401383529417217,0.0,0.00025565896066837013,7.787335395812988,0.0,0.0,24.283281326293945
374,3.323293056960096e-05,0.0055610826468562614,2.0314965105552774,0.0008269267265951343,0.0008269267265951343,0.0,0.000255370571834386,6.768898314558608,0.0,0.0,23.739543025806846,7.7912478662328795,0.0016318493289873004,0.0016318493289873004,0.0,0.0002550168428570032,7.789361000061035,0.0,0.0,24.26872444152832
375,3.323293056960096e-05,0.0055610826468562614,2.0318523969538296,0.001578113020908733,0.001578113020908733,0.0,0.0002540642495884209,6.767580582360757,0.0,0.0,23.725075953336084,7.790158529183827,0.0014839454088360071,0.0014839454088360071,0.0,0.00025390658993273973,7.788420677185059,0.0,0.0,24.209604263305664
376,3.323293056960096e-05,0.0055610826468562614,2.0313914853571307,0.0010184027094661773,0.0010184027094661773,0.0,0.00025350778075063974,6.767909905379141,0.0,0.0,23.5617209238015,7.790903296903707,0.002838273998349905,0.002838273998349905,0.0,0.000253743608482182,7.787811279296875,0.0,0.0,24.077377319335938
377,3.323293056960096e-05,0.0055610826468562614,2.032171460796342,0.0017599229828928523,0.0017599229828928523,0.0,0.00025249138239574444,6.7680381649398145,0.0,0.0,23.507296260254073,7.79103599456721,0.0010335231199860573,0.0010335231199860573,0.0,0.00025332593941129744,7.7897491455078125,0.0,0.0,24.023784637451172
378,3.323293056960096e-05,0.0055610826468562614,2.0313355725316287,0.0009870724884166245,0.0009870724884166245,0.0,0.00025194720486108863,6.767828042256629,0.0,0.0,23.545201148204566,7.792834036692511,0.0015975141432136297,0.0015975141432136297,0.0,0.0002518919645808637,7.790984630584717,0.0,0.0,24.04022979736328
379,3.323293056960096e-05,0.0055610826468562614,2.0315041014782595,0.0011162113073036736,0.0011162113073036736,0.0,0.0002500470560892003,6.7679593093334525,0.0,0.0,23.53644695294877,7.7894731430278625,0.0014994433149695396,0.0014994433149695396,0.0,0.0002506352902855724,7.787723064422607,0.0,0.0,24.105003356933594
380,2.3263051398720672e-05,0.0055610826468562614,2.031437168061748,0.0010358200278907566,0.0010358200278907566,0.0,0.00024877835476222124,6.768004238690565,0.0,0.0,23.60791607672434,7.791899470495991,0.0016024094074964523,0.0016024094074964523,0.0,0.0002489386824890971,7.790048122406006,0.0,0.0,24.196495056152344
381,2.3263051398720672e-05,0.0055610826468562614,2.0314726315290415,0.0010044695225656657,0.0010044695225656657,0.0,0.0002473931865712376,6.76822697827077,0.0,0.0,23.592813398696027,7.7903294620628,0.0012574587017297745,0.0012574587017297745,0.0,0.0002479219401720911,7.788824081420898,0.0,0.0,24.03883934020996
382,2.3263051398720672e-05,0.005449860993919136,2.0314608206353517,0.0009330210186532688,0.0009330210186532688,0.0,0.0002463154956160772,6.768425547690697,0.0,0.0,23.59456926762883,7.793243845895631,0.0013227853924036026,0.0013227853924036026,0.0,0.0002469233877491206,7.7916741371154785,0.0,0.0,24.117847442626953
383,2.3263051398720672e-05,0.005449860993919136,2.031171131638228,0.0009661525013442635,0.0009661525013442635,0.0,0.00024473217575962864,6.7673496638037065,0.0,0.0,23.67049521127668,7.7937549089838285,0.0015899244463071227,0.0015899244463071227,0.0,0.0002467067970428616,7.7919182777404785,0.0,0.0,24.31251335144043
384,2.3263051398720672e-05,0.005449860993919136,2.031506943680885,0.0010905108545821024,0.0010905108545821024,0.0,0.00024461078933828894,6.768054376185401,0.0,0.0,23.786439670983096,7.792870015284279,0.001380744855850935,0.001380744855850935,0.0,0.00024619410396553576,7.791243076324463,0.0,0.0,24.207277297973633
385,2.3263051398720672e-05,0.005449860993919136,2.0315332818221217,0.001046309927537611,0.001046309927537611,0.0,0.0002442437084545616,6.768289512600465,0.0,0.0,23.711484360908,7.790403580816928,0.0015975108835846186,0.0015975108835846186,0.0,0.00024615629808977246,7.788559913635254,0.0,0.0,24.176843643188477
386,2.3263051398720672e-05,0.005449860993919136,2.0316983251370786,0.0010782349876877718,0.0010782349876877718,0.0,0.0002439753517523215,6.768733341294693,0.0,0.0,23.639239826774038,7.793685316195479,0.0016954290913417935,0.0016954290913417935,0.0,0.0002456549264024943,7.791744232177734,0.0,0.0,24.170516967773438
387,2.3263051398720672e-05,0.005449860993919136,2.0318120959480885,0.0012220534837679038,0.0012220534837679038,0.0,0.0002437686891140011,6.768633139659074,0.0,0.0,23.69729554657645,7.788281316839857,0.0017055929638445377,0.0017055929638445377,0.0,0.0002450239553581923,7.786330699920654,0.0,0.0,24.052642822265625
388,2.3263051398720672e-05,0.005449860993919136,2.031432839176174,0.0012818490114004444,0.0012818490114004444,0.0,0.00024217734243947602,6.76716968963607,0.0,0.0,23.731744278688787,7.791387969147763,0.0018876836402341723,0.0018876836402341723,0.0,0.00024323594698216766,7.789257049560547,0.0,0.0,24.19986343383789
389,2.3263051398720672e-05,0.005449860993919136,2.0315653158772236,0.001188333866789005,0.001188333866789005,0.0,0.0002427003165427396,6.767922999077499,0.0,0.0,23.768070956350297,7.790274565602886,0.0012284510303288698,0.0012284510303288698,0.0,0.00024444449809379876,7.788801670074463,0.0,0.0,24.041532516479492
390,1.628413597910447e-05,0.005449860993919136,2.031278777158337,0.0007960462642888576,0.0007960462642888576,0.0,0.0002444410803284373,6.768275428622399,0.0,0.0,23.671435296898142,7.790971492766403,0.0011731227859854698,0.0011731227859854698,0.0,0.0002461582189425826,7.789552211761475,0.0,0.0,24.11888885498047
391,1.628413597910447e-05,0.005449860993919136,2.031048499999225,0.0008504443092661781,0.0008504443092661781,0.0,0.00024611793041804563,6.767326520600165,0.0,0.0,23.79542943976961,7.796082690823823,0.0014430306619033217,0.0014430306619033217,0.0,0.00024659757036715746,7.794393062591553,0.0,0.0,24.39002227783203
392,1.628413597910447e-05,0.005449860993919136,2.032144138000097,0.001157700856384006,0.001157700856384006,0.0,0.00024756627393724535,6.769954466205495,0.0,0.0,23.930136682393897,7.80413906526519,0.0012461213627830148,0.0012461213627830148,0.0,0.0002463069395162165,7.802646636962891,0.0,0.0,24.353012084960938
393,1.628413597910447e-05,0.005449860993919136,2.0335550611913806,0.0012195336505474576,0.0012195336505474576,0.0,0.00024773346277027515,6.774451656451871,0.0,0.0,23.837260138036648,7.787187370850006,0.0019191744504496455,0.0019191744504496455,0.0,0.0002473681524861604,7.78502082824707,0.0,0.0,24.479373931884766
394,1.628413597910447e-05,0.005449860993919136,2.032048024210966,0.0017726257166175415,0.0017726257166175415,0.0,0.00024619564330413966,6.767584360094457,0.0,0.0,24.20776440383956,7.789851526613347,0.0028576040640473366,0.0028576040640473366,0.0,0.00024503644090145826,7.786748886108398,0.0,0.0,24.78000831604004
395,1.628413597910447e-05,0.005449860993919136,2.0313921478752754,0.001463383328884131,0.001463383328884131,0.0,0.00024341715965975282,6.766428923737606,0.0,0.0,24.26942948371671,7.789496762765339,0.0019325849134474993,0.0019325849134474993,0.0,0.0002411798050161451,7.787322998046875,0.0,0.0,24.664716720581055
396,1.628413597910447e-05,0.005449860993919136,2.0313628827274717,0.0011032357354134358,0.0011032357354134358,0.0,0.0002424828022199829,6.767531728561838,0.0,0.0,24.088927128362787,7.791307434323244,0.001322465599514544,0.001322465599514544,0.0,0.0002410684246569872,7.789743900299072,0.0,0.0,24.545063018798828
397,1.628413597910447e-05,0.005449860993919136,2.0316610106858795,0.0008758484658607677,0.0008758484658607677,0.0,0.0002417874998856424,6.769283716750075,0.0,0.0,23.959578287518195,7.7920775327511365,0.001711428863927722,0.001711428863927722,0.0,0.0002407338615739718,7.790125370025635,0.0,0.0,24.328632354736328
398,1.628413597910447e-05,0.005449860993919136,2.0320150312998218,0.0010605972702096087,0.0010605972702096087,0.0,0.0002414453629772659,6.769847882767314,0.0,0.0,23.913187923272368,7.786152121683699,0.0016106360126286745,0.0016106360126286745,0.0,0.00023972785857040435,7.7843017578125,0.0,0.0,24.276681900024414
399,1.628413597910447e-05,0.005449860993919136,2.0311969049100664,0.0012656991386656492,0.0012656991386656492,0.0,0.00023997625876866747,6.766436882652295,0.0,0.0,23.992386035465024,7.785788760200376,0.0012388491304591298,0.0012388491304591298,0.0,0.00023861651425249875,7.784311294555664,0.0,0.0,24.416540145874023
400,1.628413597910447e-05,0.005449860993919136,2.0311575635896526,0.0012560867283843567,0.0012560867283843567,0.0,0.0002375597218806989,6.7663379647125925,0.0,0.0,24.01714983604659,7.784702499164268,0.0016979578649625182,0.0016979578649625182,0.0,0.00023724546190351248,7.782767295837402,0.0,0.0,24.438814163208008
401,1.628413597910447e-05,0.005449860993919136,2.03110803275152,0.0016757905662280425,0.0016757905662280425,0.0,0.00023610434002978534,6.764773652867498,0.0,0.0,24.041749249623575,7.7840625078679295,0.0010568270226940513,0.0010568270226940513,0.0,0.00023695449635852128,7.782768726348877,0.0,0.0,24.40736961364746
402,1.628413597910447e-05,0.005449860993919136,2.0304472907924387,0.0012089038561861147,0.0012089038561861147,0.0,0.0002359740937612653,6.764127660404774,0.0,0.0,23.96900661926682,7.784672911118832,0.0013248493196442723,0.0013248493196442723,0.0,0.00023696637072134763,7.783111095428467,0.0,0.0,24.435903549194336
403,1.628413597910447e-05,0.005449860993919136,2.0302778231126823,0.0010147019233105266,0.0010147019233105266,0.0,0.00023612646856423762,6.764210037005652,0.0,0.0,23.993278763309085,7.785345584299648,0.0015993168344721198,0.0015993168344721198,0.0,0.00023701300960965455,7.783509254455566,0.0,0.0,24.50064468383789
404,1.628413597910447e-05,0.005449860993919136,2.030806890442682,0.001066186631862498,0.001066186631862498,0.0,0.00023693003430264053,6.765802113359592,0.0,0.0,24.095115265910366,7.786104039347265,0.0014129135524854064,0.0014129135524854064,0.0,0.00023773376597091556,7.784453392028809,0.0,0.0,24.599613189697266
405,1.628413597910447e-05,0.005449860993919136,2.03041734612198,0.0009810754990384808,0.0009810754990384808,0.0,0.0002368124478691718,6.76478729672125,0.0,0.0,24.314553089381107,7.785111710632918,0.0009344987338408828,0.0009344987338408828,0.0,0.00023737348965369165,7.783939838409424,0.0,0.0,24.633560180664062
406,1.628413597910447e-05,0.005449860993919136,2.029888610192665,0.0009023913998685792,0.0009023913998685792,0.0,0.00023689279085462974,6.763286949609874,0.0,0.0,24.360323875500026,7.787773123884108,0.0008472577901557088,0.0008472577901557088,0.0,0.00023849197896197438,7.78668737411499,0.0,0.0,24.78277015686035
407,1.628413597910447e-05,0.005449860993919136,2.0300962738684594,0.000733102864508074,0.000733102864508074,0.0,0.000238489159733621,6.764543651236104,0.0,0.0,24.465613081284562,7.785958505206509,0.001068029087036848,0.001068029087036848,0.0,0.0002396735071670264,7.784650802612305,0.0,0.0,24.890544891357422
408,1.628413597910447e-05,0.005449860993919136,2.0305805932186045,0.0007980520018841647,0.0007980520018841647,0.0,0.00023928602553327725,6.765941412705157,0.0,0.0,24.533143823692857,7.787402382091386,0.0011587380431592464,0.0011587380431592464,0.0,0.000239577580941841,7.786004066467285,0.0,0.0,24.966381072998047
409,1.628413597910447e-05,0.005449860993919136,2.0305268044765064,0.0009416769011954516,0.0009416769011954516,0.0,0.0002396017469848986,6.7652833535008075,0.0,0.0,24.685402479840107,7.78783222855418,0.0012749898014590144,0.0012749898014590144,0.0,0.00023941343533806503,7.786317825317383,0.0,0.0,25.005401611328125
410,1.628413597910447e-05,0.005449860993919136,2.0303154778359267,0.0009763522267886334,0.0009763522267886334,0.0,0.00023855629220121083,6.764463585287877,0.0,0.0,24.753385314448558,7.786304108216427,0.0024255814496427774,0.0024255814496427774,0.0,0.00023718841839581728,7.783641338348389,0.0,0.0,25.08626937866211
411,1.1398895185373128e-05,0.005340863774040754,2.031351910497978,0.0019422864912260614,0.0019422864912260614,0.0,0.00023803439346841462,6.764698391609705,0.0,0.0,24.840730726427886,7.785741411498748,0.0010270766215398908,0.0010270766215398908,0.0,0.00023662415333092213,7.784477710723877,0.0,0.0,25.003629684448242
412,1.1398895185373128e-05,0.005340863774040754,2.0309135852051066,0.0015629283694257865,0.0015629283694257865,0.0,0.00023841317529435218,6.7645018027491925,0.0,0.0,24.695444059060335,7.78375761792995,0.0011102610733360052,0.0011102610733360052,0.0,0.00023721205070614815,7.782410144805908,0.0,0.0,24.997539520263672
413,1.1398895185373128e-05,0.005340863774040754,2.029916501474977,0.0008878369176541651,0.0008878369176541651,0.0,0.00023900431463035846,6.76342855960809,0.0,0.0,24.627461853835385,7.785812040121527,0.001145718852058053,0.001145718852058053,0.0,0.00023820161004550755,7.784428119659424,0.0,0.0,25.110597610473633
414,1.1398895185373128e-05,0.005340863774040754,2.029843126101743,0.0008471256240148539,0.0008471256240148539,0.0,0.0002391434841862007,6.763319592163205,0.0,0.0,24.748006893173145,7.783314880041871,0.0008424316765740514,0.0008424316765740514,0.0,0.00023777963360771537,7.7822346687316895,0.0,0.0,25.118112564086914
415,1.1398895185373128e-05,0.005340863774040754,2.0296364168012566,0.0007666328457957988,0.0007666328457957988,0.0,0.00023771376017865182,6.762898906672519,0.0,0.0,24.78794039890516,7.784070814901497,0.001063911127857864,0.001063911127857864,0.0,0.00023674691328778863,7.782770156860352,0.0,0.0,25.24310874938965
416,1.1398895185373128e-05,0.005340863774040754,2.030482483035057,0.000793438533657231,0.000793438533657231,0.0,0.0002361284694793615,6.765629768013408,0.0,0.0,24.75689278818006,7.788566884235479,0.0011033957125619054,0.0011033957125619054,0.0,0.00023824209347367287,7.787225246429443,0.0,0.0,25.160173416137695
417,1.1398895185373128e-05,0.005340863774040754,2.031377060776818,0.0012910956083476521,0.0012910956083476521,0.0,0.00023665401510705977,6.7669528183800605,0.0,0.0,24.78779624014016,7.7855225693347165,0.0012085170019418001,0.0012085170019418001,0.0,0.0002359311474720016,7.784078121185303,0.0,0.0,25.370798110961914
418,1.1398895185373128e-05,0.005340863774040754,2.0294762300872495,0.0008787295153734068,0.0008787295153734068,0.0,0.00023705168089097542,6.761991260304777,0.0,0.0,25.027448626237227,7.78483858074469,0.001292634871788323,0.001292634871788323,0.0,0.00023743986093904823,7.783308506011963,0.0,0.0,25.478248596191406
419,1.1398895185373128e-05,0.005340863774040754,2.030022717421319,0.0013933467388191315,0.0013933467388191315,0.0,0.00023810314421544192,6.762097587003774,0.0,0.0,25.160731285884346,7.783393443678506,0.0011900520185008645,0.0011900520185008645,0.0,0.00023765908554196358,7.781965732574463,0.0,0.0,25.479671478271484
420,1.1398895185373128e-05,0.005340863774040754,2.0299933613336933,0.0009590714240445523,0.0009590714240445523,0.0,0.0002370790813526954,6.763447374922539,0.0,0.0,25.071910386080855,7.78318861326261,0.0010170257883146405,0.0010170257883146405,0.0,0.00023827982658986002,7.781933307647705,0.0,0.0,25.40937614440918
421,1.1398895185373128e-05,0.005340863774040754,2.0296791484757084,0.0007899498641500162,0.0007899498641500162,0.0,0.00023669486144444756,6.762963714977841,0.0,0.0,25.168550729590407,7.783733124990249,0.0011286800727248192,0.0011286800727248192,0.0,0.0002376922930125147,7.782366752624512,0.0,0.0,25.363128662109375
422,1.1398895185373128e-05,0.005340863774040754,2.030222126608357,0.0014748820749485108,0.0014748820749485108,0.0,0.0002365527273400367,6.762490544662642,0.0,0.0,25.18254182738616,7.786152094515273,0.0010577825596556067,0.0010577825596556067,0.0,0.00023799252812750638,7.78485631942749,0.0,0.0,25.63247299194336
423,1.1398895185373128e-05,0.005340863774040754,2.0300942754398377,0.001556367966099271,0.001556367966099271,0.0,0.00023616619521301763,6.761792874269981,0.0,0.0,25.222901182476264,7.7817877196503105,0.0011116770328953862,0.0011116770328953862,0.0,0.00023809629783499986,7.78043794631958,0.0,0.0,25.713911056518555
424,1.1398895185373128e-05,0.005340863774040754,2.029034489740187,0.0008198685807642894,0.0008198685807642894,0.0,0.00023591817037065758,6.760715156531679,0.0,0.0,25.24668640948198,7.783836720787804,0.0009833634831011295,0.0009833634831011295,0.0,0.00023864935792516917,7.782614707946777,0.0,0.0,25.48577880859375
425,1.1398895185373128e-05,0.005340863774040754,2.0295153715902368,0.0008561143293730067,0.0008561143293730067,0.0,0.00023602764237615288,6.76219705509887,0.0,0.0,25.253357908543606,7.782608325447654,0.0012736190110445023,0.0012736190110445023,0.0,0.00023634065291844308,7.781098365783691,0.0,0.0,25.61789894104004
426,1.1398895185373128e-05,0.005340863774040754,2.0298920068093618,0.0010466070724386872,0.0010466070724386872,0.0,0.00023514997161445852,6.762817630382427,0.0,0.0,25.298613984749746,7.782799842505483,0.0011945286532863975,0.0011945286532863975,0.0,0.00023610456264577806,7.781369209289551,0.0,0.0,25.703838348388672
427,1.1398895185373128e-05,0.005340863774040754,2.029983245435193,0.001365231427627855,0.001365231427627855,0.0,0.00023545523935187654,6.762059662958668,0.0,0.0,25.38430198498083,7.784342391649261,0.0014035893836989999,0.0014035893836989999,0.0,0.00023587944451719522,7.782702922821045,0.0,0.0,25.692794799804688
428,1.1398895185373128e-05,0.005340863774040754,2.0334448230895026,0.004000738231859912,0.004000738231859912,0.0,0.00023600506833863612,6.764813190701758,0.0,0.0,25.40271611651731,7.789022065728204,0.005848837085068226,0.005848837085068226,0.0,0.00023331775446422398,7.782939910888672,0.0,0.0,25.34012794494629
429,1.1398895185373128e-05,0.005340863774040754,2.0340485442637375,0.005231910508313782,0.005231910508313782,0.0,0.00023510169221058314,6.762721793312927,0.0,0.0,24.962633433084452,7.789702503810986,0.0029071213211864233,0.0029071213211864233,0.0,0.00023103236162569374,7.786564350128174,0.0,0.0,24.984207153320312
430,1.1398895185373128e-05,0.005340863774040754,2.0328867236079096,0.004731987859214491,0.004731987859214491,0.0,0.00023186201674777021,6.760515450123939,0.0,0.0,24.339229657667364,7.786411252411199,0.001573684043250978,0.001573684043250978,0.0,0.00023015793703962117,7.784607410430908,0.0,0.0,24.615604400634766
431,1.1398895185373128e-05,0.005340863774040754,2.029533982270484,0.0012753984098399457,0.0012753984098399457,0.0,0.00022930297988506723,6.76086157122033,0.0,0.0,24.054428828968756,7.784973185509443,0.0009770550532266498,0.0009770550532266498,0.0,0.00022938393522053957,7.783766746520996,0.0,0.0,24.265296936035156
432,1.1398895185373128e-05,0.005340863774040754,2.0288275221044074,0.000734180062130026,0.000734180062130026,0.0,0.00023013477168913355,6.760310828994686,0.0,0.0,24.108793151501306,7.784683756908635,0.0010547712445259094,0.0010547712445259094,0.0,0.00022988059208728373,7.7833991050720215,0.0,0.0,24.55853843688965
433,1e-05,0.005340863774040754,2.0286273388092555,0.0007874051374506109,0.0007874051374506109,0.0,0.00022911912385913108,6.759466120403928,0.0,0.0,24.302957858006334,7.785388110904023,0.0007820767350494862,0.0007820767350494862,0.0,0.0002298897597938776,7.78437614440918,0.0,0.0,24.713510513305664
434,1e-05,0.005234046498559939,2.0290888455482388,0.0006345803730700911,0.0006345803730700911,0.0,0.00022874222322211515,6.761513908808589,0.0,0.0,24.553771768497022,7.787886237856583,0.0008485137368552387,0.0008485137368552387,0.0,0.0002301870408700779,7.786807537078857,0.0,0.0,24.888944625854492
435,1e-05,0.005234046498559939,2.0294332797541497,0.0006752477247392514,0.0006752477247392514,0.0,0.00022862095044737487,6.762526378117254,0.0,0.0,24.64759690639966,7.784667871790589,0.0008282472845166922,0.0008282472845166922,0.0,0.0002297574101248756,7.783609867095947,0.0,0.0,25.10995864868164
436,1e-05,0.005234046498559939,2.0294665580464684,0.0006590282972499026,0.0006590282972499026,0.0,0.0002287277868215267,6.762691388058195,0.0,0.0,24.930737824154537,7.781691250012955,0.0010287470649927855,0.0010287470649927855,0.0,0.00022741765133105218,7.780435085296631,0.0,0.0,25.29351234436035
437,1e-05,0.005234046498559939,2.0294746734585045,0.0007795450362724558,0.0007795450362724558,0.0,0.00022646194409580193,6.762316732235409,0.0,0.0,24.99610768039302,7.79119449017162,0.0011430211598053575,0.0011430211598053575,0.0,0.0002260295586893335,7.789825439453125,0.0,0.0,25.476470947265625
438,1e-05,0.005234046498559939,2.0296620180510794,0.0008885949051938321,0.0008885949051938321,0.0,0.00022627128246386176,6.762577799308008,0.0,0.0,25.19480971384575,7.785034530083067,0.0008868522709235549,0.0008868522709235549,0.0,0.00022548237757291645,7.78392219543457,0.0,0.0,25.517345428466797
439,1e-05,0.005234046498559939,2.029080900997103,0.0010373494998763837,0.0010373494998763837,0.0,0.00022612578563952613,6.7601450121591675,0.0,0.0,25.354895381344384,7.784072156558977,0.001015388173982501,0.001015388173982501,0.0,0.00022509953123517334,7.78283166885376,0.0,0.0,25.730024337768555
440,1e-05,0.005234046498559939,2.028287286236298,0.0007555972171327382,0.0007555972171327382,0.0,0.00022460357488908054,6.758438650191542,0.0,0.0,25.484329257157906,7.782603588479105,0.0009003002778626978,0.0009003002778626978,0.0,0.00022345269098877907,7.781479835510254,0.0,0.0,25.85196304321289
441,1e-05,0.005234046498559939,2.028453304910904,0.0008852217737998822,0.0008852217737998822,0.0,0.0002228404534000398,6.7585599777942615,0.0,0.0,25.530714197788484,7.781477668468142,0.001358723035082221,0.001358723035082221,0.0,0.0002217324508819729,7.779897212982178,0.0,0.0,26.116865158081055
442,1e-05,0.005234046498559939,2.02853790839164,0.0012326986975391447,0.0012326986975391447,0.0,0.00022205304029300566,6.7576836536069065,0.0,0.0,25.649316486423686,7.781912538499455,0.0008993609226308763,0.0008993609226308763,0.0,0.00022284859733190387,7.780790328979492,0.0,0.0,26.002727508544922
443,1e-05,0.005234046498559939,2.0281043417343727,0.0007382791006086211,0.0007382791006086211,0.0,0.00022246240272886885,6.757886514238902,0.0,0.0,25.581327406118824,7.781157031611656,0.001154736033640802,0.001154736033640802,0.0,0.00022381504822988063,7.779778480529785,0.0,0.0,26.14339828491211
444,1e-05,0.005234046498559939,2.0285047500268782,0.0012828104369606971,0.0012828104369606971,0.0,0.00022272427126738038,6.757406008518459,0.0,0.0,25.67026813277562,7.782601888640784,0.0007480793865397573,0.0007480793865397573,0.0,0.00022424687631428242,7.78162956237793,0.0,0.0,26.189807891845703
445,1e-05,0.00512936556858874,2.029381371540045,0.0011929056648172193,0.0011929056648172193,0.0,0.00022234699018954367,6.760627975240366,0.0,0.0,25.701883491545342,7.781984632354579,0.0010099179344251752,0.0010099179344251752,0.0,0.00022062506468500942,7.780754089355469,0.0,0.0,25.948360443115234
446,1e-05,0.00512936556858874,2.0290233979154753,0.0009440803675237587,0.0009440803675237587,0.0,0.00022016007886212585,6.760264139140314,0.0,0.0,25.437421548557275,7.783159793150844,0.000984117854386568,0.000984117854386568,0.0,0.00021852579084225,7.781957149505615,0.0,0.0,25.576669692993164
447,1e-05,0.00512936556858874,2.029351877450728,0.0010584401893314862,0.0010584401893314862,0.0,0.0002178495401173301,6.760977764039379,0.0,0.0,25.288812569849103,7.781228671228746,0.0012055530678480864,0.0012055530678480864,0.0,0.0002169810759369284,7.779806137084961,0.0,0.0,25.565258026123047
448,1e-05,0.00512936556858874,2.0287556924666115,0.0009292692824605508,0.0009292692824605508,0.0,0.0002180256194895877,6.75942104433871,0.0,0.0,25.360251714740375,7.779581589740701,0.000772892904933542,0.000772892904933542,0.0,0.000218494504224509,7.778590202331543,0.0,0.0,25.501781463623047
449,1e-05,0.00512936556858874,2.0283326418010894,0.0008143182269616435,0.0008143182269616435,0.0,0.00021863194221611736,6.758393867542534,0.0,0.0,25.323776944846077,7.781096827791771,0.0009141530026681721,0.0009141530026681721,0.0,0.00021822776761837304,7.779964447021484,0.0,0.0,25.721763610839844
450,1e-05,0.00512936556858874,2.028264431481522,0.0009059215169276417,0.0009059215169276417,0.0,0.00021774782770393107,6.757861317121892,0.0,0.0,25.515700870870084,7.781187704851618,0.0011525095906108618,0.0011525095906108618,0.0,0.0002166604099329561,7.779818534851074,0.0,0.0,25.676084518432617
451,1e-05,0.00512936556858874,2.0283411360028123,0.000825215038057726,0.000825215038057726,0.0,0.0002166886329500736,6.758386018658924,0.0,0.0,25.39721018354871,7.781168999281363,0.0010119087528437376,0.0010119087528437376,0.0,0.00021648536494467407,7.779940605163574,0.0,0.0,25.613861083984375
452,1e-05,0.00512936556858874,2.0279200053317794,0.000859371050203359,0.000859371050203359,0.0,0.00021615833955480996,6.756868359991174,0.0,0.0,25.50471080612977,7.7850828927767,0.0009260823135264218,0.0009260823135264218,0.0,0.00021554154227487743,7.783941268920898,0.0,0.0,25.783321380615234
453,1e-05,0.00512936556858874,2.029133572559851,0.001079319394071167,0.001079319394071167,0.0,0.00021632935413368282,6.760180515520544,0.0,0.0,25.54657238201152,7.7860251055972185,0.0007927119731903076,0.0007927119731903076,0.0,0.0002158569113817066,7.7850165367126465,0.0,0.0,25.83062171936035
454,1e-05,0.00512936556858874,2.029374984816358,0.0013530429824275335,0.0013530429824275335,0.0,0.0002170185426185111,6.760072831771577,0.0,0.0,25.67666169347586,7.783427872389439,0.0009313932969234884,0.0009313932969234884,0.0,0.00021508031932171434,7.782281398773193,0.0,0.0,25.893218994140625
455,1e-05,0.00512936556858874,2.028838600005186,0.0009725496671139461,0.0009725496671139461,0.0,0.00021682671707273294,6.759553265018215,0.0,0.0,25.639152571698865,7.782840276020579,0.0013820227468386292,0.0013820227468386292,0.0,0.0002158826682716608,7.781242370605469,0.0,0.0,25.93076515197754
456,1e-05,0.00512936556858874,2.029982800953717,0.0009588979044916904,0.0009588979044916904,0.0,0.00021739938383175412,6.763412641778713,0.0,0.0,25.575179350973386,7.781335984764155,0.0012364902067929506,0.0012364902067929506,0.0,0.00021706352708861232,7.779882431030273,0.0,0.0,25.897855758666992
457,1e-05,0.00512936556858874,2.0304331719441073,0.0019592280758673896,0.0019592280758673896,0.0,0.0002173340213560352,6.761579377300383,0.0,0.0,25.777440547835663,7.783534488436999,0.003385477000847459,0.003385477000847459,0.0,0.0002150819927919656,7.779933929443359,0.0,0.0,26.04257583618164
458,1e-05,0.00512936556858874,2.0289180959623443,0.0014735160534632165,0.0014735160534632165,0.0,0.00021588327970350433,6.758148241497972,0.0,0.0,25.638354753253427,7.778464076211094,0.001065642572939396,0.001065642572939396,0.0,0.0002144240861525759,7.777184009552002,0.0,0.0,25.88948631286621
459,1e-05,0.00512936556858874,2.028574178271405,0.0011849578788043888,0.0011849578788043888,0.0,0.00021672696421195319,6.757963682702058,0.0,0.0,25.576956061912874,7.7820289281371515,0.0011242164764553308,0.0011242164764553308,0.0,0.00021642583305947483,7.780688285827637,0.0,0.0,25.92620849609375
460,1e-05,0.00512936556858874,2.0287217711803094,0.0009350840618646785,0.0009350840618646785,0.0,0.00021804530447294947,6.759288566920022,0.0,0.0,25.56468636165972,7.785001332289539,0.0007529945578426123,0.0007529945578426123,0.0,0.0002174234250560403,7.784030914306641,0.0,0.0,25.870704650878906
461,1e-05,0.00512936556858874,2.0282704876049857,0.0006860968286977809,0.0006860968286977809,0.0,0.0002184012005062889,6.758614333147112,0.0,0.0,25.604207525637975,7.77951452502748,0.0006977170705795288,0.0006977170705795288,0.0,0.00021706888219341636,7.778599739074707,0.0,0.0,25.996429443359375
462,1e-05,0.00512936556858874,2.0274528856803884,0.000570145801764753,0.000570145801764753,0.0,0.0002188904887195112,6.756275512539435,0.0,0.0,25.763566153901746,7.781110307245399,0.0007852804264985025,0.0007852804264985025,0.0,0.0002175286499550566,7.780107498168945,0.0,0.0,26.1257381439209
463,1e-05,0.00512936556858874,2.028277779026144,0.0009553046875234043,0.0009553046875234043,0.0,0.00021881713281106442,6.757741236538064,0.0,0.0,25.841501483388573,7.780858408397762,0.0010737343691289425,0.0010737343691289425,0.0,0.00021647868561558425,7.779568195343018,0.0,0.0,26.11823272705078
464,1e-05,0.00512936556858874,2.0307953909657837,0.0034129720124982206,0.0034129720124982206,0.0,0.00021837269033013874,6.757941052976883,0.0,0.0,25.712776835815596,7.7822132772853365,0.0019344945903867483,0.0019344945903867483,0.0,0.00021610721887554973,7.780062675476074,0.0,0.0,26.114030838012695
465,1e-05,0.00512936556858874,2.032251480133632,0.0043830131412837935,0.0043830131412837935,0.0,0.0002164936039957611,6.75956126060993,0.0,0.0,25.52086337879026,7.785153479067958,0.006587589159607887,0.006587589159607887,0.0,0.00021410615590866655,7.778351783752441,0.0,0.0,25.722911834716797
466,1e-05,0.00512936556858874,2.0313577433986634,0.004363767418412698,0.004363767418412698,0.0,0.00021545010052082984,6.756646353951495,0.0,0.0,25.159205195941922,7.789240997532033,0.005744203459471464,0.005744203459471464,0.0,0.0002145141043001786,7.783282279968262,0.0,0.0,25.5183048248291
467,1e-05,0.00512936556858874,2.0323916406876026,0.0043112996840670575,0.0043112996840670575,0.0,0.00021367499207388757,6.760267513426726,0.0,0.0,24.77819558224348,7.784338970930548,0.005773844197392464,0.005773844197392464,0.0,0.00021143563208170235,7.778353691101074,0.0,0.0,24.859973907470703
468,1e-05,0.00512936556858874,2.0318556771301863,0.0046177946140941815,0.0046177946140941815,0.0,0.00021040761389624874,6.757459153529445,0.0,0.0,24.221988443875933,7.785911637707613,0.005698083434253931,0.005698083434253931,0.0,0.00020714558195322752,7.780006408691406,0.0,0.0,24.3731689453125
469,1e-05,0.005026778257216965,2.0297033636400093,0.0027371330376388158,0.0027371330376388158,0.0,0.0002083733849229737,6.75655367110625,0.0,0.0,23.939357482347393,7.783581510244403,0.0029865028336644173,0.0029865028336644173,0.0,0.00020665215561166406,7.780388355255127,0.0,0.0,24.084131240844727
470,1e-05,0.005026778257216965,2.0284921752016216,0.001492535007162895,0.001492535007162895,0.0,0.00020831758338238493,6.756665132588917,0.0,0.0,23.807836824862825,7.780347654857906,0.003043863922357559,0.003043863922357559,0.0,0.0002079962578136474,7.777095794677734,0.0,0.0,24.11055564880371
471,1e-05,0.005026778257216965,2.0281662192021916,0.0013104689317418353,0.0013104689317418353,0.0,0.00020892258219615107,6.7561854704400774,0.0,0.0,24.082066596337857,7.779858535941457,0.0014840182848274708,0.0014840182848274708,0.0,0.0002067930472549051,7.778167724609375,0.0,0.0,24.427597045898438
472,1e-05,0.005026778257216965,2.0275022698805993,0.0008103114860966823,0.0008103114860966823,0.0,0.00020833399717215485,6.755639569581894,0.0,0.0,24.31860796643944,7.781733213254483,0.0009190222481265664,0.0009190222481265664,0.0,0.00020649065845645964,7.7806077003479,0.0,0.0,24.784107208251953
473,1e-05,0.005026778257216965,2.02755746811926,0.0006529373457406544,0.0006529373457406544,0.0,0.0002077952615498935,6.7563479496662096,0.0,0.0,24.528082327598078,7.781400233638124,0.0009263214888051152,0.0009263214888051152,0.0,0.00020715036953333765,7.780266761779785,0.0,0.0,24.856121063232422
474,1e-05,0.005026778257216965,2.027748923454022,0.0005814991909449684,0.0005814991909449684,0.0,0.0002084674639107915,6.7572244939157216,0.0,0.0,24.699937866853933,7.781408433103934,0.0007834347779862583,0.0007834347779862583,0.0,0.00020660232985392213,7.780418395996094,0.0,0.0,25.0130558013916
475,1e-05,0.005026778257216965,2.0276222619900257,0.0005664354903777023,0.0005664354903777023,0.0,0.00020891588047134346,6.756852368807745,0.0,0.0,24.792120110806845,7.780474672850687,0.0008775395108386874,0.0008775395108386874,0.0,0.00020727509399875998,7.77938985824585,0.0,0.0,25.08292579650879
476,1e-05,0.005026778257216965,2.0273416798273622,0.000584513221695361,0.000584513221695361,0.0,0.0002096808926138837,6.75585695431627,0.0,0.0,24.852407298850625,7.782670130342012,0.0008012807229533792,0.0008012807229533792,0.0,0.00020876966300420463,7.781660079956055,0.0,0.0,25.303447723388672
477,1e-05,0.005026778257216965,2.0272171981859644,0.0005922210292613059,0.0005922210292613059,0.0,0.00021001957271824084,6.755416169815218,0.0,0.0,25.153397629533767,7.7790974296221975,0.0008517529349774122,0.0008517529349774122,0.0,0.00020812862203456461,7.7780375480651855,0.0,0.0,25.586938858032227
478,1e-05,0.005026778257216965,2.026805427547023,0.0006410856893353258,0.0006410856893353258,0.0,0.00020907769871964557,6.7538807961438065,0.0,0.0,25.316095330252598,7.780336684867507,0.000730004336219281,0.000730004336219281,0.0,0.00020871605374850333,7.779397964477539,0.0,0.0,25.69861602783203
479,1e-05,0.005026778257216965,2.027495742361291,0.0006066431286723634,0.0006066431286723634,0.0,0.00020976772434348536,6.756296638506535,0.0,0.0,25.43975937960159,7.7778131030499935,0.0011321383062750101,0.0011321383062750101,0.0,0.0002069657202810049,7.7764739990234375,0.0,0.0,25.870136260986328
480,1e-05,0.004926242692072626,2.0278383859988893,0.0007661844628840232,0.0007661844628840232,0.0,0.00020924437226097338,6.756907164284909,0.0,0.0,25.47167517923444,7.780142383067869,0.0009158229222521186,0.0009158229222521186,0.0,0.00020720437169075012,7.779019355773926,0.0,0.0,25.97611427307129
481,1e-05,0.004926242692072626,2.027812488486933,0.000714170217479799,0.000714170217479799,0.0,0.00020937272335376888,6.7569943455762225,0.0,0.0,25.68270770539781,7.783382651919965,0.0008817573543637991,0.0008817573543637991,0.0,0.00020709802629426122,7.782293796539307,0.0,0.0,26.14744758605957
482,1e-05,0.004926242692072626,2.028426753352018,0.0007825823182064631,0.0007825823182064631,0.0,0.00020885452618311253,6.75881348939946,0.0,0.0,25.74034327381873,7.780800801541773,0.0011215817648917437,0.0011215817648917437,0.0,0.00020686870266217738,7.779472351074219,0.0,0.0,26.254457473754883
483,1e-05,0.004926242692072626,2.028075660622641,0.0007388514900797664,0.0007388514900797664,0.0,0.0002082446009814758,6.757789136734301,0.0,0.0,25.894888370335977,7.776193247380434,0.0009728359873406589,0.0009728359873406589,0.0,0.00020601091091521084,7.775014400482178,0.0,0.0,26.351999282836914
484,1e-05,0.004926242692072626,2.0274528846573907,0.0006918626972229432,0.0006918626972229432,0.0,0.00020809665888338625,6.755869827952472,0.0,0.0,26.050990634271493,7.7783874413289595,0.0009515716810710728,0.0009515716810710728,0.0,0.00020703740301541984,7.777228832244873,0.0,0.0,26.631282806396484
485,1e-05,0.004926242692072626,2.0275146116341896,0.0006588937829709402,0.0006588937829709402,0.0,0.00020918692148984432,6.756185360408999,0.0,0.0,26.202257941632933,7.778840743092587,0.0009920280426740646,0.0009920280426740646,0.0,0.00020789550035260618,7.7776408195495605,0.0,0.0,26.884586334228516
486,1e-05,0.004926242692072626,2.027265138302592,0.0008224262733190852,0.0008224262733190852,0.0,0.0002089679935741705,6.7548086515529935,0.0,0.0,26.437351722662843,7.77663914184086,0.0012518161674961448,0.0012518161674961448,0.0,0.0002074626972898841,7.775179862976074,0.0,0.0,26.717390060424805
487,1e-05,0.004926242692072626,2.0274682181523738,0.0009595855753193176,0.0009595855753193176,0.0,0.0002090089483879813,6.755028567002178,0.0,0.0,26.39390968988098,7.778095414178097,0.0012102264445275068,0.0012102264445275068,0.0,0.00020662556926254183,7.776678562164307,0.0,0.0,26.779857635498047
488,1e-05,0.004926242692072626,2.0270547620966544,0.0009476097382776887,0.0009476097382776887,0.0,0.00020787291146476866,6.7536901489615415,0.0,0.0,26.257111814497897,7.776007333945017,0.000959469354711473,0.000959469354711473,0.0,0.000206555996555835,7.77484130859375,0.0,0.0,26.89052391052246
489,1e-05,0.004926242692072626,2.02694516736046,0.0008628605264589493,0.0008628605264589493,0.0,0.00020981885175599865,6.753607332236348,0.0,0.0,26.375882926338612,7.780311474984046,0.0019752481020987034,0.0019752481020987034,0.0,0.000209033431019634,7.778127193450928,0.0,0.0,26.680179595947266
490,1e-05,0.004926242692072626,2.0273819711710193,0.00130411237113174,0.00130411237113174,0.0,0.00021038773421912623,6.753592588071809,0.0,0.0,26.203231177985117,7.777081285457825,0.0017841276712715626,0.0017841276712715626,0.0,0.0002078938705381006,7.775089263916016,0.0,0.0,26.60104751586914
491,1e-05,0.004926242692072626,2.0270285754955935,0.001169952925943461,0.001169952925943461,0.0,0.0002083620913862952,6.752861798324476,0.0,0.0,26.160946018267992,7.779618281128933,0.001513686147518456,0.001513686147518456,0.0,0.00020485285494942218,7.777899742126465,0.0,0.0,26.570825576782227
492,1e-05,0.004926242692072626,2.0271976160909975,0.0008919005225402658,0.0008919005225402658,0.0,0.00020550703104526435,6.754352169284721,0.0,0.0,26.118626796911816,7.779820674448274,0.0010869575198739767,0.0010869575198739767,0.0,0.00020311924163252115,7.778530597686768,0.0,0.0,26.350812911987305
493,1e-05,0.004926242692072626,2.02732657112034,0.00076065030433309,0.00076065030433309,0.0,0.00020549415010264388,6.755219507600653,0.0,0.0,25.97293927930455,7.779975630808622,0.0014780849451199174,0.0014780849451199174,0.0,0.00020345940720289946,7.778294086456299,0.0,0.0,26.594141006469727
494,1e-05,0.004827717838231173,2.0270097891281154,0.0009510745584167928,0.0009510745584167928,0.0,0.00020513089323225862,6.753528806723222,0.0,0.0,26.21247863053183,7.7785818885604385,0.0011103918077424169,0.0011103918077424169,0.0,0.00020261018653400242,7.777268886566162,0.0,0.0,26.583477020263672
495,1e-05,0.004827717838231173,2.027158184880087,0.0009254822166755415,0.0009254822166755415,0.0,0.00020455288128358573,6.75410867050768,0.0,0.0,26.189332392539338,7.7908240744436625,0.0010373458499088883,0.0010373458499088883,0.0,0.00020256874267943203,7.789584159851074,0.0,0.0,26.713001251220703
496,1e-05,0.004827717838231173,2.0285478235612753,0.0008694715134681194,0.0008694715134681194,0.0,0.00020532746398018903,6.758927591628014,0.0,0.0,26.094174241156455,7.77898439958517,0.0009311574976891279,0.0009311574976891279,0.0,0.00020356786262709647,7.7778496742248535,0.0,0.0,26.48971939086914
497,1e-05,0.004827717838231173,2.026624207106865,0.0009070590202675626,0.0009070590202675626,0.0,0.0002062551777377601,6.752390095090325,0.0,0.0,26.208612915236202,7.778246932080947,0.0007061882060952485,0.0007061882060952485,0.0,0.00020510010654106736,7.7773356437683105,0.0,0.0,26.68366241455078
498,1e-05,0.004827717838231173,2.0265483859032876,0.0008825684386493045,0.0008825684386493045,0.0,0.00020674816069461046,6.752219070117085,0.0,0.0,26.461215944246465,7.776419657704537,0.0008151491638273001,0.0008151491638273001,0.0,0.0002043467975454405,7.775400161743164,0.0,0.0,26.781147003173828
499,1e-05,0.004827717838231173,2.0263299654132414,0.0006503861436487718,0.0006503861436487718,0.0,0.00020548007911875884,6.752264879722827,0.0,0.0,26.420573142077558,7.777303223963827,0.0007608277956023812,0.0007608277956023812,0.0,0.00020286522340029478,7.776339530944824,0.0,0.0,26.781646728515625
500,1e-05,0.004827717838231173,2.0262962783158915,0.0006419126482715969,0.0006419126482715969,0.0,0.00020401661729095455,6.7521809993638735,0.0,0.0,26.439161636483202,7.777964745968347,0.0008402250823564827,0.0008402250823564827,0.0,0.00020134125952608883,7.776923179626465,0.0,0.0,26.679960250854492
501,1e-05,0.004827717838231173,2.026669108740252,0.0008770047034541855,0.0008770047034541855,0.0,0.00020334937055292485,6.75264004902398,0.0,0.0,26.384155760697524,7.777875055893674,0.0010728120105341077,0.0010728120105341077,0.0,0.00020092933846171945,7.776601314544678,0.0,0.0,26.808610916137695
502,1e-05,0.004827717838231173,2.0273234041301595,0.0008623333822848357,0.0008623333822848357,0.0,0.00020388457667936045,6.754869792155693,0.0,0.0,26.364739796476524,7.783660613786196,0.001131283468566835,0.001131283468566835,0.0,0.00020263201440684497,7.782326698303223,0.0,0.0,26.91762924194336
503,1e-05,0.004827717838231173,2.028004835441889,0.0012700471948258077,0.0012700471948258077,0.0,0.00020543285327988576,6.755782353244949,0.0,0.0,26.350641409353106,7.775959440739825,0.0008778711198829114,0.0008778711198829114,0.0,0.0002044982393272221,7.774877071380615,0.0,0.0,26.719942092895508
504,1e-05,0.004827717838231173,2.026631288743698,0.001089552528615318,0.001089552528615318,0.0,0.00020586258812271043,6.751805389938406,0.0,0.0,26.382779607870965,7.776259643273079,0.0008845721022225916,0.0008845721022225916,0.0,0.0002042681007878855,7.775170803070068,0.0,0.0,26.76913833618164
505,1e-05,0.00473116348146655,2.0262960500022755,0.000987596382741886,0.000987596382741886,0.0,0.0002053490481956231,6.751027800305622,0.0,0.0,26.377893139129917,7.780935558635974,0.0011636874405667186,0.0011636874405667186,0.0,0.00020510636386461556,7.779566764831543,0.0,0.0,26.592533111572266
506,1e-05,0.00473116348146655,2.028551553896529,0.0008502758464194192,0.0008502758464194192,0.0,0.0002078167525392855,6.759004026550646,0.0,0.0,26.050946664534386,7.781345224240795,0.0009203595109283924,0.0009203595109283924,0.0,0.00020674034021794796,7.780218124389648,0.0,0.0,26.682632446289062
507,1e-05,0.00473116348146655,2.027103311604353,0.0010488946848984564,0.0010488946848984564,0.0,0.0002085777163462234,6.753514355974893,0.0,0.0,26.123992383520367,7.776614258880727,0.001081873313523829,0.001081873313523829,0.0,0.00020756409503519535,7.775324821472168,0.0,0.0,26.655914306640625
508,1e-05,0.00473116348146655,2.026201886969602,0.0008400933894042767,0.0008400933894042767,0.0,0.0002083683686396166,6.751205573851687,0.0,0.0,26.404622036608604,7.777665996138239,0.0008490847540087998,0.0008490847540087998,0.0,0.00020606009638868272,7.776610851287842,0.0,0.0,26.719501495361328
509,1e-05,0.00473116348146655,2.027032129071343,0.0009127523747472924,0.0009127523747472924,0.0,0.00020736205346560477,6.753731043845771,0.0,0.0,26.341394672151672,7.777362355191144,0.0010930190328508615,0.0010930190328508615,0.0,0.00020494025375228375,7.776064395904541,0.0,0.0,26.98531723022461
510,1e-05,0.00473116348146655,2.0265198046308694,0.0010344892779897126,0.0010344892779897126,0.0,0.0002064105360921589,6.751617420179055,0.0,0.0,26.485273153321817,7.779938256324385,0.0010749269276857376,0.0010749269276857376,0.0,0.00020398567721713334,7.778659343719482,0.0,0.0,26.982505798339844
511,1e-05,0.00473116348146655,2.0263253989822068,0.001047874885766547,0.001047874885766547,0.0,0.00020432720369709592,6.750924737861959,0.0,0.0,26.461296544447155,7.777959555009147,0.0017027064459398389,0.0017027064459398389,0.0,0.0002019894018303603,7.776054859161377,0.0,0.0,27.051443099975586
512,1e-05,0.00473116348146655,2.02871377582785,0.003953399229249085,0.003953399229249085,0.0,0.00020227266883068745,6.749200954306881,0.0,0.0,26.55776348370466,7.777505592937814,0.003764525754377246,0.003764525754377246,0.0,0.000201047194423154,7.773540019989014,0.0,0.0,26.811899185180664
513,1e-05,0.00473116348146655,2.0290109838949415,0.0037328471909858123,0.0037328471909858123,0.0,0.0002005036616849222,6.750926718421374,0.0,0.0,26.25475386682105,7.779087575065205,0.0021055948454886675,0.0021055948454886675,0.0,0.00019756020628847182,7.776784420013428,0.0,0.0,26.53236961364746
514,1e-05,0.00473116348146655,2.02877790784674,0.003794785811802302,0.003794785811802302,0.0,0.00019692227085308406,6.7499434073485505,0.0,0.0,25.716362805833217,7.77949886379065,0.005301671102643013,0.005301671102643013,0.0,0.00019559432985261083,7.774001598358154,0.0,0.0,25.984909057617188
515,1e-05,0.00473116348146655,2.0271093133211386,0.0020758239152373144,0.0020758239152373144,0.0,0.0001972040696429906,6.750111351451588,0.0,0.0,25.30952748218629,7.779627174517373,0.0015988864470273256,0.0015988864470273256,0.0,0.0001972104946617037,7.777831077575684,0.0,0.0,25.688589096069336
516,1e-05,0.0046365402118372185,2.026648980385416,0.000935019864605999,0.000935019864605999,0.0,0.00019707412975934535,6.752379715491906,0.0,0.0,25.090336292375444,7.782330467976863,0.0010923206573352218,0.0010923206573352218,0.0,0.00019652515766210854,7.781041622161865,0.0,0.0,25.54354476928711
517,1e-05,0.0046365402118372185,2.0271515324699387,0.0008454212265714892,0.0008454212265714892,0.0,0.00019745243797963146,6.754353452980639,0.0,0.0,25.054837221208526,7.781675692473073,0.0010189269669353962,0.0010189269669353962,0.0,0.00019593100296333432,7.780460834503174,0.0,0.0,25.83112907409668
518,1e-05,0.0046365402118372185,2.02632528687351,0.0008328711313167474,0.0008328711313167474,0.0,0.00019767880371223404,6.7516412235690675,0.0,0.0,25.373587758269075,7.780273194890469,0.0008221564348787069,0.0008221564348787069,0.0,0.00019660196267068386,7.77925443649292,0.0,0.0,25.84531021118164
519,1e-05,0.0046365402118372185,2.026581658629356,0.0006548989202684206,0.0006548989202684206,0.0,0.00019773254818827103,6.753088902470799,0.0,0.0,25.547767611652386,7.781973684410332,0.0007168890442699194,0.0007168890442699194,0.0,0.00019514604355208576,7.78106164932251,0.0,0.0,25.930213928222656
520,1e-05,0.0046365402118372185,2.0263730049235424,0.0006667793959396209,0.0006667793959396209,0.0,0.0001966554466643777,6.752353894865451,0.0,0.0,25.636852792209627,7.777787209168309,0.0006647188565693796,0.0006647188565693796,0.0,0.0001950191508512944,7.776927471160889,0.0,0.0,26.128253936767578
521,1e-05,0.0046365402118372185,2.025783861075985,0.0006286459747803874,0.0006286459747803874,0.0,0.00019603004357546944,6.750517072715579,0.0,0.0,25.87537588307047,7.775339677609736,0.0006808093748986721,0.0006808093748986721,0.0,0.0001947378332260996,7.774464130401611,0.0,0.0,26.373271942138672
522,1e-05,0.0046365402118372185,2.0259016697118515,0.0005826353791524079,0.0005826353791524079,0.0,0.00019621474028903822,6.751063120281867,0.0,0.0,26.029022459638902,7.775563324612449,0.000838095264043659,0.000838095264043659,0.0,0.0001943417446454987,7.77453088760376,0.0,0.0,26.821317672729492
523,1e-05,0.0046365402118372185,2.0258110936934552,0.0006829707993852182,0.0006829707993852182,0.0,0.00019609166401902782,6.750426773877037,0.0,0.0,26.271433314562184,7.785446407098789,0.0007930552237667143,0.0007930552237667143,0.0,0.00019423780031502247,7.784459114074707,0.0,0.0,26.583904266357422
524,1e-05,0.0046365402118372185,2.0262792044047164,0.000802086886553511,0.000802086886553511,0.0,0.0001962840042083231,6.751589949086419,0.0,0.0,26.209769622681243,7.779502543213312,0.0008440404199063778,0.0008440404199063778,0.0,0.00019466230878606439,7.778463840484619,0.0,0.0,26.731346130371094
525,1e-05,0.0046365402118372185,2.0261546507377535,0.0009733954449033221,0.0009733954449033221,0.0,0.00019675789171309384,6.750603740528525,0.0,0.0,26.360624073377856,7.78010130256007,0.0007374767446890473,0.0007374767446890473,0.0,0.0001942663366207853,7.77916955947876,0.0,0.0,26.68750762939453
526,1e-05,0.0046365402118372185,2.025530957156004,0.0008477546170436507,0.0008477546170436507,0.0,0.00019645975540281098,6.748943628290956,0.0,0.0,26.285353209928864,7.778548049216624,0.0009104731143452227,0.0009104731143452227,0.0,0.00019512081053107977,7.777442455291748,0.0,0.0,26.692440032958984
527,1e-05,0.0046365402118372185,2.0256602841924027,0.0013672891397611615,0.0013672891397611615,0.0,0.0001961164116703181,6.747642914233269,0.0,0.0,26.323952883681212,7.7760869490448385,0.0006408140761777759,0.0006408140761777759,0.0,0.00019522325601428747,7.7752509117126465,0.0,0.0,26.751537322998047
528,1e-05,0.0046365402118372185,2.0258306478114148,0.0007778583740777036,0.0007778583740777036,0.0,0.00019738840036763876,6.750175646278543,0.0,0.0,26.216629982496073,7.78041504349676,0.000886766763869673,0.000886766763869673,0.0,0.00019706945749931037,7.779331207275391,0.0,0.0,26.368003845214844
529,1e-05,0.0046365402118372185,2.026979425831485,0.0008406968861500714,0.0008406968861500714,0.0,0.00019932749860257425,6.753795375349752,0.0,0.0,25.973790050636396,7.77609127497999,0.0009206258109770715,0.0009206258109770715,0.0,0.00019773351959884167,7.774972915649414,0.0,0.0,26.746631622314453
530,1e-05,0.0046365402118372185,2.027067087522562,0.0009299339925056136,0.0009299339925056136,0.0,0.00019993721731851292,6.7537901672120295,0.0,0.0,26.266131992264157,7.78075752640143,0.000779739348217845,0.000779739348217845,0.0,0.00019835284911096096,7.779779434204102,0.0,0.0,26.769119262695312
531,1e-05,0.0046365402118372185,2.0270660016455007,0.000751533891826525,0.000751533891826525,0.0,0.00020011724250057155,6.7543814375516416,0.0,0.0,26.23492305377097,7.783919890993275,0.0007668485632166266,0.0007668485632166266,0.0,0.00019787275232374668,7.782955169677734,0.0,0.0,26.759130477905273
532,1e-05,0.004543809407600474,2.0269071746484886,0.0009482497470560327,0.0009482497470560327,0.0,0.00019997987643781333,6.753196182772478,0.0,0.0,26.354954009714056,7.778615120856557,0.0006910405354574323,0.0006910405354574323,0.0,0.000198383757378906,7.777725696563721,0.0,0.0,27.010543823242188
533,1e-05,0.004543809407600474,2.0262907745340604,0.0009108294121078304,0.0009108294121078304,0.0,0.00020004878007668639,6.751266274330072,0.0,0.0,26.66708876785236,7.778763131369487,0.0008220601011998951,0.0008220601011998951,0.0,0.00019725489255506545,7.777743816375732,0.0,0.0,27.26331329345703
534,1e-05,0.004543809407600474,2.0264637444032436,0.0010124782607790715,0.0010124782607790715,0.0,0.00019828128205405198,6.751503758074814,0.0,0.0,26.628158155573235,7.783080771798268,0.0007545477710664272,0.0007545477710664272,0.0,0.00019550579600036144,7.782130718231201,0.0,0.0,27.476165771484375
535,1e-05,0.004543809407600474,2.026997581136119,0.0006587195558857167,0.0006587195558857167,0.0,0.00019710810483276745,6.754462567133629,0.0,0.0,26.709774099714025,7.781572341569699,0.0008924174471758306,0.0008924174471758306,0.0,0.00019572459859773517,7.780484199523926,0.0,0.0,27.45891761779785
536,1e-05,0.004543809407600474,2.028900767927827,0.0009037036659056947,0.0009037036659056947,0.0,0.00019617016064703193,6.759989794984226,0.0,0.0,26.583775483002967,7.775762337929336,0.0008938602986745536,0.0008938602986745536,0.0,0.00019549255375750363,7.774672985076904,0.0,0.0,27.41042709350586
537,1e-05,0.004543809407600474,2.028348557404559,0.0008453881311699779,0.0008453881311699779,0.0,0.00019572015941756165,6.758343583339593,0.0,0.0,26.73707693620474,7.780709271290107,0.0012836497044190764,0.0012836497044190764,0.0,0.00019598062499426305,7.779229640960693,0.0,0.0,27.545095443725586
538,1e-05,0.004543809407600474,2.0273188471309798,0.0011165654730087573,0.0011165654730087573,0.0,0.00019581534508219433,6.75400722185317,0.0,0.0,27.05773011162236,7.7733837309642695,0.0009128226665779948,0.0009128226665779948,0.0,0.0001964141265489161,7.772274494171143,0.0,0.0,27.961366653442383
539,1e-05,0.004543809407600474,2.0258299374406903,0.0011701969876575684,0.0011701969876575684,0.0,0.0001954656421550952,6.748865506225118,0.0,0.0,27.44784465953982,7.778228099283297,0.00087095977505669,0.00087095977505669,0.0,0.00019697181414812803,7.777160167694092,0.0,0.0,28.17548370361328
540,1e-05,0.004543809407600474,2.0258761115679413,0.0009802700206293724,0.0009802700206293724,0.0,0.00019552707411784907,6.749652448499587,0.0,0.0,27.584587300181038,7.7776629419240635,0.0008210699306800961,0.0008210699306800961,0.0,0.00019525791867636144,7.776646614074707,0.0,0.0,28.022836685180664
541,1e-05,0.004543809407600474,2.0254175064458786,0.0009197270619645594,0.0009197270619645594,0.0,0.00019491361980514393,6.748325547045181,0.0,0.0,27.54010796129663,7.7756452678877395,0.0009019727003760636,0.0009019727003760636,0.0,0.00019381093443371356,7.77454948425293,0.0,0.0,27.81275749206543
542,1e-05,0.004543809407600474,2.0252390622080374,0.0008350445434364332,0.0008350445434364332,0.0,0.00019450904772303206,6.748013022104804,0.0,0.0,27.317923164095465,7.774480738706188,0.0008480761316604912,0.0008480761316604912,0.0,0.00019230155157856643,7.773440361022949,0.0,0.0,27.651708602905273
543,1e-05,0.004543809407600474,2.0250594327950817,0.0006699849045345941,0.0006699849045345941,0.0,0.00019416519469427432,6.747964461722095,0.0,0.0,27.197320596698816,7.777525769706699,0.0010980772785842419,0.0010980772785842419,0.0,0.0001921119837788865,7.776235580444336,0.0,0.0,27.81582260131836
544,1e-05,0.004543809407600474,2.0247779663536702,0.0007929724221371856,0.0007929724221371856,0.0,0.00019365481458938499,6.7466164709776155,0.0,0.0,27.243867717695068,7.778021907026414,0.0007266761967912316,0.0007266761967912316,0.0,0.00019276043167337775,7.777102470397949,0.0,0.0,27.821863174438477
545,1e-05,0.004543809407600474,2.0268555275056133,0.0009292672568567413,0.0009292672568567413,0.0,0.00019326107741159023,6.753087178650567,0.0,0.0,27.1063764088322,7.780063062906265,0.001247715437784791,0.001247715437784791,0.0,0.00019081286154687405,7.778624534606934,0.0,0.0,27.743818283081055
546,1e-05,0.004543809407600474,2.0256856478791128,0.0010744699533595007,0.0010744699533595007,0.0,0.00019159921236300344,6.748703650508432,0.0,0.0,27.028496080271193,7.7764383802132215,0.0008726530941203237,0.0008726530941203237,0.0,0.00019036090816371143,7.7753753662109375,0.0,0.0,27.553863525390625
547,1e-05,0.004543809407600474,2.025184827461647,0.0008664203338235532,0.0008664203338235532,0.0,0.00019170920278854003,6.747727711517877,0.0,0.0,27.16891178539995,7.777597848806181,0.0010282460134476423,0.0010282460134476423,0.0,0.00019001752662006766,7.776379585266113,0.0,0.0,27.765567779541016
548,1e-05,0.004543809407600474,2.026057033705813,0.001614836823935492,0.001614836823935492,0.0,0.00019149817843415492,6.748140438093874,0.0,0.0,27.13700417663533,7.773308912263019,0.0008599301800131798,0.0008599301800131798,0.0,0.00019022353808395565,7.772258758544922,0.0,0.0,27.774494171142578
549,1e-05,0.004452933219448465,2.0292515380172387,0.004853526215682299,0.004853526215682299,0.0,0.00019106987764524796,6.7479930698025425,0.0,0.0,26.806265219303953,7.789351391402306,0.0016656762454658747,0.0016656762454658747,0.0,0.00019439359311945736,7.787491321563721,0.0,0.0,27.26589584350586
550,1e-05,0.004452933219448465,2.0302694427925023,0.002719905228952999,0.002719905228952999,0.0,0.00019242052647439696,6.758498030296984,0.0,0.0,26.219584529999633,7.797980969568016,0.009258851408958435,0.009258851408958435,0.0,0.00019510628771968186,7.788527011871338,0.0,0.0,26.285879135131836
551,1e-05,0.004452933219448465,2.033410764610038,0.004578070301849157,0.004578070301849157,0.0,0.0001925086428835395,6.7627752684171485,0.0,0.0,25.92125211520995,7.784169900085544,0.0052110496908426285,0.0052110496908426285,0.0,0.00019221831462346017,7.778766632080078,0.0,0.0,25.955581665039062
552,1e-05,0.004452933219448465,2.0320329627814684,0.0030063272982780924,0.0030063272982780924,0.0,0.00018976012051003468,6.763421664327161,0.0,0.0,25.465570009418247,7.775716661737533,0.0014058636734262109,0.0014058636734262109,0.0,0.00018855990492738783,7.77412223815918,0.0,0.0,25.502676010131836
553,1e-05,0.004452933219448465,2.0278071087377754,0.0012554793587506567,0.0012554793587506567,0.0,0.00018492855120406956,6.755171717435496,0.0,0.0,25.616723103946974,7.7960468428063905,0.0014530058251693845,0.0014530058251693845,0.0,0.00018408508913125843,7.79440975189209,0.0,0.0,26.225698471069336
554,1e-05,0.004452933219448465,2.028002326153566,0.0009564568061621295,0.0009564568061621295,0.0,0.00018280206772336996,6.756819102744967,0.0,0.0,26.053489666433542,7.782916140087764,0.0012076672865077853,0.0012076672865077853,0.0,0.0001847682724473998,7.781523704528809,0.0,0.0,26.773944854736328
555,1e-05,0.004452933219448465,2.026697912897894,0.0009353283065527514,0.0009353283065527514,0.0,0.00018394131377674243,6.752541607885619,0.0,0.0,26.691568798711906,7.782368780579418,0.0011968198232352734,0.0011968198232352734,0.0,0.0001851748675107956,7.780986785888672,0.0,0.0,27.185495376586914
556,1e-05,0.004452933219448465,2.026828735278939,0.0008792408280414945,0.0008792408280414945,0.0,0.0001842360504473405,6.75316467720696,0.0,0.0,26.836897353105897,7.783322151488392,0.0010390058159828186,0.0010390058159828186,0.0,0.00018485236796550453,7.782098293304443,0.0,0.0,27.33711814880371
557,1e-05,0.004452933219448465,2.028303955415432,0.0007486176210682852,0.0007486176210682852,0.0,0.00018327980357137123,6.758517505797904,0.0,0.0,26.795382379849777,7.789863550060545,0.0008800654904916883,0.0008800654904916883,0.0,0.00018419868138153106,7.788799285888672,0.0,0.0,27.347497940063477
558,1e-05,0.004452933219448465,2.0279469051006926,0.0006984080195144924,0.0006984080195144924,0.0,0.0001824589659217964,6.757494913630005,0.0,0.0,26.92015602786903,7.787348891113652,0.0008122517610900104,0.0008122517610900104,0.0,0.00018591227126307786,7.786350727081299,0.0,0.0,27.402433395385742
559,1e-05,0.004452933219448465,2.0299672286891255,0.0008207764531436671,0.0008207764531436671,0.0,0.0001832199468865059,6.763821223850748,0.0,0.0,27.12831219836699,7.785080081113847,0.0008058512466959655,0.0008058512466959655,0.0,0.0001851414272096008,7.784089088439941,0.0,0.0,27.51521873474121
560,1e-05,0.004363874555059495,2.0313625475839054,0.0009318076596558782,0.0009318076596558782,0.0,0.00018230642352859297,6.768102056319481,0.0,0.0,27.363700366688196,7.775365434019477,0.0017987133469432592,0.0017987133469432592,0.0,0.0001826264342525974,7.773384094238281,0.0,0.0,27.456653594970703
561,1e-05,0.004363874555059495,2.034788187263257,0.007602394675805327,0.007602394675805327,0.0,0.00018405949694858808,6.7572855978413955,0.0,0.0,28.100422431746942,7.788154496403877,0.012707035057246685,0.012707035057246685,0.0,0.0001822445192374289,7.775265216827393,0.0,0.0,28.5664119720459
562,1e-05,0.004363874555059495,2.0360522189793606,0.010845697858264997,0.010845697858264997,0.0,0.00018764126157215966,6.750688244396924,0.0,0.0,27.976450031331808,7.779422932071611,0.007688292767852545,0.007688292767852545,0.0,0.00019018282182514668,7.771544456481934,0.0,0.0,28.282001495361328
563,1e-05,0.004363874555059495,2.0305272843649114,0.005250489354211746,0.005250489354211746,0.0,0.0001898783248724989,6.75092239053228,0.0,0.0,27.481520350686974,7.781221201366861,0.005282887723296881,0.005282887723296881,0.0,0.0001891071005957201,7.775749206542969,0.0,0.0,27.65816307067871
564,1e-05,0.004363874555059495,2.0281190597351104,0.002716618303355856,0.002716618303355856,0.0,0.00018980856472120897,6.7513411688176035,0.0,0.0,27.23319014694889,7.786310552313807,0.005339216906577349,0.005339216906577349,0.0,0.00019054317090194672,7.780780792236328,0.0,0.0,27.522926330566406
565,1e-05,0.004363874555059495,2.0273550922840147,0.002129357039553206,0.002129357039553206,0.0,0.0001893246062368433,6.75075224580767,0.0,0.0,27.189908933327914,7.781820529780816,0.001985871931537986,0.001985871931537986,0.0,0.00019016856094822288,7.77964448928833,0.0,0.0,27.68341064453125
566,1e-05,0.004363874555059495,2.025563014649179,0.0011311181376132103,0.0011311181376132103,0.0,0.00018862464420829202,6.748106071720311,0.0,0.0,27.515529450472656,7.777979724400211,0.0013301147846505046,0.0013301147846505046,0.0,0.00018800835823640227,7.776461601257324,0.0,0.0,27.866621017456055
567,1e-05,0.004363874555059495,2.0250729874652644,0.0008102964697498597,0.0008102964697498597,0.0,0.00018724943419360014,6.747542015734151,0.0,0.0,27.45444578684971,7.779130236391211,0.0009782296838238835,0.0009782296838238835,0.0,0.0001878915645647794,7.777964115142822,0.0,0.0,27.802385330200195
568,1e-05,0.004363874555059495,2.026698420172315,0.0006853908503227005,0.0006853908503227005,0.0,0.0001874343592934283,6.753376523710377,0.0,0.0,27.246580005417382,7.787767860179883,0.0009754957864060998,0.0009754957864060998,0.0,0.00018843678117264062,7.786603927612305,0.0,0.0,27.80945587158203
569,1e-05,0.004363874555059495,2.027809679230115,0.0007005924747404351,0.0007005924747404351,0.0,0.0001873011216673898,6.757029995645704,0.0,0.0,27.309796405305978,7.784198879337055,0.0009745000279508531,0.0009745000279508531,0.0,0.00018957782594952732,7.783034801483154,0.0,0.0,27.575403213500977
570,1e-05,0.004363874555059495,2.0306773860436014,0.0008038655785596008,0.0008038655785596008,0.0,0.00018821410783085327,6.766244585003849,0.0,0.0,27.156449956843062,7.7759611796354875,0.0008941920823417604,0.0008941920823417604,0.0,0.00018991617253050208,7.774877071380615,0.0,0.0,27.300697326660156
571,1e-05,0.004276597063958305,2.029535493640403,0.0008627624883839238,0.0008627624883839238,0.0,0.00018904837741738764,6.762242021133009,0.0,0.0,27.52191419421637,7.7742105717770755,0.0014835130423307419,0.0014835130423307419,0.0,0.00019078096374869347,7.772536277770996,0.0,0.0,27.765151977539062
572,1e-05,0.004276597063958305,2.0264069369163122,0.0009867584755766047,0.0009867584755766047,0.0,0.00019008035469824684,6.751400292183861,0.0,0.0,28.104341729455747,7.771304066322045,0.0007174923084676266,0.0007174923084676266,0.0,0.0001898645714391023,7.770396709442139,0.0,0.0,28.499881744384766
573,1e-05,0.004276597063958305,2.026400989060944,0.0008344520663918728,0.0008344520663918728,0.0,0.0001897580548824465,6.751888169986573,0.0,0.0,28.63135202869595,7.775696408731164,0.0012821424752473831,0.0012821424752473831,0.0,0.00018950810772366822,7.774224758148193,0.0,0.0,28.914167404174805
574,1e-05,0.004276597063958305,2.026755626407077,0.0010158746882944051,0.0010158746882944051,0.0,0.00018967156762213566,6.75246524631704,0.0,0.0,28.746735451967005,7.7776687773439335,0.0010728727793321013,0.0010728727793321013,0.0,0.0001905700919451192,7.776405334472656,0.0,0.0,29.021493911743164
575,1e-05,0.004276597063958305,2.026744672450399,0.0008093955048636667,0.0008093955048636667,0.0,0.0001896933591069922,6.753117070426932,0.0,0.0,28.784360815991075,7.777383075823309,0.0008310492848977447,0.0008310492848977447,0.0,0.00019056108430959284,7.776361465454102,0.0,0.0,29.00218391418457
576,1e-05,0.004276597063958305,2.026709184905264,0.0006855436328484654,0.0006855436328484654,0.0,0.00018910834520694005,6.753411953717701,0.0,0.0,28.86122522402121,7.77675534869195,0.0008966934983618557,0.0008966934983618557,0.0,0.00019003413035534322,7.775668621063232,0.0,0.0,28.85664176940918
577,1e-05,0.004276597063958305,2.0282558724569837,0.0007630714099914861,0.0007630714099914861,0.0,0.00018922595830452805,6.758308996903872,0.0,0.0,28.71526600314702,7.772038961556973,0.001065654680132866,0.001065654680132866,0.0,0.0001889288250822574,7.770784378051758,0.0,0.0,28.721065521240234
578,1e-05,0.004276597063958305,2.02853544523955,0.000945613798939268,0.000945613798939268,0.0,0.000188809555560151,6.7586324515980625,0.0,0.0,28.698614028504295,7.774434647435555,0.0014780736528337002,0.0014780736528337002,0.0,0.000189029989996925,7.772767543792725,0.0,0.0,28.816530227661133
579,1e-05,0.004276597063958305,2.026641865283346,0.001095381887164179,0.001095381887164179,0.0,0.00018853025574879637,6.751821307767783,0.0,0.0,29.104692166836394,7.775389961723704,0.0012772679328918457,0.0012772679328918457,0.0,0.00018881988944485784,7.773923873901367,0.0,0.0,29.409395217895508
580,1e-05,0.004276597063958305,2.0268327298318223,0.0011065985466863608,0.0011065985466863608,0.0,0.0001879445481247434,6.752420206928848,0.0,0.0,29.42928658170721,7.769598454120569,0.0009310434106737375,0.0009310434106737375,0.0,0.00018663296941667795,7.7684807777404785,0.0,0.0,29.660621643066406
581,1e-05,0.004276597063958305,2.0266775557155894,0.0009433558473379888,0.0009433558473379888,0.0,0.00018663162047337416,6.752446907803932,0.0,0.0,29.62112120375701,7.774323360150447,0.001072013983502984,0.001072013983502984,0.0,0.00018625598750077188,7.773065090179443,0.0,0.0,29.55103874206543
582,1e-05,0.004276597063958305,2.0263113129442316,0.0007686052222501766,0.0007686052222501766,0.0,0.0001856605448268792,6.751808874255897,0.0,0.0,29.488625110015033,7.769657239783555,0.0011211367091163993,0.0011211367091163993,0.0,0.00018550187814980745,7.768350601196289,0.0,0.0,29.657886505126953
583,1e-05,0.004276597063958305,2.025765269400033,0.0009053864578424453,0.0009053864578424453,0.0,0.0001859471970122583,6.749532587977916,0.0,0.0,29.714863133235276,7.771416390547529,0.0009511593380011618,0.0009511593380011618,0.0,0.00018630054546520114,7.7702789306640625,0.0,0.0,29.83812713623047
584,1e-05,0.004276597063958305,2.025574035752519,0.0007490508530248115,0.0007490508530248115,0.0,0.00018652237809913428,6.749416285127789,0.0,0.0,29.816981497780134,7.769633483374491,0.0010419976897537708,0.0010419976897537708,0.0,0.00018604821525514126,7.768405437469482,0.0,0.0,29.919992446899414
585,1e-05,0.004276597063958305,2.0255665106249627,0.0008043869651299224,0.0008043869651299224,0.0,0.0001854873698274738,6.749206749277023,0.0,0.0,29.881993717768687,7.7717748366703745,0.001061085145920515,0.001061085145920515,0.0,0.00018543502665124834,7.770528316497803,0.0,0.0,29.744083404541016
586,1e-05,0.004276597063958305,2.0259529775804967,0.0008057158601974426,0.0008057158601974426,0.0,0.0001856003307412701,6.750490665256704,0.0,0.0,29.73321363428609,7.771804090269143,0.0014025510754436255,0.0014025510754436255,0.0,0.00018555103451944888,7.77021598815918,0.0,0.0,29.763347625732422
587,1e-05,0.004276597063958305,2.026754768399718,0.0017425133578353824,0.0017425133578353824,0.0,0.0001856170119160606,6.750040381405863,0.0,0.0,29.811608960731842,7.775442799087614,0.004843368660658598,0.004843368660658598,0.0,0.00018460117280483246,7.77041482925415,0.0,0.0,29.77040672302246
588,1e-05,0.004276597063958305,2.027888774938599,0.0025048655324607424,0.0025048655324607424,0.0,0.00018528994631905688,6.751279441382484,0.0,0.0,29.75457605588161,7.779728262365097,0.0014467942528426647,0.0014467942528426647,0.0,0.0001843154022935778,7.778097152709961,0.0,0.0,29.651500701904297
589,1e-05,0.004276597063958305,2.0267954395465724,0.0011518678265936854,0.0011518678265936854,0.0,0.00018413697757461604,6.7521448724930515,0.0,0.0,29.397845327204966,7.770813767667278,0.0012282381067052484,0.0012282381067052484,0.0,0.0001830255932873115,7.769402503967285,0.0,0.0,29.614450454711914
590,1e-05,0.004276597063958305,2.025574783459296,0.0008691440002772996,0.0008691440002772996,0.0,0.00018313864185800631,6.749018412747408,0.0,0.0,29.624439172308495,7.773266462929314,0.0008936810772866011,0.0008936810772866011,0.0,0.00018316469504497945,7.772189617156982,0.0,0.0,30.049325942993164
591,1e-05,0.0041910651226791384,2.0250541697210824,0.0007625025809563388,0.0007625025809563388,0.0,0.00018394376712001594,6.747638586344175,0.0,0.0,29.843809210474195,7.77434890755103,0.0008575495448894799,0.0008575495448894799,0.0,0.0001859418989624828,7.773305416107178,0.0,0.0,30.08319091796875
592,1e-05,0.0041910651226791384,2.0247720510027714,0.0006696555847936732,0.0006696555847936732,0.0,0.00018502870198808068,6.747007704816251,0.0,0.0,30.011085921867565,7.772495510565932,0.0010925146052613854,0.0010925146052613854,0.0,0.00018564976926427335,7.771217346191406,0.0,0.0,30.137659072875977
593,1e-05,0.0041910651226791384,2.0246527991032868,0.0008324485304795877,0.0008324485304795877,0.0,0.00018437890455620722,6.746067525926256,0.0,0.0,29.99302200349475,7.7712147321144585,0.0009137134766206145,0.0009137134766206145,0.0,0.00018516628188081086,7.770115852355957,0.0,0.0,30.262088775634766
594,1e-05,0.0041910651226791384,2.024376234224705,0.0007026416324987304,0.0007026416324987304,0.0,0.00018498521340578654,6.745578364427627,0.0,0.0,30.14760865379327,7.7716581877321005,0.0010167780565097928,0.0010167780565097928,0.0,0.00018557242583483458,7.770455837249756,0.0,0.0,30.3561954498291
595,1e-05,0.0041910651226791384,2.024443994219402,0.0008205568158322367,0.0008205568158322367,0.0,0.00018461199148758433,6.745411227219165,0.0,0.0,30.209124021201347,7.771427063664305,0.0012855596141889691,0.0012855596141889691,0.0,0.0001844384678406641,7.769957065582275,0.0,0.0,30.34739112854004
596,1e-05,0.0041910651226791384,2.024361193442019,0.0008859326391454298,0.0008859326391454298,0.0,0.0001839441237692806,6.74491718767605,0.0,0.0,30.178654926236725,7.77146941832325,0.0010615361388772726,0.0010615361388772726,0.0,0.0001837877935031429,7.770224094390869,0.0,0.0,30.323657989501953
597,1e-05,0.0041910651226791384,2.024138931340011,0.000793671790931029,0.000793671790931029,0.0,0.00018323541074270557,6.744483811934294,0.0,0.0,30.13272735886827,7.77359348416212,0.0012566451914608479,0.0012566451914608479,0.0,0.00018203092622570693,7.772154808044434,0.0,0.0,30.34307861328125
598,1e-05,0.0041910651226791384,2.024439512477354,0.0010087195959226354,0.0010087195959226354,0.0,0.0001814884618268305,6.74476882910501,0.0,0.0,30.089989204782103,7.775480624404736,0.0012335475767031312,0.0012335475767031312,0.0,0.00018110545352101326,7.774065971374512,0.0,0.0,30.317298889160156
599,1e-05,0.0041910651226791384,2.024832941071669,0.0008017618590351436,0.0008017618590351436,0.0,0.00018125060106385894,6.746770257748535,0.0,0.0,30.017318523862293,7.773701434431132,0.0013622611295431852,0.0013622611295431852,0.0,0.0001810273970477283,7.772158145904541,0.0,0.0,30.194320678710938
600,1e-05,0.0041910651226791384,2.0249004782009195,0.0009068273808675399,0.0009068273808675399,0.0,0.00018002831074938666,6.746645225766168,0.0,0.0,30.021267944441384,7.772616448448389,0.0013054065639153123,0.0013054065639153123,0.0,0.00017857270722743124,7.771132469177246,0.0,0.0,30.29053497314453
601,1e-05,0.0041910651226791384,2.0254409462758822,0.001250564552431653,0.001250564552431653,0.0,0.0001785754930442025,6.747300974317866,0.0,0.0,29.995902176579552,7.771213508822257,0.0009832136565819383,0.0009832136565819383,0.0,0.0001778621517587453,7.770052433013916,0.0,0.0,30.199583053588867
602,1e-05,0.004107243820225556,2.0248563193512146,0.0008244772523736884,0.0008244772523736884,0.0,0.00017669233414161642,6.746772421693082,0.0,0.0,29.953438369514867,7.770697775791632,0.0011182751040905714,0.0011182751040905714,0.0,0.0001755662087816745,7.76940393447876,0.0,0.0,30.25001335144043
603,1e-05,0.004107243820225556,2.0251078496422665,0.000941689785997669,0.000941689785997669,0.0,0.000175105150340684,6.747220138152088,0.0,0.0,29.956980940438335,7.771204127842793,0.0010995768243446946,0.0010995768243446946,0.0,0.00017466515419073403,7.769929885864258,0.0,0.0,30.220853805541992
604,1e-05,0.004107243820225556,2.0248929736717263,0.0010644367616002481,0.0010644367616002481,0.0,0.00017408211800340928,6.746094776956734,0.0,0.0,29.94081975111227,7.772651344537735,0.0011494155041873455,0.0011494155041873455,0.0,0.0001749102957546711,7.771327018737793,0.0,0.0,30.104049682617188
605,1e-05,0.004107243820225556,2.024938588270105,0.0009361409228850538,0.0009361409228850538,0.0,0.0001742248989247666,6.746674494033088,0.0,0.0,29.935831134417626,7.774540422484279,0.0013487455435097218,0.0013487455435097218,0.0,0.0001747473143041134,7.773016929626465,0.0,0.0,30.186689376831055
606,1e-05,0.004107243820225556,2.024944177124913,0.0009169028783706129,0.0009169028783706129,0.0,0.00017390105748094705,6.746757237404229,0.0,0.0,29.91098280661471,7.774450709053781,0.001059268368408084,0.001059268368408084,0.0,0.00017519312677904963,7.773216247558594,0.0,0.0,30.283245086669922
607,1e-05,0.004107243820225556,2.024541444406844,0.0007528446637403064,0.0007528446637403064,0.0,0.00017475650691171985,6.7459616760286,0.0,0.0,30.070881015969857,7.773560952336993,0.0010226441081613302,0.0010226441081613302,0.0,0.0001760760205797851,7.772362232208252,0.0,0.0,30.277637481689453
608,1e-05,0.004107243820225556,2.0244676346202537,0.0007553735807921644,0.0007553735807921644,0.0,0.00017538568746762586,6.745707394205851,0.0,0.0,30.215792962040396,7.772731119272066,0.0011479629902169108,0.0011479629902169108,0.0,0.0001750752271618694,7.7714080810546875,0.0,0.0,30.287250518798828
609,1e-05,0.004107243820225556,2.0263021024570422,0.0023717967519328287,0.0023717967519328287,0.0,0.0001748583500229165,6.746434076126249,0.0,0.0,30.26800489300298,7.7797094251727685,0.0026593853253871202,0.0026593853253871202,0.0,0.00017359026242047548,7.776876449584961,0.0,0.0,29.978437423706055
610,1e-05,0.004107243820225556,2.0265381895553807,0.0019665071456375863,0.0019665071456375863,0.0,0.00017236566241001576,6.74857197998432,0.0,0.0,29.79289356195299,7.788826658012113,0.010166998952627182,0.010166998952627182,0.0,0.0001700693683233112,7.778489589691162,0.0,0.0,29.872068405151367
611,1e-05,0.004107243820225556,2.034071017207214,0.010277407145944599,0.010277407145944599,0.0,0.00016973435897318202,6.745978364075528,0.0,0.0,29.714521318680802,7.801715883688303,0.01480746641755104,0.01480746641755104,0.0,0.000169067905517295,7.786739349365234,0.0,0.0,30.33247184753418
612,1e-05,0.004107243820225556,2.0387175525295524,0.013652472724623332,0.013652472724623332,0.0,0.00016920994368924586,6.750216467808721,0.0,0.0,29.385083505789094,7.776912456494756,0.0027423056308180094,0.0027423056308180094,0.0,0.00017093669157475233,7.773999214172363,0.0,0.0,29.28663444519043
613,1e-05,0.004025098943821044,2.0329067701853902,0.009069116683741898,0.009069116683741898,0.0,0.00017651022639335662,6.746125035503361,0.0,0.0,28.59110157815536,7.781965641566785,0.009517899714410305,0.009517899714410305,0.0,0.00018087707576341927,7.772266864776611,0.0,0.0,29.069684982299805
614,1e-05,0.004025098943821044,2.0300627761252565,0.006770971474901936,0.006770971474901936,0.0,0.00018072642977563352,6.744305598263915,0.0,0.0,28.385965024790092,7.787670098041417,0.004212592728435993,0.004212592728435993,0.0,0.000181901064934209,7.783275604248047,0.0,0.0,28.295734405517578
615,1e-05,0.004025098943821044,2.02606653031897,0.0025255772460886002,0.0025255772460886002,0.0,0.0001810006903712205,6.74513618619958,0.0,0.0,27.70714563647551,7.776235201541567,0.0011354194721207023,0.0011354194721207023,0.0,0.00018122585606761277,7.774918556213379,0.0,0.0,27.7943115234375
616,1e-05,0.004025098943821044,2.024493895958279,0.000827891248227287,0.000827891248227287,0.0,0.00018127023473349274,6.745553093956565,0.0,0.0,27.50801756096703,7.774635406894959,0.0011531499912962317,0.0011531499912962317,0.0,0.00018160916806664318,7.773300647735596,0.0,0.0,27.776851654052734
617,1e-05,0.004025098943821044,2.0244779783730276,0.0007984394955593422,0.0007984394955593422,0.0,0.00018178538785728598,6.7455981700217835,0.0,0.0,27.676614724532243,7.776583665574435,0.0009396289242431521,0.0009396289242431521,0.0,0.00018283975077793002,7.775461196899414,0.0,0.0,28.131202697753906
618,1e-05,0.004025098943821044,2.0243497906112635,0.0007299374915692928,0.0007299374915692928,0.0,0.00018208791217993797,6.745399123800515,0.0,0.0,28.05944786596144,7.778369377338095,0.0008396718185395002,0.0008396718185395002,0.0,0.0001830944966059178,7.777346611022949,0.0,0.0,28.501705169677734
619,1e-05,0.004025098943821044,2.0243584812094997,0.0006624644482247388,0.0006624644482247388,0.0,0.00018204590988619304,6.745653112207053,0.0,0.0,28.361766799712427,7.7754633528820705,0.0008208678336814046,0.0008208678336814046,0.0,0.0001831230183597654,7.774459362030029,0.0,0.0,28.754138946533203
620,1e-05,0.004025098943821044,2.0240269197277496,0.0006884111154395003,0.0006884111154395003,0.0,0.00018269105729088332,6.744461402271276,0.0,0.0,28.698141711503034,7.773066087407642,0.0008990642381832004,0.0008990642381832004,0.0,0.00018292282766196877,7.771984100341797,0.0,0.0,28.962167739868164
621,1e-05,0.004025098943821044,2.0241600063701637,0.000897758697424708,0.000897758697424708,0.0,0.00018221348558450706,6.744207120448528,0.0,0.0,28.902739390382756,7.776085449557286,0.001998495776206255,0.001998495776206255,0.0,0.00018263020319864154,7.773904323577881,0.0,0.0,29.243722915649414
622,1e-05,0.004025098943821044,2.0250806046263206,0.0012282150548548901,0.0012282150548548901,0.0,0.00018235851004654762,6.7461742927495685,0.0,0.0,29.19884639924235,7.773887999472208,0.0012643799418583512,0.0012643799418583512,0.0,0.00018175551667809486,7.772441864013672,0.0,0.0,29.41984748840332
623,1e-05,0.004025098943821044,2.0243675239701218,0.0009142512325053699,0.0009142512325053699,0.0,0.0001810477649999215,6.744843943654699,0.0,0.0,29.30781968523001,7.772509571601404,0.0010873581049963832,0.0010873581049963832,0.0,0.0001810254470910877,7.771241188049316,0.0,0.0,29.712453842163086
624,1e-05,0.003944596964944623,2.0236856606621325,0.0007906609617521457,0.0007906609617521457,0.0,0.00018051196323472788,6.7429830980526555,0.0,0.0,29.631489912250995,7.772737540275557,0.0011006374843418598,0.0011006374843418598,0.0,0.00018113802070729434,7.771455764770508,0.0,0.0,29.89043617248535
625,1e-05,0.003944596964944623,2.0237824690242974,0.000841124225533191,0.000841124225533191,0.0,0.00018056218644896434,6.743137545010047,0.0,0.0,29.719031717097977,7.774398834299063,0.0011948212049901485,0.0011948212049901485,0.0,0.00018040774739347398,7.77302360534668,0.0,0.0,29.852062225341797
626,1e-05,0.003944596964944623,2.02409512503501,0.0008588350261328751,0.0008588350261328751,0.0,0.00018013848013243765,6.744120599343686,0.0,0.0,29.71232551669838,7.774808321002638,0.0008902601548470557,0.0008902601548470557,0.0,0.00018015343812294304,7.773737907409668,0.0,0.0,29.974760055541992
627,1e-05,0.003944596964944623,2.023787878266741,0.0007439617362397389,0.0007439617362397389,0.0,0.0001794510410440332,6.74347937489437,0.0,0.0,29.792274374235834,7.776638576106052,0.0008828671416267753,0.0008828671416267753,0.0,0.00018007114704232663,7.775575637817383,0.0,0.0,30.138587951660156
628,1e-05,0.003944596964944623,2.024359507684898,0.0006990205839340776,0.0006990205839340776,0.0,0.00017910179063416817,6.745534645412379,0.0,0.0,29.85966892123518,7.77343997778371,0.0007860453915782273,0.0007860453915782273,0.0,0.00017916661454364657,7.772474765777588,0.0,0.0,30.166879653930664
629,1e-05,0.003944596964944623,2.0241871809051113,0.0006615051702333594,0.0006615051702333594,0.0,0.00017863109221337315,6.745085168456114,0.0,0.0,29.913072642221266,7.772537061478943,0.0007668141624890268,0.0007668141624890268,0.0,0.0001790607930161059,7.7715911865234375,0.0,0.0,30.460695266723633
630,1e-05,0.003944596964944623,2.023969393729006,0.0007093344685826998,0.0007093344685826998,0.0,0.0001784967508820049,6.74419993175139,0.0,0.0,30.170584436452586,7.770388170349179,0.0007585772546008229,0.0007585772546008229,0.0,0.00017940541147254407,7.7694501876831055,0.0,0.0,30.406618118286133
631,1e-05,0.003944596964944623,2.0232909031476805,0.0007179657845103812,0.0007179657845103812,0.0,0.00017918772447409205,6.74190930475616,0.0,0.0,30.31885013166273,7.775352461147122,0.0007641500560566783,0.0007641500560566783,0.0,0.0001799706369638443,7.774408340454102,0.0,0.0,30.625240325927734
632,1e-05,0.003944596964944623,2.0238164121542686,0.000760030856715504,0.000760030856715504,0.0,0.0001785046630511455,6.743521003319124,0.0,0.0,30.39163602013632,7.773440989694791,0.0008980521815828979,0.0008980521815828979,0.0,0.00017879795632325113,7.772364139556885,0.0,0.0,30.4675235748291
633,1e-05,0.003944596964944623,2.0237930476796717,0.0008053904659093678,0.0008053904659093678,0.0,0.00017810152193888098,6.743291845259333,0.0,0.0,30.315446912808053,7.773724158745608,0.0009645203826949,0.0009645203826949,0.0,0.0001790147362044081,7.772580623626709,0.0,0.0,30.552562713623047
634,1e-05,0.003944596964944623,2.0240223537561692,0.0009344698704192585,0.0009344698704192585,0.0,0.00017776525733385467,6.743626009645178,0.0,0.0,30.359138458969447,7.775009170771227,0.001076341955922544,0.001076341955922544,0.0,0.00017823210509959608,7.773754596710205,0.0,0.0,30.534523010253906
635,1e-05,0.003865705025645731,2.024284980193503,0.0010736993229225756,0.0010736993229225756,0.0,0.0001774260731695393,6.7440372324631,0.0,0.0,30.338574097228697,7.774525734217605,0.0010712877847254276,0.0010712877847254276,0.0,0.00017716371803544462,7.773277282714844,0.0,0.0,30.56586265563965
636,1e-05,0.003865705025645731,2.023700477265874,0.0009870736483607396,0.0009870736483607396,0.0,0.00017636938459149098,6.742377597026873,0.0,0.0,30.415863742855592,7.772126191921416,0.0011187080526724458,0.0011187080526724458,0.0,0.0001758989383233711,7.77083158493042,0.0,0.0,30.83150863647461
637,1e-05,0.003865705025645731,2.0238302959168557,0.0009725201118393675,0.0009725201118393675,0.0,0.00017480768419949342,6.742858909641892,0.0,0.0,30.555905421688333,7.776613226145855,0.0013096884358674288,0.0013096884358674288,0.0,0.0001737426355248317,7.775129795074463,0.0,0.0,30.778644561767578
638,1e-05,0.003865705025645731,2.0241530972897657,0.0011315057991789373,0.0011315057991789373,0.0,0.0001732092307725822,6.743404993885206,0.0,0.0,30.413481403093805,7.77689246769296,0.0014047825243324041,0.0014047825243324041,0.0,0.0001743077882565558,7.775313377380371,0.0,0.0,30.605653762817383
639,1e-05,0.003865705025645731,2.024161586836042,0.0009264885171167365,0.0009264885171167365,0.0,0.00017339524771639348,6.744116711578908,0.0,0.0,30.2094559567415,7.777178492528037,0.0010299865389242768,0.0010299865389242768,0.0,0.00017470914463046938,7.775973796844482,0.0,0.0,30.219573974609375
640,1e-05,0.003865705025645731,2.023630611273884,0.000884283990111098,0.000884283990111098,0.0,0.0001729889594745502,6.742487334689307,0.0,0.0,30.109722656230517,7.7777424593805335,0.0008981007849797606,0.0008981007849797606,0.0,0.0001729489886201918,7.776671409606934,0.0,0.0,30.308034896850586
641,1e-05,0.003865705025645731,2.023445608928548,0.0007909076973850487,0.0007909076973850487,0.0,0.00017150369189799562,6.742181998446068,0.0,0.0,30.155720884612094,7.775423577972106,0.00138961395714432,0.00138961395714432,0.0,0.000172078944160603,7.773861885070801,0.0,0.0,30.340652465820312
642,1e-05,0.003865705025645731,2.023934618670706,0.0011918402294855013,0.0011918402294855013,0.0,0.00017056499232925967,6.742475708071997,0.0,0.0,30.22138294070111,7.776533979733358,0.0009057160350494087,0.0009057160350494087,0.0,0.00017135833331849426,7.77545690536499,0.0,0.0,30.235933303833008
643,1e-05,0.003865705025645731,2.0246507824349305,0.000869871861136236,0.000869871861136236,0.0,0.00017122425240607167,6.745935965433223,0.0,0.0,29.987325082362158,7.771055617835373,0.0008299640030600131,0.0008299640030600131,0.0,0.00017179030692204833,7.770053863525391,0.0,0.0,29.965852737426758
644,1e-05,0.003865705025645731,2.024490279594202,0.0007984442780737998,0.0007984442780737998,0.0,0.00017292532498165225,6.74563899155196,0.0,0.0,29.923944354352805,7.768821529534762,0.0010062458459287882,0.0010062458459287882,0.0,0.00017230883531738073,7.767642974853516,0.0,0.0,30.254392623901367
645,1e-05,0.003865705025645731,2.023717717874762,0.0007952032412421806,0.0007952032412421806,0.0,0.00017352066785856932,6.743074753941166,0.0,0.0,30.158349025207396,7.773401076468872,0.0008865714771673083,0.0008865714771673083,0.0,0.00017277678125537932,7.772341728210449,0.0,0.0,30.39354133605957
646,1e-05,0.0037883909251328163,2.023143830632922,0.0007039949276695768,0.0007039949276695768,0.0,0.00017294927945901283,6.741465806155168,0.0,0.0,30.320484297053298,7.7737664750166005,0.0008007778087630868,0.0008007778087630868,0.0,0.00017192737141158432,7.772793769836426,0.0,0.0,30.578149795532227
647,1e-05,0.0037883909251328163,2.0234134237188472,0.0006981914883210087,0.0006981914883210087,0.0,0.00017172692654222966,6.742383758767276,0.0,0.0,30.360147421897096,7.77389689454867,0.001054855645634234,0.001054855645634234,0.0,0.00017176989058498293,7.772670269012451,0.0,0.0,30.435596466064453
648,1e-05,0.0037883909251328163,2.0231798671783374,0.000790428147166098,0.000790428147166098,0.0,0.0001707528460503955,6.741297898729155,0.0,0.0,30.30856901077274,7.77478775959753,0.0009453878737986088,0.0009453878737986088,0.0,0.00017074467905331403,7.773671627044678,0.0,0.0,30.48314666748047
649,1e-05,0.0037883909251328163,2.0237264253640475,0.0006831229319719823,0.0006831229319719823,0.0,0.00017008289695568703,6.743477431011981,0.0,0.0,30.287913905484505,7.776171704696026,0.0008219541632570326,0.0008219541632570326,0.0,0.00017131806816905737,7.7751784324646,0.0,0.0,30.39821434020996
650,1e-05,0.0037883909251328163,2.0245971032453727,0.0006870739990232137,0.0006870739990232137,0.0,0.00017079379446706934,6.746366553720987,0.0,0.0,30.17951978699088,7.773608569128555,0.0008338468032889068,0.0008338468032889068,0.0,0.00017216418928001076,7.772602558135986,0.0,0.0,30.495752334594727
651,1e-05,0.0037883909251328163,2.0247490907268255,0.0007800737278813361,0.0007800737278813361,0.0,0.00017198456102485878,6.746563069227447,0.0,0.0,30.25482010280827,7.7773821233422495,0.0009442826267331839,0.0009442826267331839,0.0,0.00017221953021362424,7.776265621185303,0.0,0.0,30.277450561523438
652,1e-05,0.0037883909251328163,2.024802496919902,0.0008757768507775104,0.0008757768507775104,0.0,0.0001725008022330533,6.746422119415703,0.0,0.0,30.327857700268527,7.778385610843543,0.001187436282634735,0.001187436282634735,0.0,0.00017152127111330628,7.777026653289795,0.0,0.0,30.460969924926758
653,1e-05,0.0037883909251328163,2.0247254348692234,0.0009847292781698595,0.0009847292781698595,0.0,0.00017139665167132862,6.745802130964565,0.0,0.0,30.34543568887584,7.779011801729212,0.0008458081283606589,0.0008458081283606589,0.0,0.0001708840427454561,7.7779951095581055,0.0,0.0,30.93571662902832
654,1e-05,0.0037883909251328163,2.024236570548039,0.0007341588915068465,0.0007341588915068465,0.0,0.0001696116218918869,6.74500759654567,0.0,0.0,30.662860306022242,7.7840438878920395,0.001230652560479939,0.001230652560479939,0.0,0.00017039399244822562,7.782642841339111,0.0,0.0,31.05573844909668
655,1e-05,0.0037883909251328163,2.0252784544024838,0.0014285922819702141,0.0014285922819702141,0.0,0.00016889758012184937,6.746165967064617,0.0,0.0,30.815059759431854,7.778949678293429,0.0010193343041464686,0.0010193343041464686,0.0,0.00016745412722229958,7.7777628898620605,0.0,0.0,30.92768669128418
656,1e-05,0.0037883909251328163,2.025741222709024,0.0013366415201955765,0.0013366415201955765,0.0,0.000167650333255818,6.7480148192790885,0.0,0.0,30.55564110626333,7.787205814791378,0.001510141883045435,0.001510141883045435,0.0,0.00016701308777555823,7.785528659820557,0.0,0.0,30.74614143371582
657,1e-05,0.0037883909251328163,2.029904959184938,0.0032928191687628286,0.0032928191687628286,0.0,0.00016731167345178158,6.755373294371573,0.0,0.0,30.140420728162113,7.768788074870827,0.0008526017772965133,0.0008526017772965133,0.0,0.00016565955593250692,7.767769813537598,0.0,0.0,30.805919647216797
658,1e-05,0.0037883909251328163,2.0276769333651554,0.0029134302112743767,0.0029134302112743767,0.0,0.00016763104624159615,6.749211297228273,0.0,0.0,29.98580916356084,7.772524649335537,0.0010180134559050202,0.0010180134559050202,0.0,0.0001696035615168512,7.771337032318115,0.0,0.0,30.563722610473633
659,1e-05,0.0037883909251328163,2.024132961890874,0.0011177453885909603,0.0011177453885909603,0.0,0.00016588119967409824,6.7433837578870275,0.0,0.0,30.295038703792954,7.77874931912811,0.0013648507883772254,0.0013648507883772254,0.0,0.00016421916370745748,7.777220249176025,0.0,0.0,30.711591720581055
660,1e-05,0.0037883909251328163,2.0238029229232612,0.0010414445309919317,0.0010414445309919317,0.0,0.00016284393454726336,6.742537912308458,0.0,0.0,30.495723832677076,7.777502658733283,0.0010650238255038857,0.0010650238255038857,0.0,0.0001634306536288932,7.77627420425415,0.0,0.0,30.87411880493164
661,1e-05,0.0037883909251328163,2.023428996526221,0.0009000175952950718,0.0009000175952950718,0.0,0.00016400444077280173,6.741762963421562,0.0,0.0,30.59465538714889,7.777818144837511,0.0008686527144163847,0.0008686527144163847,0.0,0.00016602578398305923,7.776783466339111,0.0,0.0,30.91474723815918
662,1e-05,0.0037883909251328163,2.0232463964035383,0.0006916791008355075,0.0006916791008355075,0.0,0.00016476803407901333,6.7418486409547995,0.0,0.0,30.60591105244282,7.779057412728434,0.0008730441913940012,0.0008730441913940012,0.0,0.0001649402838665992,7.778019428253174,0.0,0.0,30.84149742126465
663,1e-05,0.0037883909251328163,2.02409853348018,0.0007392071051025388,0.0007392071051025388,0.0,0.00016293561877110915,6.744530905235954,0.0,0.0,30.422238169609717,7.777962196661974,0.0010777568677440286,0.0010777568677440286,0.0,0.00016200861136894673,7.776722431182861,0.0,0.0,30.532142639160156
664,1e-05,0.0037883909251328163,2.0244618931134717,0.0007495548651149157,0.0007495548651149157,0.0,0.00016127369901976015,6.745707430882877,0.0,0.0,30.373372548797544,7.780710772101884,0.0008596685947850347,0.0008596685947850347,0.0,0.00016131468873936683,7.779689788818359,0.0,0.0,30.620851516723633
665,1e-05,0.0037883909251328163,2.024074565730777,0.0006575305442604296,0.0006575305442604296,0.0,0.00016188475789352837,6.744723166207373,0.0,0.0,30.40951620050495,7.781414880722878,0.000813053862657398,0.000813053862657398,0.0,0.00016197319200728089,7.780439853668213,0.0,0.0,30.986833572387695
666,1e-05,0.0037883909251328163,2.0243319687437835,0.0007077358176733571,0.0007077358176733571,0.0,0.000160899408001979,6.745413831288027,0.0,0.0,30.573311623557757,7.77743104705587,0.0007912902510724962,0.0007912902510724962,0.0,0.00016098940977826715,7.7764787673950195,0.0,0.0,31.192956924438477
667,1e-05,0.0037883909251328163,2.024240398795487,0.0006890899830691769,0.0006890899830691769,0.0,0.00016046872641294868,6.745170662604221,0.0,0.0,30.756916495436148,7.777534070904949,0.0009193979203701019,0.0009193979203701019,0.0,0.00015974744746927172,7.776454925537109,0.0,0.0,31.018756866455078
668,1e-05,0.00371262310663016,2.023806711091689,0.0007444917401402361,0.0007444917401402361,0.0,0.00015824439798736123,6.743540368788966,0.0,0.0,30.7486779146976,7.773529045240139,0.0009014677489176393,0.0009014677489176393,0.0,0.00015424222510773689,7.772473335266113,0.0,0.0,31.293609619140625
669,1e-05,0.00371262310663016,2.022687053874412,0.0007389013118472908,0.0007389013118472908,0.0,0.0001547172700679973,6.739826783207673,0.0,0.0,30.981332391243036,7.773258540939423,0.0007758893189020455,0.0007758893189020455,0.0,0.000154751687659882,7.772327899932861,0.0,0.0,31.649999618530273
670,1e-05,0.00371262310663016,2.0222497526177863,0.0006741589209683067,0.0006741589209683067,0.0,0.00015476046482468245,6.738584899100034,0.0,0.0,31.234386209559407,7.773696456075413,0.0007236195378936827,0.0007236195378936827,0.0,0.00015713219181634486,7.772815704345703,0.0,0.0,31.701967239379883
671,1e-05,0.00371262310663016,2.0221407486782854,0.0006402374298045528,0.0006402374298045528,0.0,0.0001559347253875785,6.738334761781248,0.0,0.0,31.258127768124055,7.779268980550114,0.0007868268876336515,0.0007868268876336515,0.0,0.0001556422794237733,7.778326511383057,0.0,0.0,31.48427391052246
672,1e-05,0.00371262310663016,2.024221382990909,0.0006816114045066038,0.0006816114045066038,0.0,0.0001541188003066226,6.7451322617577745,0.0,0.0,30.94167017587487,7.773336747952271,0.000835751707199961,0.000835751707199961,0.0,0.00015449966304004192,7.772346496582031,0.0,0.0,31.28903579711914
673,1e-05,0.00371262310663016,2.022960793343267,0.0006798196103522222,0.0006798196103522222,0.0,0.0001559885146042238,6.74093622657365,0.0,0.0,30.93888314022986,7.7751823859871365,0.0008417410426773131,0.0008417410426773131,0.0,0.00015689479187130928,7.774183750152588,0.0,0.0,31.589527130126953
674,1e-05,0.00371262310663016,2.0228776148853904,0.0006716071046904096,0.0006716071046904096,0.0,0.00015773645995793064,6.740686345994047,0.0,0.0,31.128076847477285,7.776683131654863,0.000794084626249969,0.000794084626249969,0.0,0.0001593908091308549,7.775729656219482,0.0,0.0,31.48941421508789
675,1e-05,0.00371262310663016,2.0233058920304106,0.0007013231587693013,0.0007013231587693013,0.0,0.00015876687764905295,6.742014971268684,0.0,0.0,31.074765603457976,7.778645449245232,0.0010299631394445896,0.0010299631394445896,0.0,0.00015967937360983342,7.777455806732178,0.0,0.0,31.66502571105957
676,1e-05,0.00371262310663016,2.0235511519001035,0.0008075642317029392,0.0008075642317029392,0.0,0.00015769871888480914,6.7424784588489635,0.0,0.0,31.10457107534203,7.773935576537042,0.0008594691753387451,0.0008594691753387451,0.0,0.00015835986414458603,7.772917747497559,0.0,0.0,31.656679153442383
677,1e-05,0.00371262310663016,2.022326153172115,0.0006666171567025967,0.0006666171567025967,0.0,0.00015769322640306091,6.738865001549238,0.0,0.0,31.302560536067887,7.77344097509922,0.0008048478048294783,0.0008048478048294783,0.0,0.00015802365669514984,7.772478103637695,0.0,0.0,31.69935417175293
678,1e-05,0.00371262310663016,2.0218281333843784,0.0006193456820516246,0.0006193456820516246,0.0,0.00015832382175916943,6.73736234378521,0.0,0.0,31.51049198141179,7.77215057995636,0.0007178110536187887,0.0007178110536187887,0.0,0.00015915592666715384,7.771273612976074,0.0,0.0,31.66021728515625
679,1e-05,0.0036383706444975566,2.0218583163881134,0.0006656277512512712,0.0006656277512512712,0.0,0.00015806982081642846,6.737308721972884,0.0,0.0,31.395634756988706,7.774137573738699,0.0006934502744115889,0.0006934502744115889,0.0,0.00015730400627944618,7.773286819458008,0.0,0.0,31.585519790649414
680,1e-05,0.0036383706444975566,2.0215873123310306,0.00061194653158733,0.00061194653158733,0.0,0.00015588650181832958,6.736584314028112,0.0,0.0,31.316518971825634,7.777453855102067,0.0007723051239736378,0.0007723051239736378,0.0,0.00015509886725340039,7.77652645111084,0.0,0.0,31.43230628967285
681,1e-05,0.0036383706444975566,2.0226204488980155,0.000605647339931961,0.000605647339931961,0.0,0.00015470905793134044,6.74004900930951,0.0,0.0,31.06080664763146,7.782619124700432,0.0008389653521589935,0.0008389653521589935,0.0,0.0001563190162414685,7.781623840332031,0.0,0.0,31.38999366760254
682,1e-05,0.0036383706444975566,2.023728409718337,0.0008990265162484762,0.0008990265162484762,0.0,0.00015614654780023442,6.742764356268309,0.0,0.0,30.954685216339346,7.776070929845446,0.0010981066152453423,0.0010981066152453423,0.0,0.00015678700583521277,7.774816036224365,0.0,0.0,31.394207000732422
683,1e-05,0.0036383706444975566,2.023244748725779,0.0012867150849173318,0.0012867150849173318,0.0,0.0001561192954509529,6.739859829208292,0.0,0.0,31.10799905190575,7.781631304998882,0.003062854753807187,0.003062854753807187,0.0,0.00015515449922531843,7.77841329574585,0.0,0.0,31.486690521240234
684,1e-05,0.0036383706444975566,2.023664300646249,0.0013509956983488339,0.0013509956983488339,0.0,0.00015608131558946117,6.741043983676669,0.0,0.0,31.088788103235302,7.777744107443141,0.0009746894938871264,0.0009746894938871264,0.0,0.0001576129870954901,7.776611804962158,0.0,0.0,31.37586212158203
685,1e-05,0.0036383706444975566,2.0227832993948955,0.0006592766905055916,0.0006592766905055916,0.0,0.0001580751023342095,6.740413028794693,0.0,0.0,31.04613763202744,7.77874199236976,0.0009018935379572213,0.0009018935379572213,0.0,0.00015970179811120033,7.777680397033691,0.0,0.0,31.337717056274414
686,1e-05,0.0036383706444975566,2.0223576389371773,0.0007055258020723966,0.0007055258020723966,0.0,0.00016029313553054815,6.738840061171412,0.0,0.0,31.056829915275564,7.776155160201597,0.0008066438022069633,0.0008066438022069633,0.0,0.00016150086594279855,7.775187015533447,0.0,0.0,31.418458938598633
687,1e-05,0.0036383706444975566,2.022047131373552,0.0006757881943050662,0.0006757881943050662,0.0,0.0001624837031788758,6.73790421017051,0.0,0.0,31.20400266648055,7.78141600570234,0.0009870337089523673,0.0009870337089523673,0.0,0.0001636407250771299,7.7802653312683105,0.0,0.0,31.51249885559082
688,1e-05,0.0036383706444975566,2.0223799717555395,0.0008541221843877297,0.0008541221843877297,0.0,0.00016374005674068631,6.738419228972621,0.0,0.0,31.22828227816593,7.776743695838377,0.000861397129483521,0.000861397129483521,0.0,0.00016456341836601496,7.775717735290527,0.0,0.0,31.63173484802246
689,1e-05,0.0036383706444975566,2.0240319432370177,0.00290552361102375,0.00290552361102375,0.0,0.0001646344747510424,6.7370878162439904,0.0,0.0,31.393991696273126,7.798786123705213,0.018301185220479965,0.018301185220479965,0.0,0.00016429410607088357,7.780320644378662,0.0,0.0,31.82473373413086
690,1e-05,0.0035656032316076056,2.033947068484833,0.011682885151569405,0.011682885151569405,0.0,0.0001638498966796569,6.7408802574316455,0.0,0.0,31.032525937580324,7.791093284118688,0.00997665524482727,0.00997665524482727,0.0,0.00016369842342101038,7.7809529304504395,0.0,0.0,31.441635131835938
691,1e-05,0.0035656032316076056,2.0309432443564823,0.007800013593522276,0.007800013593522276,0.0,0.0001621590343188184,6.74381038505596,0.0,0.0,30.41141496141265,7.780012603412615,0.006521089933812618,0.006521089933812618,0.0,0.0001617786765564233,7.773329734802246,0.0,0.0,30.423240661621094
692,1e-05,0.0035656032316076056,2.028995884523008,0.006484907237992103,0.006484907237992103,0.0,0.00016174093007975692,6.741702959806674,0.0,0.0,29.661187062406402,7.774694201681996,0.0031830593943595886,0.0031830593943595886,0.0,0.00016171220340766013,7.7713494300842285,0.0,0.0,29.97515869140625
693,1e-05,0.0035656032316076056,2.0260816450859296,0.004211529339293967,0.004211529339293967,0.0,0.00016166663404522578,6.73956663306073,0.0,0.0,29.18006432034041,7.7832203024445334,0.004679251927882433,0.004679251927882433,0.0,0.00016208704619202763,7.778378963470459,0.0,0.0,29.10254669189453
694,1e-05,0.0035656032316076056,2.024471757435508,0.002239601231905539,0.002239601231905539,0.0,0.00016162849781595573,6.740773747347517,0.0,0.0,28.56453439785162,7.782752817802248,0.0028936408925801516,0.0028936408925801516,0.0,0.00016128185961861163,7.779697895050049,0.0,0.0,29.019485473632812
695,1e-05,0.0035656032316076056,2.023204494960217,0.0014201390417883841,0.0014201390417883841,0.0,0.0001615612642572066,6.739280845672463,0.0,0.0,28.606605025332776,7.785866737627657,0.001034349319525063,0.001034349319525063,0.0,0.00016251220949925482,7.784669876098633,0.0,0.0,28.851842880249023
696,1e-05,0.0035656032316076056,2.022766187592699,0.000837223118733152,0.000837223118733152,0.0,0.0001622101816764077,6.739762891828007,0.0,0.0,28.659317629365784,7.784131277279812,0.0011230884119868279,0.0011230884119868279,0.0,0.00016269173647742718,7.782845497131348,0.0,0.0,29.1166934967041
697,1e-05,0.0035656032316076056,2.023684340933895,0.0007110436937236833,0.0007110436937236833,0.0,0.00016237040389779922,6.743243871709044,0.0,0.0,28.863513242219685,7.777965573826805,0.0007689809426665306,0.0007689809426665306,0.0,0.0001618333626538515,7.777034759521484,0.0,0.0,29.440074920654297
698,1e-05,0.0035656032316076056,2.0219578827498084,0.0006183563423480282,0.0006183563423480282,0.0,0.00016221078618808483,6.737797993502592,0.0,0.0,29.23831841371316,7.779241888216347,0.0008852506289258599,0.0008852506289258599,0.0,0.0001622100971871987,7.778194427490234,0.0,0.0,29.957651138305664
699,1e-05,0.0035656032316076056,2.0217748224184873,0.0006388701996708241,0.0006388701996708241,0.0,0.00016184591234119026,6.7371195418716665,0.0,0.0,29.77023411491977,7.7791123437637,0.0007838341407477856,0.0007838341407477856,0.0,0.00016221552505157888,7.7781662940979,0.0,0.0,30.339662551879883
700,1e-05,0.0035656032316076056,2.0211165436679424,0.0005719055083629083,0.0005719055083629083,0.0,0.0001611552099620218,6.735148481805847,0.0,0.0,30.054186292104035,7.777213182213018,0.0007345883059315383,0.0007345883059315383,0.0,0.0001619511458557099,7.7763166427612305,0.0,0.0,30.32546615600586
701,1e-05,0.0034942911669754535,2.0214866693191884,0.0005900102599990519,0.0005900102599990519,0.0,0.00016099958250157854,6.736321889905543,0.0,0.0,30.04367226278505,7.778068842846551,0.0008142181904986501,0.0008142181904986501,0.0,0.00016073732695076615,7.777093887329102,0.0,0.0,30.37563133239746
702,1e-05,0.0034942911669754535,2.0214479559143994,0.0005924201963026965,0.0005924201963026965,0.0,0.00016009188348734416,6.736184864535605,0.0,0.0,30.1684617408094,7.777701498038368,0.0007157564978115261,0.0007157564978115261,0.0,0.0001598366943653673,7.776825904846191,0.0,0.0,30.541702270507812
703,1e-05,0.0034942911669754535,2.021619989546052,0.0006051443439699448,0.0006051443439699448,0.0,0.00015938986274426618,6.736715837844119,0.0,0.0,30.22256497305967,7.775391250455868,0.0009840698912739754,0.0009840698912739754,0.0,0.00015905739564914256,7.774248123168945,0.0,0.0,30.58365821838379
704,1e-05,0.0034942911669754535,2.0217821928454254,0.0006674290458402567,0.0006674290458402567,0.0,0.00015852149212656921,6.737048938596203,0.0,0.0,30.294212856792736,7.776555485019344,0.000834915554150939,0.000834915554150939,0.0,0.0001587599253980443,7.775561809539795,0.0,0.0,30.650684356689453
705,1e-05,0.0034942911669754535,2.0215323166187917,0.0006137494029852062,0.0006137494029852062,0.0,0.00015848586058873204,6.736394877187712,0.0,0.0,30.372823139552573,7.780704580116435,0.0009518142323940992,0.0009518142323940992,0.0,0.00015929817163851112,7.779593467712402,0.0,0.0,30.83976936340332
706,1e-05,0.0034942911669754535,2.0216148763666597,0.0006639484715704585,0.0006639484715704585,0.0,0.00015833611497241808,6.736502744321809,0.0,0.0,30.44535018378193,7.777556913380977,0.0007714577368460596,0.0007714577368460596,0.0,0.0001593455672264099,7.776626110076904,0.0,0.0,31.029027938842773
707,1e-05,0.0034942911669754535,2.021645754842494,0.0006084656061148856,0.0006084656061148856,0.0,0.00015773077158989261,6.736790805685702,0.0,0.0,30.56303543042682,7.777593352438998,0.0008370644063688815,0.0008370644063688815,0.0,0.00015783451090101153,7.7765984535217285,0.0,0.0,30.788341522216797
708,1e-05,0.0034942911669754535,2.0217437772314093,0.0006384595726164972,0.0006384595726164972,0.0,0.00015728158077628926,6.737017506384737,0.0,0.0,30.57254042575641,7.7798910145356786,0.000897144665941596,0.000897144665941596,0.0,0.00015666589024476707,7.778837203979492,0.0,0.0,30.736547470092773
709,1e-05,0.0034942911669754535,2.0215266491603963,0.0006425514946770449,0.0006425514946770449,0.0,0.0001558194256061945,6.736280004741606,0.0,0.0,30.57543323149789,7.785935737221735,0.0008825701661407948,0.0008825701661407948,0.0,0.0001558396324981004,7.784897327423096,0.0,0.0,30.766048431396484
710,1e-05,0.0034942911669754535,2.0225248914210714,0.0007270690032700429,0.0007270690032700429,0.0,0.000154587368520172,6.7393257750295765,0.0,0.0,30.51967571722452,7.783842015138362,0.0009278354700654745,0.0009278354700654745,0.0,0.00015403638826683164,7.782760143280029,0.0,0.0,30.68891716003418
711,1e-05,0.0034942911669754535,2.022782066393632,0.0006842667377143619,0.0006842667377143619,0.0,0.00015390632575982714,6.740325737472301,0.0,0.0,30.49330267572729,7.786822410591412,0.0010948240524157882,0.0010948240524157882,0.0,0.00015362718841060996,7.785573959350586,0.0,0.0,30.85219383239746
712,1e-05,0.0034244053436359445,2.0225973424984245,0.0007847776353209722,0.0007847776353209722,0.0,0.00015341567421534488,6.739374995598757,0.0,0.0,30.594101073641088,7.784495582891395,0.0012239706702530384,0.0012239706702530384,0.0,0.00015336423530243337,7.78311824798584,0.0,0.0,31.058609008789062
713,1e-05,0.0034244053436359445,2.022504218858614,0.0007893503287712802,0.0007893503287712802,0.0,0.00015326353086466684,6.73904937696002,0.0,0.0,30.74709988636105,7.779575746972114,0.0008771963184699416,0.0008771963184699416,0.0,0.00015364785213023424,7.778544902801514,0.0,0.0,31.31070899963379
714,1e-05,0.0034244053436359445,2.0222357236668325,0.0006536834677836509,0.0006536834677836509,0.0,0.00015303031986490438,6.738606428514422,0.0,0.0,30.931982630819434,7.783355035251589,0.0008350738789886236,0.0008350738789886236,0.0,0.00015225507377181202,7.782367706298828,0.0,0.0,31.392967224121094
715,1e-05,0.0034244053436359445,2.02141909235134,0.0006522906629424208,0.0006522906629424208,0.0,0.00015113444477999515,6.735888954288102,0.0,0.0,31.059489084491773,7.78396537907247,0.0010117182973772287,0.0010117182973772287,0.0,0.0001506021508248523,7.782803058624268,0.0,0.0,31.562166213989258
716,1e-05,0.0034244053436359445,2.0215537011779556,0.000655723317317362,0.000655723317317362,0.0,0.0001492839236360521,6.736326181117611,0.0,0.0,31.135745059053267,7.781623352493625,0.000827502110041678,0.000827502110041678,0.0,0.00015000306302681565,7.780645847320557,0.0,0.0,31.54311180114746
717,1e-05,0.0034244053436359445,2.021308492837388,0.000644225594806094,0.000644225594806094,0.0,0.00014902773730618234,6.735547271111884,0.0,0.0,31.181047632129584,7.782545576803386,0.0008966520545072854,0.0008966520545072854,0.0,0.00014953891513869166,7.78149938583374,0.0,0.0,31.546892166137695
718,1e-05,0.0034244053436359445,2.0214384048175607,0.0006419058502798527,0.0006419058502798527,0.0,0.00014887110425899048,6.735988128966987,0.0,0.0,31.15282832443477,7.7821746925474145,0.0010344483889639378,0.0010344483889639378,0.0,0.00015059724682942033,7.780989646911621,0.0,0.0,31.507780075073242
719,1e-05,0.0034244053436359445,2.021159785762248,0.0006890073655707549,0.0006890073655707549,0.0,0.0001504433749395535,6.734902268928867,0.0,0.0,31.16126400307084,7.782511068551685,0.0009856722317636013,0.0009856722317636013,0.0,0.00015094182163011283,7.781374454498291,0.0,0.0,31.456501007080078
720,1e-05,0.0034244053436359445,2.02101859713578,0.000653422065241723,0.000653422065241723,0.0,0.00015077028641119264,6.734550242831255,0.0,0.0,31.111021198177287,7.780286894761957,0.0009836676763370633,0.0009836676763370633,0.0,0.000151787418872118,7.779151439666748,0.0,0.0,31.542789459228516
721,1e-05,0.0034244053436359445,2.0210594184631225,0.0006794085517992593,0.0006794085517992593,0.0,0.0001512659836653153,6.734599720139619,0.0,0.0,31.188310275740083,7.781010310573038,0.0009855934185907245,0.0009855934185907245,0.0,0.0001518228673376143,7.779872894287109,0.0,0.0,31.507904052734375
722,1e-05,0.0034244053436359445,2.0217069624994712,0.0006470923010824288,0.0006470923010824288,0.0,0.00015203017504234468,6.736865846881337,0.0,0.0,31.083550592372486,7.783372838399373,0.0012898087734356523,0.0012898087734356523,0.0,0.00015258300118148327,7.781930446624756,0.0,0.0,31.615676879882812
723,1e-05,0.0033559172367632257,2.0221023799318334,0.0010320255728179747,0.0010320255728179747,0.0,0.00015252631107119755,6.736900836764347,0.0,0.0,31.12334680768574,7.786176465073368,0.0010326015762984753,0.0010326015762984753,0.0,0.000153552828123793,7.784990310668945,0.0,0.0,31.578941345214844
724,1e-05,0.0033559172367632257,2.021826209320922,0.0009679577791769925,0.0009679577791769925,0.0,0.0001522825866143673,6.736193813730001,0.0,0.0,31.16709248340704,7.77836871589534,0.0010562858078628778,0.0010562858078628778,0.0,0.0001522623933851719,7.777160167694092,0.0,0.0,31.51590347290039
725,1e-05,0.0033559172367632257,2.0226875528747823,0.0008921941842825394,0.0008921941842825394,0.0,0.00015070044169581906,6.739317302636521,0.0,0.0,31.012549998695214,7.780912251022528,0.0011128379264846444,0.0011128379264846444,0.0,0.000150632273289375,7.779648780822754,0.0,0.0,31.49610137939453
726,1e-05,0.0033559172367632257,2.021432480381598,0.0007691436663310523,0.0007691436663310523,0.0,0.00014977746003679026,6.735543970179524,0.0,0.0,31.166878557201617,7.773132054004236,0.0009591422276571393,0.0009591422276571393,0.0,0.00015018762496765703,7.772022724151611,0.0,0.0,31.765560150146484
727,1e-05,0.0033559172367632257,2.021059219996622,0.000668954643450357,0.000668954643450357,0.0,0.00014864886382329117,6.734633756419947,0.0,0.0,31.383444391005764,7.776151889440371,0.0008590735378675163,0.0008590735378675163,0.0,0.00014871571329422295,7.775144100189209,0.0,0.0,31.832286834716797
728,1e-05,0.0033559172367632257,2.0212551458982797,0.0006408507412642171,0.0006408507412642171,0.0,0.00014791421372501974,6.735380574027736,0.0,0.0,31.379153697001605,7.7769139853917295,0.0007931723957881331,0.0007931723957881331,0.0,0.00014796982577536255,7.775972843170166,0.0,0.0,31.778636932373047
729,1e-05,0.0033559172367632257,2.02141795884083,0.0006467386005235275,0.0006467386005235275,0.0,0.00014776604121249687,6.73590369845264,0.0,0.0,31.32364019684615,7.777490659354953,0.00096046959515661,0.00096046959515661,0.0,0.00014822030789218843,7.776381969451904,0.0,0.0,31.81529998779297
730,1e-05,0.0033559172367632257,2.0215424242308107,0.0007811885721574286,0.0007811885721574286,0.0,0.00014747569213234655,6.735870542420942,0.0,0.0,31.28727173459599,7.772408904187614,0.0009250561706721783,0.0009250561706721783,0.0,0.00014872304745949805,7.771335124969482,0.0,0.0,31.7767276763916
731,1e-05,0.0033559172367632257,2.0215919863387817,0.0007251460153141369,0.0007251460153141369,0.0,0.00014733732143161626,6.73622260519558,0.0,0.0,31.284857977666046,7.776006355314166,0.0008822723175399005,0.0008822723175399005,0.0,0.00014782948710490018,7.7749762535095215,0.0,0.0,31.56230354309082
732,1e-05,0.0033559172367632257,2.0220355604860543,0.0008351492532902326,0.0008351492532902326,0.0,0.00014705333172861326,6.737334359214208,0.0,0.0,31.111355698530424,7.776336980998167,0.0014102357672527432,0.0014102357672527432,0.0,0.00014837914204690605,7.774778366088867,0.0,0.0,31.61318016052246
733,1e-05,0.0033559172367632257,2.0223860226868187,0.0010817884635403482,0.0010817884635403482,0.0,0.00014823183987620227,6.7376804803105985,0.0,0.0,31.16813230145607,7.774896188639104,0.0011536998208612204,0.0011536998208612204,0.0,0.00014906306751072407,7.773593425750732,0.0,0.0,31.45665740966797
734,1e-05,0.003288798892027961,2.0223540427154236,0.0009278397040876087,0.0009278397040876087,0.0,0.00014887896443287985,6.738087081823218,0.0,0.0,31.056485854396506,7.774590609507868,0.00111606833525002,0.00111606833525002,0.0,0.0001495747419539839,7.773324966430664,0.0,0.0,31.548913955688477
735,1e-05,0.003288798892027961,2.0236607828436117,0.0015813679007827168,0.0015813679007827168,0.0,0.00014869721983759503,6.740264230099339,0.0,0.0,31.013631944033865,7.779915832783445,0.0018016013782471418,0.0018016013782471418,0.0,0.00015011626237537712,7.777964115142822,0.0,0.0,31.107070922851562
736,1e-05,0.003288798892027961,2.024271363524363,0.0011808704881712208,0.0011808704881712208,0.0,0.00014903712316525615,6.743634775454443,0.0,0.0,30.696396420024012,7.788029450632166,0.0011386575642973185,0.0011386575642973185,0.0,0.0001500131911598146,7.786740779876709,0.0,0.0,30.799367904663086
737,1e-05,0.003288798892027961,2.0237921709739237,0.0007715828319349793,0.0007715828319349793,0.0,0.00014843259926170926,6.743401692952847,0.0,0.0,30.59547297350857,7.7808740960026626,0.0011633505346253514,0.0011633505346253514,0.0,0.00014827217091806233,7.779562473297119,0.0,0.0,30.982868194580078
738,1e-05,0.003288798892027961,2.023112451002369,0.0007308208960222347,0.0007308208960222347,0.0,0.00014759918245970869,6.741271821363517,0.0,0.0,30.836268186515486,7.785357151122298,0.0011377985356375575,0.0011377985356375575,0.0,0.00014838395873084664,7.78407096862793,0.0,0.0,31.035242080688477
739,1e-05,0.003288798892027961,2.023002824769618,0.0007939421807484541,0.0007939421807484541,0.0,0.00014765690768249486,6.740696138760047,0.0,0.0,30.928995428298084,7.7846641305077355,0.001101499772630632,0.001101499772630632,0.0,0.00014779003686271608,7.783414840698242,0.0,0.0,31.378246307373047
740,1e-05,0.003288798892027961,2.0228954539959565,0.0007387956017507158,0.0007387956017507158,0.0,0.00014770454022406174,6.74052177617742,0.0,0.0,31.041707022045212,7.78122298407834,0.0011384699027985334,0.0011384699027985334,0.0,0.0001482005463913083,7.77993631362915,0.0,0.0,31.56003761291504
741,1e-05,0.003288798892027961,2.0223715043444144,0.0007236507095446803,0.0007236507095446803,0.0,0.00014830327499468988,6.738825683777135,0.0,0.0,31.23648583449349,7.78528710352839,0.001052268547937274,0.001052268547937274,0.0,0.00014908440061844885,7.784085750579834,0.0,0.0,31.673805236816406
742,1e-05,0.003288798892027961,2.022304529366765,0.0007505586259778739,0.0007505586259778739,0.0,0.0001481596688984154,6.738512828743521,0.0,0.0,31.303731459585595,7.783530819026055,0.0011110170744359493,0.0011110170744359493,0.0,0.0001488935959059745,7.782270908355713,0.0,0.0,31.793718338012695
743,1e-05,0.003288798892027961,2.0222536086401948,0.0007619470943061589,0.0007619470943061589,0.0,0.00014822951759690164,6.738305236775145,0.0,0.0,31.39947835976254,7.782482161201187,0.0013234623475000262,0.0013234623475000262,0.0,0.00014902478142175823,7.781009674072266,0.0,0.0,31.806184768676758
744,1e-05,0.003288798892027961,2.021542309709998,0.0008750800229973657,0.0008750800229973657,0.0,0.00014865270838015994,6.73555699052383,0.0,0.0,31.514440773753538,7.779444043539115,0.0009096682188101113,0.0009096682188101113,0.0,0.0001496898039476946,7.778384685516357,0.0,0.0,31.83791160583496
745,1e-05,0.003223022914187402,2.021080970157111,0.000660760147647581,0.000660760147647581,0.0,0.00014921627322062313,6.73473362796233,0.0,0.0,31.54079591542928,7.78279530290456,0.0010245426092296839,0.0010245426092296839,0.0,0.00015025782340671867,7.781620502471924,0.0,0.0,31.82305335998535
746,1e-05,0.003223022914187402,2.0208823590014524,0.0006424905387839743,0.0006424905387839743,0.0,0.0001490171943840276,6.734132564856719,0.0,0.0,31.456259922969444,7.781872915482381,0.0008547711768187582,0.0008547711768187582,0.0,0.0001496140321251005,7.7808685302734375,0.0,0.0,31.9110107421875
747,1e-05,0.003223022914187402,2.020648857066986,0.0005884692483607714,0.0005884692483607714,0.0,0.00014860936032009173,6.7335342892051,0.0,0.0,31.521089445377896,7.779035727246082,0.0008073178469203413,0.0008073178469203413,0.0,0.00014937650121282786,7.778079032897949,0.0,0.0,32.00988006591797
748,1e-05,0.003223022914187402,2.020670750353908,0.0005503715706558476,0.0005503715706558476,0.0,0.00014849877939318172,6.733734289029051,0.0,0.0,31.54447907154327,7.7778267428220715,0.0007451887940987945,0.0007451887940987945,0.0,0.00014883765834383667,7.776932716369629,0.0,0.0,31.997535705566406
749,1e-05,0.003223022914187402,2.0204007541251814,0.0005461456745390599,0.0005461456745390599,0.0,0.00014839246268297414,6.732848355460828,0.0,0.0,31.499673583062865,7.77927313130931,0.0007596139912493527,0.0007596139912493527,0.0,0.000148858962347731,7.778364658355713,0.0,0.0,31.83214569091797
750,1e-05,0.003223022914187402,2.0203646080948365,0.0006613331442585992,0.0006613331442585992,0.0,0.000147474350566655,6.732344083027398,0.0,0.0,31.44507655626055,7.778931545530213,0.0008060458931140602,0.0008060458931140602,0.0,0.00014755621668882668,7.77797794342041,0.0,0.0,31.6987247467041
751,1e-05,0.003223022914187402,2.020401506143443,0.000680752492317091,0.000680752492317091,0.0,0.00014625629473982404,6.732402069405844,0.0,0.0,31.348479939216265,7.779699451653869,0.0008349904092028737,0.0008349904092028737,0.0,0.00014694339188281447,7.778717517852783,0.0,0.0,31.573196411132812
752,1e-05,0.003223022914187402,2.0207378302481196,0.0008246280296588154,0.0008246280296588154,0.0,0.0001464464845975357,6.7330438073335275,0.0,0.0,31.16690488328334,7.785144971014233,0.001000568037852645,0.001000568037852645,0.0,0.00014829778228886425,7.783996105194092,0.0,0.0,31.567211151123047
753,1e-05,0.003223022914187402,2.0219502901618904,0.0007918002462593887,0.0007918002462593887,0.0,0.00014698605416871134,6.737194583067303,0.0,0.0,30.954300894687456,7.784959960001288,0.0010756708215922117,0.0010756708215922117,0.0,0.00014901391114108264,7.783735275268555,0.0,0.0,31.525779724121094
754,1e-05,0.003223022914187402,2.0227964416669084,0.0006888192568683081,0.0006888192568683081,0.0,0.00014736266273612005,6.740358490056711,0.0,0.0,30.776038725388844,7.7837293334596325,0.0009810166666284204,0.0009810166666284204,0.0,0.00014934447244741023,7.782598972320557,0.0,0.0,31.08714485168457
755,1e-05,0.003223022914187402,2.0214005398622144,0.0006721553149457511,0.0006721553149457511,0.0,0.0001477364664571197,6.735760841435533,0.0,0.0,30.956866619580317,7.778561532293679,0.0009283129475079477,0.0009283129475079477,0.0,0.00014832554734311998,7.777484893798828,0.0,0.0,31.34147834777832
756,1e-05,0.003158562455903654,2.020701266784799,0.0005865955033405992,0.0005865955033405992,0.0,0.00014709712684061278,6.733715216975419,0.0,0.0,31.18738165971241,7.777322151669068,0.0007612173212692142,0.0007612173212692142,0.0,0.00014701680629514158,7.776413917541504,0.0,0.0,31.233129501342773
757,1e-05,0.003158562455903654,2.0207002039456046,0.000536548192129399,0.000536548192129399,0.0,0.00014678400031475965,6.733878613127207,0.0,0.0,31.036559841683523,7.777575406740652,0.0008048117742873728,0.0008048117742873728,0.0,0.0001468690752517432,7.776623725891113,0.0,0.0,31.266094207763672
758,1e-05,0.003158562455903654,2.021085921579794,0.0006062720661955848,0.0006062720661955848,0.0,0.0001458625274088607,6.734931903966048,0.0,0.0,30.994109253964666,7.782596913733869,0.0010439828038215637,0.0010439828038215637,0.0,0.00014605150499846786,7.781406879425049,0.0,0.0,31.39290428161621
759,1e-05,0.003158562455903654,2.02246539017069,0.0007086890165750967,0.0007086890165750967,0.0,0.0001447570745977397,6.739188676305584,0.0,0.0,30.904036304356683,7.776028515188955,0.0009759016684256494,0.0009759016684256494,0.0,0.00014502456178888679,7.77490758895874,0.0,0.0,31.230241775512695
760,1e-05,0.003158562455903654,2.0223970121004675,0.001004155472450778,0.001004155472450778,0.0,0.00014403432807597768,6.7379759137567605,0.0,0.0,31.035795868683262,7.780815815160167,0.0011565613094717264,0.0011565613094717264,0.0,0.00014351059508044273,7.779515743255615,0.0,0.0,31.310165405273438
761,1e-05,0.003158562455903654,2.022224100018484,0.0007705216007248605,0.0007705216007248605,0.0,0.00014289566763690483,6.738178297587415,0.0,0.0,31.088302118454262,7.785641749680508,0.0009226018446497619,0.0009226018446497619,0.0,0.0001422549830749631,7.784576892852783,0.0,0.0,31.396181106567383
762,1e-05,0.003158562455903654,2.0235778010046372,0.0006980663927258653,0.0006980663927258653,0.0,0.00014126678418118377,6.742932263694321,0.0,0.0,30.845751303712404,7.785798323515337,0.0009658257476985455,0.0009658257476985455,0.0,0.00014068715972825885,7.78469181060791,0.0,0.0,31.203903198242188
763,1e-05,0.003158562455903654,2.023260628554438,0.0007161086111921152,0.0007161086111921152,0.0,0.00013970300714300103,6.741814751382577,0.0,0.0,30.832255442907368,7.782977493014187,0.0009877750417217612,0.0009877750417217612,0.0,0.00014033366460353136,7.781849384307861,0.0,0.0,31.53936767578125
764,1e-05,0.003158562455903654,2.0225720035447714,0.0007691804660694378,0.0007691804660694378,0.0,0.00013926550461943195,6.739342499753531,0.0,0.0,31.32720069180367,7.782701318486943,0.0009419575799256563,0.0009419575799256563,0.0,0.00013885843509342521,7.781620502471924,0.0,0.0,31.733747482299805
765,1e-05,0.003158562455903654,2.022491273593211,0.00122142962475752,0.00122142962475752,0.0,0.00013908272904450866,6.737565864603677,0.0,0.0,31.387322960166383,7.780775598948821,0.0011538201943039894,0.0011538201943039894,0.0,0.0001394140999764204,7.779482364654541,0.0,0.0,32.13174057006836
766,1e-05,0.003158562455903654,2.0213064698066185,0.0010055428705727477,0.0010055428705727477,0.0,0.0001378846126562467,6.734336085675186,0.0,0.0,31.67129570442291,7.781215655428241,0.0010131527669727802,0.0010131527669727802,0.0,0.00013791983656119555,7.780064582824707,0.0,0.0,32.194087982177734
767,1e-05,0.0030953912067855807,2.0210899625876277,0.0008279874816997721,0.0008279874816997721,0.0,0.00013729298981036723,6.734206175648333,0.0,0.0,31.727103517082913,7.782989837069181,0.0010087110567837954,0.0010087110567837954,0.0,0.0001379405875923112,7.781843185424805,0.0,0.0,32.01115417480469
768,1e-05,0.0030953912067855807,2.0207049541010114,0.0006754244661632602,0.0006754244661632602,0.0,0.00013649843338315253,6.7334312634384625,0.0,0.0,31.574984842531222,7.783852303138701,0.0009764153510332108,0.0009764153510332108,0.0,0.00013720217975787818,7.78273868560791,0.0,0.0,32.11109924316406
769,1e-05,0.0030953912067855807,2.020789569153302,0.0006152841764615635,0.0006152841764615635,0.0,0.00013636754271171024,6.733913859749399,0.0,0.0,31.640818556415446,7.780601987105911,0.0008295492734760046,0.0008295492734760046,0.0,0.00013796212442684919,7.779634475708008,0.0,0.0,31.97720718383789
770,1e-05,0.0030953912067855807,2.020749172725445,0.000604652462711975,0.000604652462711975,0.0,0.00013806442812206682,6.733814795101592,0.0,0.0,31.60256985143081,7.78005220979685,0.0009743343689478934,0.0009743343689478934,0.0,0.0001405356451869011,7.778937339782715,0.0,0.0,31.998760223388672
771,1e-05,0.0030953912067855807,2.0204568641428966,0.0008715322156013631,0.0008715322156013631,0.0,0.00013974431012556612,6.731950685244216,0.0,0.0,31.5851623756078,7.781634207989555,0.0007009436376392841,0.0007009436376392841,0.0,0.0001410280237905681,7.780792236328125,0.0,0.0,31.969831466674805
772,1e-05,0.0030953912067855807,2.0206293807181837,0.000991172898480453,0.000991172898480453,0.0,0.0001389515335742224,6.7321271384173365,0.0,0.0,31.627862599201727,7.782323208157322,0.0008583027520217001,0.0008583027520217001,0.0,0.0001390882971463725,7.781325817108154,0.0,0.0,31.848064422607422
773,1e-05,0.0030953912067855807,2.021156640869256,0.0009460192054545199,0.0009460192054545199,0.0,0.0001370832114493771,6.734035040644013,0.0,0.0,31.356207685628895,7.783333699728246,0.0008316879393532872,0.0008316879393532872,0.0,0.00013716651301365346,7.782364845275879,0.0,0.0,31.53666877746582
774,1e-05,0.0030953912067855807,2.02150735427067,0.0009020130046144392,0.0009020130046144392,0.0,0.00013636596280853591,6.735350828959476,0.0,0.0,31.05015532101677,7.78495848919556,0.0012679871870204806,0.0012679871870204806,0.0,0.00013690169726032764,7.783553600311279,0.0,0.0,31.446304321289062
775,1e-05,0.0030953912067855807,2.022645761437567,0.0011348617303433971,0.0011348617303433971,0.0,0.00013628623066193614,6.73836942157102,0.0,0.0,30.908742877298586,7.777679331309628,0.0013268296606838703,0.0013268296606838703,0.0,0.00013742520241066813,7.776215076446533,0.0,0.0,31.33611297607422
776,1e-05,0.0030953912067855807,2.0214517814162902,0.0008144158814828116,0.0008144158814828116,0.0,0.00013661126346470478,6.735457449074683,0.0,0.0,31.005340642505715,7.784466741562937,0.0011870235903188586,0.0011870235903188586,0.0,0.0001395354775013402,7.783140182495117,0.0,0.0,31.474973678588867
777,1e-05,0.0030953912067855807,2.02300933494745,0.0007990614074376907,0.0007990614074376907,0.0,0.00013794270424505938,6.740700503326166,0.0,0.0,30.898984232538407,7.782509121869225,0.0012087549548596144,0.0012087549548596144,0.0,0.0001400123001076281,7.781160354614258,0.0,0.0,30.930994033813477
778,1e-05,0.003033483382649869,2.02235098392491,0.0007905524265659534,0.0007905524265659534,0.0,0.00013932994533357696,6.738534358157909,0.0,0.0,30.813250013523508,7.780149901940604,0.0012245728867128491,0.0012245728867128491,0.0,0.00013962348748464137,7.778785705566406,0.0,0.0,31.19000816345215
779,1e-05,0.003033483382649869,2.0235046762088933,0.0007383107327292785,0.0007383107327292785,0.0,0.00013927020272870957,6.742554196908097,0.0,0.0,30.79927790038691,7.778763361857273,0.0013297616969794035,0.0013297616969794035,0.0,0.0001399180619046092,7.777293682098389,0.0,0.0,31.10504722595215
780,1e-05,0.003033483382649869,2.0254351937033075,0.0008548360575761303,0.0008548360575761303,0.0,0.00014014863101197733,6.748601064866108,0.0,0.0,30.62526865692471,7.78266045251803,0.0014246352948248386,0.0014246352948248386,0.0,0.00013935878814663738,7.781096458435059,0.0,0.0,30.750457763671875
781,1e-05,0.003033483382649869,2.026718518796952,0.0008932078901504097,0.0008932078901504097,0.0,0.00014003038558978628,6.75275052022694,0.0,0.0,30.34689466974589,7.786232472251868,0.0014504536520689726,0.0014504536520689726,0.0,0.00013789170770905912,7.78464412689209,0.0,0.0,30.665769577026367
782,1e-05,0.003033483382649869,2.0271155992400316,0.0010406203791947643,0.0010406203791947643,0.0,0.00014010710793948249,6.753582942013915,0.0,0.0,30.109734447607906,7.777092303862446,0.0009167392272502184,0.0009167392272502184,0.0,0.00013834844867233187,7.776037216186523,0.0,0.0,31.37712287902832
783,1e-05,0.003033483382649869,2.0241184874069735,0.0008602904010854834,0.0008602904010854834,0.0,0.00013842113225015913,6.744193806688012,0.0,0.0,30.909611206897114,7.777502335404279,0.0009623178630135953,0.0009623178630135953,0.0,0.00013802092871628702,7.776401996612549,0.0,0.0,31.91571617126465
784,1e-05,0.003033483382649869,2.023103191303949,0.0006820716720770166,0.0006820716720770166,0.0,0.00013894742614612666,6.741403491887628,0.0,0.0,31.73990553050219,7.775041444634553,0.0008398111676797271,0.0008398111676797271,0.0,0.00013899995246902108,7.774062633514404,0.0,0.0,32.116233825683594
785,1e-05,0.003033483382649869,2.022727691851657,0.0006226389645933087,0.0006226389645933087,0.0,0.00014039629963628512,6.74034998098663,0.0,0.0,31.849416686225457,7.773294596539927,0.0008545903256163001,0.0008545903256163001,0.0,0.00014023967378307134,7.772299766540527,0.0,0.0,32.31168746948242
786,1e-05,0.003033483382649869,2.0222382739467775,0.000665180667725483,0.000665180667725483,0.0,0.00014026460350491246,6.738576756800214,0.0,0.0,31.934935366965018,7.775501134980004,0.0010428557870909572,0.0010428557870909572,0.0,0.00014006096171215177,7.774318218231201,0.0,0.0,32.28672790527344
787,1e-05,0.003033483382649869,2.022218137529178,0.0006794105117617763,0.0006794105117617763,0.0,0.00014011949331467876,6.738462141093292,0.0,0.0,31.98353586603069,7.776201765576843,0.0015790259931236506,0.0015790259931236506,0.0,0.0001390588586218655,7.774483680725098,0.0,0.0,32.150875091552734
788,1e-05,0.003033483382649869,2.0255535277169945,0.003165016567142773,0.003165016567142773,0.0,0.0001394877575641163,6.741294707827875,0.0,0.0,31.738096083454302,7.783838416260551,0.0013110911240801215,0.0013110911240801215,0.0,0.00013768432836513966,7.7823896408081055,0.0,0.0,32.46456527709961
789,1e-05,0.0029728137149968715,2.0250281260204863,0.0010330879832707394,0.0010330879832707394,0.0,0.00013850944857188004,6.74664995710255,0.0,0.0,31.526269143075254,7.7896609111339785,0.001087928656488657,0.001087928656488657,0.0,0.00013800017768517137,7.788434982299805,0.0,0.0,31.928133010864258
790,1e-05,0.0029728137149968715,2.025821124291712,0.0008672262220677935,0.0008672262220677935,0.0,0.00013824435391650105,6.749846139875028,0.0,0.0,31.15394565465081,7.778849677342805,0.0009330487227998674,0.0009330487227998674,0.0,0.00013609578309115022,7.777780532836914,0.0,0.0,31.312484741210938
791,1e-05,0.0029728137149968715,2.0227580257151967,0.000700548639534701,0.000700548639534701,0.0,0.00013713613592121994,6.740191279494198,0.0,0.0,31.163269619772294,7.779286579680047,0.0008430223679170012,0.0008430223679170012,0.0,0.00013564257824327797,7.778307914733887,0.0,0.0,32.12016677856445
792,1e-05,0.0029728137149968715,2.021791679206836,0.0005892980099009217,0.0005892980099009217,0.0,0.0001350606750165023,6.7373409244019005,0.0,0.0,31.846142653312903,7.776421176648,0.0007190706091932952,0.0007190706091932952,0.0,0.0001340976159553975,7.775568008422852,0.0,0.0,32.4549560546875
793,1e-05,0.0029728137149968715,2.0209139757010575,0.0005758489008960398,0.0005758489008960398,0.0,0.00013414738596103905,6.73445998066974,0.0,0.0,32.214755236874176,7.7756347789254505,0.0008630779339000583,0.0008630779339000583,0.0,0.00013447870151139796,7.774637222290039,0.0,0.0,32.739593505859375
794,1e-05,0.0029728137149968715,2.020650946241513,0.0008392075014984784,0.0008392075014984784,0.0,0.00013479303927077378,6.732705315058589,0.0,0.0,32.33974189245396,7.774758234227193,0.0007860115147195756,0.0007860115147195756,0.0,0.00013561001105699688,7.773836612701416,0.0,0.0,32.83928298950195
795,1e-05,0.0029728137149968715,2.020223423565057,0.0005679270225783566,0.0005679270225783566,0.0,0.00013510577514388783,6.732184721348494,0.0,0.0,32.392796069345565,7.775917175604263,0.0009996535954996943,0.0009996535954996943,0.0,0.00013629489694721997,7.774781227111816,0.0,0.0,32.688602447509766
796,1e-05,0.0029728137149968715,2.020330444437562,0.0006278431542377972,0.0006278431542377972,0.0,0.00013633683613202042,6.732341588989615,0.0,0.0,32.25404950502015,7.7744873486226425,0.0009032657253555954,0.0009032657253555954,0.0,0.00013752299128100276,7.773446559906006,0.0,0.0,32.46965408325195
797,1e-05,0.0029728137149968715,2.020208861149675,0.0006017515015704137,0.0006017515015704137,0.0,0.00013732900829656125,6.732023452464227,0.0,0.0,32.02596832312068,7.775971226088586,0.0010538124479353428,0.0010538124479353428,0.0,0.00013904755178373307,7.774778366088867,0.0,0.0,32.284645080566406
798,1e-05,0.0029728137149968715,2.0205485636176377,0.0006512457168958974,0.0006512457168958974,0.0,0.00013792619038231605,6.73299077235362,0.0,0.0,31.863002400300473,7.776408037607325,0.001237700111232698,0.001237700111232698,0.0,0.00013877087621949613,7.775031566619873,0.0,0.0,32.05720520019531
799,1e-05,0.0029728137149968715,2.0212826561182498,0.0007515623922624125,0.0007515623922624125,0.0,0.0001379788920403222,6.735103369063603,0.0,0.0,31.652182730118355,7.777596732397797,0.0015659867785871029,0.0015659867785871029,0.0,0.0001389647659379989,7.7758917808532715,0.0,0.0,31.606342315673828
800,1e-05,0.002913357440696934,2.0215204514762326,0.0009511644903027888,0.0009511644903027888,0.0,0.0001396212749032589,6.735230454959438,0.0,0.0,31.368763207368485,7.780556111916667,0.001286741578951478,0.001286741578951478,0.0,0.00014034201740287244,7.7791290283203125,0.0,0.0,31.770360946655273
801,1e-05,0.002913357440696934,2.021312290556059,0.0008559442938558551,0.0008559442938558551,0.0,0.00014043681510533462,6.73485407531642,0.0,0.0,31.402441853595104,7.780925538390875,0.001326640136539936,0.001326640136539936,0.0,0.00014037545770406723,7.779458522796631,0.0,0.0,31.563865661621094
802,1e-05,0.002913357440696934,2.021846492145856,0.0007968573450071599,0.0007968573450071599,0.0,0.00013947595599475096,6.736831773923984,0.0,0.0,31.165749379446492,7.782954079928459,0.0012859295820817351,0.0012859295820817351,0.0,0.0001387237716699019,7.781529426574707,0.0,0.0,31.500394821166992
803,1e-05,0.002913357440696934,2.0226945790849813,0.0008578606629772198,0.0008578606629772198,0.0,0.0001383557231636053,6.73945539164022,0.0,0.0,31.02253668128992,7.781283807125874,0.001452922006137669,0.001452922006137669,0.0,0.00013823527842760086,7.779692649841309,0.0,0.0,31.456619262695312
804,1e-05,0.002913357440696934,2.0240888077687496,0.0012465507692890295,0.0012465507692890295,0.0,0.00013881047416913975,6.742807341743033,0.0,0.0,30.905208994532245,7.779768031134154,0.001532051363028586,0.001532051363028586,0.0,0.00013835022400598973,7.778097629547119,0.0,0.0,31.373516082763672
805,1e-05,0.002913357440696934,2.0248451521222357,0.0011306381006442818,0.0011306381006442818,0.0,0.00013836749499188588,6.745714802965147,0.0,0.0,30.853772366762357,7.789714617523714,0.0011786931427195668,0.0011786931427195668,0.0,0.00013622803089674562,7.788399696350098,0.0,0.0,31.45511245727539
806,1e-05,0.002913357440696934,2.02660588323585,0.0011489722877596575,0.0011489722877596575,0.0,0.00013710931908989468,6.751522720097367,0.0,0.0,30.561496240625445,7.781078144180356,0.000882166379597038,0.000882166379597038,0.0,0.0001356865104753524,7.780060291290283,0.0,0.0,31.261951446533203
807,1e-05,0.002913357440696934,2.0250748026956944,0.0019338195288472265,0.0019338195288472265,0.0,0.00013629735103705385,6.7438029762966645,0.0,0.0,30.896330247533893,7.77635219063086,0.0027472737710922956,0.0027472737710922956,0.0,0.00013594560732599348,7.773468971252441,0.0,0.0,31.815288543701172
808,1e-05,0.002913357440696934,2.0250118655711358,0.003254859615348166,0.003254859615348166,0.0,0.00013505653913057486,6.739189483200161,0.0,0.0,31.516182809430134,7.779056540079182,0.0009309775196015835,0.0009309775196015835,0.0,0.00013283718726597726,7.7779927253723145,0.0,0.0,32.158538818359375
809,1e-05,0.002913357440696934,2.0236688885632743,0.00288225742633787,0.00288225742633787,0.0,0.0001294256861804612,6.735955082966368,0.0,0.0,31.68982887024508,7.783045417498215,0.002279082080349326,0.002279082080349326,0.0,0.00012668698036577553,7.7806396484375,0.0,0.0,32.301124572753906
810,1e-05,0.002913357440696934,2.0229449670247237,0.0024913201571822676,0.0024913201571822676,0.0,0.00012505185395314772,6.734845126122024,0.0,0.0,31.654130568468876,7.782958926676656,0.0012281866511330009,0.0012281866511330009,0.0,0.0001245426683453843,7.781606197357178,0.0,0.0,32.13166427612305
811,1e-05,0.002855090291882995,2.022893420026906,0.0008102705058850629,0.0008102705058850629,0.0,0.00012974810689203863,6.740276773642305,0.0,0.0,31.301801779801522,7.780444555392023,0.001094237552024424,0.001094237552024424,0.0,0.00013307464541867375,7.77921724319458,0.0,0.0,31.365610122680664
812,1e-05,0.002855090291882995,2.022970989270042,0.0008324050878145816,0.0008324050878145816,0.0,0.00013524296159712104,6.740461552500376,0.0,0.0,30.70395713496117,7.78007024055114,0.000994074740447104,0.000994074740447104,0.0,0.0001359650050289929,7.778940200805664,0.0,0.0,31.41024398803711
813,1e-05,0.002855090291882995,2.022302018870993,0.0006533762323463501,0.0006533762323463501,0.0,0.00013733368032104167,6.73882854458518,0.0,0.0,30.856913145304997,7.786512353006401,0.000881550251506269,0.000881550251506269,0.0,0.00013790572120342404,7.785492897033691,0.0,0.0,31.53978157043457
814,1e-05,0.002855090291882995,2.02447951693307,0.000658778043611973,0.000658778043611973,0.0,0.00013906459592513172,6.746068772945147,0.0,0.0,30.697438483108204,7.780818665865809,0.0008458959637209773,0.0008458959637209773,0.0,0.00013849942479282618,7.779834270477295,0.0,0.0,31.150869369506836
815,1e-05,0.002855090291882995,2.0221483297965186,0.0007011345199978619,0.0007011345199978619,0.0,0.00013932277533943953,6.738156914881131,0.0,0.0,30.80629076041135,7.779615918421769,0.0008217545109800994,0.0008217545109800994,0.0,0.0001395885628880933,7.7786545753479,0.0,0.0,31.568815231323242
816,1e-05,0.002855090291882995,2.021025311539039,0.0006160281448920867,0.0006160281448920867,0.0,0.0001394950131241274,6.734697317706377,0.0,0.0,31.28784696575684,7.778439041838283,0.0009207327966578305,0.0009207327966578305,0.0,0.00013974992907606065,7.777378559112549,0.0,0.0,31.68478012084961
817,1e-05,0.002855090291882995,2.0207777599981314,0.0006489893662266381,0.0006489893662266381,0.0,0.00013993192786749734,6.733762273600052,0.0,0.0,31.524644232616485,7.777507858118042,0.000664844352286309,0.000664844352286309,0.0,0.0001396560692228377,7.776703357696533,0.0,0.0,31.787887573242188
818,1e-05,0.002855090291882995,2.0205400166158807,0.000556152594076418,0.000556152594076418,0.0,0.00013977506482560744,6.733279310518854,0.0,0.0,31.538748590215345,7.780846279216348,0.0006799823604524136,0.0006799823604524136,0.0,0.00013938416668679565,7.780026912689209,0.0,0.0,32.041622161865234
819,1e-05,0.002855090291882995,2.0209726228342997,0.0005548452051946324,0.0005548452051946324,0.0,0.0001395613433677926,6.734725412308458,0.0,0.0,31.600613657595257,7.781039787601912,0.000728763232473284,0.000728763232473284,0.0,0.00013915318413637578,7.780171871185303,0.0,0.0,32.04579544067383
820,1e-05,0.002855090291882995,2.020659235556495,0.0005416254007156824,0.0005416254007156824,0.0,0.000139354447816849,6.733724973064392,0.0,0.0,31.668113092723207,7.780941203600378,0.0007033458678051829,0.0007033458678051829,0.0,0.00013894263247493654,7.780098915100098,0.0,0.0,32.138431549072266
821,1e-05,0.002855090291882995,2.020389733109226,0.0005174423472665904,0.0005174423472665904,0.0,0.00013892682186604253,6.7329072587649295,0.0,0.0,31.709965925289026,7.780434093321674,0.0007470899727195501,0.0007470899727195501,0.0,0.00013931200373917818,7.779547691345215,0.0,0.0,32.190425872802734
822,1e-05,0.002797988486045335,2.0200144372204987,0.000542191834077158,0.000542191834077158,0.0,0.00013867438408843953,6.731573755445805,0.0,0.0,31.760841674793227,7.780055761904805,0.0007186279399320483,0.0007186279399320483,0.0,0.00013944109377916902,7.779197692871094,0.0,0.0,32.2805290222168
823,1e-05,0.002797988486045335,2.020013684658412,0.0005545365744757749,0.0005545365744757749,0.0,0.00013869889167849052,6.731530183138662,0.0,0.0,31.82079180483437,7.778507285998785,0.0007338470313698053,0.0007338470313698053,0.0,0.0001392951380694285,7.777634143829346,0.0,0.0,32.158329010009766
824,1e-05,0.002797988486045335,2.0197912672651883,0.0005767648876752446,0.0005767648876752446,0.0,0.00013862153462623801,6.730714632783745,0.0,0.0,31.753484980828826,7.7780724217009265,0.0007612804765813053,0.0007612804765813053,0.0,0.00013952943845652044,7.777171611785889,0.0,0.0,32.13187789916992
825,1e-05,0.002797988486045335,2.0198402943098617,0.000596466583672281,0.000596466583672281,0.0,0.00013851148447641896,6.730812303704556,0.0,0.0,31.723216733414574,7.776183860289166,0.0008433781913481653,0.0008433781913481653,0.0,0.0001391614496242255,7.775201320648193,0.0,0.0,32.12577819824219
826,1e-05,0.002797988486045335,2.0195428420984567,0.0006233895044574604,0.0006233895044574604,0.0,0.00013845207325800059,6.729731211679843,0.0,0.0,31.705190243230668,7.776491930533666,0.0008509489707648754,0.0008509489707648754,0.0,0.00013925350503996015,7.775501728057861,0.0,0.0,32.01997375488281
827,1e-05,0.002797988486045335,2.019772457984881,0.0005977408391820908,0.0005977408391820908,0.0,0.0001382245927380738,6.730582008656952,0.0,0.0,31.580685474204056,7.77663107351691,0.000947709078900516,0.000947709078900516,0.0,0.0001391978730680421,7.775544166564941,0.0,0.0,31.90009307861328
828,1e-05,0.002797988486045335,2.020260170295263,0.0006482933500971089,0.0006482933500971089,0.0,0.00013860998556315294,6.732039150231446,0.0,0.0,31.372805269674437,7.777785486308858,0.001065506599843502,0.001065506599843502,0.0,0.00013964599929749966,7.776580333709717,0.0,0.0,31.63897705078125
829,1e-05,0.002797988486045335,2.020078224426731,0.0007172359205070239,0.0007172359205070239,0.0,0.00013893272528390808,6.731202987387798,0.0,0.0,31.240657822585952,7.779569322417956,0.0010074294405058026,0.0010074294405058026,0.0,0.0001390604884363711,7.778422832489014,0.0,0.0,31.709623336791992
830,1e-05,0.002797988486045335,2.0199758139740194,0.0006760020960932795,0.0006760020960932795,0.0,0.00013814251622579172,6.730998916413937,0.0,0.0,31.25680249277999,7.778530122581287,0.000850532203912735,0.000850532203912735,0.0,0.00013890663103666157,7.777540683746338,0.0,0.0,31.635805130004883
831,1e-05,0.002797988486045335,2.0204023884523403,0.0006066349366299853,0.0006066349366299853,0.0,0.00013869738858522825,6.732652096693552,0.0,0.0,31.12532809591397,7.7767815047409385,0.000957234064117074,0.000957234064117074,0.0,0.00013991398736834526,7.775684356689453,0.0,0.0,31.61794090270996
832,1e-05,0.002797988486045335,2.0216528584233315,0.000725537594095269,0.000725537594095269,0.0,0.0001392195352684283,6.736424108777604,0.0,0.0,31.026140616173443,7.776231650903355,0.0011756495805457234,0.0011756495805457234,0.0,0.00013887562090530992,7.774917125701904,0.0,0.0,31.15260124206543
833,1e-05,0.0027420287163244282,2.0226320762162078,0.0007407046196009541,0.0007407046196009541,0.0,0.00013947671358409414,6.739637529752404,0.0,0.0,30.57989539991213,7.785422605375061,0.0007455364102497697,0.0007455364102497697,0.0,0.00013879992184229195,7.784538269042969,0.0,0.0,30.875974655151367
834,1e-05,0.0027420287163244282,2.022922171072333,0.00065130573290445,0.00065130573290445,0.0,0.00013988492304546938,6.740902447032505,0.0,0.0,30.399196614440445,7.7891303039796185,0.0007891449495218694,0.0007891449495218694,0.0,0.00013887326349504292,7.788202285766602,0.0,0.0,31.225231170654297
835,1e-05,0.0027420287163244282,2.022582138019982,0.0006771046967359839,0.0006771046967359839,0.0,0.00013911156493084432,6.739683192650041,0.0,0.0,30.520117704187605,7.790992851063493,0.0008700951002538204,0.0008700951002538204,0.0,0.00013852973643224686,7.789984226226807,0.0,0.0,31.371917724609375
836,1e-05,0.0027420287163244282,2.023161592856219,0.0007947462419280328,0.0007947462419280328,0.0,0.0001384522127636802,6.741222454086231,0.0,0.0,30.668283480146577,7.79150652194221,0.001373075065203011,0.001373075065203011,0.0,0.00013825339556206018,7.789995193481445,0.0,0.0,31.32672119140625
837,1e-05,0.0027420287163244282,2.0235581209629863,0.0010054577036011582,0.0010054577036011582,0.0,0.000138876452928798,6.741841929059002,0.0,0.0,30.749757037911007,7.785093250335194,0.0009300795500166714,0.0009300795500166714,0.0,0.0001389321987517178,7.784024238586426,0.0,0.0,31.361148834228516
838,1e-05,0.0027420287163244282,2.0230014326137886,0.000820721124033963,0.000820721124033963,0.0,0.00013888548559978342,6.7406019154797,0.0,0.0,30.8481136252679,7.785180522303563,0.001016351394355297,0.001016351394355297,0.0,0.00013850181130692363,7.7840256690979,0.0,0.0,31.37224006652832
839,1e-05,0.0027420287163244282,2.022517012930157,0.000876059921968062,0.000876059921968062,0.0,0.0001387935630226055,6.738802833989803,0.0,0.0,30.875012361733802,7.778872497103293,0.0008924577850848436,0.0008924577850848436,0.0,0.00013894816220272332,7.777841091156006,0.0,0.0,31.35207176208496
840,1e-05,0.0027420287163244282,2.0213070061003466,0.0007127211668218762,0.0007127211668218762,0.0,0.00013948500391721037,6.735314041902182,0.0,0.0,31.117261474409943,7.780923793674447,0.0008025121060200036,0.0008025121060200036,0.0,0.00013966840924695134,7.77998161315918,0.0,0.0,31.773883819580078
841,1e-05,0.0027420287163244282,2.020926043178599,0.0006445390963585658,0.0006445390963585658,0.0,0.000139947392598692,6.734271277369864,0.0,0.0,31.38900320966731,7.783541497934493,0.0007701308932155371,0.0007701308932155371,0.0,0.00013949295680504292,7.782631874084473,0.0,0.0,31.91691780090332
842,1e-05,0.0027420287163244282,2.020829053530942,0.0006329428043833408,0.0006329428043833408,0.0,0.000140188389420725,6.733986773677515,0.0,0.0,31.401674793564045,7.783102984758443,0.0011506852461025119,0.0011506852461025119,0.0,0.00014058533997740597,7.781811714172363,0.0,0.0,31.87738609313965
843,1e-05,0.0027420287163244282,2.020197509272064,0.0008927308157317983,0.0008927308157317983,0.0,0.00014074009967674612,6.731015567783839,0.0,0.0,31.44075399063696,7.781111933829379,0.0007301014848053455,0.0007301014848053455,0.0,0.00014129660848993808,7.780240535736084,0.0,0.0,32.101627349853516
844,1e-05,0.0026871881419979395,2.0193911633867545,0.0005336207533871739,0.0005336207533871739,0.0,0.00014069891572410375,6.729524793376305,0.0,0.0,31.612627353351588,7.780188492703019,0.000701688404660672,0.000701688404660672,0.0,0.0001408150710631162,7.779345989227295,0.0,0.0,32.009517669677734
845,1e-05,0.0026871881419979395,2.019104440667476,0.0005072473616586751,0.0005072473616586751,0.0,0.0001408500240245858,6.728657124967137,0.0,0.0,31.51411096347513,7.778314314375166,0.0007253112853504717,0.0007253112853504717,0.0,0.00014130258932709694,7.777447700500488,0.0,0.0,32.097537994384766
846,1e-05,0.0026871881419979395,2.018642759617819,0.0004887121473377335,0.0004887121473377335,0.0,0.00014084568827308158,6.727179811028225,0.0,0.0,31.55664616265788,7.78030671106535,0.0006641603540629148,0.0006641603540629148,0.0,0.00014158940757624805,7.779500961303711,0.0,0.0,32.02684783935547
847,1e-05,0.0026871881419979395,2.0187396328312768,0.0004600238404319533,0.0004600238404319533,0.0,0.00014083294484622396,6.72759836925139,0.0,0.0,31.473232771160635,7.779359002233832,0.0006992840790189803,0.0006992840790189803,0.0,0.00014104139700066298,7.7785186767578125,0.0,0.0,31.76897621154785
848,1e-05,0.0026871881419979395,2.0190808024424904,0.0004896524893496501,0.0004896524893496501,0.0,0.00014040358324750936,6.728636915925693,0.0,0.0,31.22937432172144,7.779883601368056,0.0007420422625727952,0.0007420422625727952,0.0,0.00014079998072702438,7.779000759124756,0.0,0.0,31.75214195251465
849,1e-05,0.0026871881419979395,2.0189889035569255,0.0006809277203566725,0.0006809277203566725,0.0,0.0001401673129193506,6.727692739239841,0.0,0.0,31.156820044800117,7.781043420865899,0.0008502246928401291,0.0008502246928401291,0.0,0.00014101111446507275,7.780052185058594,0.0,0.0,31.477678298950195
