Length,Width,Size,Conc,Conc1,Asym,M3Long,M3Trans,Alpha,Dist,class
334.177001953125,228.0384979248047,5.179500102996826,0.013100000098347664,0.0007999999797903001,575.24072265625,231.4459991455078,-205.8946990966797,90.0,5.74560022354126,h
127.35231018066406,41.88640594482422,3.9694764614105225,0.03018963150680065,0.028350159525871277,-176.60113525390625,81.84746551513672,43.41026306152344,32.06394577026367,195.41122436523438,h
334.177001953125,228.0384979248047,5.179500102996826,0.013100000098347664,0.0007999999797903001,-457.9161071777344,-331.7799987792969,179.8509979248047,90.0,466.4078063964844,h
334.177001953125,228.0384979248047,5.179500102996826,0.013100000098347664,0.0007999999797903001,-457.9161071777344,-331.7799987792969,-205.8946990966797,90.0,466.4078063964844,h
27.88298797607422,16.169321060180664,2.675266981124878,0.4901931583881378,0.28177258372306824,19.181760787963867,-4.012602806091309,15.77595043182373,66.9558334350586,148.4142303466797,h
210.91778564453125,76.8233642578125,3.714885711669922,0.17982342839241028,0.09237310290336609,-232.2744903564453,-166.9810791015625,54.817161560058594,60.58523941040039,350.0344543457031,h
159.3773193359375,106.15577697753906,5.145689010620117,0.03268461674451828,0.022693287581205368,505.68963623046875,-171.82740783691406,-3.760664463043213,89.86592102050781,460.47137451171875,h
12.450506210327148,188.9636993408203,1.9413000345230103,0.16240951418876648,0.08285024017095566,-457.9161071777344,-331.7799987792969,179.8509979248047,0.0,5.74560022354126,h
334.177001953125,228.0384979248047,5.179500102996826,0.013100000098347664,0.0007999999797903001,-457.9161071777344,-331.7799987792969,179.8509979248047,83.31331634521484,5.74560022354126,h
7.207900047302246,0.0,1.941311240196228,0.8912000060081482,0.6740000247955322,-457.9161071777344,-331.7799987792969,-205.8946990966797,90.0,5.74560022354126,h
43.2540397644043,16.891780853271484,2.5571839809417725,0.46083372831344604,0.2561522126197815,58.30622482299805,22.83854103088379,10.072229385375977,68.45037841796875,128.29522705078125,h
23.83538055419922,9.59101676940918,2.863741159439087,0.46112117171287537,0.24159099161624908,-0.18904216587543488,21.092329025268555,5.557112693786621,51.95933151245117,188.99659729003906,h
45.32637405395508,23.45127296447754,2.7281038761138916,0.21162527799606323,0.11229830980300903,36.14908218383789,-45.34130859375,13.720062255859375,35.365211486816406,170.94801330566406,h
23.861495971679688,6.502299785614014,2.1479299068450928,0.6694355010986328,0.3591192960739136,21.03268814086914,18.604719161987305,8.238858222961426,37.086708068847656,109.03704071044922,h
334.177001953125,228.0384979248047,1.9413000345230103,0.013100000098347664,0.6740000247955322,-457.9161071777344,-331.7799987792969,179.8509979248047,0.0,466.4078063964844,h
7.207900047302246,0.0,1.9413000345230103,0.8912000060081482,0.6740000247955322,-457.9161071777344,-331.7799987792969,-205.8946990966797,90.0,5.74560022354126,h
22.99793815612793,7.617332458496094,2.4976236820220947,0.6155334711074829,0.31946244835853577,-3.238994598388672,14.076289176940918,-9.113258361816406,10.47990608215332,156.08143615722656,h
334.177001953125,228.0384979248047,5.179500102996826,0.013100000098347664,0.0007999999797903001,575.24072265625,-331.7799987792969,-205.8946990966797,90.0,466.4078063964844,h
141.34503173828125,46.528961181640625,3.4669086933135986,0.17655253410339355,0.10932403057813644,154.70755004882812,158.60708618164062,22.480676651000977,41.64641189575195,269.7638244628906,h
334.177001953125,228.0384979248047,5.179500102996826,0.013100000098347664,0.0007999999797903001,-457.9161071777344,-331.7799987792969,179.8509979248047,90.0,466.4078063964844,h
334.177001953125,228.0384979248047,5.179500102996826,0.013100000098347664,0.0007999999797903001,-457.9161071777344,-331.7799987792969,179.8509979248047,90.0,466.4078063964844,h
56.02433395385742,24.98155975341797,3.183135509490967,0.1967928409576416,0.10022082179784775,12.357171058654785,27.883434295654297,-10.338343620300293,29.471500396728516,197.75816345214844,h
39.59083938598633,10.861547470092773,2.49868106842041,0.4503409266471863,0.2497129589319229,8.008247375488281,28.284658432006836,-1.565977692604065,86.08244323730469,188.882568359375,h
334.177001953125,228.0384979248047,5.179500102996826,0.013100000098347664,0.0007999999797903001,575.24072265625,231.4459991455078,179.8509979248047,90.0,5.74560022354126,h
334.177001953125,228.0384979248047,5.179500102996826,0.013100000098347664,0.0007999999797903001,-457.9161071777344,-331.7799987792969,-205.8946990966797,90.0,466.4078063964844,h
334.177001953125,228.0384979248047,5.179500102996826,0.013100000098347664,0.0007999999797903001,575.24072265625,231.4459991455078,-205.8946990966797,90.0,5.74560022354126,h
334.177001953125,228.0384979248047,5.179500102996826,0.013100000098347664,0.0007999999797903001,575.24072265625,231.4459991455078,-205.8946990966797,90.0,5.74560022354126,h
35.63116455078125,10.452763557434082,2.8717782497406006,0.49049314856529236,0.2505764961242676,59.331932067871094,16.94046974182129,11.099264144897461,10.823891639709473,189.39344787597656,h
23.601497650146484,6.8248748779296875,1.9422106742858887,0.8104936480522156,0.46778884530067444,-0.9117523431777954,13.71323299407959,7.199471473693848,0.38074058294296265,110.91936492919922,h
261.78228759765625,84.08142852783203,3.9418861865997314,0.09148089587688446,0.04788043349981308,-436.14544677734375,-89.98230743408203,32.3405876159668,86.45710754394531,197.3311767578125,h
334.177001953125,228.0384979248047,5.179500102996826,0.013100000098347664,0.0007999999797903001,-457.9161071777344,-331.7799987792969,-205.8946990966797,90.0,5.74560022354126,h
334.177001953125,228.0384979248047,1.9413000345230103,0.8881500959396362,0.6740000247955322,-457.9161071777344,-331.7799987792969,179.8509979248047,0.0,466.4078063964844,h
19.132888793945312,10.404824256896973,2.287642240524292,0.6579995155334473,0.37259113788604736,29.713855743408203,20.627782821655273,12.501025199890137,31.259572982788086,253.6675262451172,h
188.46739196777344,62.156837463378906,3.612882137298584,0.19416917860507965,0.0917685404419899,-46.2951774597168,-118.48653411865234,13.269491195678711,54.40349578857422,394.1477355957031,h
30.901308059692383,11.225484848022461,2.85178804397583,0.374253511428833,0.18955442309379578,-7.541589260101318,-6.592997074127197,3.9903223514556885,37.39961624145508,104.5089111328125,h
78.13399505615234,21.224346160888672,3.0600993633270264,0.2703547179698944,0.1644599735736847,-3.188079595565796,30.57602310180664,16.778125762939453,27.85271453857422,224.46018981933594,h
64.72254180908203,17.682621002197266,2.527693510055542,0.4399843215942383,0.24392393231391907,-91.0017318725586,48.05129623413086,-17.730321884155273,4.471354961395264,254.51876831054688,h
23.4117488861084,11.347217559814453,2.9144771099090576,0.47595420479774475,0.2922115623950958,-4.176041126251221,8.981090545654297,-9.223832130432129,11.77713394165039,199.76223754882812,h
334.177001953125,228.0384979248047,5.179500102996826,0.013100000098347664,0.0007999999797903001,575.24072265625,231.4459991455078,-205.8946990966797,90.0,5.74560022354126,h
76.54612731933594,12.376998901367188,3.0698060989379883,0.2681754529476166,0.13594786822795868,1.1544935703277588,45.33385467529297,-13.680779457092285,59.378658294677734,135.85198974609375,h
19.277990341186523,2.8857078552246094,2.4577460289001465,0.7137315273284912,0.42406758666038513,-15.262707710266113,-12.291232109069824,14.690462112426758,46.082515716552734,258.58917236328125,h
334.177001953125,228.0384979248047,5.179500102996826,0.013100000098347664,0.0007999999797903001,575.24072265625,231.4459991455078,-205.8946990966797,90.0,466.4078063964844,h
144.88885498046875,38.76433563232422,3.0822441577911377,0.4039730727672577,0.24144865572452545,-78.3426284790039,-156.14434814453125,-20.415224075317383,17.201353073120117,338.3722839355469,h
26.007539749145508,13.552495956420898,2.7681002616882324,0.38027122616767883,0.21942728757858276,6.61974573135376,8.084211349487305,5.201024532318115,40.95452880859375,141.99191284179688,h
334.177001953125,228.0384979248047,5.179500102996826,0.013100000098347664,0.0007999999797903001,-457.9161071777344,-331.7799987792969,179.8509979248047,90.0,466.4078063964844,h
32.06339645385742,7.490810871124268,2.7947049140930176,0.5790741443634033,0.3824668228626251,3.928330421447754,13.728401184082031,7.104146957397461,5.129422187805176,75.95645904541016,h
334.177001953125,228.0384979248047,5.179500102996826,0.013100000098347664,0.0007999999797903001,-457.9161071777344,-331.77410888671875,-205.8946990966797,90.0,466.4078063964844,h
7.230891704559326,18.089754104614258,1.9413000345230103,0.6875598430633545,0.3240327835083008,17.2550048828125,-219.9059600830078,34.5285758972168,0.0,7.831101417541504,h
334.177001953125,228.0384979248047,5.179500102996826,0.013100000098347664,0.0007999999797903001,-457.9161071777344,-331.7799987792969,-205.8946990966797,90.0,466.4078063964844,h
29.12434196472168,8.886756896972656,2.4764254093170166,0.6558700203895569,0.32382673025131226,-36.739986419677734,-10.115945816040039,7.37164306640625,25.241653442382812,218.3746795654297,h
20.213794708251953,12.203413963317871,2.201707601547241,0.5560627579689026,0.31576329469680786,-4.226476192474365,-17.420101165771484,10.475807189941406,16.168575286865234,118.9816665649414,h
334.177001953125,228.0384979248047,5.179500102996826,0.013100000098347664,0.0007999999797903001,-457.9161071777344,231.4459991455078,-205.8946990966797,90.0,466.4078063964844,h
334.177001953125,228.0384979248047,5.179500102996826,0.013100000098347664,0.0007999999797903001,-457.9161071777344,-331.7799987792969,179.8509979248047,90.0,466.4078063964844,h
13.145901679992676,9.58806037902832,2.1832661628723145,0.7494664788246155,0.4387246370315552,-4.853360652923584,3.019613027572632,-5.433450222015381,5.042099952697754,97.3876953125,h
20.119586944580078,6.794069766998291,2.5718090534210205,0.5324524641036987,0.25983425974845886,27.6444034576416,15.464273452758789,6.797114372253418,41.94411087036133,29.582992553710938,h
334.177001953125,228.0384979248047,5.179500102996826,0.013100000098347664,0.0007999999797903001,575.24072265625,231.4459991455078,179.8509979248047,90.0,466.4078063964844,h
73.47940063476562,24.3293399810791,3.2962512969970703,0.16934920847415924,0.08784042298793793,-30.388059616088867,63.693695068359375,-16.459304809570312,11.452795028686523,228.85545349121094,h
334.177001953125,228.0384979248047,1.9413000345230103,0.013100000098347664,0.6740000247955322,-457.9161071777344,-331.7799987792969,-205.8946990966797,0.0,5.74560022354126,h
28.842565536499023,15.310877799987793,2.5793213844299316,0.46558240056037903,0.22456789016723633,42.377723693847656,30.055892944335938,11.352078437805176,18.888582229614258,124.18175506591797,h
99.09529876708984,35.0140495300293,3.502944231033325,0.23846425116062164,0.11322152614593506,6.095151901245117,30.23828887939453,19.705995559692383,12.20671558380127,328.91082763671875,h
7.207900047302246,0.0,1.9413000345230103,0.8912000060081482,0.6740000247955322,-457.9161071777344,-331.7799987792969,-205.8946990966797,90.0,5.74560022354126,h
55.75558853149414,12.583117485046387,2.8966634273529053,0.31195345520973206,0.16352011263370514,-4.5818986892700195,31.424896240234375,-8.93049144744873,10.407569885253906,183.29217529296875,h
334.177001953125,228.0384979248047,5.179500102996826,0.013100000098347664,0.0007999999797903001,-457.9161071777344,-331.7799987792969,179.8509979248047,90.0,466.4078063964844,h
22.680789947509766,14.844459533691406,2.5352041721343994,0.4920300543308258,0.30504176020622253,8.843363761901855,-3.805901050567627,2.877838134765625,78.74394989013672,106.71967315673828,h
49.09791946411133,15.6370849609375,2.7242624759674072,0.3869932293891907,0.23143799602985382,-12.080024719238281,-23.50275993347168,-10.372264862060547,32.70741653442383,231.83468627929688,h
18.73518943786621,11.093355178833008,2.3204684257507324,0.5190118551254272,0.24333836138248444,30.19310760498047,-11.735795021057129,-5.852659225463867,20.636634826660156,199.2709197998047,h
72.1307144165039,25.169313430786133,3.296638011932373,0.21759366989135742,0.11698061972856522,3.640676259994507,-9.673626899719238,-11.37496280670166,31.283206939697266,355.3678283691406,h
7.207900047302246,0.0,5.179500102996826,0.8912000060081482,0.6740000247955322,-457.9161071777344,-331.7799987792969,-205.8946990966797,90.0,466.4078063964844,h
334.177001953125,228.0384979248047,5.179500102996826,0.013100000098347664,0.0007999999797903001,-457.9161071777344,-331.7799987792969,179.8509979248047,90.0,5.74560022354126,h
7.207900047302246,0.0,1.9413000345230103,0.8912000060081482,0.6740000247955322,-457.9161071777344,224.0686492919922,179.8509979248047,0.0,466.4078063964844,h
105.45547485351562,38.126007080078125,3.2269392013549805,0.14510443806648254,0.07487831264734268,-230.47647094726562,17.189716339111328,-40.90357971191406,40.121612548828125,192.4597625732422,h
7.207900047302246,0.0,5.179500102996826,0.8912000060081482,0.6740000247955322,-457.9161071777344,231.4459991455078,-205.8946990966797,90.0,466.4078063964844,h
19.585289001464844,8.520904541015625,2.5497891902923584,0.5277509689331055,0.30860087275505066,-6.810532093048096,18.450878143310547,-9.800342559814453,86.98518371582031,156.7451629638672,h
7.207900047302246,0.0,5.179500102996826,0.8912000060081482,0.6740000247955322,-457.9161071777344,-331.7799987792969,179.8509979248047,90.0,5.74560022354126,h
72.9136734008789,24.617082595825195,3.540703296661377,0.14880624413490295,0.06916619837284088,-11.625551223754883,20.211645126342773,11.76931095123291,9.828654289245605,194.0663299560547,h
334.177001953125,228.0384979248047,5.179500102996826,0.013100000098347664,0.0007999999797903001,-457.9161071777344,-331.7799987792969,-205.8946990966797,90.0,466.4078063964844,h
334.177001953125,228.0384979248047,5.179500102996826,0.013100000098347664,0.0007999999797903001,-457.9161071777344,231.4459991455078,179.8509979248047,0.0,5.74560022354126,h
34.87578201293945,20.838743209838867,2.9131760597229004,0.2760867476463318,0.15077298879623413,-13.70820140838623,-19.341432571411133,-8.414460182189941,89.24230194091797,143.8635711669922,h
102.42390441894531,96.45807647705078,4.508502006530762,0.08312039077281952,0.03346845135092735,-33.14459991455078,23.920915603637695,48.688209533691406,70.83162689208984,276.88720703125,h
7.207900047302246,0.0,5.179500102996826,0.8912000060081482,0.6740000247955322,-457.9161071777344,-331.7799987792969,-205.8946990966797,89.99998474121094,466.4078063964844,h
334.177001953125,228.0384979248047,1.9413000345230103,0.013100000098347664,0.6740000247955322,-457.9161071777344,-331.7799987792969,179.8509979248047,0.0,5.74560022354126,h
65.321533203125,17.29475212097168,2.9310498237609863,0.2205406129360199,0.10355532914400101,-173.42982482910156,-11.59046745300293,-9.182364463806152,77.99506378173828,250.44094848632812,h
334.177001953125,228.0384979248047,5.179500102996826,0.013100000098347664,0.0007999999797903001,575.24072265625,231.4459991455078,179.8509979248047,90.0,466.4078063964844,h
33.858638763427734,0.003870639018714428,2.262338638305664,0.7038334012031555,0.5290147662162781,30.977092742919922,24.223041534423828,3.1713879108428955,57.29308319091797,30.84640884399414,h
7.287780284881592,26.99234390258789,1.9544893503189087,0.7071844339370728,0.3241226077079773,-15.151436805725098,-6.526579856872559,15.043375015258789,13.829501152038574,6.4506330490112305,h
334.177001953125,228.0384979248047,5.179500102996826,0.013100000098347664,0.0007999999797903001,-457.9161071777344,-331.7799987792969,179.8509979248047,90.0,466.05108642578125,h
334.177001953125,228.0384979248047,5.179500102996826,0.013100000098347664,0.0007999999797903001,-457.9161071777344,54.410709381103516,-205.8946990966797,90.0,466.4078063964844,h
187.54159545898438,113.88375854492188,4.1637678146362305,0.08667364716529846,0.05387676879763603,-171.85142517089844,-116.85755157470703,27.65525245666504,45.55744934082031,341.26336669921875,h
50.12217712402344,7.8968658447265625,2.6208927631378174,0.7287951707839966,0.43823865056037903,19.3786563873291,7.369997501373291,9.398366928100586,86.08089447021484,51.15711212158203,h
334.177001953125,228.0384979248047,5.179500102996826,0.013100000098347664,0.0007999999797903001,-457.9161071777344,231.4459991455078,179.8509979248047,90.0,5.74560022354126,h
334.177001953125,228.0384979248047,5.179500102996826,0.013100000098347664,0.0007999999797903001,575.24072265625,231.4459991455078,179.8509979248047,89.255126953125,6.4115214347839355,h
60.06460952758789,11.151933670043945,3.0395474433898926,0.2956904172897339,0.16982974112033844,20.013818740844727,54.22539520263672,8.90760326385498,72.34807586669922,162.48008728027344,h
7.207900047302246,0.0,5.179500102996826,0.8912000060081482,0.6740000247955322,-457.9161071777344,-331.7799987792969,-205.8946990966797,0.0,33.89579391479492,h
87.97014617919922,62.602603912353516,2.749624013900757,0.2786175608634949,0.1526283621788025,33.25893783569336,-57.673404693603516,6.971988201141357,80.99349212646484,71.46674346923828,h
334.177001953125,228.0384979248047,5.179500102996826,0.013100000098347664,0.0007999999797903001,575.24072265625,231.4459991455078,-205.8946990966797,90.0,5.74560022354126,h
39.84101104736328,15.005675315856934,2.601733446121216,0.40402886271476746,0.22447097301483154,-2.264503240585327,-15.756239891052246,7.0082783699035645,70.89755249023438,118.71360778808594,h
334.177001953125,228.0384979248047,1.9413000345230103,0.013100000098347664,0.6740000247955322,-457.9161071777344,-331.7799987792969,-204.33897399902344,0.0,5.74560022354126,h
334.177001953125,228.0384979248047,5.179500102996826,0.013100000098347664,0.0007999999797903001,-457.9161071777344,231.4459991455078,179.8509979248047,90.0,466.4078063964844,h
33.07624053955078,15.02890396118164,2.694247007369995,0.6021578907966614,0.4193006753921509,-28.58152198791504,22.66984748840332,-13.256176948547363,5.927441596984863,265.7272033691406,h
12.444039344787598,19.36583709716797,1.9413000345230103,0.7403238415718079,0.3449781537055969,-178.15652465820312,-295.7874755859375,160.1468963623047,0.0,42.357723236083984,h
60.223243713378906,22.77157211303711,2.9311575889587402,0.29799917340278625,0.1709839105606079,-28.641345977783203,-51.0140380859375,8.558305740356445,73.39653015136719,306.9191589355469,h
35.070594787597656,9.684869766235352,2.7648110389709473,0.46080148220062256,0.25218215584754944,29.32242774963379,17.970975875854492,-4.677845001220703,67.379150390625,115.91227722167969,h
64.36126708984375,15.43448543548584,3.1217668056488037,0.2281792312860489,0.10566449165344238,68.64366912841797,50.3661994934082,-13.016773223876953,86.71612548828125,150.3870391845703,h
13.183938026428223,12.469924926757812,2.224985361099243,0.801075279712677,0.6357003450393677,32.970672607421875,13.113901138305664,-7.064574718475342,32.069854736328125,116.03677368164062,h
334.177001953125,228.0384979248047,5.179500102996826,0.013100000098347664,0.0007999999797903001,-457.9161071777344,-331.7799987792969,179.8509979248047,90.0,321.7666931152344,h
334.177001953125,228.0384979248047,1.9413000345230103,0.8912000060081482,0.6740000247955322,-457.9161071777344,-331.7799987792969,179.8509979248047,0.0,5.74560022354126,h
334.177001953125,228.0384979248047,1.9413000345230103,0.013100000098347664,0.6740000247955322,-457.9161071777344,-331.7799987792969,-205.8946990966797,0.0,5.74560022354126,h
7.207900047302246,0.0,1.9413000345230103,0.8912000060081482,0.6740000247955322,-457.9161071777344,-331.7799987792969,-205.8946990966797,90.0,5.74560022354126,h
334.177001953125,228.0384979248047,5.179500102996826,0.013100000098347664,0.0007999999797903001,-457.9161071777344,21.258045196533203,-205.8946990966797,90.0,466.35406494140625,h
30.189863204956055,10.46157455444336,1.9413000345230103,0.08680494874715805,0.011281528510153294,-457.9161071777344,-331.7799987792969,179.8509979248047,0.0,5.74560022354126,h
334.177001953125,228.0384979248047,5.179500102996826,0.013100000098347664,0.0007999999797903001,-457.9161071777344,-331.7799987792969,179.8509979248047,90.0,5.74560022354126,h
109.52996063232422,22.60688591003418,2.83233904838562,0.4242076873779297,0.24388524889945984,-105.64427185058594,-38.176025390625,18.924718856811523,29.261661529541016,169.77597045898438,h
33.842315673828125,12.620270729064941,2.7822721004486084,0.4021661579608917,0.20993398129940033,-12.142806053161621,18.112438201904297,15.783347129821777,31.43977165222168,206.7451171875,h
65.89164733886719,9.744057655334473,2.4492554664611816,0.5966775417327881,0.365835964679718,19.55293846130371,11.345651626586914,10.663227081298828,39.5818977355957,147.47503662109375,h
87.82359313964844,12.509886741638184,3.0225114822387695,0.24682433903217316,0.13691921532154083,16.90324592590332,50.944366455078125,17.582571029663086,81.95647430419922,261.3109436035156,h
13.045024871826172,11.971827507019043,2.193150281906128,0.7512401938438416,0.42176422476768494,-25.839027404785156,-3.9444565773010254,-9.691390991210938,80.023193359375,225.43560791015625,h
164.1101837158203,72.92977905273438,3.7034478187561035,0.1473253220319748,0.09016754478216171,31.927799224853516,194.96160888671875,-22.293262481689453,46.357147216796875,332.4791564941406,h
23.801244735717773,6.726178169250488,2.275672674179077,0.6015858054161072,0.3680444061756134,-29.489213943481445,4.257484436035156,-3.94136905670166,39.05739212036133,130.43894958496094,h
334.177001953125,228.0384979248047,5.179500102996826,0.013100000098347664,0.0007999999797903001,575.24072265625,231.4459991455078,-205.8946990966797,90.0,466.4078063964844,h
334.177001953125,228.0384979248047,5.179500102996826,0.013100000098347664,0.0007999999797903001,-457.9161071777344,231.4459991455078,179.8509979248047,90.0,466.4078063964844,h
96.40975189208984,31.530628204345703,3.0945446491241455,0.19797936081886292,0.10864213109016418,-84.42308044433594,79.7622299194336,30.37017250061035,45.688026428222656,166.82254028320312,h
7.207900047302246,0.0,1.9413167238235474,0.8912000060081482,0.6740000247955322,-457.9161071777344,-331.7799987792969,-205.8946990966797,90.0,466.4078063964844,h
28.55870819091797,14.8865385055542,2.5272040367126465,0.4310252368450165,0.21523568034172058,10.151106834411621,23.337364196777344,-0.6700654029846191,22.441865921020508,155.4740447998047,h
37.954833984375,17.226118087768555,2.558734655380249,0.3980620205402374,0.2423240840435028,-4.482016086578369,-13.394668579101562,-5.107048511505127,76.28990936279297,201.25904846191406,h
32.67184066772461,17.83875274658203,3.033953905105591,0.3055000603199005,0.17365889251232147,46.654319763183594,29.80133056640625,-9.162304878234863,77.77833557128906,140.8206329345703,h
7.207900047302246,0.0,1.9413000345230103,0.8912000060081482,0.6740000247955322,-457.9161071777344,-331.7799987792969,-205.8946990966797,0.0,466.4078063964844,h
334.177001953125,228.0384979248047,5.179500102996826,0.013100000098347664,0.0007999999797903001,575.24072265625,231.4459991455078,-205.8946990966797,90.0,5.74560022354126,h
334.177001953125,228.0384979248047,1.9413000345230103,0.013100000098347664,0.6740000247955322,-457.9161071777344,-331.7799987792969,179.8509979248047,0.0,5.74560022354126,h
34.00202178955078,14.429547309875488,2.4478964805603027,0.5515820980072021,0.2707548141479492,48.1336555480957,35.98838424682617,9.787442207336426,44.95185470581055,152.08628845214844,h
13.010726928710938,11.411136627197266,2.3328380584716797,0.5994046926498413,0.3385603129863739,-7.471264839172363,-4.431938648223877,9.669720649719238,71.86807250976562,198.46612548828125,h
334.177001953125,228.0384979248047,5.179500102996826,0.013100000098347664,0.0007999999797903001,-457.9161071777344,231.4459991455078,-205.8946990966797,90.0,466.4078063964844,h
334.177001953125,228.0384979248047,5.179500102996826,0.013100000098347664,0.0007999999797903001,-457.9161071777344,231.4459991455078,-205.8946990966797,90.0,466.4078063964844,h
334.177001953125,228.0384979248047,5.179500102996826,0.013100000098347664,0.0007999999797903001,-457.9161071777344,-331.7799987792969,179.8509979248047,90.0,5.74560022354126,h
334.177001953125,228.0384979248047,1.9413000345230103,0.013100000098347664,0.411164253950119,-457.9161071777344,-331.7799987792969,179.8509979248047,0.0,5.74560022354126,h
12.961299896240234,129.62469482421875,1.9413000345230103,0.013555420562624931,0.0009977527661249042,-457.9161071777344,-331.7799987792969,179.8509979248047,0.0,5.74560022354126,h
43.43141555786133,11.845170021057129,2.632035493850708,0.57191401720047,0.3370525538921356,11.867664337158203,33.34755325317383,-2.4464449882507324,32.04470443725586,123.84709930419922,h
334.177001953125,228.0384979248047,5.179500102996826,0.013100000098347664,0.0007999999797903001,-457.9161071777344,231.4459991455078,-205.8946990966797,90.0,466.4078063964844,h
24.554689407348633,12.977781295776367,2.5037052631378174,0.6254421472549438,0.3811420202255249,-0.713482677936554,9.851797103881836,3.9588003158569336,66.47411346435547,187.6309814453125,h
146.36045837402344,32.22529602050781,3.4762613773345947,0.18828964233398438,0.11893293261528015,-197.05966186523438,16.552581787109375,21.276809692382812,50.139686584472656,170.07254028320312,h
194.16604614257812,35.555973052978516,3.1554598808288574,0.20580372214317322,0.1067705824971199,120.46674346923828,152.43955993652344,-16.10368537902832,32.39748764038086,197.86700439453125,h
7.207900047302246,228.0384979248047,1.9413000345230103,0.8912000060081482,0.6740000247955322,575.24072265625,231.4459991455078,179.8509979248047,0.0,5.74560022354126,h
62.47332763671875,29.64734649658203,3.039600372314453,0.47573989629745483,0.285925954580307,-4.250823497772217,57.930816650390625,-10.499859809875488,3.2496466636657715,270.1773986816406,h
41.05173110961914,38.53908920288086,2.6117539405822754,0.516374945640564,0.24811337888240814,-20.289819717407227,-22.451793670654297,9.790194511413574,1.0994758605957031,9.31462574005127,h
334.177001953125,228.0384979248047,5.179500102996826,0.013100000098347664,0.0007999999797903001,575.24072265625,231.4459991455078,-205.8946990966797,90.0,466.4078063964844,h
86.058349609375,28.705501556396484,3.0825490951538086,0.13363301753997803,0.0730942040681839,-77.07502746582031,-11.70945930480957,14.580341339111328,25.670974731445312,55.216461181640625,h
331.10479736328125,213.91159057617188,5.142410755157471,0.013391569256782532,0.0010723279556259513,-457.70001220703125,-329.455078125,80.79497528076172,61.87486267089844,168.45401000976562,h
334.177001953125,228.0384979248047,5.179500102996826,0.013100000098347664,0.0007999999797903001,575.24072265625,231.4459991455078,-205.8946990966797,90.0,5.74560022354126,h
334.177001953125,0.0,5.179500102996826,0.013100000098347664,0.6740000247955322,-457.9161071777344,-331.7799987792969,-205.8946990966797,90.0,5.74560022354126,h
334.177001953125,228.0384979248047,1.9413000345230103,0.013100000098347664,0.6740000247955322,-457.9161071777344,-331.7799987792969,-205.8946990966797,0.0,5.74560022354126,h
334.177001953125,228.0384979248047,5.179500102996826,0.013100000098347664,0.0007999999797903001,-457.6832580566406,-202.01966857910156,179.683349609375,90.0,409.25048828125,h
334.177001953125,228.0384979248047,1.9413000345230103,0.013100000098347664,0.6740000247955322,-457.9161071777344,-331.7799987792969,179.8509979248047,0.0,466.4078063964844,h
7.207900047302246,0.0,1.9413000345230103,0.8912000060081482,0.6740000247955322,-457.9161071777344,-331.7799987792969,-205.8946990966797,90.0,465.7427673339844,h
58.99449920654297,44.958045959472656,3.2004711627960205,0.24287357926368713,0.13351555168628693,-2.591015100479126,19.063796997070312,51.62845230102539,10.302695274353027,124.7034683227539,h
12.950109481811523,10.248334884643555,2.2413787841796875,0.7137714624404907,0.4049636125564575,16.75691032409668,16.18045997619629,-9.631957054138184,2.77337384223938,179.114013671875,h
334.177001953125,0.0,5.179500102996826,0.013100000098347664,0.0007999999797903001,-457.9161071777344,231.4459991455078,-205.8946990966797,90.0,5.74560022354126,h
334.177001953125,228.0384979248047,5.179500102996826,0.8912000060081482,0.6740000247955322,-457.9161071777344,-331.7799987792969,-205.8946990966797,90.0,466.4078063964844,h
334.177001953125,228.0384979248047,5.179500102996826,0.013100000098347664,0.0007999999797903001,575.24072265625,231.4459991455078,-205.8946990966797,90.0,5.74560022354126,h
334.177001953125,228.0384979248047,5.179500102996826,0.013100000098347664,0.0007999999797903001,575.24072265625,-331.7799987792969,-205.8946990966797,90.0,466.4078063964844,h
135.3546142578125,87.86507415771484,4.646553993225098,0.01976158283650875,0.01575133576989174,-172.9705047607422,-54.780399322509766,17.494104385375977,20.29080581665039,266.5960388183594,h
65.82913970947266,15.18769359588623,2.9319941997528076,0.2507972717285156,0.13406649231910706,1.7133197784423828,23.88886260986328,4.388283729553223,59.93701171875,262.2020568847656,h
334.177001953125,228.0384979248047,5.179500102996826,0.013100000098347664,0.0007999999797903001,575.24072265625,231.4459991455078,-205.8946990966797,90.0,466.4078063964844,h
334.177001953125,228.0384979248047,5.179500102996826,0.013100000098347664,0.0007999999797903001,-457.9161071777344,-331.7799987792969,179.8509979248047,90.0,466.4078063964844,h
334.177001953125,228.0384979248047,5.179500102996826,0.013100000098347664,0.0007999999797903001,-457.9161071777344,-331.7799987792969,-205.8946990966797,90.0,466.4078063964844,h
7.207900047302246,33.168121337890625,1.9413000345230103,0.8912000060081482,0.6058510541915894,-158.15321350097656,-331.7799987792969,169.4181671142578,0.0,5.74560022354126,h
50.03640365600586,14.431862831115723,2.8054676055908203,0.36919066309928894,0.21020279824733734,3.3850889205932617,36.640586853027344,12.347105979919434,74.69634246826172,163.7869110107422,h
76.70759582519531,26.521806716918945,3.346100330352783,0.15797501802444458,0.0923045352101326,-73.84858703613281,60.958370208740234,25.273761749267578,80.27899932861328,171.51881408691406,h
334.177001953125,228.0384979248047,5.179500102996826,0.013100000098347664,0.0007999999797903001,-457.9161071777344,-331.7799987792969,179.8509979248047,90.0,466.4078063964844,h
334.177001953125,228.0384979248047,5.179500102996826,0.013100000098347664,0.0007999999797903001,-457.9161071777344,-331.7799987792969,-205.8946990966797,90.0,466.4078063964844,h
334.177001953125,228.0384979248047,5.179500102996826,0.013100000098347664,0.0007999999797903001,-457.9161071777344,-331.7799987792969,179.8509979248047,90.0,466.4078063964844,h
19.511293411254883,95.58063507080078,1.9413000345230103,0.1977759450674057,0.1428195685148239,-457.9161071777344,-331.7799987792969,179.8509979248047,0.0,5.74560022354126,h
79.65320587158203,22.34980583190918,3.0415103435516357,0.17405937612056732,0.10153388977050781,-38.793006896972656,19.186372756958008,-11.015992164611816,38.90625762939453,196.1575164794922,h
333.7672424316406,228.0384979248047,1.9413000345230103,0.013100000098347664,0.0007999999797903001,-457.9161071777344,-331.7799987792969,179.8509979248047,0.0,5.74560022354126,h
334.177001953125,228.0384979248047,5.179500102996826,0.013100000098347664,0.0007999999797903001,-457.9161071777344,231.4459991455078,-205.8946990966797,90.0,466.4078063964844,h
35.24406051635742,23.853687286376953,3.1415212154388428,0.31930315494537354,0.17417190968990326,17.644655227661133,29.8657169342041,5.119390487670898,13.01468563079834,224.69728088378906,h
334.177001953125,228.0384979248047,5.179500102996826,0.013100000098347664,0.0007999999797903001,-457.9161071777344,-331.7799987792969,179.8509979248047,90.0,466.4078063964844,h
334.177001953125,228.0384979248047,5.179500102996826,0.013100000098347664,0.0007999999797903001,-457.9161071777344,-331.7799987792969,-205.8946990966797,90.0,466.4078063964844,h
334.177001953125,228.0384979248047,5.179500102996826,0.013100000098347664,0.0007999999797903001,575.24072265625,231.4459991455078,179.8509979248047,90.0,5.74560022354126,h
334.177001953125,228.0384979248047,5.179500102996826,0.013100000098347664,0.0007999999797903001,575.24072265625,231.4459991455078,-205.8946990966797,90.0,5.74560022354126,h
334.177001953125,228.0384979248047,1.9413000345230103,0.013100000098347664,0.6740000247955322,-457.9161071777344,-331.7799987792969,-205.8946990966797,0.0,5.74560022354126,h
7.207900047302246,0.0,5.179500102996826,0.8912000060081482,0.6740000247955322,-457.9161071777344,231.4459991455078,-205.8946990966797,90.0,466.4078063964844,h
234.27084350585938,74.54631805419922,2.970346689224243,0.31225207448005676,0.1398748755455017,-207.76951599121094,-160.80711364746094,5.614100456237793,38.75910568237305,294.1524658203125,h
334.177001953125,228.0384979248047,5.179500102996826,0.013100000098347664,0.0007999999797903001,-457.9161071777344,231.4459991455078,179.8509979248047,90.0,5.74560022354126,h
7.207900047302246,0.0,1.9413000345230103,0.8912000060081482,0.6740000247955322,-457.9161071777344,-331.7799987792969,179.8509979248047,90.0,5.74560022354126,h
334.177001953125,228.0384979248047,5.179500102996826,0.013100000098347664,0.0007999999797903001,-457.9161071777344,-331.7799987792969,179.8509979248047,90.0,466.4078063964844,h
32.240318298339844,9.384896278381348,2.5970101356506348,0.682709276676178,0.4320929944515228,5.881370544433594,-14.849881172180176,7.0644211769104,81.95891571044922,65.16184997558594,h
334.139404296875,226.17013549804688,5.179427146911621,0.01310831680893898,0.0008014382910914719,-457.8996276855469,-331.7799987792969,179.8242645263672,89.98379516601562,320.58209228515625,h
7.412661075592041,11.05668830871582,1.9413000345230103,0.6764557361602783,0.30905282497406006,22.531286239624023,-20.442886352539062,7.482375621795654,0.35244160890579224,125.8638916015625,h
334.177001953125,228.0384979248047,5.179500102996826,0.013100000098347664,0.0007999999797903001,-457.9161071777344,-331.7799987792969,179.8509979248047,90.0,5.74560022354126,h
127.12141418457031,91.45271301269531,4.146397590637207,0.15291853249073029,0.09798169881105423,-126.11714935302734,-133.2498016357422,-76.02417755126953,8.842057228088379,451.7962341308594,h
334.177001953125,228.0384979248047,5.179500102996826,0.013100000098347664,0.0007999999797903001,-457.9161071777344,-331.7799987792969,179.8509979248047,90.0,466.4078063964844,h
18.955617904663086,15.731779098510742,2.5417990684509277,0.7356870174407959,0.43710261583328247,12.378402709960938,7.5309319496154785,4.933081150054932,10.76871109008789,158.19439697265625,h
7.207900047302246,0.0,1.9413000345230103,0.8912000060081482,0.6740000247955322,-457.9161071777344,231.4459991455078,179.8509979248047,90.0,466.4078063964844,h
71.52983856201172,16.42888069152832,3.189288854598999,0.2056734561920166,0.11715702712535858,28.29610824584961,44.353904724121094,13.461182594299316,28.380393981933594,210.45281982421875,h
259.51385498046875,11.73992919921875,2.7268881797790527,0.4416695237159729,0.2609386742115021,-259.4627990722656,-276.3749084472656,-15.213943481445312,16.177764892578125,243.53221130371094,h
334.177001953125,228.0384979248047,5.179500102996826,0.013100000098347664,0.0007999999797903001,-457.9161071777344,231.4459991455078,-205.8946990966797,90.0,466.4078063964844,h
129.5775909423828,62.106773376464844,3.2325234413146973,0.12471421808004379,0.05900789052248001,21.985803604125977,-90.14881896972656,-51.74531936645508,49.28561019897461,78.65451049804688,h
26.596378326416016,12.96784782409668,2.767430543899536,0.440449059009552,0.2591591477394104,-15.574040412902832,25.000335693359375,-13.445871353149414,28.209251403808594,218.93019104003906,h
334.177001953125,228.0384979248047,1.9413000345230103,0.013100000098347664,0.6740000247955322,-457.9161071777344,-331.7799987792969,179.8509979248047,0.0,466.4078063964844,h
20.898265838623047,7.435102939605713,2.3075671195983887,0.5860515236854553,0.33948954939842224,-21.253808975219727,-12.41185188293457,4.191076278686523,38.56748962402344,227.32847595214844,h
31.270193099975586,6.4401960372924805,2.432913303375244,0.5499981641769409,0.3066820204257965,2.121934175491333,42.01250457763672,-8.096789360046387,59.37831497192383,173.79061889648438,h
334.177001953125,228.0384979248047,5.179500102996826,0.013100000098347664,0.0007999999797903001,575.24072265625,231.4459991455078,-205.8946990966797,90.0,5.74560022354126,h
334.177001953125,228.0384979248047,1.9413000345230103,0.07949540764093399,0.6740000247955322,-457.9161071777344,-331.7799987792969,179.8509979248047,0.0,5.74560022354126,h
334.177001953125,228.0384979248047,5.179500102996826,0.013100000098347664,0.0007999999797903001,-457.9161071777344,-331.7799987792969,-205.8946990966797,90.0,466.4078063964844,h
334.177001953125,228.0384979248047,5.179500102996826,0.013100000098347664,0.0007999999797903001,575.24072265625,231.4459991455078,-205.8946990966797,90.0,5.74560022354126,h
334.177001953125,228.0384979248047,5.179500102996826,0.013100000098347664,0.0007999999797903001,-457.9161071777344,-331.7799987792969,179.8509979248047,90.0,5.74560022354126,h
32.61872482299805,12.28610610961914,2.4472525119781494,0.5224562883377075,0.2798609733581543,-15.20029067993164,-20.4434871673584,-5.39658260345459,56.85702896118164,194.00360107421875,h
146.9977569580078,71.9688949584961,3.328083038330078,0.0934053286910057,0.0519106350839138,-109.09271240234375,149.1024932861328,-41.74824142456055,8.606878280639648,271.07366943359375,h
334.177001953125,228.0384979248047,1.9413000345230103,0.013100000098347664,0.6740000247955322,-457.9161071777344,-331.7799987792969,179.8509979248047,0.0,466.4078063964844,h
20.829147338867188,7.011701583862305,2.3619322776794434,0.5473482608795166,0.29137903451919556,15.743607521057129,13.161766052246094,-5.0750346183776855,49.72966384887695,195.2816162109375,h
334.177001953125,228.0384979248047,5.179500102996826,0.013100000098347664,0.0007999999797903001,-457.9161071777344,-331.7799987792969,179.8509979248047,90.0,466.4078063964844,h
334.177001953125,228.0384979248047,5.179500102996826,0.013100000098347664,0.0007999999797903001,-457.9161071777344,-331.7799987792969,-205.8946990966797,90.0,466.4078063964844,h
7.207900047302246,0.0,1.9413000345230103,0.8912000060081482,0.6740000247955322,-457.9161071777344,-331.7799987792969,179.8509979248047,0.0,5.74560022354126,h
56.77279281616211,18.151044845581055,2.8403873443603516,0.39484545588493347,0.2386099249124527,9.994369506835938,65.20917510986328,-17.38094139099121,49.4091682434082,258.26495361328125,h
20.387434005737305,16.002994537353516,2.522023916244507,0.4150349199771881,0.22442775964736938,14.137391090393066,-22.018108367919922,-9.433735847473145,88.91400909423828,181.61228942871094,h
334.177001953125,228.0384979248047,5.179500102996826,0.013100000098347664,0.0007999999797903001,-457.9161071777344,-331.7799987792969,179.8509979248047,90.0,5.74560022354126,h
52.82088851928711,25.96361541748047,3.040696144104004,0.24025852978229523,0.12872838973999023,-48.86025619506836,-30.19867706298828,-16.06100845336914,52.249820709228516,225.14488220214844,h
58.391544342041016,30.769248962402344,2.7836053371429443,0.16910482943058014,0.09628758579492569,-39.69533157348633,-6.5010199546813965,4.912408828735352,49.26372528076172,202.5406036376953,h
334.177001953125,228.0384979248047,5.179500102996826,0.013100000098347664,0.0007999999797903001,-457.9161071777344,-331.7799987792969,-205.8946990966797,90.0,466.4078063964844,h
332.6346740722656,228.0384979248047,5.179500102996826,0.013100000098347664,0.0007999999797903001,-14.826292037963867,-331.250732421875,179.8448944091797,89.99050903320312,466.143310546875,h
334.177001953125,228.0384979248047,1.9413000345230103,0.013100000098347664,0.6740000247955322,-457.9161071777344,-331.7799987792969,179.8509979248047,0.0,5.74560022354126,h
334.177001953125,228.0384979248047,5.179500102996826,0.013100000098347664,0.0007999999797903001,575.24072265625,-331.7799987792969,-205.8946990966797,90.0,5.74560022354126,h
80.89588165283203,27.62130355834961,2.7935798168182373,0.2773817181587219,0.1590643674135208,-17.170623779296875,-109.68505859375,50.7463264465332,6.072264671325684,104.36661529541016,h
334.177001953125,228.0384979248047,5.179500102996826,0.013100000098347664,0.0007999999797903001,-457.9161071777344,-331.7799987792969,179.8509979248047,90.0,5.74560022354126,h
83.84043884277344,16.733116149902344,3.0693743228912354,0.20396125316619873,0.10405692458152771,20.86692237854004,-25.852449417114258,19.817167282104492,2.2113583087921143,184.73023986816406,h
18.403404235839844,11.987777709960938,2.4371423721313477,0.6300806403160095,0.31018757820129395,6.517493724822998,-10.43824577331543,7.706352710723877,5.065467834472656,142.11395263671875,h
334.177001953125,228.0384979248047,5.179500102996826,0.013100000098347664,0.0007999999797903001,575.24072265625,231.4459991455078,-205.8946990966797,89.99995422363281,5.74560022354126,h
334.177001953125,228.0384979248047,5.179500102996826,0.013100000098347664,0.0007999999797903001,-457.9161071777344,-331.7799987792969,179.8509979248047,90.0,466.4078063964844,h
334.177001953125,228.0384979248047,1.9413000345230103,0.013100000098347664,0.0007999999797903001,-457.9161071777344,-331.7799987792969,-205.8946990966797,0.0,5.74560022354126,h
93.97019958496094,40.06669235229492,3.672722101211548,0.2094813883304596,0.1200791671872139,16.025087356567383,45.0982551574707,-6.482367038726807,13.975085258483887,299.0336608886719,h
22.421478271484375,22.265426635742188,2.300370216369629,0.40704360604286194,0.21449501812458038,-3.390885353088379,10.824872970581055,8.590904235839844,70.57099151611328,117.25777435302734,h
7.2084550857543945,13.66845989227295,1.9413000345230103,0.7975780963897705,0.42552992701530457,18.862863540649414,-26.987104415893555,16.258895874023438,0.004593088291585445,108.25899505615234,h
37.812320709228516,18.593473434448242,2.5585296154022217,0.42728039622306824,0.21958014369010925,3.165814161300659,-18.146947860717773,-7.059385299682617,55.769535064697266,55.2327880859375,h
12.835001945495605,22.557825088500977,1.9413000345230103,0.6883571743965149,0.3497166037559509,-49.111602783203125,-15.13577651977539,10.431870460510254,45.08246994018555,7.0972723960876465,h
334.177001953125,228.0384979248047,5.179500102996826,0.013100000098347664,0.0007999999797903001,-457.9161071777344,-331.7799987792969,179.8509979248047,90.0,80.57463073730469,h
19.57964515686035,10.811448097229004,2.5006792545318604,0.5895667672157288,0.4141561686992645,14.073892593383789,16.560256958007812,7.6624908447265625,6.575586318969727,204.398193359375,h
334.177001953125,228.0384979248047,5.179500102996826,0.013100000098347664,0.0007999999797903001,-457.9161071777344,-331.7799987792969,-205.8946990966797,90.0,466.4078063964844,h
23.80933380126953,8.248559951782227,2.729853391647339,0.5141043066978455,0.25181108713150024,-0.16427363455295563,18.663047790527344,-8.413827896118164,59.299129486083984,94.01070404052734,h
34.303531646728516,12.160256385803223,2.9256904125213623,0.4942165017127991,0.2776457667350769,13.977940559387207,18.790817260742188,11.003290176391602,55.41276931762695,299.02801513671875,h
334.177001953125,228.0384979248047,5.179500102996826,0.013100000098347664,0.0007999999797903001,-457.9161071777344,-331.7799987792969,179.8509979248047,90.0,466.4078063964844,h
334.1148986816406,228.0384979248047,1.9413000345230103,0.013100000098347664,0.043525855988264084,-457.9161071777344,-331.7799987792969,179.8509979248047,0.0,5.74560022354126,h
30.735172271728516,6.566765308380127,2.607104778289795,0.6124972105026245,0.42543312907218933,32.91212844848633,24.42228889465332,7.09417200088501,40.55828857421875,211.95701599121094,h
334.177001953125,228.0384979248047,1.9413000345230103,0.013100000098347664,0.6740000247955322,-457.9161071777344,-331.7799987792969,179.8509979248047,0.0,466.4078063964844,h
33.41585159301758,11.354863166809082,2.699481725692749,0.46082210540771484,0.23704063892364502,6.467654228210449,0.49274104833602905,-10.900254249572754,61.62404251098633,156.35562133789062,h
333.9514465332031,228.0384979248047,5.179500102996826,0.013100000098347664,0.0007999999797903001,-292.2874755859375,-325.30419921875,-205.8946990966797,84.49200439453125,246.2234344482422,h
334.177001953125,228.0384979248047,5.179500102996826,0.013100000098347664,0.0007999999797903001,-457.9161071777344,-331.7799987792969,179.8509979248047,90.0,466.4078063964844,h
24.46540641784668,18.934661865234375,2.4808998107910156,0.40175148844718933,0.2059849202632904,-22.935964584350586,-10.03782844543457,7.824833393096924,9.182376861572266,162.2954559326172,h
334.177001953125,228.0384979248047,5.179500102996826,0.013100000098347664,0.0007999999797903001,-457.9161071777344,231.4459991455078,-205.8946990966797,90.0,466.4078063964844,h
333.7762451171875,228.0384979248047,1.9413000345230103,0.013100000098347664,0.0007999999797903001,-457.9161071777344,-331.7799987792969,179.8509979248047,0.0,5.74560022354126,h
54.69542694091797,9.71700668334961,3.4390923976898193,0.22114819288253784,0.10522561520338058,-2.073070764541626,27.042442321777344,9.888750076293945,66.8399429321289,260.5950622558594,h
20.883373260498047,17.06732940673828,2.5408129692077637,0.5535560250282288,0.3020099699497223,9.594246864318848,12.427478790283203,12.87212085723877,18.272846221923828,107.32864379882812,h
162.98802185058594,107.29473114013672,4.0579423904418945,0.09943622350692749,0.07144050300121307,-43.079261779785156,-155.8415985107422,-177.95977783203125,49.188602447509766,388.26995849609375,h
20.51725196838379,4.741498947143555,1.9568555355072021,0.6282600164413452,0.34066638350486755,-26.570556640625,-10.780959129333496,-5.926158905029297,67.94674682617188,70.08988952636719,h
334.177001953125,228.0384979248047,5.179500102996826,0.013100000098347664,0.0007999999797903001,-457.9161071777344,-331.7799987792969,-205.8946990966797,90.0,466.4078063964844,h
20.617393493652344,8.747081756591797,2.588292360305786,0.5997214913368225,0.4663037955760956,8.176529884338379,13.983323097229004,-8.534564971923828,23.05124855041504,122.47554779052734,h
23.771934509277344,228.0384979248047,1.9413000345230103,0.013445397838950157,0.0024854112416505814,-457.9161071777344,-331.7799987792969,179.8509979248047,0.0,5.74560022354126,h
19.469995498657227,15.785032272338867,2.303997755050659,0.4796615540981293,0.3940223753452301,-0.8422955274581909,19.26915168762207,-9.180601119995117,20.6192626953125,222.93515014648438,h
23.121814727783203,15.726287841796875,2.5071446895599365,0.3703235983848572,0.20924535393714905,7.814693450927734,2.7937722206115723,-3.2986204624176025,37.57685089111328,170.01116943359375,h
115.19970703125,77.12724304199219,3.586961507797241,0.10280434042215347,0.05989305302500725,-8.436722755432129,92.5284194946289,-105.83213806152344,16.406822204589844,80.23211669921875,h
43.754356384277344,6.570609092712402,2.322155475616455,0.6303427219390869,0.33845099806785583,9.672593116760254,34.5208625793457,-4.369017601013184,39.61194610595703,208.61489868164062,h
334.177001953125,228.0384979248047,5.179500102996826,0.013100000098347664,0.0007999999797903001,-457.9161071777344,-331.7799987792969,179.8509979248047,90.0,5.74560022354126,h
29.193960189819336,14.58784294128418,2.6572988033294678,0.3478993773460388,0.22804583609104156,-8.032407760620117,-31.193571090698242,4.015048503875732,60.83000946044922,252.61195373535156,h
16.93755531311035,12.012062072753906,2.4408786296844482,0.6288148164749146,0.33959877490997314,-16.44648551940918,-8.838055610656738,7.952215194702148,89.21651458740234,194.08206176757812,h
44.12334060668945,14.887711524963379,2.6099791526794434,0.4373890161514282,0.228250190615654,25.965423583984375,16.80298614501953,2.3736119270324707,2.5942606925964355,206.25238037109375,h
334.177001953125,228.0384979248047,5.179500102996826,0.013100000098347664,0.0007999999797903001,575.24072265625,231.4459991455078,-205.8946990966797,90.0,5.74560022354126,h
334.177001953125,228.0384979248047,5.179500102996826,0.013100000098347664,0.0007999999797903001,575.24072265625,231.4459991455078,-205.8946990966797,90.0,5.74560022354126,h
12.987176895141602,16.373308181762695,1.9413000345230103,0.821590006351471,0.49267521500587463,21.885725021362305,15.850358963012695,27.122394561767578,0.7179604768753052,10.409761428833008,h
70.78092193603516,20.36111831665039,2.789710283279419,0.4166480004787445,0.21617035567760468,42.88108825683594,36.052276611328125,11.667057991027832,84.53292846679688,263.5057373046875,h
19.863445281982422,9.783446311950684,2.224698543548584,0.651685357093811,0.36694133281707764,13.46078872680664,-14.260774612426758,8.373289108276367,54.734825134277344,196.86622619628906,h
334.177001953125,228.0384979248047,5.179500102996826,0.013100000098347664,0.0007999999797903001,575.24072265625,231.4459991455078,-205.8946990966797,90.0,5.74560022354126,h
334.177001953125,228.0384979248047,5.179500102996826,0.013100000098347664,0.0007999999797903001,-457.9161071777344,-331.7799987792969,179.8509979248047,90.0,466.4078063964844,h
61.04491424560547,27.37540626525879,2.7092700004577637,0.3651011884212494,0.20051079988479614,4.702310562133789,-17.487672805786133,-9.128775596618652,43.972023010253906,280.24951171875,h
334.177001953125,228.0384979248047,5.179500102996826,0.013100000098347664,0.0007999999797903001,575.24072265625,231.4459991455078,179.8509979248047,0.0,5.74560022354126,h
19.736820220947266,10.775607109069824,2.4898927211761475,0.6041427254676819,0.34275010228157043,-10.125085830688477,-7.000101089477539,13.841835021972656,81.38426971435547,152.0628204345703,h
35.42129135131836,9.912825584411621,2.4028239250183105,0.41668403148651123,0.22764304280281067,7.362478733062744,7.174686908721924,6.794876575469971,70.29830169677734,60.791263580322266,h
48.70942687988281,23.623207092285156,2.9192075729370117,0.3706437051296234,0.23686480522155762,11.970295906066895,60.38511276245117,25.492122650146484,9.795013427734375,240.52296447753906,h
334.177001953125,228.0384979248047,5.179500102996826,0.013100000098347664,0.0007999999797903001,-457.9161071777344,-331.7799987792969,179.8509979248047,90.0,466.4078063964844,h
334.177001953125,228.0384979248047,1.9413000345230103,0.013100000098347664,0.0010703979060053825,-457.9161071777344,-331.7799987792969,179.8509979248047,0.0,5.74560022354126,h
25.552356719970703,228.0384979248047,1.9413000345230103,0.8912000060081482,0.6740000247955322,-457.9161071777344,-331.7799987792969,179.8509979248047,0.0,5.74560022354126,h
334.177001953125,228.0384979248047,5.179500102996826,0.013100000098347664,0.0007999999797903001,-457.9161071777344,-331.7799987792969,-205.8946990966797,90.0,466.4078063964844,h
83.74365997314453,18.10140609741211,3.1545355319976807,0.3018457889556885,0.1799660623073578,17.758567810058594,32.17831802368164,8.045843124389648,7.841930866241455,300.9156494140625,h
18.948471069335938,8.946256637573242,2.111517906188965,0.7345756888389587,0.39586392045021057,15.473771095275879,12.190678596496582,9.626696586608887,15.286800384521484,77.81425476074219,h
334.177001953125,228.0384979248047,1.9413000345230103,0.013100000098347664,0.6740000247955322,-457.9161071777344,-331.7799987792969,-205.8946990966797,0.0,5.74560022354126,h
334.177001953125,228.0384979248047,1.9413000345230103,0.013100000098347664,0.6740000247955322,-457.9161071777344,-331.7799987792969,-205.8946990966797,0.0,5.74560022354126,h
334.177001953125,228.0384979248047,5.179500102996826,0.013100000098347664,0.0007999999797903001,575.24072265625,231.4459991455078,-205.8946990966797,90.0,5.74560022354126,h
16.68423843383789,11.35672378540039,1.9413000345230103,0.3562707006931305,0.1839679628610611,-457.9161071777344,-331.7799987792969,179.5904541015625,0.0,5.7530622482299805,h
60.01544952392578,228.0384979248047,1.9413000345230103,0.013100000098347664,0.0007999999797903001,-457.9161071777344,-331.7799987792969,179.8509979248047,0.0,5.74560022354126,h
17.9248104095459,10.144354820251465,2.430974245071411,0.6578238010406494,0.37234294414520264,5.4026336669921875,1.8438589572906494,10.27619457244873,56.5744743347168,65.03506469726562,h
76.55435943603516,26.29779624938965,3.639186382293701,0.20539119839668274,0.10378839820623398,11.508285522460938,6.174046516418457,17.43597984313965,43.64957809448242,166.75234985351562,h
334.177001953125,228.0384979248047,1.9413000345230103,0.013100000098347664,0.6740000247955322,-457.9161071777344,-331.7799987792969,-205.8946990966797,0.0,5.74560022354126,h
334.177001953125,228.0384979248047,5.179500102996826,0.013100000098347664,0.0007999999797903001,575.24072265625,-331.7799987792969,-205.8946990966797,90.0,466.4078063964844,h
32.3178825378418,7.183281898498535,2.4765846729278564,0.576994776725769,0.31997308135032654,1.186815857887268,16.74946403503418,-8.480997085571289,12.077336311340332,187.90545654296875,h
150.5281982421875,52.22718811035156,3.2194342613220215,0.17593011260032654,0.1052725538611412,-61.354957580566406,-178.8231658935547,-56.61515426635742,21.564640045166016,257.46429443359375,h
23.685144424438477,0.0,2.3086650371551514,0.7818455696105957,0.44558951258659363,10.165114402770996,-29.847230911254883,-6.356400489807129,72.78438568115234,251.73748779296875,h
334.177001953125,228.0384979248047,1.9413000345230103,0.013100000098347664,0.6740000247955322,-457.9161071777344,-331.7799987792969,-205.8946990966797,0.0,5.74560022354126,h
25.22409439086914,7.525497913360596,2.277103900909424,0.6687978506088257,0.40322306752204895,-15.895050048828125,16.852890014648438,-8.107868194580078,32.817440032958984,98.87704467773438,h
334.177001953125,228.0384979248047,1.9413000345230103,0.013100000098347664,0.6740000247955322,-457.9161071777344,-331.7799987792969,179.8509979248047,0.0,5.74560022354126,h
25.05060386657715,17.78606605529785,2.49444317817688,0.46111056208610535,0.2490781545639038,7.267043113708496,-14.586970329284668,9.339341163635254,6.809755325317383,186.62022399902344,h
38.016815185546875,13.209172248840332,2.7688486576080322,0.32019591331481934,0.1563887596130371,25.110376358032227,46.74821090698242,8.803377151489258,3.2430880069732666,231.21865844726562,h
334.177001953125,228.0384979248047,5.179500102996826,0.013100000098347664,0.0007999999797903001,-457.9161071777344,231.4459991455078,-205.8946990966797,90.0,466.4078063964844,h
334.177001953125,228.0384979248047,1.9413000345230103,0.013100000098347664,0.2249917984008789,-457.9161071777344,-331.7799987792969,179.8509979248047,0.0,5.74560022354126,h
173.35971069335938,53.922332763671875,3.371511459350586,0.1724228411912918,0.09104105085134506,-101.45913696289062,-129.66160583496094,21.317323684692383,13.96008586883545,187.69781494140625,h
334.177001953125,228.0384979248047,5.179500102996826,0.013100000098347664,0.0007999999797903001,575.24072265625,231.4459991455078,-205.8946990966797,90.0,466.4078063964844,h
39.32451629638672,14.636383056640625,2.6096694469451904,0.35716408491134644,0.19535262882709503,13.916342735290527,-17.77273178100586,-5.896505832672119,88.44525146484375,222.91970825195312,h
56.136016845703125,6.827023983001709,2.532092809677124,0.4794413149356842,0.26281118392944336,30.892467498779297,34.89630126953125,5.542397499084473,4.693059921264648,151.8009490966797,h
334.177001953125,228.0384979248047,1.9413000345230103,0.013100000098347664,0.6740000247955322,-457.9161071777344,-331.7799987792969,179.8509979248047,0.0,5.74560022354126,h
205.46041870117188,57.23976516723633,3.4793498516082764,0.3515065014362335,0.2331666797399521,-139.33856201171875,-119.3897476196289,8.675413131713867,3.3960628509521484,463.0404357910156,h
83.74452209472656,25.597251892089844,3.2792561054229736,0.21998564898967743,0.10268950462341309,-2.771057367324829,32.196537017822266,-7.520285129547119,9.290410041809082,229.1157684326172,h
334.177001953125,228.0384979248047,5.179500102996826,0.013100000098347664,0.0007999999797903001,-457.9161071777344,-331.7799987792969,-205.8946990966797,90.0,5.74560022354126,h
334.177001953125,228.0384979248047,1.9413000345230103,0.8912000060081482,0.6740000247955322,-457.9161071777344,-331.7799987792969,179.8509979248047,0.0,466.4078063964844,h
157.87786865234375,95.57227325439453,4.41323184967041,0.0826156958937645,0.05430622398853302,-193.14132690429688,-174.6313934326172,72.38105773925781,40.34130096435547,296.18548583984375,h
37.215797424316406,7.458841323852539,2.9109232425689697,0.37663137912750244,0.187233567237854,24.471437454223633,22.224834442138672,-12.014307975769043,32.865997314453125,148.9334259033203,h
320.4145812988281,162.2389678955078,5.175112247467041,0.015277540311217308,0.0013414669083431363,-455.1650390625,-325.2099304199219,73.57697296142578,53.28447723388672,363.6723327636719,h
32.089298248291016,13.366772651672363,2.701153516769409,0.5490424036979675,0.35073575377464294,32.62360382080078,24.907163619995117,-13.333852767944336,26.595861434936523,207.53094482421875,h
12.778729438781738,8.999739646911621,2.154672145843506,0.7079551815986633,0.46818840503692627,11.305561065673828,11.29318904876709,-9.192079544067383,4.738574981689453,190.41395568847656,h
334.177001953125,228.0384979248047,5.179500102996826,0.013100000098347664,0.0007999999797903001,-457.9161071777344,231.4459991455078,-205.8946990966797,90.0,5.74560022354126,h
334.177001953125,228.0384979248047,5.179500102996826,0.013100000098347664,0.0007999999797903001,-457.9161071777344,-331.7799987792969,-205.8946990966797,90.0,466.4078063964844,h
104.4980697631836,75.22225952148438,3.5007238388061523,0.20515835285186768,0.09231975674629211,32.02050018310547,-1.5042742490768433,31.846187591552734,5.844198703765869,343.4460754394531,h
334.177001953125,228.0384979248047,5.179500102996826,0.013100000098347664,0.0007999999797903001,575.24072265625,231.4459991455078,179.8509979248047,90.0,5.74560022354126,h
40.96542739868164,16.694528579711914,2.9315521717071533,0.3310776650905609,0.16431953012943268,11.88051700592041,39.62412643432617,14.926624298095703,79.9529037475586,189.8635711669922,h
334.177001953125,228.0384979248047,5.179500102996826,0.013100000098347664,0.0007999999797903001,575.24072265625,231.4459991455078,-205.8946990966797,90.0,5.74560022354126,h
334.177001953125,228.0384979248047,5.179500102996826,0.013100000098347664,0.0007999999797903001,575.24072265625,231.4459991455078,-205.8946990966797,90.0,5.74560022354126,h
334.177001953125,228.0384979248047,5.179500102996826,0.013100000098347664,0.0007999999797903001,-457.9161071777344,-331.7799987792969,-205.8946990966797,90.0,466.4078063964844,h
334.177001953125,228.0384979248047,5.179500102996826,0.013100000098347664,0.0007999999797903001,575.24072265625,231.4459991455078,179.8509979248047,90.0,5.74560022354126,h
28.228961944580078,6.420298099517822,2.5384154319763184,0.6346662044525146,0.36057066917419434,21.18887710571289,21.57223892211914,-3.958953380584717,20.84318733215332,217.9535675048828,h
27.818254470825195,6.754596710205078,2.213700771331787,0.7137197852134705,0.48738858103752136,27.158708572387695,12.297432899475098,-6.525875091552734,68.38343811035156,112.80962371826172,h
13.277673721313477,10.28970718383789,2.4713687896728516,0.8429383635520935,0.5674682855606079,10.019330024719238,8.240446090698242,-17.620180130004883,66.59862518310547,181.50936889648438,h
334.177001953125,228.0384979248047,5.179500102996826,0.013100000098347664,0.0007999999797903001,575.24072265625,231.4459991455078,179.8509979248047,90.0,5.74560022354126,h
334.177001953125,228.0384979248047,5.179500102996826,0.013100000098347664,0.6740000247955322,575.24072265625,-331.7799987792969,-205.8946990966797,0.0,5.74560022354126,h
334.177001953125,228.0384979248047,5.179500102996826,0.013100000098347664,0.0007999999797903001,575.24072265625,231.4459991455078,179.8509979248047,90.0,5.74560022354126,h
334.177001953125,228.0384979248047,5.179500102996826,0.013100000098347664,0.0007999999797903001,-457.9161071777344,-331.7799987792969,179.8509979248047,90.0,466.4078063964844,h
334.177001953125,228.0384979248047,5.179500102996826,0.013100000098347664,0.0007999999797903001,-457.9161071777344,-331.7799987792969,-205.8946990966797,90.0,466.4078063964844,h
53.120670318603516,10.908207893371582,2.8246824741363525,0.2860923409461975,0.16051271557807922,23.07260513305664,38.780517578125,4.79396390914917,37.791015625,199.6332550048828,h
334.177001953125,228.0384979248047,5.179500102996826,0.013100000098347664,0.0007999999797903001,-457.9161071777344,-331.7799987792969,179.8509979248047,90.0,466.4078063964844,h
26.417964935302734,11.43574047088623,2.5604398250579834,0.36897194385528564,0.2175002247095108,7.367456436157227,-7.962305545806885,11.415703773498535,82.6975326538086,227.16835021972656,h
7.207900047302246,0.0,1.9413000345230103,0.8912000060081482,0.6740000247955322,-457.9161071777344,-331.7799987792969,179.8509979248047,0.0,466.4078063964844,h
334.177001953125,228.0384979248047,1.9413000345230103,0.013100000098347664,0.0008027224102988839,-457.9161071777344,-331.7799987792969,179.8509979248047,0.0,5.74560022354126,h
334.177001953125,15.41332721710205,5.179500102996826,0.8912000060081482,0.6740000247955322,575.24072265625,231.4459991455078,179.8509979248047,90.0,5.74560022354126,h
31.49665641784668,6.232893466949463,2.331519365310669,0.5320863723754883,0.3249589204788208,14.446059226989746,15.516948699951172,-5.258945941925049,68.73789978027344,95.24944305419922,h
334.177001953125,228.0384979248047,5.179500102996826,0.013100000098347664,0.0007999999797903001,575.24072265625,231.4459991455078,-205.8946990966797,90.0,5.74560022354126,h
71.61161804199219,14.086105346679688,2.677805185317993,0.4692515730857849,0.3004455864429474,19.05854606628418,-50.212337493896484,5.4903645515441895,13.398423194885254,101.15547943115234,h
82.3614730834961,30.408615112304688,3.5424039363861084,0.17309485375881195,0.09291230887174606,14.346395492553711,71.58830261230469,7.479620456695557,51.56689453125,322.3751220703125,h
51.29045104980469,19.741884231567383,2.8489928245544434,0.22273559868335724,0.10229327529668808,110.01226806640625,-9.553823471069336,-10.931513786315918,83.85383605957031,85.78570556640625,h
334.177001953125,228.0384979248047,5.179500102996826,0.013100000098347664,0.6740000247955322,-457.9161071777344,-331.7799987792969,-205.8946990966797,90.0,5.74560022354126,h
82.24803924560547,31.092784881591797,3.476186990737915,0.15106159448623657,0.09058696776628494,5.341532230377197,-19.721256256103516,-13.554587364196777,55.48613357543945,49.45842361450195,h
334.177001953125,228.0384979248047,5.179500102996826,0.013100000098347664,0.0007999999797903001,-457.9161071777344,-331.7799987792969,179.8509979248047,90.0,92.01943969726562,h
7.207900047302246,0.0,1.9413000345230103,0.8912000060081482,0.6740000247955322,575.24072265625,231.4459991455078,179.8509979248047,90.0,5.74560022354126,h
334.177001953125,228.0384979248047,5.179500102996826,0.013100000098347664,0.0007999999797903001,-457.9161071777344,-331.7799987792969,179.8509979248047,90.0,466.4078063964844,h
334.177001953125,228.0384979248047,5.179500102996826,0.013100000098347664,0.0007999999797903001,575.24072265625,231.4459991455078,-205.8946990966797,90.0,5.74560022354126,h
334.177001953125,228.0384979248047,5.179500102996826,0.013100000098347664,0.0007999999797903001,-457.9161071777344,231.4459991455078,-205.8946990966797,90.0,5.74560022354126,h
334.177001953125,228.0384979248047,5.179500102996826,0.013100000098347664,0.0007999999797903001,-457.9161071777344,-331.7799987792969,-205.8946990966797,90.0,5.74560022354126,h
212.65829467773438,108.11613464355469,3.797459125518799,0.11664155125617981,0.05036008730530739,-323.06500244140625,66.86968994140625,-63.19660949707031,22.8494930267334,264.9997253417969,h
20.132158279418945,7.428094863891602,2.156562328338623,0.5787689685821533,0.33360686898231506,6.921360015869141,0.5519031882286072,-9.936800003051758,80.49520111083984,215.5853729248047,h
334.177001953125,228.0384979248047,5.179500102996826,0.013100000098347664,0.0007999999797903001,-457.9161071777344,-331.7799987792969,179.8509979248047,90.0,5.74560022354126,h
11.8712158203125,11.04714584350586,2.539992094039917,0.43194088339805603,0.2175562083721161,6.524975299835205,12.3943452835083,-10.281638145446777,39.149253845214844,27.36885643005371,h
7.207900047302246,228.0384979248047,1.9413000345230103,0.8912000060081482,0.6740000247955322,575.24072265625,231.4459991455078,179.8509979248047,0.0,5.74560022354126,h
84.02652740478516,17.987049102783203,3.238924264907837,0.2301282286643982,0.1740870475769043,-16.908348083496094,62.606590270996094,14.696391105651855,81.16299438476562,142.73353576660156,h
12.498583793640137,9.39455795288086,2.261981964111328,0.7706961035728455,0.5457414984703064,-28.226526260375977,2.3210041522979736,9.29891586303711,71.1333999633789,81.21834564208984,h
58.41025924682617,26.929672241210938,3.299170732498169,0.15972740948200226,0.08589497953653336,11.58745002746582,16.344757080078125,-17.167909622192383,33.05691146850586,54.450069427490234,h
104.03577423095703,94.01368713378906,3.478630304336548,0.16861465573310852,0.11067385226488113,34.18877410888672,63.51768493652344,-81.73011779785156,8.443941116333008,300.3844299316406,h
145.52951049804688,52.76518249511719,3.566324472427368,0.17275545001029968,0.1090255007147789,-202.1580352783203,-134.6143798828125,-26.872758865356445,18.78128433227539,272.9432373046875,h
46.52546691894531,16.99559211730957,2.6009109020233154,0.40755128860473633,0.21331974864006042,43.382083892822266,48.75731658935547,-9.967970848083496,87.31649780273438,177.8115234375,h
334.177001953125,228.0384979248047,5.179500102996826,0.013100000098347664,0.0007999999797903001,-457.9161071777344,231.4459991455078,179.8509979248047,89.99993896484375,5.74560022354126,h
334.177001953125,228.0384979248047,5.179500102996826,0.013100000098347664,0.0007999999797903001,575.24072265625,231.4459991455078,-205.8946990966797,90.0,5.74560022354126,h
20.574310302734375,12.497038841247559,2.542567014694214,0.5977306365966797,0.3525398075580597,2.500356435775757,16.326351165771484,8.328065872192383,84.21165466308594,47.247711181640625,h
9.696011543273926,12.760242462158203,2.290682315826416,0.6368393301963806,0.2779809236526489,5.414748668670654,8.690162658691406,-12.125215530395508,20.37796401977539,178.9555206298828,h
334.177001953125,228.0384979248047,5.179500102996826,0.013100000098347664,0.0007999999797903001,575.24072265625,231.4459991455078,179.8509979248047,90.0,5.74560022354126,h
7.210345268249512,81.99284362792969,1.9413000345230103,0.410545289516449,0.21298785507678986,-289.6399841308594,-329.6927795410156,176.332275390625,0.0,5.74560022354126,h
9.378763198852539,19.3743839263916,1.9413000345230103,0.718839168548584,0.31041088700294495,-15.204017639160156,-15.086639404296875,16.82573699951172,0.07424479722976685,217.53543090820312,h
334.177001953125,228.0384979248047,1.9413000345230103,0.013100000098347664,0.6740000247955322,-457.9161071777344,-331.7799987792969,179.8509979248047,0.0,5.960443019866943,h
101.2701644897461,57.00971603393555,3.4538376331329346,0.22012068331241608,0.1105061024427414,-64.32768249511719,-23.249797821044922,22.833045959472656,9.132316589355469,339.45562744140625,h
334.177001953125,228.0384979248047,5.179500102996826,0.013100000098347664,0.0007999999797903001,-457.9161071777344,-331.7799987792969,-205.8946990966797,90.0,466.4078063964844,h
41.81794357299805,18.3233585357666,2.646383762359619,0.3136323094367981,0.1638137847185135,16.83454132080078,40.33229064941406,1.4058692455291748,73.25556182861328,128.54498291015625,h
334.177001953125,228.0384979248047,5.179500102996826,0.013100000098347664,0.0007999999797903001,575.24072265625,231.4459991455078,-205.8946990966797,90.0,466.4078063964844,h
334.177001953125,228.0384979248047,5.179500102996826,0.013100000098347664,0.0007999999797903001,-457.9161071777344,-331.7799987792969,179.8509979248047,90.0,466.4078063964844,h
22.561525344848633,0.0032323342747986317,2.044520616531372,0.8612911701202393,0.5594914555549622,2.0893795490264893,20.453903198242188,11.367097854614258,0.16937889158725739,100.66902923583984,h
50.22766876220703,20.08584976196289,3.0765435695648193,0.21735692024230957,0.12820221483707428,-69.37063598632812,9.368494987487793,0.12476123124361038,59.496212005615234,32.235687255859375,h
7.207900047302246,0.0,1.9413000345230103,0.8912000060081482,0.6499860286712646,-457.9161071777344,-331.7799987792969,179.84654235839844,0.0,5.770339488983154,h
334.177001953125,228.0384979248047,1.9413000345230103,0.8912000060081482,0.6740000247955322,-457.9161071777344,-331.7799987792969,-205.8946990966797,0.0,5.74560022354126,h
334.177001953125,228.0384979248047,5.179500102996826,0.013100000098347664,0.0007999999797903001,575.24072265625,231.4459991455078,-205.8946990966797,90.0,461.04425048828125,h
334.177001953125,228.0384979248047,5.179500102996826,0.013100000098347664,0.0007999999797903001,575.24072265625,231.4459991455078,-205.8946990966797,90.0,5.74560022354126,h
19.2431697845459,22.73978614807129,1.9415392875671387,0.8885163068771362,0.6453360915184021,-10.824028015136719,17.333223342895508,15.536811828613281,0.0,27.333911895751953,h
7.207900047302246,228.0384979248047,1.9413000345230103,0.8912000060081482,0.6740000247955322,-457.9161071777344,-331.7799987792969,179.8509979248047,0.0,466.4078063964844,h
142.52621459960938,97.85457611083984,4.818761825561523,0.02393147721886635,0.007367793470621109,-226.79617309570312,-13.201699256896973,-99.05561065673828,50.42638397216797,274.9935607910156,h
334.177001953125,228.0384979248047,5.179500102996826,0.013100000098347664,0.0007999999797903001,-457.9161071777344,-331.7799987792969,179.8509979248047,90.0,5.74560022354126,h
334.177001953125,228.0384979248047,1.9413000345230103,0.013100000098347664,0.0007999999797903001,-457.9161071777344,-331.7799987792969,-205.8946990966797,0.0,5.74560022354126,h
334.177001953125,228.0384979248047,1.9413000345230103,0.013100000098347664,0.6740000247955322,-457.9161071777344,-331.7799987792969,179.8509979248047,0.0,5.74560022354126,h
7.207900047302246,0.0,5.179500102996826,0.8912000060081482,0.6740000247955322,-457.9161071777344,-331.7799987792969,179.8509979248047,90.0,5.74560022354126,h
17.21717071533203,7.362856864929199,2.1993954181671143,0.7269152402877808,0.30200067162513733,5.4048638343811035,1.397053837776184,3.1493539810180664,82.15912628173828,195.77325439453125,h
84.41152954101562,28.799123764038086,3.040050983428955,0.19670945405960083,0.10991130769252777,-27.65190315246582,55.594627380371094,12.710357666015625,89.88002014160156,133.10874938964844,h
75.48180389404297,70.8089828491211,3.685138702392578,0.145931214094162,0.09459377080202103,-9.246819496154785,-68.08755493164062,-26.850069046020508,15.70175838470459,328.5561218261719,h
41.6435661315918,15.677522659301758,2.6919848918914795,0.3703448176383972,0.2204076647758484,-10.702892303466797,46.11750793457031,-15.39342212677002,36.827659606933594,212.3334503173828,h
334.177001953125,228.0384979248047,5.179500102996826,0.013100000098347664,0.0007999999797903001,-457.9161071777344,-331.7799987792969,179.8509979248047,90.0,466.4078063964844,h
31.761089324951172,7.406947612762451,2.7349066734313965,0.7068813443183899,0.4140256941318512,-2.6046392917633057,-19.745454788208008,9.739986419677734,88.45153045654297,12.284341812133789,h
226.0946044921875,104.74213409423828,4.050656318664551,0.0741758942604065,0.0308245662599802,-191.7022247314453,-175.31640625,68.89620971679688,73.60697937011719,174.709228515625,h
19.84990692138672,11.517631530761719,2.4889538288116455,0.4509340524673462,0.26313674449920654,-13.506193161010742,15.577059745788574,4.452883243560791,20.837614059448242,98.65934753417969,h
74.34048461914062,24.41670036315918,2.8596439361572266,0.26327288150787354,0.15181399881839752,13.31985855102539,31.372268676757812,8.864764213562012,29.887001037597656,244.41172790527344,h
334.177001953125,228.0384979248047,5.179500102996826,0.013100000098347664,0.0007999999797903001,-457.9161071777344,-331.7799987792969,179.8509979248047,90.0,466.4078063964844,h
334.177001953125,228.0384979248047,5.179500102996826,0.013100000098347664,0.0007999999797903001,-457.9161071777344,-331.7799987792969,-205.8946990966797,90.0,466.4078063964844,h
52.99516296386719,14.214486122131348,2.6567370891571045,0.39327648282051086,0.21584700047969818,-2.722425937652588,-10.079188346862793,-11.808283805847168,15.083379745483398,71.7838363647461,h
49.77497863769531,23.772903442382812,2.949209213256836,0.3298727869987488,0.16903367638587952,51.976680755615234,44.576297760009766,-9.775336265563965,7.421465873718262,167.71043395996094,h
334.177001953125,0.0,5.179500102996826,0.013100000098347664,0.6740000247955322,-457.9161071777344,-331.7799987792969,-205.8946990966797,90.0,5.74560022354126,h
334.177001953125,228.0384979248047,1.9413000345230103,0.8912000060081482,0.6740000247955322,-457.9161071777344,-331.7799987792969,179.8509979248047,0.0,5.74560022354126,h
40.3284797668457,17.470449447631836,2.745846748352051,0.2938089966773987,0.1447315365076065,9.189120292663574,-9.111601829528809,-1.115679383277893,31.260074615478516,138.1899871826172,h
44.12594985961914,53.98539352416992,3.2914743423461914,0.16575326025485992,0.10536684095859528,19.248159408569336,-43.32861328125,28.180875778198242,43.388092041015625,299.3027648925781,h
334.177001953125,228.0384979248047,5.179500102996826,0.013100000098347664,0.0007999999797903001,575.24072265625,-218.75416564941406,179.8509979248047,90.0,466.4078063964844,h
20.413558959960938,10.224161148071289,2.5516717433929443,0.4411143958568573,0.2505713105201721,-23.386703491210938,18.559341430664062,-11.342780113220215,33.3022346496582,253.6103515625,h
66.06399536132812,11.66765022277832,2.666198492050171,0.3016299605369568,0.15967433154582977,-58.0399055480957,61.660213470458984,9.021231651306152,18.395366668701172,252.02772521972656,h
26.61257553100586,24.18918228149414,2.5814576148986816,0.4368930160999298,0.26309067010879517,-6.192210674285889,-15.566848754882812,21.909317016601562,1.4812933206558228,103.14632415771484,h
7.237363815307617,21.00071144104004,1.9413000345230103,0.38609227538108826,0.18892574310302734,-57.386905670166016,-173.67684936523438,65.75267028808594,0.0,5.759127140045166,h
31.128761291503906,12.056812286376953,2.672045946121216,0.3859047591686249,0.26553311944007874,11.497001647949219,14.1836576461792,7.605022430419922,61.15331268310547,194.3745574951172,h
33.25817108154297,20.24303436279297,2.6311721801757812,0.3256302773952484,0.18874801695346832,-15.139686584472656,24.43014144897461,9.409638404846191,4.749612808227539,275.3915710449219,h
24.453723907470703,10.43970775604248,2.404116630554199,0.388411283493042,0.3029121160507202,27.01239776611328,20.046083450317383,11.394465446472168,5.071642875671387,208.73545837402344,h
29.44742202758789,15.096856117248535,2.7897233963012695,0.3230215609073639,0.15583516657352448,25.514925003051758,-23.56627082824707,8.200277328491211,81.68103790283203,173.43431091308594,h
334.177001953125,228.0384979248047,5.179500102996826,0.013100000098347664,0.0007999999797903001,-457.9161071777344,-331.7799987792969,-205.8946990966797,90.0,466.4078063964844,h
334.177001953125,228.0384979248047,5.179500102996826,0.013100000098347664,0.0007999999797903001,-457.9161071777344,-331.7799987792969,179.8509979248047,90.0,5.74560022354126,h
44.825523376464844,8.412166595458984,2.621497392654419,0.43469536304473877,0.2479771226644516,2.677952766418457,11.315299987792969,-9.841344833374023,19.466920852661133,83.91067504882812,h
334.177001953125,228.0384979248047,5.179500102996826,0.013100000098347664,0.0007999999797903001,575.24072265625,231.4459991455078,-205.8946990966797,90.0,465.2080383300781,h
80.72161865234375,21.363603591918945,3.02408766746521,0.2318512350320816,0.14675413072109222,-27.843154907226562,-39.068572998046875,14.19179630279541,89.99130249023438,158.8275146484375,h
87.7366714477539,59.196903228759766,3.7175114154815674,0.16849827766418457,0.06749481707811356,-177.92396545410156,-57.70412063598633,22.079017639160156,24.87663459777832,372.6340026855469,h
334.177001953125,228.0384979248047,5.179500102996826,0.013100000098347664,0.0007999999797903001,575.191162109375,13.694942474365234,168.0841522216797,90.0,466.4078063964844,h
334.1506652832031,228.0384979248047,5.179500102996826,0.013100000098347664,0.0007999999797903001,-457.8831787109375,-324.2687683105469,179.8509979248047,90.0,465.0404968261719,h
20.634967803955078,6.824366092681885,2.205336332321167,0.7455962896347046,0.38877132534980774,-19.157554626464844,-14.308855056762695,-7.541096210479736,24.53959083557129,217.6816864013672,h
161.16064453125,55.59795379638672,3.207418918609619,0.17988167703151703,0.10919694602489471,-140.69082641601562,-174.0111541748047,-62.39634323120117,34.24940872192383,219.28465270996094,h
23.374774932861328,0.0010785942431539297,2.2855141162872314,0.5331816673278809,0.340692937374115,-27.5118408203125,-14.79448127746582,-9.832115173339844,60.65928649902344,173.45260620117188,h
334.177001953125,228.0384979248047,5.179500102996826,0.013100000098347664,0.0007999999797903001,575.24072265625,231.4459991455078,-205.8946990966797,90.0,5.74560022354126,h
64.67505645751953,13.897019386291504,3.354731798171997,0.21420885622501373,0.11062009632587433,64.11808776855469,27.555919647216797,8.770980834960938,31.59067726135254,173.6584014892578,h
334.177001953125,228.0384979248047,5.179500102996826,0.013100000098347664,0.0007999999797903001,575.24072265625,231.4459991455078,-205.8946990966797,90.0,5.74560022354126,h
101.95356750488281,36.015625,3.7348408699035645,0.10690934956073761,0.06468814611434937,-239.14599609375,63.99880599975586,23.49977684020996,43.34235763549805,165.4355010986328,h
42.94364929199219,7.370262145996094,2.558441162109375,0.41140076518058777,0.22738327085971832,29.073270797729492,50.56816482543945,-2.6431236267089844,89.72919464111328,182.02720642089844,h
51.31169509887695,20.690876007080078,2.985806941986084,0.3129156529903412,0.15743646025657654,2.5609290599823,14.827238082885742,9.233168601989746,38.661338806152344,330.63214111328125,h
7.207900047302246,0.0,5.179500102996826,0.8912000060081482,0.6740000247955322,-457.9161071777344,-331.7799987792969,179.8509979248047,90.0,5.74560022354126,h
17.770814895629883,10.764029502868652,2.7292072772979736,0.6784957647323608,0.3495412766933441,13.323766708374023,19.765180587768555,5.545860767364502,10.876139640808105,176.4080047607422,h
90.09971618652344,16.522485733032227,2.9354238510131836,0.31173670291900635,0.1664789766073227,65.31580352783203,-28.167152404785156,-3.5619349479675293,48.239322662353516,116.37384033203125,h
69.69275665283203,22.939777374267578,2.831007242202759,0.2304857075214386,0.10955647379159927,-21.46877670288086,-62.737972259521484,5.9157490730285645,25.853607177734375,108.81687927246094,h
334.177001953125,228.0384979248047,5.179500102996826,0.013100000098347664,0.0007999999797903001,575.24072265625,231.4459991455078,179.8509979248047,90.0,5.74560022354126,h
30.960988998413086,12.18404483795166,2.5869901180267334,0.47211000323295593,0.22678975760936737,-30.61028480529785,35.168312072753906,8.431142807006836,89.99685668945312,221.3513641357422,h
28.660619735717773,10.42780590057373,2.7149429321289062,0.4197481870651245,0.3084616959095001,0.7474883198738098,-8.747283935546875,12.625697135925293,76.90447235107422,130.03543090820312,h
24.956565856933594,0.0013708622427657247,2.687897205352783,0.5564537644386292,0.269851416349411,25.424182891845703,20.795080184936523,-4.1957550048828125,33.04712677001953,135.24496459960938,h
40.058502197265625,16.581560134887695,2.548166513442993,0.43206849694252014,0.21084444224834442,-33.529903411865234,18.182178497314453,-6.196534633636475,4.066821098327637,219.8332061767578,h
34.58445739746094,21.585342407226562,2.625518560409546,0.3118079900741577,0.14651499688625336,33.823402404785156,36.56060791015625,-10.04869556427002,58.263572692871094,201.1118927001953,h
334.177001953125,228.0384979248047,5.179500102996826,0.013100000098347664,0.0007999999797903001,-457.9161071777344,-331.7799987792969,179.8509979248047,89.99993896484375,426.9047546386719,h
334.177001953125,228.0384979248047,5.179500102996826,0.013100000098347664,0.0007999999797903001,-457.9161071777344,-331.7799987792969,179.8509979248047,90.0,5.74560022354126,h
7.207900047302246,0.0,5.179500102996826,0.8912000060081482,0.6740000247955322,-457.9161071777344,-331.7799987792969,-205.8946990966797,90.0,5.74560022354126,h
334.177001953125,228.0384979248047,5.179500102996826,0.013100000098347664,0.0007999999797903001,575.24072265625,231.4459991455078,-205.8946990966797,90.0,466.4078063964844,h
7.207900047302246,0.0,5.179500102996826,0.8912000060081482,0.6740000247955322,-457.9161071777344,-331.7799987792969,179.8509979248047,90.0,5.74560022354126,h
334.177001953125,228.0384979248047,5.179500102996826,0.013100000098347664,0.0007999999797903001,575.24072265625,231.4459991455078,-205.8946990966797,90.0,5.74560022354126,h
334.177001953125,228.0384979248047,5.179500102996826,0.013100000098347664,0.0007999999797903001,575.24072265625,231.4459991455078,-205.8946990966797,90.0,466.4078063964844,h
334.177001953125,228.0384979248047,5.179500102996826,0.013100000098347664,0.0007999999797903001,-457.9161071777344,-173.67124938964844,-205.8946990966797,89.99645233154297,456.797607421875,h
334.177001953125,228.0384979248047,1.9413000345230103,0.013100000098347664,0.0007999999797903001,-457.9161071777344,-331.7799987792969,179.8509979248047,0.0,5.74560022354126,h
35.9097900390625,19.182695388793945,2.844723701477051,0.35762783885002136,0.2060111165046692,0.7461291551589966,13.463004112243652,-4.688326358795166,83.44739532470703,45.61945343017578,h
23.0642147064209,0.0,2.470783233642578,0.5341808199882507,0.3057094216346741,20.349477767944336,16.35373306274414,3.6232733726501465,56.54071044921875,227.61746215820312,h
334.177001953125,228.0384979248047,5.179500102996826,0.013100000098347664,0.0007999999797903001,-457.9161071777344,-331.7799987792969,179.8509979248047,90.0,466.4078063964844,h
99.08416748046875,11.919179916381836,2.9154984951019287,0.5613096356391907,0.3025224208831787,150.18482971191406,93.6343994140625,-9.448087692260742,10.404993057250977,250.3786163330078,h
67.74928283691406,44.64653778076172,3.284604549407959,0.2220991849899292,0.11806854605674744,-57.520355224609375,56.068824768066406,12.259819030761719,26.2823486328125,317.87664794921875,h
29.542312622070312,228.0384979248047,1.9413000345230103,0.38130122423171997,0.1224251240491867,-88.07176208496094,-298.5184326171875,179.8509979248047,0.0,5.74560022354126,h
334.177001953125,228.0384979248047,5.179500102996826,0.013100000098347664,0.0007999999797903001,-457.9161071777344,-331.7799987792969,179.8509979248047,90.0,5.74560022354126,h
334.177001953125,228.0384979248047,5.179500102996826,0.013100000098347664,0.0007999999797903001,-457.9161071777344,-331.7799987792969,-205.8946990966797,90.0,466.4078063964844,h
334.177001953125,228.0384979248047,5.179500102996826,0.013100000098347664,0.0007999999797903001,575.24072265625,231.4459991455078,-205.8946990966797,90.0,5.74560022354126,h
334.177001953125,228.0384979248047,1.9413000345230103,0.013100000098347664,0.6740000247955322,-457.9161071777344,-331.7799987792969,179.8509979248047,0.0,5.74560022354126,h
225.14154052734375,175.7262420654297,5.136675834655762,0.018951639533042908,0.0030698294285684824,-433.3575744628906,-197.65757751464844,-190.598388671875,54.903770446777344,360.8484802246094,h
334.177001953125,228.0384979248047,5.179500102996826,0.013100000098347664,0.0007999999797903001,575.24072265625,231.4459991455078,-205.8946990966797,89.99737548828125,77.02472686767578,h
334.177001953125,228.0384979248047,5.179500102996826,0.013100000098347664,0.0007999999797903001,-457.9161071777344,-331.7799987792969,179.8509979248047,90.0,466.4078063964844,h
334.177001953125,228.0384979248047,5.179500102996826,0.013100000098347664,0.0007999999797903001,-457.9161071777344,-40.03322219848633,-205.8946990966797,90.0,466.4078063964844,h
109.10954284667969,36.604496002197266,3.275369882583618,0.2786444425582886,0.16318951547145844,-57.184234619140625,82.9393539428711,33.84405517578125,44.974334716796875,254.47311401367188,h
319.4537658691406,228.0384979248047,5.179500102996826,0.013100000098347664,0.0007999999797903001,444.72760009765625,-292.58770751953125,-205.88803100585938,83.40892791748047,465.7386474609375,h
334.177001953125,228.0384979248047,5.179500102996826,0.013100000098347664,0.0007999999797903001,575.24072265625,231.4459991455078,-205.8946990966797,90.0,5.74560022354126,h
334.177001953125,228.0384979248047,5.179500102996826,0.013100000098347664,0.0007999999797903001,-457.9161071777344,-331.7799987792969,179.8509979248047,90.0,5.74560022354126,h
7.207900047302246,0.0,4.4430832862854,0.8912000060081482,0.6740000247955322,-457.9161071777344,-331.7799987792969,-205.8946990966797,90.0,466.4078063964844,h
334.177001953125,228.0384979248047,5.179500102996826,0.013100000098347664,0.0007999999797903001,-457.9161071777344,115.22449493408203,-205.8946990966797,89.81230163574219,454.06866455078125,h
20.329355239868164,10.414828300476074,2.36891508102417,0.7310318946838379,0.36749976873397827,12.329193115234375,10.956401824951172,-9.770665168762207,6.214553356170654,92.27711486816406,h
56.13353729248047,18.382638931274414,2.7688374519348145,0.3844321668148041,0.28081631660461426,-22.922590255737305,-33.542598724365234,13.537924766540527,12.600061416625977,196.08981323242188,h
21.21446418762207,15.976271629333496,2.332857608795166,0.4717503786087036,0.26532697677612305,1.1268142461776733,-7.957077503204346,-6.61617374420166,66.9580307006836,244.24244689941406,h
7.2305731773376465,22.811824798583984,1.9413000345230103,0.5179547071456909,0.23217672109603882,0.4218616485595703,-49.19418716430664,10.44877815246582,0.0,6.086007118225098,h
334.177001953125,228.0384979248047,5.179500102996826,0.013100000098347664,0.0007999999797903001,575.24072265625,231.4459991455078,-205.8946990966797,90.0,5.74560022354126,h
15.922008514404297,10.879369735717773,2.215773582458496,0.7880546450614929,0.46940723061561584,25.35061264038086,13.66115951538086,-4.473451614379883,23.61100196838379,187.5443115234375,h
334.177001953125,228.0384979248047,5.179500102996826,0.013100000098347664,0.0007999999797903001,-457.9161071777344,-331.7799987792969,-205.8946990966797,90.0,466.4078063964844,h
334.177001953125,228.0384979248047,5.179500102996826,0.013100000098347664,0.0007999999797903001,575.24072265625,231.4459991455078,-205.8946990966797,90.0,5.74560022354126,h
37.44261932373047,19.54607391357422,2.5358314514160156,0.4430457353591919,0.24422354996204376,-21.789676666259766,-23.505374908447266,-9.720877647399902,65.30728149414062,142.38677978515625,h
334.177001953125,228.0384979248047,5.179500102996826,0.013100000098347664,0.0007999999797903001,-457.9161071777344,-331.7799987792969,179.8509979248047,90.0,466.4078063964844,h
91.06153869628906,30.947343826293945,3.0188066959381104,0.3599078357219696,0.20160742104053497,-2.6824774742126465,61.46689224243164,11.112010955810547,10.55378532409668,372.784912109375,h
334.177001953125,228.0384979248047,5.179500102996826,0.013100000098347664,0.0007999999797903001,575.24072265625,231.4459991455078,-205.8946990966797,90.0,5.74560022354126,h
20.863948822021484,6.992066383361816,2.4674689769744873,0.5602487325668335,0.29194918274879456,-3.0358400344848633,-5.884324550628662,-5.651337623596191,67.65266418457031,185.65272521972656,h
189.4132537841797,112.89656829833984,5.163016319274902,0.013745426200330257,0.0008594548562541604,118.69367980957031,163.35458374023438,22.80716323852539,65.8811264038086,358.3302001953125,h
175.20559692382812,136.4608612060547,5.0722198486328125,0.01767689175903797,0.0017939478857442737,-454.9171447753906,161.48890686035156,156.43968200683594,15.650693893432617,224.88357543945312,h
334.177001953125,228.0384979248047,5.179500102996826,0.013100000098347664,0.0007999999797903001,-457.9161071777344,-331.7799987792969,179.8509979248047,90.0,466.4078063964844,h
334.177001953125,228.0384979248047,5.179500102996826,0.013100000098347664,0.0007999999797903001,-457.9161071777344,-329.95880126953125,-205.8946990966797,90.0,466.3948669433594,h
68.32624053955078,21.377826690673828,2.8847851753234863,0.35144269466400146,0.18293428421020508,-10.248357772827148,-57.70478057861328,14.914718627929688,35.59019470214844,223.15191650390625,h
334.177001953125,228.0384979248047,5.179500102996826,0.013100000098347664,0.0007999999797903001,-457.9161071777344,-331.7799987792969,179.8509979248047,90.0,466.4078063964844,h
24.90869140625,11.412078857421875,2.348090887069702,0.6403709650039673,0.3337724506855011,-40.429954528808594,-34.144561767578125,-6.095687389373779,80.98875427246094,109.05205535888672,h
276.95745849609375,85.74369812011719,4.313405990600586,0.050369542092084885,0.021837083622813225,-177.52549743652344,-276.5410461425781,-30.661035537719727,80.95697784423828,219.04200744628906,h
31.382020950317383,16.305147171020508,2.740450143814087,0.38907143473625183,0.22526516020298004,-6.4148077964782715,-26.950122833251953,10.23935604095459,50.94277572631836,74.08645629882812,h
36.8500862121582,18.674753189086914,2.661149740219116,0.3440665006637573,0.18581634759902954,-49.10462951660156,-48.22597122192383,22.65019416809082,18.42927360534668,236.1083984375,h
27.064069747924805,22.669981002807617,2.851853132247925,0.327352911233902,0.18332408368587494,15.682327270507812,-6.907565593719482,-15.659889221191406,63.95466995239258,128.1815185546875,h
334.177001953125,228.0384979248047,5.179500102996826,0.013100000098347664,0.0007999999797903001,-457.9161071777344,-331.7799987792969,179.8509979248047,90.0,324.9775085449219,h
327.4864807128906,154.05638122558594,4.531254291534424,0.031130464747548103,0.014813180081546307,-440.930419921875,-327.48785400390625,-144.09902954101562,31.932449340820312,244.3876953125,h
7.207900047302246,0.0,1.9413000345230103,0.8912000060081482,0.6740000247955322,-457.9161071777344,-331.7799987792969,179.8509979248047,0.0,466.4078063964844,h
334.177001953125,228.0384979248047,5.179500102996826,0.013100000098347664,0.0007999999797903001,-457.9161071777344,-331.7799987792969,-205.8946990966797,90.0,466.4078063964844,h
334.177001953125,228.0384979248047,5.179500102996826,0.013100000098347664,0.0007999999797903001,575.24072265625,231.4459991455078,-205.8946990966797,90.0,5.74560022354126,h
334.177001953125,228.0384979248047,5.179500102996826,0.013100000098347664,0.0007999999797903001,-457.9161071777344,-331.7799987792969,179.8509979248047,90.0,5.74560022354126,h
334.177001953125,0.0,1.9413000345230103,0.8912000060081482,0.6740000247955322,-457.9161071777344,-331.7799987792969,-205.8946990966797,90.0,466.4078063964844,h
7.221368312835693,228.0384979248047,1.9413000345230103,0.8904548287391663,0.6740000247955322,-457.9161071777344,-331.7799987792969,179.8509979248047,0.0,5.74560022354126,h
334.177001953125,228.0384979248047,5.179500102996826,0.013100000098347664,0.0007999999797903001,-457.9161071777344,231.4459991455078,-205.8946990966797,90.0,466.4078063964844,h
334.177001953125,228.0384979248047,5.179500102996826,0.013100000098347664,0.0007999999797903001,-457.9161071777344,-331.7799987792969,-205.8946990966797,90.0,466.4078063964844,h
12.673059463500977,15.878674507141113,2.062171697616577,0.7829909324645996,0.46958473324775696,23.30908203125,8.889123916625977,11.18908405303955,2.3519320487976074,140.62451171875,h
7.207900047302246,0.0,1.9413000345230103,0.8912000060081482,0.6740000247955322,-457.9161071777344,-331.7799987792969,179.8509979248047,90.0,5.74560022354126,h
334.177001953125,228.0384979248047,5.179500102996826,0.013100000098347664,0.0007999999797903001,-457.9161071777344,-331.7799987792969,179.8509979248047,90.0,463.66461181640625,h
57.550376892089844,18.31043815612793,2.7239599227905273,0.24838830530643463,0.13307848572731018,67.06140899658203,38.452999114990234,-11.506101608276367,8.729644775390625,177.726318359375,h
26.32120704650879,20.37598419189453,2.5667309761047363,0.4094821512699127,0.2512449026107788,28.199068069458008,25.900163650512695,6.00404167175293,44.833553314208984,163.3788604736328,h
7.207900047302246,0.0,5.179500102996826,0.8912000060081482,0.6740000247955322,-457.9161071777344,-331.7799987792969,-205.8946990966797,0.0,466.4078063964844,h
334.177001953125,228.0384979248047,5.179500102996826,0.013100000098347664,0.0007999999797903001,-457.9161071777344,-331.7799987792969,-205.8946990966797,89.99925994873047,159.35061645507812,h
43.37310791015625,19.08057975769043,2.6564407348632812,0.4476848542690277,0.24314314126968384,-7.654770374298096,19.751562118530273,-11.138206481933594,74.13085174560547,229.85675048828125,h
334.177001953125,228.0384979248047,5.179500102996826,0.013100000098347664,0.0007999999797903001,-457.9161071777344,-331.7799987792969,179.8509979248047,90.0,466.4078063964844,h
17.36653709411621,12.570210456848145,2.535569906234741,0.43275123834609985,0.28893664479255676,17.39005470275879,20.027109146118164,4.009469509124756,19.81617546081543,47.09013366699219,h
41.1408576965332,16.10316276550293,2.4898176193237305,0.48423850536346436,0.37356236577033997,-67.60921478271484,-56.462669372558594,-7.925189018249512,76.80892944335938,225.78623962402344,h
334.177001953125,228.0384979248047,1.9413000345230103,0.013100000098347664,0.6740000247955322,-457.9161071777344,-331.7799987792969,-205.8946990966797,0.0,5.74560022354126,h
28.64250373840332,15.455997467041016,2.4367120265960693,0.4179038405418396,0.2924362123012543,20.917190551757812,22.149873733520508,-5.323335647583008,11.510566711425781,143.0711212158203,h
334.177001953125,228.0384979248047,5.179500102996826,0.013100000098347664,0.0007999999797903001,-457.9161071777344,-331.7799987792969,-205.8946990966797,90.0,466.4078063964844,h
29.66805076599121,16.843698501586914,2.550901412963867,0.3622320890426636,0.18924538791179657,21.462377548217773,-52.57395935058594,5.8183817863464355,46.39508819580078,202.50619506835938,h
334.177001953125,228.0384979248047,5.179500102996826,0.013100000098347664,0.0007999999797903001,-457.9161071777344,-331.7799987792969,-205.8946990966797,90.0,466.4078063964844,h
334.177001953125,228.0384979248047,5.179500102996826,0.013100000098347664,0.0007999999797903001,575.24072265625,231.4459991455078,-205.8946990966797,90.0,5.74560022354126,h
334.177001953125,228.0384979248047,5.179500102996826,0.013100000098347664,0.0007999999797903001,-457.9161071777344,-331.7799987792969,179.8509979248047,90.0,152.9298858642578,h
28.30335235595703,9.404871940612793,2.5977654457092285,0.4655874967575073,0.2795298993587494,-0.5334645509719849,23.744234085083008,-5.421937465667725,26.487926483154297,237.06442260742188,h
41.08309555053711,17.779630661010742,2.9732837677001953,0.29990625381469727,0.20976628363132477,1.6983171701431274,-15.607501983642578,-11.06093978881836,58.7083740234375,152.26327514648438,h
334.177001953125,228.0384979248047,1.9413000345230103,0.013100000098347664,0.0007999999797903001,-457.9161071777344,-331.7799987792969,-205.8946990966797,0.0,5.74560022354126,h
50.79680633544922,23.665151596069336,2.9563395977020264,0.18790771067142487,0.10032574087381363,-5.703121185302734,43.63656234741211,8.335619926452637,35.39090347290039,217.21092224121094,h
55.42771911621094,50.38300323486328,2.7254490852355957,0.2597576975822449,0.19452857971191406,38.57024383544922,41.565120697021484,-16.608736038208008,5.690176010131836,205.71139526367188,h
38.84832763671875,17.20030403137207,2.859978437423706,0.34430912137031555,0.21145936846733093,-15.173803329467773,30.441238403320312,7.540241718292236,36.95750045776367,206.37278747558594,h
334.177001953125,228.0384979248047,5.179500102996826,0.013100000098347664,0.0007999999797903001,575.24072265625,231.4459991455078,179.8509979248047,90.0,5.74560022354126,h
25.12456512451172,0.0,2.2254512310028076,0.7980333566665649,0.4409729242324829,7.349997520446777,5.363244533538818,-3.409959316253662,31.643688201904297,238.78453063964844,h
334.177001953125,228.0384979248047,1.9413000345230103,0.013100000098347664,0.6740000247955322,-457.9161071777344,-331.7799987792969,179.8509979248047,0.0,381.99310302734375,h
65.33770751953125,17.19814109802246,2.4602832794189453,0.3829221725463867,0.18748781085014343,25.79282569885254,-7.824100494384766,17.529495239257812,43.042503356933594,167.82037353515625,h
82.53838348388672,21.336833953857422,3.013582706451416,0.19307516515254974,0.11066362261772156,35.816627502441406,72.29364013671875,11.544235229492188,13.566781997680664,230.6287841796875,h
7.207900047302246,0.0,5.179500102996826,0.8912000060081482,0.6740000247955322,-457.9161071777344,-331.7799987792969,179.8509979248047,90.0,5.74560022354126,h
217.95623779296875,93.9360122680664,4.024114608764648,0.08438519388437271,0.05424055829644203,-18.998485565185547,-54.609397888183594,25.643884658813477,57.24296569824219,231.37327575683594,h
334.177001953125,228.0384979248047,5.179500102996826,0.013100000098347664,0.0007999999797903001,575.24072265625,231.4459991455078,-205.8946990966797,90.0,5.74560022354126,h
334.177001953125,228.0384979248047,5.179500102996826,0.013100000098347664,0.0007999999797903001,-457.9161071777344,-331.7799987792969,-205.8946990966797,90.0,466.4078063964844,h
334.177001953125,228.0384979248047,5.179500102996826,0.013100000098347664,0.0007999999797903001,-457.9161071777344,-331.7799987792969,179.8509979248047,90.0,342.4145202636719,h
24.10067367553711,0.45447614789009094,2.4619617462158203,0.7864137887954712,0.4838382303714752,5.330532550811768,25.23147964477539,2.0357422828674316,56.505367279052734,214.03396606445312,h
334.177001953125,228.0384979248047,5.179500102996826,0.013100000098347664,0.0007999999797903001,575.24072265625,231.4459991455078,-205.8946990966797,90.0,5.74560022354126,h
24.06719207763672,17.801876068115234,2.324709415435791,0.4657628834247589,0.3176543712615967,-26.641860961914062,-25.1929874420166,-11.549468040466309,31.95220184326172,94.13497161865234,h
20.360248565673828,8.984978675842285,2.3467612266540527,0.5744722485542297,0.3671436905860901,15.395612716674805,10.254570960998535,-10.736333847045898,22.262081146240234,222.6399688720703,h
8.102363586425781,19.005630493164062,1.9413000345230103,0.7235790491104126,0.37434661388397217,-447.7483825683594,-331.7799987792969,89.50753784179688,0.0,5.74560022354126,h
23.49871063232422,0.0,1.9413000345230103,0.8912000060081482,0.6740000247955322,575.24072265625,-331.7799987792969,179.8509979248047,90.0,5.74560022354126,h
199.16107177734375,112.18189239501953,3.6319420337677,0.10870189219713211,0.07063547521829605,-164.8994598388672,-148.30767822265625,62.88193893432617,61.696990966796875,238.91188049316406,h
334.177001953125,228.0384979248047,5.179500102996826,0.013100000098347664,0.0007999999797903001,-457.9161071777344,-331.7799987792969,179.8509979248047,90.0,466.4078063964844,h
18.490346908569336,14.24665355682373,1.9413000345230103,0.753871500492096,0.4554632306098938,20.51076889038086,-6.308623313903809,16.846418380737305,17.917049407958984,33.025875091552734,h
89.18230438232422,23.78729248046875,2.831674337387085,0.2761896550655365,0.161119282245636,-58.38874435424805,-100.91663360595703,10.195979118347168,89.05406188964844,283.044677734375,h
52.67837142944336,16.469385147094727,2.7690930366516113,0.3810468018054962,0.20199668407440186,14.300929069519043,17.929031372070312,-11.522492408752441,37.790714263916016,268.04669189453125,h
334.177001953125,228.0384979248047,1.9413000345230103,0.013100000098347664,0.6740000247955322,-457.9161071777344,-331.7799987792969,179.8509979248047,0.0,5.74560022354126,h
334.177001953125,228.0384979248047,5.179500102996826,0.013100000098347664,0.0007999999797903001,-457.9161071777344,-331.7799987792969,179.8509979248047,90.0,466.4078063964844,h
7.207900047302246,0.0,5.179500102996826,0.8912000060081482,0.6740000247955322,-457.9161071777344,-331.7799987792969,179.8509979248047,90.0,5.74560022354126,h
334.177001953125,228.0384979248047,5.179500102996826,0.013100000098347664,0.0007999999797903001,-457.9161071777344,-331.7799987792969,179.8509979248047,90.0,466.4078063964844,h
334.177001953125,228.0384979248047,1.9413000345230103,0.013100000098347664,0.6740000247955322,-457.9161071777344,-331.7799987792969,179.8509979248047,0.0,5.74560022354126,h
334.177001953125,228.0384979248047,5.179500102996826,0.013100000098347664,0.0007999999797903001,575.24072265625,231.4459991455078,-205.8946990966797,90.0,5.74560022354126,h
334.177001953125,228.0384979248047,5.179500102996826,0.013100000098347664,0.0007999999797903001,575.24072265625,231.4459991455078,-205.8946990966797,90.0,5.74560022354126,h
54.02613067626953,26.088335037231445,3.146360397338867,0.19807329773902893,0.09387143701314926,-154.53839111328125,30.942853927612305,-13.237425804138184,52.7594108581543,303.7082214355469,h
25.842493057250977,17.607017517089844,2.6316001415252686,0.3452741801738739,0.21684274077415466,-38.00248718261719,-93.58708190917969,8.497808456420898,63.090576171875,189.0060272216797,h
64.50110626220703,15.484099388122559,3.1237828731536865,0.21583178639411926,0.11319929361343384,0.0612739734351635,31.713624954223633,-3.110555410385132,57.16964340209961,222.427978515625,h
17.17708396911621,9.94165325164795,2.343858003616333,0.8019910454750061,0.5167217254638672,0.014351997524499893,6.219030857086182,13.210403442382812,58.63616943359375,174.82814025878906,h
21.80238914489746,13.875391960144043,2.591200590133667,0.41833654046058655,0.2472812533378601,13.681741714477539,-8.281055450439453,9.088406562805176,58.593406677246094,209.5966033935547,h
7.20808744430542,21.828535079956055,1.9413000345230103,0.6588854193687439,0.15409818291664124,-457.9161071777344,-331.7799987792969,154.49301147460938,0.0,234.2870330810547,h
334.177001953125,228.0384979248047,5.179500102996826,0.013100000098347664,0.0007999999797903001,-457.9161071777344,-331.7799987792969,-205.8946990966797,90.0,466.4078063964844,h
334.177001953125,228.0384979248047,5.179500102996826,0.013100000098347664,0.0007999999797903001,-457.9161071777344,231.4459991455078,-205.8946990966797,90.0,5.74560022354126,h
153.41061401367188,74.82557678222656,3.782736301422119,0.14974020421504974,0.08724580705165863,-74.4991455078125,-111.98023223876953,65.24300384521484,61.493492126464844,258.87786865234375,h
12.47986888885498,10.132889747619629,2.1461338996887207,0.7794499397277832,0.465152382850647,-15.12710952758789,9.89279842376709,4.1518754959106445,68.26371765136719,282.9049072265625,h
334.177001953125,228.0384979248047,5.179500102996826,0.013100000098347664,0.0007999999797903001,-457.9161071777344,-331.7799987792969,179.8509979248047,90.0,466.4078063964844,h
7.207900047302246,15.030923843383789,1.9413000345230103,0.7961037755012512,0.41931211948394775,29.286420822143555,-9.6146240234375,12.790940284729004,32.99764633178711,342.2626647949219,h
334.177001953125,228.0384979248047,5.179500102996826,0.013100000098347664,0.0007999999797903001,-457.9161071777344,-331.7799987792969,179.8509979248047,90.0,466.4078063964844,h
334.177001953125,228.0384979248047,5.179500102996826,0.013100000098347664,0.0007999999797903001,-457.9161071777344,231.4459991455078,-205.8946990966797,90.0,466.4078063964844,h
52.96575164794922,35.76594924926758,2.944753885269165,0.24541136622428894,0.12476109713315964,2.7283012866973877,59.504573822021484,24.412439346313477,18.826250076293945,273.7521057128906,h
91.5396957397461,31.70987892150879,3.0220673084259033,0.1818561851978302,0.11192312091588974,9.238471031188965,91.4581527709961,-12.945128440856934,14.555152893066406,286.09539794921875,h
334.177001953125,0.0,1.9413000345230103,0.8912000060081482,0.6740000247955322,-457.9161071777344,-331.7799987792969,-205.8946990966797,90.0,5.74560022354126,h
7.207900047302246,27.548961639404297,1.9413000345230103,0.8776727914810181,0.4914930760860443,20.21535301208496,3.764995574951172,33.3271369934082,5.5787787437438965,220.0273895263672,h
21.36774444580078,6.529580116271973,2.3243701457977295,0.705845296382904,0.4030521512031555,-27.992053985595703,-16.738210678100586,-13.251371383666992,5.623777866363525,148.29591369628906,h
24.937108993530273,11.380071640014648,2.4971604347229004,0.6595175266265869,0.39213359355926514,-13.30355453491211,35.49929428100586,-7.410183906555176,7.256404399871826,159.80311584472656,h
334.177001953125,228.0384979248047,5.179500102996826,0.013100000098347664,0.0007999999797903001,575.24072265625,231.4459991455078,-205.8946990966797,90.0,5.74560022354126,h
30.17707633972168,23.5123348236084,3.107985496520996,0.32629215717315674,0.18518470227718353,-24.002351760864258,-3.722465991973877,11.400335311889648,81.3194580078125,229.2452850341797,h
38.02595901489258,10.763784408569336,2.883734703063965,0.38412654399871826,0.21741913259029388,32.37047576904297,18.37088394165039,-5.789530277252197,31.832557678222656,147.25936889648438,h
334.177001953125,228.0384979248047,5.179500102996826,0.013100000098347664,0.0007999999797903001,-457.9161071777344,-331.7799987792969,179.8509979248047,90.0,466.4078063964844,h
58.495601654052734,25.564537048339844,2.975435733795166,0.16199740767478943,0.09943152964115143,95.70230102539062,-73.38912200927734,13.597365379333496,12.314652442932129,74.64456176757812,h
105.24120330810547,39.429622650146484,3.592252254486084,0.10412794351577759,0.0555136576294899,-134.0546875,77.49347686767578,16.784629821777344,9.366186141967773,178.26712036132812,h
334.177001953125,228.0384979248047,1.9413000345230103,0.013100000098347664,0.0007999999797903001,-457.9161071777344,-331.7799987792969,179.8509979248047,0.0,5.74560022354126,h
61.094547271728516,12.612269401550293,2.7781081199645996,0.2728966176509857,0.1483900249004364,53.43165588378906,-7.812591552734375,7.386742115020752,48.75697326660156,214.2868194580078,h
334.177001953125,228.0384979248047,5.179500102996826,0.013100000098347664,0.0007999999797903001,-457.9161071777344,-331.7799987792969,179.8509979248047,90.0,357.02398681640625,h
334.177001953125,228.0384979248047,5.179500102996826,0.013100000098347664,0.0007999999797903001,-457.9161071777344,-331.7799987792969,-205.8946990966797,90.0,466.4078063964844,h
334.177001953125,228.0384979248047,5.179500102996826,0.013100000098347664,0.0007999999797903001,-457.9161071777344,-331.7799987792969,179.8509979248047,90.0,466.4078063964844,h
21.782833099365234,11.471083641052246,2.69657564163208,0.500913679599762,0.28928524255752563,-16.536529541015625,18.57965087890625,-10.124862670898438,88.37822723388672,108.3673095703125,h
334.177001953125,228.0384979248047,5.179500102996826,0.013100000098347664,0.0007999999797903001,-457.9161071777344,-331.7799987792969,179.8509979248047,90.0,466.4078063964844,h
101.19536590576172,40.822364807128906,3.2690980434417725,0.15833249688148499,0.08984829485416412,63.19575881958008,43.51612091064453,14.95718002319336,2.750317335128784,240.16358947753906,h
334.177001953125,228.0384979248047,5.179500102996826,0.013100000098347664,0.0007999999797903001,575.24072265625,231.4459991455078,-205.8946990966797,90.0,466.4078063964844,h
91.56829071044922,41.541622161865234,4.177921772003174,0.05460149794816971,0.02207886055111885,83.5228500366211,75.09793090820312,-59.63992691040039,42.79597854614258,76.30668640136719,h
334.177001953125,228.0384979248047,5.179500102996826,0.013100000098347664,0.0007999999797903001,-457.9161071777344,-331.7799987792969,179.8509979248047,90.0,466.4078063964844,h
102.24840545654297,33.163330078125,3.352506399154663,0.25861895084381104,0.1362016201019287,-98.71636962890625,-71.21236419677734,-7.333795547485352,21.35870933532715,284.47869873046875,h
13.206459045410156,228.0384979248047,1.9413000345230103,0.3679053485393524,0.6218208074569702,-457.9161071777344,-331.7799987792969,179.8509979248047,0.0,5.74560022354126,h
334.177001953125,228.0384979248047,5.179500102996826,0.013100000098347664,0.0007999999797903001,-457.9161071777344,-331.7799987792969,179.8509979248047,90.0,466.4078063964844,h
12.628089904785156,10.020071029663086,2.555903196334839,0.6591129899024963,0.3908485174179077,13.88310718536377,-9.473955154418945,5.413425445556641,71.0009765625,221.36915588378906,h
334.177001953125,228.0384979248047,5.179500102996826,0.013100000098347664,0.0007999999797903001,-457.9161071777344,-331.7799987792969,-205.8946990966797,90.0,466.3888854980469,h
334.177001953125,228.0384979248047,5.179500102996826,0.013100000098347664,0.0007999999797903001,575.24072265625,231.4459991455078,-205.8946990966797,90.0,5.74560022354126,h
334.177001953125,228.0384979248047,1.9413000345230103,0.013100000098347664,0.6740000247955322,-457.9161071777344,-331.7799987792969,-13.385523796081543,0.0,5.74560022354126,h
169.90281677246094,43.132652282714844,3.8141555786132812,0.12641745805740356,0.0490880087018013,-215.9263916015625,-176.2189483642578,4.988095760345459,47.449745178222656,225.75270080566406,h
334.177001953125,228.0384979248047,5.179500102996826,0.013100000098347664,0.0007999999797903001,-457.9161071777344,-331.7799987792969,-205.8946990966797,90.0,5.74560022354126,h
59.92631912231445,17.411270141601562,2.7684030532836914,0.261942982673645,0.16060222685337067,-30.777530670166016,-71.43663024902344,11.79564094543457,34.16511917114258,102.05733489990234,h
22.09684944152832,9.697340965270996,2.096609592437744,0.6272631883621216,0.35808682441711426,4.2917094230651855,-33.84003448486328,8.929360389709473,78.38937377929688,175.35299682617188,h
34.082027435302734,10.589493751525879,2.6753954887390137,0.37676528096199036,0.20343394577503204,9.563570022583008,17.421791076660156,-6.594488143920898,27.457223892211914,51.32761764526367,h
334.177001953125,228.0384979248047,5.179500102996826,0.013100000098347664,0.0007999999797903001,-457.9161071777344,-331.7799987792969,179.8509979248047,90.0,5.74560022354126,h
102.90927124023438,22.45185661315918,2.89943528175354,0.2769825756549835,0.1406836062669754,-202.80319213867188,-45.60643768310547,-15.316171646118164,58.292354583740234,194.7180633544922,h
13.0164155960083,10.424385070800781,2.308163642883301,0.6368377208709717,0.3094431459903717,1.096073031425476,14.516077995300293,-10.379165649414062,2.499934673309326,114.71724700927734,h
25.145158767700195,8.896445274353027,2.441964864730835,0.8306599855422974,0.40429362654685974,-16.542137145996094,-21.56874656677246,10.511331558227539,55.83012771606445,13.170642852783203,h
334.177001953125,228.0384979248047,5.179500102996826,0.013100000098347664,0.0007999999797903001,-457.9161071777344,-331.7799987792969,-205.8946990966797,90.0,466.4078063964844,h
68.28266143798828,50.156612396240234,3.208350419998169,0.22118055820465088,0.14271649718284607,6.86203670501709,-100.06658935546875,-55.28557205200195,32.12881851196289,259.8825378417969,h
334.177001953125,228.0384979248047,5.179500102996826,0.013100000098347664,0.0007999999797903001,575.24072265625,231.4459991455078,179.8509979248047,90.0,5.74560022354126,h
134.032958984375,67.56195068359375,3.3131587505340576,0.25967204570770264,0.13141582906246185,-120.87062072753906,-79.19190216064453,46.257537841796875,13.826521873474121,368.7450866699219,h
334.177001953125,228.0384979248047,5.179500102996826,0.013100000098347664,0.0007999999797903001,575.24072265625,231.4459991455078,-205.8946990966797,90.0,5.74560022354126,h
37.234195709228516,20.127639770507812,2.897357702255249,0.4315510094165802,0.2812108099460602,42.21177291870117,56.97344970703125,-7.578739166259766,16.359540939331055,105.8725814819336,h
113.61964416503906,31.623214721679688,3.192843437194824,0.20998163521289825,0.11093942075967789,-84.8056640625,95.0455551147461,26.06056785583496,0.8433749079704285,233.3570556640625,h
77.24300384521484,19.262025833129883,2.9150331020355225,0.35224807262420654,0.18497495353221893,-2.21612548828125,37.35595703125,7.895495414733887,16.862089157104492,219.36680603027344,h
334.177001953125,228.0384979248047,5.179500102996826,0.013100000098347664,0.0007999999797903001,-457.9161071777344,-331.7799987792969,-205.8946990966797,90.0,466.4078063964844,h
8.094612121582031,68.39387512207031,1.9413000345230103,0.8912000060081482,0.6740000247955322,-457.9161071777344,-331.7799987792969,179.8509979248047,0.0,5.74560022354126,h
334.177001953125,228.0384979248047,5.179500102996826,0.013100000098347664,0.0007999999797903001,575.24072265625,231.4459991455078,-205.8946990966797,90.0,466.4078063964844,h
334.177001953125,228.0384979248047,5.179500102996826,0.013100000098347664,0.0007999999797903001,-457.9161071777344,-331.7799987792969,179.8509979248047,90.0,9.886751174926758,h
334.177001953125,228.0384979248047,1.9413000345230103,0.013100000098347664,0.0007999999797903001,-457.9161071777344,-331.7799987792969,-205.8946990966797,0.0,5.74560022354126,h
230.90969848632812,99.64666748046875,4.378410339355469,0.03871549293398857,0.014922155067324638,-274.29888916015625,-184.1733856201172,74.44540405273438,82.94428253173828,205.7819366455078,h
191.17601013183594,91.0454330444336,3.8272368907928467,0.042200349271297455,0.02407064475119114,-47.90705871582031,-58.69363784790039,72.83889770507812,44.05678176879883,64.50458526611328,h
42.69819641113281,17.992387771606445,2.7360570430755615,0.30075526237487793,0.1876939982175827,-26.867008209228516,-23.61703872680664,-10.79609203338623,28.024486541748047,199.3838653564453,h
26.770627975463867,11.888056755065918,2.9005937576293945,0.41938820481300354,0.25283244252204895,10.299718856811523,-6.012393474578857,9.794178009033203,26.2175350189209,107.06956481933594,h
198.4984130859375,64.63402557373047,3.9428679943084717,0.1490013152360916,0.06405998021364212,-107.30287170410156,-92.28148651123047,66.50019836425781,11.94061279296875,227.9703826904297,h
37.380287170410156,7.217737674713135,3.0713415145874023,0.31652334332466125,0.18167491257190704,-0.806940495967865,-11.669994354248047,9.632209777832031,53.814605712890625,166.8183135986328,h
334.1707763671875,228.0384979248047,5.179500102996826,0.013100000098347664,0.0007999999797903001,-457.9161071777344,61.438438415527344,-205.6935272216797,88.28147888183594,286.77520751953125,h
53.658409118652344,15.196857452392578,2.778820037841797,0.26699090003967285,0.13619138300418854,24.731914520263672,42.343318939208984,-10.175714492797852,62.58403396606445,173.97508239746094,h
7.207900047302246,0.0,1.9413000345230103,0.8912000060081482,0.6740000247955322,-457.9161071777344,-331.7799987792969,-205.8946990966797,90.0,466.4078063964844,h
50.87574005126953,10.624960899353027,2.6581783294677734,0.4548155665397644,0.21866600215435028,63.91926193237305,37.73810577392578,1.007621169090271,2.870094060897827,210.7071075439453,h
12.512822151184082,9.70623779296875,2.2467024326324463,0.7716374397277832,0.4503488838672638,2.593797445297241,6.3346028327941895,-11.917448997497559,71.1713638305664,187.627685546875,h
28.61050796508789,24.22237205505371,2.8202784061431885,0.3005825877189636,0.18306323885917664,23.017366409301758,26.545467376708984,8.74303150177002,66.01566314697266,170.95245361328125,h
27.70563507080078,10.035004615783691,2.450685977935791,0.6190208792686462,0.35997068881988525,41.13042449951172,23.982473373413086,-4.824697971343994,24.44942283630371,167.0303955078125,h
7.207900047302246,0.0,1.9413000345230103,0.8912000060081482,0.6740000247955322,-457.9161071777344,-331.7799987792969,-205.8946990966797,90.0,466.4078063964844,h
7.207900047302246,228.0384979248047,1.9413000345230103,0.15045318007469177,0.08421899378299713,-457.9161071777344,-331.7799987792969,179.8509979248047,0.0,190.06436157226562,h
31.005474090576172,11.634276390075684,2.556781530380249,0.4632643759250641,0.2416418045759201,-13.321142196655273,7.115612030029297,9.839207649230957,23.592164993286133,143.8358917236328,h
51.403045654296875,28.834716796875,3.1945812702178955,0.262062668800354,0.14095301926136017,76.43515014648438,83.1089096069336,-56.22364807128906,15.294679641723633,273.82568359375,h
51.01171112060547,35.49024200439453,3.3547353744506836,0.12273678183555603,0.06808486580848694,16.50037956237793,-27.527925491333008,11.27481460571289,57.615501403808594,115.58251190185547,h
31.123138427734375,5.794887065887451,2.6077160835266113,0.59425288438797,0.2717536389827728,32.574317932128906,41.01968002319336,-8.863523483276367,10.794683456420898,190.25067138671875,h
334.177001953125,228.0384979248047,5.179500102996826,0.013100000098347664,0.0007999999797903001,-457.9161071777344,-331.7799987792969,-205.8946990966797,90.0,466.4078063964844,h
7.207900047302246,0.0,1.9413000345230103,0.8912000060081482,0.6740000247955322,-457.9161071777344,-331.7799987792969,-205.8946990966797,90.0,5.74560022354126,h
334.177001953125,228.0384979248047,5.179500102996826,0.013100000098347664,0.0007999999797903001,575.24072265625,231.4459991455078,-205.8946990966797,90.0,466.4078063964844,h
31.557077407836914,18.598609924316406,2.929680824279785,0.1955450028181076,0.11541494727134705,26.31337547302246,25.97880744934082,15.791352272033691,8.736859321594238,147.09115600585938,h
23.819656372070312,9.57248306274414,2.580970048904419,0.5458402633666992,0.26598507165908813,-2.171271800994873,35.80472183227539,-4.44907283782959,64.23209381103516,194.0004425048828,h
334.177001953125,228.0384979248047,5.179500102996826,0.013100000098347664,0.0007999999797903001,-457.9161071777344,-331.7799987792969,179.8509979248047,90.0,466.4078063964844,h
162.7703399658203,138.446044921875,3.5629496574401855,0.3187098503112793,0.21218574047088623,-67.0513687133789,59.32449722290039,-195.2923583984375,76.8994140625,359.57421875,h
19.151432037353516,9.666288375854492,2.4130592346191406,0.7460486888885498,0.44891950488090515,13.645752906799316,9.120319366455078,-11.597296714782715,66.18549346923828,46.48945617675781,h
56.926612854003906,0.005455197300761938,2.6398050785064697,0.48657137155532837,0.25792238116264343,17.888338088989258,23.00849723815918,-10.08574390411377,5.181541442871094,144.06800842285156,h
60.8984375,10.814590454101562,2.7834267616271973,0.3194229006767273,0.160007506608963,19.018491744995117,13.547406196594238,-14.045321464538574,31.015459060668945,166.29747009277344,h
333.8128356933594,227.9339141845703,5.179500102996826,0.013100000098347664,0.0007999999797903001,-456.3439025878906,-331.726806640625,179.73912048339844,90.0,345.5782165527344,h
334.177001953125,228.0384979248047,5.179500102996826,0.013100000098347664,0.0007999999797903001,-457.9161071777344,-331.7799987792969,-205.8946990966797,90.0,5.74560022354126,h
334.177001953125,228.0384979248047,5.179500102996826,0.013100000098347664,0.0007999999797903001,-457.9161071777344,231.4459991455078,-205.8946990966797,90.0,466.4078063964844,h
34.86754608154297,16.984249114990234,2.7410802841186523,0.365817129611969,0.2210226207971573,-26.16826820373535,-23.979598999023438,-4.887742042541504,57.04485321044922,179.37908935546875,h
334.177001953125,228.0384979248047,5.179500102996826,0.013100000098347664,0.0007999999797903001,575.24072265625,231.4459991455078,-205.8946990966797,90.0,5.74560022354126,h
61.8799934387207,17.362882614135742,2.9045774936676025,0.41495636105537415,0.24615897238254547,60.1921501159668,53.37962341308594,-7.251402854919434,14.946664810180664,156.88392639160156,h
82.85163116455078,34.92947769165039,2.691025972366333,0.24145424365997314,0.1460503190755844,-39.06765365600586,-107.31448364257812,-20.18763542175293,16.306373596191406,133.4906005859375,h
313.11474609375,205.29649353027344,4.490837574005127,0.022844389081001282,0.025075821205973625,-438.1756286621094,-171.6979217529297,178.2147216796875,67.66740417480469,239.7633819580078,h
84.2107925415039,37.77765655517578,3.1805007457733154,0.129062220454216,0.06197965145111084,206.23739624023438,-18.983415603637695,-6.865354061126709,48.81588363647461,217.49693298339844,h
66.94255065917969,10.385167121887207,2.8442471027374268,0.23134753108024597,0.13752415776252747,23.496381759643555,58.303096771240234,2.203416585922241,29.586360931396484,194.85012817382812,h
19.70793914794922,10.937819480895996,2.3858890533447266,0.6845328211784363,0.37415215373039246,1.3457447290420532,16.474220275878906,-9.254368782043457,17.29975128173828,61.48929977416992,h
88.12596130371094,20.897705078125,3.0960452556610107,0.18870951235294342,0.10243380069732666,56.70853042602539,74.77498626708984,-12.056719779968262,13.776058197021484,128.43409729003906,h
28.78915786743164,7.0027174949646,2.5258700847625732,0.5607030987739563,0.3037956655025482,19.64332389831543,49.95206832885742,4.426813125610352,2.654189348220825,273.37835693359375,h
334.177001953125,228.0384979248047,1.9413000345230103,0.8912000060081482,0.6740000247955322,-457.9161071777344,-331.7799987792969,179.8509979248047,0.0,466.4078063964844,h
26.154151916503906,7.333431720733643,2.484557867050171,0.5754581093788147,0.299373596906662,24.068872451782227,0.5766232013702393,7.599645137786865,7.534468173980713,119.4643783569336,h
17.728425979614258,10.468846321105957,2.6798856258392334,0.6142562627792358,0.3155853748321533,6.919638156890869,3.253993511199951,-4.356431484222412,68.43760681152344,107.87273406982422,h
334.177001953125,228.0384979248047,5.179500102996826,0.013100000098347664,0.0007999999797903001,575.24072265625,231.4459991455078,-205.8946990966797,90.0,5.74560022354126,h
22.883792877197266,12.752971649169922,2.343700885772705,0.6613469123840332,0.4026508629322052,-3.512427806854248,-15.218924522399902,-14.343939781188965,77.76347351074219,163.03057861328125,h
7.314173698425293,14.078413009643555,1.9428092241287231,0.7181090116500854,0.3553914725780487,17.682512283325195,-6.031620025634766,9.781708717346191,60.793941497802734,42.21622848510742,h
334.177001953125,228.0384979248047,1.9413000345230103,0.013100000098347664,0.0007999999797903001,-457.9161071777344,-331.7799987792969,179.8509979248047,0.0,5.74560022354126,h
32.85447311401367,15.278629302978516,2.650286912918091,0.31590983271598816,0.15915843844413757,6.969956874847412,6.273414611816406,10.830109596252441,24.953554153442383,273.9932861328125,h
42.11465835571289,12.082293510437012,2.4565975666046143,0.5007732510566711,0.24491330981254578,-17.858009338378906,18.66410255432129,3.6146793365478516,33.93862533569336,222.06263732910156,h
334.177001953125,228.0384979248047,5.179500102996826,0.013100000098347664,0.0007999999797903001,575.24072265625,-331.7799987792969,179.8509979248047,90.0,5.74560022354126,h
21.43706703186035,8.547496795654297,2.383714199066162,0.5490114092826843,0.254518061876297,28.642269134521484,11.887431144714355,10.433117866516113,42.8518180847168,185.5917205810547,h
334.177001953125,228.0384979248047,5.179500102996826,0.013100000098347664,0.0007999999797903001,-457.9161071777344,-331.7799987792969,179.8509979248047,90.0,466.4078063964844,h
57.11349868774414,28.50806999206543,3.2796854972839355,0.2950734496116638,0.15324440598487854,-69.12434387207031,-21.941146850585938,31.149322509765625,15.057299613952637,111.49513244628906,h
162.74095153808594,44.55899429321289,3.1488142013549805,0.32850533723831177,0.21175159513950348,-65.6681900024414,-55.17302322387695,-66.38026428222656,1.8665199279785156,345.0765075683594,h
243.32064819335938,49.80382537841797,3.1971302032470703,0.23496423661708832,0.12596085667610168,-153.746337890625,-121.19618225097656,-29.8459529876709,22.87813377380371,255.8115692138672,h
334.177001953125,228.0384979248047,5.179500102996826,0.013100000098347664,0.0007999999797903001,575.24072265625,231.4459991455078,-205.8946990966797,90.0,5.74560022354126,h
334.177001953125,228.0384979248047,5.179500102996826,0.013100000098347664,0.0007999999797903001,-457.9161071777344,-331.7799987792969,179.8509979248047,90.0,466.4078063964844,h
21.046234130859375,10.01999282836914,2.323596715927124,0.6234492063522339,0.33658891916275024,10.72852897644043,16.154489517211914,8.557027816772461,63.13813781738281,135.67535400390625,h
24.58024024963379,16.821908950805664,2.6852221488952637,0.33063262701034546,0.15496458113193512,36.626930236816406,-6.517134666442871,-15.28497314453125,86.18292999267578,184.3585662841797,h
62.597984313964844,16.321739196777344,2.6888251304626465,0.3325654864311218,0.18244101107120514,26.05278778076172,71.38605499267578,6.222314357757568,43.633033752441406,181.34080505371094,h
86.20628356933594,10.750091552734375,2.950558662414551,0.2582318186759949,0.14115668833255768,2.4363853931427,30.018674850463867,-6.827226161956787,45.720542907714844,185.9808349609375,h
42.1516227722168,25.294361114501953,2.661548137664795,0.3469015061855316,0.20945388078689575,-14.117630004882812,-26.151596069335938,15.03566837310791,43.79667663574219,109.94212341308594,h
31.849830627441406,18.872310638427734,2.6308512687683105,0.33398061990737915,0.1856062412261963,-48.065208435058594,8.258819580078125,7.1659345626831055,28.133190155029297,177.70921325683594,h
42.16953659057617,28.45205307006836,2.644045114517212,0.37408915162086487,0.18691405653953552,27.569854736328125,20.513750076293945,8.927599906921387,82.63656616210938,12.801721572875977,h
334.177001953125,228.0384979248047,5.179500102996826,0.013100000098347664,0.0007999999797903001,575.24072265625,231.4459991455078,179.8509979248047,90.0,5.74560022354126,h
56.49952697753906,20.667715072631836,2.9827518463134766,0.22642220556735992,0.11621522158384323,23.614084243774414,21.232791900634766,20.059261322021484,76.48744201660156,198.26513671875,h
24.35952377319336,9.693244934082031,2.4231374263763428,0.6099269390106201,0.363033264875412,17.37505531311035,26.819965362548828,6.179372310638428,4.275515556335449,156.45547485351562,h
334.177001953125,228.0384979248047,1.9413000345230103,0.013100000098347664,0.6740000247955322,-457.9161071777344,-331.7799987792969,179.8509979248047,0.0,5.74560022354126,h
334.177001953125,228.0384979248047,5.179500102996826,0.013100000098347664,0.0007999999797903001,-457.9161071777344,-331.7799987792969,179.8509979248047,90.0,466.4078063964844,h
60.21146011352539,9.927430152893066,2.555982828140259,0.41842734813690186,0.2369881421327591,97.0495376586914,6.788228511810303,-14.874460220336914,47.141021728515625,219.20211791992188,h
334.177001953125,228.0384979248047,5.179500102996826,0.013100000098347664,0.0007999999797903001,575.24072265625,231.4459991455078,-205.8946990966797,90.0,5.74560022354126,h
7.207900047302246,0.0,5.179500102996826,0.8912000060081482,0.6740000247955322,-457.9161071777344,-331.7799987792969,-205.8946990966797,90.0,466.4078063964844,h
26.347972869873047,9.928242683410645,2.394975423812866,0.6588988900184631,0.34633827209472656,21.406333923339844,-7.060942649841309,-8.772109031677246,38.8184814453125,229.18528747558594,h
334.177001953125,228.0384979248047,5.179500102996826,0.013100000098347664,0.0007999999797903001,575.24072265625,14.383692741394043,148.58238220214844,89.99996948242188,34.10869598388672,h
28.722698211669922,10.125689506530762,2.6498420238494873,0.46599525213241577,0.25734320282936096,17.020204544067383,12.317791938781738,2.733964681625366,78.44635009765625,185.89779663085938,h
129.7086944580078,69.7391586303711,3.1991631984710693,0.1853797286748886,0.10583008080720901,-80.0678939819336,19.74633026123047,71.0462417602539,17.892587661743164,287.87261962890625,h
28.54249382019043,22.58907699584961,2.661579132080078,0.3538009822368622,0.18625491857528687,7.474175930023193,-25.059627532958984,4.655645847320557,40.38229751586914,203.6961212158203,h
334.177001953125,228.0384979248047,5.179500102996826,0.013100000098347664,0.0007999999797903001,-457.9161071777344,-331.7799987792969,179.8509979248047,90.0,466.4078063964844,h
38.50605773925781,20.975990295410156,2.788799285888672,0.34998759627342224,0.22720104455947876,5.233120918273926,-6.655702114105225,-17.710634231567383,56.004112243652344,282.7159423828125,h
39.03620529174805,9.473461151123047,2.4447038173675537,0.7204492092132568,0.43641743063926697,-17.833711624145508,-28.704696655273438,4.922321796417236,63.50016784667969,166.522216796875,h
36.72084426879883,21.708242416381836,2.7839744091033936,0.456647127866745,0.25424113869667053,-67.01612091064453,-25.273399353027344,35.07557678222656,56.19660186767578,313.6172790527344,h
334.177001953125,228.0384979248047,5.179500102996826,0.013100000098347664,0.0007999999797903001,-457.9161071777344,-331.7799987792969,179.8509979248047,90.0,466.3750305175781,h
334.177001953125,228.0384979248047,5.179500102996826,0.013100000098347664,0.0007999999797903001,-457.9161071777344,-331.7799987792969,179.8509979248047,90.0,466.4078063964844,h
51.34362030029297,13.05601978302002,2.801973819732666,0.3286786377429962,0.17013730108737946,47.523555755615234,30.5451602935791,6.610014915466309,13.448421478271484,182.44085693359375,h
334.177001953125,228.0384979248047,1.9413000345230103,0.8912000060081482,0.6740000247955322,-457.9161071777344,-331.7799987792969,-205.8946990966797,0.0,5.74560022354126,h
21.726961135864258,10.216676712036133,2.373724937438965,0.7138057351112366,0.4146732687950134,-3.814070701599121,-4.75637674331665,-14.186988830566406,60.53964614868164,257.0169982910156,h
334.177001953125,228.0384979248047,5.179500102996826,0.013100000098347664,0.0007999999797903001,-457.9161071777344,-331.7799987792969,179.8509979248047,90.0,466.4078063964844,h
334.177001953125,228.0384979248047,5.179500102996826,0.013100000098347664,0.0007999999797903001,-457.9161071777344,-331.7799987792969,179.8509979248047,90.0,466.4078063964844,h
115.2150650024414,93.94666290283203,3.5961251258850098,0.10588515549898148,0.049846526235342026,17.198226928710938,69.25262451171875,86.93584442138672,65.2184066772461,178.18605041503906,h
334.177001953125,228.0384979248047,5.177801609039307,0.013100000098347664,0.0007999999797903001,575.24072265625,231.4459991455078,-205.8946990966797,89.98473358154297,172.12867736816406,h
334.177001953125,228.0384979248047,5.179500102996826,0.013100000098347664,0.0007999999797903001,575.24072265625,231.4459991455078,-205.8946990966797,90.0,5.74560022354126,h
26.878164291381836,7.534170627593994,2.4725520610809326,0.7997102737426758,0.3646000921726227,2.557184934616089,-8.794913291931152,5.008179187774658,31.386709213256836,104.43002319335938,h
334.177001953125,228.0384979248047,1.9413000345230103,0.013100000098347664,0.6740000247955322,-457.9161071777344,-331.7799987792969,179.8509979248047,0.0,466.4078063964844,h
334.177001953125,228.0384979248047,5.179500102996826,0.013100000098347664,0.0007999999797903001,-457.9161071777344,-331.7799987792969,179.8509979248047,90.0,5.74560022354126,h
334.177001953125,228.0384979248047,1.9413000345230103,0.013100000098347664,0.0007999999797903001,-457.9161071777344,-331.7799987792969,-205.8946990966797,0.0,5.74560022354126,h
334.177001953125,228.0384979248047,5.179500102996826,0.013100000098347664,0.0007999999797903001,-457.9161071777344,-331.7799987792969,179.8509979248047,90.0,466.4078063964844,h
334.1501159667969,228.0384979248047,5.179500102996826,0.013100000098347664,0.0007999999797903001,-457.9161071777344,-331.7799987792969,179.8509979248047,90.0,417.9166259765625,h
51.91146469116211,16.407238006591797,2.7247722148895264,0.44993501901626587,0.29752033948898315,53.287601470947266,65.11319732666016,8.112725257873535,49.46364212036133,237.0626678466797,h
334.177001953125,228.0384979248047,5.179500102996826,0.013100000098347664,0.0007999999797903001,-457.9161071777344,-331.7799987792969,-205.8946990966797,90.0,466.4078063964844,h
334.177001953125,228.0384979248047,1.9413000345230103,0.8912000060081482,0.6740000247955322,-457.9161071777344,-331.7799987792969,179.8509979248047,0.0,466.4078063964844,h
91.5962905883789,49.3161506652832,3.6160330772399902,0.14089453220367432,0.07371451705694199,10.238441467285156,33.922096252441406,-15.391912460327148,53.83272171020508,152.569580078125,h
41.292606353759766,12.763199806213379,2.52992844581604,0.5135901570320129,0.3371552526950836,7.107079982757568,16.510053634643555,16.852886199951172,81.12699127197266,168.99188232421875,h
334.177001953125,228.0384979248047,1.9413000345230103,0.013100000098347664,0.18276768922805786,-457.9161071777344,-331.7799987792969,179.8509979248047,0.0,5.74560022354126,h
18.340896606445312,9.301076889038086,2.419987201690674,0.653092622756958,0.4240255057811737,1.1619899272918701,8.48703670501709,-10.330853462219238,57.7090950012207,98.08934783935547,h
36.335758209228516,17.876811981201172,2.5650124549865723,0.42874324321746826,0.27405357360839844,14.18625259399414,-19.628389358520508,-11.011929512023926,40.73622131347656,154.26657104492188,h
334.177001953125,228.0384979248047,5.179500102996826,0.013100000098347664,0.0007999999797903001,-457.9161071777344,-331.7799987792969,179.8509979248047,90.0,466.4078063964844,h
334.177001953125,228.0384979248047,1.9413000345230103,0.013100000098347664,0.0008585182949900627,-457.9161071777344,-331.7799987792969,179.8509979248047,0.0,5.74560022354126,h
334.177001953125,228.0384979248047,5.179500102996826,0.013100000098347664,0.0007999999797903001,575.24072265625,231.4459991455078,-205.8946990966797,90.0,5.74560022354126,h
24.984636306762695,2.9534051418304443,2.7176151275634766,0.5038231611251831,0.3173012435436249,5.908281326293945,8.67388916015625,-8.348638534545898,25.303861618041992,210.4097442626953,h
334.177001953125,228.0384979248047,5.179500102996826,0.013100000098347664,0.0007999999797903001,-457.9161071777344,-331.7799987792969,179.8509979248047,90.0,466.4078063964844,h
324.0396423339844,227.9456329345703,5.179500102996826,0.01310223899781704,0.0007999999797903001,-292.0646667480469,-331.5791931152344,179.8062286376953,79.52327728271484,387.3538513183594,h
39.98746871948242,17.205297470092773,2.6913957595825195,0.33718493580818176,0.17493075132369995,26.750469207763672,-13.316247940063477,6.572729110717773,36.405921936035156,196.6643829345703,h
334.177001953125,228.0384979248047,5.179500102996826,0.013100000098347664,0.0007999999797903001,-457.9161071777344,-331.7799987792969,179.8509979248047,90.0,5.74560022354126,h
7.207900047302246,228.0384979248047,1.9413000345230103,0.8912000060081482,0.6740000247955322,-457.9161071777344,-331.7799987792969,179.8509979248047,0.0,5.74560022354126,h
334.177001953125,228.0384979248047,5.179500102996826,0.013100000098347664,0.0007999999797903001,575.24072265625,231.4459991455078,-205.8946990966797,90.0,466.4078063964844,h
334.177001953125,228.0384979248047,5.179500102996826,0.013100000098347664,0.0007999999797903001,-457.9161071777344,-331.7799987792969,179.8509979248047,90.0,6.254828453063965,h
176.29818725585938,99.55415344238281,3.7269043922424316,0.07450343668460846,0.03715837001800537,88.14002227783203,193.3634796142578,-192.35060119628906,48.407962799072266,216.36184692382812,h
334.177001953125,228.0384979248047,5.179500102996826,0.013100000098347664,0.0007999999797903001,575.24072265625,231.4459991455078,-205.8946990966797,90.0,5.74560022354126,h
276.981201171875,228.03079223632812,4.841687202453613,0.0255233496427536,0.004234536550939083,127.61814880371094,-57.440914154052734,-205.8081817626953,59.028072357177734,354.2189025878906,h
241.84487915039062,199.21511840820312,4.344629287719727,0.026199426501989365,0.012055238708853722,-210.88734436035156,-106.8871841430664,172.6032257080078,58.71416091918945,220.058837890625,h
334.177001953125,228.0384979248047,5.179500102996826,0.013100000098347664,0.0007999999797903001,575.24072265625,231.4459991455078,179.8509979248047,90.0,5.74560022354126,h
334.177001953125,228.0384979248047,5.179500102996826,0.013100000098347664,0.0007999999797903001,-457.9161071777344,-331.7799987792969,179.8509979248047,90.0,466.4078063964844,h
138.93377685546875,63.88019943237305,3.708818197250366,0.09215434640645981,0.042765337973833084,60.06203079223633,147.93885803222656,-54.991455078125,63.58167266845703,283.0318908691406,h
21.40459442138672,12.67446231842041,2.458913803100586,0.5509288907051086,0.2634340822696686,28.149526596069336,17.88199234008789,-0.2995925545692444,63.73567199707031,106.84180450439453,h
334.177001953125,228.0384979248047,5.179500102996826,0.013100000098347664,0.0007999999797903001,-457.9161071777344,-331.7799987792969,179.8509979248047,90.0,466.4078063964844,h
31.539949417114258,22.048599243164062,2.611624240875244,0.3919565975666046,0.18839725852012634,-13.267242431640625,-21.330785751342773,-8.59872817993164,52.690555572509766,130.0779266357422,h
334.177001953125,228.0384979248047,5.179500102996826,0.013100000098347664,0.0007999999797903001,-457.9161071777344,-331.7799987792969,-205.8946990966797,90.0,466.4078063964844,h
37.11091232299805,8.959454536437988,2.506913423538208,0.4690355956554413,0.23194685578346252,-53.927249908447266,11.919563293457031,-6.273013114929199,41.46610641479492,212.18756103515625,h
334.177001953125,0.0,5.179500102996826,0.013100000098347664,0.6740000247955322,-457.9161071777344,-331.7799987792969,-205.8946990966797,90.0,5.74560022354126,h
59.52128982543945,44.80270004272461,3.3230183124542236,0.2667921483516693,0.13626587390899658,53.09858322143555,32.38230514526367,22.422317504882812,77.67887878417969,179.44981384277344,h
124.4227066040039,31.8914794921875,2.7868340015411377,0.28671613335609436,0.16242513060569763,30.076509475708008,169.6375274658203,-4.518309593200684,87.14690399169922,165.4166259765625,h
58.115325927734375,22.78049659729004,3.1916117668151855,0.2947341799736023,0.18458546698093414,13.000082015991211,84.30864715576172,-6.017190456390381,62.05253982543945,171.14553833007812,h
7.207900047302246,0.0,5.179500102996826,0.8912000060081482,0.6740000247955322,-457.9161071777344,-331.7799987792969,-205.8946990966797,90.0,466.4078063964844,h
12.450576782226562,228.0384979248047,1.9413000345230103,0.013171512633562088,0.002460479736328125,-457.9161071777344,-331.7799987792969,179.8302001953125,0.0,5.74560022354126,h
334.177001953125,228.0384979248047,1.9413000345230103,0.013100000098347664,0.18181820213794708,-457.9161071777344,-331.7799987792969,179.8509979248047,0.0,5.74560022354126,h
120.39498901367188,34.82139205932617,3.096280097961426,0.2995826303958893,0.15783536434173584,123.8893814086914,107.50147247314453,-28.106800079345703,60.060874938964844,159.131591796875,h
24.568790435791016,13.03699016571045,2.4310216903686523,0.4469931721687317,0.2807443141937256,4.580526351928711,-12.0115966796875,-15.607954978942871,87.70872497558594,163.2721405029297,h
334.177001953125,228.0384979248047,1.9413000345230103,0.013100000098347664,0.0007999999797903001,-457.9161071777344,-331.7799987792969,-205.8946990966797,0.0,5.74560022354126,h
334.177001953125,228.0384979248047,5.179500102996826,0.013100000098347664,0.0007999999797903001,-457.9161071777344,-132.22174072265625,-205.8946990966797,90.0,146.0629425048828,h
334.177001953125,228.0384979248047,5.179500102996826,0.013100000098347664,0.0007999999797903001,575.24072265625,231.4459991455078,-205.8946990966797,90.0,5.74560022354126,h
21.03861427307129,10.452066421508789,2.6403329372406006,0.5198298096656799,0.272662878036499,-2.8307058811187744,-21.418556213378906,8.928767204284668,30.965818405151367,151.5928192138672,h
334.177001953125,228.0384979248047,5.179500102996826,0.013100000098347664,0.0007999999797903001,575.24072265625,231.4459991455078,-205.8946990966797,90.0,5.74560022354126,h
34.96442413330078,11.625203132629395,2.3775393962860107,0.4891435503959656,0.25384077429771423,54.076290130615234,33.86398696899414,-12.700715065002441,57.75589370727539,156.91554260253906,h
334.177001953125,228.0384979248047,5.179500102996826,0.013100000098347664,0.0007999999797903001,-457.9161071777344,-331.7799987792969,-205.8946990966797,90.0,466.4078063964844,h
28.588443756103516,10.262767791748047,2.606783390045166,0.42648544907569885,0.22644202411174774,19.765487670898438,7.64184045791626,11.105039596557617,81.0831069946289,205.7738800048828,h
91.1289291381836,27.79281997680664,3.203338384628296,0.2730192542076111,0.18323945999145508,-153.19996643066406,-53.38324737548828,4.096292972564697,1.7064669132232666,325.2381591796875,h
333.7182312011719,228.0384979248047,5.179500102996826,0.013100000098347664,0.0007999999797903001,-457.9161071777344,18.842336654663086,-205.8946990966797,89.99408721923828,466.4078063964844,h
23.90398406982422,13.983410835266113,2.4149255752563477,0.5303906798362732,0.3031017780303955,41.54423904418945,14.080525398254395,10.39863109588623,6.859858989715576,58.088748931884766,h
334.177001953125,228.0384979248047,1.9413000345230103,0.013100000098347664,0.0007999999797903001,-457.9161071777344,-331.7799987792969,179.8509979248047,0.0,5.74560022354126,h
27.698291778564453,12.388763427734375,2.485095977783203,0.42886823415756226,0.27220049500465393,-14.924579620361328,-5.819723606109619,-6.7296462059021,52.96940612792969,165.91757202148438,h
334.177001953125,228.0384979248047,5.179500102996826,0.013100000098347664,0.0007999999797903001,-457.9161071777344,-331.7799987792969,179.8509979248047,90.0,466.4078063964844,h
69.04801177978516,12.926212310791016,2.6943013668060303,0.2628297507762909,0.14489226043224335,74.08677673339844,32.36595916748047,0.24971038103103638,49.57200241088867,122.42289733886719,h
7.207900047302246,0.0,1.9413000345230103,0.8912000060081482,0.6740000247955322,-457.9161071777344,-331.7799987792969,-205.8946990966797,0.0,5.74560022354126,h
7.7038164138793945,16.682435989379883,1.9413000345230103,0.7211452126502991,0.3421374261379242,24.79430389404297,-24.744600296020508,20.16575050354004,0.0,55.60493469238281,h
334.177001953125,228.0384979248047,5.179500102996826,0.013100000098347664,0.0007999999797903001,-457.9161071777344,-331.7799987792969,179.8509979248047,90.0,466.4078063964844,h
37.40907669067383,9.686946868896484,2.367677927017212,0.5772028565406799,0.30479559302330017,-66.1557388305664,-37.592857360839844,6.030919075012207,63.491172790527344,147.08688354492188,h
334.177001953125,228.0384979248047,5.179500102996826,0.013100000098347664,0.0007999999797903001,-457.9161071777344,-331.7799987792969,179.8509979248047,90.0,466.4078063964844,h
83.3975830078125,15.098104476928711,3.0813262462615967,0.20044958591461182,0.10669246315956116,28.69585609436035,62.92324447631836,-5.483374118804932,77.58712768554688,163.6698760986328,h
334.177001953125,228.0384979248047,5.179500102996826,0.013100000098347664,0.0007999999797903001,-457.9161071777344,231.4459991455078,-205.8946990966797,90.0,466.4078063964844,h
64.21862030029297,27.291866302490234,2.938579559326172,0.17060554027557373,0.09778348356485367,50.09092330932617,5.76851224899292,16.369081497192383,49.10893630981445,134.1526641845703,h
334.177001953125,228.0384979248047,5.179500102996826,0.013100000098347664,0.0007999999797903001,575.24072265625,231.4459991455078,-205.8946990966797,90.0,5.74560022354126,h
334.177001953125,228.0384979248047,5.179500102996826,0.013100000098347664,0.0007999999797903001,575.24072265625,231.4459991455078,179.8509979248047,90.0,5.74560022354126,h
16.421316146850586,5.96995210647583,2.366800546646118,0.5630654692649841,0.2948148548603058,30.385766983032227,20.78577423095703,5.176414966583252,47.35478973388672,206.08486938476562,h
86.95000457763672,39.04523468017578,3.861881732940674,0.11720209568738937,0.0775294303894043,97.94458770751953,19.53090476989746,26.5394229888916,43.36622619628906,223.990234375,h
179.7689208984375,50.83726119995117,3.2336716651916504,0.27393046021461487,0.20059259235858917,-83.06692504882812,-129.13494873046875,9.47175121307373,15.077774047851562,330.4488220214844,h
8.494534492492676,11.787559509277344,1.9414480924606323,0.8076432347297668,0.4397727847099304,9.98927116394043,-19.1384220123291,5.640554428100586,2.5611798763275146,169.31332397460938,h
37.93703842163086,21.59369659423828,2.7619776725769043,0.1949310004711151,0.11064463108778,-0.6526117920875549,-13.13546085357666,17.223228454589844,11.60954475402832,191.1510772705078,h
35.83015823364258,19.718923568725586,2.498995542526245,0.4268132448196411,0.27312830090522766,46.671112060546875,18.09702491760254,25.17426872253418,14.47067642211914,132.171630859375,h
334.177001953125,228.0384979248047,5.179500102996826,0.013100000098347664,0.0007999999797903001,575.24072265625,231.4459991455078,-205.8946990966797,90.0,5.74560022354126,h
17.202346801757812,13.150161743164062,2.336062431335449,0.7119200825691223,0.4116542339324951,10.637384414672852,-5.096729755401611,-6.865522861480713,15.708662986755371,197.72206115722656,h
20.200986862182617,3.6088180541992188,2.379837989807129,0.5779638290405273,0.44031602144241333,0.08348136395215988,13.952731132507324,8.488744735717773,76.60993957519531,108.89733123779297,h
334.177001953125,228.0384979248047,5.179500102996826,0.013100000098347664,0.0007999999797903001,575.24072265625,231.4459991455078,-205.8946990966797,90.0,5.758734703063965,h
113.35790252685547,21.394241333007812,2.8888418674468994,0.30922624468803406,0.15882723033428192,10.486543655395508,-112.06996154785156,4.963851451873779,71.54811096191406,286.3401794433594,h
334.177001953125,228.0384979248047,5.179500102996826,0.013100000098347664,0.0007999999797903001,-457.9161071777344,-331.7799987792969,179.8509979248047,90.0,58.81941223144531,h
334.177001953125,228.0384979248047,5.179500102996826,0.013100000098347664,0.0007999999797903001,-457.9161071777344,-331.7799987792969,179.8509979248047,90.0,5.74560022354126,h
134.2546844482422,68.89094543457031,3.529222249984741,0.1541055142879486,0.0773695558309555,-154.90296936035156,-107.53511810302734,-57.74806594848633,14.253891944885254,242.48678588867188,h
133.09266662597656,83.4709701538086,3.9631600379943848,0.09910108149051666,0.032784249633550644,188.22402954101562,196.3441162109375,99.56242370605469,72.02246856689453,114.15673065185547,h
67.44459533691406,41.77164840698242,3.271392345428467,0.15230560302734375,0.08180589228868484,-0.6214343309402466,70.15387725830078,-23.66721534729004,76.0106430053711,259.34991455078125,h
334.177001953125,228.0384979248047,5.179500102996826,0.013100000098347664,0.0007999999797903001,-457.9161071777344,231.4459991455078,179.8509979248047,0.0,5.74560022354126,h
19.492084503173828,16.697420120239258,2.5362234115600586,0.4636525511741638,0.24430590867996216,-0.21063874661922455,18.56316375732422,-20.744417190551758,36.29267501831055,35.77918243408203,h
334.177001953125,228.0384979248047,5.179500102996826,0.013100000098347664,0.0007999999797903001,-457.9161071777344,231.4459991455078,-205.8946990966797,90.0,466.4078063964844,h
334.177001953125,228.0384979248047,5.179500102996826,0.013100000098347664,0.0007999999797903001,575.24072265625,231.4459991455078,179.8509979248047,90.0,5.74560022354126,h
334.177001953125,228.0384979248047,5.179500102996826,0.013100000098347664,0.0007999999797903001,575.24072265625,231.4459991455078,-205.8946990966797,90.0,5.74560022354126,h
334.177001953125,228.0384979248047,5.179500102996826,0.013100000098347664,0.0007999999797903001,575.24072265625,231.4459991455078,-9.65577220916748,90.0,466.4078063964844,h
334.177001953125,228.0384979248047,5.179500102996826,0.013100000098347664,0.0007999999797903001,575.24072265625,231.4459991455078,-205.8946990966797,90.0,466.4078063964844,h
317.8627014160156,228.0384979248047,1.9413000345230103,0.013100000098347664,0.282367467880249,-457.9161071777344,-331.7799987792969,179.8509979248047,0.0,5.764377117156982,h
334.177001953125,228.0384979248047,5.179500102996826,0.013100000098347664,0.0007999999797903001,-457.9161071777344,-331.7799987792969,-205.8946990966797,90.0,466.4078063964844,h
334.177001953125,228.0384979248047,5.179500102996826,0.013100000098347664,0.0007999999797903001,-457.9161071777344,-331.7799987792969,-205.8946990966797,90.0,5.74560022354126,h
116.74433898925781,81.2420883178711,4.34052848815918,0.025777477771043777,0.019880304113030434,53.70140838623047,84.86866760253906,16.507474899291992,62.3416633605957,254.4927978515625,h
334.177001953125,228.0384979248047,5.179500102996826,0.013100000098347664,0.0007999999797903001,-457.9161071777344,231.4459991455078,179.8509979248047,90.0,5.74560022354126,h
12.494585990905762,228.0384979248047,1.9413000345230103,0.013100000098347664,0.0007999999797903001,-457.9161071777344,-331.7799987792969,179.8509979248047,0.0,5.74560022354126,h
264.7542419433594,48.67500305175781,3.431161403656006,0.13645173609256744,0.08894461393356323,-185.5966033935547,-262.74786376953125,-25.74097442626953,19.93561553955078,263.4195861816406,h
112.29163360595703,14.534342765808105,3.3809814453125,0.27146586775779724,0.1556222140789032,-39.474491119384766,112.82711029052734,-15.263154983520508,39.36323165893555,217.7239532470703,h
30.029417037963867,11.086122512817383,2.588308572769165,0.5143179297447205,0.3082953095436096,5.845779895782471,37.30765914916992,13.720019340515137,46.72062301635742,168.25479125976562,h
44.243370056152344,12.62044906616211,2.8820700645446777,0.44149914383888245,0.2236649990081787,13.996343612670898,28.384727478027344,-12.548550605773926,0.7326763272285461,244.88180541992188,h
103.44351959228516,28.597015380859375,2.484933853149414,0.4916764497756958,0.3669778108596802,-58.18716812133789,-76.53533935546875,9.472559928894043,47.268798828125,186.02603149414062,h
334.177001953125,228.0384979248047,5.179500102996826,0.013100000098347664,0.0007999999797903001,575.24072265625,231.4459991455078,-205.8946990966797,90.0,5.74560022354126,h
15.88652229309082,14.421387672424316,2.3172545433044434,0.6692466139793396,0.3425186276435852,-19.93266487121582,-8.867375373840332,7.543620586395264,15.966058731079102,168.84881591796875,h
96.04074096679688,45.77842712402344,3.6850662231445312,0.17930443584918976,0.08301986753940582,-12.479886054992676,-114.45370483398438,-24.0782527923584,70.56098937988281,240.69337463378906,h
23.806177139282227,8.186058044433594,2.5296144485473633,0.7270904183387756,0.47277799248695374,2.479889392852783,9.816843032836914,10.024922370910645,42.11761474609375,196.43170166015625,h
334.177001953125,228.0384979248047,5.179500102996826,0.013100000098347664,0.0007999999797903001,575.24072265625,231.4459991455078,179.8509979248047,90.0,5.74560022354126,h
42.0893669128418,16.384016036987305,2.601259708404541,0.4047119617462158,0.23115070164203644,-28.62644386291504,26.400035858154297,9.09203052520752,29.193897247314453,310.82830810546875,h
73.88739776611328,15.136065483093262,2.702784538269043,0.35964909195899963,0.18713539838790894,-23.895790100097656,64.85304260253906,-10.01473331451416,81.01359558105469,230.37364196777344,h
50.75010681152344,29.687339782714844,2.947051525115967,0.27385830879211426,0.1441381722688675,-92.01441192626953,-34.227725982666016,7.500308990478516,44.92646408081055,184.17930603027344,h
20.079198837280273,13.063549041748047,2.560319662094116,0.5745188593864441,0.26410239934921265,-12.589634895324707,-8.16744613647461,3.259775400161743,20.684823989868164,133.40045166015625,h
334.177001953125,228.0384979248047,5.179500102996826,0.013100000098347664,0.0007999999797903001,-457.9161071777344,-331.7799987792969,179.8509979248047,90.0,466.4078063964844,h
334.177001953125,228.0384979248047,5.179500102996826,0.013100000098347664,0.0007999999797903001,575.24072265625,231.4459991455078,-205.8946990966797,90.0,5.74560022354126,h
45.151031494140625,8.267138481140137,2.8104617595672607,0.44693294167518616,0.2559815049171448,12.378374099731445,13.988040924072266,-1.2733948230743408,55.39971160888672,202.83514404296875,h
334.177001953125,228.0384979248047,5.179500102996826,0.013100000098347664,0.0007999999797903001,-457.9161071777344,-331.7799987792969,-205.8946990966797,90.0,5.74560022354126,h
334.177001953125,228.0384979248047,5.179500102996826,0.013100000098347664,0.0007999999797903001,575.24072265625,231.4459991455078,52.12051010131836,89.99996948242188,5.74560022354126,h
30.581401824951172,15.9309663772583,2.9105141162872314,0.33339923620224,0.18370284140110016,34.87445831298828,25.237648010253906,6.202073574066162,3.757761001586914,135.01156616210938,h
40.0705680847168,10.98523998260498,2.553100824356079,0.4208357334136963,0.23245419561862946,26.947589874267578,9.74765396118164,-13.267805099487305,72.66108703613281,166.2479248046875,h
334.177001953125,228.0384979248047,5.179500102996826,0.013100000098347664,0.0007999999797903001,575.24072265625,231.4459991455078,-205.8946990966797,90.0,5.74560022354126,h
37.60564041137695,14.079970359802246,2.7114217281341553,0.35833173990249634,0.1938696652650833,-16.432390213012695,-7.365169048309326,-7.642635822296143,32.6555290222168,150.8741912841797,h
12.608200073242188,4.668789863586426,2.1868484020233154,0.8855466246604919,0.6468281149864197,-12.509452819824219,7.388743877410889,-6.9701032638549805,4.182333946228027,176.74789428710938,h
13.137359619140625,9.885587692260742,2.4033591747283936,0.7505931258201599,0.4232238233089447,-12.270263671875,14.25273609161377,-14.613360404968262,86.24047088623047,203.29061889648438,h
12.744468688964844,0.0,2.1383323669433594,0.8283296227455139,0.4727563261985779,-3.0568737983703613,-8.771903038024902,-11.723841667175293,24.76223373413086,202.42617797851562,h
334.177001953125,228.0384979248047,5.179500102996826,0.013100000098347664,0.0007999999797903001,575.24072265625,231.4459991455078,-205.8946990966797,90.0,466.4078063964844,h
232.388916015625,131.54415893554688,4.53590726852417,0.06401976943016052,0.04271584004163742,-0.40130293369293213,-315.9997863769531,-196.93405151367188,23.76935577392578,460.4439392089844,h
219.6089630126953,85.95687103271484,3.699424982070923,0.1697777509689331,0.09456922858953476,-115.65489196777344,-176.43504333496094,78.18911743164062,39.15530776977539,227.07351684570312,h
50.33940505981445,20.980812072753906,2.610337018966675,0.34968745708465576,0.17859195172786713,-17.850971221923828,-21.445356369018555,-20.010395050048828,15.512445449829102,186.38973999023438,h
55.27313232421875,10.910282135009766,3.054490327835083,0.38671231269836426,0.22303007543087006,6.293893814086914,-9.034571647644043,-10.942763328552246,19.237520217895508,170.23228454589844,h
31.261566162109375,12.412291526794434,2.7120888233184814,0.5090250372886658,0.3079448640346527,-12.501742362976074,17.117464065551758,10.373909950256348,74.67957305908203,222.79885864257812,h
334.177001953125,228.0384979248047,5.179500102996826,0.013100000098347664,0.0007999999797903001,575.24072265625,231.4459991455078,-205.8946990966797,90.0,5.74560022354126,h
61.614803314208984,15.052552223205566,3.3891773223876953,0.2286216765642166,0.1095673069357872,-55.8535041809082,49.43622970581055,-4.124223709106445,60.084739685058594,89.52339935302734,h
80.6490707397461,44.33060073852539,3.1103808879852295,0.3077474534511566,0.16177687048912048,-46.281036376953125,-33.79905700683594,21.1389102935791,12.202709197998047,322.128662109375,h
58.47119903564453,33.61409378051758,3.1908822059631348,0.22017435729503632,0.1337759792804718,5.437426567077637,30.810590744018555,26.054052352905273,66.77198791503906,57.18434524536133,h
7.207900047302246,0.0,1.9413000345230103,0.8912000060081482,0.6740000247955322,-457.9161071777344,-331.7799987792969,179.8509979248047,90.0,5.74560022354126,h
319.8431396484375,200.14596557617188,3.7938945293426514,0.1304885745048523,0.05102856084704399,-449.2366638183594,-200.22328186035156,-186.0104217529297,70.56745147705078,312.2041931152344,h
21.85805892944336,228.0384979248047,1.9413000345230103,0.04069674015045166,0.0943690612912178,-457.9161071777344,-331.7799987792969,179.8509979248047,0.0,5.74560022354126,h
167.39202880859375,25.313236236572266,3.2980475425720215,0.2260686308145523,0.10429836064577103,115.9784927368164,-22.163129806518555,14.599702835083008,2.578639507293701,374.2338562011719,h
51.729888916015625,10.892983436584473,2.482093572616577,0.45856964588165283,0.24980968236923218,-119.22727966308594,54.879215240478516,5.436624526977539,6.557489395141602,251.10824584960938,h
7.207900047302246,228.0384979248047,1.9413000345230103,0.8912000060081482,0.6740000247955322,-457.9161071777344,-331.7799987792969,179.8509979248047,0.0,466.4078063964844,h
333.616455078125,227.97828674316406,5.179500102996826,0.013100000098347664,0.0007999999797903001,-457.9161071777344,-307.4523010253906,178.87069702148438,89.99951934814453,273.4363098144531,h
7.2136406898498535,18.984928131103516,1.9413000345230103,0.7648051381111145,0.3899537920951843,-0.802686870098114,-14.986152648925781,12.637901306152344,1.1833174228668213,110.92973327636719,h
133.15090942382812,84.32316589355469,3.7840988636016846,0.10479003190994263,0.04752543941140175,13.187097549438477,132.20216369628906,6.954043865203857,29.347028732299805,353.52508544921875,h
24.297744750976562,15.76753044128418,2.778247594833374,0.4059719443321228,0.2021850049495697,-2.7027766704559326,-12.656550407409668,12.434454917907715,43.08545684814453,68.15818786621094,h
7.207900047302246,228.0384979248047,1.9413000345230103,0.8912000060081482,0.6740000247955322,-457.9161071777344,-331.7799987792969,179.8509979248047,0.0,5.74560022354126,h
334.177001953125,228.0384979248047,5.179500102996826,0.013100000098347664,0.0007999999797903001,575.24072265625,231.4459991455078,-205.8946990966797,90.0,5.74560022354126,h
101.22696685791016,24.417804718017578,2.764012098312378,0.3735671937465668,0.2256932109594345,-114.23965454101562,-91.09129333496094,16.28632926940918,29.70184898376465,225.02955627441406,h
92.76651763916016,20.497941970825195,3.185821056365967,0.241133451461792,0.13510894775390625,-33.96722412109375,-10.055013656616211,13.181537628173828,7.084588050842285,182.31552124023438,h
201.74928283691406,32.58195495605469,3.174171209335327,0.2034103274345398,0.11330428719520569,421.1679382324219,135.78041076660156,-19.126760482788086,5.558534145355225,258.12115478515625,h
334.177001953125,228.0384979248047,5.179500102996826,0.013100000098347664,0.0007999999797903001,-457.9161071777344,-331.7799987792969,-205.8946990966797,90.0,466.4078063964844,h
128.72958374023438,92.2720718383789,3.7771847248077393,0.07093692570924759,0.027962900698184967,-51.02933883666992,20.656190872192383,26.324100494384766,16.74152946472168,185.00189208984375,h
17.494525909423828,11.609355926513672,2.2211802005767822,0.46910879015922546,0.2593955993652344,0.4656222462654114,-7.493386268615723,-7.261148929595947,64.81163024902344,77.54383850097656,h
334.177001953125,228.0384979248047,5.179500102996826,0.013100000098347664,0.0007999999797903001,-457.9161071777344,-331.7799987792969,179.8509979248047,90.0,466.4078063964844,h
7.207900047302246,0.0,1.9413000345230103,0.8912000060081482,0.6740000247955322,-457.9161071777344,-331.7799987792969,179.8509979248047,90.0,5.74560022354126,h
124.49588012695312,16.736291885375977,2.759828805923462,0.3134552836418152,0.19990305602550507,110.72317504882812,82.06352996826172,-14.305615425109863,3.3751332759857178,235.90846252441406,h
334.177001953125,228.0384979248047,5.179500102996826,0.013100000098347664,0.0007999999797903001,575.24072265625,231.4459991455078,-205.8946990966797,90.0,5.74560022354126,h
64.51009368896484,30.32532501220703,2.7379322052001953,0.24106575548648834,0.10195150226354599,-0.7265522480010986,-14.17097282409668,20.991798400878906,16.841033935546875,295.5382385253906,h
37.69997024536133,19.38850975036621,2.712461471557617,0.32132214307785034,0.18268983066082,-0.2233479917049408,26.492874145507812,-9.147756576538086,15.682085990905762,207.60264587402344,h
25.785200119018555,16.701459884643555,2.6125588417053223,0.3677361011505127,0.20737026631832123,12.751686096191406,13.019216537475586,5.072386264801025,13.074861526489258,102.08490753173828,h
105.50953674316406,24.62843132019043,2.947681427001953,0.21033048629760742,0.11943859606981277,-66.89315032958984,86.29283142089844,15.316712379455566,16.085693359375,139.47158813476562,h
68.02190399169922,33.954322814941406,2.815176248550415,0.2576320171356201,0.13318270444869995,-34.43726348876953,43.802913665771484,3.895968437194824,72.27336883544922,179.70407104492188,h
334.177001953125,228.0384979248047,5.179500102996826,0.013100000098347664,0.0007999999797903001,-457.9161071777344,-331.7799987792969,179.8509979248047,90.0,466.4078063964844,h
22.502643585205078,19.15477180480957,2.254507064819336,0.47338348627090454,0.2656869888305664,-5.231919288635254,-16.229246139526367,-9.927186012268066,32.386478424072266,79.50031280517578,h
334.177001953125,228.0384979248047,1.9413000345230103,0.89119553565979,0.6740000247955322,-457.9161071777344,-331.7799987792969,179.8509979248047,0.0,466.4078063964844,h
27.360820770263672,22.414447784423828,2.737549066543579,0.3384072482585907,0.20124593377113342,-7.522446632385254,13.99779224395752,-12.881287574768066,60.071128845214844,234.49513244628906,h
82.32078552246094,25.34309196472168,3.1091699600219727,0.24590720236301422,0.14932909607887268,53.31999206542969,56.55320739746094,17.618146896362305,23.73232650756836,222.0728759765625,h
334.177001953125,228.0384979248047,5.179500102996826,0.013100000098347664,0.0007999999797903001,-457.9161071777344,-331.7799987792969,-205.8946990966797,90.0,466.4078063964844,h
334.177001953125,228.0384979248047,5.179500102996826,0.013100000098347664,0.0007999999797903001,575.24072265625,231.4459991455078,-205.8946990966797,90.0,5.74560022354126,h
20.550289154052734,10.039132118225098,2.216790199279785,0.6775227189064026,0.4079660177230835,15.037193298339844,20.82516098022461,-6.2192583084106445,28.487442016601562,173.10848999023438,h
334.177001953125,228.0384979248047,5.179500102996826,0.013100000098347664,0.0007999999797903001,575.24072265625,231.4459991455078,-205.8946990966797,90.0,466.4078063964844,h
334.177001953125,228.0384979248047,5.179500102996826,0.013100000098347664,0.0007999999797903001,-457.9161071777344,231.4459991455078,-205.8946990966797,90.0,5.74560022354126,h
26.013614654541016,12.952486991882324,2.7707557678222656,0.48882266879081726,0.2656460404396057,48.1690559387207,21.872568130493164,17.80741310119629,24.17692756652832,91.05302429199219,h
21.60041618347168,7.019616603851318,2.460423231124878,0.7566970586776733,0.4561070203781128,4.385013103485107,7.33669376373291,-13.791923522949219,57.494293212890625,303.70989990234375,h
20.27374839782715,7.4459547996521,2.5573081970214844,0.8069941401481628,0.5050145983695984,3.730947971343994,16.79239845275879,4.359156608581543,82.69113159179688,156.12936401367188,h
334.177001953125,228.0384979248047,5.179500102996826,0.013100000098347664,0.0007999999797903001,575.24072265625,231.4459991455078,-205.8946990966797,90.0,5.74560022354126,h
334.177001953125,228.0384979248047,5.179500102996826,0.013100000098347664,0.0007999999797903001,-457.9161071777344,-331.7799987792969,-205.8946990966797,90.0,466.4078063964844,h
334.177001953125,228.0384979248047,5.179500102996826,0.013100000098347664,0.0007999999797903001,575.24072265625,231.4459991455078,179.8509979248047,90.0,5.74560022354126,h
334.177001953125,228.0384979248047,5.179500102996826,0.013100000098347664,0.0007999999797903001,-457.9161071777344,-331.7799987792969,179.8509979248047,90.0,5.74560022354126,h
36.650028228759766,11.458009719848633,2.6017279624938965,0.5638720989227295,0.2966681718826294,-5.707507610321045,-16.186527252197266,-6.507259845733643,71.1830825805664,77.16126251220703,h
334.177001953125,228.0384979248047,5.179500102996826,0.013100000098347664,0.0007999999797903001,-457.9161071777344,231.4459991455078,179.8509979248047,90.0,5.74560022354126,h
7.207900047302246,0.0,1.9413000345230103,0.8912000060081482,0.6740000247955322,-457.9161071777344,-331.7799987792969,-205.8946990966797,90.0,5.74560022354126,h
334.177001953125,228.0384979248047,1.9413000345230103,0.013100000098347664,0.6740000247955322,-457.9161071777344,-331.7799987792969,179.8509979248047,0.0,5.74560022354126,h
112.80482482910156,128.6085205078125,5.006420135498047,0.025416776537895203,0.013221423141658306,-5.824471473693848,-166.02122497558594,92.4870834350586,88.83515930175781,345.3751525878906,h
21.911531448364258,228.0384979248047,1.9413000345230103,0.8912000060081482,0.6740000247955322,-457.9161071777344,-331.7799987792969,179.8509979248047,0.0,5.74560022354126,h
334.177001953125,228.0384979248047,5.179500102996826,0.013100000098347664,0.0007999999797903001,-457.9161071777344,-331.7799987792969,-205.8946990966797,90.0,466.4078063964844,h
44.410953521728516,12.097428321838379,2.8884711265563965,0.29000237584114075,0.14523649215698242,-3.3917441368103027,14.474023818969727,-5.840309143066406,22.83535385131836,193.25868225097656,h
56.907752990722656,51.79189682006836,3.1434714794158936,0.1779126673936844,0.09435047209262848,29.542272567749023,44.0135383605957,41.31803894042969,45.35419464111328,249.41212463378906,h
7.207900047302246,0.0,5.179500102996826,0.5609457492828369,0.6740000247955322,-457.9161071777344,231.4459991455078,179.8509979248047,90.0,5.74560022354126,h
240.64727783203125,88.83131408691406,3.9653804302215576,0.06850247085094452,0.0216642078012228,73.1685562133789,222.93128967285156,-114.492431640625,43.79410171508789,25.821725845336914,h
334.177001953125,228.0384979248047,5.179500102996826,0.013100000098347664,0.0007999999797903001,575.24072265625,231.4459991455078,-205.8946990966797,90.0,53.87073516845703,h
334.177001953125,228.0384979248047,5.179500102996826,0.013100000098347664,0.0007999999797903001,575.24072265625,231.4459991455078,-205.8946990966797,90.0,354.15264892578125,h
174.6363525390625,107.77076721191406,3.703274965286255,0.11441673338413239,0.05246744304895401,4.829342842102051,69.76188659667969,-29.51702308654785,65.5495376586914,50.6530876159668,h
30.44003677368164,11.310466766357422,2.8020923137664795,0.5504234433174133,0.3545438051223755,14.492096900939941,-13.45895004272461,2.8777034282684326,85.93536376953125,152.37747192382812,h
334.177001953125,228.0384979248047,5.179500102996826,0.013100000098347664,0.0007999999797903001,-457.9161071777344,231.4459991455078,-205.8946990966797,90.0,466.4078063964844,h
13.229677200317383,12.188765525817871,2.40421462059021,0.7727466821670532,0.4285167455673218,0.5802980661392212,16.37137794494629,12.52572250366211,74.18614196777344,175.616455078125,h
51.09881591796875,24.1673526763916,2.713369607925415,0.35023316740989685,0.2266189455986023,-102.81022644042969,-155.04177856445312,-17.190385818481445,70.80912780761719,198.81520080566406,h
7.729175567626953,228.0384979248047,1.9413000345230103,0.8912000060081482,0.6740000247955322,-457.9161071777344,-331.7799987792969,179.8509979248047,0.0,466.4078063964844,h
334.177001953125,228.0384979248047,5.179500102996826,0.013100000098347664,0.0007999999797903001,-457.9161071777344,-328.7177734375,-205.8946990966797,90.0,466.4078063964844,h
334.177001953125,228.0384979248047,5.179500102996826,0.013100000098347664,0.6695467829704285,-457.9161071777344,-331.7799987792969,-205.8946990966797,90.0,5.74560022354126,h
10.717090606689453,228.0384979248047,1.9413000345230103,0.8912000060081482,0.6740000247955322,-457.9161071777344,-331.7799987792969,179.8509979248047,0.0,5.74560022354126,h
136.9583282470703,57.7928581237793,3.643096685409546,0.15020763874053955,0.08053025603294373,-124.9709243774414,-107.11883544921875,-13.579166412353516,67.71312713623047,341.6141662597656,h
25.12853240966797,9.582498550415039,2.460901975631714,0.5630950331687927,0.3325432538986206,15.593185424804688,25.864686965942383,-11.142264366149902,72.96648406982422,221.455322265625,h
334.177001953125,228.0384979248047,5.179500102996826,0.013100000098347664,0.0007999999797903001,-457.9161071777344,-331.7799987792969,179.8509979248047,90.0,466.4078063964844,h
27.174415588378906,16.766977310180664,2.8679544925689697,0.31653064489364624,0.16732074320316315,-9.183634757995605,-23.497594833374023,12.432600021362305,85.25271606445312,236.83885192871094,h
163.53953552246094,207.73622131347656,5.160552024841309,0.013524237088859081,0.0011087550083175302,-377.24090576171875,-21.573713302612305,-189.39405822753906,88.14006805419922,325.6463623046875,h
40.077354431152344,10.881731033325195,2.489750623703003,0.37101325392723083,0.20062316954135895,2.455394744873047,-17.829185485839844,-8.697277069091797,61.167720794677734,128.7904815673828,h
334.177001953125,228.0384979248047,5.179500102996826,0.013100000098347664,0.0007999999797903001,-457.9161071777344,231.4459991455078,-205.8946990966797,90.0,466.4078063964844,h
7.207900047302246,0.0,1.9418147802352905,0.8912000060081482,0.6740000247955322,-457.9161071777344,231.4459991455078,179.8509979248047,90.0,466.4078063964844,h
334.177001953125,228.0384979248047,5.179500102996826,0.013100000098347664,0.0007999999797903001,-457.9161071777344,-331.7799987792969,179.8509979248047,90.0,5.74560022354126,h
334.177001953125,228.0384979248047,5.179500102996826,0.013100000098347664,0.0007999999797903001,575.24072265625,231.4459991455078,-205.8946990966797,90.0,466.4078063964844,h
23.94475555419922,18.56399917602539,2.4831342697143555,0.389117032289505,0.266030490398407,1.8584355115890503,16.261409759521484,9.756013870239258,19.723552703857422,177.62969970703125,h
7.207900047302246,0.0,1.9413000345230103,0.8912000060081482,0.6740000247955322,-457.9161071777344,-331.7799987792969,179.8509979248047,90.0,5.74560022354126,h
334.177001953125,228.0384979248047,1.9413000345230103,0.013100000098347664,0.6740000247955322,-457.9161071777344,-331.7799987792969,-205.8946990966797,0.0,5.74560022354126,h
79.8368148803711,28.970317840576172,3.1570885181427,0.28574618697166443,0.13490672409534454,-45.15666961669922,31.878992080688477,-12.603349685668945,34.54759216308594,183.2443084716797,h
21.60027503967285,10.72707462310791,2.5314478874206543,0.5331116318702698,0.28945186734199524,-36.070884704589844,-15.609174728393555,3.935421943664551,86.69204711914062,223.3018341064453,h
164.40081787109375,34.111602783203125,3.236196517944336,0.2391248196363449,0.12198483943939209,204.0807647705078,81.18522644042969,40.208290100097656,22.512163162231445,215.08351135253906,h
334.177001953125,228.0384979248047,5.179500102996826,0.013100000098347664,0.0007999999797903001,-457.9161071777344,-331.7799987792969,-205.8946990966797,90.0,466.4078063964844,h
334.177001953125,228.0384979248047,5.179500102996826,0.013100000098347664,0.0007999999797903001,-457.9161071777344,-331.7799987792969,179.8509979248047,90.0,466.4078063964844,h
7.207900047302246,0.0,5.179500102996826,0.8912000060081482,0.6740000247955322,-457.9161071777344,-331.7799987792969,-205.8946990966797,90.0,466.4078063964844,h
91.978271484375,32.93335723876953,3.3565964698791504,0.1665421724319458,0.09390344470739365,-97.49003601074219,-59.66093063354492,39.796146392822266,15.881811141967773,246.32861328125,h
334.177001953125,228.0384979248047,1.9413000345230103,0.013100000098347664,0.6740000247955322,-457.9161071777344,-331.7799987792969,179.8509979248047,0.0,466.4078063964844,h
334.177001953125,228.0384979248047,5.179500102996826,0.013100000098347664,0.0007999999797903001,-457.9161071777344,-331.7799987792969,179.8509979248047,90.0,466.4078063964844,h
334.177001953125,228.0384979248047,5.179500102996826,0.013100000098347664,0.0007999999797903001,575.24072265625,231.4459991455078,-205.8946990966797,90.0,5.74560022354126,h
330.8591613769531,210.27317810058594,4.499716758728027,0.01395272184163332,0.0026436964981257915,-455.9400939941406,231.2819061279297,179.8509979248047,86.97078704833984,38.31954574584961,h
232.75064086914062,213.27145385742188,5.031342029571533,0.020542530342936516,0.015102675184607506,-189.5745391845703,-107.5044937133789,-186.3323211669922,79.00968933105469,388.74468994140625,h
34.822532653808594,12.037400245666504,2.602958917617798,0.5928049683570862,0.3451395332813263,-0.48592936992645264,7.936549186706543,-4.63178825378418,63.958763122558594,187.6886749267578,h
7.207900047302246,0.0,1.9413000345230103,0.8912000060081482,0.6740000247955322,-457.9161071777344,-331.7799987792969,-205.8946990966797,90.0,5.74560022354126,h
7.207900047302246,0.0,5.179500102996826,0.8912000060081482,0.6740000247955322,-457.9161071777344,-331.7799987792969,-205.8946990966797,0.0,466.4078063964844,h
63.839237213134766,22.47431755065918,3.1859095096588135,0.2737118899822235,0.15125033259391785,30.713502883911133,37.377891540527344,-15.94400405883789,9.172561645507812,319.07830810546875,h
35.195411682128906,10.703862190246582,2.8336453437805176,0.381487637758255,0.20412291586399078,36.749351501464844,-7.2888007164001465,-6.368059158325195,38.095115661621094,149.17340087890625,h
334.177001953125,228.0384979248047,1.9413000345230103,0.5362480878829956,0.6740000247955322,-457.9161071777344,-331.7799987792969,-205.8946990966797,0.0,5.74560022354126,h
26.551433563232422,9.282861709594727,2.7241761684417725,0.5577003359794617,0.37961113452911377,26.17583465576172,24.499305725097656,5.167871952056885,5.16766357421875,78.55318450927734,h
334.177001953125,228.0384979248047,5.179500102996826,0.013100000098347664,0.0007999999797903001,575.24072265625,231.4459991455078,179.8509979248047,90.0,5.74560022354126,h
334.177001953125,228.0384979248047,5.179500102996826,0.013100000098347664,0.0007999999797903001,-457.9161071777344,-331.7799987792969,179.8509979248047,90.0,466.4078063964844,h
334.177001953125,228.0384979248047,5.179500102996826,0.013100000098347664,0.0007999999797903001,575.24072265625,231.4459991455078,-205.8946990966797,90.0,5.74560022354126,h
285.2999572753906,228.0384979248047,1.9413000345230103,0.04032295569777489,0.21627165377140045,-457.9161071777344,-331.7799987792969,179.8509979248047,0.0,5.74560022354126,h
7.207900047302246,0.0,2.291614055633545,0.8912000060081482,0.6740000247955322,-457.9161071777344,-331.7799987792969,-205.8946990966797,0.0005087720928713679,466.40521240234375,h
49.133419036865234,12.221973419189453,2.709632635116577,0.3786748945713043,0.1933809369802475,51.76605987548828,43.600128173828125,13.927818298339844,19.109249114990234,170.78225708007812,h
334.177001953125,228.0384979248047,5.179500102996826,0.013100000098347664,0.0007999999797903001,575.24072265625,231.4459991455078,179.8509979248047,90.0,5.74560022354126,h
12.520511627197266,32.61140060424805,1.9413000345230103,0.33647412061691284,0.1612779051065445,-447.4643859863281,-331.7799987792969,165.83682250976562,0.0,5.74560022354126,h
334.177001953125,228.0384979248047,5.179500102996826,0.013100000098347664,0.0007999999797903001,-457.9161071777344,-331.7799987792969,179.8509979248047,90.0,466.4078063964844,h
17.094051361083984,12.741303443908691,2.4984514713287354,0.6958851218223572,0.3771447241306305,-14.174099922180176,2.182100772857666,9.540262222290039,22.97153091430664,222.40509033203125,h
31.128698348999023,11.108813285827637,2.485154628753662,0.5198935270309448,0.28587237000465393,11.09934139251709,-15.97818660736084,9.217657089233398,60.14036560058594,220.8520965576172,h
19.794775009155273,9.914409637451172,2.515695333480835,0.6806907057762146,0.36478081345558167,15.314732551574707,3.710610866546631,-7.029786586761475,87.34893035888672,105.99516296386719,h
334.177001953125,228.0384979248047,1.9413000345230103,0.8912000060081482,0.6740000247955322,-457.9161071777344,-331.7799987792969,-205.8946990966797,0.0,5.74560022354126,h
334.177001953125,228.0384979248047,1.9413000345230103,0.8912000060081482,0.6740000247955322,-457.9161071777344,-331.7799987792969,-205.8946990966797,0.0,5.74560022354126,h
123.43663787841797,41.9155158996582,3.2936017513275146,0.13608652353286743,0.06996047496795654,-174.4732666015625,-110.34024810791016,-43.238101959228516,71.80218505859375,201.59103393554688,h
334.177001953125,228.0384979248047,5.179500102996826,0.013100000098347664,0.0007999999797903001,575.24072265625,231.4459991455078,-205.8946990966797,90.0,5.74560022354126,h
85.853271484375,24.902475357055664,3.286722421646118,0.1546301394701004,0.08902035653591156,-70.41936492919922,-54.78400421142578,15.552105903625488,36.33749008178711,226.14083862304688,h
334.177001953125,0.0,5.179500102996826,0.013100000098347664,0.6740000247955322,-457.9161071777344,-331.7799987792969,-205.8946990966797,90.0,5.74560022354126,h
38.28208923339844,19.680694580078125,2.569599151611328,0.3624477982521057,0.2514851689338684,46.24333953857422,26.90039825439453,-9.783027648925781,33.69620132446289,140.41091918945312,h
19.511768341064453,10.892289161682129,2.4908297061920166,0.43529102206230164,0.3167996108531952,-10.592179298400879,-4.778090953826904,10.350008964538574,10.572393417358398,293.9798583984375,h
29.686147689819336,11.37112808227539,2.690274715423584,0.38877642154693604,0.18833403289318085,18.242063522338867,23.391691207885742,14.523558616638184,76.86666107177734,218.07177734375,h
30.84221649169922,16.903972625732422,3.0546672344207764,0.2720189094543457,0.15806519985198975,-21.88229751586914,15.99269962310791,6.473161220550537,58.838565826416016,46.83488845825195,h
334.177001953125,228.0384979248047,5.179500102996826,0.013100000098347664,0.0007999999797903001,-457.9161071777344,-331.7799987792969,179.8509979248047,90.0,5.74560022354126,h
65.54541015625,49.729976654052734,3.60874605178833,0.13264814019203186,0.06509090214967728,67.72303009033203,61.168975830078125,-69.23277282714844,12.671942710876465,208.7938232421875,h
334.177001953125,228.0384979248047,1.9413000345230103,0.013100000098347664,0.6740000247955322,-457.9161071777344,-331.7799987792969,179.8509979248047,0.0,5.74560022354126,h
17.5780086517334,15.70911979675293,2.306833505630493,0.4349953234195709,0.3094105124473572,-5.973958492279053,-17.00157928466797,11.138178825378418,9.00484848022461,141.1500244140625,h
37.572837829589844,22.79546546936035,2.796997308731079,0.321106880903244,0.16234111785888672,-34.899234771728516,5.545862197875977,17.928165435791016,21.853588104248047,20.64849281311035,h
334.177001953125,228.0384979248047,5.179500102996826,0.013100000098347664,0.0007999999797903001,-457.9161071777344,-331.7799987792969,179.8509979248047,90.0,466.4078063964844,h
334.177001953125,228.0384979248047,5.179500102996826,0.013100000098347664,0.0007999999797903001,-457.9161071777344,231.4459991455078,-205.8946990966797,90.0,466.4078063964844,h
334.177001953125,228.0384979248047,5.179500102996826,0.013100000098347664,0.0007999999797903001,575.24072265625,231.4459991455078,-205.8946990966797,90.0,5.74560022354126,h
12.85605239868164,17.548547744750977,1.9413000345230103,0.7710240483283997,0.39087817072868347,-255.60023498535156,-331.7799987792969,179.3711700439453,0.0,5.74560022354126,h
334.177001953125,228.0384979248047,5.179500102996826,0.013100000098347664,0.0007999999797903001,-457.9161071777344,-331.7799987792969,179.8509979248047,90.0,466.4078063964844,h
334.177001953125,228.0384979248047,5.179500102996826,0.013100000098347664,0.0007999999797903001,575.24072265625,231.4459991455078,-205.8946990966797,90.0,466.4078063964844,h
16.28462791442871,9.610249519348145,2.2966067790985107,0.7934011220932007,0.5553499460220337,-3.5602238178253174,13.368324279785156,-2.2082302570343018,23.088106155395508,134.57650756835938,h
109.47048950195312,17.125885009765625,3.068434715270996,0.2899731695652008,0.14651574194431305,121.05065155029297,-21.838991165161133,11.410945892333984,86.61965942382812,226.48228454589844,h
334.177001953125,228.0384979248047,1.9413000345230103,0.013100000098347664,0.6740000247955322,-457.9161071777344,-331.7799987792969,179.8509979248047,0.0,5.74560022354126,h
86.54191589355469,49.279273986816406,4.086334228515625,0.08118770271539688,0.03810630738735199,3.90505051612854,-18.990497589111328,19.388580322265625,26.7531795501709,272.9458923339844,h
12.784589767456055,5.804318428039551,2.5113699436187744,0.760931134223938,0.4506753981113434,21.691335678100586,18.789350509643555,3.5009214878082275,23.03354263305664,296.1781921386719,h
76.44552612304688,36.39121627807617,3.1881701946258545,0.1619740128517151,0.09362024813890457,-136.99261474609375,-21.184568405151367,3.614182472229004,70.75277709960938,163.58164978027344,h
334.177001953125,228.0384979248047,5.179500102996826,0.013100000098347664,0.0007999999797903001,-457.9161071777344,-331.7799987792969,179.8509979248047,90.0,373.131591796875,h
28.087512969970703,17.16988182067871,2.5620288848876953,0.5021390914916992,0.28089040517807007,-15.36730670928955,16.15421485900879,12.855555534362793,62.42790222167969,114.16488647460938,h
44.65642547607422,15.84994125366211,2.454883337020874,0.39343851804733276,0.2242802381515503,-110.7153549194336,5.055791854858398,-5.0416131019592285,80.25163269042969,220.6090850830078,h
334.177001953125,228.0384979248047,5.179500102996826,0.013100000098347664,0.0007999999797903001,575.24072265625,231.4459991455078,179.8509979248047,90.0,5.74560022354126,h
7.207900047302246,0.0,5.179500102996826,0.8912000060081482,0.6740000247955322,-457.9161071777344,-331.7799987792969,-205.8946990966797,90.0,5.74560022354126,h
7.207900047302246,0.0,1.9413000345230103,0.8912000060081482,0.6740000247955322,-457.9161071777344,-331.7799987792969,179.8509979248047,90.0,5.74560022354126,h
75.2892074584961,33.86813735961914,3.593038558959961,0.1357146054506302,0.05198527127504349,9.29846477508545,-132.0098114013672,-14.952422142028809,15.945366859436035,169.2794647216797,h
334.15667724609375,228.0384979248047,5.179500102996826,0.013100000098347664,0.0007999999797903001,-457.9161071777344,-331.7799987792969,98.48836517333984,70.09917449951172,284.4922180175781,h
334.177001953125,228.0384979248047,5.179500102996826,0.013100000098347664,0.0007999999797903001,575.24072265625,231.4459991455078,-205.8946990966797,90.0,5.74560022354126,h
334.177001953125,228.0384979248047,5.179500102996826,0.013100000098347664,0.0007999999797903001,-457.9161071777344,-331.7799987792969,179.8509979248047,90.0,157.79026794433594,h
7.207900047302246,0.0,5.179500102996826,0.8912000060081482,0.6740000247955322,-457.9161071777344,231.4459991455078,179.8509979248047,90.0,466.4078063964844,h
334.177001953125,228.0384979248047,5.179500102996826,0.013100000098347664,0.0007999999797903001,-457.9161071777344,-331.7799987792969,179.8509979248047,90.0,466.4078063964844,h
334.177001953125,228.0384979248047,5.179500102996826,0.013100000098347664,0.0007999999797903001,-457.9161071777344,-331.7799987792969,179.8509979248047,90.0,5.74560022354126,h
271.27593994140625,227.4357452392578,5.174708843231201,0.0132382707670331,0.0010901797795668244,-116.72040557861328,160.81082153320312,-204.40281677246094,66.65467834472656,199.76205444335938,h
83.87077331542969,33.143226623535156,3.6327779293060303,0.13984501361846924,0.07724454253911972,44.62498474121094,92.13592529296875,38.53068923950195,46.01241683959961,99.1895980834961,h
65.77790832519531,22.923248291015625,2.9658172130584717,0.2287958264350891,0.12842577695846558,-110.06819915771484,-41.834251403808594,-14.018430709838867,78.6760025024414,186.68756103515625,h
27.583559036254883,228.0384979248047,1.9413000345230103,0.8896656632423401,0.5621669292449951,-457.9161071777344,-331.7799987792969,179.8509979248047,0.0,5.74560022354126,h
334.177001953125,228.0384979248047,5.179500102996826,0.013100000098347664,0.0007999999797903001,-457.9161071777344,231.4459991455078,-205.8946990966797,90.0,466.4078063964844,h
261.9307556152344,227.02285766601562,5.179500102996826,0.013100000098347664,0.0007999999797903001,-457.8053283691406,-281.2948303222656,149.49339294433594,84.5831069946289,418.97772216796875,h
64.3187255859375,15.835803985595703,2.7555389404296875,0.3450758457183838,0.18033146858215332,-31.9980411529541,33.538455963134766,4.251233100891113,70.66688537597656,193.67372131347656,h
334.177001953125,228.0384979248047,1.9413000345230103,0.8869485855102539,0.6740000247955322,-457.9161071777344,-331.7799987792969,179.8509979248047,0.0,466.4078063964844,h
7.207900047302246,228.0384979248047,1.9413000345230103,0.8912000060081482,0.6740000247955322,-457.9161071777344,-331.7799987792969,179.8509979248047,0.0,299.0182189941406,h
7.207900047302246,17.369457244873047,1.9413000345230103,0.8912000060081482,0.6740000247955322,-457.9161071777344,-331.7799987792969,179.8509979248047,0.0,466.40234375,h
334.177001953125,228.0384979248047,1.9413000345230103,0.013100000098347664,0.6740000247955322,-457.9161071777344,-331.7799987792969,179.8509979248047,0.0,5.74560022354126,h
7.207900047302246,0.0,5.179500102996826,0.8912000060081482,0.6740000247955322,-457.9161071777344,-331.7799987792969,-205.8946990966797,90.0,466.4078063964844,h
334.177001953125,228.0384979248047,5.179500102996826,0.013100000098347664,0.0007999999797903001,575.24072265625,231.4459991455078,179.8509979248047,90.0,5.747470855712891,h
334.177001953125,228.0384979248047,1.9413000345230103,0.013100000098347664,0.0007999999797903001,-457.9161071777344,-331.7799987792969,179.8509979248047,0.0,5.74560022354126,h
90.29035949707031,12.987857818603516,2.530410051345825,0.6153900623321533,0.34564098715782166,13.435322761535645,49.611167907714844,17.76797103881836,0.32224857807159424,261.1689758300781,h
33.796600341796875,9.274801254272461,2.6996500492095947,0.6779305934906006,0.41591593623161316,38.16637420654297,41.78948974609375,4.3313140869140625,23.008567810058594,203.19937133789062,h
334.177001953125,228.0384979248047,5.179500102996826,0.013100000098347664,0.0007999999797903001,-457.9161071777344,-331.7799987792969,-205.8946990966797,90.0,466.4078063964844,h
24.86892318725586,12.464649200439453,2.504960298538208,0.5427037477493286,0.3089578449726105,13.261983871459961,-20.069713592529297,-2.4294941425323486,24.63120460510254,227.86485290527344,h
33.27415084838867,18.296245574951172,2.4742369651794434,0.33698898553848267,0.16609276831150055,5.884222984313965,5.739503383636475,16.969573974609375,59.71733474731445,137.2484130859375,h
114.77256774902344,42.135292053222656,4.015278339385986,0.11445333063602448,0.043231621384620667,-14.098455429077148,85.47945404052734,-17.603790283203125,48.94226837158203,307.2330627441406,h
324.9190979003906,221.25967407226562,5.137260913848877,0.01447120402008295,0.007464909926056862,-457.8981018066406,-125.98568725585938,-191.01246643066406,88.45014953613281,360.5476379394531,h
12.538752555847168,12.116436958312988,2.1351864337921143,0.7802925705909729,0.48091912269592285,1.539940357208252,18.8145809173584,-5.277906894683838,33.267478942871094,263.43292236328125,h
38.57697677612305,15.925651550292969,2.563626766204834,0.44883567094802856,0.2565748989582062,-15.460854530334473,-108.05220031738281,-8.91853141784668,78.4795913696289,105.41456604003906,h
334.177001953125,228.0384979248047,5.179500102996826,0.013100000098347664,0.0007999999797903001,-457.9161071777344,-331.7799987792969,-205.8946990966797,90.0,466.4078063964844,h
334.177001953125,228.0384979248047,5.179500102996826,0.013100000098347664,0.0007999999797903001,-457.9161071777344,231.4459991455078,179.8509979248047,0.0,5.74560022354126,h
90.49573516845703,58.057586669921875,3.342801332473755,0.18893763422966003,0.09557740390300751,-30.78817367553711,43.44792556762695,-19.85616683959961,27.310850143432617,354.49566650390625,h
334.177001953125,228.0384979248047,5.179500102996826,0.013100000098347664,0.0007999999797903001,-457.9161071777344,-331.7799987792969,179.8509979248047,90.0,466.4078063964844,h
334.177001953125,228.0384979248047,1.9413000345230103,0.013100000098347664,0.6740000247955322,-457.9161071777344,-331.7799987792969,179.8509979248047,0.0,5.74560022354126,h
27.36656951904297,18.356599807739258,2.522622585296631,0.5102472305297852,0.31156063079833984,6.153432846069336,13.722821235656738,-17.68282699584961,24.78639793395996,250.5637969970703,h
334.177001953125,228.0384979248047,1.9413000345230103,0.013100000098347664,0.6740000247955322,-457.9161071777344,-331.7799987792969,-205.8946990966797,0.0,5.74560022354126,h
333.36431884765625,95.31059265136719,4.477408409118652,0.027984287589788437,0.0025089369155466557,-242.40884399414062,-267.73919677734375,19.85700798034668,70.08916473388672,147.925537109375,h
19.991270065307617,9.381864547729492,2.3983094692230225,0.7277809977531433,0.5220350623130798,-7.476330280303955,6.023190975189209,-3.2074978351593018,18.239412307739258,235.66905212402344,h
334.177001953125,228.0384979248047,5.179500102996826,0.013100000098347664,0.0007999999797903001,575.24072265625,231.4459991455078,-205.8946990966797,90.0,5.74560022354126,h
334.177001953125,228.0384979248047,5.179500102996826,0.013100000098347664,0.0007999999797903001,-457.9161071777344,231.4459991455078,179.8509979248047,90.0,466.4078063964844,h
89.76072692871094,62.93125915527344,3.6729931831359863,0.1175181046128273,0.07065171748399734,-9.694540977478027,-82.26273345947266,-10.033970832824707,71.66043853759766,149.602783203125,h
38.48268508911133,16.837116241455078,3.0919699668884277,0.4389524459838867,0.26183414459228516,2.670713424682617,-41.65190887451172,-10.189099311828613,28.64165496826172,231.2921905517578,h
334.1329040527344,226.45726013183594,4.424117565155029,0.013111330568790436,0.0007999999797903001,575.24072265625,231.4459991455078,-166.88131713867188,9.135014533996582,25.749069213867188,h
34.615753173828125,10.367634773254395,2.8700625896453857,0.333984911441803,0.2073528915643692,39.09376907348633,19.173114776611328,-13.272215843200684,47.50636291503906,215.54507446289062,h
334.177001953125,228.0384979248047,5.179500102996826,0.013100000098347664,0.0007999999797903001,575.24072265625,231.4459991455078,-205.8946990966797,90.0,5.74560022354126,h
39.556827545166016,12.933835983276367,2.462554454803467,0.4618988633155823,0.36423471570014954,-5.4170379638671875,14.391199111938477,-9.822993278503418,50.495140075683594,131.97802734375,h
17.393239974975586,11.233264923095703,2.0654332637786865,0.6174022555351257,0.3261110186576843,3.606738328933716,11.494423866271973,-11.402229309082031,31.05328941345215,180.50022888183594,h
334.177001953125,228.0384979248047,5.179500102996826,0.013100000098347664,0.0007999999797903001,-457.9161071777344,-331.7799987792969,179.8509979248047,90.0,466.4078063964844,h
334.177001953125,228.0384979248047,5.179500102996826,0.013100000098347664,0.0007999999797903001,575.24072265625,231.4459991455078,179.8509979248047,90.0,466.4078063964844,h
20.875667572021484,11.143179893493652,2.40924334526062,0.625034749507904,0.4096089005470276,0.11633558571338654,18.347036361694336,-10.335659980773926,20.204885482788086,194.11416625976562,h
35.62867736816406,9.339906692504883,2.6917102336883545,0.40162163972854614,0.22820354998111725,8.732855796813965,5.12656307220459,-12.850247383117676,32.17134475708008,87.15962219238281,h
12.820756912231445,228.0384979248047,1.9413000345230103,0.0716337114572525,0.13057291507720947,-457.9161071777344,-331.7799987792969,179.8509979248047,0.0,5.74560022354126,h
7.207900047302246,0.0,2.0981619358062744,0.8912000060081482,0.6740000247955322,-457.9161071777344,231.4459991455078,-205.8946990966797,0.0,5.74560022354126,h
85.66732788085938,21.517414093017578,3.155832052230835,0.3014518618583679,0.15710188448429108,0.009312262758612633,69.12873840332031,14.176579475402832,5.067229270935059,244.3037567138672,h
7.207900047302246,0.0,5.179500102996826,0.8912000060081482,0.6740000247955322,-457.9161071777344,-331.7799987792969,-205.8946990966797,90.0,5.74560022354126,h
334.177001953125,228.0384979248047,5.179500102996826,0.013100000098347664,0.0007999999797903001,-457.9161071777344,-331.7799987792969,179.8509979248047,90.0,5.74560022354126,h
334.177001953125,228.0384979248047,5.179500102996826,0.013100000098347664,0.0007999999797903001,575.24072265625,231.4459991455078,-205.8946990966797,90.0,5.74560022354126,h
103.63754272460938,69.17137908935547,3.4279086589813232,0.11416584998369217,0.05407533422112465,-27.146713256835938,-156.3612823486328,-28.48769187927246,34.157196044921875,305.6060791015625,h
124.63640594482422,68.99287414550781,4.155971050262451,0.14566947519779205,0.07504093647003174,-23.673532485961914,-47.181610107421875,-51.31943130493164,1.7066220045089722,360.5929870605469,h
334.177001953125,228.0384979248047,5.179500102996826,0.013100000098347664,0.0007999999797903001,575.24072265625,231.4459991455078,179.8509979248047,90.0,466.4078063964844,h
334.177001953125,228.0384979248047,5.179500102996826,0.013100000098347664,0.0007999999797903001,-457.9161071777344,-331.7799987792969,179.8509979248047,90.0,5.74560022354126,h
334.177001953125,228.0384979248047,1.9413000345230103,0.013100000098347664,0.6740000247955322,-457.9161071777344,-331.7799987792969,179.8509979248047,0.0,5.74560022354126,h
90.59186553955078,45.67359161376953,3.102376937866211,0.16604599356651306,0.07955586910247803,-53.88466262817383,-146.615234375,-12.507711410522461,42.200523376464844,126.69913482666016,h
331.1298828125,227.51190185546875,5.179500102996826,0.013100000098347664,0.0007999999797903001,-457.3960266113281,-97.96857452392578,-177.95021057128906,74.07156372070312,102.66863250732422,h
193.57481384277344,48.346981048583984,4.159129619598389,0.08709684759378433,0.038839638233184814,-66.32514953613281,-45.96034240722656,26.549453735351562,1.3320294618606567,392.54376220703125,h
53.42163848876953,22.633604049682617,3.124568462371826,0.2321942299604416,0.13623614609241486,20.661376953125,23.90745735168457,-14.615067481994629,12.26669979095459,249.97898864746094,h
52.35639953613281,33.662532806396484,2.7305805683135986,0.3609426021575928,0.21621058881282806,11.814764976501465,-21.654041290283203,-14.33365535736084,2.041907548904419,242.50596618652344,h
205.59719848632812,67.24889373779297,3.4600319862365723,0.19128161668777466,0.09068518877029419,-41.317222595214844,-207.7986297607422,-35.26875686645508,4.8838276863098145,220.96607971191406,h
334.177001953125,0.0,1.9413000345230103,0.8912000060081482,0.6740000247955322,-457.9161071777344,-331.7799987792969,179.8509979248047,90.0,466.4078063964844,h
334.177001953125,228.0384979248047,5.179500102996826,0.013100000098347664,0.0007999999797903001,-457.9161071777344,-331.7799987792969,179.8509979248047,90.0,466.4078063964844,h
334.177001953125,228.0384979248047,5.179500102996826,0.013100000098347664,0.0007999999797903001,-457.9161071777344,-331.7799987792969,179.8509979248047,90.0,5.74560022354126,h
149.77821350097656,52.74802780151367,3.9072422981262207,0.04263409599661827,0.00798759050667286,191.85946655273438,79.25967407226562,-73.64421844482422,34.70063781738281,75.99785614013672,h
89.32060241699219,63.96683883666992,2.8367576599121094,0.31112614274024963,0.12505002319812775,-66.63868713378906,-53.417808532714844,53.99564743041992,17.052322387695312,383.5273132324219,h
334.177001953125,228.0384979248047,5.179500102996826,0.013100000098347664,0.0007999999797903001,-457.9161071777344,-331.7799987792969,179.8509979248047,90.0,5.74560022354126,h
7.207900047302246,0.0,1.9413000345230103,0.8912000060081482,0.6740000247955322,-457.9161071777344,-331.7799987792969,179.8509979248047,90.0,5.74560022354126,h
109.35494995117188,15.234734535217285,3.158684015274048,0.23325584828853607,0.11312220990657806,49.26205062866211,74.15559387207031,10.99769115447998,26.325597763061523,186.91519165039062,h
334.177001953125,228.0384979248047,5.179500102996826,0.013100000098347664,0.0007999999797903001,-457.9161071777344,-331.7799987792969,179.8509979248047,90.0,373.15936279296875,h
32.67408752441406,17.482484817504883,2.7542073726654053,0.31036174297332764,0.15429137647151947,17.826820373535156,43.26216506958008,0.8165762424468994,77.38800048828125,171.93362426757812,h
22.75550651550293,16.612138748168945,2.360353946685791,0.40380483865737915,0.2143540382385254,31.781206130981445,15.676580429077148,-4.995206356048584,18.066343307495117,174.1484832763672,h
7.220852851867676,7.0890793800354,2.354903221130371,0.47637397050857544,0.3380712568759918,1.5161155462265015,-18.00295066833496,-10.547820091247559,8.82641315460205,246.4315643310547,h
21.635618209838867,11.088255882263184,2.6374545097351074,0.5285854339599609,0.2424810528755188,-10.90575885772705,13.552605628967285,-7.56837272644043,8.782519340515137,129.23190307617188,h
334.177001953125,228.0384979248047,5.179500102996826,0.013100000098347664,0.0007999999797903001,-457.9161071777344,-331.7799987792969,-205.8946990966797,90.0,466.4078063964844,h
18.17754364013672,11.052371978759766,2.3721563816070557,0.6103963851928711,0.35441914200782776,2.327225923538208,7.834640026092529,5.829174041748047,63.66471862792969,228.2112274169922,h
7.207900047302246,228.0384979248047,1.9413000345230103,0.8912000060081482,0.6740000247955322,-457.9161071777344,-331.7799987792969,179.8509979248047,0.0,5.74560022354126,h
7.207900047302246,0.0,5.179500102996826,0.8912000060081482,0.6740000247955322,-457.9161071777344,-331.7799987792969,179.8509979248047,90.0,5.74560022354126,h
334.177001953125,228.0384979248047,5.179500102996826,0.013100000098347664,0.0007999999797903001,-457.9161071777344,-331.7799987792969,179.8509979248047,90.0,5.74560022354126,h
7.209482192993164,26.409624099731445,1.9413000345230103,0.6363298296928406,0.2930060625076294,-93.87347412109375,-331.6966247558594,8.057718276977539,0.0,5.74560022354126,h
334.177001953125,228.0384979248047,5.179500102996826,0.013100000098347664,0.0007999999797903001,575.24072265625,231.4459991455078,-205.8946990966797,90.0,5.74560022354126,h
7.207900047302246,0.0,1.9413000345230103,0.8912000060081482,0.6740000247955322,-457.9161071777344,-331.7799987792969,179.8509979248047,90.0,466.4078063964844,h
334.177001953125,228.0384979248047,5.179500102996826,0.013100000098347664,0.0007999999797903001,-457.9161071777344,231.4459991455078,179.8509979248047,0.0,5.74560022354126,h
334.177001953125,228.0384979248047,5.179500102996826,0.013100000098347664,0.0007999999797903001,575.24072265625,231.4000244140625,-205.8946990966797,89.99967193603516,66.2392578125,h
334.177001953125,228.0384979248047,5.179500102996826,0.013100000098347664,0.0007999999797903001,-457.9161071777344,231.4459991455078,179.8509979248047,90.0,5.74560022354126,h
334.177001953125,228.0384979248047,5.179500102996826,0.013100000098347664,0.0007999999797903001,-457.9161071777344,-331.7799987792969,179.8509979248047,90.0,466.4078063964844,h
121.3042221069336,88.60380554199219,3.601464033126831,0.17607182264328003,0.07704655081033707,-58.99733352661133,-108.28958129882812,81.41441345214844,27.22587013244629,314.90625,h
181.81442260742188,108.3161849975586,3.483473777770996,0.13952131569385529,0.056104350835084915,-121.44597625732422,-95.30545806884766,81.7950210571289,81.96900939941406,154.67266845703125,h
13.223464012145996,14.435667037963867,2.238306999206543,0.7107180953025818,0.38335612416267395,-8.009403228759766,1.5040533542633057,-11.668384552001953,63.841712951660156,246.39227294921875,h
25.450435638427734,11.502970695495605,2.4457409381866455,0.7338298559188843,0.4163287878036499,-15.176776885986328,-10.577109336853027,11.53273868560791,68.03538513183594,86.67829132080078,h
334.177001953125,228.0384979248047,5.179500102996826,0.013100000098347664,0.0007999999797903001,-457.9161071777344,-331.7799987792969,179.8509979248047,90.0,5.74560022354126,h
334.177001953125,228.0384979248047,5.179500102996826,0.013100000098347664,0.0007999999797903001,575.24072265625,231.4459991455078,-205.8946990966797,90.0,5.74560022354126,h
325.6895751953125,228.0384979248047,5.179500102996826,0.013100000098347664,0.0007999999797903001,-457.6275939941406,-171.28048706054688,176.49913024902344,89.9996337890625,407.2568054199219,h
38.37879180908203,18.584501266479492,2.6367251873016357,0.2660449743270874,0.15016716718673706,-72.153076171875,-39.78892517089844,-6.1145548820495605,33.66403579711914,158.9250030517578,h
30.2428035736084,10.243510246276855,2.4097983837127686,0.512285590171814,0.35938960313796997,8.781547546386719,17.739248275756836,-9.936975479125977,8.335494041442871,78.84467315673828,h
334.177001953125,228.0384979248047,5.179500102996826,0.013100000098347664,0.0007999999797903001,575.24072265625,231.4459991455078,-205.8946990966797,90.0,466.4078063964844,h
7.207900047302246,228.0384979248047,1.9413000345230103,0.8434436321258545,0.5041661858558655,-457.9161071777344,-331.7799987792969,179.8509979248047,0.0,466.4078063964844,h
113.83879852294922,39.81610107421875,3.2485885620117188,0.15094155073165894,0.05738869681954384,81.54547882080078,-92.19110107421875,8.498932838439941,88.62351989746094,187.41920471191406,h
334.177001953125,228.0384979248047,5.179500102996826,0.013100000098347664,0.0007999999797903001,575.24072265625,-331.7588806152344,-205.8946990966797,90.0,5.74560022354126,h
66.97582244873047,18.326478958129883,2.872398853302002,0.18709909915924072,0.09315045177936554,4.7422027587890625,20.247394561767578,20.40369415283203,23.515975952148438,160.10055541992188,h
59.13606643676758,12.625391006469727,3.079517364501953,0.367964506149292,0.19978192448616028,27.790639877319336,39.68463134765625,8.311932563781738,7.49939489364624,207.56639099121094,h
26.2646541595459,14.76123332977295,2.7049643993377686,0.401194304227829,0.2180318832397461,12.664637565612793,13.962577819824219,11.2877197265625,82.1095199584961,192.4252166748047,h
334.177001953125,228.0384979248047,5.179500102996826,0.013100000098347664,0.0007999999797903001,-457.9161071777344,-331.7799987792969,-205.8946990966797,90.0,466.4078063964844,h
334.177001953125,228.0384979248047,5.179500102996826,0.013100000098347664,0.0007999999797903001,575.24072265625,231.4459991455078,-205.8946990966797,90.0,5.74560022354126,h
31.981544494628906,228.0384979248047,1.9413000345230103,0.013405143283307552,0.003253190079703927,-457.9161071777344,-331.7799987792969,179.8509979248047,0.0,5.74560022354126,h
334.177001953125,228.0384979248047,5.179500102996826,0.013100000098347664,0.0007999999797903001,-457.9161071777344,-331.7799987792969,-205.8946990966797,90.0,466.4078063964844,h
89.97085571289062,64.35105895996094,3.4939215183258057,0.13411755859851837,0.08601108193397522,29.49057388305664,93.79975891113281,-21.24901580810547,21.41633415222168,217.88858032226562,h
77.79906463623047,26.941287994384766,3.199254035949707,0.27443525195121765,0.16765651106834412,-264.65087890625,-25.33522605895996,-14.297714233398438,1.360187292098999,409.4976806640625,h
334.177001953125,0.0,5.179500102996826,0.013100000098347664,0.0007999999797903001,575.24072265625,231.4459991455078,-205.8946990966797,90.0,5.74560022354126,h
176.44363403320312,23.461475372314453,2.9600918292999268,0.2723097503185272,0.15418490767478943,73.8768310546875,163.57598876953125,33.063106536865234,1.9680176973342896,132.58543395996094,h
334.177001953125,228.0384979248047,5.179500102996826,0.013100000098347664,0.0007999999797903001,575.24072265625,231.4459991455078,-205.8946990966797,90.0,5.74560022354126,h
334.177001953125,228.0384979248047,5.179500102996826,0.013100000098347664,0.0007999999797903001,-457.9161071777344,-331.7799987792969,179.8509979248047,90.0,466.4078063964844,h
334.177001953125,228.0384979248047,5.179500102996826,0.013100000098347664,0.0007999999797903001,575.24072265625,231.4459991455078,-205.8946990966797,90.0,5.74560022354126,h
28.917818069458008,10.26721477508545,2.69346022605896,0.4427089989185333,0.26969003677368164,-2.7138631343841553,-16.598812103271484,-6.477667331695557,54.42146301269531,85.54962158203125,h
334.177001953125,228.0384979248047,5.179500102996826,0.013100000098347664,0.0007999999797903001,575.24072265625,231.4459991455078,-205.8946990966797,90.0,5.74560022354126,h
82.32091522216797,29.483991622924805,3.0429718494415283,0.27112892270088196,0.15474823117256165,-41.864418029785156,59.950687408447266,6.063539505004883,4.4899821281433105,242.1815643310547,h
42.7166862487793,14.698702812194824,2.843459367752075,0.2773265838623047,0.1529434323310852,-5.536913871765137,53.69644546508789,5.889230728149414,85.16844940185547,114.28185272216797,h
334.177001953125,228.0384979248047,5.179500102996826,0.013100000098347664,0.0007999999797903001,575.24072265625,231.4459991455078,-205.8946990966797,90.0,5.74560022354126,h
32.08045959472656,11.614022254943848,2.2776503562927246,0.5454716086387634,0.3236345052719116,18.876150131225586,26.92640495300293,4.988976955413818,52.44209289550781,148.0432586669922,h
334.177001953125,228.0384979248047,5.179500102996826,0.013100000098347664,0.0007999999797903001,575.24072265625,231.4459991455078,-205.8946990966797,90.0,5.74560022354126,h
19.78850555419922,16.51123809814453,2.426872968673706,0.4062119424343109,0.23697485029697418,-5.33662223815918,6.631913661956787,-15.685917854309082,65.9351577758789,250.73268127441406,h
57.672672271728516,17.880468368530273,3.2497291564941406,0.18859277665615082,0.12364158779382706,-13.150236129760742,16.4116153717041,10.955734252929688,48.429344177246094,271.7951965332031,h
12.39976692199707,10.497284889221191,2.406276226043701,0.8244525194168091,0.6168045997619629,4.492430210113525,15.917366027832031,-3.716958999633789,79.9079818725586,106.66993713378906,h
72.45468139648438,23.41830062866211,2.801940441131592,0.19976018369197845,0.12199462950229645,1.2439738512039185,-59.26020050048828,14.445342063903809,68.84817504882812,213.1859588623047,h
82.34719848632812,68.47866821289062,3.5857017040252686,0.1807202249765396,0.11637396365404129,-104.7130355834961,50.729393005371094,9.052661895751953,3.5975656509399414,407.3274230957031,h
334.177001953125,228.0384979248047,5.179500102996826,0.013100000098347664,0.0007999999797903001,575.24072265625,231.4459991455078,-205.8946990966797,90.0,466.4078063964844,h
125.906494140625,51.07624053955078,3.2583200931549072,0.19325195252895355,0.08112441748380661,146.08773803710938,109.18377685546875,21.74409294128418,65.3102035522461,243.13836669921875,h
65.760009765625,17.187074661254883,2.4890873432159424,0.4073069989681244,0.22589106857776642,-15.437904357910156,-25.922988891601562,-13.455430030822754,39.95189666748047,53.72364044189453,h
334.177001953125,228.0384979248047,5.179500102996826,0.013100000098347664,0.0007999999797903001,575.24072265625,231.4459991455078,-205.8946990966797,90.0,5.74560022354126,h
70.22764587402344,18.991432189941406,2.885308265686035,0.2386283427476883,0.14672929048538208,53.31033706665039,-75.73639678955078,-7.3758344650268555,51.68997573852539,198.5018310546875,h
334.177001953125,228.0384979248047,1.9413000345230103,0.8912000060081482,0.6740000247955322,-457.9161071777344,-331.7799987792969,-205.8946990966797,0.0,5.74560022354126,h
41.23299789428711,11.002214431762695,2.620000123977661,0.4782356917858124,0.2568543255329132,2.2856991291046143,1.5016260147094727,2.958162546157837,80.85507202148438,184.11520385742188,h
26.02165412902832,16.942943572998047,2.5533111095428467,0.5080052018165588,0.2622146010398865,7.009642601013184,-16.560895919799805,-9.71926498413086,2.3451642990112305,96.91549682617188,h
334.177001953125,228.0384979248047,5.179500102996826,0.013100000098347664,0.0007999999797903001,575.24072265625,231.4459991455078,-205.8946990966797,90.0,466.4078063964844,h
334.177001953125,228.0384979248047,5.179500102996826,0.8912000060081482,0.0007999999797903001,575.24072265625,-331.7799987792969,179.8509979248047,90.0,5.74560022354126,h
79.68757629394531,15.983144760131836,2.8171067237854004,0.4071821868419647,0.2827453017234802,159.45079040527344,-54.454078674316406,-3.7567520141601562,88.91064453125,230.89825439453125,h
27.231721878051758,8.123642921447754,2.4523732662200928,0.5178515911102295,0.31163978576660156,30.847227096557617,24.21413803100586,4.389970779418945,30.907304763793945,148.56748962402344,h
334.177001953125,228.0384979248047,5.179500102996826,0.013100000098347664,0.0007999999797903001,-457.9161071777344,-331.7799987792969,179.8509979248047,90.0,466.3832702636719,h
7.207900047302246,0.0,5.179500102996826,0.8912000060081482,0.6740000247955322,-457.9161071777344,-331.7799987792969,179.8509979248047,90.0,5.74560022354126,h
334.177001953125,228.0384979248047,5.179500102996826,0.013100000098347664,0.0007999999797903001,-457.9161071777344,-331.7799987792969,-205.8946990966797,90.0,5.74560022354126,h
8.20276927947998,13.891582489013672,1.9413000345230103,0.6131903529167175,0.267190158367157,-16.411571502685547,-131.52883911132812,5.028521537780762,0.0,97.59596252441406,h
334.177001953125,228.0384979248047,5.179500102996826,0.013100000098347664,0.0007999999797903001,-457.9161071777344,-331.7799987792969,-205.8946990966797,90.0,466.4078063964844,h
334.177001953125,228.0384979248047,5.179500102996826,0.013100000098347664,0.0007999999797903001,575.24072265625,231.4459991455078,-205.8946990966797,90.0,5.74560022354126,h
252.6710968017578,228.0384979248047,1.9413000345230103,0.8912000060081482,0.6740000247955322,-457.9161071777344,-331.7799987792969,179.8509979248047,0.0,5.74560022354126,h
334.177001953125,228.0384979248047,5.179500102996826,0.013100000098347664,0.0007999999797903001,575.24072265625,231.4459991455078,179.8509979248047,90.0,5.74560022354126,h
10.237905502319336,18.925703048706055,1.9413142204284668,0.7652862668037415,0.4204566776752472,-62.06690979003906,13.514270782470703,10.95771312713623,25.936132431030273,40.99946594238281,h
311.2781982421875,189.8998565673828,4.199578285217285,0.10520489513874054,0.05811309814453125,-264.41668701171875,-287.27325439453125,-199.16851806640625,56.605464935302734,457.9999694824219,h
334.177001953125,228.0384979248047,5.179500102996826,0.013100000098347664,0.0007999999797903001,575.24072265625,231.4459991455078,-205.8946990966797,90.0,5.74560022354126,h
69.49223327636719,23.312297821044922,3.1864421367645264,0.19457252323627472,0.11454769968986511,-28.77499771118164,71.3335952758789,12.737677574157715,29.545166015625,277.7916564941406,h
334.177001953125,228.0384979248047,5.179500102996826,0.013100000098347664,0.0007999999797903001,-457.9161071777344,231.4459991455078,-205.8946990966797,90.0,466.4078063964844,h
155.23184204101562,37.71672058105469,3.3753652572631836,0.16268882155418396,0.089485764503479,3.6584255695343018,-137.5082244873047,19.88094711303711,4.291969299316406,188.73731994628906,h
334.177001953125,228.0384979248047,1.9413000345230103,0.013100000098347664,0.6740000247955322,-457.9161071777344,-331.7799987792969,-205.8946990966797,0.0,5.74560022354126,h
334.177001953125,228.0384979248047,5.179500102996826,0.013100000098347664,0.0007999999797903001,-457.9161071777344,-331.7799987792969,-205.8946990966797,90.0,466.4078063964844,h
7.207900047302246,228.0384979248047,1.9413000345230103,0.8912000060081482,0.6740000247955322,-457.9161071777344,-331.7799987792969,179.8509979248047,0.0,5.74560022354126,h
146.70777893066406,34.109989166259766,3.6516923904418945,0.1122208908200264,0.08008556813001633,-61.40724182128906,15.256333351135254,25.057035446166992,31.712356567382812,231.88742065429688,h
108.94625854492188,45.262359619140625,3.8372814655303955,0.05934153497219086,0.03178456425666809,8.601670265197754,68.15956115722656,-5.665066242218018,79.16610717773438,146.88162231445312,h
23.23122787475586,10.143440246582031,2.5740513801574707,0.5684788227081299,0.28231120109558105,-19.3177433013916,16.80370330810547,-9.488869667053223,58.166072845458984,193.76429748535156,h
16.398269653320312,19.095821380615234,2.198432445526123,0.5052900314331055,0.2890889644622803,2.363379716873169,-14.425993919372559,-4.152131080627441,40.42695999145508,7.656330108642578,h
334.177001953125,228.0384979248047,5.179500102996826,0.013100000098347664,0.0007999999797903001,-457.9161071777344,231.4459991455078,-205.8946990966797,90.0,466.4078063964844,h
89.39116668701172,20.25940704345703,2.54036283493042,0.3170958459377289,0.19180619716644287,40.32212829589844,19.637224197387695,6.190095901489258,67.90677642822266,53.03084945678711,h
12.773514747619629,228.0384979248047,1.9413000345230103,0.01347559504210949,0.008885773830115795,-457.9161071777344,-331.7799987792969,179.8509979248047,0.0,5.74560022354126,h
238.1007537841797,227.52194213867188,5.16643762588501,0.013169366866350174,0.0008038337109610438,-457.2635192871094,221.21441650390625,110.15241241455078,49.19328689575195,241.64205932617188,h
334.177001953125,228.0384979248047,5.179500102996826,0.013100000098347664,0.0007999999797903001,575.24072265625,231.4459991455078,179.8509979248047,90.0,5.74560022354126,h
329.07958984375,228.0384979248047,5.179500102996826,0.013100000098347664,0.0007999999797903001,4.408755302429199,-157.1397247314453,-204.44081115722656,89.9994125366211,430.4077453613281,h
64.37117004394531,10.407539367675781,2.957878589630127,0.33571910858154297,0.1906639039516449,-15.128236770629883,13.479110717773438,9.14341926574707,83.7918701171875,156.9341583251953,h
168.1871337890625,56.91205978393555,3.462456464767456,0.07308204472064972,0.07013355940580368,-115.6609878540039,19.23516845703125,18.710901260375977,61.71440505981445,161.04022216796875,h
32.95581817626953,7.098987579345703,3.077237606048584,0.4387640655040741,0.30569449067115784,13.909502983093262,25.298667907714844,-5.896217346191406,49.47230529785156,128.29556274414062,h
19.798757553100586,11.449969291687012,2.410217046737671,0.5769475698471069,0.2839514911174774,-15.17900562286377,4.417822360992432,-7.713078022003174,53.659976959228516,104.72389221191406,h
25.432497024536133,14.070669174194336,2.382598400115967,0.457291841506958,0.2404230535030365,34.57876205444336,-3.848919630050659,-6.802278518676758,73.47547912597656,269.0611267089844,h
46.554840087890625,10.091249465942383,2.963043451309204,0.33998289704322815,0.1697743684053421,52.73991775512695,24.73458480834961,4.5218963623046875,7.027587413787842,205.62579345703125,h
334.177001953125,228.0384979248047,5.179500102996826,0.013100000098347664,0.0007999999797903001,-457.9161071777344,231.4459991455078,179.8509979248047,90.0,5.74560022354126,h
334.177001953125,228.0384979248047,1.9413000345230103,0.8912000060081482,0.6740000247955322,-457.9161071777344,-331.7799987792969,-205.8946990966797,0.0,5.74560022354126,h
69.81502532958984,29.95236587524414,3.1579132080078125,0.31614434719085693,0.1495896279811859,-33.621368408203125,-32.3015022277832,-46.7234992980957,31.11183738708496,129.8360137939453,h
77.24069213867188,31.041051864624023,2.9904983043670654,0.258843332529068,0.14374911785125732,78.89659881591797,56.54720687866211,-8.474617004394531,57.84151077270508,199.17498779296875,h
86.69725799560547,31.993993759155273,3.645378589630127,0.09011639654636383,0.04812714457511902,-9.894165992736816,74.90663146972656,-23.979520797729492,5.555663108825684,303.70562744140625,h
7.207900047302246,0.0,1.9413000345230103,0.8912000060081482,0.6740000247955322,-457.9161071777344,-331.7799987792969,179.8509979248047,0.0,5.74560022354126,h
41.289817810058594,14.885387420654297,2.89628005027771,0.31141534447669983,0.16810226440429688,71.7900619506836,-16.74506378173828,6.9987616539001465,84.7645263671875,237.62213134765625,h
24.946002960205078,7.191701412200928,2.5979490280151367,0.5600199103355408,0.361290842294693,13.210304260253906,11.814885139465332,-3.1354594230651855,10.926900863647461,78.87026977539062,h
13.095955848693848,10.754782676696777,2.2129459381103516,0.72503662109375,0.48730728030204773,28.72841453552246,10.462869644165039,6.036205291748047,8.233351707458496,196.0944366455078,h
119.42511749267578,86.99087524414062,4.164515972137451,0.02056230418384075,0.0018067555502057076,-8.795256614685059,81.97270965576172,9.1961088180542,68.4146499633789,264.3069152832031,h
334.177001953125,228.0384979248047,5.179500102996826,0.013100000098347664,0.0007999999797903001,-457.9161071777344,-331.7799987792969,-205.8946990966797,89.9997787475586,466.2496032714844,h
38.78086471557617,17.292760848999023,2.882843255996704,0.4293266236782074,0.24447086453437805,14.476980209350586,40.38350296020508,19.03538703918457,36.200199127197266,287.3338928222656,h
334.177001953125,228.0384979248047,5.179500102996826,0.013100000098347664,0.0007999999797903001,-457.9161071777344,-331.7799987792969,179.8509979248047,90.0,466.4078063964844,h
54.31375503540039,10.353581428527832,2.745629072189331,0.3193109929561615,0.1810067892074585,29.257966995239258,21.192344665527344,4.481502056121826,15.016669273376465,145.2396240234375,h
7.207900047302246,12.305127143859863,1.9413000345230103,0.8912000060081482,0.5632273554801941,-360.63629150390625,-331.7799987792969,179.61500549316406,0.0,5.74560022354126,h
19.57765769958496,10.832036018371582,2.638911247253418,0.5080460906028748,0.29602208733558655,2.7685394287109375,-4.955331802368164,-6.201231956481934,59.57391357421875,105.57410430908203,h
21.807512283325195,14.163716316223145,2.398665189743042,0.5849092602729797,0.34461790323257446,0.021334899589419365,13.255023956298828,-13.003751754760742,32.86792755126953,107.54430389404297,h
334.177001953125,228.0384979248047,5.179500102996826,0.013100000098347664,0.0007999999797903001,-457.9161071777344,-331.7799987792969,-205.8946990966797,90.0,466.4078063964844,h
56.702613830566406,41.726158142089844,3.0063676834106445,0.15912431478500366,0.07213021069765091,-3.700076103210449,-30.065526962280273,-6.4093403816223145,16.800411224365234,91.24710083007812,h
196.53012084960938,118.54914855957031,4.371155261993408,0.04612068086862564,0.021063338965177536,-93.91755676269531,-95.95590209960938,-127.82989501953125,44.976993560791016,167.48959350585938,h
334.177001953125,228.0384979248047,5.179500102996826,0.013100000098347664,0.0007999999797903001,575.24072265625,-331.7799987792969,-205.8946990966797,90.0,466.4078063964844,h
334.177001953125,228.0384979248047,5.179500102996826,0.013100000098347664,0.0007999999797903001,575.24072265625,231.4459991455078,-205.8946990966797,0.0,5.74560022354126,h
210.19732666015625,71.32209777832031,3.9413230419158936,0.08681397140026093,0.03996128588914871,-153.0877685546875,-162.71945190429688,54.60026550292969,57.97945022583008,350.5898742675781,h
21.25655174255371,6.495277404785156,1.9413000345230103,0.04203880950808525,0.0010131809394806623,-457.9161071777344,-331.7799987792969,179.8509979248047,0.0,5.74560022354126,h
334.177001953125,228.0384979248047,5.179500102996826,0.013100000098347664,0.0007999999797903001,-457.9161071777344,-331.7799987792969,-205.8946990966797,90.0,466.4078063964844,h
334.177001953125,228.0384979248047,5.179500102996826,0.013100000098347664,0.0007999999797903001,575.24072265625,231.4459991455078,-205.8946990966797,0.0,5.74560022354126,h
334.177001953125,228.0384979248047,5.179500102996826,0.013100000098347664,0.0007999999797903001,-457.9161071777344,231.4459991455078,179.8509979248047,90.0,5.74560022354126,h
334.177001953125,228.0384979248047,5.179500102996826,0.013100000098347664,0.0007999999797903001,-457.9161071777344,-331.7799987792969,179.8509979248047,90.0,5.74560022354126,h
334.177001953125,228.0384979248047,5.179500102996826,0.013100000098347664,0.0007999999797903001,-457.9161071777344,-331.7799987792969,179.8509979248047,90.0,466.4078063964844,h
114.76061248779297,24.862781524658203,3.795215606689453,0.15038186311721802,0.06316076964139938,5.791285514831543,54.57600021362305,34.216129302978516,20.63457489013672,238.74453735351562,h
7.207900047302246,0.0,5.179500102996826,0.8912000060081482,0.6740000247955322,-457.9161071777344,-331.7799987792969,179.8509979248047,90.0,5.74560022354126,h
334.177001953125,228.0384979248047,5.179500102996826,0.013100000098347664,0.0007999999797903001,575.24072265625,231.4459991455078,179.8509979248047,90.0,5.74560022354126,h
54.109413146972656,18.39089584350586,3.0685999393463135,0.24418899416923523,0.1344575136899948,-8.358610153198242,38.16157531738281,15.96778392791748,11.145999908447266,214.4471435546875,h
334.177001953125,228.0384979248047,5.179500102996826,0.013100000098347664,0.0007999999797903001,575.24072265625,231.4459991455078,179.8509979248047,90.0,5.74560022354126,h
75.00080108642578,32.464603424072266,3.026740550994873,0.2652148902416229,0.13829727470874786,-28.742448806762695,-53.254268646240234,-19.820526123046875,12.63740062713623,338.1853332519531,h
334.177001953125,228.0384979248047,5.179500102996826,0.013100000098347664,0.0007999999797903001,-457.9161071777344,-331.7799987792969,179.8509979248047,90.0,466.4078063964844,h
334.177001953125,228.0384979248047,5.179500102996826,0.013100000098347664,0.0007999999797903001,575.24072265625,231.4459991455078,-205.8946990966797,90.0,5.74560022354126,h
57.40306854248047,7.664802551269531,2.5971109867095947,0.3765663802623749,0.1932453215122223,1.9532232284545898,32.718353271484375,-5.1983819007873535,76.6452865600586,237.41172790527344,h
12.972833633422852,12.469013214111328,2.493565082550049,0.5061774253845215,0.29726701974868774,-0.3292298913002014,-6.691118240356445,11.823186874389648,3.6776251792907715,229.0476837158203,h
334.177001953125,228.0384979248047,5.179500102996826,0.013100000098347664,0.0007999999797903001,-457.9161071777344,-331.7799987792969,179.8509979248047,90.0,466.4078063964844,h
334.177001953125,228.0384979248047,5.140235900878906,0.013102459721267223,0.0007999999797903001,-457.9161071777344,231.4459991455078,-205.8946990966797,68.98844909667969,243.7329864501953,h
334.177001953125,228.0384979248047,5.179500102996826,0.013100000098347664,0.0007999999797903001,575.24072265625,231.4459991455078,179.8509979248047,90.0,466.4078063964844,h
59.501365661621094,11.132423400878906,3.0370571613311768,0.3031792640686035,0.16405026614665985,33.029151916503906,34.06668472290039,9.538013458251953,74.13933563232422,250.68235778808594,h
32.983375549316406,11.293277740478516,2.6632871627807617,0.38194501399993896,0.23992200195789337,31.639850616455078,20.026905059814453,7.812798023223877,69.72027587890625,195.34619140625,h
333.7315673828125,228.0384979248047,5.179500102996826,0.013100000098347664,0.0007999999797903001,100.84112548828125,230.9781036376953,142.04376220703125,89.98217010498047,466.4078063964844,h
90.73700714111328,33.635337829589844,3.593484401702881,0.13553141057491302,0.09128396958112717,27.971635818481445,30.888845443725586,18.26320457458496,89.74899291992188,169.92971801757812,h
68.74839782714844,16.634525299072266,2.670037031173706,0.31736311316490173,0.1596430093050003,-29.926115036010742,9.201460838317871,10.013328552246094,87.00880432128906,232.5404510498047,h
133.53033447265625,76.92373657226562,3.947788953781128,0.06900215893983841,0.05696826055645943,-338.01116943359375,119.70145416259766,-27.42160415649414,10.247037887573242,263.64129638671875,h
7.207900047302246,56.66019821166992,1.9413000345230103,0.690617561340332,0.22644205391407013,-457.9161071777344,-331.7799987792969,178.62171936035156,0.0,116.33464813232422,h
181.0865936279297,17.842103958129883,2.3915653228759766,0.5222271680831909,0.358345627784729,-4.463995456695557,-134.6331329345703,8.88685131072998,0.8034147620201111,157.2677764892578,h
163.11378479003906,124.36309814453125,4.726832389831543,0.02470552735030651,0.023432716727256775,-7.808193683624268,-94.54676055908203,95.82584381103516,87.96991729736328,370.45587158203125,h
7.212554454803467,21.056236267089844,1.9434031248092651,0.7823019623756409,0.3836323022842407,8.842035293579102,-6.272775173187256,9.601381301879883,0.19389605522155762,10.5177583694458,h
7.207900047302246,228.0384979248047,1.9413000345230103,0.8912000060081482,0.6740000247955322,-457.9161071777344,-331.7799987792969,179.8509979248047,0.0,5.74560022354126,h
334.177001953125,228.0384979248047,5.179500102996826,0.013100000098347664,0.0007999999797903001,575.24072265625,231.4459991455078,-205.8946990966797,90.0,466.4078063964844,h
334.177001953125,228.0384979248047,5.179500102996826,0.013100000098347664,0.0007999999797903001,-457.9161071777344,-331.7799987792969,179.8509979248047,90.0,466.1500549316406,h
334.177001953125,228.0384979248047,5.179500102996826,0.013100000098347664,0.0007999999797903001,-457.9161071777344,-331.7799987792969,-205.8946990966797,90.0,466.4078063964844,h
7.207900047302246,0.0,1.9413000345230103,0.8912000060081482,0.6740000247955322,-457.9161071777344,-331.7799987792969,179.8509979248047,0.0,5.74560022354126,h
334.177001953125,228.0384979248047,1.9413000345230103,0.8912000060081482,0.6740000247955322,-457.9161071777344,-331.7799987792969,179.8509979248047,0.0,466.4078063964844,h
11.076988220214844,228.0384979248047,1.9413000345230103,0.8263034224510193,0.3812330663204193,-457.9161071777344,-331.7799987792969,179.8509979248047,0.0,5.74560022354126,h
93.63484191894531,26.19137954711914,3.066472291946411,0.2123502641916275,0.10900315642356873,-14.985621452331543,-26.243528366088867,-15.25122356414795,49.72462463378906,179.4111328125,h
334.177001953125,228.0384979248047,5.179500102996826,0.013100000098347664,0.0007999999797903001,-457.9161071777344,231.4459991455078,-205.8946990966797,90.0,466.4078063964844,h
334.177001953125,228.0384979248047,5.179500102996826,0.013100000098347664,0.0007999999797903001,575.24072265625,231.4459991455078,-205.8946990966797,90.0,5.74560022354126,h
334.177001953125,228.0384979248047,5.179500102996826,0.013100000098347664,0.0007999999797903001,-457.9161071777344,-318.6357116699219,-205.8946990966797,90.0,466.4078063964844,h
334.177001953125,228.0384979248047,5.179500102996826,0.013100000098347664,0.0007999999797903001,575.24072265625,231.4459991455078,-205.8946990966797,90.0,466.4078063964844,h
334.177001953125,228.0384979248047,5.179500102996826,0.013100000098347664,0.0007999999797903001,-457.9161071777344,-331.7799987792969,-205.8946990966797,90.0,5.74560022354126,h
334.177001953125,228.0384979248047,5.179500102996826,0.013100000098347664,0.0007999999797903001,575.24072265625,231.4459991455078,-205.8946990966797,90.0,466.4078063964844,h
334.177001953125,228.0384979248047,5.179500102996826,0.013100000098347664,0.0007999999797903001,575.24072265625,231.4459991455078,-205.8946990966797,90.0,5.74560022354126,h
26.79576301574707,9.82594108581543,2.535776138305664,0.6297951340675354,0.4153580963611603,-15.930201530456543,-3.1740779876708984,-11.334487915039062,49.84123992919922,291.252685546875,h
334.177001953125,228.0384979248047,5.179500102996826,0.013100000098347664,0.0007999999797903001,575.24072265625,231.4459991455078,-205.8946990966797,90.0,5.74560022354126,h
334.177001953125,228.0384979248047,5.179500102996826,0.013100000098347664,0.0007999999797903001,-457.9161071777344,-331.7799987792969,179.8509979248047,90.0,466.4078063964844,h
334.177001953125,228.0384979248047,5.179500102996826,0.013100000098347664,0.0007999999797903001,-457.9161071777344,-331.7799987792969,179.8509979248047,90.0,466.4078063964844,h
65.68102264404297,19.85771369934082,2.7949163913726807,0.28388482332229614,0.15869973599910736,-69.62435150146484,31.9448184967041,11.773329734802246,21.83075714111328,226.72999572753906,h
80.40367126464844,47.1324577331543,3.5495855808258057,0.18837714195251465,0.09943700581789017,22.24483871459961,45.41731262207031,67.80162048339844,48.560726165771484,40.561851501464844,h
7.207900047302246,0.0,1.9413000345230103,0.8912000060081482,0.6740000247955322,-457.9161071777344,-331.7799987792969,179.8509979248047,90.0,5.74560022354126,h
41.08110046386719,24.63461685180664,2.9715046882629395,0.23006805777549744,0.14645810425281525,-10.847211837768555,25.89293098449707,-14.352022171020508,40.264305114746094,251.79736328125,h
7.207900047302246,0.0,1.9413000345230103,0.8912000060081482,0.6740000247955322,-457.9161071777344,-331.7799987792969,179.8509979248047,0.0,466.4078063964844,h
334.177001953125,228.0384979248047,5.179500102996826,0.013100000098347664,0.0007999999797903001,-457.9161071777344,-331.7799987792969,179.8509979248047,90.0,466.4078063964844,h
7.207900047302246,12.007250785827637,1.9413000345230103,0.7618153095245361,0.3101724684238434,29.74200439453125,-134.92503356933594,15.668119430541992,0.0,7.5565595626831055,h
197.60536193847656,83.90955352783203,3.3886194229125977,0.1876603364944458,0.10704170167446136,-253.66163635253906,-112.20262145996094,-53.90068054199219,84.3448715209961,340.1928405761719,h
61.583492279052734,43.7896614074707,2.6061480045318604,0.34645524621009827,0.17491798102855682,-174.56752014160156,-54.417335510253906,31.30536460876465,0.5780848264694214,251.86898803710938,h
334.177001953125,228.0384979248047,5.179500102996826,0.013100000098347664,0.0007999999797903001,-457.9161071777344,-331.7799987792969,179.8509979248047,90.0,5.74560022354126,h
334.177001953125,228.0384979248047,5.179500102996826,0.013100000098347664,0.0007999999797903001,-457.9161071777344,-331.7799987792969,179.8509979248047,90.0,466.4078063964844,h
334.177001953125,228.0384979248047,5.179500102996826,0.013100000098347664,0.0007999999797903001,575.24072265625,231.4459991455078,-205.8946990966797,90.0,466.4078063964844,h
334.177001953125,228.0384979248047,5.179500102996826,0.013100000098347664,0.0007999999797903001,-457.9161071777344,-331.7799987792969,179.8509979248047,90.0,5.74560022354126,h
53.45149612426758,29.35518455505371,2.965749502182007,0.34084898233413696,0.20095022022724152,-16.6446590423584,51.79222106933594,12.484737396240234,56.48943328857422,206.5674591064453,h
34.978858947753906,18.721601486206055,2.5203335285186768,0.3832223415374756,0.1825045645236969,4.581996440887451,-22.348764419555664,-3.5647668838500977,45.849205017089844,62.69700241088867,h
30.761730194091797,13.047599792480469,2.692505121231079,0.47552821040153503,0.29885801672935486,5.400576591491699,-8.488459587097168,-5.044012546539307,7.4390459060668945,47.84297561645508,h
334.177001953125,228.0384979248047,5.179500102996826,0.013100000098347664,0.0007999999797903001,575.24072265625,231.4459991455078,-205.8946990966797,90.0,5.74560022354126,h
80.16598510742188,43.81853485107422,3.584399700164795,0.1595906913280487,0.09048347920179367,-135.71351623535156,46.43142318725586,-26.238889694213867,8.987936019897461,293.98291015625,h
19.920618057250977,195.10687255859375,1.9413000345230103,0.019276531413197517,0.0046358308754861355,-457.9161071777344,-331.7799987792969,179.8509979248047,0.0,5.74560022354126,h
334.1278076171875,228.0384979248047,1.9413000345230103,0.8912000060081482,0.6740000247955322,-457.9161071777344,-331.7799987792969,179.8509979248047,0.0,5.74560022354126,h
12.36244010925293,5.7030863761901855,1.9413000345230103,0.7658772468566895,0.2547059655189514,-277.5384521484375,-331.77520751953125,177.6121368408203,0.0,5.74560022354126,h
334.177001953125,228.0384979248047,5.179500102996826,0.013100000098347664,0.0007999999797903001,575.24072265625,231.4459991455078,179.8509979248047,90.0,5.74560022354126,h
23.626813888549805,10.694220542907715,2.5229735374450684,0.6440539956092834,0.38886770606040955,18.887113571166992,24.180152893066406,7.59118127822876,24.109689712524414,127.77877044677734,h
334.177001953125,228.0384979248047,5.179500102996826,0.013100000098347664,0.0007999999797903001,-457.9161071777344,-331.7799987792969,179.8509979248047,90.0,466.1326904296875,h
18.67789649963379,11.727753639221191,2.7400457859039307,0.4471530020236969,0.2558898329734802,-1.165791392326355,2.178374767303467,7.614753723144531,47.90281295776367,112.10589599609375,h
7.207900047302246,0.0,1.9413000345230103,0.8912000060081482,0.6740000247955322,-457.9161071777344,-331.7799987792969,-205.8946990966797,90.0,5.74560022354126,h
62.34731674194336,15.178619384765625,3.027276039123535,0.24241133034229279,0.1477450281381607,-25.211000442504883,33.77211380004883,6.33883810043335,11.35924243927002,224.42750549316406,h
334.177001953125,228.0384979248047,5.179500102996826,0.013100000098347664,0.0007999999797903001,-457.9161071777344,-331.7799987792969,179.8509979248047,90.0,466.4078063964844,h
61.37834548950195,11.503868103027344,2.7776572704315186,0.3411884009838104,0.1979943960905075,30.640682220458984,39.492122650146484,13.464375495910645,78.90449523925781,150.3540802001953,h
334.177001953125,228.0384979248047,5.179500102996826,0.013100000098347664,0.0007999999797903001,575.24072265625,231.4459991455078,-205.8946990966797,90.0,5.74560022354126,h
7.207900047302246,228.0384979248047,1.9413000345230103,0.013100000098347664,0.0007999999797903001,-457.9161071777344,-331.7799987792969,-205.8946990966797,0.0,5.74560022354126,h
29.470542907714844,10.86354923248291,2.5472238063812256,0.5456745028495789,0.2990201711654663,8.011366844177246,17.81146240234375,10.4595947265625,65.04530334472656,207.81703186035156,h
55.780311584472656,26.83465576171875,3.027290105819702,0.2438412457704544,0.13408401608467102,28.87092399597168,-45.46635818481445,19.788755416870117,43.37826919555664,120.43199920654297,h
334.177001953125,228.0384979248047,5.179500102996826,0.013100000098347664,0.0007999999797903001,-457.9161071777344,231.4459991455078,179.8509979248047,90.0,5.74560022354126,h
334.177001953125,228.0384979248047,5.179500102996826,0.013100000098347664,0.0007999999797903001,-457.9161071777344,-331.7799987792969,179.8509979248047,90.0,466.4078063964844,h
177.0989990234375,98.50302124023438,4.313769817352295,0.040526628494262695,0.032904475927352905,-27.865829467773438,-75.44619750976562,41.42444610595703,63.75754165649414,213.2384796142578,h
334.177001953125,228.0384979248047,5.179500102996826,0.013100000098347664,0.0007999999797903001,575.24072265625,231.4459991455078,-205.8946990966797,90.0,5.74560022354126,h
334.177001953125,228.0384979248047,5.179500102996826,0.013100000098347664,0.0007999999797903001,575.24072265625,231.4459991455078,179.8509979248047,90.0,466.4078063964844,h
22.870357513427734,19.71561622619629,2.4847116470336914,0.46362242102622986,0.26925334334373474,16.389707565307617,13.885773658752441,5.447391986846924,9.432904243469238,99.38594055175781,h
52.23744201660156,9.91316032409668,2.5420281887054443,0.44014015793800354,0.22544583678245544,21.30054473876953,57.75612258911133,5.74996280670166,22.97022819519043,291.9860534667969,h
333.85516357421875,172.3889617919922,5.178143501281738,0.013101509772241116,0.0007999999797903001,-457.9161071777344,-326.5060729980469,90.80472564697266,85.33086395263672,234.25743103027344,h
334.177001953125,228.0384979248047,5.179500102996826,0.013100000098347664,0.0007999999797903001,-457.9161071777344,231.4459991455078,179.8509979248047,0.0,5.74560022354126,h
334.177001953125,228.0384979248047,5.179500102996826,0.013100000098347664,0.0007999999797903001,-457.9161071777344,-331.7799987792969,179.8509979248047,90.0,466.4078063964844,h
146.04315185546875,52.0875244140625,3.457629919052124,0.19661270081996918,0.11132095009088516,-147.44288635253906,-145.2316131591797,-13.660576820373535,45.12820816040039,390.22735595703125,h
333.9828186035156,228.0384979248047,1.9413000345230103,0.013100000098347664,0.0007999999797903001,-457.9161071777344,-331.7799987792969,179.8509979248047,0.0,5.74560022354126,h
102.0546875,28.00712776184082,2.9815804958343506,0.20959484577178955,0.13390453159809113,50.11894226074219,55.690555572509766,17.45695686340332,33.754093170166016,276.4391784667969,h
334.177001953125,228.0384979248047,5.179500102996826,0.013100000098347664,0.0007999999797903001,-457.9161071777344,-331.7799987792969,179.8509979248047,90.0,5.748789310455322,h
77.26148986816406,76.5989990234375,2.7789201736450195,0.40194061398506165,0.21235276758670807,-144.6324005126953,-39.406219482421875,101.93576049804688,31.706327438354492,328.1820983886719,h
7.207900047302246,0.0,1.9413000345230103,0.8912000060081482,0.6740000247955322,-457.9161071777344,-331.7799987792969,179.8509979248047,90.0,5.74560022354126,h
334.177001953125,228.0384979248047,5.179500102996826,0.013100000098347664,0.0007999999797903001,-457.9161071777344,-331.7799987792969,179.8509979248047,90.0,466.4078063964844,h
29.096637725830078,18.76856803894043,2.414510726928711,0.4368049204349518,0.23265594244003296,26.728557586669922,6.993630409240723,5.92088508605957,40.64434814453125,163.90447998046875,h
20.801496505737305,17.776552200317383,2.3624823093414307,0.5222776532173157,0.281567245721817,10.374629974365234,-15.425192832946777,18.398889541625977,1.6302635669708252,278.4578552246094,h
7.207900047302246,0.0,1.9413000345230103,0.8912000060081482,0.6740000247955322,-457.9161071777344,-331.7799987792969,179.8509979248047,90.0,466.4078063964844,h
334.177001953125,228.0384979248047,5.179500102996826,0.013100000098347664,0.0007999999797903001,-457.9161071777344,-331.7799987792969,179.8509979248047,90.0,5.74560022354126,h
334.177001953125,228.0384979248047,1.9413000345230103,0.8912000060081482,0.6740000247955322,-457.9161071777344,-331.7799987792969,179.8509979248047,0.0,466.4078063964844,h
173.1400909423828,73.71859741210938,4.0285444259643555,0.08704264461994171,0.05064719170331955,-250.30401611328125,-149.98983764648438,-71.13290405273438,69.61930084228516,369.7391662597656,h
196.9732666015625,138.8745574951172,5.074578762054443,0.021133340895175934,0.0035066783893853426,-36.52922821044922,-186.6401824951172,162.94384765625,84.40251159667969,363.4246826171875,h
11.444767951965332,10.722710609436035,1.9413000345230103,0.6137646436691284,0.33271273970603943,39.21864318847656,-27.761934280395508,14.24980640411377,3.0806736504018772e-06,59.5222053527832,h
23.805221557617188,11.807291030883789,2.3354694843292236,0.6410685777664185,0.3092704117298126,22.316879272460938,22.64836311340332,-11.04482364654541,4.947056293487549,199.00210571289062,h
163.67636108398438,93.32190704345703,3.7765376567840576,0.11706195026636124,0.050262391567230225,-28.807205200195312,-27.962169647216797,100.86963653564453,68.25727081298828,369.9716796875,h
334.177001953125,228.0384979248047,5.179500102996826,0.013100000098347664,0.0007999999797903001,-457.9161071777344,-17.174135208129883,-205.8946990966797,90.0,433.2075500488281,h
7.207900047302246,228.0384979248047,1.9413000345230103,0.8912000060081482,0.6740000247955322,-6.591219425201416,-331.7799987792969,179.8509979248047,0.0,5.74560022354126,h
334.177001953125,228.0384979248047,5.179500102996826,0.013100000098347664,0.0007999999797903001,575.24072265625,231.4459991455078,-205.8946990966797,90.0,5.74560022354126,h
7.207900047302246,0.0,1.9413000345230103,0.8912000060081482,0.6740000247955322,575.24072265625,231.4459991455078,179.8509979248047,90.0,5.74560022354126,h
334.177001953125,228.0384979248047,5.179500102996826,0.013100000098347664,0.0007999999797903001,-457.9161071777344,-6.968571186065674,179.8509979248047,90.0,466.4078063964844,h
76.57791900634766,19.595626831054688,3.1437416076660156,0.21871265769004822,0.1276775449514389,-87.63004302978516,83.44503021240234,-9.48776912689209,35.924903869628906,295.171142578125,h
15.83340072631836,8.913280487060547,2.30735445022583,0.6708779335021973,0.3373008072376251,18.168758392333984,6.970297336578369,11.7694091796875,33.18326950073242,173.66058349609375,h
75.9825210571289,19.582632064819336,2.872950553894043,0.28148889541625977,0.1606004536151886,38.161224365234375,-25.6475887298584,-11.255448341369629,19.115093231201172,201.11941528320312,h
7.207900047302246,0.0,5.179500102996826,0.8912000060081482,0.6740000247955322,-457.9161071777344,230.5894775390625,-205.8946990966797,90.0,466.4078063964844,h
24.992441177368164,27.388866424560547,3.0039427280426025,0.2516883313655853,0.11370711773633957,-45.35315704345703,-18.745773315429688,5.070524215698242,29.12133026123047,211.41220092773438,h
40.01249694824219,22.50847816467285,2.7141315937042236,0.3625949025154114,0.2030484825372696,16.211233139038086,35.21275329589844,30.944978713989258,50.54555130004883,59.95386505126953,h
80.88613891601562,28.356595993041992,2.9004125595092773,0.24891236424446106,0.1338159590959549,-11.278207778930664,64.51943969726562,-9.525504112243652,13.06224250793457,219.1367950439453,h
334.177001953125,228.0384979248047,1.9413000345230103,0.013100000098347664,0.6740000247955322,-457.9161071777344,-331.7799987792969,-205.8946990966797,0.0,5.74560022354126,h
94.25704956054688,26.398517608642578,2.939892292022705,0.3954237699508667,0.23310957849025726,51.852203369140625,50.74281311035156,-9.195345878601074,38.45458984375,247.00511169433594,h
334.177001953125,228.0384979248047,5.179500102996826,0.013100000098347664,0.0007999999797903001,-457.9161071777344,-331.7799987792969,-205.8946990966797,90.0,466.4078063964844,h
334.177001953125,228.0384979248047,5.179500102996826,0.013100000098347664,0.0007999999797903001,-457.9161071777344,231.4459991455078,-205.8946990966797,90.0,466.4078063964844,h
46.74657440185547,22.41282081604004,2.963541030883789,0.2596476674079895,0.17075864970684052,-19.450700759887695,31.979660034179688,11.185938835144043,24.719942092895508,56.5594367980957,h
334.177001953125,228.0384979248047,5.179500102996826,0.013100000098347664,0.0007999999797903001,575.24072265625,231.4459991455078,-205.8946990966797,90.0,5.74560022354126,h
334.177001953125,0.0,5.179500102996826,0.013100000098347664,0.6740000247955322,-457.9161071777344,231.4459991455078,179.8509979248047,90.0,5.74560022354126,h
48.782073974609375,15.055471420288086,2.9373021125793457,0.34613439440727234,0.1814103126525879,47.361724853515625,60.77263641357422,-5.807969093322754,1.7067735195159912,254.3258514404297,h
20.795461654663086,11.935090065002441,2.501009702682495,0.7069163918495178,0.45826467871665955,35.77394485473633,28.368934631347656,-11.19188117980957,69.5289306640625,199.11990356445312,h
334.177001953125,228.0384979248047,5.179500102996826,0.013100000098347664,0.0007999999797903001,-457.9161071777344,-331.7799987792969,-205.8946990966797,90.0,466.4078063964844,h
334.177001953125,228.0384979248047,5.179500102996826,0.013100000098347664,0.0007999999797903001,575.24072265625,231.4459991455078,-205.8946990966797,90.0,5.74560022354126,h
30.449071884155273,12.665929794311523,2.607931613922119,0.4105018675327301,0.22249694168567657,-43.205055236816406,-14.973600387573242,-3.0777392387390137,71.70711517333984,60.424861907958984,h
334.177001953125,228.0384979248047,5.179500102996826,0.013100000098347664,0.0007999999797903001,-457.9161071777344,-331.7799987792969,179.8509979248047,90.0,466.4078063964844,h
30.829936981201172,10.06837272644043,2.558058261871338,0.40721359848976135,0.24531011283397675,-3.1828362941741943,1.4363822937011719,-6.752070426940918,68.94242858886719,158.43408203125,h
54.58399963378906,17.31671905517578,3.0983943939208984,0.1990211009979248,0.09965653717517853,-9.197714805603027,51.543460845947266,-19.27688980102539,66.04395294189453,229.2246551513672,h
36.11151885986328,22.17535400390625,2.830687999725342,0.31711307168006897,0.16668018698692322,26.98308563232422,40.209041595458984,6.865157127380371,77.18392944335938,102.25033569335938,h
7.207900047302246,228.0384979248047,1.9413000345230103,0.5547491908073425,0.07748156785964966,-457.9161071777344,-331.7799987792969,179.8509979248047,0.0,5.74560022354126,h
7.207900047302246,228.0384979248047,5.179500102996826,0.8912000060081482,0.6740000247955322,-457.9161071777344,231.4459991455078,-205.8946990966797,90.0,466.4078063964844,h
29.82895851135254,11.128975868225098,2.5113470554351807,0.4531039297580719,0.2467556595802307,20.70366859436035,-10.983085632324219,-7.085601329803467,70.2137680053711,161.76551818847656,h
334.1208801269531,228.0384979248047,1.9413000345230103,0.013100000098347664,0.6711137294769287,-457.9161071777344,-331.7799987792969,179.8509979248047,0.0,5.74560022354126,h
19.350757598876953,8.907634735107422,2.3027377128601074,0.728421151638031,0.3747172951698303,-56.238887786865234,9.680392265319824,-5.713499546051025,1.3056819438934326,197.64529418945312,h
18.333087921142578,14.520675659179688,2.405571937561035,0.6644880771636963,0.38554009795188904,12.549893379211426,-35.13324737548828,-13.034317016601562,41.17831039428711,209.4264678955078,h
55.986995697021484,12.591858863830566,2.553921699523926,0.519360363483429,0.31360673904418945,41.00841522216797,82.43718719482422,-25.6339054107666,18.16678237915039,155.6103057861328,h
334.177001953125,228.0384979248047,5.179500102996826,0.013100000098347664,0.0007999999797903001,-457.9161071777344,-331.7799987792969,179.8509979248047,90.0,466.4078063964844,h
334.177001953125,228.0384979248047,5.179500102996826,0.013100000098347664,0.0007999999797903001,575.24072265625,231.4459991455078,179.8509979248047,0.0,5.74560022354126,h
191.71156311035156,44.48925018310547,3.419461727142334,0.18825319409370422,0.09630429744720459,-142.12936401367188,-126.75543975830078,54.891929626464844,80.86991119384766,339.3588562011719,h
313.7513732910156,220.3151397705078,5.065730094909668,0.013984668999910355,0.000943083839956671,-454.6112060546875,-330.3846130371094,61.30705261230469,83.81930541992188,294.720947265625,h
126.15234375,53.6957893371582,3.320516586303711,0.16008491814136505,0.07784939557313919,66.55979919433594,-15.033183097839355,44.969120025634766,16.512683868408203,73.06063842773438,h
334.177001953125,228.0384979248047,5.179500102996826,0.013100000098347664,0.0007999999797903001,575.24072265625,231.4459991455078,-205.8946990966797,90.0,5.74560022354126,h
93.06338500976562,32.386837005615234,3.3502070903778076,0.17871709167957306,0.11479077488183975,-30.308042526245117,85.99415588378906,11.420506477355957,22.808767318725586,377.0997619628906,h
101.27621459960938,76.6962890625,3.510277032852173,0.11905082315206528,0.07248527556657791,-120.21781158447266,82.43512725830078,-78.26092529296875,14.897289276123047,276.66339111328125,h
334.177001953125,228.0384979248047,5.179500102996826,0.013100000098347664,0.0007999999797903001,-457.9161071777344,-331.23992919921875,-205.8946990966797,89.71688842773438,366.6443176269531,h
334.177001953125,228.0384979248047,5.179500102996826,0.013100000098347664,0.0007999999797903001,-457.9161071777344,-331.7799987792969,179.8509979248047,90.0,466.4078063964844,h
37.28263854980469,9.863008499145508,2.369814872741699,0.48024263978004456,0.2455819547176361,-11.823648452758789,16.620872497558594,-8.002057075500488,1.7351633310317993,87.53035736083984,h
23.785552978515625,15.848336219787598,2.7307159900665283,0.4488407373428345,0.26983603835105896,2.868147373199463,-9.22765064239502,-8.021871566772461,51.829689025878906,103.64364624023438,h
7.207900047302246,228.0384979248047,1.9413000345230103,0.08696004748344421,0.07123170793056488,-457.9161071777344,-331.7799987792969,179.8509979248047,0.0,5.74560022354126,h
7.207900047302246,0.0,1.9413000345230103,0.8912000060081482,0.6740000247955322,-457.9161071777344,-331.7799987792969,179.8509979248047,90.0,5.74560022354126,h
334.177001953125,228.0384979248047,5.179500102996826,0.013100000098347664,0.0007999999797903001,575.24072265625,231.4459991455078,-205.8946990966797,90.0,466.10137939453125,h
25.24285316467285,15.221503257751465,2.6931397914886475,0.5781054496765137,0.3497839868068695,6.539032459259033,-16.13267707824707,9.790105819702148,32.401824951171875,139.6522674560547,h
334.177001953125,228.0384979248047,5.179500102996826,0.013100000098347664,0.0007999999797903001,-457.9161071777344,-331.7799987792969,179.8509979248047,90.0,5.74560022354126,h
334.177001953125,228.0384979248047,5.179500102996826,0.013100000098347664,0.0007999999797903001,-457.9161071777344,231.4459991455078,-205.8946990966797,90.0,466.4078063964844,h
334.177001953125,228.0384979248047,5.179500102996826,0.013100000098347664,0.0007999999797903001,575.24072265625,231.4459991455078,179.8509979248047,90.0,5.74560022354126,h
334.177001953125,228.0384979248047,5.179500102996826,0.013100000098347664,0.0007999999797903001,-457.9161071777344,-331.7799987792969,-205.8946990966797,90.0,5.74560022354126,h
19.49692726135254,10.090773582458496,2.548081159591675,0.6203732490539551,0.37478581070899963,2.6129627227783203,7.024150848388672,5.359138011932373,50.79417419433594,99.84712982177734,h
30.131301879882812,11.871739387512207,2.488291025161743,0.37092387676239014,0.19489800930023193,2.2787795066833496,33.88545227050781,7.474777698516846,67.17588806152344,73.64210510253906,h
334.177001953125,228.0384979248047,5.179500102996826,0.013100000098347664,0.0007999999797903001,-457.9161071777344,231.4459991455078,-205.8946990966797,90.0,466.4078063964844,h
334.177001953125,228.0384979248047,5.179500102996826,0.013100000098347664,0.0007999999797903001,-457.9161071777344,-331.7799987792969,179.8509979248047,90.0,466.4078063964844,h
105.6021957397461,31.07986068725586,3.3265533447265625,0.21382422745227814,0.12335234880447388,36.84294891357422,74.84574890136719,3.882990837097168,39.661155700683594,127.49181365966797,h
7.207900047302246,0.0,1.9413000345230103,0.8912000060081482,0.6740000247955322,-457.9161071777344,-331.7799987792969,-205.8946990966797,0.0,122.84508514404297,h
334.177001953125,228.0384979248047,5.179500102996826,0.013100000098347664,0.0007999999797903001,-457.9161071777344,-331.7799987792969,179.8509979248047,90.0,30.849483489990234,h
70.90042114257812,26.53336524963379,3.186030626296997,0.15218544006347656,0.08709492534399033,-41.367862701416016,25.221824645996094,10.524125099182129,71.41766357421875,99.31949615478516,h
334.177001953125,228.0384979248047,5.179500102996826,0.013100000098347664,0.0007999999797903001,575.24072265625,231.4459991455078,-205.8946990966797,90.0,176.4486083984375,h
25.802715301513672,9.849699974060059,2.6503164768218994,0.5028606057167053,0.2981264591217041,29.937519073486328,26.507265090942383,-4.363866806030273,20.766447067260742,181.44378662109375,h
77.41712951660156,21.269723892211914,3.0625979900360107,0.2362300306558609,0.11966778337955475,35.84003448486328,20.57500648498535,18.910335540771484,16.33404541015625,257.8013916015625,h
334.177001953125,228.0384979248047,1.9413000345230103,0.013100000098347664,0.6739949584007263,-457.9161071777344,-331.7799987792969,179.8509979248047,0.0,140.557861328125,h
98.0634994506836,24.963563919067383,3.0739142894744873,0.322910875082016,0.19185073673725128,-80.79068756103516,84.68504333496094,-11.999979019165039,22.2510986328125,272.25537109375,h
252.31564331054688,60.32731246948242,3.235321283340454,0.15262416005134583,0.08571922779083252,-169.706787109375,147.06005859375,-10.64754867553711,46.9232177734375,156.99453735351562,h
334.177001953125,228.0384979248047,1.9413000345230103,0.013100000098347664,0.0007999999797903001,-457.9161071777344,-331.7799987792969,-205.8946990966797,0.0,5.74560022354126,h
92.95925903320312,65.16083526611328,3.6082990169525146,0.20955395698547363,0.1347145140171051,-16.34698486328125,42.970794677734375,-57.008872985839844,31.417564392089844,178.01414489746094,h
334.177001953125,228.0384979248047,5.179500102996826,0.013100000098347664,0.0007999999797903001,575.24072265625,231.4459991455078,-205.8946990966797,90.0,5.74560022354126,h
10.233450889587402,64.8932113647461,1.9413000345230103,0.8912000060081482,0.6740000247955322,63.934913635253906,-326.9282531738281,179.82699584960938,0.0,55.679779052734375,h
27.277400970458984,26.5274715423584,2.602071762084961,0.5078543424606323,0.3001064956188202,-4.5853118896484375,19.7912654876709,1.8190866708755493,23.590192794799805,170.14906311035156,h
63.486873626708984,26.28199005126953,3.0200207233428955,0.3360813856124878,0.219268798828125,-58.69060134887695,-87.84439086914062,-8.011032104492188,38.022403717041016,188.0211181640625,h
18.561132431030273,10.16748332977295,2.2016615867614746,0.7141730785369873,0.43525296449661255,5.151622295379639,17.09229278564453,5.8175506591796875,81.10313415527344,216.89501953125,h
231.5732421875,110.38426208496094,3.487508773803711,0.12912654876708984,0.0633845329284668,25.39395523071289,-62.723838806152344,25.322948455810547,53.99968338012695,134.5852508544922,h
334.177001953125,228.0384979248047,5.179500102996826,0.013100000098347664,0.0007999999797903001,-457.9161071777344,-331.7799987792969,179.8509979248047,90.0,5.74560022354126,h
334.177001953125,228.0384979248047,5.179500102996826,0.013100000098347664,0.0007999999797903001,575.24072265625,231.4459991455078,-205.8946990966797,90.0,466.4078063964844,h
26.422653198242188,19.509645462036133,2.927020311355591,0.3891944885253906,0.24327437579631805,3.559779167175293,9.968942642211914,11.355826377868652,2.838792324066162,48.46537399291992,h
19.120773315429688,15.926610946655273,2.499809741973877,0.43822675943374634,0.25331825017929077,13.46904182434082,8.616521835327148,4.283815860748291,10.508340835571289,164.3719482421875,h
7.207900047302246,0.0,5.179500102996826,0.8912000060081482,0.6740000247955322,-457.9161071777344,-331.7799987792969,-205.8946990966797,90.0,466.4078063964844,h
259.9318542480469,228.0384979248047,1.9413000345230103,0.12715622782707214,0.6740000247955322,-457.9161071777344,-331.7799987792969,179.8509979248047,0.0,5.74560022354126,h
334.177001953125,228.0384979248047,5.179500102996826,0.013100000098347664,0.0007999999797903001,575.24072265625,231.4459991455078,179.8509979248047,0.0,5.74560022354126,h
334.177001953125,228.0384979248047,5.179500102996826,0.013100000098347664,0.0007999999797903001,-457.9161071777344,-331.7799987792969,179.8509979248047,90.0,152.13389587402344,h
100.02981567382812,42.93538284301758,3.225260019302368,0.20684415102005005,0.14086198806762695,85.50841522216797,80.470458984375,-17.258892059326172,11.156853675842285,293.7143859863281,h
256.61846923828125,92.99751281738281,3.76357364654541,0.16573329269886017,0.10345830768346786,-240.83795166015625,-167.2734832763672,84.19476318359375,45.95780944824219,346.8833923339844,h
7.212288856506348,20.081531524658203,1.9413000345230103,0.7496033906936646,0.3140477240085602,9.944511413574219,9.339542388916016,18.31930923461914,0.4996148943901062,76.94590759277344,h
334.177001953125,228.0384979248047,5.179500102996826,0.013100000098347664,0.0007999999797903001,575.24072265625,231.4459991455078,-205.8946990966797,90.0,466.4078063964844,h
334.177001953125,228.0384979248047,5.179500102996826,0.013100000098347664,0.0007999999797903001,575.24072265625,231.4459991455078,-205.8946990966797,90.0,5.74560022354126,h
162.37551879882812,53.40554428100586,3.3894870281219482,0.18019281327724457,0.09901485592126846,-130.36212158203125,-72.90635681152344,18.818117141723633,79.8819580078125,254.358642578125,h
52.47081756591797,8.2366943359375,2.6552164554595947,0.47029897570610046,0.2317906767129898,22.99066162109375,24.534168243408203,-5.584387302398682,32.755393981933594,225.375732421875,h
334.177001953125,228.0384979248047,5.179500102996826,0.013100000098347664,0.0007999999797903001,-457.9161071777344,-331.7799987792969,179.8509979248047,90.0,466.3792419433594,h
20.786357879638672,9.252168655395508,2.5950794219970703,0.6171668767929077,0.3180999755859375,31.7700138092041,13.275749206542969,6.303240776062012,13.502449035644531,232.13613891601562,h
334.177001953125,228.0384979248047,5.179500102996826,0.013100000098347664,0.0007999999797903001,-457.9161071777344,-331.7799987792969,-205.8946990966797,90.0,466.4078063964844,h
161.8949432373047,148.14373779296875,5.17514181137085,0.013968533836305141,0.0009431783691979945,-285.7823791503906,3.1316230297088623,136.04241943359375,81.6038589477539,229.83949279785156,h
32.2734260559082,16.134767532348633,2.7870821952819824,0.35961639881134033,0.1963110715150833,-23.388364791870117,-21.681406021118164,14.727180480957031,74.74392700195312,319.1031799316406,h
334.177001953125,228.0384979248047,1.9413000345230103,0.013100000098347664,0.0007999999797903001,-457.9161071777344,-331.7799987792969,179.8509979248047,0.0,5.74560022354126,h
7.207900047302246,14.512916564941406,1.9413000345230103,0.8912000060081482,0.6740000247955322,-51.85219192504883,-211.37908935546875,179.8509979248047,0.0,228.9598388671875,h
51.252079010009766,11.98618221282959,2.7590160369873047,0.346308171749115,0.21812023222446442,25.421436309814453,42.031105041503906,-8.638983726501465,24.33955955505371,133.55850219726562,h
69.72115325927734,31.734228134155273,2.887599468231201,0.20008397102355957,0.13767194747924805,-52.257076263427734,-75.26615905761719,-8.124062538146973,65.26554870605469,104.57788848876953,h
334.177001953125,228.0384979248047,5.179500102996826,0.013100000098347664,0.0007999999797903001,-457.9161071777344,-331.7799987792969,-205.8946990966797,90.0,466.4078063964844,h
21.921852111816406,10.223357200622559,2.676741600036621,0.5083525776863098,0.3137076497077942,15.327507972717285,19.64009666442871,-7.7573981285095215,24.00998306274414,209.14312744140625,h
69.04000091552734,8.830533027648926,2.55719256401062,0.6371159553527832,0.3918306529521942,-13.783337593078613,-17.646751403808594,19.795795440673828,6.900843143463135,306.7861633300781,h
334.177001953125,228.0384979248047,1.9413000345230103,0.013100000098347664,0.0007999999797903001,-457.9161071777344,-331.7799987792969,179.8509979248047,0.0,5.74560022354126,h
8.242940902709961,10.61099910736084,1.9413000345230103,0.7880757451057434,0.33931782841682434,-65.06600189208984,-55.13832473754883,8.846882820129395,0.0,308.7352600097656,h
22.520776748657227,10.845123291015625,2.240114450454712,0.7422354221343994,0.3807406723499298,24.01712417602539,-17.32211685180664,9.885218620300293,49.10921859741211,60.340614318847656,h
134.72402954101562,39.93739318847656,3.235243082046509,0.09985769540071487,0.07458669692277908,-23.769790649414062,-137.21710205078125,-56.87932586669922,8.61403751373291,197.2664794921875,h
7.207900047302246,34.85138702392578,1.9413000345230103,0.6123445630073547,0.25712263584136963,-435.2486267089844,-331.7137145996094,102.8853988647461,0.0,5.860317230224609,h
334.177001953125,228.0384979248047,5.179500102996826,0.013100000098347664,0.0007999999797903001,-457.9161071777344,-331.7799987792969,179.8509979248047,90.0,466.4078063964844,h
7.207900047302246,0.0,5.179500102996826,0.013100000098347664,0.0689748227596283,-457.9161071777344,231.4459991455078,179.8509979248047,90.0,466.4078063964844,h
334.177001953125,228.0384979248047,5.179500102996826,0.013100000098347664,0.0007999999797903001,-457.9161071777344,-331.7799987792969,179.8509979248047,90.0,466.4078063964844,h
334.177001953125,228.0384979248047,5.179500102996826,0.013100000098347664,0.0007999999797903001,575.24072265625,231.4459991455078,-205.8946990966797,90.0,5.74560022354126,h
70.20260620117188,21.468225479125977,2.868770122528076,0.28289198875427246,0.1510847806930542,-73.8807601928711,15.733805656433105,-11.407074928283691,5.477457523345947,241.438720703125,h
12.777189254760742,10.595742225646973,2.4385757446289062,0.7825942635536194,0.5007632970809937,-1.5437828302383423,-8.817452430725098,-20.543004989624023,79.74311828613281,180.43089294433594,h
30.02802276611328,15.405316352844238,2.805312156677246,0.3510395586490631,0.205255925655365,27.56046485900879,11.932774543762207,8.90269947052002,16.017026901245117,132.7099151611328,h
65.26433563232422,50.70346450805664,4.200550556182861,0.08913672715425491,0.04521480202674866,-64.62157440185547,-38.123477935791016,-49.085941314697266,7.5591864585876465,119.25041198730469,h
334.177001953125,228.0384979248047,5.179500102996826,0.013100000098347664,0.0007999999797903001,-457.9161071777344,-331.7799987792969,179.8509979248047,90.0,5.74560022354126,h
14.943255424499512,8.61905288696289,2.281360149383545,0.8644244074821472,0.5117058157920837,4.318795680999756,15.375115394592285,-9.020722389221191,4.322754383087158,75.6490707397461,h
33.56828689575195,10.125053405761719,2.3754959106445312,0.5443492531776428,0.2873867154121399,6.034740447998047,34.068885803222656,4.462241172790527,34.81200408935547,177.8448486328125,h
332.65423583984375,187.74191284179688,3.8243348598480225,0.07765255123376846,0.02183905988931656,575.24072265625,-10.12360954284668,-59.352108001708984,3.328101873397827,39.914913177490234,h
334.177001953125,228.0384979248047,5.179500102996826,0.013100000098347664,0.0007999999797903001,575.24072265625,231.4459991455078,-205.8946990966797,90.0,5.74560022354126,h
334.177001953125,228.0384979248047,5.179500102996826,0.013100000098347664,0.0007999999797903001,-457.9161071777344,-331.7799987792969,179.8509979248047,90.0,466.4078063964844,h
334.177001953125,228.0384979248047,1.9413000345230103,0.013100000098347664,0.6740000247955322,-457.9161071777344,-331.7799987792969,179.8509979248047,0.0,466.4078063964844,h
7.245212078094482,215.9984893798828,1.9413000345230103,0.8905698657035828,0.6698364019393921,-456.90899658203125,-331.4261169433594,179.8509979248047,0.0,5.74560022354126,h
96.50577545166016,228.0384979248047,1.9413000345230103,0.8912000060081482,0.6740000247955322,-18.636850357055664,231.44200134277344,179.8509979248047,0.0,466.3011474609375,h
334.177001953125,228.0384979248047,5.179500102996826,0.013100000098347664,0.0007999999797903001,-457.9161071777344,-331.7799987792969,179.8509979248047,90.0,5.961879730224609,h
334.177001953125,228.0384979248047,5.179500102996826,0.013100000098347664,0.0007999999797903001,575.24072265625,231.4459991455078,179.8509979248047,90.0,466.4078063964844,h
66.08283996582031,10.021077156066895,2.5541646480560303,0.3692547678947449,0.1847911775112152,-4.7549028396606445,-24.466249465942383,-7.087220191955566,45.049034118652344,221.1154327392578,h
334.177001953125,228.0384979248047,5.179500102996826,0.013100000098347664,0.0007999999797903001,-457.9161071777344,-331.7799987792969,179.8509979248047,90.0,466.4078063964844,h
334.177001953125,228.0384979248047,5.179500102996826,0.013100000098347664,0.0007999999797903001,-457.9161071777344,-331.7799987792969,179.8509979248047,90.0,5.74560022354126,h
24.183290481567383,15.887046813964844,2.6542415618896484,0.43270450830459595,0.24882811307907104,12.855720520019531,21.283977508544922,7.360888957977295,7.107400417327881,178.4933319091797,h
334.177001953125,228.0384979248047,5.179500102996826,0.013100000098347664,0.0007999999797903001,-457.9161071777344,-331.7799987792969,179.8509979248047,90.0,466.4078063964844,h
334.177001953125,228.0384979248047,5.179500102996826,0.013100000098347664,0.0007999999797903001,575.24072265625,231.4459991455078,-205.8946990966797,90.0,5.74560022354126,h
334.177001953125,228.0384979248047,5.179500102996826,0.013100000098347664,0.0007999999797903001,-457.9161071777344,-331.7799987792969,179.8509979248047,90.0,466.4078063964844,h
17.77327537536621,12.643750190734863,2.4842281341552734,0.7024337649345398,0.3720076084136963,6.681217670440674,16.061504364013672,8.597794532775879,38.64484405517578,182.8080291748047,h
40.79607391357422,10.544238090515137,2.758991003036499,0.6002838611602783,0.36443281173706055,-3.138810396194458,-19.385128021240234,4.1773223876953125,45.24144744873047,275.64874267578125,h
334.177001953125,228.0384979248047,1.9413000345230103,0.8912000060081482,0.6740000247955322,-457.9161071777344,-331.7799987792969,-205.8946990966797,0.0,5.74560022354126,h
101.05252075195312,34.93122482299805,2.745234251022339,0.3623073399066925,0.19292747974395752,-29.111177444458008,82.31080627441406,58.174400329589844,54.319393157958984,242.99420166015625,h
334.177001953125,228.0384979248047,5.179500102996826,0.013100000098347664,0.0007999999797903001,575.24072265625,-331.7799987792969,-205.8946990966797,90.0,5.74560022354126,h
334.177001953125,228.0384979248047,5.179500102996826,0.013100000098347664,0.0007999999797903001,575.24072265625,231.4459991455078,-205.8946990966797,90.0,5.74560022354126,h
334.177001953125,228.0384979248047,5.179500102996826,0.013100000098347664,0.0007999999797903001,575.24072265625,231.4459991455078,-205.8946990966797,90.0,466.4078063964844,h
334.177001953125,228.0384979248047,5.179500102996826,0.013100000098347664,0.0007999999797903001,575.24072265625,-331.7799987792969,-205.8946990966797,90.0,5.74560022354126,h
334.177001953125,228.0384979248047,5.179500102996826,0.013100000098347664,0.0007999999797903001,-457.9161071777344,47.50361633300781,-205.8946990966797,90.0,466.4078063964844,h
334.177001953125,228.0384979248047,5.179500102996826,0.013100000098347664,0.0007999999797903001,-457.9161071777344,-331.7799987792969,179.8509979248047,90.0,466.4078063964844,h
334.177001953125,228.0384979248047,5.179500102996826,0.013100000098347664,0.0007999999797903001,575.24072265625,231.4459991455078,-205.8946990966797,90.0,466.4078063964844,h
17.960359573364258,9.926103591918945,2.386916399002075,0.8232975602149963,0.5671478509902954,24.50129508972168,13.18504810333252,4.118035316467285,61.467742919921875,154.2744140625,h
100.7652359008789,27.858482360839844,3.0262045860290527,0.27898532152175903,0.1427014321088791,-50.99730682373047,-56.57746505737305,17.5966854095459,47.62492370605469,47.80207824707031,h
36.565948486328125,7.236481666564941,2.4257943630218506,0.6369045376777649,0.42804446816444397,53.436302185058594,47.4901123046875,9.929458618164062,12.40070915222168,172.027099609375,h
334.177001953125,228.0384979248047,5.179500102996826,0.013100000098347664,0.0007999999797903001,-457.9161071777344,231.4459991455078,-205.8946990966797,90.0,466.4078063964844,h
31.401046752929688,9.771493911743164,2.691234827041626,0.5855689644813538,0.4705212414264679,48.033905029296875,33.83600616455078,4.958782196044922,8.624364852905273,104.39683532714844,h
334.177001953125,228.0384979248047,5.179500102996826,0.013100000098347664,0.0007999999797903001,-457.9161071777344,231.4459991455078,-205.8946990966797,90.0,466.4078063964844,h
334.177001953125,228.0384979248047,5.179500102996826,0.013100000098347664,0.0007999999797903001,-457.9161071777344,-331.7799987792969,179.8509979248047,90.0,466.4078063964844,h
23.78296661376953,16.629995346069336,2.4798712730407715,0.5066573023796082,0.27243509888648987,29.023693084716797,6.423648834228516,-3.384106159210205,35.82854080200195,144.92529296875,h
334.177001953125,228.0384979248047,5.179500102996826,0.013100000098347664,0.0007999999797903001,-457.9161071777344,231.4459991455078,179.8509979248047,90.0,5.74560022354126,h
20.98579978942871,11.009549140930176,2.4776525497436523,0.6951519846916199,0.37818387150764465,-0.24006572365760803,0.3108578324317932,-5.430306434631348,56.107391357421875,188.25718688964844,h
334.177001953125,228.0384979248047,5.179500102996826,0.013100000098347664,0.0007999999797903001,575.24072265625,231.4459991455078,179.8509979248047,90.0,5.74560022354126,h
55.33311462402344,37.68996810913086,2.7517287731170654,0.21357649564743042,0.10815780609846115,-62.34965896606445,26.759597778320312,17.441091537475586,42.848350524902344,182.56134033203125,h
334.177001953125,228.0384979248047,5.179500102996826,0.013100000098347664,0.0007999999797903001,-457.9161071777344,225.6495361328125,179.8509979248047,90.0,466.4078063964844,h
41.41341018676758,10.351560592651367,2.705688714981079,0.32703161239624023,0.1576332449913025,-10.83829116821289,-10.841612815856934,6.148311614990234,34.15617370605469,185.6820831298828,h
334.177001953125,228.0384979248047,5.179500102996826,0.013100000098347664,0.0007999999797903001,575.24072265625,231.4459991455078,179.8509979248047,90.0,466.4078063964844,h
20.616125106811523,14.934205055236816,2.6110024452209473,0.36060088872909546,0.2520061433315277,22.6256160736084,13.43708610534668,4.8599700927734375,12.170539855957031,210.88748168945312,h
30.996334075927734,19.991374969482422,2.6878232955932617,0.3689686954021454,0.24036911129951477,60.57162094116211,5.973790168762207,-21.533491134643555,54.05448913574219,256.8590393066406,h
334.177001953125,228.0384979248047,5.179500102996826,0.013100000098347664,0.0007999999797903001,575.24072265625,231.4459991455078,-205.8946990966797,90.0,5.74560022354126,h
97.07592010498047,30.584392547607422,3.022599220275879,0.3544623851776123,0.24496112763881683,-74.83206176757812,-23.743017196655273,-8.469470977783203,17.776145935058594,367.83465576171875,h
34.69367218017578,7.076179027557373,2.4495716094970703,0.4661189317703247,0.3152835965156555,2.519080400466919,12.37922477722168,5.687074661254883,58.48381423950195,61.508216857910156,h
7.465071201324463,10.946036338806152,1.9413000345230103,0.3547930419445038,0.1485784351825714,-281.72149658203125,-331.7728576660156,109.77754974365234,0.0,5.74560022354126,h
64.4810562133789,12.147307395935059,2.653250217437744,0.5154222846031189,0.30881211161613464,-55.58498764038086,-25.219865798950195,6.143571853637695,4.492124080657959,239.6949462890625,h
334.177001953125,228.0384979248047,1.9413000345230103,0.013100000098347664,0.6740000247955322,-457.9161071777344,-331.7799987792969,179.8509979248047,0.0,466.4078063964844,h
27.542034149169922,15.464065551757812,2.6859469413757324,0.4070500433444977,0.25459808111190796,24.24138069152832,27.1855411529541,-13.141217231750488,50.151161193847656,192.5778045654297,h
7.207900047302246,0.0,1.9413000345230103,0.8912000060081482,0.6740000247955322,-457.9161071777344,-331.7799987792969,179.8509979248047,90.0,466.4078063964844,h
57.51551818847656,22.049936294555664,2.836632251739502,0.21825335919857025,0.12158980965614319,60.127811431884766,16.31991195678711,-13.322186470031738,68.44355773925781,155.34869384765625,h
79.42781829833984,45.453060150146484,3.565621852874756,0.10183869302272797,0.06364872306585312,-23.882530212402344,40.4221076965332,50.923126220703125,72.26708221435547,180.07623291015625,h
334.177001953125,228.0384979248047,5.179500102996826,0.013100000098347664,0.0007999999797903001,575.24072265625,231.4459991455078,-205.8946990966797,90.0,5.74560022354126,h
334.177001953125,228.0384979248047,5.179500102996826,0.013100000098347664,0.0007999999797903001,575.24072265625,231.4459991455078,-9.468023300170898,90.0,466.4078063964844,h
40.402854919433594,9.490681648254395,2.4741146564483643,0.49469807744026184,0.2659614086151123,-53.46684646606445,23.140493392944336,-5.704562664031982,71.34650421142578,45.1877555847168,h
334.177001953125,228.0384979248047,5.179500102996826,0.013100000098347664,0.0007999999797903001,-457.9161071777344,-331.7799987792969,-205.8946990966797,90.0,5.74560022354126,h
40.39997863769531,10.867952346801758,2.5972118377685547,0.42222464084625244,0.22786399722099304,18.39917755126953,9.542315483093262,10.888775825500488,85.66067504882812,209.9916229248047,h
334.177001953125,228.0384979248047,5.179500102996826,0.013100000098347664,0.0007999999797903001,575.24072265625,231.4459991455078,179.8509979248047,90.0,5.74560022354126,h
82.31047821044922,28.308183670043945,2.7155909538269043,0.41123777627944946,0.2671550512313843,-103.65058898925781,-18.820096969604492,19.69537925720215,65.1701431274414,215.3839569091797,h
86.2335433959961,22.04567527770996,3.0783543586730957,0.32151174545288086,0.1686863899230957,-62.66739273071289,-116.6204833984375,-14.25725269317627,14.158682823181152,240.22409057617188,h
51.38545227050781,12.970705032348633,2.5485808849334717,0.26762551069259644,0.16174966096878052,-5.294713497161865,29.675048828125,-7.708945274353027,76.89828491210938,214.60726928710938,h
162.52914428710938,70.65657043457031,3.6528031826019287,0.13297580182552338,0.06819041073322296,-130.07577514648438,-71.14498901367188,30.88182830810547,15.023588180541992,303.3846130371094,h
334.177001953125,228.0384979248047,5.179500102996826,0.013100000098347664,0.0007999999797903001,575.24072265625,-331.7799987792969,-205.8946990966797,90.0,5.74560022354126,h
58.45526885986328,18.715648651123047,2.682570695877075,0.28010863065719604,0.1663421392440796,-38.33224868774414,-83.4867172241211,8.215597152709961,58.737178802490234,164.51339721679688,h
32.401336669921875,11.845179557800293,2.495314598083496,0.5426355004310608,0.32333889603614807,-30.23517417907715,19.977262496948242,-7.521425247192383,77.78591918945312,206.64112854003906,h
67.56502532958984,11.42689037322998,2.635944128036499,0.4011244773864746,0.2246277779340744,48.46957778930664,43.547706604003906,-9.27415943145752,28.087661743164062,134.09243774414062,h
334.177001953125,228.0384979248047,5.179500102996826,0.013100000098347664,0.0007999999797903001,-457.9161071777344,-331.7799987792969,179.8509979248047,90.0,466.4078063964844,h
50.35813903808594,16.05029296875,2.658485174179077,0.4709196984767914,0.2889325022697449,-63.16787338256836,13.78445816040039,-8.85185718536377,15.529723167419434,219.67877197265625,h
7.207900047302246,0.0,1.9413000345230103,0.8912000060081482,0.6740000247955322,-457.9161071777344,-331.7799987792969,-205.8946990966797,0.0,466.4078063964844,h
94.9465103149414,44.889984130859375,3.4697656631469727,0.18754491209983826,0.08274821937084198,64.93467712402344,93.43001556396484,38.10197830200195,29.666961669921875,324.9620361328125,h
27.612319946289062,0.0,2.315857410430908,0.6495732665061951,0.5066869854927063,-19.892879486083984,-7.0048346519470215,-12.945375442504883,55.757442474365234,198.60743713378906,h
7.207900047302246,0.0,4.262284755706787,0.8912000060081482,0.6740000247955322,-457.9161071777344,-331.7799987792969,-205.8946990966797,0.00039128525531850755,401.0482177734375,h
54.49653244018555,33.70677185058594,3.2981483936309814,0.19429732859134674,0.11347302794456482,2.1088051795959473,35.48357391357422,-42.03030776977539,46.30300521850586,55.85822296142578,h
7.207900047302246,0.0,1.9413000345230103,0.8912000060081482,0.6740000247955322,-457.9161071777344,-331.7799987792969,20.978525161743164,90.0,466.4078063964844,h
109.16644287109375,81.11336517333984,3.4873311519622803,0.21501249074935913,0.1301148682832718,-24.383094787597656,-32.33871841430664,-70.62776184082031,32.232051849365234,363.1856384277344,h
334.177001953125,228.0384979248047,1.9413000345230103,0.013100000098347664,0.6740000247955322,-457.9161071777344,-331.7799987792969,-205.8946990966797,0.0,5.74560022354126,h
334.177001953125,228.0384979248047,5.179500102996826,0.013100000098347664,0.0007999999797903001,575.24072265625,231.4459991455078,-205.8946990966797,90.0,5.74560022354126,h
334.177001953125,228.0384979248047,5.179500102996826,0.013100000098347664,0.0007999999797903001,-457.9161071777344,-331.7799987792969,-205.8946990966797,90.0,466.4078063964844,h
334.177001953125,228.0384979248047,5.179500102996826,0.013100000098347664,0.0007999999797903001,-457.9161071777344,-331.7799987792969,179.8509979248047,90.0,466.4078063964844,h
134.08291625976562,111.37116241455078,3.387639284133911,0.1952214539051056,0.11990821361541748,-130.5367889404297,-163.84580993652344,100.60240936279297,30.7831974029541,338.30853271484375,h
334.1388854980469,228.0384979248047,5.179500102996826,0.013100000098347664,0.0007999999797903001,-457.9161071777344,-324.0323486328125,179.8509979248047,89.99989318847656,146.63168334960938,h
334.177001953125,228.0384979248047,5.179500102996826,0.013100000098347664,0.0007999999797903001,575.24072265625,231.4459991455078,179.8509979248047,90.0,466.4078063964844,h
334.177001953125,228.0384979248047,5.179500102996826,0.013100000098347664,0.0007999999797903001,-457.9161071777344,231.4459991455078,-205.8946990966797,90.0,466.4078063964844,h
85.14642333984375,76.0885238647461,3.698052406311035,0.0893263891339302,0.04348547011613846,-44.44172286987305,-11.043017387390137,-71.95568084716797,58.38797378540039,191.0550079345703,h
334.177001953125,228.0384979248047,5.179500102996826,0.013100000098347664,0.0007999999797903001,-457.9161071777344,-331.7799987792969,-205.8946990966797,90.0,466.4078063964844,h
334.177001953125,228.0384979248047,1.9413000345230103,0.8912000060081482,0.6740000247955322,-457.9161071777344,-331.7799987792969,-205.8946990966797,0.0,5.74560022354126,h
334.177001953125,228.0384979248047,5.179500102996826,0.013100000098347664,0.0007999999797903001,-457.9161071777344,-331.7799987792969,179.8509979248047,90.0,466.4078063964844,h
56.055946350097656,0.003184711094945669,2.5980706214904785,0.5651565790176392,0.31175747513771057,-2.171398162841797,2.2427494525909424,-2.5626556873321533,70.25907897949219,60.98955154418945,h
187.6781768798828,114.91170501708984,4.241479873657227,0.060800641775131226,0.0345190092921257,-37.395362854003906,-132.3754425048828,-100.6698226928711,54.13463592529297,377.25762939453125,h
87.18147277832031,30.706541061401367,3.133497714996338,0.18176761269569397,0.11542056500911713,-63.49405288696289,81.79320526123047,-14.707183837890625,81.3608627319336,348.821044921875,h
334.177001953125,228.0384979248047,5.179500102996826,0.013100000098347664,0.0007999999797903001,-457.9161071777344,231.4459991455078,-205.8946990966797,90.0,466.4078063964844,h
48.65008544921875,12.834826469421387,2.7402501106262207,0.31699520349502563,0.17659024894237518,38.602088928222656,43.81829071044922,-8.038064956665039,68.52902221679688,166.26092529296875,h
334.177001953125,228.0384979248047,5.179500102996826,0.013100000098347664,0.0007999999797903001,575.24072265625,-331.7799987792969,-205.8946990966797,90.0,5.74560022354126,h
334.177001953125,228.0384979248047,1.9413000345230103,0.8912000060081482,0.6740000247955322,-457.9161071777344,-331.7799987792969,-205.8946990966797,0.0,5.74560022354126,h
334.177001953125,228.0384979248047,5.179500102996826,0.013100000098347664,0.0007999999797903001,-457.9161071777344,231.4459991455078,-205.8946990966797,90.0,466.4078063964844,h
17.611719131469727,11.944912910461426,2.499117612838745,0.588551938533783,0.3427533805370331,2.1238622665405273,15.511322021484375,-5.799630165100098,82.7989730834961,240.53384399414062,h
7.207900047302246,0.0,5.179500102996826,0.8912000060081482,0.6740000247955322,-457.9161071777344,-331.7799987792969,179.8509979248047,90.0,5.74560022354126,h
99.00104522705078,23.272701263427734,2.730520486831665,0.315685898065567,0.16136738657951355,-110.08025360107422,-100.57194519042969,-19.171396255493164,32.64054870605469,227.3428955078125,h
32.45980453491211,25.917823791503906,2.699355125427246,0.3887684643268585,0.1889302134513855,-21.754470825195312,24.990177154541016,13.021064758300781,42.09419250488281,202.0287322998047,h
334.177001953125,228.0384979248047,5.179500102996826,0.013100000098347664,0.0007999999797903001,-457.9161071777344,-331.7799987792969,179.8509979248047,90.0,5.74560022354126,h
22.860225677490234,11.352567672729492,2.4327330589294434,0.636544942855835,0.3492026925086975,17.287315368652344,18.54986000061035,12.451545715332031,31.577880859375,207.76846313476562,h
334.177001953125,228.0384979248047,5.179500102996826,0.013100000098347664,0.0007999999797903001,-457.9161071777344,-331.7799987792969,-205.8946990966797,90.0,466.4078063964844,h
92.21402740478516,17.608551025390625,2.9189412593841553,0.3127151429653168,0.17121846973896027,-14.722875595092773,6.711979389190674,11.622578620910645,69.34526824951172,272.856201171875,h
7.207900047302246,0.0,5.179500102996826,0.013100000098347664,0.6740000247955322,-457.9161071777344,231.4459991455078,179.8509979248047,90.0,5.74560022354126,h
334.177001953125,228.0384979248047,5.179500102996826,0.013100000098347664,0.0007999999797903001,-457.9161071777344,231.4459991455078,-205.8946990966797,90.0,5.74560022354126,h
334.177001953125,228.0384979248047,5.179500102996826,0.013100000098347664,0.0007999999797903001,575.24072265625,231.4459991455078,-205.8946990966797,90.0,5.74560022354126,h
334.177001953125,228.0384979248047,5.179500102996826,0.013100000098347664,0.0007999999797903001,-457.9161071777344,-331.7799987792969,179.8509979248047,90.0,466.4078063964844,h
94.16094970703125,28.310686111450195,3.592029571533203,0.16692878305912018,0.07979227602481842,-151.3083953857422,71.99555969238281,-23.18890380859375,58.40576171875,349.5879821777344,h
37.550777435302734,16.24441909790039,2.9522669315338135,0.3431612551212311,0.17404384911060333,-6.922931671142578,25.79663848876953,10.336044311523438,41.70904541015625,148.38320922851562,h
35.35835647583008,10.705254554748535,2.657344341278076,0.3314061462879181,0.15879519283771515,6.2770915031433105,24.31623077392578,6.589331150054932,43.920711517333984,191.3493194580078,h
13.104340553283691,10.678278923034668,1.9635270833969116,0.7171597480773926,0.3752683401107788,-8.194207191467285,-10.976218223571777,12.287238121032715,47.11522674560547,138.1859588623047,h
49.38090133666992,11.80838394165039,2.6762800216674805,0.5113210082054138,0.30742982029914856,10.466523170471191,17.47476577758789,-4.478699207305908,53.508060455322266,72.64256286621094,h
28.43274688720703,9.366034507751465,2.5711729526519775,0.5197887420654297,0.2860192060470581,13.776877403259277,48.87190246582031,6.981022357940674,81.76139831542969,182.56629943847656,h
334.177001953125,228.0384979248047,1.9413000345230103,0.013100000098347664,0.6740000247955322,-457.9161071777344,-331.7799987792969,179.8509979248047,0.0,5.74560022354126,h
334.177001953125,228.0384979248047,5.179500102996826,0.013100000098347664,0.0007999999797903001,-457.9161071777344,-331.7799987792969,179.8509979248047,89.91213989257812,49.643733978271484,h
17.318450927734375,10.368341445922852,2.230466365814209,0.5327109694480896,0.3746567666530609,5.369175434112549,16.13749122619629,5.43859338760376,2.2083237171173096,190.7763671875,h
334.177001953125,228.0384979248047,5.179500102996826,0.013100000098347664,0.0007999999797903001,-457.9161071777344,-331.7799987792969,179.8509979248047,90.0,5.74560022354126,h
38.43246841430664,11.493453979492188,3.1174046993255615,0.3361753821372986,0.18346115946769714,25.078079223632812,32.15805435180664,7.674239158630371,60.379878997802734,229.7299346923828,h
32.27287292480469,9.594907760620117,2.7146453857421875,0.4678504765033722,0.24316273629665375,-12.371007919311523,18.31365203857422,-8.315211296081543,8.65286922454834,238.35731506347656,h
50.91890335083008,25.535991668701172,3.442929744720459,0.250999391078949,0.13262449204921722,-17.171634674072266,67.90279388427734,-12.952469825744629,88.51356506347656,37.345855712890625,h
334.177001953125,228.0384979248047,5.179500102996826,0.013100000098347664,0.0007999999797903001,-457.9161071777344,-331.7799987792969,-205.8946990966797,90.0,5.74560022354126,h
334.177001953125,228.0384979248047,5.179500102996826,0.013100000098347664,0.0007999999797903001,575.24072265625,231.4459991455078,179.8509979248047,90.0,5.74560022354126,h
22.06268882751465,8.71499252319336,2.419459104537964,0.5982826948165894,0.3333999812602997,-2.34421706199646,-6.336668968200684,-2.469561815261841,38.77379608154297,260.88067626953125,h
334.177001953125,228.0384979248047,5.179500102996826,0.013100000098347664,0.0007999999797903001,-457.9161071777344,-331.7799987792969,179.8509979248047,90.0,5.74560022354126,h
334.177001953125,228.0384979248047,1.9413000345230103,0.013100000098347664,0.6740000247955322,-457.9161071777344,-331.7799987792969,179.8509979248047,0.0,5.74560022354126,h
47.68368148803711,23.139881134033203,2.9948110580444336,0.1963883489370346,0.09284364432096481,110.3757553100586,18.40233612060547,-7.353208065032959,23.247661590576172,180.63140869140625,h
334.177001953125,228.0384979248047,5.179500102996826,0.013100000098347664,0.0007999999797903001,-457.9161071777344,-331.7799987792969,179.8509979248047,90.0,466.4078063964844,h
334.177001953125,228.0384979248047,5.179500102996826,0.8912000060081482,0.6740000247955322,-457.9161071777344,-331.7799987792969,-205.8946990966797,15.505620956420898,466.4078063964844,h
38.409263610839844,22.70044708251953,2.5317165851593018,0.43114611506462097,0.21310000121593475,8.608561515808105,-29.967144012451172,-6.0000691413879395,31.217069625854492,135.45388793945312,h
334.177001953125,228.0384979248047,5.179500102996826,0.013100000098347664,0.0007999999797903001,575.24072265625,231.4459991455078,-205.8946990966797,90.0,5.74560022354126,h
182.06149291992188,61.107139587402344,3.475799083709717,0.22027051448822021,0.10752542316913605,-107.80660247802734,-129.9693603515625,37.45643997192383,49.03717803955078,191.4915313720703,h
173.20130920410156,91.8725357055664,3.3639960289001465,0.12299206107854843,0.05690827965736389,14.89597225189209,92.30152130126953,-64.00914764404297,42.10830307006836,159.782470703125,h
334.177001953125,228.0384979248047,5.179500102996826,0.013100000098347664,0.0007999999797903001,-457.9161071777344,-331.7799987792969,-205.8946990966797,90.0,5.74560022354126,h
7.207900047302246,0.0,5.179500102996826,0.8912000060081482,0.6740000247955322,-457.9161071777344,-331.7799987792969,-205.8946990966797,90.0,466.4078063964844,h
334.177001953125,228.0384979248047,5.179500102996826,0.013100000098347664,0.0007999999797903001,-457.9161071777344,-331.38140869140625,138.45758056640625,89.99197387695312,253.1153106689453,h
334.177001953125,228.0384979248047,5.179500102996826,0.013100000098347664,0.0007999999797903001,575.24072265625,231.4459991455078,-205.8946990966797,90.0,5.74560022354126,h
216.55027770996094,44.641780853271484,3.371190071105957,0.23493853211402893,0.09982403367757797,-208.9053955078125,-160.89248657226562,60.240055084228516,9.032934188842773,281.3174743652344,h
22.754032135009766,11.10264778137207,2.1382970809936523,0.6670819520950317,0.36611732840538025,-2.026585102081299,-20.489391326904297,-6.541276454925537,11.577831268310547,110.83839416503906,h
7.207900047302246,0.0,1.9413000345230103,0.8912000060081482,0.6740000247955322,-457.9161071777344,231.4459991455078,179.8509979248047,90.0,5.74560022354126,h
7.207900047302246,228.0384979248047,1.9413000345230103,0.8912000060081482,0.6740000247955322,-457.9161071777344,-331.7799987792969,179.8509979248047,0.0,5.74560022354126,h
12.088361740112305,6.403929710388184,2.116694927215576,0.8910812735557556,0.6148590445518494,-19.25690460205078,3.0178306102752686,-9.63868522644043,14.711344718933105,193.3614959716797,h
334.177001953125,228.0384979248047,5.179500102996826,0.013100000098347664,0.0007999999797903001,575.24072265625,231.4459991455078,-205.8946990966797,90.0,5.74560022354126,h
84.62327575683594,24.52370834350586,2.9761109352111816,0.21740372478961945,0.10792412608861923,70.83373260498047,67.92256164550781,-5.454934597015381,25.32209587097168,240.5106658935547,h
334.177001953125,228.0384979248047,5.179500102996826,0.013100000098347664,0.0007999999797903001,-457.9161071777344,-331.7799987792969,179.8509979248047,90.0,466.4078063964844,h
7.207900047302246,0.0,5.179500102996826,0.8912000060081482,0.6740000247955322,-457.9161071777344,-331.7799987792969,-205.8946990966797,90.0,5.74560022354126,h
24.769071578979492,23.546897888183594,2.5887372493743896,0.3088541328907013,0.16098134219646454,23.392637252807617,-23.11079978942871,13.671051979064941,10.566691398620605,28.63948631286621,h
30.489376068115234,11.535656929016113,2.5951781272888184,0.5600135922431946,0.33892008662223816,40.37083435058594,18.40614128112793,-13.25137996673584,68.21210479736328,198.4161376953125,h
334.177001953125,228.0384979248047,5.179500102996826,0.013100000098347664,0.0007999999797903001,-457.9161071777344,-331.7799987792969,179.8509979248047,90.0,466.4078063964844,h
12.747648239135742,7.193641185760498,2.1772072315216064,0.8126254677772522,0.5405896306037903,2.958695650100708,7.287581443786621,-10.30457878112793,84.44349670410156,266.60150146484375,h
334.177001953125,228.0384979248047,1.9413000345230103,0.8912000060081482,0.6740000247955322,575.24072265625,-331.7799987792969,179.8509979248047,0.0,5.74560022354126,h
93.8913803100586,15.493911743164062,2.980177879333496,0.21591322124004364,0.11931989341974258,66.61016845703125,73.2444839477539,4.960531234741211,86.07746887207031,204.63143920898438,h
334.177001953125,228.0384979248047,5.179500102996826,0.013100000098347664,0.0007999999797903001,575.24072265625,231.4459991455078,-205.8946990966797,90.0,5.74560022354126,h
334.177001953125,228.0384979248047,5.179500102996826,0.013100000098347664,0.0007999999797903001,575.24072265625,231.4459991455078,-205.8946990966797,90.0,5.74560022354126,h
334.177001953125,228.0384979248047,5.179500102996826,0.013100000098347664,0.0007999999797903001,-457.9161071777344,-331.7799987792969,179.8509979248047,90.0,5.74560022354126,h
334.177001953125,0.0,5.179500102996826,0.013100000098347664,0.6740000247955322,-457.9161071777344,231.4459991455078,-205.8946990966797,90.0,5.74560022354126,h
182.84951782226562,12.20003604888916,2.957601547241211,0.4415383040904999,0.28893646597862244,-114.26074981689453,-222.57745361328125,6.0736494064331055,86.82154083251953,237.64093017578125,h
72.27466583251953,28.70082664489746,2.818319082260132,0.39357662200927734,0.21239489316940308,-17.59025001525879,39.87992477416992,-33.37078857421875,87.44332885742188,312.56585693359375,h
12.739455223083496,16.06136131286621,2.3600049018859863,0.5137762427330017,0.2431984841823578,2.619575023651123,0.47870591282844543,15.517346382141113,45.81623840332031,216.0065460205078,h
197.6348419189453,79.55066680908203,3.8480660915374756,0.0750732496380806,0.031657617539167404,-288.6142578125,-225.44715881347656,-48.94804382324219,84.76084899902344,139.01710510253906,h
63.6167106628418,11.469483375549316,2.637601375579834,0.3262334167957306,0.15678748488426208,-23.611398696899414,10.303579330444336,11.68518352508545,58.906253814697266,299.1302490234375,h
334.177001953125,228.0384979248047,1.9413000345230103,0.013100000098347664,0.0007999999797903001,-457.9161071777344,-331.7799987792969,-205.8946990966797,0.0,5.74560022354126,h
113.02867889404297,34.68903350830078,3.1738595962524414,0.22594007849693298,0.12147971242666245,-134.203369140625,-51.806800842285156,-40.62804412841797,89.25785064697266,253.2032012939453,h
334.177001953125,228.0384979248047,5.179500102996826,0.013100000098347664,0.0007999999797903001,-457.9161071777344,-331.7799987792969,-205.8946990966797,90.0,465.87762451171875,h
7.207900047302246,0.0,5.179500102996826,0.8912000060081482,0.6740000247955322,-457.9161071777344,231.4459991455078,-205.8946990966797,90.0,466.4078063964844,h
7.207900047302246,228.0384979248047,1.9413000345230103,0.8912000060081482,0.6740000247955322,-457.9161071777344,-331.7799987792969,179.8509979248047,0.0,5.74560022354126,h
17.64950942993164,15.056602478027344,2.316232681274414,0.45907920598983765,0.30538782477378845,-3.216785192489624,-0.0008281428017653525,3.82472562789917,40.809329986572266,235.2410125732422,h
52.10298156738281,16.304414749145508,3.342223644256592,0.2135937362909317,0.11517354100942612,-1.0780411958694458,31.52519989013672,-10.02951431274414,7.534348011016846,193.2273406982422,h
41.66144943237305,20.992963790893555,3.1582553386688232,0.26094090938568115,0.14713166654109955,22.743318557739258,30.603843688964844,-6.151247024536133,15.908514976501465,163.58006286621094,h
12.516263008117676,19.682453155517578,1.9413000345230103,0.8911570310592651,0.6696968674659729,44.64134979248047,-161.60923767089844,132.19903564453125,0.0,5.764692306518555,h
7.207900047302246,0.0,1.9413000345230103,0.8912000060081482,0.6740000247955322,-457.9161071777344,-331.7799987792969,179.8509979248047,0.0,5.74560022354126,h
43.739418029785156,7.869144439697266,2.6207056045532227,0.5040177702903748,0.31925415992736816,7.821412086486816,10.310262680053711,1.7514293193817139,32.41708755493164,160.62608337402344,h
25.932340621948242,6.673650741577148,2.634267807006836,0.6587653756141663,0.38926175236701965,51.79055404663086,17.799495697021484,-7.429238796234131,31.025407791137695,115.08625793457031,h
97.77229309082031,27.553512573242188,3.2960383892059326,0.17474527657032013,0.07470200210809708,-25.720699310302734,-111.7636489868164,9.089821815490723,47.582557678222656,61.740535736083984,h
95.14793395996094,24.490062713623047,3.0743021965026855,0.3663024604320526,0.2045702040195465,-24.09451675415039,29.389047622680664,-5.518880844116211,71.48680114746094,166.96868896484375,h
45.87469482421875,16.934585571289062,2.63767671585083,0.5541874170303345,0.31115931272506714,-7.4791388511657715,20.271209716796875,16.68209457397461,70.71714782714844,338.6895446777344,h
334.177001953125,0.0,5.179500102996826,0.013100000098347664,0.6740000247955322,575.24072265625,231.4459991455078,179.8509979248047,90.0,5.74560022354126,h
28.993343353271484,11.58115005493164,2.4018092155456543,0.4212990403175354,0.24006731808185577,22.73807716369629,20.829084396362305,9.370429039001465,62.436763763427734,187.5467529296875,h
94.80718231201172,40.38969421386719,3.3502919673919678,0.2008891999721527,0.10545501112937927,-65.60906982421875,-1.9748501777648926,20.254343032836914,64.44992065429688,282.7275695800781,h
91.82508850097656,16.781110763549805,2.5020830631256104,0.720250129699707,0.4340760111808777,106.66522979736328,91.65632629394531,10.486810684204102,0.8428395390510559,122.12348175048828,h
77.48323822021484,34.99639129638672,3.354682207107544,0.2808630168437958,0.15215931832790375,63.70043182373047,78.76409912109375,-4.118327617645264,81.02388000488281,348.2197265625,h
7.207900047302246,228.0384979248047,1.9413000345230103,0.8912000060081482,0.6740000247955322,-457.9161071777344,-331.7799987792969,179.8509979248047,0.0,466.4078063964844,h
334.177001953125,228.0384979248047,5.179500102996826,0.013100000098347664,0.0007999999797903001,575.24072265625,231.4459991455078,-205.8946990966797,89.99910736083984,303.5899963378906,h
7.207900047302246,0.0,1.9413000345230103,0.8912000060081482,0.6740000247955322,-457.9161071777344,-331.7799987792969,179.8509979248047,90.0,5.74560022354126,h
23.70921516418457,16.627225875854492,2.365211248397827,0.4678165316581726,0.27540695667266846,14.069960594177246,-40.474891662597656,10.392638206481934,62.971961975097656,205.70945739746094,h
256.9588623046875,227.75746154785156,5.179500102996826,0.013100000098347664,0.0007999999797903001,-457.86810302734375,-295.29669189453125,174.2816619873047,34.66295623779297,187.99197387695312,h
35.55313491821289,19.80458641052246,2.548306941986084,0.29596641659736633,0.16375479102134705,47.859928131103516,-4.83976411819458,-7.58149528503418,18.039859771728516,181.8390655517578,h
60.333580017089844,16.660888671875,2.703996419906616,0.45054391026496887,0.25993531942367554,31.68036651611328,25.773900985717773,4.83652925491333,64.81841278076172,99.6979751586914,h
40.69414138793945,11.153916358947754,2.8423099517822266,0.4415501654148102,0.25620394945144653,-19.493247985839844,8.855050086975098,-7.891634464263916,58.642173767089844,119.13551330566406,h
19.076221466064453,0.9457432627677917,2.1496007442474365,0.8681188225746155,0.4831741750240326,0.7518113851547241,-6.367306232452393,-7.327004432678223,81.2331314086914,166.82949829101562,h
334.177001953125,228.0384979248047,5.179500102996826,0.013100000098347664,0.0007999999797903001,-457.9161071777344,-331.7799987792969,179.8509979248047,90.0,5.74560022354126,h
334.177001953125,228.0384979248047,5.179500102996826,0.013100000098347664,0.0007999999797903001,-457.9161071777344,-331.7799987792969,179.8509979248047,90.0,466.4078063964844,h
75.4933090209961,71.12987518310547,3.372342348098755,0.19071203470230103,0.11391167342662811,-18.96305274963379,-82.8619384765625,-91.81763458251953,39.31119918823242,263.12835693359375,h
334.177001953125,228.0384979248047,5.179500102996826,0.013100000098347664,0.0007999999797903001,-457.9161071777344,-331.7799987792969,179.8509979248047,90.0,5.74560022354126,h
334.177001953125,228.0384979248047,5.179500102996826,0.013100000098347664,0.0007999999797903001,575.24072265625,231.4459991455078,-205.8946990966797,90.0,355.426513671875,h
334.177001953125,228.0384979248047,5.179500102996826,0.013100000098347664,0.0007999999797903001,575.24072265625,-331.7799987792969,179.203857421875,90.0,466.4078063964844,h
56.476318359375,10.044800758361816,2.6005795001983643,0.4105547368526459,0.2213667780160904,121.56514739990234,28.998241424560547,3.6080989837646484,34.289154052734375,111.2576675415039,h
86.14662170410156,35.96265411376953,3.3934078216552734,0.12206847965717316,0.053746722638607025,-26.209461212158203,-111.72703552246094,-27.5395450592041,49.05561065673828,218.30331420898438,h
334.177001953125,228.0384979248047,1.9413000345230103,0.8912000060081482,0.6740000247955322,-457.9161071777344,-331.7799987792969,-205.8946990966797,0.0,5.74560022354126,h
114.55422973632812,11.5639009475708,2.9538464546203613,0.31071707606315613,0.17306116223335266,-76.91033172607422,-11.872560501098633,-6.1816935539245605,3.9881696701049805,258.589599609375,h
334.177001953125,228.0384979248047,5.179500102996826,0.013100000098347664,0.0007999999797903001,575.24072265625,231.4459991455078,-205.8946990966797,90.0,5.74560022354126,h
23.84404182434082,10.51259708404541,2.499234199523926,0.4827934205532074,0.2463931441307068,-18.454286575317383,23.717979431152344,4.9566426277160645,16.035411834716797,215.42445373535156,h
18.75777244567871,11.07850456237793,2.412898302078247,0.4823403060436249,0.28157833218574524,1.5684908628463745,9.910832405090332,7.505116939544678,61.65816879272461,111.02593994140625,h
334.177001953125,228.0384979248047,5.179500102996826,0.013100000098347664,0.0007999999797903001,-457.9161071777344,-331.7799987792969,-205.8946990966797,90.0,466.4078063964844,h
172.64093017578125,72.58541107177734,3.707467555999756,0.06829684972763062,0.05797703564167023,-88.12776947021484,-151.68301391601562,77.39218139648438,29.253629684448242,159.49517822265625,h
334.177001953125,228.0384979248047,5.179500102996826,0.013100000098347664,0.0007999999797903001,-457.9161071777344,-331.7799987792969,-205.8946990966797,90.0,466.4078063964844,h
334.177001953125,228.0384979248047,5.179500102996826,0.013100000098347664,0.0007999999797903001,575.24072265625,231.4459991455078,-205.8946990966797,90.0,466.4078063964844,h
33.89463806152344,11.33586311340332,2.500619888305664,0.6308653354644775,0.38261792063713074,-12.628462791442871,-3.4678053855895996,-3.5622851848602295,30.911102294921875,225.38339233398438,h
334.177001953125,228.0384979248047,1.9413000345230103,0.8912000060081482,0.6740000247955322,-457.9161071777344,-331.7799987792969,-205.8946990966797,0.0,5.74560022354126,h
108.17047119140625,29.458646774291992,2.436028242111206,0.4339340627193451,0.2630873918533325,-132.44384765625,42.83980178833008,-24.090179443359375,55.820919036865234,127.12338256835938,h
58.6355094909668,13.93271255493164,2.6597301959991455,0.43837809562683105,0.3114725351333618,17.601301193237305,-42.30216598510742,-6.572134017944336,17.316688537597656,253.34031677246094,h
334.177001953125,228.0384979248047,5.179500102996826,0.013100000098347664,0.0007999999797903001,-457.9161071777344,-331.7799987792969,179.8509979248047,90.0,5.74560022354126,h
334.177001953125,228.0384979248047,5.179500102996826,0.013100000098347664,0.0007999999797903001,-457.9161071777344,-331.7799987792969,179.8509979248047,90.0,5.74560022354126,h
81.887939453125,59.46984100341797,3.2404961585998535,0.19753621518611908,0.11596132069826126,-52.881065368652344,-22.181604385375977,-36.95145797729492,3.951782703399658,368.80853271484375,h
28.997676849365234,14.611190795898438,2.465640068054199,0.37407657504081726,0.2004420906305313,-6.517048358917236,11.615184783935547,-12.12781047821045,67.91961669921875,190.83221435546875,h
113.33432006835938,45.600250244140625,3.47532057762146,0.098233163356781,0.061972107738256454,52.4520149230957,79.92080688476562,-38.20888137817383,81.19470977783203,164.30401611328125,h
80.017578125,11.165863037109375,2.9585041999816895,0.34892594814300537,0.22067832946777344,52.71920394897461,-11.082903861999512,-3.9327023029327393,81.49881744384766,216.2340545654297,h
12.080949783325195,9.820383071899414,2.3486404418945312,0.7362850308418274,0.4121510982513428,9.911300659179688,7.576441287994385,-12.03996753692627,3.621782064437866,229.3642120361328,h
144.70419311523438,35.848899841308594,2.6209561824798584,0.31359317898750305,0.20703192055225372,255.63351440429688,207.7318878173828,-5.306604862213135,47.70610809326172,77.60540771484375,h
334.177001953125,228.0384979248047,5.179500102996826,0.013100000098347664,0.0007999999797903001,-457.9161071777344,-331.7799987792969,-205.8946990966797,90.0,342.9686584472656,h
178.5912322998047,85.29835510253906,3.7131035327911377,0.17842711508274078,0.08550821244716644,-140.0928192138672,-18.37461280822754,40.6639289855957,20.26849365234375,210.30482482910156,h
73.3421401977539,28.382923126220703,3.0939817428588867,0.3516447842121124,0.1939036101102829,19.704326629638672,10.319238662719727,9.553503036499023,0.8660266995429993,362.89764404296875,h
334.177001953125,228.0384979248047,5.179500102996826,0.013100000098347664,0.0007999999797903001,-457.9161071777344,-331.7799987792969,179.8509979248047,90.0,466.4078063964844,h
93.95353698730469,27.061548233032227,3.267378568649292,0.25134846568107605,0.14283442497253418,-17.187389373779297,48.98065185546875,-19.84733009338379,3.0613956451416016,341.13751220703125,h
61.84601593017578,24.71578598022461,3.1203274726867676,0.23397527635097504,0.13128367066383362,39.11556625366211,51.634063720703125,15.629973411560059,27.9126033782959,340.5999755859375,h
334.177001953125,228.0384979248047,5.179500102996826,0.013100000098347664,0.0007999999797903001,575.24072265625,139.90631103515625,-205.8946990966797,90.0,5.74560022354126,h
23.4921875,10.736720085144043,2.274076223373413,0.8001061081886292,0.5022978782653809,15.929067611694336,3.830049753189087,-14.964363098144531,38.43051528930664,187.2339630126953,h
334.177001953125,228.0384979248047,1.9413000345230103,0.8912000060081482,0.6740000247955322,-457.9161071777344,-331.7799987792969,179.8509979248047,0.0,466.4078063964844,h
18.846900939941406,0.0,2.0900068283081055,0.637948215007782,0.32638466358184814,-8.31302547454834,15.558205604553223,-3.9247498512268066,81.06818389892578,133.3629608154297,h
87.49323272705078,24.110197067260742,3.159759283065796,0.21100185811519623,0.1067340075969696,8.045493125915527,51.499046325683594,10.493590354919434,9.726259231567383,321.7659606933594,h
334.177001953125,228.0384979248047,5.179500102996826,0.013100000098347664,0.0007999999797903001,575.24072265625,231.4459991455078,-205.8946990966797,90.0,466.4078063964844,h
334.177001953125,228.0384979248047,5.179500102996826,0.013100000098347664,0.0007999999797903001,575.24072265625,231.4459991455078,-205.8946990966797,90.0,5.74560022354126,h
7.207900047302246,0.0,1.9413000345230103,0.8912000060081482,0.6740000247955322,-457.9161071777344,-331.7799987792969,179.8509979248047,90.0,5.74560022354126,h
334.177001953125,228.0384979248047,1.9413000345230103,0.013100000098347664,0.6740000247955322,-457.9161071777344,-331.7799987792969,179.8509979248047,0.0,5.74560022354126,h
7.207900047302246,0.0,2.3974220752716064,0.8912000060081482,0.6740000247955322,-453.2705383300781,-32.2191047668457,-198.79025268554688,0.003947008866816759,116.61724853515625,h
334.177001953125,228.0384979248047,1.9413000345230103,0.013100000098347664,0.0007999999797903001,-457.9161071777344,-331.7799987792969,-205.8946990966797,0.0,5.74560022354126,h
334.177001953125,228.0384979248047,1.9413000345230103,0.013100000098347664,0.6740000247955322,-457.9161071777344,-331.7799987792969,-15.8220796585083,0.0,5.74560022354126,h
190.88111877441406,36.70122528076172,3.106351613998413,0.2732020318508148,0.14009563624858856,-272.24041748046875,-98.99104309082031,-24.10965347290039,85.89254760742188,246.39163208007812,h
7.207900047302246,0.0,1.9413000345230103,0.8912000060081482,0.6740000247955322,-457.9161071777344,-331.7799987792969,-205.8946990966797,90.0,466.4078063964844,h
334.177001953125,0.0,1.9413000345230103,0.8912000060081482,0.6740000247955322,-457.9161071777344,-331.7799987792969,-205.8946990966797,90.0,466.4078063964844,h
334.177001953125,228.0384979248047,5.179500102996826,0.013100000098347664,0.0007999999797903001,25.6344051361084,231.4459991455078,-205.8946990966797,90.0,466.4078063964844,h
172.03086853027344,20.715496063232422,2.625648260116577,0.5660180449485779,0.336579293012619,148.0165252685547,202.3735809326172,14.567009925842285,19.9405460357666,290.54827880859375,h
85.17985534667969,43.69237518310547,2.829956531524658,0.2858392298221588,0.13270416855812073,-5.604428291320801,-14.163899421691895,5.584329605102539,11.852862358093262,243.7296600341797,h
219.74009704589844,60.918460845947266,3.6787405014038086,0.16784298419952393,0.08300378173589706,-224.4056854248047,-269.5670471191406,-37.152278900146484,21.60618782043457,271.42822265625,h
47.89295196533203,31.616806030273438,2.9936914443969727,0.2577334940433502,0.1554604321718216,12.250319480895996,19.89920425415039,-34.008460998535156,11.48055362701416,269.2302551269531,h
334.177001953125,228.0384979248047,5.179500102996826,0.013100000098347664,0.0007999999797903001,575.24072265625,231.4459991455078,-205.8946990966797,90.0,5.74560022354126,h
334.177001953125,228.0384979248047,5.179500102996826,0.013100000098347664,0.0007999999797903001,575.24072265625,-331.7799987792969,-205.8946990966797,90.0,5.74560022354126,h
334.177001953125,228.0384979248047,1.9413000345230103,0.013100000098347664,0.0007999999797903001,-457.9161071777344,-331.7799987792969,179.8509979248047,0.0,5.74560022354126,h
102.47306060791016,20.18341064453125,2.843240976333618,0.3146907687187195,0.16676680743694305,425.77618408203125,-114.87385559082031,-18.09151840209961,9.63145923614502,62.45705795288086,h
23.287729263305664,11.513750076293945,2.390751361846924,0.5286305546760559,0.27258363366127014,38.06647872924805,23.6072940826416,14.645586013793945,56.48650360107422,105.42214965820312,h
334.177001953125,228.0384979248047,5.179500102996826,0.013100000098347664,0.0007999999797903001,-457.9161071777344,-331.7799987792969,-205.8946990966797,90.0,466.4078063964844,h
7.208303451538086,228.0384979248047,1.9413000345230103,0.7864115834236145,0.6737921237945557,-457.9161071777344,-331.7799987792969,179.8509979248047,0.0,5.74560022354126,h
33.25929260253906,11.71766185760498,2.7929909229278564,0.42226237058639526,0.21910610795021057,30.267873764038086,32.82976150512695,6.876206874847412,25.118865966796875,205.37783813476562,h
25.229122161865234,9.336355209350586,2.4160594940185547,0.4413786232471466,0.20086026191711426,-3.295405864715576,9.96900463104248,-4.014211654663086,46.891563415527344,235.87677001953125,h
334.177001953125,228.0384979248047,1.9413000345230103,0.8912000060081482,0.6740000247955322,-457.9161071777344,-331.7799987792969,-205.8946990966797,0.0,5.74560022354126,h
61.629703521728516,12.509498596191406,2.4717390537261963,0.42593300342559814,0.23182468116283417,34.43206024169922,31.903757095336914,8.872518539428711,46.831539154052734,214.4837646484375,h
56.833709716796875,11.532445907592773,2.891765832901001,0.3112678825855255,0.16732893884181976,38.9508056640625,24.597286224365234,-8.62800407409668,4.159749507904053,146.1848907470703,h
121.59310150146484,31.97658920288086,3.0268824100494385,0.3032819330692291,0.1697840541601181,-56.74889373779297,-103.4730224609375,-19.102489471435547,16.966419219970703,256.2098388671875,h
334.177001953125,228.0384979248047,5.179500102996826,0.013100000098347664,0.0007999999797903001,-457.9161071777344,231.4459991455078,179.8509979248047,90.0,5.74560022354126,h
20.498886108398438,7.448250770568848,2.2800095081329346,0.7111667394638062,0.388640433549881,-15.086894989013672,16.308448791503906,-2.783484697341919,22.501544952392578,213.33212280273438,h
144.27281188964844,100.96843719482422,3.297769546508789,0.2665829658508301,0.1452723890542984,-163.64138793945312,157.75360107421875,-69.37848663330078,82.27210235595703,368.5002746582031,h
330.4764099121094,228.0384979248047,1.9413000345230103,0.013100000098347664,0.0007999999797903001,-457.9161071777344,-331.7799987792969,179.8509979248047,0.0,5.74560022354126,h
40.35191345214844,52.39353942871094,3.0308585166931152,0.20845891535282135,0.1307366043329239,31.007699966430664,-19.071775436401367,23.9191837310791,87.30345916748047,325.1399230957031,h
334.177001953125,228.0384979248047,5.179500102996826,0.013100000098347664,0.0007999999797903001,575.24072265625,231.4459991455078,-205.8946990966797,90.0,5.74560022354126,h
43.022953033447266,27.526838302612305,2.9518496990203857,0.2609747648239136,0.14515626430511475,30.460216522216797,18.68270492553711,22.295150756835938,33.96041488647461,107.17301940917969,h
334.177001953125,228.0384979248047,5.179500102996826,0.013100000098347664,0.0007999999797903001,-457.9161071777344,-331.7799987792969,179.8509979248047,90.0,466.4078063964844,h
334.177001953125,228.0384979248047,5.179500102996826,0.013100000098347664,0.0007999999797903001,-457.9161071777344,-331.7799987792969,179.8509979248047,90.0,466.4078063964844,h
135.12289428710938,96.57512664794922,4.08964729309082,0.09637729823589325,0.06974569708108902,60.086692810058594,-70.85051727294922,41.368690490722656,64.81880187988281,365.1166076660156,h
334.177001953125,228.0384979248047,5.179500102996826,0.013100000098347664,0.0007999999797903001,575.24072265625,231.4459991455078,-205.8946990966797,90.0,5.74560022354126,h
30.21087646484375,10.574114799499512,2.5572574138641357,0.5479658246040344,0.2415776550769806,1.015373945236206,14.218841552734375,-4.1699604988098145,70.46434783935547,160.7533416748047,h
334.177001953125,228.0384979248047,5.179500102996826,0.013100000098347664,0.0007999999797903001,575.24072265625,231.4459991455078,-205.8946990966797,90.0,5.74560022354126,h
334.177001953125,228.0384979248047,1.9413000345230103,0.8912000060081482,0.6740000247955322,-457.9161071777344,-331.7799987792969,-205.8946990966797,0.0,5.74560022354126,h
334.177001953125,228.0384979248047,5.179500102996826,0.013100000098347664,0.0007999999797903001,575.24072265625,231.4459991455078,179.8509979248047,90.0,5.74560022354126,h
334.177001953125,228.0384979248047,5.179500102996826,0.013100000098347664,0.0007999999797903001,-457.9161071777344,231.4459991455078,-205.8946990966797,90.0,466.4078063964844,h
63.892398834228516,10.753219604492188,2.9824130535125732,0.3303697109222412,0.17386752367019653,5.436351776123047,20.567913055419922,-3.8551039695739746,56.45426559448242,241.76519775390625,h
32.154239654541016,13.706225395202637,2.6148571968078613,0.372570663690567,0.20048341155052185,-4.135855674743652,14.32863998413086,-10.56566047668457,12.675243377685547,224.0509033203125,h
25.583215713500977,9.721515655517578,2.308992862701416,0.6891291737556458,0.38517430424690247,10.556129455566406,6.475298881530762,16.637218475341797,20.905200958251953,155.56529235839844,h
334.177001953125,228.0384979248047,5.179500102996826,0.013100000098347664,0.0007999999797903001,-457.9161071777344,-331.7799987792969,-205.8946990966797,90.0,466.4078063964844,h
31.58832550048828,15.501779556274414,2.5792572498321533,0.5711460709571838,0.3077087998390198,6.1166276931762695,-15.102594375610352,21.815860748291016,70.48896789550781,223.6930694580078,h
334.177001953125,228.0384979248047,1.9413000345230103,0.013100000098347664,0.6740000247955322,-457.9161071777344,-331.7799987792969,-205.8946990966797,0.0,5.74560022354126,h
334.177001953125,228.0384979248047,5.179500102996826,0.013100000098347664,0.0007999999797903001,-457.9161071777344,231.4459991455078,179.8509979248047,90.0,5.74560022354126,h
334.177001953125,228.0384979248047,5.179500102996826,0.013100000098347664,0.0007999999797903001,-457.9161071777344,231.4459991455078,179.8509979248047,90.0,5.74560022354126,h
94.33457946777344,38.748435974121094,3.0588924884796143,0.2901197373867035,0.18068751692771912,19.792448043823242,-28.233854293823242,8.845033645629883,15.825972557067871,271.4335632324219,h
268.2811584472656,161.38478088378906,5.143309593200684,0.0206814743578434,0.0014218679862096906,563.7632446289062,-196.63458251953125,73.7277603149414,85.30792999267578,376.19818115234375,h
334.177001953125,228.0384979248047,5.179500102996826,0.013100000098347664,0.0007999999797903001,-457.9161071777344,-331.7799987792969,179.8509979248047,90.0,466.4078063964844,h
26.925151824951172,9.117383003234863,2.468831777572632,0.6987330317497253,0.4617438018321991,-23.7346248626709,19.702695846557617,9.918840408325195,16.06654167175293,167.68675231933594,h
334.177001953125,228.0384979248047,5.179500102996826,0.013100000098347664,0.0007999999797903001,-457.9161071777344,-331.7799987792969,-205.8946990966797,90.0,466.4078063964844,h
19.362483978271484,13.400137901306152,2.515894889831543,0.4581664800643921,0.2952600419521332,-2.6883978843688965,12.934693336486816,7.744165420532227,86.23382568359375,256.556640625,h
15.77946662902832,9.789748191833496,2.300718069076538,0.6049154996871948,0.3638380169868469,1.8494278192520142,17.51459312438965,-5.544974327087402,64.00996398925781,166.74411010742188,h
334.177001953125,228.0384979248047,5.179500102996826,0.013100000098347664,0.0007999999797903001,-457.9161071777344,231.4459991455078,179.8509979248047,90.0,5.74560022354126,h
22.122940063476562,14.308274269104004,2.4386157989501953,0.615996778011322,0.3448241353034973,-24.602800369262695,-11.269187927246094,3.092198133468628,50.6581916809082,167.0000457763672,h
16.59550666809082,11.439992904663086,2.25941801071167,0.6570916771888733,0.3676650822162628,7.5817742347717285,6.822089672088623,10.370201110839844,79.36997985839844,93.35503387451172,h
70.15882110595703,13.598483085632324,2.7085041999816895,0.5148770809173584,0.3451946973800659,-50.42835998535156,-17.02562141418457,-7.951052665710449,61.090518951416016,233.49871826171875,h
92.78311920166016,56.414390563964844,4.067530632019043,0.11135363578796387,0.05347345024347305,-117.03800201416016,41.674312591552734,-6.284458637237549,37.879432678222656,366.96612548828125,h
334.177001953125,228.0384979248047,5.179500102996826,0.013100000098347664,0.0007999999797903001,575.24072265625,231.4459991455078,-205.8946990966797,90.0,5.74560022354126,h
334.177001953125,228.0384979248047,5.179500102996826,0.013100000098347664,0.0007999999797903001,-457.9161071777344,-331.7799987792969,179.8509979248047,90.0,466.4078063964844,h
161.3358154296875,59.99058532714844,3.2108027935028076,0.1857539266347885,0.09478001296520233,94.51715850830078,118.17943572998047,-149.06820678710938,46.14122772216797,46.395538330078125,h
63.109458923339844,11.297721862792969,2.759960651397705,0.2235027402639389,0.1411133110523224,51.39015579223633,-7.288192272186279,9.111085891723633,51.7631950378418,56.57408905029297,h
180.01129150390625,228.0384979248047,1.9413000345230103,0.8912000060081482,0.6740000247955322,-457.9161071777344,-331.7799987792969,179.8509979248047,0.0,5.74560022354126,h
334.177001953125,228.0384979248047,5.179500102996826,0.013100000098347664,0.0007999999797903001,575.24072265625,231.4459991455078,-205.8946990966797,90.0,5.74560022354126,h
21.05438804626465,10.876758575439453,2.4928128719329834,0.5998046398162842,0.3612731397151947,-11.310701370239258,6.3985772132873535,2.439070701599121,72.18498229980469,212.31874084472656,h
334.177001953125,228.0384979248047,5.179500102996826,0.013100000098347664,0.0007999999797903001,575.24072265625,231.4459991455078,-205.8946990966797,90.0,466.4078063964844,h
34.7198486328125,14.187846183776855,2.97511887550354,0.3715587258338928,0.19772325456142426,7.144011497497559,16.593006134033203,-7.344283580780029,26.792146682739258,124.01383972167969,h
334.177001953125,228.0384979248047,5.179500102996826,0.013100000098347664,0.0007999999797903001,575.24072265625,231.4459991455078,-205.8946990966797,90.0,5.74560022354126,h
105.65603637695312,66.09625244140625,3.318112373352051,0.2422916442155838,0.14478933811187744,-83.89750671386719,66.83502960205078,94.17042541503906,68.19141387939453,276.0623779296875,h
334.177001953125,228.0384979248047,5.179500102996826,0.013100000098347664,0.0007999999797903001,-457.9161071777344,-331.7799987792969,179.8509979248047,89.99858093261719,460.4112548828125,h
64.54374694824219,23.606496810913086,2.735933780670166,0.3698268234729767,0.20443184673786163,3.771270275115967,-25.958986282348633,-18.8568115234375,29.992624282836914,184.24696350097656,h
334.177001953125,228.0384979248047,1.9413000345230103,0.013100000098347664,0.6740000247955322,-457.9161071777344,-331.7799987792969,-205.8946990966797,0.0,5.74560022354126,h
123.59906005859375,79.37646484375,3.9537665843963623,0.10117027163505554,0.045901939272880554,2.7590832710266113,-124.47977447509766,20.222620010375977,37.22015380859375,360.13275146484375,h
334.177001953125,228.0384979248047,5.179500102996826,0.013100000098347664,0.0007999999797903001,-457.9161071777344,-331.7799987792969,179.8509979248047,90.0,464.84527587890625,h
73.60087585449219,10.762652397155762,3.174607276916504,0.2520630955696106,0.14386852085590363,75.47500610351562,61.887855529785156,-10.080472946166992,67.22349548339844,113.6163558959961,h
238.15670776367188,75.40280151367188,3.3882675170898438,0.17869731783866882,0.10855444520711899,-214.76815795898438,-315.34466552734375,-51.81486511230469,33.47467041015625,104.18351745605469,h
86.39048767089844,31.78412628173828,2.8230152130126953,0.40813279151916504,0.25252822041511536,158.5058135986328,80.96937561035156,20.680301666259766,69.95036315917969,265.03497314453125,h
199.18663024902344,192.40394592285156,5.173673629760742,0.033733684569597244,0.004346262197941542,-153.12725830078125,163.7293701171875,177.5680694580078,69.81002807617188,184.519775390625,h
334.177001953125,228.0384979248047,5.179500102996826,0.013100000098347664,0.0007999999797903001,-457.9161071777344,-331.7799987792969,179.8509979248047,90.0,5.74560022354126,h
334.177001953125,228.0384979248047,5.179500102996826,0.013100000098347664,0.0007999999797903001,575.24072265625,231.4459991455078,-205.8946990966797,90.0,5.74560022354126,h
334.177001953125,228.0384979248047,5.179500102996826,0.013100000098347664,0.0007999999797903001,575.24072265625,231.4459991455078,179.8509979248047,90.0,5.74560022354126,h
334.177001953125,228.0384979248047,5.179500102996826,0.013100000098347664,0.0007999999797903001,575.24072265625,-331.7799987792969,179.8509979248047,90.0,5.74560022354126,h
334.177001953125,228.0384979248047,5.179500102996826,0.013100000098347664,0.0007999999797903001,575.24072265625,231.4459991455078,-205.8946990966797,90.0,466.4078063964844,h
25.956939697265625,18.93021011352539,2.722503662109375,0.39721372723579407,0.2469472438097,-16.985319137573242,-52.41475296020508,11.427242279052734,44.035247802734375,235.48684692382812,h
22.08949089050293,9.727514266967773,2.384552001953125,0.574073076248169,0.3247707784175873,22.253469467163086,9.706750869750977,-9.104318618774414,24.009510040283203,18.61862564086914,h
70.17536163330078,15.400390625,3.186915636062622,0.20393870770931244,0.1310802698135376,13.653035163879395,8.390885353088379,-11.204575538635254,87.73667907714844,264.72186279296875,h
334.177001953125,228.0384979248047,5.179500102996826,0.013100000098347664,0.0007999999797903001,-457.9161071777344,-331.7799987792969,179.8509979248047,90.0,466.4078063964844,h
23.68834114074707,11.386879920959473,2.401348352432251,0.49966180324554443,0.2517310678958893,6.3259735107421875,18.08037757873535,-7.839606285095215,23.3656063079834,139.9471435546875,h
334.177001953125,228.0384979248047,5.179500102996826,0.013100000098347664,0.0007999999797903001,-457.9161071777344,-331.7799987792969,-205.8946990966797,89.68515014648438,11.129384994506836,h
18.825166702270508,10.820494651794434,2.4688327312469482,0.8403247594833374,0.5657074451446533,2.635291576385498,6.931923866271973,12.945781707763672,4.720632076263428,166.21829223632812,h
334.177001953125,228.0384979248047,5.179500102996826,0.013100000098347664,0.0007999999797903001,575.24072265625,231.4459991455078,-205.8946990966797,90.0,5.74560022354126,h
334.177001953125,228.0384979248047,5.179500102996826,0.013100000098347664,0.0007999999797903001,-457.9161071777344,-331.7799987792969,-205.8946990966797,90.0,466.4078063964844,h
334.177001953125,228.0384979248047,5.179500102996826,0.013100000098347664,0.0007999999797903001,575.24072265625,231.4459991455078,-205.8946990966797,90.0,5.74560022354126,h
334.177001953125,228.0384979248047,5.179500102996826,0.013100000098347664,0.0007999999797903001,575.24072265625,231.4459991455078,-205.8946990966797,90.0,5.74560022354126,h
334.177001953125,228.0384979248047,5.179500102996826,0.013100000098347664,0.0007999999797903001,575.24072265625,231.4459991455078,179.8509979248047,90.0,5.74560022354126,h
334.177001953125,228.0384979248047,5.179500102996826,0.013100000098347664,0.0007999999797903001,-457.9161071777344,-331.7799987792969,179.8509979248047,90.0,466.4078063964844,h
247.59188842773438,40.177093505859375,3.409423351287842,0.10932283103466034,0.035971760749816895,-118.0273208618164,-12.296714782714844,-29.989973068237305,75.40833282470703,191.1124725341797,h
334.177001953125,228.0384979248047,5.179500102996826,0.013100000098347664,0.0007999999797903001,575.24072265625,231.4459991455078,-205.8946990966797,90.0,5.74560022354126,h
334.177001953125,228.0384979248047,5.179500102996826,0.013100000098347664,0.0007999999797903001,-457.9161071777344,-331.7799987792969,179.8509979248047,90.0,466.4078063964844,h
334.177001953125,228.0384979248047,5.179500102996826,0.8912000060081482,0.6740000247955322,575.24072265625,231.4459991455078,179.8509979248047,90.0,466.4078063964844,h
19.39732551574707,0.0,2.1776061058044434,0.8912000060081482,0.6740000247955322,-52.60384750366211,-24.202714920043945,-5.977204322814941,2.90347957611084,111.1796875,h
334.177001953125,228.0384979248047,5.179500102996826,0.013100000098347664,0.0007999999797903001,575.24072265625,231.4459991455078,-205.8946990966797,90.0,5.74560022354126,h
65.09510040283203,14.638240814208984,2.7540876865386963,0.5253686308860779,0.3776630759239197,-21.889232635498047,-43.844974517822266,-2.3698699474334717,13.91870403289795,235.7624053955078,h
28.629650115966797,10.62209415435791,2.6962950229644775,0.4996732771396637,0.35881391167640686,-24.42552375793457,-17.797597885131836,-14.665818214416504,42.44319534301758,124.68704986572266,h
38.34306335449219,11.126256942749023,2.4920220375061035,0.4985709488391876,0.29582828283309937,47.34479522705078,30.936662673950195,-7.017932891845703,15.862143516540527,241.19407653808594,h
7.207900047302246,37.54289245605469,1.9413000345230103,0.8188880085945129,0.42816945910453796,-17.89748764038086,-91.15296173095703,136.50718688964844,0.0,98.07464599609375,h
334.177001953125,228.0384979248047,5.179500102996826,0.013100000098347664,0.0007999999797903001,575.24072265625,231.4459991455078,179.8509979248047,67.72221374511719,5.74560022354126,h
132.3723602294922,22.630571365356445,2.6682050228118896,0.33245760202407837,0.15886709094047546,58.03910446166992,-28.033218383789062,6.36746883392334,15.828365325927734,72.12942504882812,h
334.177001953125,228.0384979248047,5.179500102996826,0.013100000098347664,0.0007999999797903001,575.24072265625,231.4459991455078,-205.8946990966797,90.0,5.74560022354126,h
96.78447723388672,50.262821197509766,2.9956588745117188,0.33439117670059204,0.21445219218730927,-18.8736572265625,-38.58780288696289,8.18885326385498,72.9793701171875,290.58251953125,h
37.07211685180664,13.632887840270996,2.728327989578247,0.47873055934906006,0.30394962430000305,-0.7356006503105164,19.316015243530273,12.63755989074707,48.89175033569336,214.001953125,h
19.823240280151367,10.84269905090332,2.4804422855377197,0.6207991242408752,0.35728487372398376,6.903557777404785,-1.7690178155899048,13.41423225402832,30.225967407226562,122.84981536865234,h
334.177001953125,228.0384979248047,5.179500102996826,0.013100000098347664,0.0007999999797903001,575.24072265625,231.4459991455078,-205.8946990966797,90.0,5.74560022354126,h
59.92736053466797,20.227313995361328,2.701176404953003,0.2853991687297821,0.16740040481090546,-14.792245864868164,-42.30649185180664,8.630412101745605,32.81253433227539,87.98078918457031,h
7.207900047302246,0.0,5.179500102996826,0.8912000060081482,0.6740000247955322,-457.9161071777344,231.4459991455078,-205.8946990966797,90.0,466.4078063964844,h
193.0094757080078,117.47810363769531,4.576516628265381,0.042339738458395004,0.023967141285538673,125.57184600830078,92.8685302734375,86.18028259277344,77.60150909423828,306.2427062988281,h
334.177001953125,228.0384979248047,5.179500102996826,0.013100000098347664,0.0007999999797903001,-457.9161071777344,-331.7799987792969,179.8509979248047,90.0,466.4078063964844,h
27.4920597076416,9.234101295471191,2.23754620552063,0.7981791496276855,0.42587098479270935,4.468871116638184,-33.047340393066406,-10.99775505065918,31.70322036743164,163.5998992919922,h
334.177001953125,228.0384979248047,5.179500102996826,0.013100000098347664,0.0007999999797903001,575.24072265625,231.4459991455078,-205.8946990966797,90.0,5.74560022354126,h
31.09610939025879,7.451661586761475,2.9416935443878174,0.5769031047821045,0.34712323546409607,6.7058186531066895,21.43004035949707,-9.839517593383789,44.7752799987793,249.2061767578125,h
46.62971496582031,33.87199783325195,2.9501841068267822,0.21421894431114197,0.09428264945745468,-10.614230155944824,15.984017372131348,-40.70754623413086,49.390960693359375,91.97146606445312,h
334.177001953125,228.0384979248047,5.179500102996826,0.013100000098347664,0.0007999999797903001,-153.01324462890625,-326.6376037597656,179.8509979248047,90.0,466.4078063964844,h
334.177001953125,228.0384979248047,5.179500102996826,0.013100000098347664,0.0007999999797903001,575.24072265625,231.4459991455078,-205.8946990966797,90.0,5.74560022354126,h
334.177001953125,228.0384979248047,5.179500102996826,0.013100000098347664,0.0007999999797903001,-457.9161071777344,-331.7799987792969,-205.8946990966797,90.0,466.4078063964844,h
334.177001953125,228.0384979248047,5.179500102996826,0.013100000098347664,0.0007999999797903001,575.24072265625,231.4459991455078,-205.8946990966797,90.0,5.74560022354126,h
46.46751403808594,22.211952209472656,2.837090492248535,0.39200496673583984,0.2074078917503357,20.46104621887207,25.733583450317383,-13.660405158996582,58.1429557800293,163.8153533935547,h
334.177001953125,228.0384979248047,5.179500102996826,0.013100000098347664,0.0007999999797903001,575.24072265625,-331.7799987792969,-205.8946990966797,90.0,5.74560022354126,h
334.177001953125,228.0384979248047,5.179500102996826,0.013100000098347664,0.0007999999797903001,-457.9161071777344,231.4459991455078,-205.8946990966797,90.0,5.74560022354126,h
334.177001953125,228.0384979248047,5.179500102996826,0.013100000098347664,0.0007999999797903001,-457.9161071777344,-331.7799987792969,179.8509979248047,90.0,466.4078063964844,h
21.91935920715332,11.34920883178711,2.5221211910247803,0.45394593477249146,0.23519088327884674,21.107196807861328,24.94597625732422,-10.156678199768066,53.012332916259766,70.38059997558594,h
77.59121704101562,56.536773681640625,3.4577083587646484,0.18987733125686646,0.10201320052146912,-145.66006469726562,52.14842987060547,-27.98726463317871,10.784025192260742,280.317626953125,h
334.177001953125,228.0384979248047,5.179500102996826,0.013100000098347664,0.0007999999797903001,575.24072265625,231.4459991455078,-205.8946990966797,90.0,5.74560022354126,h
334.177001953125,228.0384979248047,5.179500102996826,0.013100000098347664,0.0007999999797903001,-457.9161071777344,-331.7799987792969,-205.8946990966797,90.0,466.4078063964844,h
35.40742111206055,16.70509147644043,2.6540825366973877,0.32968252897262573,0.1785864233970642,21.671966552734375,-27.996278762817383,-10.775599479675293,30.118484497070312,214.75424194335938,h
32.434940338134766,14.820208549499512,2.605459213256836,0.6002863049507141,0.3824443221092224,0.44406285881996155,-22.520004272460938,-13.402045249938965,48.179107666015625,78.99783325195312,h
334.177001953125,228.03253173828125,5.179500102996826,0.013100000098347664,0.0007999999797903001,571.2625732421875,231.4459991455078,162.00094604492188,81.47987365722656,88.25686645507812,h
334.177001953125,228.0384979248047,5.179500102996826,0.013100000098347664,0.0007999999797903001,575.24072265625,231.4459991455078,-205.8946990966797,90.0,5.74560022354126,h
334.177001953125,228.0384979248047,5.179500102996826,0.013100000098347664,0.0008015396306291223,-457.9161071777344,-331.7799987792969,-205.8946990966797,25.615140914916992,365.363037109375,h
30.46514129638672,10.699650764465332,2.34228777885437,0.5987383127212524,0.3100016117095947,-6.945531845092773,-24.660436630249023,7.789828777313232,31.424646377563477,103.58799743652344,h
18.460981369018555,11.28227710723877,2.1538631916046143,0.5503930449485779,0.27431535720825195,5.839053630828857,6.098275661468506,3.6080830097198486,76.76898956298828,279.7553405761719,h
25.278533935546875,12.817468643188477,2.567403554916382,0.6711281538009644,0.41989514231681824,8.700702667236328,22.266389846801758,-2.8908026218414307,51.86866760253906,299.8176574707031,h
334.177001953125,228.0384979248047,5.179500102996826,0.013100000098347664,0.0007999999797903001,575.24072265625,231.4459991455078,-205.8946990966797,90.0,466.4078063964844,h
334.177001953125,228.0384979248047,5.179500102996826,0.013100000098347664,0.0007999999797903001,-457.9161071777344,-331.7799987792969,-205.8946990966797,90.0,5.74560022354126,h
72.78507995605469,21.76711082458496,3.1937592029571533,0.3949989676475525,0.2508237659931183,29.126447677612305,-7.308196067810059,15.916130065917969,31.501859664916992,282.8450927734375,h
20.654617309570312,16.00217056274414,2.39194393157959,0.5247071385383606,0.2695901393890381,7.8379034996032715,-21.014564514160156,-3.8326947689056396,41.8829231262207,91.50442504882812,h
7.207900047302246,0.0,5.179500102996826,0.8912000060081482,0.6740000247955322,-457.9161071777344,231.4459991455078,-205.8946990966797,90.0,5.74560022354126,h
334.177001953125,228.0384979248047,5.179500102996826,0.013100000098347664,0.0007999999797903001,575.24072265625,231.4459991455078,-205.8946990966797,90.0,5.74560022354126,h
84.36226654052734,19.397436141967773,2.943798303604126,0.2636896073818207,0.1387445628643036,24.26485824584961,55.51355743408203,-25.120365142822266,13.53453254699707,147.26527404785156,h
334.177001953125,228.0384979248047,5.179500102996826,0.013100000098347664,0.0007999999797903001,-457.9161071777344,-331.7799987792969,-205.8946990966797,90.0,466.4078063964844,h
334.177001953125,228.0384979248047,5.179500102996826,0.013100000098347664,0.0007999999797903001,575.24072265625,231.4459991455078,-205.8946990966797,90.0,5.74560022354126,h
334.177001953125,228.0384979248047,5.179500102996826,0.013100000098347664,0.0007999999797903001,-457.9161071777344,-331.7799987792969,179.8509979248047,90.0,5.74560022354126,h
93.30290222167969,13.650383949279785,2.536000967025757,0.4580245018005371,0.2696838676929474,-55.86198806762695,8.708576202392578,-18.34970474243164,47.00444412231445,134.90536499023438,h
7.207900047302246,228.0384979248047,1.9413000345230103,0.8912000060081482,0.6740000247955322,575.24072265625,231.4459991455078,179.8509979248047,0.0,5.74560022354126,h
7.207900047302246,228.0384979248047,1.9413000345230103,0.8912000060081482,0.6740000247955322,-457.9161071777344,-331.7799987792969,179.8509979248047,0.0,31.028993606567383,h
334.177001953125,228.0384979248047,5.179500102996826,0.013100000098347664,0.0007999999797903001,-457.9161071777344,-331.7799987792969,-205.8946990966797,90.0,466.4078063964844,h
43.52705001831055,20.4901123046875,2.9390769004821777,0.20645220577716827,0.10877016931772232,5.353896141052246,23.00461196899414,-10.967597961425781,44.0474967956543,174.79541015625,h
7.2087578773498535,29.678953170776367,1.9413000345230103,0.8084656596183777,0.3882783353328705,-452.4131164550781,-331.7799987792969,173.71495056152344,0.0,5.74560022354126,h
85.31602478027344,31.383756637573242,2.7491602897644043,0.32102277874946594,0.1559586226940155,-3.160216808319092,-26.13958168029785,-11.201393127441406,10.479131698608398,150.69256591796875,h
7.207900047302246,0.0,1.9415004253387451,0.8912000060081482,0.6740000247955322,-457.9161071777344,-331.7799987792969,-205.8946990966797,90.0,466.4078063964844,h
21.591718673706055,10.635330200195312,2.421070098876953,0.7710450887680054,0.4471358358860016,0.8796951770782471,4.450868606567383,5.063124179840088,28.21196937561035,174.43003845214844,h
7.207900047302246,228.0384979248047,1.9413000345230103,0.8912000060081482,0.6740000247955322,-457.9161071777344,-331.7799987792969,179.8509979248047,0.0,5.74560022354126,h
7.207900047302246,0.0,1.9413000345230103,0.8912000060081482,0.6740000247955322,-457.9161071777344,-331.7799987792969,179.8509979248047,0.0,5.74560022354126,h
7.227960109710693,19.406932830810547,1.9413000345230103,0.8912000060081482,0.6689256429672241,-457.9161071777344,-331.7799987792969,179.8509979248047,0.0,5.74560022354126,h
334.177001953125,228.0384979248047,1.9413000345230103,0.8912000060081482,0.6740000247955322,575.24072265625,231.4459991455078,179.8509979248047,90.0,5.74560022354126,h
8.714791297912598,22.024385452270508,1.9413000345230103,0.5674551129341125,0.24864834547042847,34.35520553588867,14.850641250610352,74.92566680908203,0.0,5.74560022354126,h
7.216955661773682,14.31017780303955,1.9413000345230103,0.5931546688079834,0.256134569644928,25.812644958496094,-30.675336837768555,9.404480934143066,3.3739584068825934e-06,31.60133934020996,h
334.177001953125,228.0384979248047,5.179500102996826,0.013100000098347664,0.0007999999797903001,575.24072265625,-331.7799987792969,-205.8946990966797,90.0,5.74560022354126,h
334.177001953125,228.0384979248047,5.179500102996826,0.013100000098347664,0.0007999999797903001,575.24072265625,231.4459991455078,-205.8946990966797,90.0,466.4078063964844,h
183.32928466796875,44.49807357788086,2.7895140647888184,0.36413735151290894,0.1974450945854187,26.54964256286621,114.92346954345703,14.401419639587402,8.918723106384277,233.25872802734375,h
334.177001953125,228.0384979248047,1.9413000345230103,0.013100000098347664,0.6740000247955322,-457.9161071777344,-331.7799987792969,-205.8946990966797,0.0,466.4078063964844,h
334.177001953125,228.0384979248047,5.179500102996826,0.013100000098347664,0.0007999999797903001,575.24072265625,231.4459991455078,179.8509979248047,90.0,5.74560022354126,h
175.8297119140625,122.49761962890625,4.814289093017578,0.016519632190465927,0.00753994844853878,-440.8360595703125,-170.39308166503906,-156.81295776367188,86.41983795166016,366.5299377441406,h
57.51182556152344,21.62122344970703,2.7331039905548096,0.3676556944847107,0.16260255873203278,23.208797454833984,33.29383087158203,33.11430358886719,29.89068603515625,322.6593933105469,h
20.564111709594727,14.833154678344727,2.4743282794952393,0.46817758679389954,0.2290690690279007,15.038374900817871,17.379974365234375,-6.813267707824707,42.38578414916992,62.31985855102539,h
334.177001953125,228.0384979248047,1.9413000345230103,0.8912000060081482,0.6740000247955322,-457.9161071777344,-331.7799987792969,-205.8946990966797,0.0,5.74560022354126,h
189.79837036132812,31.966501235961914,3.385390281677246,0.2227814793586731,0.13449916243553162,-119.22544860839844,-66.59838104248047,0.0,21.02654457092285,264.5840759277344,h
334.177001953125,228.0384979248047,5.179500102996826,0.013100000098347664,0.0007999999797903001,575.24072265625,231.4459991455078,179.8509979248047,90.0,5.74560022354126,h
334.177001953125,228.0384979248047,5.179500102996826,0.013100000098347664,0.0007999999797903001,575.24072265625,231.4459991455078,-205.8946990966797,90.0,5.74560022354126,h
7.435878276824951,12.229793548583984,1.9413000345230103,0.7675610184669495,0.3762863278388977,10.893105506896973,-13.561774253845215,15.315020561218262,4.354894638061523,45.96571350097656,h
12.979619026184082,9.513790130615234,2.3365535736083984,0.7897415161132812,0.5053560733795166,6.905681133270264,8.266826629638672,5.433239936828613,32.76160430908203,189.0772247314453,h
334.177001953125,228.0384979248047,1.9413000345230103,0.013100000098347664,0.6740000247955322,-457.9161071777344,-331.7799987792969,179.8509979248047,0.0,5.74560022354126,h
51.05997848510742,19.002687454223633,2.7084574699401855,0.280879408121109,0.1427648663520813,-65.44294738769531,-8.143098831176758,7.664933204650879,13.033401489257812,119.96085357666016,h
52.709510803222656,36.19729232788086,3.060051202774048,0.20325177907943726,0.11011683195829391,-12.303272247314453,-122.30860900878906,20.168420791625977,31.05502700805664,282.309326171875,h
204.65391540527344,37.32764434814453,3.5337281227111816,0.14942651987075806,0.06523224711418152,562.2023315429688,198.43466186523438,55.428733825683594,28.09160041809082,197.16165161132812,h
334.177001953125,228.0384979248047,5.179500102996826,0.013100000098347664,0.0007999999797903001,575.24072265625,231.4459991455078,-205.8946990966797,90.0,5.74560022354126,h
334.177001953125,228.0384979248047,5.179500102996826,0.013100000098347664,0.0007999999797903001,-457.9161071777344,-331.7799987792969,179.8509979248047,90.0,5.74560022354126,h
45.15673828125,11.939842224121094,2.7677111625671387,0.5110054016113281,0.33983489871025085,26.3230037689209,38.60280227661133,10.194709777832031,10.553654670715332,200.6605224609375,h
19.4473819732666,12.466259002685547,2.3314502239227295,0.5206701159477234,0.29192960262298584,-23.34878158569336,-18.54206085205078,-5.386458873748779,66.63382720947266,82.90630340576172,h
46.74333572387695,9.086138725280762,2.6854357719421387,0.33107250928878784,0.200432687997818,80.66871643066406,61.45392608642578,-10.479472160339355,58.24342727661133,246.2847900390625,h
334.177001953125,228.0384979248047,5.179500102996826,0.013100000098347664,0.0007999999797903001,-457.9161071777344,-331.7799987792969,179.8509979248047,90.0,465.8158874511719,h
47.0377311706543,20.749671936035156,2.910726308822632,0.32503440976142883,0.2051723450422287,-55.951812744140625,-24.86954689025879,-9.31080436706543,43.465972900390625,218.69288635253906,h
20.34980583190918,7.958573818206787,2.210176944732666,0.7105098366737366,0.4028901159763336,-13.983589172363281,8.925025939941406,-4.813408374786377,67.71990203857422,154.6513214111328,h
334.177001953125,228.0384979248047,5.179500102996826,0.013100000098347664,0.0007999999797903001,-457.9161071777344,231.4459991455078,-205.8946990966797,90.0,5.74560022354126,h
334.177001953125,228.0384979248047,1.9413000345230103,0.8912000060081482,0.6740000247955322,-457.9161071777344,-331.7799987792969,179.8509979248047,0.0,466.4078063964844,h
7.207900047302246,0.0,1.9413000345230103,0.8912000060081482,0.6740000247955322,-457.9161071777344,-331.7799987792969,-205.8946990966797,90.0,466.4078063964844,h
57.12150573730469,15.372444152832031,2.776632308959961,0.5088521242141724,0.3065165877342224,97.40496063232422,46.107059478759766,-7.246840953826904,22.472246170043945,213.38990783691406,h
60.704166412353516,10.647189140319824,2.9898569583892822,0.3019859194755554,0.1655985563993454,15.656667709350586,5.890741348266602,-15.643392562866211,66.03861236572266,131.42520141601562,h
334.177001953125,228.0384979248047,5.179500102996826,0.013100000098347664,0.0007999999797903001,-457.9161071777344,-331.7799987792969,179.8509979248047,90.0,5.753294944763184,h
334.177001953125,228.0384979248047,5.179500102996826,0.013100000098347664,0.0007999999797903001,-457.9161071777344,-331.7799987792969,179.8509979248047,90.0,466.4078063964844,h
334.177001953125,228.0384979248047,5.179500102996826,0.013100000098347664,0.0007999999797903001,-457.9161071777344,-331.7799987792969,-205.8946990966797,90.0,466.4078063964844,h
54.191627502441406,9.804828643798828,2.0968713760375977,0.7106522917747498,0.4240160882472992,13.389152526855469,8.495650291442871,9.455425262451172,18.54676055908203,74.55343627929688,h
23.499910354614258,8.6257963180542,2.1855971813201904,0.6231542825698853,0.4020974636077881,26.97064971923828,-3.9962174892425537,4.812319278717041,18.17047691345215,241.70388793945312,h
103.3581771850586,23.598876953125,3.023578405380249,0.2488916963338852,0.12549243867397308,-52.177120208740234,16.462617874145508,-24.144853591918945,67.15408325195312,221.45291137695312,h
7.207900047302246,0.0,1.9466667175292969,0.8912000060081482,0.6740000247955322,-457.9161071777344,-331.7799987792969,179.8509979248047,0.0,5.74560022354126,h
7.207900047302246,0.0,5.179500102996826,0.8912000060081482,0.6740000247955322,575.24072265625,231.4459991455078,-205.8946990966797,90.0,5.74560022354126,h
334.177001953125,228.0384979248047,5.179500102996826,0.013100000098347664,0.0007999999797903001,575.24072265625,231.4459991455078,-205.8946990966797,90.0,5.74560022354126,h
39.98289489746094,19.203357696533203,2.806260585784912,0.2977854907512665,0.16313640773296356,3.0682485103607178,34.093265533447266,9.435067176818848,67.03652954101562,236.61141967773438,h
60.27353286743164,49.0045166015625,3.5640010833740234,0.15032783150672913,0.08518682420253754,-34.777164459228516,40.25208282470703,-11.712421417236328,7.683515548706055,108.01653289794922,h
28.01172637939453,12.638689994812012,2.345978260040283,0.4527442455291748,0.25014880299568176,16.789962768554688,20.694049835205078,11.256237030029297,20.507625579833984,155.8421630859375,h
334.177001953125,228.0384979248047,5.179500102996826,0.013100000098347664,0.0007999999797903001,-457.9161071777344,-331.7799987792969,179.81642150878906,8.332579612731934,46.420631408691406,h
35.033390045166016,33.00124740600586,2.5973963737487793,0.24970175325870514,0.12369775772094727,58.253013610839844,22.130844116210938,48.97544860839844,83.52851104736328,156.47671508789062,h
64.36113739013672,93.30743408203125,3.3195388317108154,0.2633797526359558,0.19620516896247864,-19.761371612548828,40.50503921508789,29.31908416748047,30.46151351928711,399.1170959472656,h
16.656343460083008,22.700206756591797,1.9413000345230103,0.7175500988960266,0.44804272055625916,27.495933532714844,-331.75372314453125,69.72035217285156,0.0,5.74560022354126,h
27.130207061767578,15.587579727172852,2.4550371170043945,0.446177214384079,0.28275495767593384,-3.5400121212005615,-20.643232345581055,-17.20099639892578,50.005126953125,136.07952880859375,h
114.67057800292969,44.91080093383789,3.4785075187683105,0.17790283262729645,0.1002153754234314,8.57076644897461,25.916025161743164,25.55304527282715,2.93017578125,312.5351257324219,h
66.43436431884766,50.56982421875,3.205991268157959,0.2583424150943756,0.13473156094551086,-3.7317235469818115,19.073068618774414,-56.292850494384766,31.94942283630371,327.1524963378906,h
7.207900047302246,0.0,1.9413000345230103,0.8912000060081482,0.6740000247955322,-455.623046875,-331.7799987792969,179.8509979248047,90.0,5.74560022354126,h
334.177001953125,228.0384979248047,5.179500102996826,0.013100000098347664,0.0007999999797903001,575.24072265625,231.4459991455078,-205.8946990966797,90.0,466.4078063964844,h
22.455917358398438,7.323547840118408,2.538864850997925,0.7913148999214172,0.5675655603408813,-9.539932250976562,-10.596701622009277,-9.810717582702637,78.60624694824219,86.40217590332031,h
17.430967330932617,11.27907657623291,2.524808406829834,0.7722494006156921,0.5615453720092773,1.7683019638061523,6.681291580200195,7.840704441070557,70.72478485107422,136.01766967773438,h
7.207900047302246,22.72093963623047,1.9413000345230103,0.739013135433197,0.31727588176727295,-79.49372863769531,-331.7235412597656,37.83671951293945,0.0,7.7860307693481445,h
334.177001953125,228.0384979248047,5.179500102996826,0.013100000098347664,0.0007999999797903001,575.24072265625,231.4459991455078,-205.8946990966797,90.0,5.74560022354126,h
334.177001953125,228.0384979248047,5.179500102996826,0.013100000098347664,0.0007999999797903001,-457.9161071777344,-331.7799987792969,-205.8946990966797,90.0,466.4078063964844,h
334.177001953125,228.0384979248047,5.179500102996826,0.013100000098347664,0.0007999999797903001,575.24072265625,231.4459991455078,-205.8946990966797,90.0,39.66238021850586,h
50.82086181640625,16.7872314453125,2.693359851837158,0.30693116784095764,0.15330952405929565,12.2167329788208,-28.703935623168945,-19.58470916748047,71.69652557373047,76.1593017578125,h
23.599742889404297,10.691287994384766,2.552377700805664,0.5177913904190063,0.31724223494529724,4.123134613037109,4.062736988067627,-12.273098945617676,82.14539337158203,207.72024536132812,h
97.12906646728516,68.2244873046875,3.145383834838867,0.46745723485946655,0.25270915031433105,-68.16889953613281,-116.74349212646484,30.104278564453125,35.287620544433594,310.24188232421875,h
29.572986602783203,15.926225662231445,2.9592111110687256,0.3648344874382019,0.21485918760299683,-11.784233093261719,9.966207504272461,-3.855128765106201,19.227445602416992,217.5055389404297,h
334.177001953125,228.0384979248047,5.179500102996826,0.013100000098347664,0.0007999999797903001,575.24072265625,231.4459991455078,-205.8946990966797,90.0,5.74560022354126,h
334.177001953125,228.0384979248047,5.179500102996826,0.013100000098347664,0.0007999999797903001,-457.9161071777344,-331.7799987792969,179.8509979248047,90.0,5.74560022354126,h
7.207900047302246,0.0,1.9413000345230103,0.8912000060081482,0.6740000247955322,-457.9161071777344,-331.7799987792969,179.8509979248047,90.0,5.74560022354126,h
31.938785552978516,7.238753795623779,2.506131410598755,0.5522764325141907,0.28243115544319153,7.584421634674072,11.307053565979004,-5.910518169403076,71.34577941894531,18.527774810791016,h
53.79069137573242,20.47713851928711,3.084918975830078,0.32207587361335754,0.16788434982299805,-19.12842559814453,15.986624717712402,-15.624106407165527,7.552370071411133,69.43070983886719,h
87.71392059326172,33.02192687988281,3.1969096660614014,0.15780623257160187,0.07395479083061218,132.90675354003906,89.37380981445312,73.56111907958984,41.45697784423828,145.60870361328125,h
258.3622741699219,43.19205856323242,3.1408588886260986,0.2005583494901657,0.10616287589073181,-216.75502014160156,-307.3901062011719,-10.677132606506348,21.325414657592773,136.86329650878906,h
26.737957000732422,6.514870643615723,2.5457491874694824,0.534385621547699,0.33501848578453064,18.96314239501953,15.176301956176758,9.841950416564941,38.929115295410156,225.1636505126953,h
56.410133361816406,10.734416961669922,2.6553564071655273,0.4759179949760437,0.25560423731803894,61.83164596557617,-0.00046014063991606236,-15.938404083251953,5.565619945526123,291.1879577636719,h
57.775054931640625,38.64788055419922,2.6848368644714355,0.23413121700286865,0.10693938285112381,-87.54374694824219,77.18708801269531,-18.34467124938965,6.292222023010254,96.4496841430664,h
11.706908226013184,11.076800346374512,2.4851322174072266,0.5419960618019104,0.28294605016708374,-8.885398864746094,-4.31612491607666,-5.64425802230835,32.136878967285156,89.98959350585938,h
49.02738571166992,20.4808406829834,2.6488914489746094,0.25817734003067017,0.15214714407920837,-14.743746757507324,-104.1226577758789,-10.789584159851074,2.2064056396484375,170.929931640625,h
334.177001953125,228.0384979248047,5.179500102996826,0.013100000098347664,0.0007999999797903001,-457.9161071777344,-331.7799987792969,-205.8946990966797,90.0,466.4078063964844,h
86.00614929199219,32.116973876953125,3.067964792251587,0.2481517791748047,0.11939013749361038,47.66265869140625,74.6847915649414,4.695521831512451,33.51240921020508,146.47152709960938,h
68.65937805175781,25.948057174682617,3.1048035621643066,0.19082897901535034,0.10167057067155838,-46.281131744384766,-19.183387756347656,4.411901950836182,26.527751922607422,197.8768310546875,h
44.01801300048828,11.200338363647461,2.9575626850128174,0.3018055260181427,0.19206638634204865,-30.293804168701172,19.265125274658203,-11.063953399658203,84.51820373535156,84.30238342285156,h
334.177001953125,228.0384979248047,1.9413000345230103,0.013100000098347664,0.5256211161613464,-457.9161071777344,-331.7799987792969,179.8509979248047,0.0,5.74560022354126,h
334.177001953125,228.0384979248047,5.179500102996826,0.013100000098347664,0.0007999999797903001,-457.9161071777344,-331.7799987792969,179.8509979248047,90.0,466.4078063964844,h
173.58274841308594,219.26959228515625,5.119994640350342,0.014388758689165115,0.001055499422363937,112.23030853271484,108.90106964111328,-155.13575744628906,69.25659942626953,310.02801513671875,h
334.177001953125,228.0384979248047,5.179500102996826,0.013100000098347664,0.0007999999797903001,-457.9161071777344,231.4459991455078,179.8509979248047,90.0,5.74560022354126,h
26.781763076782227,27.841163635253906,2.4768497943878174,0.37233805656433105,0.2141103297472,-25.320106506347656,-20.520750045776367,12.441472053527832,71.4163818359375,96.59632873535156,h
77.76329803466797,11.163952827453613,3.012573003768921,0.2707059681415558,0.1372482031583786,-11.168006896972656,81.15876770019531,-8.408381462097168,68.31415557861328,96.10883331298828,h
334.177001953125,228.0384979248047,1.9413000345230103,0.8912000060081482,0.6740000247955322,-457.9161071777344,-331.7799987792969,-205.8946990966797,0.0,5.74560022354126,h
35.930694580078125,10.337230682373047,2.698679208755493,0.4731919467449188,0.2594156563282013,41.18898010253906,-15.973030090332031,8.541415214538574,73.48269653320312,206.82919311523438,h
45.74824905395508,42.45053482055664,1.9413000345230103,0.8912000060081482,0.6740000247955322,-457.9161071777344,-331.7799987792969,179.8509979248047,0.0,147.2392578125,h
29.49090003967285,18.72075653076172,2.7921390533447266,0.32486167550086975,0.157785102725029,17.89158821105957,-9.27354907989502,21.464496612548828,6.6828227043151855,123.23213195800781,h
334.177001953125,228.0384979248047,5.179500102996826,0.013100000098347664,0.0007999999797903001,-457.9161071777344,-331.7799987792969,-205.8946990966797,90.0,466.4078063964844,h
155.98275756835938,88.93345642089844,3.555457592010498,0.12183547019958496,0.0758124589920044,123.80462646484375,105.82560729980469,76.9971694946289,84.07459259033203,280.7525939941406,h
146.43460083007812,106.25923919677734,3.7190723419189453,0.1131495013833046,0.05159280076622963,-81.02289581298828,9.466133117675781,126.11264038085938,18.287395477294922,152.24285888671875,h
334.177001953125,228.0384979248047,5.179500102996826,0.013100000098347664,0.0007999999797903001,575.24072265625,231.4459991455078,-205.8946990966797,90.0,5.74560022354126,h
71.07714080810547,21.743459701538086,2.670969247817993,0.26231953501701355,0.16140484809875488,31.1677188873291,-27.701684951782227,21.810199737548828,69.17375183105469,74.53448486328125,h
334.177001953125,228.0384979248047,5.179500102996826,0.013100000098347664,0.0007999999797903001,-457.9161071777344,-331.7799987792969,179.8509979248047,90.0,184.51084899902344,h
12.768022537231445,9.64272689819336,2.264148235321045,0.8866060972213745,0.5612620711326599,23.541973114013672,18.16924476623535,8.165420532226562,81.69801330566406,206.46737670898438,h
334.177001953125,228.0384979248047,5.179500102996826,0.013100000098347664,0.0007999999797903001,-457.9161071777344,-331.7799987792969,179.8509979248047,90.0,466.4078063964844,h
29.82236099243164,10.665087699890137,2.3180196285247803,0.5402444005012512,0.31879857182502747,-6.405911445617676,-18.68087387084961,-9.250080108642578,12.884612083435059,227.75253295898438,h
334.177001953125,228.0384979248047,5.179500102996826,0.013100000098347664,0.0007999999797903001,-457.9161071777344,-331.7799987792969,179.8509979248047,90.0,466.4078063964844,h
334.177001953125,228.0384979248047,5.179500102996826,0.013100000098347664,0.0007999999797903001,-457.9161071777344,231.09121704101562,-205.8946990966797,90.0,466.4078063964844,h
334.177001953125,228.0384979248047,1.9413000345230103,0.013100000098347664,0.6740000247955322,-457.9161071777344,-331.7799987792969,-205.8946990966797,0.0,5.74560022354126,h
334.177001953125,228.0384979248047,1.9413000345230103,0.013100000098347664,0.0007999999797903001,-457.9161071777344,-331.7799987792969,179.8509979248047,0.0,5.74560022354126,h
7.329751491546631,16.96945571899414,1.9413000345230103,0.7447683215141296,0.33377233147621155,-0.5674116611480713,-13.284377098083496,7.743290424346924,3.621988296508789,237.98251342773438,h
334.177001953125,228.0384979248047,1.9413000345230103,0.013100000098347664,0.0007999999797903001,-457.9161071777344,-331.7799987792969,179.8509979248047,0.0,5.74560022354126,h
9.669940948486328,11.453990936279297,2.0761144161224365,0.8182588219642639,0.4823034703731537,-26.89617347717285,9.540916442871094,14.587189674377441,42.114654541015625,43.04993438720703,h
334.177001953125,228.0384979248047,1.9413000345230103,0.013100000098347664,0.6380445957183838,-457.9161071777344,-331.7799987792969,179.8509979248047,0.0,5.74560022354126,h
334.177001953125,228.0384979248047,1.9413000345230103,0.013100000098347664,0.6740000247955322,-457.9161071777344,-331.7799987792969,179.8509979248047,0.0,5.74560022354126,h
334.177001953125,228.0384979248047,1.9413000345230103,0.8912000060081482,0.6740000247955322,575.24072265625,15.464390754699707,179.8509979248047,0.0,5.74560022354126,h
46.4542236328125,11.33900260925293,2.613959312438965,0.34575554728507996,0.18908151984214783,-6.917853832244873,54.930389404296875,-6.00410270690918,23.317947387695312,211.58335876464844,h
250.26187133789062,223.15318298339844,4.255716800689697,0.11649421602487564,0.06591924279928207,-138.33334350585938,-211.8779754638672,-205.2558135986328,51.657711029052734,337.68768310546875,h
17.511730194091797,8.831467628479004,2.4495961666107178,0.8145506381988525,0.5823898911476135,24.619855880737305,20.75868034362793,4.695585250854492,65.81885528564453,166.14083862304688,h
25.854694366455078,15.067303657531738,2.4683966636657715,0.4942595660686493,0.3108197748661041,8.374960899353027,-2.3802409172058105,-9.434943199157715,51.5347900390625,65.41119384765625,h
44.97251510620117,17.430988311767578,2.505458116531372,0.43969085812568665,0.2358991950750351,67.8400650024414,44.39188766479492,-17.79632568359375,50.097557067871094,157.22488403320312,h
334.177001953125,228.0384979248047,5.179500102996826,0.013100000098347664,0.0007999999797903001,-457.9161071777344,-331.7799987792969,179.8509979248047,90.0,466.4078063964844,h
334.177001953125,228.0384979248047,5.179500102996826,0.013100000098347664,0.0007999999797903001,-457.9161071777344,-331.7799987792969,179.8081512451172,90.0,38.74064636230469,h
7.207900047302246,0.0,5.179500102996826,0.8912000060081482,0.6740000247955322,-457.9161071777344,-331.7799987792969,-205.8946990966797,90.0,5.74560022354126,h
251.93374633789062,81.17013549804688,3.6491668224334717,0.12438324093818665,0.07043146342039108,-121.56425476074219,-288.271484375,48.96926498413086,48.01289367675781,213.63124084472656,h
27.585371017456055,16.102825164794922,2.762864589691162,0.45731526613235474,0.2618568539619446,-1.3949944972991943,-3.8404386043548584,-7.159250736236572,9.247492790222168,161.89727783203125,h
24.500751495361328,14.187932968139648,2.610145330429077,0.4630008041858673,0.23707672953605652,32.964542388916016,12.21926212310791,8.192760467529297,0.21854960918426514,115.8017578125,h
28.177125930786133,7.943618297576904,2.368030548095703,0.7408795952796936,0.4343281090259552,0.6958644390106201,19.768285751342773,-3.7235312461853027,14.1793851852417,200.7897186279297,h
82.69770050048828,25.158313751220703,2.70894193649292,0.3363296091556549,0.19210322201251984,-122.6959457397461,71.81989288330078,5.182351589202881,9.279679298400879,286.4061279296875,h
28.196744918823242,20.30385971069336,2.7202422618865967,0.393399715423584,0.2484150230884552,23.062475204467773,21.93425750732422,10.065638542175293,28.58234977722168,57.133262634277344,h
262.6484680175781,136.68515014648438,3.895376443862915,0.16650240123271942,0.10377868264913559,-170.3545379638672,-265.47222900390625,-96.34170532226562,48.18562316894531,452.5927734375,h
334.177001953125,228.0384979248047,5.179500102996826,0.013100000098347664,0.0007999999797903001,-457.9161071777344,-331.7799987792969,179.8509979248047,90.0,466.4078063964844,h
334.177001953125,228.0384979248047,5.179500102996826,0.013100000098347664,0.0007999999797903001,-457.9161071777344,-331.7799987792969,179.8509979248047,90.0,5.746903419494629,h
334.177001953125,228.0384979248047,5.179500102996826,0.013100000098347664,0.0007999999797903001,-457.9161071777344,-331.7799987792969,-205.8946990966797,90.0,466.4078063964844,h
169.41387939453125,95.07943725585938,3.6136152744293213,0.21486951410770416,0.09731976687908173,-69.87603759765625,-149.70668029785156,144.49627685546875,52.78476333618164,418.64105224609375,h
334.177001953125,228.0384979248047,5.179500102996826,0.013100000098347664,0.0007999999797903001,575.24072265625,231.4459991455078,179.8509979248047,90.0,5.74560022354126,h
334.177001953125,228.0384979248047,5.179500102996826,0.013100000098347664,0.0007999999797903001,-457.9161071777344,-331.7799987792969,179.8509979248047,90.0,5.74560022354126,h
28.541757583618164,6.248843193054199,2.06317138671875,0.6074705123901367,0.3502749502658844,-13.872712135314941,-16.87387466430664,6.407235622406006,52.54608917236328,97.57193756103516,h
334.177001953125,228.0384979248047,5.179500102996826,0.013100000098347664,0.0007999999797903001,575.24072265625,231.4459991455078,-205.8946990966797,90.0,5.74560022354126,h
334.177001953125,228.0384979248047,1.9413000345230103,0.013100000098347664,0.0007999999797903001,-457.9161071777344,-331.7799987792969,179.8509979248047,0.0,5.74560022354126,h
7.207900047302246,0.0,5.179500102996826,0.8912000060081482,0.6740000247955322,-457.9161071777344,-331.7799987792969,179.8509979248047,90.0,5.74560022354126,h
22.181482315063477,12.163200378417969,2.560821771621704,0.5675566792488098,0.29590904712677,30.64665985107422,18.485782623291016,6.020394325256348,49.16226577758789,171.7738494873047,h
334.177001953125,228.0384979248047,5.179500102996826,0.013100000098347664,0.0007999999797903001,-457.9161071777344,231.4459991455078,-205.8946990966797,90.0,5.74560022354126,h
98.7354736328125,70.19188690185547,3.9592063426971436,0.07518863677978516,0.036454182118177414,13.838589668273926,83.86769104003906,47.42021179199219,68.35768127441406,203.7893524169922,h
7.207900047302246,228.0384979248047,1.9413000345230103,0.01311073824763298,0.6740000247955322,-457.9161071777344,-331.7799987792969,179.8509979248047,0.0,5.74560022354126,h
334.177001953125,228.0384979248047,5.179500102996826,0.013100000098347664,0.0007999999797903001,575.24072265625,231.4459991455078,-205.8946990966797,90.0,5.74560022354126,h
334.177001953125,228.0384979248047,5.179500102996826,0.013100000098347664,0.0007999999797903001,575.24072265625,231.4459991455078,-205.8946990966797,89.9999008178711,5.768410682678223,h
334.177001953125,228.0384979248047,5.179500102996826,0.013100000098347664,0.0007999999797903001,-457.9161071777344,-331.7799987792969,-205.8946990966797,90.0,466.4078063964844,h
7.207900047302246,0.0,1.9413000345230103,0.8912000060081482,0.6740000247955322,-457.9161071777344,-331.7799987792969,179.8509979248047,90.0,5.74560022354126,h
334.177001953125,228.0384979248047,5.179500102996826,0.013100000098347664,0.0007999999797903001,-457.9161071777344,-331.7799987792969,179.8509979248047,90.0,146.53375244140625,h
334.177001953125,228.0384979248047,5.179500102996826,0.013100000098347664,0.0007999999797903001,575.24072265625,231.4459991455078,-205.8946990966797,90.0,466.4078063964844,h
7.207900047302246,0.0,5.179500102996826,0.8912000060081482,0.6740000247955322,-457.9161071777344,-331.7799987792969,179.8509979248047,90.0,5.74560022354126,h
334.177001953125,228.0384979248047,5.179500102996826,0.013100000098347664,0.0007999999797903001,-457.9161071777344,-331.7799987792969,179.8509979248047,90.0,466.4078063964844,h
7.386129856109619,228.0384979248047,1.9413000345230103,0.8912000060081482,0.6740000247955322,-457.9161071777344,-331.7799987792969,179.8509979248047,0.0,5.74560022354126,h
334.177001953125,228.0384979248047,5.179500102996826,0.013100000098347664,0.0007999999797903001,-457.9161071777344,-331.7799987792969,179.8509979248047,90.0,466.4078063964844,h
7.207900047302246,0.0,1.9413000345230103,0.8912000060081482,0.6740000247955322,-457.9161071777344,-331.7799987792969,179.8509979248047,90.0,5.74560022354126,h
42.723060607910156,23.621633529663086,3.08144211769104,0.23913180828094482,0.11296850442886353,64.83981323242188,-22.335987091064453,18.241378784179688,62.15035629272461,52.31734085083008,h
334.177001953125,228.0384979248047,1.9413000345230103,0.013100000098347664,0.6740000247955322,-457.9161071777344,-331.7799987792969,179.8509979248047,0.0,5.74560022354126,h
62.809200286865234,14.56515884399414,2.7298552989959717,0.29022112488746643,0.14787817001342773,-28.208372116088867,-30.417387008666992,-4.015979766845703,63.810821533203125,74.3277816772461,h
334.177001953125,228.0384979248047,1.9413000345230103,0.8912000060081482,0.6740000247955322,-457.9161071777344,-331.7799987792969,-205.8946990966797,0.0,5.74560022354126,h
334.177001953125,228.0384979248047,5.179500102996826,0.013100000098347664,0.0007999999797903001,-457.9161071777344,-331.7799987792969,179.8509979248047,90.0,5.74560022354126,h
7.291732311248779,224.84677124023438,1.9413000345230103,0.26202648878097534,0.08083794265985489,-457.9161071777344,-331.7799987792969,179.8509979248047,0.0,5.74560022354126,h
29.927642822265625,33.375335693359375,2.970391273498535,0.23565557599067688,0.14602148532867432,-10.386068344116211,-8.330631256103516,20.436887741088867,3.4874231815338135,108.97118377685547,h
60.18864440917969,15.374100685119629,2.7603509426116943,0.3859599530696869,0.20966343581676483,50.53252029418945,12.57998275756836,-0.1830863207578659,4.022031307220459,128.8231201171875,h
334.177001953125,228.0384979248047,5.179500102996826,0.013100000098347664,0.0007999999797903001,575.24072265625,231.4459991455078,179.8509979248047,90.0,5.74560022354126,h
13.76437759399414,6.717820644378662,1.9413000345230103,0.5621685981750488,0.3195560872554779,-80.03215026855469,-30.070308685302734,-11.340904235839844,0.0,116.13546752929688,h
334.177001953125,228.0384979248047,1.9413000345230103,0.8912000060081482,0.6740000247955322,-457.9161071777344,-331.7799987792969,-205.8946990966797,0.0,5.74560022354126,h
176.36416625976562,75.60324096679688,3.5629208087921143,0.14501254260540009,0.09359733015298843,-124.14170837402344,-153.7327880859375,-96.78858947753906,68.02713775634766,364.49267578125,h
334.177001953125,0.0,5.179500102996826,0.8912000060081482,0.6740000247955322,-457.9161071777344,-331.7799987792969,179.8509979248047,90.0,5.74560022354126,h
73.13268280029297,27.128232955932617,2.9503870010375977,0.26468968391418457,0.1496574878692627,-13.641958236694336,15.673849105834961,-19.581844329833984,62.791263580322266,102.73129272460938,h
334.177001953125,228.0384979248047,5.179500102996826,0.013100000098347664,0.0007999999797903001,575.24072265625,231.4459991455078,-205.8946990966797,90.0,5.74560022354126,h
334.177001953125,228.0384979248047,5.179500102996826,0.013100000098347664,0.0007999999797903001,-457.9161071777344,-331.7799987792969,179.8509979248047,90.0,5.74560022354126,h
21.531352996826172,17.807437896728516,2.334258556365967,0.5059609413146973,0.2806888222694397,4.119634628295898,17.64911460876465,-10.23110294342041,89.67578125,44.00718307495117,h
334.177001953125,228.0384979248047,5.179500102996826,0.013100000098347664,0.0007999999797903001,575.24072265625,231.4459991455078,-205.8946990966797,90.0,466.4078063964844,h
334.177001953125,228.0384979248047,1.9413000345230103,0.013100000098347664,0.6740000247955322,-457.9161071777344,-331.7799987792969,179.8509979248047,0.0,64.7368392944336,h
334.177001953125,228.0384979248047,5.179500102996826,0.013100000098347664,0.0007999999797903001,575.24072265625,109.86042022705078,179.78958129882812,90.0,466.4078063964844,h
334.177001953125,228.0384979248047,5.179500102996826,0.013100000098347664,0.0007999999797903001,-457.9161071777344,231.4459991455078,179.8509979248047,90.0,5.74560022354126,h
334.177001953125,228.0384979248047,5.179500102996826,0.013100000098347664,0.0007999999797903001,-457.9161071777344,-331.7799987792969,179.8509979248047,90.0,466.4078063964844,h
334.177001953125,228.0384979248047,5.179500102996826,0.013100000098347664,0.0007999999797903001,575.24072265625,231.4459991455078,-205.8946990966797,90.0,5.74560022354126,h
334.177001953125,228.0384979248047,5.179500102996826,0.013100000098347664,0.0007999999797903001,-457.9161071777344,-331.7799987792969,179.8509979248047,90.0,466.4078063964844,h
7.207900047302246,228.0384979248047,1.9413000345230103,0.8912000060081482,0.6740000247955322,-457.9161071777344,-331.7799987792969,179.8509979248047,0.0,5.74560022354126,h
334.177001953125,228.0384979248047,5.179500102996826,0.013100000098347664,0.0007999999797903001,575.24072265625,231.4459991455078,-205.8946990966797,90.0,466.4078063964844,h
7.207900047302246,0.0,1.9413000345230103,0.8912000060081482,0.6740000247955322,-457.9161071777344,-331.7799987792969,11.076260566711426,90.0,5.74560022354126,h
334.177001953125,228.0384979248047,5.179500102996826,0.013100000098347664,0.0007999999797903001,-457.9161071777344,-331.7799987792969,179.8509979248047,90.0,466.4078063964844,h
334.177001953125,228.0384979248047,5.179500102996826,0.013100000098347664,0.0007999999797903001,575.24072265625,-331.7799987792969,179.8509979248047,90.0,5.74560022354126,h
60.51426696777344,61.61979675292969,3.1215012073516846,0.2971654236316681,0.16036517918109894,18.739221572875977,87.971435546875,-11.292816162109375,76.90641784667969,400.22039794921875,h
26.990840911865234,6.297967433929443,2.5412702560424805,0.614058256149292,0.4049874246120453,-1.7406642436981201,19.017562866210938,-11.135163307189941,69.01229095458984,76.55558013916016,h
61.27616500854492,228.0384979248047,1.9413000345230103,0.8912000060081482,0.6740000247955322,-457.9161071777344,-331.7799987792969,179.8509979248047,0.0,5.74560022354126,h
7.207900047302246,0.0,5.179500102996826,0.8912000060081482,0.6740000247955322,-457.9161071777344,-331.7799987792969,-205.8946990966797,90.0,5.74560022354126,h
7.207900047302246,0.0,1.9413000345230103,0.8912000060081482,0.6740000247955322,-457.9161071777344,-331.7799987792969,179.8509979248047,90.0,5.74560022354126,h
334.177001953125,228.0384979248047,5.179500102996826,0.013100000098347664,0.0007999999797903001,-457.9161071777344,-222.41212463378906,-205.8946990966797,89.99971008300781,466.3837890625,h
160.54348754882812,87.37359619140625,2.949430465698242,0.15850025415420532,0.0641348585486412,-174.74630737304688,124.05951690673828,-92.91392517089844,29.62705421447754,163.83544921875,h
334.177001953125,228.0384979248047,5.179500102996826,0.013100000098347664,0.0007999999797903001,575.24072265625,-331.7799987792969,-205.8946990966797,90.0,5.74560022354126,h
19.57676124572754,9.592116355895996,2.5778400897979736,0.5559333562850952,0.3132323920726776,-20.176469802856445,19.68297004699707,11.483317375183105,65.12788391113281,245.58206176757812,h
334.177001953125,228.0384979248047,5.179500102996826,0.013100000098347664,0.0007999999797903001,-457.9161071777344,-331.7799987792969,-205.8946990966797,90.0,5.74560022354126,h
75.25727081298828,31.576597213745117,3.00614595413208,0.1529860943555832,0.09585749357938766,5.6236701011657715,63.421539306640625,10.822590827941895,64.2235107421875,243.9783172607422,h
26.61569595336914,11.53821849822998,2.6986021995544434,0.45730915665626526,0.22525429725646973,39.11754608154297,20.348365783691406,3.4731101989746094,25.422531127929688,251.1482696533203,h
24.707103729248047,10.264103889465332,2.539964199066162,0.5729636549949646,0.3272944688796997,-36.03181076049805,16.61882781982422,-12.667433738708496,64.93830871582031,193.21192932128906,h
279.1395568847656,134.4219207763672,4.716474533081055,0.015917351469397545,0.0030099041759967804,493.5482177734375,-312.3655700683594,72.49787902832031,61.797149658203125,290.3588562011719,h
99.76874542236328,36.01994705200195,3.46034574508667,0.11932449042797089,0.05923130735754967,-48.241634368896484,-36.97191619873047,-19.411481857299805,49.12494659423828,183.8997039794922,h
334.177001953125,228.0384979248047,1.9413000345230103,0.013100000098347664,0.0007999999797903001,-457.9161071777344,-331.7799987792969,179.8509979248047,0.0,5.74560022354126,h
13.198119163513184,6.6153154373168945,2.402564525604248,0.811102569103241,0.46188196539878845,15.75075626373291,17.004640579223633,-11.152824401855469,80.2550048828125,168.766357421875,h
334.177001953125,228.0384979248047,5.179500102996826,0.013100000098347664,0.0007999999797903001,575.24072265625,231.4459991455078,-205.8946990966797,0.0,5.74560022354126,h
74.05885314941406,35.90869140625,3.5745136737823486,0.18519432842731476,0.11552798002958298,-135.73785400390625,-50.488162994384766,-44.51060485839844,16.67535400390625,305.67205810546875,h
51.022605895996094,22.839569091796875,3.116539239883423,0.22425146400928497,0.13239829242229462,-73.14734649658203,-7.989177703857422,9.643301963806152,11.19919490814209,240.13116455078125,h
102.63663482666016,19.031721115112305,3.3076138496398926,0.1761607974767685,0.1027531772851944,114.7795639038086,-21.56224250793457,-7.432981014251709,52.58943557739258,299.6705322265625,h
19.373851776123047,8.645811080932617,2.17434024810791,0.7475284337997437,0.3780481815338135,-0.3950790464878082,-13.510108947753906,10.687856674194336,74.1944580078125,180.57046508789062,h
334.177001953125,228.0384979248047,5.179500102996826,0.013100000098347664,0.0007999999797903001,-457.9161071777344,231.4459991455078,-205.8946990966797,90.0,95.45205688476562,h
91.80186462402344,28.02642059326172,3.3071935176849365,0.20295293629169464,0.10557951778173447,16.994626998901367,14.520601272583008,11.927810668945312,34.12209701538086,181.02796936035156,h
101.42562866210938,24.908052444458008,2.818112850189209,0.26100897789001465,0.1699216365814209,51.09456253051758,118.62995147705078,-22.646921157836914,85.64955139160156,102.9419937133789,h
334.177001953125,228.0384979248047,5.179500102996826,0.013100000098347664,0.0007999999797903001,575.24072265625,231.4459991455078,-205.8946990966797,90.0,5.74560022354126,h
23.4262752532959,7.125582695007324,2.5828206539154053,0.5853756666183472,0.30809301137924194,23.60179328918457,21.15412712097168,-4.851442337036133,79.96865844726562,173.83200073242188,h
334.177001953125,228.0384979248047,5.179500102996826,0.013100000098347664,0.0007999999797903001,575.24072265625,231.4459991455078,-205.8946990966797,90.0,5.74560022354126,h
7.207900047302246,227.75238037109375,1.9413000345230103,0.8912000060081482,0.6740000247955322,-15.064461708068848,43.82170104980469,179.8509979248047,0.0,5.74560022354126,h
334.177001953125,228.0384979248047,5.179500102996826,0.013100000098347664,0.0007999999797903001,575.24072265625,231.4459991455078,179.8509979248047,90.0,5.74560022354126,h
84.15827941894531,55.857540130615234,3.0706443786621094,0.32957208156585693,0.18236558139324188,2.6084721088409424,-21.319950103759766,-29.836355209350586,24.19097328186035,316.7677307128906,h
17.075145721435547,14.490802764892578,2.4903879165649414,0.5843470096588135,0.339224249124527,1.0546481609344482,-6.5218706130981445,-6.5865678787231445,82.66951751708984,107.70059967041016,h
50.6820068359375,18.673418045043945,2.4771971702575684,0.4500766396522522,0.26694783568382263,-86.7803726196289,14.522884368896484,-3.7602579593658447,17.91485023498535,177.20594787597656,h
83.4862060546875,56.92192459106445,3.786857843399048,0.10706857591867447,0.0656854659318924,-0.55499267578125,81.55693054199219,37.514442443847656,52.16266632080078,166.44740295410156,h
23.938091278076172,7.134624004364014,2.3435323238372803,0.48988476395606995,0.2873888611793518,-3.5365371704101562,18.613561630249023,-8.335188865661621,75.84851837158203,164.1552734375,h
334.177001953125,0.0,5.179500102996826,0.8912000060081482,0.6740000247955322,-457.9161071777344,-331.7799987792969,-205.8946990966797,90.0,5.74560022354126,h
334.177001953125,228.0384979248047,1.9413000345230103,0.8912000060081482,0.6740000247955322,-457.9161071777344,-331.7799987792969,179.8509979248047,0.0,466.4078063964844,h
34.10580825805664,10.015730857849121,2.8057165145874023,0.3700745403766632,0.19017118215560913,24.242412567138672,14.907774925231934,0.0,6.661478519439697,101.82347106933594,h
29.093549728393555,10.34475326538086,2.672645330429077,0.716020405292511,0.3556314706802368,6.43840217590332,5.549989223480225,8.213483810424805,45.64466094970703,61.48321533203125,h
165.97970581054688,79.14845275878906,3.2601842880249023,0.1728796660900116,0.09404273331165314,-160.9956512451172,-45.093162536621094,34.07540512084961,53.234291076660156,279.8512268066406,h
68.14989471435547,13.648245811462402,2.642789840698242,0.30049625039100647,0.18372882902622223,67.37487030029297,29.500669479370117,-6.36264705657959,16.999284744262695,43.75099182128906,h
334.177001953125,228.0384979248047,5.179500102996826,0.013100000098347664,0.0007999999797903001,-457.9161071777344,-331.7799987792969,-205.8946990966797,90.0,466.4078063964844,h
35.4296875,13.445197105407715,2.9431936740875244,0.2776927649974823,0.1498735100030899,13.64330768585205,6.641931533813477,3.3765041828155518,50.095115661621094,196.04632568359375,h
20.291093826293945,11.761491775512695,2.3820903301239014,0.48885276913642883,0.2847512364387512,5.354717254638672,3.3766655921936035,-3.791593074798584,69.09619903564453,171.20071411132812,h
334.177001953125,228.0384979248047,5.179500102996826,0.013100000098347664,0.0007999999797903001,-455.81610107421875,-331.7799987792969,179.8509979248047,90.0,466.4078063964844,h
7.207900047302246,0.0,1.9413000345230103,0.8912000060081482,0.6740000247955322,-457.9161071777344,-331.7799987792969,-205.8946990966797,90.0,466.4078063964844,h
123.42189025878906,32.98279571533203,3.9606382846832275,0.09778353571891785,0.056023187935352325,-27.576875686645508,-19.232473373413086,-4.3667449951171875,37.325897216796875,273.49090576171875,h
22.139673233032227,10.552366256713867,2.65860915184021,0.47939446568489075,0.2626470923423767,2.79518461227417,16.17420196533203,5.14082145690918,14.051251411437988,111.79869842529297,h
62.296539306640625,14.008811950683594,2.967454671859741,0.23695804178714752,0.1453557312488556,105.77469635009766,41.39582061767578,12.386544227600098,72.0716323852539,200.7549285888672,h
59.979652404785156,31.990060806274414,3.0225274562835693,0.31903180480003357,0.18646419048309326,-84.34256744384766,1.4887301921844482,-13.303349494934082,5.3095526695251465,263.3552551269531,h
334.177001953125,228.0384979248047,5.179500102996826,0.013100000098347664,0.0007999999797903001,575.24072265625,231.4459991455078,-205.8946990966797,90.0,5.74560022354126,h
334.177001953125,228.0384979248047,1.9413000345230103,0.013100000098347664,0.6740000247955322,-457.9161071777344,-331.7799987792969,-205.8946990966797,0.0,5.74560022354126,h
127.54467010498047,51.50342559814453,2.920841693878174,0.3094615340232849,0.19351060688495636,-158.4149932861328,-45.384342193603516,69.78301239013672,32.693458557128906,304.7989501953125,h
31.886890411376953,14.95075511932373,2.760139226913452,0.741120457649231,0.5301975011825562,18.644798278808594,41.82080078125,1.4138391017913818,76.15616607666016,276.6312561035156,h
13.916182518005371,6.958422660827637,2.5376882553100586,0.617728590965271,0.31397151947021484,1.5408525466918945,-14.494227409362793,8.534297943115234,81.76615905761719,208.3017578125,h
87.42102813720703,96.29698944091797,3.422353744506836,0.17430759966373444,0.09843853116035461,-47.133575439453125,80.7496109008789,65.28976440429688,7.718839168548584,237.74224853515625,h
65.74146270751953,16.631694793701172,2.6864991188049316,0.3840070962905884,0.20409086346626282,50.705970764160156,21.957942962646484,-19.16128158569336,77.97880554199219,167.22537231445312,h
91.24449920654297,30.262351989746094,3.2133941650390625,0.1927773505449295,0.12763307988643646,-13.812724113464355,-16.366512298583984,-13.746928215026855,6.736324787139893,218.11997985839844,h
334.177001953125,228.0384979248047,5.179500102996826,0.013100000098347664,0.0007999999797903001,575.24072265625,-331.7799987792969,179.8509979248047,90.0,5.74560022354126,h
74.37203216552734,18.691242218017578,2.9779675006866455,0.37897345423698425,0.23311159014701843,14.842997550964355,-3.341738700866699,17.038434982299805,15.500198364257812,242.76573181152344,h
334.177001953125,228.0384979248047,5.179500102996826,0.013100000098347664,0.0007999999797903001,-457.9161071777344,231.4459991455078,179.8509979248047,90.0,5.74560022354126,h
334.177001953125,228.0384979248047,5.179500102996826,0.8912000060081482,0.6740000247955322,-457.9161071777344,-331.7799987792969,-205.8946990966797,90.0,5.74560022354126,h
334.177001953125,228.0384979248047,5.179500102996826,0.013100000098347664,0.6740000247955322,-457.9161071777344,-331.7799987792969,-205.8946990966797,90.0,5.74560022354126,h
67.82134246826172,34.81603240966797,3.425210475921631,0.1585899144411087,0.10126873850822449,-4.2145185470581055,65.55032348632812,22.08621597290039,57.258785247802734,86.28550720214844,h
134.5186004638672,72.20479583740234,3.780822515487671,0.10837649554014206,0.0449124239385128,-37.23897171020508,29.989444732666016,48.819297790527344,4.164202690124512,331.5156555175781,h
7.239393711090088,18.685623168945312,1.9413000345230103,0.7003951668739319,0.3210824131965637,-22.489688873291016,-16.67333221435547,13.159059524536133,48.705142974853516,27.762969970703125,h
136.0684051513672,116.28758239746094,3.4310672283172607,0.04991960525512695,0.03868418186903,-5.896087169647217,38.64883804321289,103.1459732055664,26.61652374267578,217.5813751220703,h
7.297210693359375,12.672445297241211,1.998240351676941,0.799282431602478,0.41805437207221985,18.757322311401367,11.160375595092773,5.627662181854248,58.1797981262207,68.99507141113281,h
20.490489959716797,12.593477249145508,2.5222387313842773,0.5546213388442993,0.2838500738143921,4.628835201263428,-0.0005291151464916766,14.039629936218262,88.4701156616211,119.87494659423828,h
20.39155387878418,12.313789367675781,2.386406421661377,0.646523118019104,0.37211740016937256,-6.440395832061768,15.621932983398438,2.66530442237854,13.450374603271484,101.80846405029297,h
334.177001953125,228.0384979248047,5.179500102996826,0.013100000098347664,0.0007999999797903001,-457.9161071777344,-331.7799987792969,-205.8946990966797,90.0,466.4078063964844,h
7.210037708282471,228.0384979248047,1.9413000345230103,0.3536050021648407,0.56512850522995,-457.9161071777344,-331.7799987792969,179.8509979248047,0.0,5.74560022354126,h
36.14741134643555,10.34769344329834,2.70223069190979,0.5018723011016846,0.2610510587692261,15.705815315246582,9.359367370605469,3.122204303741455,57.91062545776367,212.15158081054688,h
18.283952713012695,13.934174537658691,2.234611988067627,0.6065030097961426,0.2979791760444641,-2.791524648666382,-15.275932312011719,-11.800777435302734,27.2901611328125,98.01197052001953,h
34.589996337890625,16.389148712158203,2.4440219402313232,0.38245484232902527,0.2102527916431427,-8.321569442749023,-10.623428344726562,-2.3775722980499268,57.3704719543457,70.03142547607422,h
7.207900047302246,0.0,1.9413000345230103,0.8912000060081482,0.6740000247955322,-457.9161071777344,-331.7799987792969,179.8509979248047,90.0,466.4078063964844,h
41.42599868774414,8.956653594970703,2.736215829849243,0.3859204351902008,0.21618244051933289,10.883646965026855,27.861801147460938,-8.957637786865234,26.61310577392578,292.8586730957031,h
334.177001953125,228.0384979248047,5.179500102996826,0.013100000098347664,0.0007999999797903001,-457.9161071777344,-331.7799987792969,-205.8946990966797,90.0,466.4078063964844,h
7.207900047302246,0.0,5.179500102996826,0.8912000060081482,0.6740000247955322,-457.9161071777344,-331.7799987792969,-205.8946990966797,90.0,466.4078063964844,h
334.177001953125,228.0384979248047,5.179500102996826,0.013100000098347664,0.0007999999797903001,-457.9161071777344,231.4459991455078,179.8509979248047,90.0,5.74560022354126,h
40.132164001464844,17.91892433166504,2.5570476055145264,0.4308318793773651,0.2228381633758545,-107.82057189941406,-21.123743057250977,19.686237335205078,25.267322540283203,297.1202697753906,h
137.5987548828125,26.098005294799805,3.1413331031799316,0.3341127932071686,0.22933737933635712,49.909122467041016,227.2470245361328,9.532153129577637,89.99357604980469,370.8937683105469,h
127.51850891113281,59.44343948364258,3.891484498977661,0.1658559888601303,0.09808126091957092,-104.84051513671875,-33.938777923583984,50.076385498046875,11.743167877197266,334.23895263671875,h
61.18351364135742,55.656890869140625,3.456037759780884,0.22701109945774078,0.13175438344478607,-7.677560806274414,-32.408870697021484,43.274070739746094,31.861957550048828,173.12611389160156,h
334.177001953125,228.0384979248047,1.9413000345230103,0.013100000098347664,0.11917165666818619,-457.9161071777344,-331.7799987792969,179.8509979248047,0.0,5.74560022354126,h
334.177001953125,228.0384979248047,5.179500102996826,0.013100000098347664,0.0007999999797903001,575.24072265625,231.4459991455078,-205.8946990966797,90.0,5.74560022354126,h
25.03836441040039,10.956469535827637,2.626068353652954,0.5962093472480774,0.3438854217529297,8.88491153717041,11.438161849975586,-4.813499927520752,21.427515029907227,143.0169219970703,h
334.177001953125,228.0384979248047,5.179500102996826,0.013100000098347664,0.0007999999797903001,575.24072265625,231.4459991455078,-205.8946990966797,90.0,5.74560022354126,h
21.307079315185547,9.615707397460938,2.330122709274292,0.7150991559028625,0.39357608556747437,13.688193321228027,19.18144416809082,-8.881534576416016,65.89136505126953,192.48941040039062,h
7.207900047302246,0.0,1.9413000345230103,0.8912000060081482,0.6740000247955322,-457.9161071777344,-331.7799987792969,179.8509979248047,90.0,466.4078063964844,h
20.495464324951172,16.677471160888672,2.647538661956787,0.36853912472724915,0.20303715765476227,2.895051956176758,11.077985763549805,12.667224884033203,84.67861938476562,243.76046752929688,h
20.268657684326172,8.925674438476562,2.4776315689086914,0.6588208079338074,0.4032512903213501,-32.38904571533203,-18.99090003967285,-14.928783416748047,85.3564224243164,160.47711181640625,h
12.924492835998535,7.212103843688965,2.139855146408081,0.8162593245506287,0.5504792332649231,18.789840698242188,13.823677062988281,2.149705171585083,24.368541717529297,224.4033660888672,h
91.51432800292969,19.48639488220215,2.616580009460449,0.4117994010448456,0.2030860334634781,72.69182586669922,99.09672546386719,-20.13235092163086,49.656986236572266,101.87704467773438,h
7.207900047302246,0.0,5.179500102996826,0.8912000060081482,0.6740000247955322,-457.9161071777344,-331.7799987792969,179.8509979248047,90.0,5.74560022354126,h
248.35719299316406,67.57213592529297,3.8456389904022217,0.14064402878284454,0.06940510123968124,-202.91424560546875,-149.2332305908203,87.41455841064453,49.03184127807617,307.4144287109375,h
334.177001953125,228.0384979248047,5.179500102996826,0.013100000098347664,0.0007999999797903001,-457.9161071777344,-331.7799987792969,-205.8946990966797,90.0,466.4078063964844,h
23.138141632080078,11.83304214477539,2.9426286220550537,0.45734620094299316,0.2525394856929779,11.312243461608887,25.555267333984375,11.582314491271973,13.38432502746582,224.5973663330078,h
134.51844787597656,49.06910705566406,3.0356743335723877,0.19889357686042786,0.10882474482059479,16.328723907470703,177.08917236328125,5.437670707702637,39.61635208129883,196.66116333007812,h
319.3309020996094,226.05209350585938,5.179466724395752,0.013100000098347664,0.0007999999797903001,-221.75303649902344,226.65696716308594,177.8409881591797,59.676048278808594,26.682037353515625,h
334.177001953125,228.0384979248047,5.179500102996826,0.013100000098347664,0.0007999999797903001,575.24072265625,231.4459991455078,-205.8946990966797,90.0,5.74560022354126,h
334.177001953125,228.0384979248047,5.179500102996826,0.013100000098347664,0.0007999999797903001,575.24072265625,231.4459991455078,-205.8946990966797,90.0,466.4078063964844,h
334.177001953125,228.0384979248047,5.179500102996826,0.013100000098347664,0.0007999999797903001,575.24072265625,231.4459991455078,179.8509979248047,2.8970294806640595e-05,5.74560022354126,h
334.177001953125,228.0384979248047,5.179500102996826,0.013100000098347664,0.0007999999797903001,-457.9161071777344,-331.7799987792969,179.8509979248047,90.0,466.4078063964844,h
192.86001586914062,46.61386489868164,3.138794183731079,0.36455926299095154,0.2178175300359726,-116.94802856445312,30.915128707885742,-45.73534393310547,17.85411262512207,305.18994140625,h
334.177001953125,228.0384979248047,5.179500102996826,0.013100000098347664,0.0007999999797903001,-457.9161071777344,-331.7799987792969,179.8509979248047,90.0,466.33349609375,h
334.177001953125,228.0384979248047,5.179500102996826,0.013100000098347664,0.0007999999797903001,-457.9161071777344,-331.7799987792969,179.8509979248047,90.0,466.4078063964844,h
31.091007232666016,8.127449989318848,2.6905033588409424,0.5292288064956665,0.2691304683685303,6.737368583679199,-22.69121551513672,9.04616641998291,76.60511779785156,217.82228088378906,h
17.380672454833984,8.491249084472656,2.492271661758423,0.8258677124977112,0.6706032156944275,-23.704456329345703,-9.928977012634277,9.767393112182617,14.014445304870605,158.5937957763672,h
334.177001953125,228.0384979248047,5.179500102996826,0.013100000098347664,0.0007999999797903001,575.24072265625,231.4459991455078,179.8509979248047,90.0,5.74560022354126,h
94.95732116699219,37.1485595703125,3.3447325229644775,0.19969120621681213,0.13013368844985962,-95.2015380859375,-29.415292739868164,-18.423219680786133,84.40591430664062,194.38961791992188,h
49.82694625854492,19.2447509765625,2.7531747817993164,0.26407188177108765,0.14082269370555878,-48.670841217041016,-7.999509811401367,10.887295722961426,31.357744216918945,182.38624572753906,h
39.75742721557617,26.32367515563965,2.8468053340911865,0.34486737847328186,0.19411659240722656,19.63327980041504,39.02181625366211,-22.514860153198242,64.38894653320312,80.99552917480469,h
101.12869262695312,44.97220993041992,4.234866619110107,0.0591391958296299,0.03317742422223091,13.83666706085205,25.477073669433594,10.094932556152344,75.24454498291016,240.22608947753906,h
334.177001953125,0.0,1.9413000345230103,0.8912000060081482,0.6740000247955322,575.24072265625,231.4459991455078,-205.8946990966797,90.0,5.74560022354126,h
26.429290771484375,19.24769401550293,2.598064661026001,0.359536349773407,0.20005765557289124,3.560737371444702,15.86102294921875,6.226001739501953,15.972688674926758,153.6823272705078,h
16.32289695739746,8.853338241577148,2.4975016117095947,0.6193510890007019,0.39099249243736267,-17.845603942871094,-4.654325485229492,-2.4000496864318848,62.953060150146484,187.78451538085938,h
18.76934242248535,19.685775756835938,2.3234403133392334,0.4343286156654358,0.24569930136203766,15.053446769714355,8.788492202758789,-4.998195648193359,62.30644226074219,240.12771606445312,h
9.618680000305176,10.002496719360352,1.9439109563827515,0.8130224347114563,0.4040701389312744,-8.356576919555664,12.637571334838867,-2.6281087398529053,83.19114685058594,269.0282287597656,h
7.208220481872559,228.0384979248047,1.9413000345230103,0.8912000060081482,0.6740000247955322,-457.9161071777344,-331.7799987792969,179.8509979248047,0.0,5.74560022354126,h
7.207900047302246,0.0,1.9413000345230103,0.8912000060081482,0.6740000247955322,-457.9161071777344,-331.7799987792969,179.8509979248047,0.0,466.4078063964844,h
21.63873291015625,0.004102783743292093,2.2608253955841064,0.7155417203903198,0.34602800011634827,12.908761978149414,22.561187744140625,5.98576545715332,28.855491638183594,188.38751220703125,h
334.177001953125,228.0384979248047,5.179500102996826,0.013100000098347664,0.0007999999797903001,575.24072265625,231.4459991455078,179.8509979248047,90.0,466.4078063964844,h
334.177001953125,228.0384979248047,5.179500102996826,0.013100000098347664,0.0007999999797903001,575.24072265625,231.4459991455078,179.8509979248047,90.0,5.74560022354126,h
334.177001953125,228.0384979248047,5.179500102996826,0.013100000098347664,0.0007999999797903001,-457.9161071777344,-331.7799987792969,179.8509979248047,90.0,218.0184326171875,h
29.58976173400879,17.043920516967773,2.658905267715454,0.34053388237953186,0.17805561423301697,0.4896392226219177,21.09654998779297,6.346235275268555,18.43206214904785,216.7484893798828,h
334.177001953125,228.0384979248047,5.179500102996826,0.013100000098347664,0.0007999999797903001,575.24072265625,231.4459991455078,179.8509979248047,90.0,5.74560022354126,h
334.177001953125,228.0384979248047,5.179500102996826,0.013100000098347664,0.0007999999797903001,575.24072265625,231.4459991455078,-205.8946990966797,90.0,5.74560022354126,h
334.177001953125,228.0384979248047,5.179500102996826,0.013100000098347664,0.0007999999797903001,575.24072265625,231.4459991455078,-205.8946990966797,90.0,466.4078063964844,h
334.177001953125,228.0384979248047,1.9413000345230103,0.013100000098347664,0.6740000247955322,-457.9161071777344,-331.7799987792969,-205.8946990966797,0.0,5.74560022354126,h
7.207900047302246,25.314496994018555,1.9413000345230103,0.8222566246986389,0.4148879647254944,-10.742222785949707,-18.56825828552246,170.13377380371094,66.88521575927734,240.6703643798828,h
35.418479919433594,5.6123576164245605,2.447098970413208,0.5814115405082703,0.3318920433521271,45.08586120605469,19.901891708374023,-0.28634896874427795,38.227088928222656,258.3528137207031,h
334.177001953125,228.0384979248047,5.179500102996826,0.013100000098347664,0.0007999999797903001,575.24072265625,231.4459991455078,-205.8946990966797,90.0,5.74560022354126,h
7.207900047302246,15.951729774475098,1.9413000345230103,0.5448604226112366,0.1933937668800354,15.220858573913574,-111.84535217285156,31.274980545043945,0.0,5.759969711303711,h
334.177001953125,228.0384979248047,1.9413000345230103,0.013100000098347664,0.6740000247955322,-457.9161071777344,-331.7799987792969,-205.8946990966797,0.0,5.74560022354126,h
7.207900047302246,0.0,1.9413000345230103,0.8912000060081482,0.6740000247955322,575.24072265625,-331.7799987792969,179.8509979248047,90.0,5.74560022354126,h
252.00633239746094,220.4472198486328,5.160338401794434,0.013768119737505913,0.002716712187975645,-332.0767517089844,-310.6031188964844,-118.89794921875,75.89412689208984,424.44622802734375,h
334.177001953125,228.0384979248047,5.179500102996826,0.013100000098347664,0.0007999999797903001,-457.9161071777344,-331.7799987792969,179.8509979248047,90.0,5.74560022354126,h
194.29884338378906,165.07809448242188,4.107397556304932,0.06724987179040909,0.035880982875823975,12.44575023651123,-122.45884704589844,-169.0354461669922,80.7275619506836,240.51930236816406,h
334.177001953125,228.0384979248047,5.179500102996826,0.013100000098347664,0.0007999999797903001,575.24072265625,-331.7799987792969,179.8509979248047,90.0,5.74560022354126,h
7.207900047302246,0.0,1.9413000345230103,0.8912000060081482,0.6740000247955322,-456.6854248046875,-271.4638977050781,-165.37808227539062,4.3266425132751465,5.74560022354126,h
334.177001953125,228.0384979248047,5.179500102996826,0.013100000098347664,0.0007999999797903001,-457.9161071777344,-331.7799987792969,-205.8946990966797,90.0,466.4078063964844,h
57.75242614746094,16.631227493286133,2.70504093170166,0.24209992587566376,0.12310347706079483,27.268293380737305,-41.74065017700195,-9.46898365020752,58.60740280151367,195.72975158691406,h
81.96459197998047,24.18573760986328,3.1319408416748047,0.2160874754190445,0.14168275892734528,-30.57098388671875,74.44103240966797,13.740132331848145,7.353782653808594,264.1015930175781,h
334.177001953125,228.0384979248047,5.179500102996826,0.013100000098347664,0.0007999999797903001,575.24072265625,231.4459991455078,-205.8946990966797,90.0,466.4078063964844,h
334.177001953125,228.0384979248047,5.179500102996826,0.013100000098347664,0.0007999999797903001,-455.809814453125,-331.7799987792969,179.8509979248047,90.0,349.3223876953125,h
334.177001953125,228.0384979248047,5.179500102996826,0.013100000098347664,0.0007999999797903001,575.24072265625,231.4459991455078,-205.8946990966797,90.0,466.4078063964844,h
101.81766510009766,63.27064514160156,4.017341136932373,0.09177985787391663,0.03932402655482292,-34.17939758300781,75.58197021484375,22.269407272338867,34.11472702026367,281.8706359863281,h
63.72341537475586,18.928386688232422,2.734015941619873,0.2884630858898163,0.1698988378047943,-87.37260437011719,19.012142181396484,10.156737327575684,22.635507583618164,154.63465881347656,h
334.177001953125,228.0384979248047,5.179500102996826,0.013100000098347664,0.0007999999797903001,575.24072265625,231.4459991455078,-205.8946990966797,90.0,5.74560022354126,h
333.718017578125,227.9265594482422,5.179500102996826,0.013100000098347664,0.0007999999797903001,575.24072265625,231.4459991455078,171.44833374023438,75.1559829711914,6.3626837730407715,h
58.760189056396484,32.1545524597168,3.579272747039795,0.14250943064689636,0.08480053395032883,-120.5425796508789,-31.226675033569336,-15.861224174499512,8.811241149902344,300.5036315917969,h
219.95872497558594,224.79910278320312,4.85075044631958,0.025463826954364777,0.007306099869310856,-37.44648742675781,-230.1068115234375,-203.66444396972656,53.95174026489258,235.17677307128906,h
21.019630432128906,228.0384979248047,1.9413000345230103,0.8910120725631714,0.6740000247955322,-457.9161071777344,-331.7799987792969,179.8509979248047,0.0,5.74560022354126,h
11.884625434875488,5.35415506362915,2.305513858795166,0.8181156516075134,0.4600517749786377,-3.690134286880493,-17.774635314941406,-10.565255165100098,89.88426208496094,179.40658569335938,h
196.41995239257812,82.23797607421875,2.7184743881225586,0.436799556016922,0.29455074667930603,-80.87450408935547,-169.81776428222656,24.67017936706543,23.550662994384766,159.92681884765625,h
7.332616329193115,19.03476905822754,1.9413000345230103,0.46727055311203003,0.25775766372680664,-65.84207916259766,-291.9214782714844,10.113062858581543,0.0,6.302611827850342,h
334.177001953125,228.0384979248047,1.9413000345230103,0.8912000060081482,0.6740000247955322,-457.9161071777344,-331.7799987792969,179.8509979248047,0.0,5.74560022354126,h
45.09925842285156,21.9598388671875,2.727411985397339,0.3447224497795105,0.20005610585212708,82.10345458984375,32.49442672729492,-4.6002912521362305,32.418827056884766,130.1710968017578,h
153.18557739257812,74.1702651977539,3.3443603515625,0.16048109531402588,0.09395377337932587,-35.34687042236328,-124.57801055908203,-59.169166564941406,81.79574584960938,233.38829040527344,h
334.177001953125,228.0384979248047,5.179500102996826,0.013100000098347664,0.0007999999797903001,575.24072265625,231.4459991455078,179.8509979248047,90.0,5.74560022354126,h
41.20716094970703,10.334996223449707,2.274792432785034,0.5024936199188232,0.389000803232193,26.375770568847656,34.71277618408203,4.045677661895752,3.168196439743042,141.4508819580078,h
334.177001953125,228.0384979248047,5.179500102996826,0.013100000098347664,0.0007999999797903001,575.24072265625,231.4459991455078,-205.8946990966797,90.0,5.74560022354126,h
28.450443267822266,6.90788459777832,2.597848653793335,0.4688499867916107,0.3095930814743042,-17.85465431213379,25.039974212646484,8.0580415725708,18.179059982299805,216.59310913085938,h
70.91767120361328,36.1435661315918,2.7755486965179443,0.3326435685157776,0.18643775582313538,44.824501037597656,81.55343627929688,-17.021202087402344,23.549898147583008,184.67613220214844,h
57.2433967590332,17.206714630126953,2.775761842727661,0.31258881092071533,0.15832529962062836,-6.338028907775879,14.608807563781738,15.24826717376709,17.417034149169922,203.77215576171875,h
333.4413146972656,227.52923583984375,5.179500102996826,0.013100000098347664,0.0007999999797903001,28.476505279541016,-208.8926544189453,159.93431091308594,90.0,321.33544921875,h
24.941225051879883,17.529916763305664,2.5652267932891846,0.5720495581626892,0.3164941072463989,19.169727325439453,12.15404987335205,-8.116595268249512,20.57301902770996,169.49647521972656,h
276.0459899902344,228.0384979248047,1.9413000345230103,0.013100000098347664,0.0007999999797903001,-457.9161071777344,-331.7799987792969,179.8509979248047,0.0,5.74560022354126,h
103.59407806396484,44.76597213745117,3.3675220012664795,0.21493296325206757,0.14553451538085938,-90.51911163330078,-114.28105163574219,28.389753341674805,14.962910652160645,285.88726806640625,h
334.177001953125,228.0384979248047,5.179500102996826,0.013100000098347664,0.0007999999797903001,-457.9161071777344,-331.7799987792969,-205.8946990966797,90.0,180.63580322265625,h
137.29986572265625,178.62039184570312,4.421692848205566,0.09280069172382355,0.04531972482800484,-206.95863342285156,79.95355987548828,-202.63270568847656,88.08512115478516,312.0577392578125,h
109.43788146972656,32.46503448486328,3.083381414413452,0.2800692021846771,0.1804109662771225,-135.97198486328125,-114.47850036621094,20.220943450927734,55.643428802490234,330.4532470703125,h
16.67981719970703,7.460529804229736,2.526124954223633,0.7954692840576172,0.42362701892852783,-0.2671452760696411,7.581072807312012,-9.322171211242676,73.8052749633789,205.1988067626953,h
63.79319381713867,30.810636520385742,3.3050084114074707,0.13457340002059937,0.07347764819860458,-33.905601501464844,40.592960357666016,7.8432698249816895,28.593040466308594,125.05830383300781,h
334.177001953125,228.0384979248047,1.9413000345230103,0.013100000098347664,0.0007999999797903001,-457.9161071777344,-331.7799987792969,-205.8946990966797,0.0,5.74560022354126,h
334.177001953125,228.0384979248047,5.179500102996826,0.013100000098347664,0.0007999999797903001,575.24072265625,231.4459991455078,-205.8946990966797,78.09258270263672,5.74560022354126,h
334.177001953125,228.0384979248047,5.179500102996826,0.013100000098347664,0.0007999999797903001,575.24072265625,231.4459991455078,-205.8946990966797,90.0,5.74560022354126,h
334.177001953125,228.0384979248047,5.179500102996826,0.013100000098347664,0.0007999999797903001,-457.9161071777344,-331.7799987792969,-205.8946990966797,90.0,466.4078063964844,h
334.177001953125,228.0384979248047,5.179500102996826,0.013100000098347664,0.0007999999797903001,-457.9161071777344,-331.7799987792969,-205.8946990966797,90.0,466.4078063964844,h
48.63307189941406,26.167524337768555,2.972330093383789,0.22692465782165527,0.09280172735452652,-18.500226974487305,-59.60602951049805,-13.385358810424805,42.334449768066406,67.83393859863281,h
148.86276245117188,24.66282081604004,2.6581356525421143,0.3490596413612366,0.2047172337770462,-108.64422607421875,19.766761779785156,15.679557800292969,5.261923313140869,306.2666931152344,h
334.177001953125,228.0384979248047,5.179500102996826,0.013100000098347664,0.0007999999797903001,-457.9161071777344,-331.7799987792969,-205.8946990966797,90.0,466.4078063964844,h
199.00218200683594,86.79251098632812,3.8930792808532715,0.13986101746559143,0.07405270636081696,474.3968811035156,-136.44912719726562,-134.85858154296875,71.29927062988281,391.8774719238281,h
334.177001953125,228.0384979248047,5.179500102996826,0.013100000098347664,0.0007999999797903001,-457.9161071777344,231.4459991455078,-205.8946990966797,0.0,5.74560022354126,h
7.207900047302246,0.0,5.179500102996826,0.8912000060081482,0.6740000247955322,-457.9161071777344,231.4459991455078,-205.8946990966797,90.0,466.4078063964844,h
334.177001953125,228.0384979248047,5.179500102996826,0.013100000098347664,0.0007999999797903001,575.24072265625,19.04891586303711,-205.8946990966797,90.0,466.4078063964844,h
334.177001953125,228.0384979248047,5.179500102996826,0.013100000098347664,0.0007999999797903001,575.24072265625,231.4459991455078,179.8509979248047,0.0,5.74560022354126,h
278.52227783203125,187.72813415527344,2.953625440597534,0.25027018785476685,0.1341535598039627,-256.01910400390625,-197.56494140625,138.1984405517578,3.5944395065307617,266.0402526855469,h
168.75814819335938,50.51319885253906,3.1898601055145264,0.34346359968185425,0.14558860659599304,-199.4033203125,-146.00692749023438,-8.783804893493652,35.772300720214844,149.65121459960938,h
23.756101608276367,13.559775352478027,2.510990619659424,0.38116002082824707,0.23867526650428772,-14.9257173538208,13.412074089050293,9.576184272766113,4.169760227203369,235.06243896484375,h
334.177001953125,228.0384979248047,5.179500102996826,0.013100000098347664,0.0007999999797903001,-457.9161071777344,-331.7799987792969,179.8509979248047,90.0,466.4078063964844,h
7.207900047302246,0.0,1.9413000345230103,0.8912000060081482,0.6740000247955322,-457.9161071777344,-331.7799987792969,179.8509979248047,0.0,5.74560022354126,h
186.01583862304688,79.69667053222656,3.218471050262451,0.23060356080532074,0.11512503027915955,-100.03630828857422,-151.58905029296875,72.27941131591797,23.008895874023438,221.2282257080078,h
38.41905975341797,16.284711837768555,2.544919013977051,0.4701912999153137,0.23629321157932281,25.65607261657715,27.057647705078125,12.698128700256348,32.693912506103516,253.94993591308594,h
334.177001953125,18.87265968322754,5.179500102996826,0.013100000098347664,0.0007999999797903001,-457.9161071777344,-331.7799987792969,179.8509979248047,90.0,5.74560022354126,h
334.177001953125,228.0384979248047,5.179500102996826,0.013100000098347664,0.0007999999797903001,575.24072265625,231.4459991455078,-205.8946990966797,90.0,5.74560022354126,h
26.859853744506836,17.961488723754883,2.617978572845459,0.4280030429363251,0.20900458097457886,2.014529228210449,3.761327028274536,8.649744987487793,73.85221862792969,219.94772338867188,h
334.177001953125,228.0384979248047,5.179500102996826,0.013100000098347664,0.0007999999797903001,-457.9161071777344,-331.7799987792969,179.8509979248047,90.0,5.74560022354126,h
29.474451065063477,17.371835708618164,3.004624605178833,0.2794691026210785,0.14941588044166565,-31.67095184326172,21.4614200592041,10.489688873291016,8.514250755310059,257.1890563964844,h
334.177001953125,228.0384979248047,5.179500102996826,0.013100000098347664,0.0007999999797903001,-457.9161071777344,-331.7799987792969,179.8509979248047,90.0,466.4078063964844,h
334.177001953125,228.0384979248047,5.179500102996826,0.013100000098347664,0.0007999999797903001,-457.9161071777344,231.4459991455078,-205.8946990966797,90.0,466.4078063964844,h
306.06048583984375,92.5924301147461,4.203638553619385,0.036844030022621155,0.014210382476449013,-375.5796813964844,-324.91998291015625,-84.42713928222656,9.207015037536621,36.63138961791992,h
334.177001953125,228.0384979248047,5.179500102996826,0.013100000098347664,0.0007999999797903001,575.24072265625,231.4459991455078,179.8509979248047,90.0,466.4078063964844,h
75.07335662841797,20.1486759185791,2.8403091430664062,0.2868003845214844,0.15021555125713348,16.336048126220703,83.40081787109375,-25.60442352294922,71.11194610595703,269.73077392578125,h
334.177001953125,228.0384979248047,5.179500102996826,0.013100000098347664,0.0007999999797903001,-457.9161071777344,-331.7799987792969,179.8509979248047,89.99979400634766,394.8916320800781,h
334.177001953125,228.0384979248047,5.179500102996826,0.013100000098347664,0.0007999999797903001,575.24072265625,231.4459991455078,-205.8946990966797,90.0,5.74560022354126,h
334.177001953125,228.0384979248047,5.179500102996826,0.013100000098347664,0.0007999999797903001,-457.9161071777344,-331.7799987792969,179.8509979248047,90.0,466.4078063964844,h
7.207900047302246,0.0,5.179500102996826,0.8912000060081482,0.6740000247955322,-457.9161071777344,-331.7799987792969,179.8509979248047,90.0,5.74560022354126,h
334.177001953125,228.0384979248047,5.179500102996826,0.013100000098347664,0.0007999999797903001,-457.9161071777344,-331.7799987792969,179.8509979248047,90.0,5.74560022354126,h
155.64517211914062,23.47291374206543,3.0557515621185303,0.16878072917461395,0.09905198961496353,193.2545623779297,-108.6944808959961,6.151604175567627,47.19078826904297,94.70652770996094,h
334.177001953125,228.0384979248047,5.179500102996826,0.013100000098347664,0.0007999999797903001,575.24072265625,-331.7799987792969,-205.8946990966797,90.0,466.4078063964844,h
334.177001953125,228.0384979248047,5.179500102996826,0.013100000098347664,0.0007999999797903001,-457.9161071777344,-331.7799987792969,179.8509979248047,89.997802734375,251.90109252929688,h
334.177001953125,228.0384979248047,5.179500102996826,0.013100000098347664,0.0007999999797903001,-457.9161071777344,-331.7799987792969,-205.8946990966797,90.0,466.4078063964844,h
41.54053497314453,7.206912517547607,2.5969645977020264,0.5952819585800171,0.3727473020553589,40.86018753051758,28.576967239379883,-3.4159512519836426,4.168346405029297,264.0693054199219,h
13.07160758972168,10.637161254882812,2.8508248329162598,0.5506323575973511,0.36891451478004456,-12.20351505279541,-7.583950996398926,7.770331382751465,64.46077728271484,178.22837829589844,h
41.1355094909668,15.560026168823242,2.8450822830200195,0.33777323365211487,0.1967039406299591,-30.617794036865234,30.770668029785156,-13.041036605834961,20.74186134338379,264.5582275390625,h
209.04212951660156,37.333499908447266,3.199073076248169,0.24460254609584808,0.15766969323158264,-141.11070251464844,-86.12735748291016,-79.62285614013672,73.80113220214844,298.857177734375,h
50.834110260009766,23.957332611083984,2.973296642303467,0.28505411744117737,0.1543434113264084,5.160808563232422,-11.660664558410645,21.299867630004883,49.38423156738281,226.89682006835938,h
56.64515686035156,23.70880126953125,2.764554738998413,0.2672668397426605,0.1344413012266159,1.5103579759597778,38.503150939941406,14.823620796203613,17.83108901977539,262.59088134765625,h
334.177001953125,228.0384979248047,1.9413000345230103,0.013100000098347664,0.6740000247955322,-457.9161071777344,-331.7799987792969,179.8509979248047,0.0,5.74560022354126,h
34.13762283325195,10.935262680053711,2.6764121055603027,0.41331443190574646,0.2271183431148529,9.859564781188965,23.349205017089844,0.0,79.23380279541016,202.9791259765625,h
7.207900047302246,0.0,1.9413000345230103,0.8912000060081482,0.6740000247955322,-457.9161071777344,-331.7799987792969,179.8509979248047,90.0,5.74560022354126,h
7.217776298522949,39.83360290527344,1.9413000345230103,0.7611732482910156,0.2820904850959778,-457.9161071777344,-331.7799987792969,179.8509979248047,0.0,10.013452529907227,h
21.859893798828125,11.995235443115234,2.4779093265533447,0.5194464325904846,0.2926919162273407,23.400558471679688,-25.932220458984375,-6.2702956199646,70.5136489868164,165.87962341308594,h
334.177001953125,228.0384979248047,5.179500102996826,0.013100000098347664,0.0007999999797903001,-457.9161071777344,-58.183509826660156,179.8509979248047,90.0,466.4078063964844,h
222.46080017089844,52.100772857666016,3.5384857654571533,0.1427229344844818,0.10531964153051376,-260.241943359375,-246.6044464111328,20.605886459350586,89.33907318115234,226.35340881347656,h
38.640262603759766,15.721628189086914,2.796438455581665,0.4341332018375397,0.289347767829895,4.510085105895996,46.043460845947266,14.152799606323242,87.99935150146484,98.02484130859375,h
7.207900047302246,0.0,1.9413000345230103,0.8912000060081482,0.6740000247955322,-457.9161071777344,-331.7799987792969,179.8509979248047,0.0,5.74560022354126,h
334.177001953125,228.0384979248047,1.9413000345230103,0.013100000098347664,0.28787344694137573,-457.9161071777344,-331.7799987792969,179.8509979248047,0.0,5.74560022354126,h
334.177001953125,228.0384979248047,5.179500102996826,0.013100000098347664,0.0007999999797903001,-457.9161071777344,-331.7799987792969,-205.8946990966797,90.0,466.4078063964844,h
334.177001953125,228.0384979248047,1.9413000345230103,0.013100000098347664,0.0007999999797903001,-457.9161071777344,-331.7799987792969,-205.8946990966797,0.0,5.74560022354126,h
334.177001953125,228.0384979248047,5.179500102996826,0.013100000098347664,0.0007999999797903001,-457.9161071777344,-331.7799987792969,179.8509979248047,90.0,298.0206298828125,h
196.46096801757812,122.09634399414062,3.8547372817993164,0.10211838781833649,0.05132431164383888,560.5419311523438,-10.107497215270996,128.0586395263672,53.79910659790039,361.68658447265625,h
334.177001953125,228.0384979248047,5.179500102996826,0.013100000098347664,0.0007999999797903001,-457.9161071777344,-331.7799987792969,-205.8946990966797,90.0,466.4078063964844,h
334.177001953125,228.0384979248047,5.179500102996826,0.013100000098347664,0.0007999999797903001,-457.9161071777344,-331.7799987792969,179.8509979248047,90.0,5.74560022354126,h
334.177001953125,228.0384979248047,1.9413000345230103,0.013100000098347664,0.6740000247955322,-457.9161071777344,-331.7799987792969,179.8509979248047,0.0,5.74560022354126,h
7.207900047302246,0.0,1.9419275522232056,0.8912000060081482,0.6740000247955322,-457.9161071777344,-331.7799987792969,179.8509979248047,90.0,5.74560022354126,h
334.177001953125,228.0384979248047,5.179500102996826,0.013100000098347664,0.0007999999797903001,-457.9161071777344,-331.7799987792969,-205.8946990966797,90.0,466.4078063964844,h
21.454391479492188,11.088218688964844,2.419856548309326,0.5204039216041565,0.2983119785785675,20.98745346069336,12.39442253112793,-9.276159286499023,39.01664352416992,170.98919677734375,h
21.00143051147461,9.256669044494629,2.360285520553589,0.5765246152877808,0.38147827982902527,23.214767456054688,7.135175704956055,7.067708969116211,52.57967758178711,195.0443572998047,h
334.177001953125,228.0384979248047,5.179500102996826,0.013100000098347664,0.0007999999797903001,575.24072265625,231.4459991455078,-205.8946990966797,90.0,5.74560022354126,h
49.84283447265625,22.655929565429688,2.8266406059265137,0.2507571280002594,0.14220041036605835,-14.781777381896973,-30.841901779174805,-8.934937477111816,10.293719291687012,91.0824966430664,h
334.177001953125,228.0384979248047,5.179500102996826,0.013100000098347664,0.0007999999797903001,575.24072265625,231.4459991455078,-205.8946990966797,90.0,5.74560022354126,h
334.177001953125,228.0384979248047,5.179500102996826,0.013100000098347664,0.0007999999797903001,575.24072265625,231.4459991455078,-205.8946990966797,90.0,5.74560022354126,h
130.1885528564453,36.99767303466797,3.4458560943603516,0.17221181094646454,0.11436644941568375,-116.64144134521484,58.81330871582031,18.746427536010742,40.2408447265625,218.3013916015625,h
36.154449462890625,24.539878845214844,3.0355985164642334,0.34689757227897644,0.21355967223644257,14.421395301818848,30.385913848876953,3.5522115230560303,88.69954681396484,115.20390319824219,h
334.177001953125,228.0384979248047,5.179500102996826,0.013100000098347664,0.0007999999797903001,-457.9161071777344,-331.7799987792969,-205.8946990966797,90.0,466.4078063964844,h
7.207900047302246,0.0,1.9413000345230103,0.8912000060081482,0.6740000247955322,-457.9161071777344,-331.7799987792969,179.8509979248047,90.0,5.74560022354126,h
49.88153076171875,11.920940399169922,2.7783093452453613,0.2944355010986328,0.14302046597003937,20.952457427978516,-13.271747589111328,9.978290557861328,10.671242713928223,220.7547607421875,h
243.32266235351562,154.44271850585938,4.224305629730225,0.07411447912454605,0.03886717930436134,95.97203826904297,-69.51654815673828,148.0780029296875,89.96338653564453,273.0321350097656,h
18.288776397705078,11.191940307617188,2.1859054565429688,0.7138347029685974,0.39741039276123047,-17.162933349609375,10.740811347961426,10.394182205200195,11.927556991577148,233.1142578125,h
30.88191795349121,0.0,2.3112246990203857,0.8106086254119873,0.5469940900802612,-4.543416976928711,14.638657569885254,11.021261215209961,6.252546787261963,242.3489532470703,h
334.177001953125,228.0384979248047,5.179500102996826,0.013100000098347664,0.0007999999797903001,-457.9161071777344,-331.7799987792969,179.8509979248047,90.0,462.2123718261719,h
334.177001953125,228.0384979248047,1.9413000345230103,0.013100000098347664,0.6740000247955322,-457.9161071777344,-331.7799987792969,-205.8946990966797,0.0,5.74560022354126,h
334.177001953125,228.0384979248047,5.179500102996826,0.013100000098347664,0.0007999999797903001,-457.9161071777344,-331.7799987792969,-205.8946990966797,90.0,466.4078063964844,h
270.1499328613281,105.87130737304688,3.5625479221343994,0.18015915155410767,0.10382335633039474,-219.8738250732422,-327.8091125488281,-59.14558792114258,37.262664794921875,384.5101318359375,h
198.06448364257812,91.55328369140625,4.209545612335205,0.07437686622142792,0.07367473840713501,-378.1053161621094,147.39013671875,30.592269897460938,22.3789005279541,233.2071990966797,h
7.207900047302246,0.0,5.179500102996826,0.8912000060081482,0.6740000247955322,-457.9161071777344,-331.7799987792969,-205.8946990966797,36.84473419189453,466.4078063964844,h
70.85614776611328,33.157318115234375,3.2657430171966553,0.17165064811706543,0.08280835300683975,36.15913391113281,65.75910186767578,-26.532188415527344,34.449867248535156,148.8939208984375,h
40.421363830566406,9.300350189208984,2.724036455154419,0.34920692443847656,0.194742351770401,36.90085220336914,17.722036361694336,4.374525547027588,42.432472229003906,175.48178100585938,h
334.177001953125,228.0384979248047,5.179500102996826,0.013100000098347664,0.0007999999797903001,-457.9161071777344,-331.7799987792969,179.8509979248047,90.0,466.4078063964844,h
334.177001953125,228.0384979248047,5.179500102996826,0.013100000098347664,0.0007999999797903001,-457.9161071777344,-331.7799987792969,179.8509979248047,90.0,464.1942138671875,h
59.791812896728516,22.51319122314453,2.9171104431152344,0.2306669056415558,0.11000515520572662,-4.482475757598877,62.664981842041016,5.682760238647461,79.48974609375,229.8517303466797,h
50.92211151123047,39.36014938354492,3.315239429473877,0.18498225510120392,0.10288707166910172,4.652446269989014,17.449678421020508,-26.21585464477539,12.938488960266113,232.53636169433594,h
89.21345520019531,23.32950210571289,2.8633711338043213,0.2703397572040558,0.15594510734081268,-51.85746383666992,-22.361127853393555,0.43549978733062744,32.124420166015625,238.0704803466797,h
27.587467193603516,17.693647384643555,2.574398994445801,0.49711161851882935,0.3053785562515259,34.993621826171875,-10.799099922180176,-7.038414478302002,36.610164642333984,109.29736328125,h
7.207900047302246,0.0,5.179500102996826,0.8912000060081482,0.6740000247955322,-457.9161071777344,-331.7799987792969,179.8509979248047,90.0,466.4078063964844,h
334.177001953125,228.0384979248047,5.179500102996826,0.013100000098347664,0.0007999999797903001,-457.9161071777344,-331.7799987792969,179.8509979248047,90.0,466.4078063964844,h
17.077543258666992,16.058589935302734,2.3552029132843018,0.46853333711624146,0.23398827016353607,12.977887153625488,21.778167724609375,7.697778701782227,54.69291305541992,189.5916748046875,h
7.207900047302246,0.0,1.9413000345230103,0.8912000060081482,0.6740000247955322,-457.9161071777344,-331.7799987792969,-205.8946990966797,0.0,5.74560022354126,h
16.206707000732422,7.226289749145508,2.6477816104888916,0.6335283517837524,0.29083821177482605,10.508877754211426,14.164522171020508,5.099859714508057,57.67053985595703,148.82923889160156,h
22.77231216430664,16.375778198242188,1.9413000345230103,0.027775805443525314,0.0008337449980899692,-457.9161071777344,-331.7799987792969,179.8509979248047,0.0,5.74560022354126,h
46.37782287597656,8.397310256958008,2.814211368560791,0.3524852991104126,0.1709749400615692,79.3315200805664,52.412445068359375,-10.711250305175781,5.162239074707031,25.32095718383789,h
334.177001953125,228.0384979248047,1.9413000345230103,0.013100000098347664,0.0007999999797903001,-457.9161071777344,-331.7799987792969,179.8509979248047,0.0,5.74560022354126,h
34.37983322143555,17.342527389526367,2.6702895164489746,0.40141797065734863,0.23156876862049103,4.179859638214111,15.018290519714355,15.149836540222168,3.7646660804748535,311.0066833496094,h
72.08446502685547,16.60626220703125,3.306342363357544,0.21677199006080627,0.12355392426252365,45.523990631103516,45.48833084106445,7.804994106292725,10.600189208984375,104.64517211914062,h
334.177001953125,228.0384979248047,5.179500102996826,0.013100000098347664,0.0007999999797903001,-457.9161071777344,-331.7799987792969,179.8509979248047,90.0,5.74560022354126,h
13.340782165527344,8.233433723449707,2.2489113807678223,0.5966267585754395,0.2977818250656128,-14.079854011535645,-1.1826372146606445,4.992358207702637,73.01459503173828,200.97369384765625,h
39.1656608581543,28.09870147705078,2.8801867961883545,0.259942889213562,0.15554553270339966,9.599827766418457,-10.328123092651367,18.397188186645508,29.889511108398438,160.68936157226562,h
29.744728088378906,16.51590347290039,2.4012506008148193,0.5382198095321655,0.2938176989555359,41.985260009765625,-7.916629791259766,9.617414474487305,14.590923309326172,202.80502319335938,h
334.177001953125,228.0384979248047,5.179500102996826,0.013100000098347664,0.0007999999797903001,-457.9161071777344,-331.7799987792969,179.8509979248047,90.0,466.4078063964844,h
334.177001953125,228.0384979248047,5.179500102996826,0.013100000098347664,0.0007999999797903001,575.24072265625,231.4459991455078,-205.8946990966797,90.0,5.74560022354126,h
334.177001953125,228.0384979248047,5.179500102996826,0.013100000098347664,0.0007999999797903001,-457.9161071777344,-331.7799987792969,179.8509979248047,90.0,5.74560022354126,h
49.996952056884766,19.413145065307617,2.7929487228393555,0.3274684250354767,0.17349447309970856,18.452486038208008,18.695768356323242,-2.479868173599243,1.565087914466858,133.8115234375,h
54.22577667236328,7.546448230743408,2.678171396255493,0.4363945424556732,0.2356446534395218,-18.390060424804688,-15.96651840209961,-9.695810317993164,39.31964874267578,211.6536865234375,h
110.4820327758789,28.161474227905273,2.8515067100524902,0.3228936791419983,0.18263891339302063,-85.0383071899414,-136.99757385253906,11.41246223449707,56.596954345703125,245.20091247558594,h
334.177001953125,228.0384979248047,5.179500102996826,0.013100000098347664,0.0007999999797903001,-457.9161071777344,-331.7799987792969,179.8509979248047,90.0,5.74560022354126,h
42.152008056640625,12.379716873168945,2.37319278717041,0.3497266173362732,0.1848594695329666,-56.78135681152344,-17.276779174804688,-5.233287811279297,63.86183547973633,128.8308563232422,h
334.177001953125,228.0384979248047,5.179500102996826,0.013100000098347664,0.0007999999797903001,-457.9161071777344,-331.7799987792969,-205.8946990966797,90.0,466.4078063964844,h
45.19198989868164,33.15182876586914,3.21156644821167,0.2102457582950592,0.10530828684568405,-12.430682182312012,14.27901554107666,-16.535015106201172,18.89119529724121,95.36250305175781,h
334.177001953125,228.0384979248047,1.9413000345230103,0.013100000098347664,0.6740000247955322,-457.9161071777344,-331.7799987792969,179.8509979248047,0.0,5.74560022354126,h
7.207900047302246,228.0384979248047,1.9413000345230103,0.8912000060081482,0.6740000247955322,-457.9161071777344,-331.7799987792969,179.8509979248047,0.0,5.74560022354126,h
334.177001953125,228.0384979248047,5.179500102996826,0.013100000098347664,0.0007999999797903001,575.24072265625,231.4459991455078,-205.8946990966797,89.28811645507812,6.153854846954346,h
330.28460693359375,228.0320587158203,4.623538017272949,0.03285481780767441,0.007669806480407715,-457.9161071777344,230.8299560546875,-205.8750457763672,88.87718200683594,224.10415649414062,h
334.177001953125,228.0384979248047,5.179500102996826,0.013100000098347664,0.0007999999797903001,-457.9161071777344,-331.7799987792969,179.8509979248047,90.0,466.4078063964844,h
334.177001953125,228.0384979248047,5.179500102996826,0.013100000098347664,0.0007999999797903001,-457.9161071777344,-331.7799987792969,179.8509979248047,90.0,466.4078063964844,h
334.177001953125,228.0384979248047,5.179500102996826,0.013100000098347664,0.0007999999797903001,-457.9161071777344,-331.7799987792969,-205.8946990966797,90.0,466.4078063964844,h
13.192673683166504,37.3635368347168,1.9413000345230103,0.36840322613716125,0.1937778890132904,-457.9161071777344,-331.7799987792969,176.1936492919922,0.0,5.847081184387207,h
7.207900047302246,0.0,1.9413000345230103,0.8912000060081482,0.6740000247955322,-457.9161071777344,-331.7799987792969,179.8509979248047,90.0,5.74560022354126,h
68.70838928222656,43.67026901245117,3.385737419128418,0.38029104471206665,0.21846389770507812,-14.099061012268066,-31.41138458251953,37.17259216308594,9.806631088256836,373.8243103027344,h
334.177001953125,228.0384979248047,5.179500102996826,0.013100000098347664,0.0007999999797903001,575.24072265625,-331.7799987792969,179.8509979248047,90.0,5.74560022354126,h
334.177001953125,228.0384979248047,5.179500102996826,0.013100000098347664,0.0007999999797903001,575.24072265625,231.4459991455078,-205.8946990966797,90.0,5.74560022354126,h
94.21845245361328,35.81558609008789,3.2413113117218018,0.2617887556552887,0.11805333197116852,14.535828590393066,28.98998260498047,-15.422658920288086,69.25222778320312,374.113037109375,h
26.50118637084961,2.701376438140869,2.3827614784240723,0.7051239609718323,0.4375545382499695,24.24970817565918,40.79265213012695,1.2469136714935303,67.94055938720703,170.3032989501953,h
140.47433471679688,22.75194549560547,3.170100212097168,0.23527905344963074,0.14984869956970215,-76.82160949707031,164.2599639892578,12.284378051757812,35.7322883605957,311.5734558105469,h
45.47733688354492,17.068281173706055,2.683745861053467,0.48828938603401184,0.24326567351818085,-12.614462852478027,20.456356048583984,18.467485427856445,80.88175201416016,235.76451110839844,h
41.57954025268555,16.789478302001953,2.4808504581451416,0.48559314012527466,0.29492872953414917,18.619260787963867,30.408674240112305,-16.520780563354492,2.9363176822662354,205.47412109375,h
334.177001953125,228.0384979248047,5.179500102996826,0.013100000098347664,0.0007999999797903001,-457.9161071777344,-331.7799987792969,-205.8946990966797,90.0,466.4078063964844,h
334.177001953125,228.0384979248047,5.179500102996826,0.013100000098347664,0.0007999999797903001,575.24072265625,231.4459991455078,-205.8946990966797,90.0,5.74560022354126,h
219.7605743408203,58.05160903930664,3.0618796348571777,0.1932504028081894,0.10219965130090714,90.30171203613281,82.79534149169922,48.78134536743164,41.4355354309082,192.5165557861328,h
334.177001953125,228.0384979248047,5.179500102996826,0.013100000098347664,0.0007999999797903001,-457.9161071777344,-331.7799987792969,179.8509979248047,90.0,466.4078063964844,h
334.177001953125,228.0384979248047,5.179500102996826,0.013100000098347664,0.0007999999797903001,575.24072265625,231.4459991455078,179.8509979248047,0.0,5.74560022354126,h
23.996112823486328,1.6758438348770142,2.5559511184692383,0.7601833343505859,0.44322478771209717,-1.6182001829147339,11.360074996948242,-8.705150604248047,62.901878356933594,125.23965454101562,h
251.47447204589844,87.87133026123047,3.3008017539978027,0.16885842382907867,0.09642133861780167,568.9791259765625,222.0659637451172,-96.16996765136719,58.78606033325195,168.45486450195312,h
7.207900047302246,0.0,1.9413000345230103,0.8912000060081482,0.6740000247955322,-457.9161071777344,-331.7799987792969,179.8509979248047,90.0,5.74560022354126,h
7.207900047302246,0.0,1.9413000345230103,0.8912000060081482,0.6740000247955322,-457.9161071777344,-331.7799987792969,179.8509979248047,90.0,5.74560022354126,h
334.177001953125,228.0384979248047,5.179500102996826,0.013100000098347664,0.0007999999797903001,575.24072265625,231.4459991455078,-205.8946990966797,90.0,5.74560022354126,h
174.39443969726562,23.9515323638916,3.0518455505371094,0.25991612672805786,0.16308309137821198,-258.879638671875,23.266294479370117,11.399950981140137,70.6259536743164,228.28448486328125,h
334.177001953125,228.0384979248047,5.179500102996826,0.013100000098347664,0.0007999999797903001,-457.9161071777344,-331.7799987792969,179.8509979248047,90.0,466.4078063964844,h
52.170162200927734,48.98759460449219,2.6687331199645996,0.32760879397392273,0.23384670913219452,-5.118475437164307,18.593202590942383,43.43218231201172,58.82255935668945,366.258056640625,h
334.177001953125,228.0384979248047,5.179500102996826,0.013100000098347664,0.0007999999797903001,575.24072265625,231.4459991455078,-205.8946990966797,90.0,5.74560022354126,h
109.66939544677734,21.170137405395508,2.8056154251098633,0.24284565448760986,0.14896182715892792,-165.19065856933594,101.76976776123047,15.039766311645508,4.183068752288818,243.93191528320312,h
38.423274993896484,14.056259155273438,2.8369462490081787,0.24524158239364624,0.12488364428281784,40.90731430053711,17.147056579589844,9.92447280883789,23.954959869384766,97.35895538330078,h
7.207900047302246,228.0384979248047,1.9413000345230103,0.013100000098347664,0.0007999999797903001,-457.9161071777344,-16.263315200805664,179.8509979248047,0.0,5.74560022354126,h
334.177001953125,228.0384979248047,5.179500102996826,0.013100000098347664,0.0007999999797903001,575.24072265625,231.4459991455078,-205.8946990966797,90.0,382.5305480957031,h
334.177001953125,228.0384979248047,1.9413000345230103,0.013100000098347664,0.6740000247955322,-457.9161071777344,-331.7799987792969,179.8509979248047,0.0,5.74560022354126,h
33.974002838134766,11.399160385131836,2.7372047901153564,0.30916640162467957,0.18492750823497772,12.938082695007324,-10.964018821716309,1.2816338539123535,27.335636138916016,118.85282135009766,h
245.5514678955078,61.61664962768555,3.475484848022461,0.22509367763996124,0.10968988388776779,-262.0692138671875,-189.40902709960938,55.167320251464844,80.94148254394531,267.5389404296875,h
334.177001953125,228.0384979248047,5.179500102996826,0.013100000098347664,0.0007999999797903001,-457.9161071777344,-331.7799987792969,-205.8946990966797,90.0,5.74560022354126,h
240.37547302246094,76.14586639404297,3.9620654582977295,0.0720352903008461,0.023161744698882103,0.16330428421497345,-227.90892028808594,24.276151657104492,79.33499145507812,77.22978210449219,h
40.59782791137695,9.416834831237793,2.5064480304718018,0.47975954413414,0.22634094953536987,-41.14134979248047,22.62063217163086,-11.793972969055176,26.78240966796875,95.74943542480469,h
103.01947784423828,65.36631774902344,3.638585090637207,0.12752987444400787,0.07754584401845932,18.012039184570312,-97.44022369384766,-49.27348709106445,80.00603485107422,357.3959045410156,h
334.177001953125,228.0384979248047,1.9413000345230103,0.8912000060081482,0.6740000247955322,-457.9161071777344,-331.7799987792969,179.8509979248047,0.0,5.74560022354126,h
8.36498737335205,9.835037231445312,1.9413000345230103,0.7738271355628967,0.4154200851917267,13.869976997375488,-49.89070129394531,-10.56385612487793,0.0,101.93437957763672,h
334.177001953125,228.0384979248047,5.179500102996826,0.013100000098347664,0.0007999999797903001,-457.9161071777344,-331.7799987792969,179.8509979248047,90.0,466.4078063964844,h
59.57124710083008,27.051441192626953,3.270282745361328,0.2753264307975769,0.15293194353580475,14.984371185302734,39.46721267700195,-6.262276649475098,24.97273063659668,371.860107421875,h
334.177001953125,228.0384979248047,5.179500102996826,0.013100000098347664,0.0007999999797903001,-457.9161071777344,-331.7799987792969,179.8509979248047,90.0,466.4078063964844,h
334.177001953125,228.0384979248047,5.179500102996826,0.013100000098347664,0.0007999999797903001,-457.9161071777344,-331.7799987792969,179.8509979248047,90.0,465.4928283691406,h
334.177001953125,228.0384979248047,5.179500102996826,0.013100000098347664,0.0007999999797903001,-457.9161071777344,-331.7799987792969,179.8509979248047,90.0,5.74560022354126,h
334.177001953125,228.0384979248047,5.179500102996826,0.013100000098347664,0.0007999999797903001,575.24072265625,231.4459991455078,-205.8946990966797,90.0,5.74560022354126,h
49.006568908691406,15.551698684692383,2.6150081157684326,0.28675398230552673,0.17498351633548737,-43.761898040771484,-27.033082962036133,-12.01413345336914,74.26119232177734,95.9579849243164,h
334.177001953125,228.0384979248047,5.179500102996826,0.013100000098347664,0.0007999999797903001,-457.9161071777344,231.4459991455078,-205.8946990966797,90.0,466.4078063964844,h
334.177001953125,228.0384979248047,5.179500102996826,0.013100000098347664,0.0007999999797903001,575.24072265625,-331.7799987792969,179.8509979248047,90.0,466.4078063964844,h
334.177001953125,228.0384979248047,5.179500102996826,0.013100000098347664,0.0007999999797903001,-457.9161071777344,-331.7799987792969,179.8509979248047,90.0,466.4078063964844,h
7.207900047302246,0.0,5.179500102996826,0.8912000060081482,0.6740000247955322,-457.9161071777344,-331.7799987792969,179.8509979248047,90.0,5.74560022354126,h
125.35271453857422,19.451128005981445,2.689943552017212,0.46217378973960876,0.2922535538673401,30.654783248901367,77.62268829345703,-11.167755126953125,4.4620208740234375,320.8455810546875,h
163.9438018798828,75.13575744628906,3.5090219974517822,0.13394813239574432,0.07091914862394333,-98.11455535888672,178.28440856933594,-64.00899505615234,47.76451110839844,346.95751953125,h
334.177001953125,228.0384979248047,5.179500102996826,0.013100000098347664,0.0007999999797903001,-457.9161071777344,-331.7799987792969,179.8509979248047,90.0,5.74560022354126,h
27.061504364013672,6.928914546966553,2.479048252105713,0.5997903347015381,0.3785116374492645,12.142256736755371,18.990489959716797,-0.6020072102546692,82.79566955566406,182.5621337890625,h
89.70659637451172,15.63162612915039,2.7125658988952637,0.3550184369087219,0.1672070324420929,-26.78119468688965,52.066383361816406,-8.065608978271484,86.51847076416016,204.3970184326172,h
74.71989440917969,26.68773651123047,2.4487528800964355,0.4278316795825958,0.26358866691589355,-52.172176361083984,-86.85693359375,11.05537223815918,23.903301239013672,251.34423828125,h
80.30086517333984,12.273344993591309,2.7892673015594482,0.4881848990917206,0.3001656234264374,16.700992584228516,40.324161529541016,8.326900482177734,4.0900444984436035,255.6217041015625,h
334.177001953125,228.0384979248047,5.179500102996826,0.013100000098347664,0.0007999999797903001,-457.9161071777344,-331.7799987792969,-205.8946990966797,90.0,466.4078063964844,h
26.069061279296875,11.664267539978027,2.671869993209839,0.6593931913375854,0.39357662200927734,-4.201023578643799,8.512517929077148,-6.260035514831543,89.06317901611328,61.21112060546875,h
334.177001953125,228.0384979248047,1.9413000345230103,0.013100000098347664,0.6740000247955322,-457.9161071777344,-331.7799987792969,-205.8946990966797,0.0,5.74560022354126,h
334.177001953125,228.0384979248047,1.9413000345230103,0.013100000098347664,0.6740000247955322,-457.9161071777344,-331.7799987792969,179.8509979248047,0.0,5.74560022354126,h
7.207900047302246,228.0384979248047,1.9413000345230103,0.8912000060081482,0.6740000247955322,575.24072265625,231.4459991455078,179.8509979248047,0.0,5.74560022354126,h
57.9356575012207,13.234758377075195,2.9944913387298584,0.26398923993110657,0.18319521844387054,35.71601104736328,41.44137191772461,-22.614038467407227,86.42263793945312,199.48231506347656,h
52.29732894897461,13.802655220031738,2.5964417457580566,0.516158401966095,0.2928784489631653,30.42218017578125,20.31898307800293,-4.401355743408203,28.319690704345703,33.01361083984375,h
94.08513641357422,33.442970275878906,3.567279577255249,0.18722006678581238,0.09039229899644852,-125.56459045410156,98.85196685791016,10.258034706115723,8.48136043548584,213.93954467773438,h
334.177001953125,228.0384979248047,5.179500102996826,0.013100000098347664,0.0007999999797903001,-457.9161071777344,-331.7799987792969,-205.8946990966797,90.0,466.4078063964844,h
334.177001953125,228.0384979248047,1.9413000345230103,0.013100000098347664,0.6740000247955322,-457.9161071777344,-331.7799987792969,-205.8946990966797,0.0,5.74560022354126,h
334.177001953125,228.0384979248047,5.179500102996826,0.013100000098347664,0.0007999999797903001,-457.9161071777344,-331.7799987792969,179.8509979248047,90.0,5.74560022354126,h
30.705869674682617,20.903589248657227,2.849862575531006,0.2967035174369812,0.1671423465013504,68.06208038330078,6.255017280578613,35.265480041503906,15.177915573120117,132.64930725097656,h
18.888511657714844,9.778124809265137,2.1512420177459717,0.7383282780647278,0.3830792009830475,-15.691052436828613,-17.51580810546875,-13.8544340133667,50.229026794433594,114.46836853027344,h
170.45773315429688,79.5135726928711,3.6879429817199707,0.046571288257837296,0.029723532497882843,-265.2501525878906,96.71199798583984,-11.416571617126465,9.46158504486084,309.503662109375,h
7.207900047302246,0.0,5.179500102996826,0.8912000060081482,0.6740000247955322,-457.9161071777344,-331.7799987792969,-205.8946990966797,90.0,466.4078063964844,h
22.02953338623047,15.251213073730469,2.405010223388672,0.5380880236625671,0.3024027347564697,13.140324592590332,-4.953157424926758,5.8291826248168945,83.62653350830078,196.2079620361328,h
7.207900047302246,228.0384979248047,5.179500102996826,0.8912000060081482,0.6740000247955322,-457.9161071777344,231.4459991455078,-205.8946990966797,90.0,466.4078063964844,h
334.177001953125,228.0384979248047,5.179500102996826,0.013100000098347664,0.0007999999797903001,-457.9161071777344,-331.7799987792969,-205.8946990966797,90.0,5.74560022354126,h
334.177001953125,228.0384979248047,5.179500102996826,0.013100000098347664,0.0007999999797903001,575.24072265625,231.4459991455078,-205.8946990966797,90.0,5.74560022354126,h
12.758874893188477,7.252808094024658,1.9413000345230103,0.6138173937797546,0.28912484645843506,45.041099548339844,-21.41288185119629,-13.400995254516602,0.0,195.75729370117188,h
35.31409454345703,17.51382064819336,2.529055118560791,0.38184139132499695,0.19278723001480103,0.5291431546211243,-20.692541122436523,-3.7705044746398926,39.35146713256836,233.3047332763672,h
33.710853576660156,228.0384979248047,1.9413000345230103,0.013100000098347664,0.007381046190857887,-457.9161071777344,-331.7799987792969,179.8509979248047,0.0,5.74560022354126,h
150.75498962402344,85.94490051269531,3.8289408683776855,0.09899811446666718,0.054887622594833374,97.72128295898438,135.1870574951172,-84.75988006591797,21.7841854095459,250.11361694335938,h
334.177001953125,228.0384979248047,1.9413000345230103,0.013100000098347664,0.6740000247955322,-457.9161071777344,-331.7799987792969,-205.8946990966797,0.0,5.74560022354126,h
106.0958480834961,26.40414810180664,3.3746256828308105,0.18405528366565704,0.10103444010019302,-227.26622009277344,-13.44501781463623,13.60247802734375,52.22993469238281,229.57513427734375,h
334.177001953125,228.0384979248047,5.179500102996826,0.013100000098347664,0.0007999999797903001,-457.9161071777344,-331.7799987792969,179.8509979248047,90.0,466.4078063964844,h
334.177001953125,228.0384979248047,5.179500102996826,0.013100000098347664,0.0007999999797903001,575.24072265625,231.4459991455078,179.8509979248047,90.0,5.74560022354126,h
334.177001953125,228.0384979248047,5.179500102996826,0.013100000098347664,0.0007999999797903001,575.24072265625,231.4459991455078,-205.8946990966797,90.0,466.4078063964844,h
7.207900047302246,0.0,1.9413000345230103,0.8912000060081482,0.6740000247955322,-457.9161071777344,-331.7799987792969,179.8509979248047,90.0,5.74560022354126,h
28.227764129638672,2.831526041030884,2.3639519214630127,0.7472067475318909,0.4091126024723053,12.583422660827637,13.320350646972656,-6.936763286590576,61.75523376464844,221.47396850585938,h
170.57992553710938,27.047264099121094,3.2446906566619873,0.30418509244918823,0.1689290553331375,-95.85579681396484,-237.19029235839844,-12.284871101379395,2.5812337398529053,325.9501647949219,h
334.177001953125,0.0,5.179500102996826,0.013100000098347664,0.0007999999797903001,-457.9161071777344,-331.7799987792969,-205.8946990966797,90.0,5.74560022354126,h
334.177001953125,228.0384979248047,1.9413000345230103,0.013100000098347664,0.0007999999797903001,-457.9161071777344,-331.7799987792969,179.8509979248047,0.0,5.74560022354126,h
61.0662956237793,32.09975051879883,3.5166680812835693,0.18680480122566223,0.10454710572957993,-14.58209228515625,32.350914001464844,-45.5779914855957,6.965970516204834,237.32627868652344,h
9.055789947509766,0.0,1.9413164854049683,0.8912000060081482,0.6740000247955322,-339.1435546875,10.573456764221191,14.617015838623047,0.0010667596943676472,37.27082443237305,h
334.177001953125,228.0384979248047,5.179500102996826,0.013100000098347664,0.0007999999797903001,-457.9161071777344,-331.7799987792969,179.8509979248047,90.0,466.4078063964844,h
334.177001953125,228.0384979248047,5.179500102996826,0.013100000098347664,0.0007999999797903001,-457.9161071777344,-331.7799987792969,179.8509979248047,90.0,466.4078063964844,h
151.41517639160156,86.08654022216797,3.6502749919891357,0.1085667535662651,0.06461548060178757,-188.28518676757812,-136.54624938964844,-60.033042907714844,58.94211959838867,180.55560302734375,h
7.207900047302246,0.0,5.179500102996826,0.8912000060081482,0.6740000247955322,-457.9161071777344,-331.7799987792969,-205.8946990966797,90.0,466.4078063964844,h
334.177001953125,0.0,1.9413000345230103,0.8912000060081482,0.6740000247955322,-457.9161071777344,-331.7799987792969,-205.8946990966797,90.0,5.74560022354126,h
334.177001953125,228.0384979248047,5.179500102996826,0.013100000098347664,0.0007999999797903001,-457.9161071777344,-331.7799987792969,179.8509979248047,90.0,466.4078063964844,h
334.177001953125,228.0384979248047,5.179500102996826,0.013100000098347664,0.0007999999797903001,-457.9161071777344,231.4459991455078,-205.8946990966797,90.0,466.4078063964844,h
7.207900047302246,0.2987503409385681,1.9413000345230103,0.8912000060081482,0.6740000247955322,-457.9161071777344,-331.7799987792969,179.8509979248047,0.0,203.42816162109375,h
19.999286651611328,10.180044174194336,2.3237991333007812,0.6724392771720886,0.35352006554603577,17.460750579833984,10.293910026550293,-6.298250675201416,78.1525650024414,123.76119232177734,h
235.35865783691406,105.22535705566406,3.785238742828369,0.09855148941278458,0.05613149702548981,-413.4250183105469,43.60541534423828,87.66473388671875,9.931068420410156,170.0625,h
70.010498046875,40.56849670410156,3.2771341800689697,0.19822707772254944,0.12627166509628296,-98.80059814453125,75.14982604980469,-44.879150390625,7.419456958770752,279.4134216308594,h
334.177001953125,228.0384979248047,5.179500102996826,0.013100000098347664,0.0007999999797903001,575.24072265625,231.4459991455078,-205.8946990966797,90.0,5.74560022354126,h
146.1604766845703,50.75511169433594,2.8931095600128174,0.31432241201400757,0.17395809292793274,-79.46432495117188,-27.753154754638672,15.877396583557129,42.896549224853516,364.4496154785156,h
334.177001953125,228.0384979248047,5.179500102996826,0.013100000098347664,0.0007999999797903001,-457.9161071777344,-331.7799987792969,-205.8946990966797,90.0,466.4078063964844,h
20.06226921081543,9.419288635253906,2.155442953109741,0.7058968544006348,0.3769378960132599,2.226289987564087,-0.0006554510910063982,-7.048346996307373,25.320852279663086,166.6442413330078,h
22.225643157958984,8.834380149841309,2.226996421813965,0.6198080778121948,0.3331497311592102,24.151458740234375,13.343729019165039,-7.071975231170654,50.835086822509766,143.50404357910156,h
10.362459182739258,21.57757568359375,1.9413000345230103,0.5099314451217651,0.25962117314338684,47.98221206665039,-177.06076049804688,11.584972381591797,0.0,5.74560022354126,h
334.177001953125,228.0384979248047,5.179500102996826,0.013100000098347664,0.0007999999797903001,-457.9161071777344,-331.7799987792969,179.8509979248047,90.0,104.38006591796875,h
18.88172149658203,15.05775260925293,2.2461602687835693,0.5232591032981873,0.30056920647621155,-10.210948944091797,24.532052993774414,-7.140401840209961,2.2230045795440674,213.83297729492188,h
131.77725219726562,31.15673065185547,2.827880382537842,0.4155961275100708,0.2509090304374695,-208.87908935546875,-28.521577835083008,26.906749725341797,40.66425323486328,200.5850067138672,h
334.177001953125,228.0384979248047,5.179500102996826,0.013100000098347664,0.0007999999797903001,575.24072265625,231.4459991455078,-205.8946990966797,90.0,5.74560022354126,h
334.177001953125,228.0384979248047,5.179500102996826,0.013100000098347664,0.0007999999797903001,-457.9161071777344,-331.7799987792969,179.8509979248047,90.0,466.4078063964844,h
334.177001953125,0.0,2.2100605964660645,0.6528769135475159,0.6740000247955322,-457.9161071777344,-331.5461120605469,179.8509979248047,90.0,5.74560022354126,h
334.177001953125,228.0384979248047,5.179500102996826,0.013100000098347664,0.0007999999797903001,575.24072265625,231.4459991455078,-205.8946990966797,90.0,466.4078063964844,h
109.95543670654297,42.018333435058594,2.9580483436584473,0.4864935576915741,0.3244236707687378,-167.36788940429688,20.504596710205078,11.416600227355957,25.442659378051758,373.4151916503906,h
334.177001953125,228.0384979248047,1.9413000345230103,0.8912000060081482,0.6740000247955322,-457.9161071777344,-331.7799987792969,-205.8946990966797,0.0,5.74560022354126,h
334.177001953125,228.0384979248047,5.179500102996826,0.013100000098347664,0.0007999999797903001,-457.9161071777344,-331.7799987792969,179.8509979248047,90.0,466.4078063964844,h
7.207900047302246,0.0,5.179500102996826,0.8912000060081482,0.6740000247955322,-457.9161071777344,-331.7799987792969,179.8509979248047,90.0,5.74560022354126,h
20.342838287353516,11.0481595993042,2.4714248180389404,0.43402528762817383,0.22460603713989258,-3.351677656173706,15.167943000793457,7.53258752822876,56.91814041137695,224.11827087402344,h
334.177001953125,228.0384979248047,1.9413000345230103,0.013100000098347664,0.6740000247955322,-457.9161071777344,-331.7799987792969,-205.8946990966797,0.0,5.74560022354126,h
334.177001953125,228.0384979248047,1.9413000345230103,0.013100000098347664,0.6740000247955322,-457.9161071777344,-331.7799987792969,-205.8946990966797,0.0,5.74560022354126,h
334.177001953125,228.0384979248047,5.179500102996826,0.013100000098347664,0.0007999999797903001,-457.9161071777344,231.4459991455078,-205.8946990966797,90.0,5.74560022354126,h
334.177001953125,228.0384979248047,5.179500102996826,0.013100000098347664,0.0007999999797903001,575.24072265625,231.4459991455078,179.8509979248047,90.0,466.4078063964844,h
325.4282531738281,204.80841064453125,5.116879463195801,0.014287769794464111,0.0016112145967781544,575.24072265625,228.03695678710938,174.82264709472656,86.1656265258789,357.2602844238281,h
334.177001953125,228.0384979248047,5.179500102996826,0.013100000098347664,0.0007999999797903001,-457.9161071777344,-331.7799987792969,179.8509979248047,90.0,466.4078063964844,h
334.177001953125,228.0384979248047,5.179500102996826,0.013100000098347664,0.0007999999797903001,-457.9161071777344,-331.7799987792969,179.8509979248047,90.0,106.77391815185547,h
334.177001953125,228.0384979248047,5.179500102996826,0.013100000098347664,0.0007999999797903001,-457.9161071777344,-331.7799987792969,179.8509979248047,90.0,466.4078063964844,h
334.177001953125,228.0384979248047,5.179500102996826,0.013100000098347664,0.0007999999797903001,-457.9161071777344,-331.7799987792969,179.8509979248047,90.0,466.4078063964844,h
65.25025177001953,10.340472221374512,2.8873298168182373,0.35622814297676086,0.1968802958726883,53.28076934814453,42.876277923583984,-5.095067977905273,28.316532135009766,123.23566436767578,h
334.177001953125,228.0384979248047,5.179500102996826,0.013100000098347664,0.0007999999797903001,-457.9161071777344,-331.7799987792969,-205.8946990966797,90.0,466.4078063964844,h
123.57908630371094,26.702476501464844,2.940269947052002,0.2121247947216034,0.1091381385922432,119.20846557617188,134.03094482421875,4.265633583068848,35.89738845825195,146.95748901367188,h
23.648839950561523,13.871820449829102,2.431363105773926,0.4550144374370575,0.23235228657722473,-9.88768196105957,16.4075870513916,9.342245101928711,32.76224899291992,68.68721008300781,h
334.177001953125,228.0384979248047,1.9413000345230103,0.013100000098347664,0.0007999999797903001,-457.9161071777344,-331.7799987792969,179.8509979248047,0.0,5.74560022354126,h
334.177001953125,228.0384979248047,5.179500102996826,0.013100000098347664,0.0007999999797903001,575.24072265625,231.4459991455078,-205.8946990966797,90.0,5.74560022354126,h
190.5162353515625,20.709606170654297,2.836216926574707,0.4143168032169342,0.20096752047538757,210.0073699951172,179.08180236816406,13.574393272399902,7.616947650909424,182.59588623046875,h
24.970508575439453,13.7953519821167,2.6941275596618652,0.579632580280304,0.3296436667442322,33.342166900634766,20.879592895507812,-4.452616214752197,10.23279094696045,92.99057006835938,h
334.177001953125,228.0384979248047,5.179500102996826,0.013100000098347664,0.0007999999797903001,-457.9161071777344,-331.7799987792969,-205.8946990966797,90.0,466.4078063964844,h
63.887874603271484,27.670148849487305,3.1064651012420654,0.2625468969345093,0.19998674094676971,-1.0747520923614502,56.52656555175781,-6.309027671813965,52.93297576904297,318.0827331542969,h
101.41021728515625,0.0,5.179500102996826,0.013100000098347664,0.6740000247955322,-457.9161071777344,-331.7799987792969,-205.8946990966797,90.0,5.74560022354126,h
334.177001953125,228.0384979248047,5.179500102996826,0.013100000098347664,0.0007999999797903001,575.24072265625,231.4459991455078,-205.8946990966797,90.0,5.74560022354126,h
334.177001953125,228.0384979248047,5.179500102996826,0.013100000098347664,0.0007999999797903001,-457.9161071777344,-331.7799987792969,179.8509979248047,90.0,5.74560022354126,h
334.177001953125,228.0384979248047,5.179500102996826,0.013100000098347664,0.0007999999797903001,-457.9161071777344,-331.7799987792969,-205.8946990966797,90.0,466.4078063964844,h
334.177001953125,228.0384979248047,5.179500102996826,0.013100000098347664,0.0007999999797903001,575.24072265625,231.4459991455078,-205.8946990966797,90.0,466.4078063964844,h
115.2160873413086,84.29856872558594,3.4743781089782715,0.1750956028699875,0.08493947982788086,-97.17227172851562,54.0949821472168,14.569682121276855,12.043190956115723,305.0488586425781,h
334.177001953125,228.0384979248047,5.179500102996826,0.013100000098347664,0.0007999999797903001,575.24072265625,231.4459991455078,-205.8946990966797,90.0,466.4078063964844,h
13.133203506469727,8.848487854003906,2.203960418701172,0.7998300194740295,0.43900495767593384,-14.947591781616211,14.679784774780273,3.1487386226654053,42.039127349853516,175.35418701171875,h
7.2087721824646,15.196280479431152,1.9413000345230103,0.8138017058372498,0.18414147198200226,-457.9161071777344,-331.7799987792969,179.8509979248047,0.0,5.74560022354126,h
20.429285049438477,6.904413223266602,2.5945286750793457,0.5188701748847961,0.26369988918304443,17.407772064208984,-5.502546310424805,-5.7945990562438965,61.007118225097656,132.42259216308594,h
334.177001953125,228.0384979248047,5.179500102996826,0.013100000098347664,0.0007999999797903001,575.24072265625,-309.0923767089844,-205.8946990966797,90.0,466.4078063964844,h
12.848502159118652,9.443306922912598,2.3499577045440674,0.7503675818443298,0.4570983052253723,-1.6996654272079468,8.369048118591309,5.572539329528809,56.52951431274414,198.74586486816406,h
86.62651824951172,228.0384979248047,1.9413000345230103,0.013100000098347664,0.6740000247955322,-457.9161071777344,-331.7799987792969,179.8509979248047,0.0,466.4078063964844,h
28.162822723388672,9.654227256774902,2.3586978912353516,0.5611912608146667,0.26951485872268677,7.192462921142578,20.216548919677734,-0.0029826632235199213,23.79681396484375,214.5410614013672,h
48.51880645751953,12.81943416595459,2.564873695373535,0.380079060792923,0.208238422870636,15.01932430267334,31.95818328857422,-7.086699962615967,35.86913299560547,237.55410766601562,h
19.482221603393555,7.524409770965576,2.297302484512329,0.624065637588501,0.3411218225955963,-1.0865601301193237,26.003786087036133,6.260362148284912,82.30485534667969,142.8315887451172,h
334.177001953125,228.0384979248047,1.9413000345230103,0.013100000098347664,0.6740000247955322,-457.9161071777344,-331.7799987792969,179.8509979248047,0.0,5.74560022354126,h
334.177001953125,228.0384979248047,5.179500102996826,0.013100000098347664,0.0007999999797903001,-457.9161071777344,-331.7799987792969,-205.8946990966797,90.0,466.4078063964844,h
23.14502716064453,18.984790802001953,2.4237263202667236,0.4092479646205902,0.2283199578523636,-48.682979583740234,-15.291550636291504,11.764006614685059,42.945289611816406,32.38530731201172,h
334.177001953125,228.0384979248047,5.179500102996826,0.013100000098347664,0.0007999999797903001,-457.9161071777344,-331.7799987792969,-205.8946990966797,90.0,466.4078063964844,h
334.177001953125,228.0384979248047,5.179500102996826,0.013100000098347664,0.0007999999797903001,-457.9161071777344,-331.7799987792969,179.8509979248047,90.0,466.4078063964844,h
334.177001953125,228.0384979248047,1.9413000345230103,0.8912000060081482,0.6740000247955322,-457.9161071777344,-331.7799987792969,-205.8946990966797,0.0,5.74560022354126,h
334.177001953125,228.0384979248047,5.179500102996826,0.013100000098347664,0.0007999999797903001,-457.9161071777344,-331.7799987792969,-205.8946990966797,90.0,466.4078063964844,h
334.177001953125,228.0384979248047,5.179500102996826,0.013100000098347664,0.0007999999797903001,-457.9161071777344,-331.7799987792969,179.8509979248047,90.0,466.4078063964844,h
334.177001953125,228.0384979248047,5.179500102996826,0.013100000098347664,0.0007999999797903001,-457.9161071777344,-331.7799987792969,-205.8946990966797,90.0,466.4078063964844,h
37.11033248901367,9.926007270812988,2.527505874633789,0.5510869026184082,0.29812073707580566,-6.7795209884643555,21.550060272216797,4.249279499053955,8.034797668457031,197.3333740234375,h
334.177001953125,228.0384979248047,5.179500102996826,0.013100000098347664,0.0007999999797903001,-457.9161071777344,-331.7799987792969,179.8509979248047,90.0,466.4078063964844,h
334.177001953125,228.0384979248047,1.9413000345230103,0.013100000098347664,0.6740000247955322,-457.9161071777344,-331.7799987792969,-205.8946990966797,0.0,5.74560022354126,h
334.177001953125,228.0384979248047,5.179500102996826,0.013100000098347664,0.0007999999797903001,-457.9161071777344,-331.7799987792969,179.8509979248047,90.0,466.0713806152344,h
96.95539855957031,34.0625,2.532411813735962,0.4051244854927063,0.22376765310764313,-47.65717697143555,-98.59089660644531,-12.513262748718262,28.975276947021484,175.4644317626953,h
131.8890380859375,89.43181610107422,3.2006590366363525,0.2710564136505127,0.15096940100193024,20.05565643310547,107.16645050048828,75.09784698486328,78.96009063720703,251.19102478027344,h
237.2919158935547,79.45429229736328,3.6000308990478516,0.12441051006317139,0.05441436171531677,-139.09469604492188,-309.9356384277344,-76.18054962158203,33.62418746948242,187.81007385253906,h
87.5385513305664,17.546289443969727,2.800703763961792,0.3561854362487793,0.16721563041210175,37.46187210083008,65.4988784790039,-10.622345924377441,6.945970058441162,157.17637634277344,h
334.177001953125,228.0384979248047,5.179500102996826,0.013100000098347664,0.0007999999797903001,575.24072265625,231.4459991455078,-18.259201049804688,90.0,466.3923645019531,h
334.177001953125,228.0384979248047,5.179500102996826,0.013100000098347664,0.0007999999797903001,575.24072265625,-331.7799987792969,179.8509979248047,90.0,466.4078063964844,h
334.177001953125,228.0384979248047,5.179500102996826,0.013100000098347664,0.0007999999797903001,575.24072265625,231.4459991455078,-205.8946990966797,90.0,466.4078063964844,h
334.177001953125,228.0384979248047,5.179500102996826,0.013100000098347664,0.0007999999797903001,575.24072265625,231.4459991455078,-205.8946990966797,90.0,466.4078063964844,h
29.31769561767578,10.867018699645996,2.4863083362579346,0.4316459596157074,0.2512516677379608,-16.230072021484375,-20.60789680480957,8.504066467285156,87.06932830810547,215.52340698242188,h
7.207900047302246,0.0,5.179500102996826,0.8912000060081482,0.6740000247955322,-457.9161071777344,-331.7799987792969,179.8509979248047,90.0,5.74560022354126,h
39.209861755371094,14.75938606262207,2.4081904888153076,0.5070416927337646,0.2876644730567932,-59.8734016418457,5.872485637664795,3.9160752296447754,37.633880615234375,208.33029174804688,h
334.177001953125,228.0384979248047,5.179500102996826,0.013100000098347664,0.0007999999797903001,-457.9161071777344,231.4459991455078,179.8509979248047,90.0,5.74560022354126,h
334.177001953125,228.0384979248047,5.179500102996826,0.013100000098347664,0.0007999999797903001,575.24072265625,231.4459991455078,-205.8946990966797,90.0,5.74560022354126,h
7.207900047302246,0.0,5.179500102996826,0.8912000060081482,0.6740000247955322,-457.9161071777344,-331.7799987792969,-205.8946990966797,90.0,5.74560022354126,h
329.7134094238281,227.70945739746094,5.104632377624512,0.04537971690297127,0.03790133818984032,-457.9161071777344,-205.07012939453125,-205.37722778320312,83.28998565673828,466.4010925292969,h
334.177001953125,228.0384979248047,5.179500102996826,0.013100000098347664,0.0007999999797903001,575.24072265625,231.4459991455078,-205.8946990966797,90.0,5.74560022354126,h
7.207900047302246,0.0,5.179500102996826,0.8912000060081482,0.6740000247955322,-457.9161071777344,-331.7799987792969,179.8509979248047,90.0,5.74560022354126,h
77.21183013916016,32.736576080322266,3.19763445854187,0.2491336613893509,0.14262421429157257,-134.5135040283203,-36.31898498535156,-8.927070617675781,24.297672271728516,243.94796752929688,h
102.50780487060547,27.826547622680664,3.3055572509765625,0.22647780179977417,0.13323035836219788,66.4183120727539,52.33077621459961,-15.353692054748535,4.301686763763428,245.18927001953125,h
37.12520980834961,18.214632034301758,2.8256914615631104,0.277482807636261,0.12798380851745605,44.216636657714844,-5.893395900726318,-17.7216739654541,83.17861938476562,171.70973205566406,h
334.177001953125,228.0384979248047,5.179500102996826,0.013100000098347664,0.0007999999797903001,-457.9161071777344,-331.7799987792969,179.8509979248047,90.0,466.4078063964844,h
60.40974426269531,23.710432052612305,2.718295097351074,0.41538411378860474,0.22957336902618408,2.960967779159546,-33.24770736694336,16.58628273010254,47.19700622558594,76.96448516845703,h
334.177001953125,228.0384979248047,5.179500102996826,0.013100000098347664,0.0007999999797903001,-457.9161071777344,-331.7799987792969,-205.8946990966797,90.0,5.74560022354126,h
21.497339248657227,10.073762893676758,2.2377989292144775,0.6702235341072083,0.3576098680496216,10.318378448486328,8.375662803649902,11.232818603515625,3.4572014808654785,41.214080810546875,h
334.177001953125,228.0384979248047,5.179500102996826,0.013100000098347664,0.0007999999797903001,575.24072265625,231.4459991455078,-205.8946990966797,90.0,466.4078063964844,h
37.5963020324707,21.069856643676758,2.6442413330078125,0.3422339856624603,0.1569836437702179,27.33247184753418,-10.330848693847656,25.05352210998535,19.03794288635254,70.56326293945312,h
334.177001953125,228.0384979248047,5.179500102996826,0.013100000098347664,0.0007999999797903001,-457.9161071777344,231.4459991455078,-205.8946990966797,90.0,5.74560022354126,h
19.491954803466797,16.307342529296875,2.3729000091552734,0.49121758341789246,0.2731906771659851,1.536725640296936,10.320884704589844,-6.628981590270996,68.54731750488281,107.08134460449219,h
29.31580924987793,19.11403465270996,2.563511610031128,0.39362072944641113,0.189919114112854,-24.613449096679688,-73.61536407470703,14.110549926757812,20.62517738342285,152.45413208007812,h
152.9765625,32.31705093383789,3.2379369735717773,0.42687657475471497,0.2895112633705139,-219.16864013671875,-140.65701293945312,-39.742332458496094,4.559844970703125,448.6236267089844,h
334.177001953125,228.0384979248047,1.9413000345230103,0.8912000060081482,0.6740000247955322,-457.9161071777344,-331.7799987792969,179.8509979248047,0.0,466.4078063964844,h
33.87908935546875,23.294429779052734,2.794633150100708,0.2943265438079834,0.16161589324474335,-7.909262657165527,23.81449317932129,9.553207397460938,5.673139572143555,61.17266845703125,h
63.87754821777344,31.110122680664062,2.932314872741699,0.23560793697834015,0.16096548736095428,51.59009552001953,42.515655517578125,-30.027114868164062,24.244632720947266,176.70326232910156,h
334.177001953125,228.0384979248047,1.9413000345230103,0.013100000098347664,0.6740000247955322,-457.9161071777344,-331.7799987792969,179.8509979248047,0.0,5.74560022354126,h
334.177001953125,228.0384979248047,5.179500102996826,0.013100000098347664,0.0007999999797903001,575.24072265625,231.4459991455078,179.8509979248047,90.0,466.4078063964844,h
334.177001953125,228.0384979248047,5.179500102996826,0.013100000098347664,0.0007999999797903001,-457.9161071777344,-331.7799987792969,179.8509979248047,90.0,5.74560022354126,h
19.735673904418945,9.741189002990723,2.2380690574645996,0.6933547854423523,0.29331257939338684,28.42523765563965,20.15998077392578,9.51311206817627,69.71728515625,141.23895263671875,h
82.17396545410156,15.374479293823242,3.005366802215576,0.32790669798851013,0.1811843067407608,-89.1295166015625,42.368221282958984,-7.5597734451293945,15.382390975952148,295.4352111816406,h
53.06412887573242,21.745773315429688,2.60351300239563,0.34956321120262146,0.23362137377262115,-40.316001892089844,8.661548614501953,19.032855987548828,20.777311325073242,221.871337890625,h
334.177001953125,228.0384979248047,5.179500102996826,0.013100000098347664,0.6740000247955322,-457.9161071777344,-331.7799987792969,-205.8946990966797,90.0,5.74560022354126,h
185.98065185546875,57.70962142944336,3.0419249534606934,0.29424673318862915,0.18101203441619873,-111.82909393310547,120.31671142578125,-3.9798028469085693,7.057753562927246,195.1442108154297,h
7.207900047302246,228.0384979248047,1.9413000345230103,0.5785654187202454,0.2903386652469635,-457.9161071777344,-331.7799987792969,179.8509979248047,0.0,5.74560022354126,h
27.151622772216797,15.942398071289062,2.356269121170044,0.46370619535446167,0.23880435526371002,37.413612365722656,23.63597297668457,9.229996681213379,26.149709701538086,254.69366455078125,h
334.177001953125,228.0384979248047,1.9413000345230103,0.013100000098347664,0.6740000247955322,-457.9161071777344,-331.7799987792969,179.8509979248047,0.0,5.74560022354126,h
17.26314926147461,9.271677017211914,2.7379415035247803,0.6138260960578918,0.3771340548992157,0.9904561042785645,18.868633270263672,-3.7802369594573975,10.091058731079102,260.47442626953125,h
334.177001953125,228.0384979248047,5.179500102996826,0.013100000098347664,0.0007999999797903001,-457.9161071777344,-331.7799987792969,-205.8946990966797,90.0,466.4078063964844,h
334.177001953125,228.0384979248047,5.179500102996826,0.013100000098347664,0.0007999999797903001,-457.9161071777344,-331.7799987792969,-205.8946990966797,90.0,466.4078063964844,h
92.91468048095703,30.178098678588867,3.0725326538085938,0.17666597664356232,0.09389728307723999,48.80378341674805,50.06679153442383,-20.129430770874023,9.414349555969238,180.81527709960938,h
334.177001953125,228.0384979248047,5.179500102996826,0.013100000098347664,0.0007999999797903001,575.24072265625,231.4459991455078,-205.8946990966797,90.0,121.96204376220703,h
41.460548400878906,28.41496467590332,2.6906423568725586,0.23479096591472626,0.12153966724872589,50.88750457763672,-83.43338012695312,15.24046802520752,68.64318084716797,76.18982696533203,h
88.92513275146484,43.642066955566406,3.110761880874634,0.10834299027919769,0.06506584584712982,71.10639953613281,-32.662071228027344,-20.237274169921875,77.518798828125,203.5069122314453,h
17.4665584564209,10.586726188659668,2.3304569721221924,0.7917014956474304,0.4817380905151367,20.68511390686035,7.240626335144043,-3.7042059898376465,53.69643020629883,231.5567626953125,h
334.177001953125,228.0384979248047,1.9413000345230103,0.013100000098347664,0.6740000247955322,-457.9161071777344,-331.7799987792969,-205.8946990966797,0.0,5.74560022354126,h
334.177001953125,228.0384979248047,5.179500102996826,0.013100000098347664,0.0007999999797903001,-457.9161071777344,-331.7799987792969,179.8509979248047,90.0,466.4078063964844,h
334.177001953125,228.0384979248047,1.9413000345230103,0.013100000098347664,0.6740000247955322,-457.9161071777344,-331.7799987792969,179.8509979248047,0.0,5.74560022354126,h
32.016807556152344,16.381563186645508,2.6757473945617676,0.3960239589214325,0.2175477147102356,-22.999313354492188,19.176651000976562,7.750285625457764,68.3824691772461,119.94404602050781,h
7.207900047302246,0.0,1.9413000345230103,0.8912000060081482,0.6740000247955322,-457.9161071777344,-331.7799987792969,179.8509979248047,90.0,5.74560022354126,h
334.177001953125,228.0384979248047,5.179500102996826,0.013100000098347664,0.0007999999797903001,575.24072265625,-331.7799987792969,179.8509979248047,90.0,5.74560022354126,h
334.177001953125,228.0384979248047,1.9413000345230103,0.8912000060081482,0.6740000247955322,-457.9161071777344,-331.7799987792969,-205.8946990966797,0.0,5.74560022354126,h
334.177001953125,228.0384979248047,5.179500102996826,0.013100000098347664,0.0007999999797903001,-457.9161071777344,-331.7799987792969,179.8509979248047,90.0,466.4078063964844,h
334.177001953125,228.0384979248047,5.179500102996826,0.013100000098347664,0.0007999999797903001,-457.9161071777344,-331.7799987792969,179.8509979248047,90.0,5.74560022354126,h
22.65305519104004,14.704428672790527,2.772846221923828,0.5090012550354004,0.28458496928215027,13.45778751373291,31.74384880065918,-9.322297096252441,68.99848937988281,110.03457641601562,h
8.311605453491211,228.0384979248047,1.9413000345230103,0.8912000060081482,0.6740000247955322,-457.9161071777344,-331.7799987792969,179.8509979248047,0.0,466.4078063964844,h
30.935937881469727,20.26546287536621,3.0414602756500244,0.3209722638130188,0.17179648578166962,16.129270553588867,16.370691299438477,-3.691091537475586,65.44258117675781,49.26363754272461,h
331.9070129394531,226.11224365234375,5.179388046264648,0.01310301199555397,0.00080244051059708,-457.9040832519531,-331.3855285644531,164.41307067871094,86.11290740966797,284.92706298828125,h
17.36960220336914,11.63028335571289,2.1988275051116943,0.7473259568214417,0.3910216689109802,-0.8713758587837219,-16.004844665527344,-0.19019953906536102,84.88121795654297,79.81587219238281,h
77.62251281738281,20.62557601928711,2.894242525100708,0.2922601103782654,0.1709858477115631,0.38650164008140564,-18.35150909423828,-20.17959976196289,80.20267486572266,137.92938232421875,h
334.177001953125,228.0384979248047,5.179500102996826,0.013100000098347664,0.0007999999797903001,575.24072265625,231.4459991455078,-205.8946990966797,90.0,5.74560022354126,h
121.20901489257812,92.97254180908203,4.276040554046631,0.06651231646537781,0.04687172546982765,-129.7241668701172,-64.1539306640625,-117.03555297851562,32.3796272277832,365.8681640625,h
30.99699592590332,11.338662147521973,2.8698887825012207,0.3352511525154114,0.20937111973762512,-32.80650329589844,28.85059928894043,-15.856424331665039,10.7522611618042,237.03384399414062,h
144.26280212402344,22.552001953125,3.1411638259887695,0.14059580862522125,0.0745379850268364,71.41311645507812,-18.417020797729492,-6.350172519683838,65.54499816894531,246.3500518798828,h
12.518523216247559,0.0,2.1616854667663574,0.8912000060081482,0.6740000247955322,4.706226348876953,-140.71340942382812,11.395808219909668,15.681675910949707,5.74560022354126,h
18.68699073791504,10.914765357971191,2.3570139408111572,0.7621445655822754,0.4087884724140167,21.979419708251953,6.457211017608643,17.95319938659668,73.74224853515625,183.2852020263672,h
7.207900047302246,0.0,1.9413000345230103,0.8912000060081482,0.6740000247955322,-457.9161071777344,-331.7799987792969,179.8509979248047,90.0,5.74560022354126,h
74.00469970703125,31.131330490112305,2.909245729446411,0.32293546199798584,0.16204701364040375,21.719680786132812,-3.3428449630737305,-15.477752685546875,41.90488815307617,192.56639099121094,h
25.734115600585938,6.8517584800720215,2.112142324447632,0.7792161107063293,0.4312472343444824,20.116342544555664,0.38320329785346985,-12.170869827270508,15.342514038085938,123.49215698242188,h
263.52197265625,228.0384979248047,5.179500102996826,0.013100000098347664,0.0007999999797903001,-452.7369689941406,-330.99658203125,10.885181427001953,89.99874114990234,140.57469177246094,h
7.207900047302246,0.0,1.9413000345230103,0.8912000060081482,0.6740000247955322,-457.9161071777344,-331.7799987792969,-205.8946990966797,0.0,466.4078063964844,h
19.58933448791504,11.417997360229492,2.553954601287842,0.5751137733459473,0.33084842562675476,-4.407271385192871,-6.992228984832764,-12.605149269104004,53.77668380737305,184.71560668945312,h
101.27900695800781,89.78174591064453,3.3891077041625977,0.24496078491210938,0.14335991442203522,-10.370538711547852,-25.515806198120117,50.086387634277344,44.116302490234375,383.2395935058594,h
35.24180603027344,21.6697940826416,2.789909839630127,0.22146962583065033,0.1537267416715622,-1.2954084873199463,-64.831298828125,-10.259125709533691,85.61044311523438,52.49012756347656,h
334.177001953125,228.0384979248047,5.179500102996826,0.013100000098347664,0.0007999999797903001,-457.9161071777344,-331.7799987792969,179.8509979248047,90.0,466.4078063964844,h
38.56077575683594,17.62421989440918,2.8418850898742676,0.31132417917251587,0.20073844492435455,14.872953414916992,-7.3655524253845215,-6.372998237609863,27.990848541259766,190.04396057128906,h
334.177001953125,228.0384979248047,5.179500102996826,0.013100000098347664,0.0007999999797903001,-457.9161071777344,-331.7799987792969,179.8509979248047,90.0,466.4078063964844,h
7.207900047302246,15.802035331726074,1.9413000345230103,0.777559757232666,0.3444882035255432,30.761085510253906,-185.45555114746094,29.847658157348633,0.0,8.498085021972656,h
76.50962829589844,34.52412033081055,3.192030191421509,0.2510363757610321,0.149060919880867,-13.334831237792969,53.50506591796875,12.249337196350098,36.6278076171875,353.99481201171875,h
334.177001953125,228.0384979248047,5.179500102996826,0.013100000098347664,0.0007999999797903001,575.24072265625,231.4459991455078,179.8509979248047,90.0,5.74560022354126,h
138.82815551757812,16.604822158813477,2.8095169067382812,0.28240808844566345,0.1462220698595047,25.334684371948242,172.6574249267578,2.2665770053863525,51.68326950073242,137.84414672851562,h
334.177001953125,228.0384979248047,5.179500102996826,0.013100000098347664,0.0007999999797903001,-457.9161071777344,-331.7799987792969,-205.8946990966797,90.0,466.4078063964844,h
334.177001953125,228.0384979248047,5.179500102996826,0.013100000098347664,0.0007999999797903001,-457.9161071777344,-331.7799987792969,179.8509979248047,90.0,173.39999389648438,h
334.177001953125,228.0384979248047,5.179500102996826,0.013100000098347664,0.0007999999797903001,575.24072265625,231.4459991455078,179.8509979248047,90.0,5.74560022354126,h
334.177001953125,228.0384979248047,5.179500102996826,0.013100000098347664,0.0007999999797903001,-457.9161071777344,-331.7799987792969,179.8509979248047,90.0,466.4078063964844,h
334.177001953125,228.0384979248047,5.179500102996826,0.013100000098347664,0.0007999999797903001,575.24072265625,231.4459991455078,179.8509979248047,0.005371605511754751,5.74560022354126,h
16.467538833618164,10.17353630065918,2.3721892833709717,0.5613542795181274,0.3144655227661133,-18.05714225769043,10.703847885131836,3.7969987392425537,50.25294876098633,196.93499755859375,h
34.19256591796875,7.438599586486816,2.8792052268981934,0.4759767949581146,0.28653156757354736,2.1624433994293213,19.556591033935547,-9.595108032226562,49.506202697753906,231.07559204101562,h
334.177001953125,228.0384979248047,5.179500102996826,0.013100000098347664,0.0007999999797903001,575.24072265625,231.4459991455078,179.8509979248047,90.0,5.74560022354126,h
334.177001953125,228.0384979248047,5.179500102996826,0.013100000098347664,0.0007999999797903001,-457.9161071777344,-331.7799987792969,179.8509979248047,90.0,5.74560022354126,h
31.4494686126709,19.459121704101562,2.800147771835327,0.4112747013568878,0.21867892146110535,30.088775634765625,45.344757080078125,10.98296070098877,70.62519073486328,230.122802734375,h
334.177001953125,228.0384979248047,1.9413000345230103,0.013225816190242767,0.6740000247955322,-457.9161071777344,-331.7799987792969,179.8509979248047,0.0,466.4078063964844,h
334.177001953125,228.0384979248047,1.9413000345230103,0.013100000098347664,0.6740000247955322,-457.9161071777344,-331.7799987792969,179.8509979248047,0.0,251.2086639404297,h
75.5458984375,32.030250549316406,3.2239480018615723,0.18144045770168304,0.10304875671863556,15.426111221313477,43.18220520019531,19.817481994628906,4.033413887023926,212.93971252441406,h
333.4168395996094,228.0384979248047,5.179500102996826,0.013100000098347664,0.0007999999797903001,-457.9161071777344,229.74513244628906,-205.87506103515625,89.89990997314453,295.5950622558594,h
7.207900047302246,0.0,1.9413000345230103,0.8912000060081482,0.6740000247955322,-457.9161071777344,-331.7799987792969,-205.8946990966797,90.0,466.4078063964844,h
117.82585906982422,51.321929931640625,3.416841506958008,0.16459353268146515,0.06663013994693756,-160.75962829589844,19.894195556640625,19.233112335205078,37.07188034057617,282.424560546875,h
7.207900047302246,0.0,5.179500102996826,0.8912000060081482,0.6740000247955322,-457.9161071777344,-331.7799987792969,-205.8946990966797,90.0,466.4078063964844,h
334.177001953125,228.0384979248047,5.179500102996826,0.013100000098347664,0.0007999999797903001,-457.9161071777344,-331.7799987792969,-205.8946990966797,90.0,466.4078063964844,h
334.177001953125,228.0384979248047,5.179500102996826,0.013100000098347664,0.0007999999797903001,575.24072265625,231.4459991455078,179.8509979248047,90.0,5.74560022354126,h
334.177001953125,228.0384979248047,5.179500102996826,0.013100000098347664,0.0007999999797903001,-457.9161071777344,-331.7799987792969,179.8509979248047,90.0,5.74560022354126,h
7.207900047302246,0.0,1.9413000345230103,0.8912000060081482,0.6740000247955322,-457.9161071777344,-331.7799987792969,179.8509979248047,90.0,466.4078063964844,h
334.177001953125,228.0384979248047,1.9413000345230103,0.013100000098347664,0.6740000247955322,-457.9161071777344,-331.7799987792969,-205.8946990966797,0.0,5.74560022354126,h
7.843165397644043,21.76978874206543,1.9413000345230103,0.7241421341896057,0.365116685628891,15.616337776184082,-18.67015838623047,15.035237312316895,0.00391060346737504,6.135234832763672,h
33.371856689453125,22.64906120300293,2.924510955810547,0.2565601170063019,0.16388756036758423,4.607744216918945,18.442230224609375,-12.389578819274902,87.25975036621094,312.1300048828125,h
334.177001953125,228.0384979248047,5.179500102996826,0.013100000098347664,0.0007999999797903001,-457.9161071777344,231.43478393554688,-205.8946990966797,90.0,466.4078063964844,h
157.21539306640625,74.97138977050781,3.735198497772217,0.1252533495426178,0.08843185007572174,-271.99725341796875,-104.31205749511719,15.558497428894043,84.06138610839844,389.5859069824219,h
50.289649963378906,10.235464096069336,2.4118165969848633,0.5956823825836182,0.2656986117362976,0.02033928968012333,47.64789581298828,3.7935917377471924,4.771780967712402,174.28074645996094,h
43.81901550292969,19.714054107666016,2.7659127712249756,0.27383366227149963,0.1670597940683365,5.963985919952393,-20.756412506103516,-7.676182270050049,42.431129455566406,149.86703491210938,h
33.67061233520508,11.797343254089355,2.3904151916503906,0.4193461537361145,0.21272389590740204,-14.101879119873047,8.803901672363281,-7.466068267822266,47.389015197753906,76.86839294433594,h
334.177001953125,228.0384979248047,1.9413000345230103,0.013100000098347664,0.6740000247955322,-457.9161071777344,-331.7799987792969,179.8509979248047,0.0,5.74560022354126,h
53.75949478149414,11.569458961486816,2.7023611068725586,0.3681538701057434,0.19366863369941711,-0.7573947906494141,17.21986198425293,11.561857223510742,9.381275177001953,218.86026000976562,h
25.556655883789062,9.419534683227539,2.565075159072876,0.6125970482826233,0.33461248874664307,11.339736938476562,24.058996200561523,4.7237229347229,38.91743469238281,214.26937866210938,h
111.81536865234375,48.2598762512207,3.093304395675659,0.1851453185081482,0.11458630114793777,394.9038391113281,31.457984924316406,9.282364845275879,52.375064849853516,111.02571105957031,h
163.6782989501953,99.66316223144531,3.1028387546539307,0.4087691605091095,0.22733882069587708,-61.45811080932617,-114.59721374511719,70.98821258544922,1.916163682937622,304.29461669921875,h
39.89708709716797,16.565250396728516,2.783308982849121,0.23752352595329285,0.15908898413181305,16.46407127380371,31.45767593383789,-4.338724136352539,79.2083969116211,297.62799072265625,h
334.177001953125,228.0384979248047,5.179500102996826,0.013100000098347664,0.0007999999797903001,-457.9161071777344,-331.7799987792969,179.8509979248047,90.0,466.4078063964844,h
103.76312255859375,75.62139129638672,3.263960599899292,0.23553384840488434,0.10738903284072876,73.8288803100586,120.40667724609375,-57.1318359375,73.810302734375,190.24205017089844,h
334.177001953125,228.0384979248047,1.9413000345230103,0.8912000060081482,0.6740000247955322,-457.9161071777344,-331.7799987792969,-205.8946990966797,0.0,5.74560022354126,h
7.207900047302246,0.0,1.9413000345230103,0.8912000060081482,0.6740000247955322,-457.9161071777344,-331.7799987792969,-205.8946990966797,90.0,466.4078063964844,h
179.2779083251953,81.67293548583984,3.579475164413452,0.12807485461235046,0.08654869347810745,53.567325592041016,-140.73928833007812,37.3112678527832,34.94070816040039,246.95867919921875,h
92.85698699951172,38.409217834472656,3.2033016681671143,0.20517045259475708,0.10771636664867401,513.5521240234375,11.977599143981934,-6.751046180725098,43.46498489379883,128.61322021484375,h
21.7901668548584,11.641265869140625,2.2452847957611084,0.6994884610176086,0.35430511832237244,11.308048248291016,-24.550260543823242,-10.12510871887207,68.64525604248047,228.99197387695312,h
17.54685401916504,11.35759449005127,2.344900608062744,0.7992580533027649,0.4957667887210846,26.762752532958984,24.35066795349121,-8.345993041992188,10.905704498291016,151.26951599121094,h
62.78886413574219,25.132335662841797,2.821234703063965,0.4131065607070923,0.22958160936832428,-30.154186248779297,-42.83786392211914,18.238496780395508,81.13520812988281,314.6024475097656,h
28.75570297241211,5.798931121826172,2.8316240310668945,0.45583343505859375,0.2686481475830078,28.953561782836914,17.954282760620117,10.106393814086914,14.876365661621094,82.19538879394531,h
199.85305786132812,75.29568481445312,4.304807662963867,0.0553760901093483,0.02687239833176136,-249.41506958007812,-125.27455139160156,-17.400146484375,76.29207611083984,275.1447448730469,h
143.17709350585938,25.72827911376953,3.0840373039245605,0.17305445671081543,0.07999159395694733,-46.33191680908203,120.96321868896484,30.205909729003906,47.21968460083008,128.1559600830078,h
7.207900047302246,0.0,1.9413000345230103,0.8912000060081482,0.6740000247955322,-457.9161071777344,-331.7799987792969,-205.8946990966797,5.340456008911133,5.74560022354126,h
40.1535530090332,15.895265579223633,3.048288106918335,0.2762526869773865,0.13552847504615784,-14.20654296875,15.946782112121582,-2.6348373889923096,14.452564239501953,152.16336059570312,h
24.192264556884766,12.001582145690918,2.4679129123687744,0.5449002385139465,0.33456459641456604,11.908732414245605,19.14516830444336,-9.77729606628418,35.93587875366211,216.18995666503906,h
7.207900047302246,0.0,1.9413000345230103,0.8912000060081482,0.6740000247955322,-457.9161071777344,-331.7799987792969,179.8509979248047,0.0,5.74560022354126,h
334.177001953125,228.0384979248047,5.179500102996826,0.013100000098347664,0.0007999999797903001,575.24072265625,231.4459991455078,179.8509979248047,90.0,5.74560022354126,h
24.3360538482666,12.543000221252441,2.595491409301758,0.5167222023010254,0.3153785169124603,-12.691263198852539,21.90842056274414,-11.741796493530273,67.72530364990234,189.8929443359375,h
334.177001953125,228.0384979248047,5.179500102996826,0.013100000098347664,0.0007999999797903001,575.24072265625,231.4459991455078,-205.8946990966797,90.0,466.4078063964844,h
20.880325317382812,7.604809761047363,2.3906185626983643,0.6079762578010559,0.4200153350830078,8.167494773864746,-5.887115478515625,-6.541403770446777,85.01490783691406,191.7549285888672,h
37.11115264892578,15.9347562789917,2.810807704925537,0.3658638596534729,0.1845676600933075,3.2740795612335205,34.0184326171875,-16.138429641723633,39.696372985839844,245.06211853027344,h
334.177001953125,228.0384979248047,5.179500102996826,0.013100000098347664,0.0007999999797903001,-457.9161071777344,-331.7799987792969,179.8509979248047,90.0,5.74560022354126,h
334.177001953125,228.0384979248047,5.179500102996826,0.013100000098347664,0.0007999999797903001,-457.9161071777344,-331.7799987792969,179.8509979248047,90.0,466.4078063964844,h
12.875839233398438,9.688335418701172,2.2856638431549072,0.6458394527435303,0.4284175932407379,-0.25648272037506104,-13.533515930175781,7.281193733215332,17.56658935546875,223.53372192382812,h
77.7484130859375,22.04620361328125,3.3854434490203857,0.21098533272743225,0.10264855623245239,-8.747756958007812,-42.546607971191406,11.16055679321289,82.29805755615234,144.04966735839844,h
30.25200653076172,12.364336967468262,2.6701672077178955,0.45983627438545227,0.2964797914028168,10.087519645690918,17.3759765625,-9.833675384521484,87.34664916992188,38.80721664428711,h
7.207900047302246,0.0,1.9413000345230103,0.8912000060081482,0.6740000247955322,-457.9161071777344,-331.7799987792969,179.8509979248047,90.0,5.74560022354126,h
334.177001953125,228.0384979248047,1.9413000345230103,0.8912000060081482,0.6740000247955322,-457.9161071777344,-331.7799987792969,179.8509979248047,0.0,466.4078063964844,h
334.177001953125,228.0384979248047,5.179500102996826,0.013100000098347664,0.0007999999797903001,575.24072265625,231.4459991455078,-205.8946990966797,90.0,5.74560022354126,h
24.15374183654785,12.088834762573242,2.5265045166015625,0.6345721483230591,0.4049999415874481,-5.0092973709106445,-20.356426239013672,2.1149959564208984,11.314569473266602,147.28121948242188,h
267.2411193847656,67.92945861816406,3.2081422805786133,0.21377545595169067,0.11931730806827545,-252.9990997314453,-327.1762390136719,-20.477386474609375,6.811684608459473,178.083251953125,h
12.447847366333008,12.450133323669434,2.1405582427978516,0.682503879070282,0.39808034896850586,-17.51274871826172,-9.686964988708496,-7.5514092445373535,36.69095993041992,222.56466674804688,h
334.177001953125,0.0,1.9413000345230103,0.8912000060081482,0.6740000247955322,-457.9161071777344,-331.7799987792969,-205.8946990966797,90.0,5.74560022354126,h
87.46000671386719,22.67420768737793,3.388270139694214,0.22565793991088867,0.08839177340269089,80.83011627197266,72.0810546875,29.30989646911621,26.254592895507812,208.78915405273438,h
334.177001953125,0.0,1.9413000345230103,0.8912000060081482,0.6740000247955322,575.24072265625,-331.7799987792969,179.8509979248047,90.0,5.74560022354126,h
334.177001953125,228.0384979248047,5.179500102996826,0.013100000098347664,0.0007999999797903001,-457.9161071777344,-331.7799987792969,-205.8946990966797,90.0,466.4078063964844,h
93.8326644897461,19.928802490234375,2.821657419204712,0.30402740836143494,0.20947334170341492,-26.932336807250977,-85.84058380126953,10.728985786437988,60.07770919799805,178.5126495361328,h
98.6447525024414,36.809226989746094,3.1871654987335205,0.22206050157546997,0.12394019961357117,5.729923725128174,-19.231369018554688,11.877427101135254,32.267154693603516,255.32681274414062,h
334.177001953125,228.0384979248047,1.9413000345230103,0.013100000098347664,0.6740000247955322,-457.9161071777344,-331.7799987792969,-205.8946990966797,0.0,5.74560022354126,h
18.581130981445312,13.789549827575684,2.079794406890869,0.566653847694397,0.33252590894699097,-60.542572021484375,6.4803619384765625,10.068108558654785,2.1558339595794678,124.24626159667969,h
334.177001953125,228.0384979248047,5.179500102996826,0.8912000060081482,0.6740000247955322,-457.9161071777344,-331.7799987792969,-205.8946990966797,90.0,5.74560022354126,h
23.187118530273438,21.19144058227539,2.4779531955718994,0.3761610984802246,0.1924487203359604,12.404852867126465,-23.47124481201172,-9.518495559692383,18.604291915893555,62.766510009765625,h
7.207900047302246,0.0,1.9413000345230103,0.8912000060081482,0.6740000247955322,575.24072265625,-331.7799987792969,179.8509979248047,90.0,5.74560022354126,h
334.177001953125,228.0384979248047,1.9413000345230103,0.013100000098347664,0.0007999999797903001,-457.9161071777344,-331.7799987792969,179.8509979248047,0.0,5.74560022354126,h
7.207900047302246,14.67841625213623,1.9413000345230103,0.7350782155990601,0.3236246407032013,11.302863121032715,-58.341426849365234,8.883268356323242,0.0,110.44600677490234,h
334.177001953125,228.0384979248047,5.179500102996826,0.013100000098347664,0.0007999999797903001,-457.9161071777344,-136.11044311523438,-205.8946990966797,90.0,466.4078063964844,h
7.207900047302246,0.0,1.9413000345230103,0.8912000060081482,0.6740000247955322,-457.9161071777344,-331.7799987792969,-205.8946990966797,0.0,466.4078063964844,h
86.8062515258789,15.337077140808105,3.027329683303833,0.22256489098072052,0.14479626715183258,-67.67687225341797,-18.12857437133789,2.590895175933838,25.479948043823242,233.13160705566406,h
7.207900047302246,11.037273406982422,1.9413000345230103,0.8912000060081482,0.6740000247955322,-2.5231120586395264,-270.8329162597656,179.4690399169922,0.0,240.81698608398438,h
35.67496871948242,9.668429374694824,3.1438865661621094,0.457228422164917,0.31794658303260803,0.741007387638092,49.11223602294922,8.455469131469727,68.29437255859375,205.26515197753906,h
334.177001953125,228.0384979248047,5.179500102996826,0.013100000098347664,0.0007999999797903001,-431.1474914550781,-331.7799987792969,179.8509979248047,90.0,466.4078063964844,h
15.807533264160156,6.031189918518066,2.2724862098693848,0.7447311282157898,0.4332624673843384,6.83636999130249,18.960025787353516,-4.783969879150391,4.997095108032227,237.89236450195312,h
121.54003143310547,15.792332649230957,3.0361828804016113,0.11154673248529434,0.06317079812288284,65.66455078125,-47.46221923828125,7.056909084320068,31.306922912597656,213.87789916992188,h
101.20125579833984,28.503389358520508,3.0665760040283203,0.24432046711444855,0.1313411444425583,-15.005844116210938,88.56449127197266,40.56036376953125,3.468541145324707,229.37872314453125,h
20.11310577392578,7.452755928039551,2.203845262527466,0.681653618812561,0.37780842185020447,-0.8601034879684448,2.74764084815979,7.014683723449707,66.63773345947266,171.5523223876953,h
334.177001953125,228.0384979248047,5.179500102996826,0.013100000098347664,0.0007999999797903001,575.24072265625,231.4459991455078,179.8509979248047,90.0,5.74560022354126,h
168.63771057128906,63.4708137512207,3.7673330307006836,0.11048085242509842,0.07706955820322037,-74.11124420166016,-52.4260368347168,35.31294250488281,69.33811950683594,256.8800964355469,h
334.177001953125,228.0384979248047,5.179500102996826,0.013100000098347664,0.0007999999797903001,575.24072265625,231.4459991455078,-205.8946990966797,90.0,5.74560022354126,h
7.207900047302246,0.0,5.179500102996826,0.8912000060081482,0.6740000247955322,-457.9161071777344,-331.7799987792969,179.8509979248047,90.0,5.74560022354126,h
334.177001953125,228.0384979248047,5.179500102996826,0.013100000098347664,0.0007999999797903001,575.24072265625,231.4459991455078,57.60394287109375,90.0,5.749320030212402,h
29.320886611938477,6.681783676147461,2.486464738845825,0.44741693139076233,0.25411349534988403,-25.03156280517578,-25.742294311523438,5.432152271270752,89.94066619873047,162.6581268310547,h
79.57604217529297,56.552303314208984,2.9362125396728516,0.23853729665279388,0.12621727585792542,-119.66719818115234,-11.827974319458008,-57.74247360229492,33.12794494628906,178.8884735107422,h
21.44862174987793,7.21763277053833,3.0131423473358154,0.4758021831512451,0.2657678723335266,21.25872230529785,23.031341552734375,-3.4278690814971924,19.41190528869629,151.43795776367188,h
334.177001953125,228.0384979248047,5.179500102996826,0.013100000098347664,0.0007999999797903001,-457.9161071777344,-331.7799987792969,179.8509979248047,90.0,5.74560022354126,h
334.177001953125,228.0384979248047,5.179500102996826,0.013100000098347664,0.0007999999797903001,575.24072265625,231.4459991455078,-205.8946990966797,90.0,5.74560022354126,h
126.05440521240234,102.87422943115234,3.9540317058563232,0.0702555924654007,0.042699240148067474,-102.14521026611328,-97.17979431152344,-66.73635864257812,7.586667537689209,177.8909149169922,h
334.177001953125,228.0384979248047,5.179500102996826,0.013100000098347664,0.0007999999797903001,-457.9161071777344,-331.7799987792969,179.8509979248047,90.0,466.4078063964844,h
334.177001953125,228.0384979248047,5.179500102996826,0.013100000098347664,0.0007999999797903001,-457.9161071777344,-331.7799987792969,-205.8946990966797,90.0,466.4078063964844,h
334.177001953125,228.0384979248047,5.179500102996826,0.013100000098347664,0.0007999999797903001,575.24072265625,231.4459991455078,179.8509979248047,90.0,5.74560022354126,h
326.4076843261719,225.55223083496094,5.178861141204834,0.013326417654752731,0.0010390372481197119,-457.4636535644531,-325.96331787109375,175.50758361816406,62.80536651611328,387.9223937988281,h
334.177001953125,228.0384979248047,5.179500102996826,0.013100000098347664,0.0007999999797903001,-457.9161071777344,-331.7799987792969,179.8509979248047,90.0,466.4078063964844,h
21.58565330505371,11.061598777770996,2.5675461292266846,0.7220138907432556,0.43304315209388733,-5.057171821594238,13.755849838256836,-7.842185974121094,31.386808395385742,198.6620635986328,h
65.47069549560547,35.39041519165039,3.1120986938476562,0.25048646330833435,0.1395493894815445,64.32344055175781,3.8895649909973145,11.076301574707031,61.852210998535156,51.486412048339844,h
36.30398941040039,13.517252922058105,2.6859447956085205,0.37654533982276917,0.19966337084770203,14.648621559143066,-16.45709228515625,4.507280349731445,54.33637237548828,145.76866149902344,h
7.207900047302246,0.0,2.254885673522949,0.8912000060081482,0.6740000247955322,-457.9161071777344,-331.7799987792969,179.8509979248047,0.0,5.74560022354126,h
334.177001953125,228.0384979248047,5.179500102996826,0.013100000098347664,0.0007999999797903001,-4.039926052093506,-331.7799987792969,179.8509979248047,90.0,466.4078063964844,h
9.530379295349121,227.8881072998047,1.9413000345230103,0.19646041095256805,0.07083217054605484,-457.9161071777344,-331.7799987792969,179.8509979248047,0.0,5.74560022354126,h
108.91752624511719,14.96400260925293,3.5482232570648193,0.24082805216312408,0.15047144889831543,21.597549438476562,58.840187072753906,-9.870990753173828,1.9586906433105469,283.15789794921875,h
334.177001953125,228.0384979248047,5.179500102996826,0.013100000098347664,0.0007999999797903001,-457.9161071777344,231.4459991455078,-205.8946990966797,90.0,5.74560022354126,h
79.94120788574219,29.923315048217773,3.145113468170166,0.1502765417098999,0.0584559328854084,65.35099029541016,13.791377067565918,27.28864097595215,47.97113800048828,99.2500228881836,h
334.177001953125,228.0384979248047,5.179500102996826,0.013100000098347664,0.0007999999797903001,575.24072265625,231.4459991455078,-205.8946990966797,90.0,5.74560022354126,h
334.177001953125,228.0384979248047,5.179500102996826,0.013100000098347664,0.0007999999797903001,575.24072265625,231.4459991455078,179.8509979248047,90.0,5.74560022354126,h
34.97744369506836,13.084420204162598,2.579084873199463,0.4196922779083252,0.20508763194084167,-67.93042755126953,-26.803361892700195,13.903985977172852,7.249034404754639,149.40306091308594,h
69.82057189941406,37.10711669921875,2.9796721935272217,0.24914714694023132,0.13954201340675354,31.892845153808594,25.434370040893555,22.49173355102539,4.683995723724365,216.09828186035156,h
59.610958099365234,25.868093490600586,3.110403537750244,0.3457755148410797,0.20658761262893677,-14.589254379272461,-37.06534194946289,25.570737838745117,0.44359445571899414,246.4764862060547,h
74.32621002197266,13.41100788116455,3.1361682415008545,0.27307209372520447,0.12208084017038345,17.20566749572754,53.48291778564453,14.527688026428223,8.738579750061035,195.5640106201172,h
26.974681854248047,10.445300102233887,2.6308846473693848,0.5826534628868103,0.3488227128982544,-2.7823586463928223,-7.247880458831787,9.277939796447754,75.44837188720703,202.23451232910156,h
7.207900047302246,0.0,1.9413000345230103,0.8912000060081482,0.6740000247955322,-457.9161071777344,-331.7799987792969,-205.8946990966797,90.0,466.4078063964844,h
48.423614501953125,7.194457530975342,2.542609691619873,0.5258241295814514,0.3060832917690277,58.72947311401367,51.467628479003906,4.816688537597656,16.78696632385254,150.55953979492188,h
24.59008026123047,6.624908924102783,2.4525208473205566,0.7257813811302185,0.5067232251167297,7.966699600219727,15.702083587646484,-7.888622283935547,76.27307891845703,204.41746520996094,h
84.06897735595703,10.108949661254883,2.78295636177063,0.41114354133605957,0.248692125082016,96.63208770751953,73.62032318115234,-8.031070709228516,34.691951751708984,217.4739990234375,h
334.177001953125,228.0384979248047,5.179500102996826,0.013100000098347664,0.0007999999797903001,575.24072265625,231.4459991455078,-205.8946990966797,0.04001937434077263,5.74560022354126,h
95.1612777709961,51.82516860961914,3.698208808898926,0.14844419062137604,0.10147450864315033,-19.992956161499023,52.52908706665039,-59.87076187133789,7.698771953582764,177.94284057617188,h
95.0468521118164,46.153411865234375,3.254472255706787,0.16638509929180145,0.09569593518972397,62.42900466918945,50.81999969482422,13.60718822479248,23.991884231567383,240.5054168701172,h
76.4806900024414,16.92391586303711,2.7191193103790283,0.3161177933216095,0.1835494190454483,65.34532165527344,60.912628173828125,11.55179214477539,37.115325927734375,227.6815643310547,h
158.3181915283203,61.41111373901367,3.661736011505127,0.060177188366651535,0.02685212902724743,-325.80865478515625,127.6066665649414,-11.517562866210938,23.680768966674805,242.3671417236328,h
27.284244537353516,10.79042911529541,2.6669762134552,0.44543901085853577,0.2393382340669632,5.656900405883789,13.005292892456055,-11.906845092773438,16.469846725463867,161.078125,h
334.177001953125,228.0384979248047,5.179500102996826,0.013100000098347664,0.0007999999797903001,-457.9161071777344,-331.7799987792969,179.8509979248047,90.0,466.4078063964844,h
38.51191711425781,9.93664836883545,3.0031485557556152,0.3107891380786896,0.18878582119941711,77.8445816040039,45.44762420654297,0.7974287271499634,10.30720329284668,198.31842041015625,h
334.177001953125,228.0384979248047,5.179500102996826,0.013100000098347664,0.0007999999797903001,-457.9161071777344,-331.454345703125,-205.8946990966797,90.0,466.4078063964844,h
334.177001953125,228.0384979248047,5.179500102996826,0.013100000098347664,0.0007999999797903001,575.24072265625,231.4459991455078,179.8509979248047,89.9993896484375,5.74560022354126,h
334.177001953125,228.0384979248047,5.179500102996826,0.013100000098347664,0.0007999999797903001,575.24072265625,231.4459991455078,-205.8946990966797,90.0,5.74560022354126,h
334.177001953125,228.0384979248047,5.179500102996826,0.013100000098347664,0.0007999999797903001,-457.9161071777344,-331.7799987792969,179.8509979248047,90.0,5.74560022354126,h
334.177001953125,228.0384979248047,5.179500102996826,0.013100000098347664,0.0007999999797903001,575.24072265625,231.4459991455078,179.8509979248047,90.0,466.4078063964844,h
32.7015266418457,17.463472366333008,2.554370880126953,0.3491637706756592,0.2116648107767105,23.149858474731445,20.64444923400879,-5.906496524810791,45.30862045288086,111.38941955566406,h
217.68382263183594,75.03555297851562,3.6376006603240967,0.07582613080739975,0.03622055798768997,-222.58241271972656,-30.93172264099121,-50.86065673828125,72.93912506103516,181.5807342529297,h
334.177001953125,228.0384979248047,5.179500102996826,0.013100000098347664,0.0007999999797903001,575.24072265625,231.4459991455078,-205.8946990966797,90.0,5.74560022354126,h
334.177001953125,228.0384979248047,5.179500102996826,0.013100000098347664,0.0007999999797903001,-457.9161071777344,-331.7799987792969,179.8509979248047,90.0,466.4078063964844,h
102.70416259765625,50.911766052246094,2.9715182781219482,0.3841865360736847,0.21289809048175812,-41.620845794677734,-9.46308422088623,58.30721664428711,4.656917572021484,245.93263244628906,h
7.207900047302246,0.0,1.9413000345230103,0.8912000060081482,0.6740000247955322,-457.9161071777344,231.4459991455078,179.8509979248047,90.0,5.74560022354126,h
334.177001953125,228.0384979248047,5.137204647064209,0.013100000098347664,0.0007999999797903001,575.24072265625,231.4459991455078,-205.8946990966797,0.0,5.74560022354126,h
61.491477966308594,20.868066787719727,3.2928383350372314,0.28629955649375916,0.15080896019935608,7.3456292152404785,31.384504318237305,10.972648620605469,13.712324142456055,253.82345581054688,h
334.177001953125,228.0384979248047,5.179500102996826,0.013100000098347664,0.0007999999797903001,-457.9161071777344,-331.7799987792969,179.8509979248047,90.0,466.4078063964844,h
144.33270263671875,44.080780029296875,3.717426300048828,0.16491404175758362,0.08634882420301437,-187.7477569580078,-156.72525024414062,-10.302825927734375,3.190072774887085,408.6415710449219,h
7.207900047302246,0.0,5.179500102996826,0.8912000060081482,0.6740000247955322,-457.9161071777344,-331.7799987792969,-205.8946990966797,0.0,98.09597778320312,h
22.649396896362305,17.13640022277832,2.3526127338409424,0.5248043537139893,0.3022909164428711,31.251741409301758,-9.2833251953125,12.030723571777344,80.71674346923828,121.59423065185547,h
27.70611572265625,12.239200592041016,2.6407737731933594,0.5212993025779724,0.36394011974334717,1.5654504299163818,-24.933391571044922,-10.962780952453613,87.30992126464844,328.7657165527344,h
334.177001953125,0.0,5.179500102996826,0.013100000098347664,0.6740000247955322,-457.9161071777344,-331.7799987792969,-205.8946990966797,90.0,5.74560022354126,h
12.725735664367676,7.26990270614624,2.610581159591675,0.7361425161361694,0.40244168043136597,3.9277093410491943,7.1143035888671875,-7.891634941101074,14.180237770080566,150.31736755371094,h
7.207900047302246,0.0,5.179500102996826,0.8912000060081482,0.6740000247955322,-457.9161071777344,-331.7799987792969,179.8509979248047,90.0,466.4078063964844,h
334.177001953125,228.0384979248047,5.179500102996826,0.013100000098347664,0.0007999999797903001,-457.9161071777344,231.4459991455078,179.8509979248047,90.0,5.74560022354126,h
70.04794311523438,23.38926887512207,2.899930715560913,0.216375470161438,0.12036677449941635,-4.204202651977539,-25.031299591064453,-12.499731063842773,74.15998840332031,283.6716613769531,h
7.207900047302246,0.0,1.9413000345230103,0.8912000060081482,0.6740000247955322,-457.9161071777344,-331.7799987792969,179.8509979248047,90.0,5.74560022354126,h
37.71317672729492,5.944845676422119,2.5586087703704834,0.49867546558380127,0.3214995265007019,15.354043960571289,19.11964225769043,-6.276753902435303,43.28327560424805,70.41517639160156,h
118.4002914428711,112.02337646484375,3.9668784141540527,0.19870950281620026,0.08220783621072769,-26.322269439697266,153.0322265625,-91.21221160888672,67.95520782470703,346.6143798828125,h
327.8443908691406,227.87405395507812,5.179500102996826,0.013100000098347664,0.0007999999797903001,-456.90032958984375,-166.2759246826172,-189.2848663330078,89.98748779296875,428.7108154296875,h
90.13824462890625,56.79887008666992,4.120841979980469,0.1683543622493744,0.08572465181350708,-116.72775268554688,89.14395904541016,-77.44473266601562,26.56464958190918,206.1524200439453,h
334.177001953125,228.0384979248047,1.9413000345230103,0.013100000098347664,0.6740000247955322,-457.9161071777344,-331.7799987792969,179.8509979248047,0.0,466.4078063964844,h
229.51637268066406,22.491992950439453,2.9266865253448486,0.26152732968330383,0.17538586258888245,-245.91075134277344,-144.13914489746094,-22.268091201782227,78.22191619873047,269.8905944824219,h
42.465999603271484,15.01707649230957,2.6484992504119873,0.3920310437679291,0.28315046429634094,-98.5062484741211,-7.536532878875732,-8.964375495910645,52.8837776184082,283.9044494628906,h
7.207900047302246,0.0,5.179500102996826,0.8912000060081482,0.6740000247955322,-457.9161071777344,-331.7799987792969,179.8509979248047,90.0,5.74560022354126,h
29.339235305786133,12.040217399597168,2.5218923091888428,0.537886917591095,0.27850642800331116,-5.8103718757629395,12.692181587219238,10.243879318237305,22.064573287963867,182.25990295410156,h
334.177001953125,228.0384979248047,5.179500102996826,0.013100000098347664,0.0007999999797903001,-457.9161071777344,-331.7799987792969,179.8509979248047,90.0,391.8070373535156,h
157.4880828857422,59.837215423583984,3.073664426803589,0.39249899983406067,0.2503278851509094,-122.41023254394531,-61.73370361328125,65.19207763671875,30.924633026123047,289.97430419921875,h
334.177001953125,228.0384979248047,5.179500102996826,0.013100000098347664,0.0007999999797903001,-457.9161071777344,-331.7799987792969,179.8509979248047,90.0,466.4078063964844,h
13.01462459564209,10.921745300292969,2.224276542663574,0.7139380574226379,0.4493923485279083,7.438759803771973,1.4906471967697144,-4.857540130615234,59.42464828491211,225.1809844970703,h
183.4595489501953,85.77670288085938,4.1711506843566895,0.053281232714653015,0.027589479461312294,-93.46350860595703,-135.12234497070312,-95.68476104736328,22.792470932006836,207.71212768554688,h
334.177001953125,228.0384979248047,5.179500102996826,0.013100000098347664,0.0007999999797903001,-457.9161071777344,-331.7799987792969,179.8509979248047,90.0,466.4078063964844,h
334.177001953125,228.0384979248047,5.179500102996826,0.013100000098347664,0.0007999999797903001,575.24072265625,231.4459991455078,-205.8946990966797,90.0,5.74560022354126,h
54.0213508605957,15.753104209899902,2.3988935947418213,0.45692160725593567,0.23876641690731049,22.469385147094727,-21.277774810791016,-7.668586730957031,79.09709930419922,186.4130859375,h
334.177001953125,228.0384979248047,5.179500102996826,0.013100000098347664,0.0007999999797903001,575.24072265625,231.4459991455078,-205.8946990966797,90.0,463.9270324707031,h
79.35639953613281,27.736053466796875,3.416079044342041,0.16278542578220367,0.10910365730524063,106.40727996826172,31.894004821777344,39.58618927001953,65.285888671875,264.5072326660156,h
43.82494354248047,36.06025695800781,3.1320855617523193,0.2085937112569809,0.13013063371181488,-13.37259292602539,22.749879837036133,45.996089935302734,18.90388298034668,195.38247680664062,h
334.177001953125,228.0384979248047,5.179500102996826,0.013100000098347664,0.0007999999797903001,-457.9161071777344,-331.7799987792969,-205.8946990966797,90.0,466.4078063964844,h
39.711700439453125,17.5079402923584,3.0294177532196045,0.29803767800331116,0.18322467803955078,60.643714904785156,28.090166091918945,8.103592872619629,53.996158599853516,242.9589080810547,h
334.177001953125,228.0384979248047,5.179500102996826,0.013100000098347664,0.0007999999797903001,-457.9161071777344,231.4459991455078,-205.8946990966797,90.0,466.4078063964844,h
334.177001953125,228.0384979248047,1.9413000345230103,0.28082481026649475,0.6740000247955322,-457.9161071777344,-331.7799987792969,179.8509979248047,0.0,466.4078063964844,h
334.177001953125,228.0384979248047,5.179500102996826,0.013100000098347664,0.0007999999797903001,575.24072265625,231.4459991455078,-205.8946990966797,90.0,5.74560022354126,h
334.177001953125,228.0384979248047,5.179500102996826,0.013100000098347664,0.0007999999797903001,-457.9161071777344,-331.7799987792969,-205.8946990966797,90.0,466.4078063964844,h
33.28742980957031,10.583377838134766,2.227952718734741,0.5918104648590088,0.3050238788127899,-66.15435791015625,10.859394073486328,-7.3101019859313965,86.25704956054688,71.95038604736328,h
33.225868225097656,15.593093872070312,2.7244443893432617,0.39566218852996826,0.22322486340999603,-66.48957061767578,17.523164749145508,11.1785888671875,31.647235870361328,210.6744384765625,h
21.16490936279297,5.197393417358398,2.392341136932373,0.6775040030479431,0.40014350414276123,3.276648998260498,-15.201044082641602,7.898880958557129,81.80755615234375,198.96778869628906,h
334.177001953125,228.0384979248047,5.179500102996826,0.013100000098347664,0.0007999999797903001,-457.9161071777344,231.4459991455078,-205.8946990966797,90.0,466.4078063964844,h
334.177001953125,228.0384979248047,5.179500102996826,0.013100000098347664,0.0007999999797903001,575.24072265625,231.4459991455078,-205.8946990966797,90.0,466.4078063964844,h
7.207900047302246,0.0,1.9413000345230103,0.8912000060081482,0.6740000247955322,-457.9161071777344,-331.7799987792969,-205.8946990966797,0.0,466.4078063964844,h
334.177001953125,228.0384979248047,5.179500102996826,0.013100000098347664,0.0007999999797903001,575.24072265625,231.4459991455078,179.8509979248047,90.0,5.74560022354126,h
334.177001953125,228.0384979248047,5.179500102996826,0.013100000098347664,0.0007999999797903001,575.24072265625,231.4459991455078,-205.8946990966797,90.0,5.74560022354126,h
23.491138458251953,6.949532985687256,2.6964669227600098,0.42908939719200134,0.2313433289527893,-12.644174575805664,11.097332954406738,-5.713459491729736,4.017708778381348,156.2376251220703,h
38.99021530151367,228.0384979248047,1.9413000345230103,0.01349728461354971,0.03304567560553551,-457.9161071777344,-331.7799987792969,179.8509979248047,0.0,5.74560022354126,h
7.207900047302246,0.0,5.179500102996826,0.8912000060081482,0.6740000247955322,575.24072265625,-331.7799987792969,179.8509979248047,90.0,466.4078063964844,h
26.867801666259766,20.473176956176758,3.011866807937622,0.35834717750549316,0.18772053718566895,13.773601531982422,-11.51131820678711,5.056858062744141,76.35667419433594,96.01486206054688,h
115.6622314453125,72.24190521240234,3.7942240238189697,0.08180633932352066,0.038209445774555206,-34.96535873413086,69.3962173461914,-90.67022705078125,1.6744002103805542,261.90423583984375,h
7.207900047302246,0.0,1.9413000345230103,0.8912000060081482,0.6740000247955322,-457.9161071777344,-331.7799987792969,179.8509979248047,0.0,5.74560022354126,h
334.177001953125,228.0384979248047,5.179500102996826,0.013100000098347664,0.0007999999797903001,-457.9161071777344,-331.7799987792969,179.8509979248047,90.0,466.4078063964844,h
7.207900047302246,228.0384979248047,1.9413000345230103,0.10885490477085114,0.07736330479383469,-457.9161071777344,-331.7799987792969,179.8509979248047,0.0,5.74560022354126,h
16.872230529785156,0.0,2.596015214920044,0.8257012367248535,0.4823029637336731,0.9985609650611877,7.948054313659668,14.804766654968262,31.86477279663086,145.34837341308594,h
139.92715454101562,38.72111129760742,3.693297863006592,0.16210393607616425,0.07099537551403046,67.89311218261719,164.2916259765625,-20.437824249267578,12.283374786376953,168.9829864501953,h
7.314061164855957,15.314090728759766,1.9413000345230103,0.7147915959358215,0.31732040643692017,-5.092480182647705,-19.43030548095703,13.422704696655273,0.004102213773876429,148.07626342773438,h
334.177001953125,228.0384979248047,5.179500102996826,0.013100000098347664,0.0007999999797903001,-457.9161071777344,-331.7799987792969,-205.8946990966797,90.0,466.4078063964844,h
20.0091495513916,11.044092178344727,2.579756498336792,0.5017284154891968,0.2804708778858185,10.3287992477417,16.515777587890625,12.557982444763184,6.688238620758057,190.97837829589844,h
334.177001953125,228.0384979248047,1.9413000345230103,0.8912000060081482,0.6740000247955322,-457.9161071777344,-331.7799987792969,179.8509979248047,0.0,466.4078063964844,h
7.207900047302246,0.0,1.9413000345230103,0.8912000060081482,0.6740000247955322,-457.9161071777344,231.4459991455078,-205.8946990966797,90.0,5.74560022354126,h
31.533443450927734,10.865291595458984,2.7322371006011963,0.7141197323799133,0.35680055618286133,22.295902252197266,17.456029891967773,6.763504505157471,27.324466705322266,203.17604064941406,h
23.152326583862305,10.698486328125,2.5445444583892822,0.3796803951263428,0.22537635266780853,-23.4743709564209,13.613094329833984,-4.420009136199951,52.80162048339844,131.50730895996094,h
334.177001953125,0.0,1.9413000345230103,0.8912000060081482,0.6740000247955322,575.24072265625,-331.7799987792969,179.8509979248047,0.0,5.74560022354126,h
259.0776062011719,89.13674926757812,2.892561435699463,0.26433923840522766,0.14027611911296844,-216.25350952148438,-290.5221862792969,11.684800148010254,7.495131015777588,198.13534545898438,h
334.177001953125,228.0384979248047,5.179500102996826,0.013100000098347664,0.0007999999797903001,-457.9161071777344,231.4459991455078,-205.8946990966797,90.0,466.4078063964844,h
191.88612365722656,115.66104125976562,4.341644763946533,0.03091464191675186,0.017566069960594177,-97.34334564208984,-176.0524139404297,92.31951141357422,80.04308319091797,328.667724609375,h
334.177001953125,228.0384979248047,5.179500102996826,0.013100000098347664,0.0007999999797903001,575.24072265625,231.4459991455078,-205.8946990966797,90.0,334.57391357421875,h
80.72373962402344,12.8230619430542,2.7169535160064697,0.3372935354709625,0.19250473380088806,-145.83038330078125,-64.85274505615234,-1.9126899242401123,43.86398696899414,144.09085083007812,h
334.177001953125,228.0384979248047,5.179500102996826,0.013100000098347664,0.0007999999797903001,575.24072265625,231.4459991455078,-205.8946990966797,90.0,5.74560022354126,h
332.50677490234375,228.0384979248047,5.179500102996826,0.013100000098347664,0.0007999999797903001,-331.5963134765625,-331.77032470703125,-205.88815307617188,89.98778533935547,466.4078063964844,h
334.177001953125,228.0384979248047,5.179500102996826,0.013100000098347664,0.0007999999797903001,-457.9161071777344,-331.7799987792969,179.8509979248047,90.0,5.74560022354126,h
334.177001953125,228.0384979248047,5.179500102996826,0.013100000098347664,0.0007999999797903001,-457.9161071777344,231.4459991455078,-205.8946990966797,90.0,466.4078063964844,h
65.5680160522461,17.040443420410156,2.9160115718841553,0.21945790946483612,0.12038537114858627,-55.19526290893555,17.99637222290039,-12.151649475097656,15.353779792785645,182.6782989501953,h
334.177001953125,228.0384979248047,5.179500102996826,0.013100000098347664,0.0007999999797903001,575.24072265625,231.4459991455078,179.8509979248047,90.0,5.74560022354126,h
7.207900047302246,228.0384979248047,1.9413000345230103,0.8912000060081482,0.6740000247955322,-457.9161071777344,231.4459991455078,179.8509979248047,0.0,5.74560022354126,h
109.58641815185547,100.67566680908203,4.303557872772217,0.08928581327199936,0.04461967572569847,-8.023786544799805,64.86842346191406,-113.4149398803711,28.92613410949707,303.26318359375,h
17.878828048706055,11.83165168762207,2.4934492111206055,0.6383672952651978,0.4158605933189392,11.33198070526123,10.376676559448242,-9.706474304199219,44.30321502685547,238.510009765625,h
334.177001953125,228.0384979248047,5.179500102996826,0.013100000098347664,0.0007999999797903001,-457.9161071777344,-331.7799987792969,-205.8946990966797,90.0,5.74560022354126,h
334.177001953125,228.0384979248047,5.179500102996826,0.013100000098347664,0.0007999999797903001,-457.9161071777344,-331.7799987792969,179.8509979248047,90.0,466.4078063964844,h
334.177001953125,228.0384979248047,5.179500102996826,0.013100000098347664,0.0007999999797903001,-457.9161071777344,231.4459991455078,179.8509979248047,90.0,5.74560022354126,h
334.177001953125,228.0384979248047,5.179500102996826,0.013100000098347664,0.0007999999797903001,575.24072265625,231.4459991455078,-205.8946990966797,90.0,5.74560022354126,h
19.72194480895996,11.867125511169434,2.5809128284454346,0.7393599152565002,0.4310154616832733,14.622702598571777,5.8370819091796875,11.543471336364746,83.6124267578125,277.4020690917969,h
334.177001953125,228.0384979248047,5.179500102996826,0.013100000098347664,0.0007999999797903001,-457.9161071777344,-331.7799987792969,179.8509979248047,90.0,466.4078063964844,h
334.177001953125,228.0384979248047,5.179500102996826,0.013100000098347664,0.0007999999797903001,575.24072265625,-331.74310302734375,-205.8946990966797,90.0,5.74560022354126,h
47.9956169128418,17.712207794189453,2.7431252002716064,0.33745020627975464,0.20307084918022156,44.85161590576172,-0.19664737582206726,17.41781234741211,13.002460479736328,216.1258544921875,h
334.177001953125,228.0384979248047,5.179500102996826,0.013100000098347664,0.0007999999797903001,575.24072265625,231.4459991455078,179.8509979248047,90.0,5.74560022354126,h
57.772621154785156,22.843467712402344,2.6970913410186768,0.35818636417388916,0.2029114067554474,-36.903076171875,-75.98792266845703,24.20759391784668,19.10725212097168,181.7930145263672,h
18.309734344482422,14.081260681152344,2.3164610862731934,0.49741649627685547,0.2944601774215698,12.184679985046387,14.9682035446167,2.6136229038238525,49.276512145996094,171.41293334960938,h
38.436641693115234,14.263800621032715,2.776367664337158,0.4186284840106964,0.20955808460712433,65.82605743408203,33.993865966796875,-5.878512382507324,80.9390640258789,206.36761474609375,h
7.207900047302246,0.0,5.179500102996826,0.8912000060081482,0.6740000247955322,-457.9161071777344,231.4459991455078,-205.8946990966797,90.0,466.4078063964844,h
42.301856994628906,0.0,2.604771137237549,0.41055455803871155,0.23997409641742706,15.074114799499512,18.071239471435547,8.562309265136719,24.55045509338379,55.61836624145508,h
7.207900047302246,0.0,1.9413000345230103,0.8912000060081482,0.6740000247955322,-457.9161071777344,-331.7799987792969,-205.8946990966797,90.0,466.4078063964844,h
12.714502334594727,18.08820343017578,1.9433726072311401,0.775114893913269,0.47813037037849426,38.84109878540039,18.168014526367188,-11.231194496154785,31.17909049987793,307.4228820800781,h
334.177001953125,228.0384979248047,5.179500102996826,0.013100000098347664,0.0007999999797903001,-457.9161071777344,-331.7799987792969,179.8509979248047,90.0,466.4078063964844,h
35.72572708129883,20.043004989624023,2.682100296020508,0.32943612337112427,0.19491952657699585,-16.601932525634766,-26.94503402709961,-9.95626449584961,52.521400451660156,127.80488586425781,h
41.07499694824219,7.882242202758789,2.430145502090454,0.42647963762283325,0.23966023325920105,-35.49379348754883,-20.390966415405273,14.234138488769531,86.73172760009766,199.74188232421875,h
125.76545715332031,101.42974090576172,3.4347712993621826,0.24881258606910706,0.12423338741064072,-78.23091888427734,-83.61459350585938,107.43861389160156,71.28753662109375,381.6088562011719,h
19.098642349243164,7.379743576049805,2.2539706230163574,0.6898847222328186,0.3968302607536316,21.846952438354492,21.760662078857422,-8.3943452835083,41.701358795166016,285.8671875,h
334.177001953125,228.0384979248047,5.179500102996826,0.013100000098347664,0.0007999999797903001,575.24072265625,231.4459991455078,-205.8946990966797,90.0,5.74560022354126,h
82.08380126953125,35.56684112548828,3.2984352111816406,0.15874303877353668,0.09829436242580414,24.834291458129883,-18.369298934936523,15.905569076538086,54.25080490112305,102.69475555419922,h
166.29872131347656,59.53438949584961,3.822155237197876,0.08910981565713882,0.058685921132564545,-338.39703369140625,101.29834747314453,-22.63334083557129,20.775144577026367,334.62506103515625,h
283.6220703125,135.95057678222656,3.971827507019043,0.1341480016708374,0.11920375376939774,-235.99819946289062,-308.61260986328125,-199.66439819335938,6.9669623374938965,463.139892578125,h
80.64076232910156,24.48640251159668,3.283811330795288,0.29661959409713745,0.17439699172973633,-7.472104549407959,18.523780822753906,10.338438987731934,25.92054557800293,362.6795654296875,h
45.92074203491211,25.706741333007812,2.659456729888916,0.3454325497150421,0.18955817818641663,12.440711975097656,11.526822090148926,11.082525253295898,79.85818481445312,36.13169860839844,h
38.01926803588867,13.769133567810059,2.871950149536133,0.3284452259540558,0.192898228764534,24.50994300842285,19.30239486694336,11.803343772888184,58.487144470214844,154.17431640625,h
76.36430358886719,22.63982391357422,3.156895637512207,0.2438383549451828,0.13384446501731873,-23.173086166381836,-25.709882736206055,19.91287612915039,30.101627349853516,256.3618469238281,h
334.177001953125,228.0384979248047,5.179500102996826,0.013100000098347664,0.0007999999797903001,-457.9161071777344,-331.7799987792969,179.8509979248047,90.0,5.74560022354126,h
334.177001953125,228.0384979248047,5.179500102996826,0.013100000098347664,0.0007999999797903001,-457.9161071777344,-331.7799987792969,179.8509979248047,90.0,466.4078063964844,h
7.207900047302246,0.0,3.5775632858276367,0.8912000060081482,0.6740000247955322,-457.9161071777344,-331.7799987792969,179.8509979248047,90.0,5.74560022354126,h
126.82965087890625,20.82716941833496,2.9243340492248535,0.2748340666294098,0.14909635484218597,73.6865463256836,102.76277160644531,12.877449989318848,32.09115219116211,154.3439483642578,h
7.207900047302246,0.0,1.9413000345230103,0.8912000060081482,0.6740000247955322,-457.9161071777344,-331.7799987792969,179.8509979248047,90.0,5.74560022354126,h
334.177001953125,228.0384979248047,5.179500102996826,0.013100000098347664,0.0007999999797903001,575.24072265625,231.4459991455078,-205.8946990966797,90.0,466.4078063964844,h
7.207900047302246,0.0,5.179500102996826,0.8912000060081482,0.6740000247955322,-457.9161071777344,231.4459991455078,-205.8946990966797,90.0,466.4078063964844,h
334.177001953125,228.0384979248047,5.179500102996826,0.013100000098347664,0.0007999999797903001,575.24072265625,231.4459991455078,-205.8946990966797,90.0,5.74560022354126,h
112.55461120605469,24.144695281982422,3.358642339706421,0.27590852975845337,0.14044195413589478,-63.67517852783203,-0.2722095847129822,17.17879867553711,1.7660409212112427,248.00161743164062,h
334.177001953125,228.0384979248047,5.179500102996826,0.013100000098347664,0.0007999999797903001,-457.9161071777344,-331.7799987792969,-205.8946990966797,90.0,466.4078063964844,h
334.177001953125,228.0384979248047,5.179500102996826,0.013100000098347664,0.0007999999797903001,-457.9161071777344,-331.7799987792969,-205.8946990966797,90.0,466.4078063964844,h
334.177001953125,228.0384979248047,1.9413000345230103,0.8912000060081482,0.6740000247955322,-457.9161071777344,-331.7799987792969,179.8509979248047,0.0,466.4078063964844,h
7.207900047302246,0.0,1.9413000345230103,0.8912000060081482,0.6740000247955322,575.24072265625,-331.7799987792969,179.8509979248047,90.0,5.74560022354126,h
129.50421142578125,36.243370056152344,3.1817526817321777,0.1714051365852356,0.10314330458641052,-208.47349548339844,-123.31786346435547,-22.21596336364746,18.688180923461914,259.1661071777344,h
39.4887580871582,30.321918487548828,2.932934284210205,0.25243282318115234,0.13932470977306366,36.94114303588867,7.724032402038574,-20.48055648803711,43.8066291809082,148.68519592285156,h
7.207900047302246,0.0,5.179500102996826,0.8912000060081482,0.6740000247955322,-457.9161071777344,-331.7799987792969,179.8509979248047,90.0,466.4078063964844,h
334.177001953125,228.0384979248047,5.179500102996826,0.013100000098347664,0.0007999999797903001,-457.9161071777344,-331.7799987792969,-205.8946990966797,90.0,466.4078063964844,h
334.177001953125,228.0384979248047,1.9413000345230103,0.8912000060081482,0.6740000247955322,-457.9161071777344,-331.7799987792969,179.8509979248047,0.0,5.74560022354126,h
28.886550903320312,18.419071197509766,2.8275458812713623,0.301360160112381,0.1814296990633011,-56.422183990478516,-15.337930679321289,-7.280760765075684,60.87313461303711,195.76795959472656,h
224.2970428466797,83.33074951171875,3.642291784286499,0.14673495292663574,0.054289624094963074,-282.1190490722656,-16.673423767089844,-11.450162887573242,59.78614044189453,272.8238525390625,h
334.177001953125,228.0384979248047,5.179500102996826,0.013100000098347664,0.0007999999797903001,-457.9161071777344,-331.7799987792969,179.8509979248047,90.0,466.4078063964844,h
118.5016860961914,35.963584899902344,2.8092594146728516,0.26200008392333984,0.14968355000019073,-72.46826171875,110.18159484863281,-23.77699089050293,39.28874588012695,126.98025512695312,h
327.7952575683594,228.0384979248047,1.9413000345230103,0.013100000098347664,0.2978951930999756,-457.9161071777344,-331.7799987792969,179.8509979248047,0.0,5.74560022354126,h
334.177001953125,228.0384979248047,1.9413000345230103,0.013100000098347664,0.6740000247955322,-457.9161071777344,-331.7799987792969,179.8509979248047,0.0,466.4078063964844,h
120.58474731445312,53.66666030883789,3.4246938228607178,0.19731000065803528,0.0842568650841713,-85.0983657836914,-101.95611572265625,85.72791290283203,76.27115631103516,363.746826171875,h
334.177001953125,228.0384979248047,1.9413000345230103,0.013100000098347664,0.6740000247955322,-457.9161071777344,-331.7799987792969,179.8509979248047,0.0,5.74560022354126,h
334.177001953125,0.0,5.179500102996826,0.8912000060081482,0.6740000247955322,575.24072265625,-331.7799987792969,179.8509979248047,90.0,5.74560022354126,h
334.177001953125,228.0384979248047,5.179500102996826,0.013100000098347664,0.0007999999797903001,575.24072265625,231.4459991455078,-205.8946990966797,90.0,466.4078063964844,h
52.538818359375,10.420001983642578,3.09535551071167,0.31716179847717285,0.19377939403057098,21.42867088317871,47.93144226074219,-7.109296798706055,34.59965515136719,142.53598022460938,h
57.80353546142578,17.935209274291992,2.75284743309021,0.24742627143859863,0.18599723279476166,23.83836555480957,-22.861265182495117,-20.60426902770996,85.8547592163086,118.2717056274414,h
180.5939483642578,64.10169219970703,3.671830177307129,0.09056666493415833,0.03839300572872162,162.56748962402344,137.63314819335938,-15.342809677124023,49.22666931152344,290.2234802246094,h
129.288330078125,28.138195037841797,2.553037643432617,0.5375814437866211,0.3322727084159851,131.4598846435547,127.65396118164062,-12.93500804901123,68.71334838867188,194.104248046875,h
7.207900047302246,0.0,1.9413000345230103,0.8912000060081482,0.6740000247955322,-457.9161071777344,-331.7799987792969,179.37026977539062,90.0,5.74560022354126,h
334.177001953125,228.0384979248047,5.179500102996826,0.013100000098347664,0.0007999999797903001,575.24072265625,231.4459991455078,179.8509979248047,90.0,5.74560022354126,h
39.809844970703125,19.20182991027832,3.1583828926086426,0.22902370989322662,0.14393776655197144,67.96648406982422,17.069927215576172,8.576106071472168,5.3520612716674805,174.97653198242188,h
12.966487884521484,13.618524551391602,1.9413000345230103,0.8912000060081482,0.6740000247955322,-457.9161071777344,-331.7799987792969,179.8509979248047,0.0,5.74560022354126,h
334.177001953125,228.0384979248047,5.179500102996826,0.013100000098347664,0.0007999999797903001,575.24072265625,231.4459991455078,-205.8946990966797,90.0,466.4078063964844,h
76.29756164550781,20.912202835083008,3.10665225982666,0.1961429864168167,0.08945945650339127,-6.412700176239014,19.563745498657227,27.33316421508789,73.25920867919922,138.0013427734375,h
95.40868377685547,49.30649185180664,3.6362321376800537,0.16471648216247559,0.0628180131316185,-0.5980952382087708,91.46305847167969,-14.790180206298828,73.55437469482422,305.046142578125,h
37.17713165283203,18.93768882751465,2.45304274559021,0.49887609481811523,0.24428889155387878,-5.343120098114014,27.0365047454834,4.705321311950684,21.653657913208008,168.35018920898438,h
17.4949951171875,9.75218391418457,2.2493200302124023,0.8138217329978943,0.532758891582489,2.2388322353363037,7.079573631286621,-5.907963275909424,25.59998893737793,174.5556640625,h
334.177001953125,228.0384979248047,5.179500102996826,0.013100000098347664,0.0007999999797903001,575.24072265625,6.612966060638428,-205.8946990966797,90.0,466.4078063964844,h
117.56647491455078,35.09406280517578,3.7010610103607178,0.12746667861938477,0.10410996526479721,-120.36357879638672,111.89014434814453,-22.434362411499023,16.9896240234375,166.3724365234375,h
49.35717010498047,10.344932556152344,2.699293613433838,0.42255204916000366,0.2541980445384979,1.6074758768081665,19.906415939331055,20.804319381713867,85.97174835205078,252.92929077148438,h
21.648099899291992,17.504594802856445,2.371823310852051,0.5739566683769226,0.3126334846019745,-5.0798139572143555,12.99539566040039,-12.07075023651123,47.252098083496094,218.46987915039062,h
36.29941177368164,11.422076225280762,2.9632863998413086,0.3473694920539856,0.1618906408548355,10.580424308776855,-4.4613261222839355,-5.319823741912842,15.480642318725586,138.0798797607422,h
32.803836822509766,20.826745986938477,2.5576319694519043,0.39627382159233093,0.27391317486763,35.876914978027344,19.614999771118164,10.911330223083496,7.853397369384766,144.36825561523438,h
12.851269721984863,9.309892654418945,2.7004148960113525,0.5895842909812927,0.3310672640800476,-1.757356882095337,5.943150520324707,12.302844047546387,15.203604698181152,268.04443359375,h
22.38356590270996,11.407088279724121,2.453742504119873,0.5943012237548828,0.3024729788303375,8.61440658569336,17.213138580322266,16.026447296142578,22.4349308013916,277.7748107910156,h
28.267671585083008,12.54368782043457,2.6970884799957275,0.4736487865447998,0.3132076859474182,14.779922485351562,25.708290100097656,-2.277933120727539,7.330198764801025,130.69369506835938,h
334.177001953125,228.0384979248047,5.179500102996826,0.013100000098347664,0.0007999999797903001,-457.9161071777344,-331.7799987792969,179.8509979248047,48.69133758544922,61.89927291870117,h
334.177001953125,228.0384979248047,5.179500102996826,0.013100000098347664,0.0007999999797903001,-457.9161071777344,-331.7799987792969,179.8509979248047,90.0,244.89852905273438,h
334.177001953125,228.0384979248047,5.179500102996826,0.013100000098347664,0.0007999999797903001,575.24072265625,231.4459991455078,-205.8946990966797,90.0,465.8004150390625,h
7.207900047302246,0.0,5.179500102996826,0.8912000060081482,0.6740000247955322,-457.9161071777344,-331.7799987792969,179.8509979248047,90.0,466.4078063964844,h
334.177001953125,228.0384979248047,5.179500102996826,0.013100000098347664,0.0007999999797903001,575.24072265625,231.4459991455078,-205.8946990966797,90.0,466.4078063964844,h
7.207900047302246,0.0,1.9413000345230103,0.8912000060081482,0.6740000247955322,-457.9161071777344,-331.7799987792969,179.8509979248047,90.0,5.74560022354126,h
334.177001953125,228.0384979248047,5.179500102996826,0.013100000098347664,0.0007999999797903001,575.24072265625,231.4459991455078,-205.8946990966797,90.0,5.74560022354126,h
78.76844024658203,33.23846435546875,3.517228364944458,0.10108017176389694,0.055324140936136246,-153.34567260742188,-15.88397216796875,15.532440185546875,21.9799861907959,342.8236389160156,h
7.207900047302246,0.0,1.9413000345230103,0.8912000060081482,0.6740000247955322,-457.9161071777344,-331.7799987792969,-205.8946990966797,90.0,466.4078063964844,h
97.92989349365234,32.60329818725586,2.777618885040283,0.3996344804763794,0.20950017869472504,-71.00047302246094,-41.339725494384766,18.833650588989258,18.57427978515625,310.7899169921875,h
334.177001953125,228.0384979248047,5.179500102996826,0.013100000098347664,0.0007999999797903001,-457.9161071777344,-331.7799987792969,-205.8946990966797,90.0,466.4078063964844,h
7.207900047302246,0.0,1.946047067642212,0.8912000060081482,0.6740000247955322,-457.9161071777344,-331.7799987792969,-205.8946990966797,90.0,465.4022216796875,h
334.177001953125,228.0384979248047,1.9413000345230103,0.013100000098347664,0.6740000247955322,-457.9161071777344,-331.7799987792969,-205.8946990966797,0.0,5.74560022354126,h
334.177001953125,228.0384979248047,5.179500102996826,0.013100000098347664,0.0007999999797903001,-457.9161071777344,-331.7799987792969,-205.8946990966797,90.0,466.4078063964844,h
21.848421096801758,14.259438514709473,2.479463815689087,0.4618476629257202,0.34236806631088257,7.7321953773498535,15.805672645568848,5.461116313934326,10.54106330871582,153.05120849609375,h
334.177001953125,228.0384979248047,1.9413000345230103,0.013100000098347664,0.6740000247955322,-457.9161071777344,-331.7799987792969,-205.80311584472656,0.0,5.74560022354126,h
202.79315185546875,107.19660186767578,3.7257254123687744,0.0511777400970459,0.019985608756542206,566.234130859375,-72.62269592285156,-79.87567901611328,11.573661804199219,217.1993865966797,h
334.177001953125,228.0384979248047,5.179500102996826,0.013100000098347664,0.0007999999797903001,575.24072265625,231.4459991455078,-205.8946990966797,90.0,466.4078063964844,h
96.38424682617188,88.77674102783203,3.859910011291504,0.12844052910804749,0.059756357222795486,-17.779563903808594,-28.278385162353516,44.43564224243164,44.77911376953125,353.77703857421875,h
43.589420318603516,26.672632217407227,2.896066427230835,0.2655054032802582,0.16712012887001038,23.660900115966797,-93.0213851928711,-4.806208610534668,85.4200439453125,190.34811401367188,h
252.3670654296875,63.6540641784668,3.207599401473999,0.166294127702713,0.10359277576208115,-294.6250305175781,224.32298278808594,19.327396392822266,22.032344818115234,100.19005584716797,h
53.20185852050781,16.068265914916992,3.158095598220825,0.21157611906528473,0.11633172631263733,-15.039119720458984,-6.755569934844971,-0.4201056659221649,56.315452575683594,203.12059020996094,h
334.177001953125,228.0384979248047,5.179500102996826,0.013100000098347664,0.0007999999797903001,-457.9161071777344,-331.7799987792969,-205.8946990966797,90.0,466.4078063964844,h
334.177001953125,228.0384979248047,5.179500102996826,0.013100000098347664,0.0007999999797903001,-457.9161071777344,-331.7799987792969,-205.8946990966797,90.0,466.4078063964844,h
20.82698631286621,16.0223331451416,2.582211494445801,0.5559200644493103,0.3469959497451782,27.412931442260742,21.520116806030273,-10.56603717803955,76.06583404541016,188.20883178710938,h
334.177001953125,228.0384979248047,5.179500102996826,0.013100000098347664,0.0007999999797903001,-457.9161071777344,-331.7799987792969,179.8509979248047,90.0,466.4078063964844,h
32.216514587402344,7.6234869956970215,2.4398386478424072,0.5467610359191895,0.3153378963470459,4.613099575042725,29.115619659423828,-4.343937873840332,73.46217346191406,189.76390075683594,h
21.167980194091797,12.130743026733398,2.274224281311035,0.49634212255477905,0.2689286172389984,-0.3243069350719452,-4.034448146820068,7.163767337799072,9.286867141723633,39.37021255493164,h
23.74909782409668,9.787308692932129,2.300703287124634,0.7488003373146057,0.43112096190452576,14.124314308166504,28.05389976501465,10.756792068481445,6.986429214477539,214.3389892578125,h
34.293025970458984,14.542150497436523,2.618274211883545,0.3096238970756531,0.1401040107011795,-65.00757598876953,23.44770622253418,-6.65350866317749,54.92930603027344,147.2292938232422,h
334.177001953125,228.0384979248047,5.179500102996826,0.013100000098347664,0.0007999999797903001,575.24072265625,231.4459991455078,-205.8946990966797,90.0,5.74560022354126,h
8.841644287109375,75.0318832397461,1.9413000345230103,0.8367102742195129,0.49023205041885376,-35.834991455078125,-171.58786010742188,179.8509979248047,0.0,5.74560022354126,h
25.2252197265625,9.383784294128418,2.882978677749634,0.4037182629108429,0.1729273498058319,13.955975532531738,19.797658920288086,5.522587776184082,34.76471710205078,122.68952178955078,h
36.525596618652344,22.026226043701172,2.505621910095215,0.39812734723091125,0.2294623702764511,-81.98764038085938,-21.39935874938965,7.93853759765625,54.7650032043457,272.69903564453125,h
7.39422607421875,228.0384979248047,1.9413000345230103,0.8181787133216858,0.6740000247955322,-457.9161071777344,-331.7799987792969,179.8509979248047,0.0,5.74560022354126,h
78.28352355957031,16.306137084960938,3.197380304336548,0.19177286326885223,0.08807716518640518,-7.019478797912598,63.67050552368164,6.988837242126465,60.28962326049805,185.84451293945312,h
66.84021759033203,10.806233406066895,2.639702558517456,0.24875947833061218,0.12643679976463318,2.143617630004883,-51.51702117919922,-10.928601264953613,77.63909912109375,146.2076873779297,h
138.5070343017578,57.82355499267578,2.9851627349853516,0.20782849192619324,0.10199853777885437,-55.3043327331543,-166.93060302734375,39.48126983642578,12.990497589111328,174.03897094726562,h
334.177001953125,228.0384979248047,1.9413000345230103,0.8912000060081482,0.6740000247955322,-457.9161071777344,-331.7799987792969,179.8509979248047,0.0,466.4078063964844,h
32.8141975402832,12.507630348205566,2.5160555839538574,0.41491639614105225,0.21588556468486786,25.999441146850586,30.354999542236328,10.013376235961914,46.89147186279297,171.10435485839844,h
25.14250373840332,7.448616981506348,2.521977186203003,0.6073052883148193,0.43136173486709595,0.0026790050324052572,18.415390014648438,4.520518779754639,53.1016731262207,137.63133239746094,h
334.177001953125,228.0384979248047,1.9413000345230103,0.013100000098347664,0.6740000247955322,-457.9161071777344,-331.7799987792969,-205.8946990966797,0.0,5.74560022354126,h
334.177001953125,228.0384979248047,5.179500102996826,0.013100000098347664,0.0007999999797903001,575.24072265625,231.4459991455078,-205.8946990966797,90.0,466.4078063964844,h
38.800907135009766,22.440576553344727,2.6981818675994873,0.3458007276058197,0.19330906867980957,-124.41863250732422,38.91173553466797,15.402579307556152,74.66094970703125,151.3617401123047,h
18.0847110748291,16.308605194091797,2.2716050148010254,0.6036049723625183,0.3471911549568176,27.311304092407227,10.48668384552002,9.020918846130371,85.5245132446289,104.05866241455078,h
12.706993103027344,7.293041706085205,1.9427188634872437,0.891168475151062,0.6560067534446716,10.93398380279541,16.86701011657715,23.278316497802734,0.01880520209670067,99.3797607421875,h
334.177001953125,228.0384979248047,5.179500102996826,0.013100000098347664,0.0007999999797903001,-457.9161071777344,-331.7799987792969,179.8509979248047,90.0,466.4078063964844,h
7.207900047302246,0.0,5.179500102996826,0.8912000060081482,0.6740000247955322,-457.9161071777344,-331.7799987792969,179.8509979248047,90.0,5.74560022354126,h
102.04967498779297,74.63829040527344,3.4201791286468506,0.19456852972507477,0.10441124439239502,-71.21682739257812,-121.40506744384766,-38.5743293762207,17.06826400756836,216.8200225830078,h
31.77651596069336,14.752176284790039,2.7182672023773193,0.42114192247390747,0.251443475484848,38.392616271972656,21.45530891418457,5.409682750701904,34.45413589477539,160.93624877929688,h
73.77180480957031,16.2246036529541,2.919682741165161,0.22150646150112152,0.10246787965297699,-11.241469383239746,-42.424049377441406,7.059057235717773,43.759765625,166.8808135986328,h
334.177001953125,228.0384979248047,5.179500102996826,0.013100000098347664,0.0007999999797903001,575.24072265625,231.4459991455078,179.8509979248047,90.0,5.74560022354126,h
334.177001953125,228.0384979248047,5.179500102996826,0.013100000098347664,0.0007999999797903001,575.24072265625,231.4459991455078,-205.8946990966797,90.0,285.3174133300781,h
162.25143432617188,51.70106887817383,3.5841712951660156,0.07397850602865219,0.03546806052327156,11.081025123596191,-46.00691223144531,-45.00737380981445,1.1715350151062012,111.48875427246094,h
334.177001953125,228.0384979248047,5.179500102996826,0.013100000098347664,0.0007999999797903001,-457.9161071777344,231.4459991455078,-205.8946990966797,90.0,5.74560022354126,h
334.177001953125,228.0384979248047,5.179500102996826,0.013100000098347664,0.0007999999797903001,-4.265641689300537,231.4459991455078,-205.8946990966797,90.0,5.74560022354126,h
92.84371948242188,26.690366744995117,2.9733545780181885,0.22054317593574524,0.1406286656856537,49.41435623168945,75.13592529296875,-29.624874114990234,21.00705337524414,206.42076110839844,h
193.07315063476562,108.62936401367188,3.6752469539642334,0.12602995336055756,0.05548049882054329,66.31190490722656,-162.7626495361328,-97.33881378173828,15.523550987243652,170.6037139892578,h
113.38831329345703,29.415515899658203,2.9918997287750244,0.19593694806098938,0.08743523806333542,-27.656719207763672,44.26198959350586,-8.64239501953125,34.555328369140625,208.84022521972656,h
334.177001953125,228.0384979248047,5.179500102996826,0.013100000098347664,0.0007999999797903001,575.24072265625,231.4459991455078,-205.8946990966797,90.0,5.74560022354126,h
7.207900047302246,0.0,5.179500102996826,0.8912000060081482,0.6740000247955322,-457.9161071777344,-331.7799987792969,-205.8946990966797,90.0,466.4078063964844,h
334.177001953125,228.0384979248047,5.179500102996826,0.013100000098347664,0.0007999999797903001,-457.9161071777344,231.4459991455078,-205.8946990966797,90.0,466.4078063964844,h
334.177001953125,228.0384979248047,5.179500102996826,0.013100000098347664,0.0007999999797903001,-457.9161071777344,231.4459991455078,179.8509979248047,90.0,5.74560022354126,h
334.177001953125,228.0384979248047,5.179500102996826,0.013100000098347664,0.0007999999797903001,575.24072265625,231.4459991455078,-205.8946990966797,90.0,466.4078063964844,h
27.480567932128906,8.999006271362305,2.577704668045044,0.4774979054927826,0.22872847318649292,3.7350234985351562,7.6811347007751465,10.140246391296387,9.901630401611328,50.54945373535156,h
334.177001953125,228.0384979248047,5.179500102996826,0.013198145665228367,0.6740000247955322,575.24072265625,231.4459991455078,179.8509979248047,90.0,466.4078063964844,h
221.09527587890625,94.70957946777344,4.1158061027526855,0.07341112196445465,0.04160993918776512,-216.84268188476562,139.13621520996094,39.65550231933594,52.767860412597656,100.91246032714844,h
7.207900047302246,0.0,5.179500102996826,0.8912000060081482,0.6740000247955322,575.24072265625,231.4459991455078,-205.8946990966797,90.0,5.74560022354126,h
36.89250183105469,8.868921279907227,2.6702942848205566,0.4922052323818207,0.31514549255371094,31.40930938720703,19.125715255737305,-3.6284396648406982,25.01890754699707,61.56059646606445,h
20.258012771606445,10.718538284301758,1.9413000345230103,0.8834399580955505,0.5871553421020508,18.034873962402344,9.611961364746094,86.35917663574219,0.0,6.750694274902344,h
334.177001953125,228.0384979248047,5.179500102996826,0.013100000098347664,0.0007999999797903001,-457.9161071777344,-331.7799987792969,-205.8946990966797,90.0,5.74560022354126,h
334.177001953125,228.0384979248047,5.179500102996826,0.013100000098347664,0.0007999999797903001,-457.9161071777344,-331.7799987792969,-205.8946990966797,90.0,466.4078063964844,h
334.177001953125,228.0384979248047,5.179500102996826,0.013100000098347664,0.6740000247955322,-457.9161071777344,-331.7799987792969,-205.8946990966797,90.0,5.74560022354126,h
7.207900047302246,0.0,1.9413000345230103,0.8912000060081482,0.6740000247955322,-457.9161071777344,-331.7799987792969,179.8509979248047,0.0,5.74560022354126,h
334.177001953125,228.0384979248047,1.9413000345230103,0.013100000098347664,0.6740000247955322,-457.9161071777344,-331.7799987792969,-205.8946990966797,0.0,5.74560022354126,h
12.895713806152344,12.450857162475586,2.5613694190979004,0.6419581770896912,0.3582097589969635,16.735355377197266,8.476068496704102,12.16121768951416,12.972244262695312,267.853271484375,h
94.98431396484375,58.52140426635742,3.7886853218078613,0.15488417446613312,0.08750556409358978,-3.22059965133667,40.97943878173828,-22.066246032714844,4.467412948608398,306.37152099609375,h
334.177001953125,228.0384979248047,5.179500102996826,0.013100000098347664,0.0007999999797903001,-457.9161071777344,231.4459991455078,179.8509979248047,90.0,5.74560022354126,h
26.02933120727539,15.790462493896484,2.5041518211364746,0.48987147212028503,0.2445891797542572,9.537324905395508,12.604145050048828,13.822178840637207,56.20855712890625,152.3474884033203,h
40.89876174926758,15.526939392089844,2.5817768573760986,0.3684670925140381,0.23193895816802979,-6.900335788726807,-29.879365921020508,14.984471321105957,85.24351501464844,250.29856872558594,h
334.177001953125,228.0384979248047,5.179500102996826,0.013100000098347664,0.0007999999797903001,-457.9161071777344,-331.7799987792969,-205.8946990966797,90.0,466.4078063964844,h
7.207900047302246,0.0,1.9413000345230103,0.8912000060081482,0.6740000247955322,-457.9161071777344,-331.7799987792969,179.8509979248047,90.0,5.74560022354126,h
334.177001953125,228.0384979248047,5.179500102996826,0.013100000098347664,0.0007999999797903001,-457.9161071777344,231.4459991455078,179.8509979248047,90.0,5.74560022354126,h
36.93410873413086,20.74234390258789,2.881524085998535,0.28916388750076294,0.1483761966228485,-72.63248443603516,-20.533676147460938,-3.504333972930908,28.2398624420166,225.87252807617188,h
28.878358840942383,4.66414213180542,2.135690450668335,0.7380703687667847,0.44954726099967957,11.616400718688965,11.754761695861816,-12.501629829406738,21.39891242980957,128.18856811523438,h
334.177001953125,228.0384979248047,1.9413000345230103,0.013100000098347664,0.6739938855171204,-457.9161071777344,-331.7799987792969,-205.8946990966797,0.0,5.74560022354126,h
142.91893005371094,56.95097732543945,3.752159833908081,0.20477837324142456,0.10733207315206528,-157.15875244140625,-57.453243255615234,22.124448776245117,49.124969482421875,344.37493896484375,h
215.96817016601562,21.222768783569336,2.6591989994049072,0.6556416153907776,0.42279762029647827,-100.8106918334961,-136.95220947265625,-19.76116180419922,26.56130027770996,257.9943542480469,h
73.56777954101562,57.77592086791992,4.038448810577393,0.043355830013751984,0.01801903359591961,42.11351013183594,33.99506378173828,-16.327098846435547,57.49553680419922,233.166259765625,h
31.76140022277832,7.251386642456055,2.6015267372131348,0.6131049394607544,0.37164828181266785,11.650710105895996,15.066492080688477,2.8093509674072266,60.10050582885742,186.0708770751953,h
64.61743927001953,87.55854034423828,3.692378044128418,0.0961679071187973,0.09487263858318329,1.8261033296585083,-24.64457130432129,56.96622085571289,74.23855590820312,51.57307052612305,h
334.177001953125,228.0384979248047,5.179500102996826,0.013100000098347664,0.0007999999797903001,-457.9161071777344,231.4459991455078,-205.8946990966797,90.0,466.4078063964844,h
88.08167266845703,45.2169189453125,3.625173330307007,0.14426329731941223,0.07274027913808823,22.098678588867188,-17.82250213623047,24.78377342224121,44.426727294921875,278.8152160644531,h
334.177001953125,228.0384979248047,5.179500102996826,0.013100000098347664,0.0007999999797903001,-457.9161071777344,-147.17323303222656,-205.8946990966797,90.0,466.4078063964844,h
7.243923664093018,16.255128860473633,1.9413000345230103,0.7498843669891357,0.41159120202064514,-0.8228753209114075,-20.801206588745117,24.93597984313965,0.3977111577987671,145.012939453125,h
7.207900047302246,0.0,1.9413000345230103,0.8912000060081482,0.6740000247955322,-457.9161071777344,-331.7799987792969,179.8509979248047,90.0,5.74560022354126,h
259.6187438964844,45.521297454833984,3.6377909183502197,0.08487124741077423,0.042400967329740524,-63.82304763793945,-74.87224578857422,23.16470718383789,77.64509582519531,171.9483642578125,h
21.54364013671875,15.839787483215332,2.479365587234497,0.6555155515670776,0.3621900677680969,1.761407732963562,11.059649467468262,3.8526713848114014,21.438947677612305,198.76878356933594,h
17.500675201416016,10.112824440002441,2.399400234222412,0.6309521198272705,0.36571967601776123,-8.956756591796875,5.9665350914001465,-6.890827655792236,71.46072387695312,203.5966796875,h
47.821044921875,12.344608306884766,3.011981248855591,0.2668100893497467,0.13931088149547577,-31.70304298400879,-2.0887415409088135,-6.894376277923584,14.623428344726562,267.6726989746094,h
88.34304809570312,49.528438568115234,3.2721269130706787,0.1867554485797882,0.09504029899835587,47.79887008666992,72.44793701171875,19.061342239379883,28.107141494750977,208.24984741210938,h
334.177001953125,228.0384979248047,5.179500102996826,0.013100000098347664,0.0007999999797903001,-457.9161071777344,-331.7799987792969,179.8509979248047,90.0,466.4078063964844,h
33.220977783203125,18.118059158325195,2.6769299507141113,0.4807794392108917,0.3201579749584198,33.693267822265625,21.23200225830078,13.905458450317383,57.18606948852539,85.31849670410156,h
334.177001953125,228.0384979248047,5.179500102996826,0.013100000098347664,0.0007999999797903001,575.24072265625,231.4459991455078,-205.8946990966797,90.0,466.4078063964844,h
334.177001953125,228.0384979248047,1.9413000345230103,0.8912000060081482,0.6740000247955322,-457.9161071777344,-331.7799987792969,179.8509979248047,0.0,466.4078063964844,h
32.906829833984375,15.098729133605957,2.7637898921966553,0.3115617036819458,0.15584857761859894,-19.512218475341797,13.070183753967285,11.390875816345215,55.35137939453125,139.61593627929688,h
334.177001953125,228.0384979248047,5.179500102996826,0.013100000098347664,0.0007999999797903001,575.24072265625,231.4459991455078,-205.8946990966797,90.0,5.74560022354126,h
17.435457229614258,7.397064685821533,2.2489166259765625,0.5576702952384949,0.3082093894481659,15.579809188842773,20.17229461669922,-4.467023849487305,76.65969848632812,121.41178894042969,h
32.3479118347168,13.69060230255127,2.9453117847442627,0.33761271834373474,0.19550660252571106,38.46854782104492,5.788653373718262,-15.849571228027344,47.147151947021484,80.44625091552734,h
334.177001953125,228.0384979248047,1.9413000345230103,0.8912000060081482,0.6740000247955322,-457.9161071777344,-331.7799987792969,179.8509979248047,0.0,5.74560022354126,h
91.67390441894531,27.369548797607422,3.0717973709106445,0.1903553307056427,0.1063624769449234,105.29283142089844,76.90279388427734,19.57044219970703,53.19664764404297,283.1023254394531,h
17.397052764892578,10.638839721679688,2.423372745513916,0.505674421787262,0.33402302861213684,-13.886085510253906,7.269994258880615,4.48501443862915,67.93521118164062,203.19679260253906,h
139.35107421875,228.0384979248047,1.9413000345230103,0.013615747913718224,0.12523259222507477,-457.9161071777344,-331.7799987792969,179.8509979248047,0.0,5.74560022354126,h
334.177001953125,228.0384979248047,5.179500102996826,0.013100000098347664,0.0007999999797903001,575.24072265625,231.4459991455078,13.610295295715332,90.0,5.748434543609619,h
334.177001953125,228.0384979248047,5.179500102996826,0.013100000098347664,0.0007999999797903001,-457.9161071777344,-331.7799987792969,179.8509979248047,90.0,465.12847900390625,h
120.74920654296875,20.034265518188477,2.4596610069274902,0.5004101395606995,0.31843042373657227,-87.04161071777344,-27.479507446289062,-13.905442237854004,48.74959182739258,220.71409606933594,h
92.439453125,55.54630661010742,3.2678349018096924,0.17269493639469147,0.07470863312482834,55.90205764770508,-75.9393081665039,64.86956787109375,88.06432342529297,270.20623779296875,h
215.17520141601562,180.470947265625,3.14186692237854,0.142438605427742,0.09276048094034195,-254.9051055908203,-218.91226196289062,-182.5474853515625,63.255313873291016,169.99913024902344,h
334.177001953125,228.0384979248047,5.179500102996826,0.013100000098347664,0.0007999999797903001,-457.9161071777344,-331.7799987792969,-205.8946990966797,90.0,466.4078063964844,h
35.5137825012207,25.598119735717773,3.080920696258545,0.25005772709846497,0.1336720585823059,69.53472900390625,18.183576583862305,23.425273895263672,60.63351821899414,224.7587432861328,h
334.177001953125,228.0384979248047,5.179500102996826,0.013100000098347664,0.0007999999797903001,575.24072265625,231.4459991455078,-205.8946990966797,90.0,466.4078063964844,h
334.177001953125,228.0384979248047,5.179500102996826,0.013100000098347664,0.0007999999797903001,-457.9161071777344,-331.7799987792969,179.8509979248047,90.0,466.4078063964844,h
23.23666000366211,10.710245132446289,2.3789901733398438,0.5585634112358093,0.2930126488208771,22.473722457885742,14.122477531433105,-5.93156099319458,46.84845733642578,143.7869415283203,h
22.436126708984375,11.870782852172852,2.7157325744628906,0.5561294555664062,0.3116604685783386,21.975337982177734,19.12593650817871,-10.355050086975098,7.908899784088135,131.8496856689453,h
334.177001953125,228.0384979248047,5.179500102996826,0.013100000098347664,0.0007999999797903001,575.24072265625,231.4459991455078,-205.8946990966797,90.0,5.74560022354126,h
334.177001953125,0.0,5.179500102996826,0.8912000060081482,0.6740000247955322,-457.9161071777344,-331.7799987792969,179.8509979248047,0.0,5.74560022354126,h
7.207900047302246,228.0384979248047,1.9413000345230103,0.8912000060081482,0.6740000247955322,-457.9161071777344,-331.7799987792969,179.8509979248047,0.0,466.4078063964844,h
29.052248001098633,228.0384979248047,1.9413000345230103,0.6885712146759033,0.2567913830280304,-457.9161071777344,-331.7799987792969,179.8509979248047,0.0,5.74560022354126,h
39.23869323730469,19.016931533813477,2.8229105472564697,0.29338034987449646,0.16616591811180115,3.7455787658691406,45.301918029785156,9.424120903015137,49.25994873046875,205.47630310058594,h
334.177001953125,228.0384979248047,5.179500102996826,0.013100000098347664,0.0007999999797903001,-457.9161071777344,-331.7799987792969,179.8509979248047,90.0,466.4078063964844,h
253.6623077392578,200.51829528808594,3.5656661987304688,0.09381575882434845,0.044054899364709854,-206.96739196777344,-196.4305419921875,53.34944152832031,34.93523406982422,119.17890930175781,h
151.78550720214844,79.66011047363281,3.6790943145751953,0.11404963582754135,0.05766937881708145,12.407646179199219,120.70891571044922,-54.81126022338867,75.6601333618164,222.73582458496094,h
334.177001953125,228.0384979248047,1.9413000345230103,0.8912000060081482,0.6740000247955322,-457.9161071777344,-331.7799987792969,-205.8946990966797,0.0,466.4078063964844,h
75.97279357910156,29.341176986694336,2.8596558570861816,0.3072129189968109,0.1454981416463852,35.78401565551758,28.13974380493164,-4.033659934997559,29.220571517944336,266.92742919921875,h
17.874629974365234,23.09851837158203,2.488755702972412,0.4125295579433441,0.23008626699447632,20.902311325073242,-3.3647661209106445,16.38055419921875,80.95589447021484,55.63983917236328,h
334.177001953125,228.0384979248047,1.9413000345230103,0.8912000060081482,0.6740000247955322,-457.9161071777344,-331.7799987792969,179.8509979248047,0.0,466.4078063964844,h
8.791033744812012,8.046773910522461,2.1002554893493652,0.6954095959663391,0.3344966471195221,13.924430847167969,-8.869125366210938,-11.789257049560547,62.36067199707031,257.33416748046875,h
24.16701316833496,9.447707176208496,2.676805019378662,0.6188591718673706,0.332284539937973,8.010222434997559,-0.0008154962561093271,8.343937873840332,12.893122673034668,157.0765380859375,h
34.591033935546875,20.675857543945312,2.9251387119293213,0.2956612706184387,0.21485592424869537,15.717199325561523,27.92520523071289,-14.283246994018555,25.29545783996582,266.9417419433594,h
334.177001953125,228.0384979248047,5.179500102996826,0.013100000098347664,0.0007999999797903001,-457.9161071777344,-331.7799987792969,179.8509979248047,90.0,466.4078063964844,h
334.177001953125,228.0384979248047,5.179500102996826,0.013100000098347664,0.0007999999797903001,575.24072265625,231.4459991455078,-205.8946990966797,90.0,5.74560022354126,h
334.177001953125,228.0384979248047,5.179500102996826,0.013100000098347664,0.0007999999797903001,-457.9161071777344,231.4459991455078,179.8509979248047,90.0,5.74560022354126,h
334.177001953125,228.0384979248047,1.9413000345230103,0.013100000098347664,0.6740000247955322,-457.9161071777344,-331.7799987792969,179.8509979248047,0.0,466.4078063964844,h
334.177001953125,228.0384979248047,5.179500102996826,0.013100000098347664,0.0007999999797903001,-457.9161071777344,231.4459991455078,179.8509979248047,90.0,5.74560022354126,h
17.820905685424805,15.672245979309082,2.332528591156006,0.5632347464561462,0.31624728441238403,-1.5087381601333618,6.185330867767334,8.646013259887695,7.479297161102295,40.83485412597656,h
25.209779739379883,9.027556419372559,2.5682241916656494,0.48664459586143494,0.3274047374725342,0.3003004193305969,-11.083109855651855,-6.737700462341309,0.26607298851013184,66.45655822753906,h
334.177001953125,228.0384979248047,5.179500102996826,0.013100000098347664,0.0007999999797903001,-457.9161071777344,-331.7799987792969,179.8509979248047,90.0,466.4078063964844,h
12.693584442138672,10.620548248291016,2.3550729751586914,0.7959784865379333,0.560448408126831,20.308929443359375,5.090122222900391,-9.730290412902832,16.833633422851562,315.3414001464844,h
125.60787963867188,14.268248558044434,3.044846773147583,0.2599393427371979,0.1257755607366562,-86.64431762695312,109.5812759399414,11.725659370422363,50.93132400512695,154.92857360839844,h
159.79324340820312,87.55300903320312,4.139668941497803,0.06111367791891098,0.03504380211234093,-212.56173706054688,-190.36737060546875,-94.63738250732422,67.81963348388672,106.73561096191406,h
334.177001953125,228.0384979248047,5.179500102996826,0.013100000098347664,0.0007999999797903001,-457.9161071777344,-331.7799987792969,179.8509979248047,90.0,5.747248649597168,h
334.177001953125,228.0384979248047,5.179500102996826,0.013100000098347664,0.0007999999797903001,-457.9161071777344,-331.7799987792969,179.8509979248047,90.0,466.4078063964844,h
334.177001953125,228.0384979248047,5.179500102996826,0.013100000098347664,0.0007999999797903001,-457.9161071777344,-331.7799987792969,179.8509979248047,90.0,466.4078063964844,h
85.23985290527344,71.52439880371094,4.244245529174805,0.05370613560080528,0.02987905591726303,9.327925682067871,56.928653717041016,7.739590644836426,22.12793731689453,157.0713653564453,h
146.2713165283203,26.898969650268555,3.431570291519165,0.1613040268421173,0.07440360635519028,-276.8801574707031,41.07870101928711,12.739860534667969,1.0528876781463623,295.1353759765625,h
191.5679931640625,208.6605682373047,4.402121067047119,0.03058905340731144,0.025363894179463387,-271.59454345703125,-75.15257263183594,-159.65399169921875,88.16756439208984,373.21832275390625,h
19.920116424560547,11.27920150756836,2.714164972305298,0.5622643232345581,0.32332974672317505,14.46052360534668,12.363645553588867,-7.984909534454346,60.53106689453125,148.79161071777344,h
27.060808181762695,13.60391902923584,2.811182737350464,0.3929838538169861,0.2136286050081253,5.553920269012451,18.178123474121094,3.928865432739258,21.207761764526367,175.06687927246094,h
334.177001953125,228.0384979248047,5.179500102996826,0.013100000098347664,0.0007999999797903001,575.24072265625,231.4459991455078,-205.8946990966797,90.0,466.4078063964844,h
55.422061920166016,16.229948043823242,2.304046869277954,0.5611355304718018,0.3286431133747101,44.727596282958984,14.171243667602539,2.8613698482513428,14.023773193359375,47.08564758300781,h
334.177001953125,228.0384979248047,5.179500102996826,0.013100000098347664,0.0007999999797903001,575.24072265625,231.4459991455078,-205.8946990966797,90.0,5.74560022354126,h
31.098909378051758,17.394390106201172,2.688781261444092,0.3077828288078308,0.17516610026359558,-5.6781325340271,-46.23415756225586,-10.277997016906738,31.845169067382812,215.3074493408203,h
16.38665008544922,227.98129272460938,1.9413000345230103,0.8911827802658081,0.6737434267997742,-457.9161071777344,-331.7799987792969,179.8509979248047,0.0,5.74560022354126,h
266.1168212890625,136.4688262939453,5.007635593414307,0.03272947669029236,0.009571555070579052,-412.6255798339844,-276.0038146972656,-84.48950958251953,88.55880737304688,425.75689697265625,h
35.15525817871094,7.036324977874756,2.5751352310180664,0.4910742938518524,0.29001519083976746,-0.3819356858730316,10.91801643371582,-10.543630599975586,58.78167724609375,240.96746826171875,h
103.83361053466797,47.98149871826172,3.386260986328125,0.08822856843471527,0.05618241801857948,-85.9246597290039,-33.50334548950195,20.472030639648438,50.5145263671875,237.17184448242188,h
7.207900047302246,0.0,1.9416618347167969,0.8912000060081482,0.6740000247955322,-457.9161071777344,-331.73016357421875,13.708759307861328,0.0,300.2594909667969,h
83.56468963623047,63.74407958984375,3.3917958736419678,0.19813048839569092,0.10133148729801178,-75.72264099121094,-50.807647705078125,55.29668426513672,26.581092834472656,360.84417724609375,h
334.177001953125,228.0384979248047,5.179500102996826,0.013100000098347664,0.0007999999797903001,-457.9161071777344,231.4459991455078,179.8509979248047,0.020264022052288055,5.795078754425049,h
33.02338409423828,16.546100616455078,2.569640636444092,0.4277893602848053,0.21751335263252258,-8.964469909667969,41.531471252441406,10.555878639221191,26.554584503173828,197.99530029296875,h
76.07421112060547,11.99161434173584,2.5494654178619385,0.33588942885398865,0.2424023449420929,36.83721160888672,-33.52778244018555,7.308308124542236,68.23466491699219,160.7582244873047,h
334.177001953125,228.0384979248047,5.179500102996826,0.013100000098347664,0.0007999999797903001,575.24072265625,231.4459991455078,179.8509979248047,90.0,466.4078063964844,h
172.25413513183594,44.80695724487305,3.000734567642212,0.25648653507232666,0.15943743288516998,-136.73690795898438,88.17097473144531,-21.162769317626953,16.026273727416992,346.602294921875,h
70.81108093261719,9.325197219848633,3.1069681644439697,0.35417887568473816,0.21276958286762238,56.35298538208008,49.20465850830078,-9.011506080627441,42.21879196166992,119.36270141601562,h
26.264354705810547,11.332876205444336,2.4299979209899902,0.549674928188324,0.27447035908699036,-18.072484970092773,-33.20005798339844,9.007655143737793,76.79318237304688,187.14622497558594,h
161.5577850341797,61.422916412353516,3.440701961517334,0.15379692614078522,0.09264583885669708,-255.32521057128906,-92.88504791259766,-25.30315589904785,39.895225524902344,208.95462036132812,h
334.177001953125,228.0384979248047,5.179500102996826,0.013100000098347664,0.0007999999797903001,-457.9161071777344,-331.7799987792969,-205.8946990966797,90.0,5.74560022354126,h
22.717288970947266,11.486017227172852,2.5001866817474365,0.6090744137763977,0.36356493830680847,21.960708618164062,5.519271373748779,-2.315183162689209,67.81510925292969,217.0726318359375,h
108.1004409790039,63.61958694458008,3.8494415283203125,0.14058001339435577,0.08613420277833939,-82.07405090332031,-26.924718856811523,-44.19408416748047,25.11878204345703,373.0113525390625,h
331.6298828125,223.47145080566406,5.179042816162109,0.013130604289472103,0.0008414586191065609,-456.7230224609375,-328.85595703125,-201.09719848632812,74.84494018554688,354.6545104980469,h
135.7265167236328,42.88929748535156,3.6269404888153076,0.12319714576005936,0.0634213387966156,-150.88674926757812,46.79985809326172,0.0,42.042659759521484,220.03025817871094,h
22.26222801208496,11.677046775817871,2.483548402786255,0.5800479054450989,0.3675422668457031,-27.595632553100586,18.459671020507812,2.0529303550720215,59.23555374145508,212.77035522460938,h
334.177001953125,228.0384979248047,5.179500102996826,0.013100000098347664,0.0007999999797903001,575.24072265625,231.4459991455078,-205.8946990966797,90.0,5.74560022354126,h
94.47884368896484,15.603313446044922,3.0960707664489746,0.18499743938446045,0.10222364962100983,56.955997467041016,130.9654998779297,8.92678165435791,79.43080139160156,173.67564392089844,h
334.177001953125,228.0384979248047,1.9413000345230103,0.013100000098347664,0.6740000247955322,-457.9161071777344,-331.7799987792969,179.8509979248047,0.0,5.74560022354126,h
334.177001953125,228.0384979248047,5.179500102996826,0.013100000098347664,0.0007999999797903001,-457.9161071777344,-331.7799987792969,179.8509979248047,90.0,466.4013977050781,h
334.177001953125,228.0384979248047,5.179500102996826,0.013100000098347664,0.0007999999797903001,-457.9161071777344,-331.7799987792969,-205.8946990966797,90.0,5.74560022354126,h
20.395492553710938,0.3144361972808838,2.2352278232574463,0.8883799910545349,0.5449368953704834,-4.331673622131348,-11.76854419708252,4.368008136749268,55.52384567260742,175.50282287597656,h
158.28440856933594,125.46302795410156,4.085478782653809,0.07904813438653946,0.04484366253018379,-12.500598907470703,20.046789169311523,-117.00961303710938,71.32340240478516,301.9013977050781,h
24.630149841308594,14.673262596130371,2.280743360519409,0.5034343004226685,0.3320011794567108,-86.63345336914062,13.478760719299316,-11.463973045349121,1.5947527885437012,168.19940185546875,h
334.177001953125,228.0384979248047,5.179500102996826,0.013100000098347664,0.0007999999797903001,-457.9161071777344,-331.7799987792969,179.8509979248047,90.0,466.4078063964844,h
334.177001953125,228.0384979248047,5.179500102996826,0.013100000098347664,0.0007999999797903001,575.24072265625,-26.0056095123291,-205.8946990966797,90.0,5.74560022354126,h
334.177001953125,228.0384979248047,5.179500102996826,0.013100000098347664,0.0007999999797903001,575.24072265625,231.4459991455078,-205.8946990966797,90.0,5.74560022354126,h
47.8610954284668,15.071155548095703,2.6001033782958984,0.35421961545944214,0.2029491811990738,68.84613037109375,46.47904968261719,9.809861183166504,38.177059173583984,216.14279174804688,h
334.177001953125,228.0384979248047,5.179500102996826,0.013100000098347664,0.0007999999797903001,575.24072265625,-331.7799987792969,-205.8946990966797,90.0,466.4078063964844,h
40.01934051513672,15.180196762084961,2.641024351119995,0.34126004576683044,0.21463873982429504,-6.284151554107666,-14.0623140335083,4.459380626678467,58.856510162353516,87.87041473388672,h
18.292587280273438,10.824559211730957,2.4513494968414307,0.7508073449134827,0.47518450021743774,17.04787254333496,-5.866237640380859,6.857773780822754,31.976402282714844,175.6302490234375,h
33.33504104614258,18.90580177307129,2.4483957290649414,0.3593806028366089,0.1603333055973053,-37.744319915771484,-22.131427764892578,7.733444690704346,18.994281768798828,200.37904357910156,h
334.177001953125,228.0384979248047,5.179500102996826,0.013100000098347664,0.0007999999797903001,-457.9161071777344,231.4459991455078,-205.8946990966797,90.0,5.74560022354126,h
24.966676712036133,10.374024391174316,2.898123025894165,0.41181325912475586,0.23640654981136322,22.179168701171875,38.43735122680664,-4.338968753814697,16.01930046081543,211.44537353515625,h
80.43984985351562,74.13825225830078,2.6977767944335938,0.3096970021724701,0.1696263700723648,168.4423828125,114.83654022216797,-24.907846450805664,60.185577392578125,183.9131317138672,h
334.177001953125,228.0384979248047,1.9413000345230103,0.013100000098347664,0.6740000247955322,-457.9161071777344,-331.7799987792969,179.8509979248047,0.0,464.95330810546875,h
230.24021911621094,224.57571411132812,5.179378509521484,0.01310187391936779,0.000804747745860368,-292.2078857421875,-7.298643589019775,-191.3834228515625,84.47544860839844,309.4713439941406,h
38.11050796508789,0.0,2.3055105209350586,0.5188595056533813,0.266440749168396,32.12987518310547,22.27393341064453,7.823391914367676,8.423582077026367,256.4122314453125,h
334.177001953125,228.0384979248047,5.179500102996826,0.013100000098347664,0.0007999999797903001,575.24072265625,231.4459991455078,-205.8946990966797,90.0,466.4078063964844,h
334.177001953125,228.0384979248047,5.179500102996826,0.013100000098347664,0.0007999999797903001,575.24072265625,-331.7799987792969,179.8509979248047,90.0,5.74560022354126,h
334.177001953125,228.0384979248047,5.179500102996826,0.013100000098347664,0.0007999999797903001,-457.9161071777344,-331.7799987792969,179.8509979248047,90.0,466.4078063964844,h
148.41024780273438,96.07511138916016,3.795457124710083,0.14161719381809235,0.07456919550895691,359.548583984375,117.26683044433594,100.15156555175781,65.50829315185547,391.2981262207031,h
63.063316345214844,5.937263488769531,2.457371711730957,0.7064250111579895,0.42773497104644775,33.913997650146484,43.202579498291016,-7.89073371887207,11.175507545471191,200.2149658203125,h
334.177001953125,228.0384979248047,5.179500102996826,0.013100000098347664,0.0007999999797903001,-457.9161071777344,-331.7799987792969,179.8509979248047,89.99990844726562,464.56170654296875,h
25.17160987854004,228.0384979248047,1.9413000345230103,0.8912000060081482,0.6740000247955322,-457.9161071777344,-331.7799987792969,179.8509979248047,0.0,5.74560022354126,h
56.51089096069336,29.803218841552734,3.0668818950653076,0.2794981300830841,0.18404005467891693,-19.59075927734375,29.19450569152832,26.352783203125,1.4170926809310913,214.84446716308594,h
334.177001953125,228.0384979248047,5.179500102996826,0.013100000098347664,0.0007999999797903001,-457.9161071777344,-331.7799987792969,-205.8946990966797,90.0,466.4078063964844,h
30.045080184936523,7.295077323913574,2.4967918395996094,0.5248275995254517,0.30350959300994873,5.107936859130859,15.954146385192871,8.716817855834961,4.51556396484375,105.72953796386719,h
334.177001953125,228.0384979248047,1.9413000345230103,0.013100000098347664,0.6740000247955322,-457.9161071777344,-331.7799987792969,179.8509979248047,0.0,5.74560022354126,h
334.177001953125,228.0384979248047,5.179500102996826,0.013100000098347664,0.0007999999797903001,575.24072265625,231.4459991455078,179.70016479492188,90.0,466.4078063964844,h
28.624496459960938,22.83668327331543,2.654834747314453,0.40991097688674927,0.24994534254074097,-23.33609390258789,8.303899765014648,16.531986236572266,54.44550323486328,164.57496643066406,h
31.27975845336914,9.255526542663574,2.410790205001831,0.6330544352531433,0.37732595205307007,23.36640167236328,9.02558708190918,-5.102237701416016,42.47543716430664,61.840309143066406,h
60.61855697631836,9.93803882598877,3.2727749347686768,0.39564624428749084,0.26457473635673523,2.081437826156616,42.712677001953125,-15.478850364685059,23.556787490844727,302.1866760253906,h
18.129411697387695,7.238335609436035,2.6575276851654053,0.5919488668441772,0.33169859647750854,-0.7683387398719788,17.864887237548828,-12.544364929199219,43.769805908203125,229.9169158935547,h
84.8342514038086,22.936838150024414,3.4077863693237305,0.23115184903144836,0.13460808992385864,-19.884706497192383,-30.1125431060791,14.644973754882812,46.60402297973633,331.8389892578125,h
76.56832122802734,23.840238571166992,3.195549726486206,0.20581062138080597,0.1295398771762848,15.758456230163574,31.726158142089844,17.81422996520996,34.70133590698242,218.71014404296875,h
334.177001953125,228.0384979248047,5.179500102996826,0.013100000098347664,0.0007999999797903001,575.24072265625,231.4459991455078,-205.8946990966797,90.0,5.74560022354126,h
54.44472885131836,28.467397689819336,2.9213602542877197,0.25218892097473145,0.14758993685245514,40.08994674682617,11.769109725952148,-15.453540802001953,9.742557525634766,73.39813995361328,h
334.177001953125,228.0384979248047,1.9413000345230103,0.8912000060081482,0.6740000247955322,-457.9161071777344,-331.7799987792969,-205.8946990966797,0.0,5.74560022354126,h
28.485803604125977,6.668515682220459,2.4788219928741455,0.5550169348716736,0.31837478280067444,-6.266395092010498,11.395970344543457,7.371305465698242,37.08796691894531,207.53466796875,h
334.177001953125,228.0384979248047,5.179500102996826,0.013100000098347664,0.0007999999797903001,-457.9161071777344,-331.7799987792969,179.8509979248047,90.0,5.74560022354126,h
7.207900047302246,228.0384979248047,1.9413000345230103,0.8912000060081482,0.6740000247955322,-457.9161071777344,-331.7799987792969,179.8509979248047,0.0,5.74560022354126,h
324.15338134765625,212.71739196777344,4.176079273223877,0.10251755267381668,0.06811175495386124,-294.8613586425781,-314.2534484863281,-203.60276794433594,58.609107971191406,378.4451904296875,h
20.973377227783203,6.825436592102051,2.186811923980713,0.7463118433952332,0.4004274308681488,-8.63963794708252,12.629873275756836,6.807059288024902,78.09423065185547,215.0521697998047,h
88.33576202392578,24.567739486694336,3.1439523696899414,0.19684115052223206,0.11332663893699646,97.94248962402344,37.038307189941406,-9.294231414794922,20.19356918334961,140.09275817871094,h
334.177001953125,228.0384979248047,5.179500102996826,0.013100000098347664,0.0007999999797903001,-457.9161071777344,-331.7799987792969,179.8509979248047,90.0,466.4078063964844,h
334.177001953125,228.0384979248047,5.179500102996826,0.013100000098347664,0.0007999999797903001,575.24072265625,231.4459991455078,-205.8946990966797,0.0,5.74560022354126,h
26.940685272216797,21.848682403564453,2.6666061878204346,0.4306255578994751,0.27164843678474426,-17.395811080932617,-24.254348754882812,8.030112266540527,56.3367805480957,197.01809692382812,h
34.96390914916992,16.45433807373047,2.5563604831695557,0.3531152606010437,0.16356626152992249,-23.080474853515625,-13.44277572631836,-8.942204475402832,43.30617141723633,95.6806640625,h
34.78041076660156,8.657814979553223,2.711979627609253,0.5158541798591614,0.28374814987182617,-6.86764669418335,0.8645773530006409,0.0,79.89060974121094,138.27548217773438,h
334.177001953125,228.0384979248047,5.179500102996826,0.013100000098347664,0.0007999999797903001,-457.9161071777344,-331.7799987792969,-205.8946990966797,90.0,428.0791320800781,h
20.087697982788086,10.47167682647705,2.3784000873565674,0.6994524002075195,0.32905352115631104,-12.594353675842285,6.409622669219971,8.098609924316406,31.930452346801758,225.99432373046875,h
334.177001953125,228.0384979248047,5.179500102996826,0.013100000098347664,0.0007999999797903001,-457.9161071777344,-225.37513732910156,-205.8946990966797,90.0,466.4078063964844,h
334.177001953125,228.0384979248047,5.179500102996826,0.013100000098347664,0.0007999999797903001,575.24072265625,231.4459991455078,-205.8946990966797,90.0,466.4078063964844,h
19.43381690979004,14.573470115661621,2.6053431034088135,0.7247997522354126,0.40109580755233765,-23.6518497467041,-16.88077163696289,12.961181640625,47.73694610595703,47.55595397949219,h
66.2339096069336,28.04346466064453,3.377678394317627,0.14549459517002106,0.06590551882982254,40.58282470703125,29.09029769897461,-20.745437622070312,59.88170623779297,102.37549591064453,h
38.92341232299805,6.518219947814941,2.352710485458374,0.48973312973976135,0.313558429479599,-23.19292449951172,18.485416412353516,-7.679406642913818,41.41086196899414,88.58150482177734,h
334.177001953125,228.0384979248047,4.894588947296143,0.013100000098347664,0.0007999999797903001,575.24072265625,231.4459991455078,-205.8946990966797,12.883481979370117,5.758696556091309,h
334.177001953125,228.0384979248047,1.9413000345230103,0.013100000098347664,0.6740000247955322,-457.9161071777344,-331.7799987792969,179.8509979248047,0.0,466.4078063964844,h
7.207900047302246,0.0,5.179500102996826,0.013100000098347664,0.6740000247955322,-457.9161071777344,-331.7799987792969,-205.8946990966797,90.0,5.74560022354126,h
86.81553649902344,25.679189682006836,2.8083972930908203,0.37142837047576904,0.189004585146904,25.689430236816406,-79.27022552490234,12.080886840820312,33.98933029174805,136.384765625,h
334.177001953125,228.0384979248047,5.179500102996826,0.013100000098347664,0.0007999999797903001,575.24072265625,231.4459991455078,179.8509979248047,90.0,5.74560022354126,h
7.207900047302246,0.0,1.9413000345230103,0.8912000060081482,0.6740000247955322,-457.9161071777344,-331.7799987792969,-205.8946990966797,90.0,466.4078063964844,h
334.177001953125,228.0384979248047,5.179500102996826,0.013100000098347664,0.0007999999797903001,575.24072265625,231.4459991455078,-205.8946990966797,0.0,5.74560022354126,h
334.177001953125,228.0384979248047,5.179500102996826,0.013100000098347664,0.0007999999797903001,-457.9161071777344,-331.7799987792969,179.8509979248047,90.0,466.4078063964844,h
334.177001953125,228.0384979248047,5.179500102996826,0.013100000098347664,0.0007999999797903001,-457.9161071777344,-331.7799987792969,-205.8946990966797,90.0,466.4078063964844,h
31.19312858581543,13.776640892028809,2.5868639945983887,0.4516998827457428,0.2661682963371277,-15.305551528930664,-14.270511627197266,-7.129833221435547,29.06058120727539,165.22457885742188,h
324.35675048828125,163.75228881835938,5.171792507171631,0.013398638926446438,0.0017263018526136875,-393.03253173828125,-166.9910430908203,142.0723419189453,85.28978729248047,192.1480712890625,h
28.537729263305664,14.419178009033203,2.931236982345581,0.48932886123657227,0.2686990797519684,-14.712231636047363,11.717569351196289,13.604898452758789,54.007362365722656,282.9414367675781,h
334.177001953125,228.0384979248047,5.179500102996826,0.013100000098347664,0.0007999999797903001,575.24072265625,231.4459991455078,179.8509979248047,90.0,5.74560022354126,h
54.04970932006836,23.710805892944336,2.5896668434143066,0.3623991906642914,0.1902141571044922,82.07515716552734,27.30323600769043,-9.33055591583252,13.944104194641113,180.57823181152344,h
334.177001953125,228.0384979248047,5.179500102996826,0.013100000098347664,0.0007999999797903001,-457.9161071777344,-331.7799987792969,-205.8946990966797,90.0,466.4078063964844,h
147.40731811523438,40.03263854980469,3.760380506515503,0.12187600880861282,0.07339082658290863,-43.52907943725586,-159.73834228515625,-19.286121368408203,5.25827693939209,251.10006713867188,h
35.32876968383789,17.858150482177734,2.6757736206054688,0.4642913043498993,0.24921324849128723,22.89609146118164,20.276168823242188,6.33284330368042,89.45515441894531,123.67292785644531,h
334.177001953125,228.0384979248047,5.179500102996826,0.013100000098347664,0.0007999999797903001,575.24072265625,231.4459991455078,179.8509979248047,90.0,5.74560022354126,h
334.177001953125,228.0384979248047,5.179500102996826,0.013100000098347664,0.0007999999797903001,575.24072265625,231.4459991455078,-205.8946990966797,90.0,466.4078063964844,h
33.04680633544922,13.682317733764648,2.736017942428589,0.31043142080307007,0.17810791730880737,-4.705926418304443,-24.110567092895508,-3.988931179046631,32.030372619628906,184.98699951171875,h
24.31096076965332,9.761323928833008,2.563493251800537,0.6046876907348633,0.4065347909927368,43.37156677246094,22.41848373413086,-23.13222885131836,45.4334716796875,147.23439025878906,h
99.4961166381836,42.033973693847656,3.2855002880096436,0.18850208818912506,0.10688098520040512,-111.45976257324219,-107.07113647460938,53.661983489990234,59.563873291015625,357.3232727050781,h
118.4751205444336,70.79785919189453,3.547983407974243,0.17364096641540527,0.10104108601808548,29.97061538696289,-105.91524505615234,26.02768325805664,49.79890441894531,378.0887451171875,h
97.2400131225586,18.922630310058594,2.7384016513824463,0.27117037773132324,0.13250021636486053,51.68579864501953,25.935144424438477,-7.421345233917236,72.73030853271484,335.0704040527344,h
33.650535583496094,11.685436248779297,2.5450642108917236,0.35188671946525574,0.1729130744934082,15.058330535888672,28.214214324951172,-10.335762023925781,70.14006805419922,121.03287506103516,h
334.177001953125,228.0384979248047,5.179500102996826,0.013100000098347664,0.0007999999797903001,575.24072265625,231.4459991455078,-205.8946990966797,90.0,5.74560022354126,h
334.177001953125,228.0384979248047,5.179500102996826,0.013100000098347664,0.0007999999797903001,-457.9161071777344,231.4459991455078,179.8509979248047,90.0,466.4078063964844,h
334.177001953125,228.0384979248047,5.179500102996826,0.013100000098347664,0.0007999999797903001,575.24072265625,231.4459991455078,-205.8946990966797,90.0,466.4078063964844,h
334.177001953125,228.0384979248047,5.179500102996826,0.013100000098347664,0.0007999999797903001,-457.9161071777344,-331.7799987792969,-205.8946990966797,90.0,160.34336853027344,h
57.07373046875,9.523934364318848,3.0490164756774902,0.30922752618789673,0.18568924069404602,71.06342315673828,52.42975997924805,5.028264045715332,68.76786804199219,203.90179443359375,h
23.612346649169922,9.950743675231934,2.306196928024292,0.48566433787345886,0.23822329938411713,19.558332443237305,18.499740600585938,7.506656169891357,24.38932228088379,158.38719177246094,h
334.177001953125,228.0384979248047,5.179500102996826,0.013100000098347664,0.0007999999797903001,575.24072265625,231.4459991455078,-205.8946990966797,90.0,5.74560022354126,h
27.559112548828125,20.732074737548828,2.722136974334717,0.36318278312683105,0.2005205899477005,-4.708940505981445,-11.045482635498047,12.1866455078125,53.79081726074219,220.50582885742188,h
7.207900047302246,0.0,5.179500102996826,0.8912000060081482,0.6740000247955322,-457.9161071777344,-331.7799987792969,179.8509979248047,90.0,5.74560022354126,h
19.84674835205078,8.62801456451416,2.6376025676727295,0.5658457279205322,0.31349143385887146,-1.550453543663025,-0.0009461506269872189,-11.949525833129883,33.348384857177734,235.3066864013672,h
334.177001953125,228.0384979248047,5.179500102996826,0.013100000098347664,0.0007999999797903001,575.24072265625,231.4459991455078,-205.8946990966797,90.0,5.74560022354126,h
334.013671875,228.0384979248047,5.179500102996826,0.013100000098347664,0.0007999999797903001,-457.8950500488281,-331.7799987792969,-205.8946990966797,88.25695037841797,363.5504455566406,h
95.27388000488281,59.52400207519531,2.7312514781951904,0.4048677980899811,0.2569677531719208,-41.518882751464844,20.692413330078125,-59.94310760498047,15.54164981842041,221.07754516601562,h
99.11591339111328,17.855972290039062,2.8781912326812744,0.3135671317577362,0.17656205594539642,100.5936508178711,82.76152038574219,-7.883978366851807,44.8719596862793,170.86155700683594,h
334.177001953125,228.0384979248047,5.179500102996826,0.013100000098347664,0.0007999999797903001,575.24072265625,231.4459991455078,-205.8946990966797,90.0,466.4078063964844,h
46.21115493774414,14.84475326538086,2.679564952850342,0.30176490545272827,0.16036732494831085,-24.67945671081543,16.383270263671875,-23.771255493164062,56.081233978271484,142.16017150878906,h
67.93331909179688,37.321014404296875,3.4010984897613525,0.17414145171642303,0.10154940187931061,-137.5037078857422,33.682655334472656,-35.997047424316406,7.858064651489258,237.72596740722656,h
10.195880889892578,16.559616088867188,1.9413000345230103,0.6568201184272766,0.3061229884624481,-17.862682342529297,-96.5128402709961,54.18241500854492,0.003237507538869977,39.73578643798828,h
7.207900047302246,0.0,5.179500102996826,0.8912000060081482,0.6740000247955322,-457.9161071777344,231.4459991455078,179.8509979248047,90.0,466.4078063964844,h
301.72216796875,228.03033447265625,5.179500102996826,0.013100000098347664,0.0007999999797903001,-93.22718811035156,128.23216247558594,179.37599182128906,83.1277084350586,252.36807250976562,h
62.33821105957031,33.8109016418457,2.8571317195892334,0.2506977915763855,0.11415734142065048,61.166648864746094,50.80024337768555,-34.9402961730957,53.105342864990234,228.38540649414062,h
334.177001953125,228.0384979248047,5.179500102996826,0.013100000098347664,0.0007999999797903001,-457.9161071777344,-331.7799987792969,179.8509979248047,90.0,466.4078063964844,h
20.377887725830078,16.614744186401367,2.4231791496276855,0.4765889346599579,0.28129568696022034,10.513071060180664,16.20758628845215,5.470296382904053,83.46443176269531,65.52680969238281,h
123.29159545898438,40.7484016418457,3.43027925491333,0.10635793954133987,0.05247161164879799,-136.98141479492188,109.30859375,19.952754974365234,18.5479679107666,302.99639892578125,h
7.207900047302246,0.0,1.9413000345230103,0.8912000060081482,0.6740000247955322,-457.9161071777344,-331.7799987792969,179.8509979248047,90.0,5.74560022354126,h
334.177001953125,228.0384979248047,5.179500102996826,0.013100000098347664,0.0007999999797903001,575.24072265625,231.4459991455078,179.8509979248047,90.0,5.74560022354126,h
18.508955001831055,11.640606880187988,2.9594290256500244,0.5841151475906372,0.41324129700660706,1.0143742561340332,3.779803991317749,5.408495903015137,88.7869873046875,35.67742156982422,h
334.177001953125,228.0384979248047,1.9413000345230103,0.013100000098347664,0.6740000247955322,-457.9161071777344,-331.7799987792969,-205.8946990966797,0.0,5.74560022354126,h
334.177001953125,228.0384979248047,5.179500102996826,0.013100000098347664,0.0007999999797903001,575.24072265625,231.4459991455078,179.8509979248047,90.0,466.4078063964844,h
197.81434631347656,65.78427124023438,3.5608742237091064,0.1329200267791748,0.06649400293827057,-258.3578796386719,149.80455017089844,-56.56192398071289,62.3623161315918,260.8880920410156,h
7.207900047302246,0.0,1.9413000345230103,0.8912000060081482,0.6740000247955322,-457.9161071777344,-331.7799987792969,-205.8946990966797,90.0,5.74560022354126,h
90.48051452636719,49.784454345703125,3.7258312702178955,0.09499700367450714,0.05471697077155113,-22.43661880493164,-107.85735321044922,-14.02691650390625,71.53221893310547,283.1429138183594,h
334.177001953125,0.0,5.179500102996826,0.013100000098347664,0.0007999999797903001,-457.9161071777344,-331.7799987792969,179.8509979248047,90.0,5.74560022354126,h
30.42009925842285,12.659504890441895,2.7897307872772217,0.3764481246471405,0.19665075838565826,-0.17267198860645294,-6.972147464752197,-8.745857238769531,62.37772750854492,143.4954833984375,h
334.177001953125,228.0384979248047,5.179500102996826,0.013100000098347664,0.0007999999797903001,575.24072265625,231.4459991455078,-205.8946990966797,90.0,5.74560022354126,h
7.207900047302246,0.0,5.179500102996826,0.8912000060081482,0.6740000247955322,-457.9161071777344,-331.7799987792969,-205.8946990966797,90.0,5.74560022354126,h
334.177001953125,228.0384979248047,5.179500102996826,0.013100000098347664,0.0007999999797903001,-457.9161071777344,-331.7799987792969,179.8509979248047,90.0,466.4078063964844,h
12.700082778930664,16.593778610229492,2.03974986076355,0.6715357899665833,0.4069266617298126,-59.156986236572266,-22.13041114807129,7.180300712585449,84.61888122558594,60.138648986816406,h
334.177001953125,228.0384979248047,5.179500102996826,0.013100000098347664,0.0007999999797903001,575.24072265625,231.4459991455078,-205.8946990966797,90.0,5.74560022354126,h
61.877933502197266,25.04586410522461,3.1339054107666016,0.16166938841342926,0.08035080134868622,80.45406341552734,7.326936721801758,-31.040924072265625,49.9294319152832,230.2501678466797,h
334.177001953125,228.0384979248047,5.179500102996826,0.013100000098347664,0.0007999999797903001,-457.9161071777344,-331.7799987792969,179.8509979248047,90.0,466.4078063964844,h
334.177001953125,228.0384979248047,5.179500102996826,0.013100000098347664,0.0007999999797903001,575.24072265625,231.4459991455078,-205.8946990966797,90.0,5.74560022354126,h
334.177001953125,228.0384979248047,5.179500102996826,0.013100000098347664,0.0007999999797903001,-457.9161071777344,-331.7799987792969,-205.8946990966797,90.0,466.4078063964844,h
334.177001953125,228.0384979248047,5.179500102996826,0.013100000098347664,0.0007999999797903001,575.24072265625,231.4459991455078,-205.8946990966797,90.0,5.74560022354126,h
30.977449417114258,25.8720760345459,3.013671875,0.25670933723449707,0.14620919525623322,24.249868392944336,13.448858261108398,-31.871492385864258,55.830196380615234,184.48243713378906,h
334.177001953125,228.0384979248047,5.179500102996826,0.013100000098347664,0.0007999999797903001,-457.9161071777344,-331.7799987792969,-205.8946990966797,90.0,466.4078063964844,h
35.41947555541992,21.0850830078125,2.7732481956481934,0.281376451253891,0.1576230227947235,14.748083114624023,47.23878479003906,5.6705641746521,69.93264770507812,98.10575866699219,h
64.84638214111328,14.474361419677734,2.5967042446136475,0.36617860198020935,0.1716698855161667,203.61570739746094,-14.264153480529785,12.002277374267578,17.860727310180664,52.489234924316406,h
315.3778381347656,91.59261322021484,3.341707706451416,0.2719748616218567,0.20516622066497803,-188.21861267089844,-330.0848388671875,-172.9011688232422,51.03602600097656,375.4129943847656,h
334.177001953125,228.0384979248047,5.179500102996826,0.013100000098347664,0.0007999999797903001,575.24072265625,231.4459991455078,179.8509979248047,0.0,5.74560022354126,h
334.177001953125,228.0384979248047,5.179500102996826,0.013100000098347664,0.0007999999797903001,-457.9161071777344,-331.7799987792969,-205.8946990966797,90.0,466.4078063964844,h
334.177001953125,228.0384979248047,5.179500102996826,0.013100000098347664,0.0007999999797903001,575.24072265625,231.4459991455078,-205.8946990966797,90.0,5.74560022354126,h
94.99043273925781,35.49947738647461,3.4345390796661377,0.16182920336723328,0.09194853901863098,49.14447784423828,56.404991149902344,14.622335433959961,87.77571868896484,197.36712646484375,h
69.70320892333984,32.744476318359375,3.186452865600586,0.34507620334625244,0.2009643316268921,-44.45977783203125,-75.00323486328125,21.136356353759766,68.73929595947266,395.1608581542969,h
334.177001953125,228.0384979248047,5.179500102996826,0.013100000098347664,0.0007999999797903001,575.24072265625,231.4459991455078,-205.8946990966797,90.0,5.74560022354126,h
334.177001953125,228.0384979248047,5.179500102996826,0.013100000098347664,0.0007999999797903001,-457.9161071777344,-331.7799987792969,179.8509979248047,90.0,5.74560022354126,h
334.177001953125,228.0384979248047,5.179500102996826,0.013100000098347664,0.0007999999797903001,-457.9161071777344,-331.7799987792969,-205.8946990966797,90.0,466.4078063964844,h
334.177001953125,228.0384979248047,5.179500102996826,0.013100000098347664,0.0007999999797903001,575.24072265625,-331.7799987792969,179.8509979248047,90.0,5.74560022354126,h
85.97600555419922,46.96883010864258,3.706235408782959,0.22841928899288177,0.14241421222686768,-15.920714378356934,-34.3154182434082,30.80059814453125,66.30310821533203,26.559288024902344,h
334.177001953125,228.0384979248047,5.179500102996826,0.013100000098347664,0.0007999999797903001,575.24072265625,231.4459991455078,-205.8946990966797,90.0,5.74560022354126,h
334.177001953125,228.0384979248047,5.179500102996826,0.013100000098347664,0.0007999999797903001,575.24072265625,231.4459991455078,-205.8946990966797,90.0,5.74560022354126,h
7.420053482055664,228.0384979248047,1.9413000345230103,0.3477005958557129,0.11493410170078278,-457.9161071777344,-331.7799987792969,179.8509979248047,0.0,5.74560022354126,h
34.79548263549805,17.874414443969727,2.6498806476593018,0.3564935326576233,0.20736601948738098,5.662888050079346,17.487092971801758,9.05319595336914,61.469268798828125,112.92608642578125,h
16.39118003845215,8.806708335876465,2.235675811767578,0.7740859985351562,0.40090811252593994,-19.487640380859375,18.12007713317871,6.83030366897583,15.066193580627441,105.24474334716797,h
334.177001953125,228.0384979248047,4.214694499969482,0.013146213255822659,0.0008204345940612257,575.24072265625,231.43467712402344,-205.8946990966797,72.1084976196289,194.0434112548828,h
22.454936981201172,17.570444107055664,2.5419063568115234,0.4730648398399353,0.27539190649986267,-28.035072326660156,-21.589874267578125,5.723186016082764,33.85805130004883,222.19256591796875,h
106.03788757324219,39.4853630065918,3.9184153079986572,0.11356305330991745,0.05724475532770157,31.14621925354004,94.23382568359375,8.390607833862305,60.22319030761719,82.83397674560547,h
7.210436820983887,228.0384979248047,1.9413000345230103,0.8912000060081482,0.6740000247955322,-457.9161071777344,-331.7799987792969,179.8509979248047,0.0,5.74560022354126,h
334.177001953125,228.0384979248047,1.9413000345230103,0.013100000098347664,0.6740000247955322,-457.9161071777344,-331.7799987792969,-205.8946990966797,0.0,5.74560022354126,h
334.177001953125,228.0384979248047,5.179500102996826,0.013100000098347664,0.0007999999797903001,575.24072265625,231.4459991455078,-205.8946990966797,90.0,466.4078063964844,h
200.26315307617188,212.6213836669922,5.178646564483643,0.013110654428601265,0.000805486983153969,10.274286270141602,30.65349578857422,77.1319580078125,89.48696899414062,311.47991943359375,h
334.177001953125,228.0384979248047,5.179500102996826,0.013100000098347664,0.0007999999797903001,-457.9161071777344,231.4459991455078,179.8509979248047,90.0,5.74560022354126,h
25.82097816467285,10.638973236083984,2.6214916706085205,0.551780104637146,0.3404098153114319,7.628222942352295,-6.63952112197876,-8.922988891601562,44.279197692871094,170.08509826660156,h
40.50274658203125,22.714677810668945,2.8111419677734375,0.29473254084587097,0.1563943773508072,-30.88861656188965,-8.264545440673828,-10.418277740478516,68.64977264404297,161.3986358642578,h
334.177001953125,228.0384979248047,1.9413000345230103,0.013100000098347664,0.6740000247955322,-457.9161071777344,-331.7799987792969,179.8509979248047,0.0,5.74560022354126,h
174.9840545654297,46.625213623046875,2.898329257965088,0.2392079085111618,0.09957817196846008,536.1962280273438,55.82332229614258,-141.9830780029297,82.83189392089844,137.5236358642578,h
91.3037338256836,22.693931579589844,2.7480204105377197,0.35861897468566895,0.19192397594451904,103.02529907226562,58.75566101074219,-15.514461517333984,26.32884407043457,254.01544189453125,h
81.24440002441406,34.13950729370117,3.6066746711730957,0.13627594709396362,0.07482145726680756,6.4441680908203125,70.3871078491211,19.549312591552734,31.457706451416016,169.5593719482422,h
160.02081298828125,49.938045501708984,3.914328098297119,0.18718713521957397,0.11041058599948883,-65.51698303222656,-139.54078674316406,7.19784688949585,6.095559120178223,462.71246337890625,h
25.07454490661621,11.688433647155762,2.831777334213257,0.5589830875396729,0.3227102756500244,-2.7171144485473633,-11.676146507263184,5.059564590454102,52.01432800292969,164.45787048339844,h
36.80351257324219,9.774361610412598,2.623825788497925,0.35592272877693176,0.182317316532135,-18.737947463989258,20.374229431152344,-8.348868370056152,29.199888229370117,192.03167724609375,h
45.41084289550781,11.815380096435547,2.9331064224243164,0.38759273290634155,0.2390410602092743,23.789077758789062,32.947914123535156,9.538768768310547,24.042821884155273,235.10238647460938,h
315.78076171875,227.83877563476562,5.01917839050293,0.013292569667100906,0.0008552187355235219,-457.9161071777344,230.97605895996094,127.83959197998047,17.704580307006836,136.55625915527344,h
7.207900047302246,0.0,1.9413000345230103,0.8912000060081482,0.6740000247955322,-457.9161071777344,-331.7799987792969,179.8509979248047,90.0,5.74560022354126,h
334.177001953125,228.0384979248047,5.179500102996826,0.013100000098347664,0.0007999999797903001,575.24072265625,231.4459991455078,179.8509979248047,90.0,466.4078063964844,h
334.177001953125,228.0384979248047,5.179500102996826,0.013100000098347664,0.0007999999797903001,-457.9161071777344,-331.7799987792969,179.8509979248047,90.0,5.74560022354126,h
7.221925735473633,10.307853698730469,1.9413000345230103,0.7768501043319702,0.3184724450111389,31.737895965576172,-233.64956665039062,-11.341147422790527,0.0,166.93582153320312,h
17.991342544555664,0.0,2.457102060317993,0.8778749108314514,0.6678398847579956,9.299734115600586,17.261219024658203,10.710684776306152,13.981205940246582,221.32101440429688,h
334.177001953125,228.0384979248047,5.179500102996826,0.013100000098347664,0.0007999999797903001,575.24072265625,231.4459991455078,-205.8946990966797,90.0,466.4078063964844,h
334.1105651855469,206.2987518310547,5.174630641937256,0.013602709397673607,0.0008502619457431138,-436.30682373046875,-327.8684997558594,-13.790484428405762,77.59403228759766,131.80177307128906,h
23.005128860473633,8.07033634185791,2.2206621170043945,0.6883725523948669,0.338176429271698,23.904674530029297,1.817579984664917,-6.622582912445068,62.243656158447266,146.9883575439453,h
71.4590072631836,11.554157257080078,2.9612672328948975,0.27802446484565735,0.16227518022060394,49.91891860961914,48.30152893066406,-10.217979431152344,63.216758728027344,187.51470947265625,h
334.177001953125,228.0384979248047,1.9413000345230103,0.013100000098347664,0.0007999999797903001,-457.9161071777344,-331.7799987792969,179.8509979248047,0.0,5.74560022354126,h
7.207900047302246,0.0,5.179500102996826,0.8912000060081482,0.6740000247955322,66.93988037109375,-331.7799987792969,-205.8946990966797,90.0,5.74560022354126,h
20.864248275756836,22.575742721557617,2.8427703380584717,0.46155282855033875,0.25611189007759094,-32.29438781738281,7.496892929077148,16.13718032836914,76.83575439453125,132.0006103515625,h
161.25930786132812,47.66710662841797,3.4108572006225586,0.18495765328407288,0.0937877669930458,-193.49261474609375,-185.2837371826172,-25.103506088256836,6.1062188148498535,332.9572448730469,h
334.177001953125,228.0384979248047,5.179500102996826,0.013100000098347664,0.0007999999797903001,575.24072265625,231.4459991455078,-205.8946990966797,90.0,5.74560022354126,h
167.5172882080078,41.69130325317383,3.2687041759490967,0.13631469011306763,0.06546474248170853,-163.47463989257812,-201.5810546875,29.945823669433594,32.93125534057617,188.57647705078125,h
334.177001953125,228.0384979248047,5.179500102996826,0.013100000098347664,0.0007999999797903001,-457.9161071777344,-331.7799987792969,-205.8946990966797,90.0,466.4078063964844,h
334.177001953125,228.0384979248047,1.9413000345230103,0.013100000098347664,0.6740000247955322,-457.9161071777344,-331.7799987792969,179.8509979248047,0.0,5.74560022354126,h
334.177001953125,228.0384979248047,5.179500102996826,0.013100000098347664,0.0007999999797903001,-78.24468231201172,-331.7799987792969,179.8509979248047,90.0,466.4078063964844,h
7.207900047302246,0.0,1.9413000345230103,0.8912000060081482,0.6740000247955322,-457.9161071777344,-331.7799987792969,12.73624038696289,0.0,149.0147247314453,h
16.928442001342773,13.208680152893066,2.256713628768921,0.6336672902107239,0.30032405257225037,5.757880687713623,12.329469680786133,17.571102142333984,83.37810516357422,276.4058837890625,h
44.87855911254883,20.460765838623047,2.8328192234039307,0.3453451991081238,0.1708068698644638,-83.525634765625,34.36494827270508,6.1854400634765625,60.42900848388672,204.94497680664062,h
7.207900047302246,0.0,1.9413000345230103,0.8912000060081482,0.6740000247955322,-457.9161071777344,-331.7799987792969,179.8509979248047,90.0,5.74560022354126,h
7.207900047302246,0.0,1.9413000345230103,0.8912000060081482,0.6740000247955322,-457.75164794921875,-331.7799987792969,-205.8946990966797,90.0,5.74560022354126,h
25.550846099853516,10.237340927124023,2.2460386753082275,0.5618674159049988,0.3549465239048004,9.876791000366211,20.28164291381836,-9.318041801452637,40.755226135253906,275.5409851074219,h
7.221752166748047,19.616859436035156,1.9413000345230103,0.7647156119346619,0.29266589879989624,-14.527313232421875,-4.025599002838135,81.13397216796875,7.217151165008545,5.74560022354126,h
127.34569549560547,51.781307220458984,3.6801888942718506,0.0817529708147049,0.08363507688045502,-19.34778594970703,68.27991485595703,-34.20506286621094,11.907443046569824,347.5338134765625,h
7.207900047302246,0.0,1.9413000345230103,0.8912000060081482,0.6740000247955322,-457.9161071777344,-331.7799987792969,179.8509979248047,90.0,5.74560022354126,h
32.916786193847656,20.967466354370117,3.0270700454711914,0.2803180515766144,0.18521173298358917,-49.689903259277344,-21.846099853515625,10.315950393676758,85.33523559570312,237.65768432617188,h
7.207900047302246,228.0384979248047,1.9413000345230103,0.649468719959259,0.0007999999797903001,575.24072265625,231.4459991455078,179.8509979248047,90.0,5.74560022354126,h
27.055465698242188,11.310049057006836,2.6385440826416016,0.4756075441837311,0.23864877223968506,-15.496055603027344,10.84792709350586,-11.965598106384277,77.65373229980469,84.35901641845703,h
334.177001953125,228.0384979248047,1.9413000345230103,0.8912000060081482,0.6740000247955322,-457.9161071777344,-331.7799987792969,-205.8946990966797,90.0,5.74560022354126,h
28.316862106323242,9.776588439941406,2.6386256217956543,0.32951635122299194,0.23520657420158386,64.88848114013672,29.004993438720703,8.230189323425293,38.87828826904297,197.65283203125,h
334.177001953125,228.0384979248047,1.9413000345230103,0.013100000098347664,0.6740000247955322,-457.9161071777344,-331.7799987792969,-205.8946990966797,0.0,5.74560022354126,h
334.177001953125,228.0384979248047,5.179500102996826,0.013100000098347664,0.0007999999797903001,-457.9161071777344,231.4459991455078,-205.8946990966797,90.0,466.4078063964844,h
7.207900047302246,0.0,1.9413000345230103,0.8912000060081482,0.6740000247955322,-457.9161071777344,-331.7799987792969,-205.8946990966797,90.0,5.74560022354126,h
334.177001953125,228.0384979248047,5.179500102996826,0.013100000098347664,0.0007999999797903001,-457.9161071777344,-331.7799987792969,-205.8946990966797,90.0,466.4078063964844,h
334.177001953125,228.0384979248047,1.9413000345230103,0.013100000098347664,0.6740000247955322,-457.9161071777344,-331.7799987792969,-205.8946990966797,0.0,5.74560022354126,h
334.177001953125,228.0384979248047,5.179500102996826,0.013100000098347664,0.0007999999797903001,-457.9161071777344,-331.7799987792969,-205.8946990966797,90.0,466.4078063964844,h
23.351667404174805,15.772281646728516,2.321115493774414,0.6615738868713379,0.37226566672325134,33.519630432128906,27.473955154418945,8.367867469787598,61.58220291137695,186.89169311523438,h
34.561824798583984,16.8309268951416,2.5230937004089355,0.3669179081916809,0.24006880819797516,-38.57346725463867,-20.152660369873047,-5.332562446594238,31.353031158447266,139.25697326660156,h
23.845422744750977,12.257379531860352,2.513474941253662,0.5634143948554993,0.33197012543678284,1.810413122177124,-8.24178695678711,19.568086624145508,52.58082962036133,98.2874984741211,h
7.207900047302246,0.0,1.9413000345230103,0.8912000060081482,0.6740000247955322,-457.9161071777344,-331.7799987792969,179.8509979248047,90.0,5.74560022354126,h
334.177001953125,228.0384979248047,1.9413000345230103,0.013100000098347664,0.6740000247955322,-457.9161071777344,-331.7799987792969,179.8509979248047,0.0,5.74560022354126,h
36.6168098449707,18.84101104736328,2.781951904296875,0.4458339512348175,0.22750131785869598,-46.06196212768555,-32.620731353759766,8.551158905029297,22.25077247619629,130.85690307617188,h
334.177001953125,228.0384979248047,5.179500102996826,0.013100000098347664,0.0007999999797903001,575.24072265625,231.4459991455078,-205.8946990966797,90.0,5.74560022354126,h
334.177001953125,228.0384979248047,5.179500102996826,0.013100000098347664,0.0007999999797903001,-457.9161071777344,-331.7799987792969,179.8509979248047,90.0,10.39726734161377,h
333.39801025390625,225.12013244628906,5.179500102996826,0.013100000098347664,0.0007999999797903001,575.24072265625,231.41021728515625,167.55628967285156,74.3831558227539,115.03511810302734,h
334.177001953125,228.0384979248047,5.179500102996826,0.013100000098347664,0.0007999999797903001,-457.9161071777344,-331.7799987792969,179.8509979248047,90.0,5.74560022354126,h
334.177001953125,228.0384979248047,5.179500102996826,0.013100000098347664,0.0007999999797903001,-457.9161071777344,231.4459991455078,-205.8946990966797,90.0,466.4078063964844,h
38.6784782409668,18.77103614807129,2.64439058303833,0.29255250096321106,0.1459442377090454,3.03654146194458,-8.914626121520996,5.450876712799072,52.18122863769531,196.29222106933594,h
334.177001953125,228.0384979248047,5.179500102996826,0.013100000098347664,0.0007999999797903001,575.24072265625,231.4459991455078,-205.8946990966797,90.0,5.74560022354126,h
57.230377197265625,16.91830062866211,2.708124876022339,0.227702796459198,0.13549552857875824,25.921077728271484,38.256900787353516,4.672948837280273,63.294925689697266,208.88694763183594,h
61.035186767578125,23.140378952026367,3.170391082763672,0.26344406604766846,0.12645301222801208,-21.972776412963867,44.34100341796875,11.657946586608887,13.227189064025879,229.73855590820312,h
31.088376998901367,16.1047420501709,2.774505138397217,0.534484326839447,0.36481907963752747,12.393460273742676,39.28833770751953,-13.37503433227539,64.24147033691406,134.04864501953125,h
334.177001953125,228.0384979248047,5.179500102996826,0.013100000098347664,0.0007999999797903001,575.24072265625,231.4459991455078,-205.8946990966797,90.0,466.4078063964844,h
18.757047653198242,10.072233200073242,2.448690176010132,0.7231009602546692,0.4367474615573883,6.13619327545166,5.884856700897217,7.528924942016602,27.507884979248047,120.18093872070312,h
334.177001953125,228.0384979248047,5.179500102996826,0.013100000098347664,0.0007999999797903001,575.24072265625,231.4459991455078,-205.8946990966797,90.0,5.74560022354126,h
49.717044830322266,35.04061508178711,2.6811628341674805,0.24443799257278442,0.15156598389148712,-6.075299263000488,15.771113395690918,38.988258361816406,25.57904815673828,51.736961364746094,h
194.0441131591797,165.60122680664062,4.105506896972656,0.1486300528049469,0.08416006714105606,-248.55419921875,-124.1455307006836,-154.87110900878906,9.395679473876953,464.46392822265625,h
334.177001953125,228.0384979248047,5.179500102996826,0.013100000098347664,0.0007999999797903001,575.24072265625,231.4459991455078,-205.8946990966797,90.0,5.74560022354126,h
334.177001953125,228.0384979248047,1.9413000345230103,0.013100000098347664,0.0007999999797903001,-457.9161071777344,-331.7799987792969,-205.8946990966797,0.0,5.74560022354126,h
63.4554328918457,25.95702362060547,2.447237014770508,0.4750783443450928,0.24221327900886536,-9.84298038482666,-100.36536407470703,15.069992065429688,35.77466583251953,207.87815856933594,h
25.25399398803711,8.780349731445312,2.646857261657715,0.44795313477516174,0.229844868183136,-19.99180793762207,20.180931091308594,-4.815812587738037,65.59185028076172,120.44461059570312,h
334.177001953125,228.0384979248047,5.179500102996826,0.013100000098347664,0.0007999999797903001,575.24072265625,231.4459991455078,-205.8946990966797,90.0,5.74560022354126,h
85.71763610839844,26.39832305908203,2.858314037322998,0.18233737349510193,0.1066029742360115,-94.74783325195312,5.270569324493408,-15.523092269897461,14.956138610839844,246.70994567871094,h
25.658735275268555,15.93143367767334,2.6743953227996826,0.3913905620574951,0.20202484726905823,21.276287078857422,8.761384963989258,-9.555414199829102,55.43849563598633,189.9590301513672,h
81.075927734375,41.546688079833984,3.226986885070801,0.18222442269325256,0.0964050367474556,24.161752700805664,-11.366646766662598,23.535795211791992,37.868492126464844,156.09500122070312,h
334.177001953125,228.0384979248047,5.179500102996826,0.013100000098347664,0.0007999999797903001,-457.9161071777344,-331.7799987792969,179.8509979248047,90.0,466.4078063964844,h
334.177001953125,228.0384979248047,5.179500102996826,0.013100000098347664,0.0007999999797903001,575.24072265625,231.4459991455078,-205.8946990966797,90.0,466.4078063964844,h
165.8760528564453,85.43927764892578,2.701965093612671,0.39513280987739563,0.2544071078300476,-109.67375946044922,-129.8856658935547,-58.6649169921875,41.983421325683594,231.34507751464844,h
334.177001953125,228.0384979248047,1.9413000345230103,0.8912000060081482,0.6740000247955322,-457.9161071777344,-331.7799987792969,-205.8946990966797,90.0,5.74560022354126,h
329.5623779296875,85.73465728759766,3.6126530170440674,0.13635914027690887,0.06468142569065094,-450.30743408203125,-222.22515869140625,34.76171875,64.91902923583984,94.04524993896484,h
73.40449523925781,24.694049835205078,3.274301052093506,0.23662298917770386,0.13794247806072235,-4.273224830627441,-3.6341865062713623,-9.689095497131348,19.058059692382812,244.62045288085938,h
334.177001953125,228.0384979248047,5.179500102996826,0.013100000098347664,0.0007999999797903001,575.24072265625,231.4459991455078,179.8509979248047,89.99827575683594,5.74560022354126,h
334.177001953125,228.0384979248047,5.179500102996826,0.013100000098347664,0.0007999999797903001,-457.9161071777344,231.4459991455078,179.8509979248047,90.0,5.74560022354126,h
7.207900047302246,0.0,1.9413000345230103,0.8912000060081482,0.6740000247955322,-457.9161071777344,-331.7799987792969,179.8509979248047,90.0,5.74560022354126,h
31.703508377075195,19.45819854736328,2.6454920768737793,0.31836795806884766,0.13594268262386322,48.66672897338867,17.21904945373535,11.999554634094238,83.65689086914062,139.6734619140625,h
19.61701011657715,0.0037852961104363203,2.04250168800354,0.8080933094024658,0.42779362201690674,3.885833501815796,-4.790966033935547,-10.883275032043457,63.60807800292969,255.49169921875,h
334.177001953125,228.0384979248047,5.179500102996826,0.013100000098347664,0.0007999999797903001,575.24072265625,-331.7799987792969,-205.8946990966797,90.0,466.4078063964844,h
334.177001953125,228.0384979248047,5.179500102996826,0.013100000098347664,0.0007999999797903001,-457.9161071777344,-331.7799987792969,179.8509979248047,90.0,466.4078063964844,h
334.177001953125,228.0384979248047,5.179500102996826,0.013100000098347664,0.0007999999797903001,-457.9161071777344,-331.7799987792969,-205.8946990966797,90.0,466.4078063964844,h
334.177001953125,228.0384979248047,5.179500102996826,0.013100000098347664,0.0007999999797903001,-457.9161071777344,231.4459991455078,-205.8946990966797,90.0,5.74560022354126,h
7.207900047302246,0.0,5.179500102996826,0.8912000060081482,0.6740000247955322,-457.9161071777344,-331.7799987792969,-205.8946990966797,90.0,5.74560022354126,h
27.315221786499023,4.982559680938721,2.062779426574707,0.5895434021949768,0.4098559021949768,-6.338329315185547,5.219941139221191,3.2635889053344727,28.313091278076172,40.98182678222656,h
17.194555282592773,226.1326446533203,1.9413000345230103,0.6299110651016235,0.41278719902038574,-457.9161071777344,-331.7799987792969,179.8509979248047,0.0,5.74560022354126,h
35.4479866027832,18.65224838256836,2.8679158687591553,0.27822285890579224,0.16303232312202454,28.542728424072266,20.69125747680664,31.27703285217285,77.39563751220703,178.5836944580078,h
333.927734375,138.85586547851562,4.1947455406188965,0.09825466573238373,0.026946023106575012,-442.11407470703125,-329.91943359375,10.44219970703125,71.84579467773438,90.78931427001953,h
90.22868347167969,28.93779945373535,3.3836307525634766,0.13849101960659027,0.07504469901323318,49.0579719543457,78.1462173461914,8.692305564880371,37.70761489868164,268.8439636230469,h
25.71680450439453,13.689363479614258,2.6628525257110596,0.5507543087005615,0.3259440064430237,-19.463552474975586,-29.098438262939453,-13.560328483581543,43.97175979614258,212.1675262451172,h
18.724000930786133,11.767683982849121,2.5999815464019775,0.3841126263141632,0.23211662471294403,19.114360809326172,-8.799036026000977,4.885767936706543,27.368417739868164,233.97174072265625,h
133.75515747070312,28.240869522094727,3.178473711013794,0.13123920559883118,0.062436819076538086,116.86222076416016,155.296142578125,-49.876304626464844,20.391551971435547,184.3510284423828,h
7.207900047302246,0.0,5.179500102996826,0.8912000060081482,0.6740000247955322,-457.9161071777344,-331.7799987792969,179.8509979248047,90.0,5.74560022354126,h
334.177001953125,228.0384979248047,5.179500102996826,0.013100000098347664,0.0007999999797903001,-457.9161071777344,-331.7799987792969,179.8509979248047,90.0,466.4078063964844,h
334.177001953125,0.0,1.9413000345230103,0.8912000060081482,0.6740000247955322,-457.9161071777344,-331.7799987792969,-205.8946990966797,90.0,466.4078063964844,h
7.207900047302246,0.0,5.179500102996826,0.8912000060081482,0.6740000247955322,-457.9161071777344,-331.7799987792969,179.8509979248047,90.0,5.74560022354126,h
51.796348571777344,26.527814865112305,3.1947851181030273,0.19564402103424072,0.09993026405572891,-15.201788902282715,-18.56186294555664,30.06943130493164,37.95531463623047,196.68759155273438,h
24.040124893188477,11.126022338867188,2.493516683578491,0.515894889831543,0.29658183455467224,21.972246170043945,16.240266799926758,10.725494384765625,69.67060852050781,213.48228454589844,h
7.207900047302246,0.0,4.432170391082764,0.8912000060081482,0.6740000247955322,-457.9161071777344,-331.7799987792969,179.8509979248047,90.0,466.4078063964844,h
334.177001953125,228.0384979248047,5.179500102996826,0.013100000098347664,0.0007999999797903001,-457.9161071777344,-331.7799987792969,-205.8946990966797,90.0,466.4078063964844,h
334.177001953125,228.0384979248047,5.179500102996826,0.013100000098347664,0.0007999999797903001,-457.9161071777344,-331.7799987792969,-205.8946990966797,90.0,466.4078063964844,h
334.177001953125,228.0384979248047,1.9413000345230103,0.013100000098347664,0.6740000247955322,-457.9161071777344,-331.7799987792969,179.8509979248047,0.0,466.4078063964844,h
235.32150268554688,136.31629943847656,4.521106243133545,0.04881802201271057,0.029267704114317894,-424.5854797363281,-14.731141090393066,92.46752166748047,60.57413101196289,367.2149658203125,h
334.177001953125,228.0384979248047,5.179500102996826,0.013100000098347664,0.0007999999797903001,575.24072265625,231.4459991455078,179.8509979248047,0.0,5.74560022354126,h
237.78671264648438,70.25481414794922,3.4741265773773193,0.16732975840568542,0.08756417036056519,-277.8966064453125,-192.99136352539062,68.47636413574219,83.04723358154297,259.8451843261719,h
334.177001953125,228.0384979248047,5.179500102996826,0.013100000098347664,0.0007999999797903001,-457.9161071777344,-331.7799987792969,179.8509979248047,90.0,5.74560022354126,h
334.177001953125,228.0384979248047,5.179500102996826,0.013100000098347664,0.0007999999797903001,-457.9161071777344,-331.7799987792969,-205.8946990966797,90.0,466.4078063964844,h
148.29246520996094,43.079673767089844,3.432182550430298,0.09948531538248062,0.06088116765022278,-190.81741333007812,-126.86468505859375,-11.470004081726074,77.81415557861328,168.5325469970703,h
334.177001953125,228.0384979248047,5.179500102996826,0.013100000098347664,0.0007999999797903001,575.24072265625,231.4459991455078,179.8509979248047,90.0,466.4078063964844,h
334.177001953125,228.0384979248047,5.179500102996826,0.013100000098347664,0.0007999999797903001,-457.9161071777344,-331.7799987792969,179.8509979248047,90.0,5.74560022354126,h
334.177001953125,228.0384979248047,5.179500102996826,0.013100000098347664,0.0007999999797903001,575.24072265625,-331.7799987792969,-205.8946990966797,90.0,466.4078063964844,h
65.96985626220703,15.865215301513672,2.950978994369507,0.29028162360191345,0.1410786509513855,-14.737310409545898,-12.09810733795166,-13.501304626464844,16.676841735839844,68.54191589355469,h
334.177001953125,228.0384979248047,5.179500102996826,0.013100000098347664,0.0007999999797903001,-457.9161071777344,-331.7799987792969,179.8509979248047,90.0,5.75441837310791,h
334.177001953125,228.0384979248047,1.9413000345230103,0.8912000060081482,0.6740000247955322,-457.9161071777344,-331.7799987792969,-205.8946990966797,0.0,5.74560022354126,h
234.8527069091797,222.54759216308594,5.179500102996826,0.013100000098347664,0.0007999999797903001,-246.34878540039062,-28.65549087524414,177.9147186279297,65.78177642822266,230.5211944580078,h
47.434593200683594,17.72049331665039,2.8875036239624023,0.33736729621887207,0.19944803416728973,33.798892974853516,44.20989227294922,5.591829299926758,88.18682098388672,170.15525817871094,h
68.47926330566406,23.26486587524414,3.006983995437622,0.187572181224823,0.10580682009458542,-155.2986602783203,46.253936767578125,-18.81426429748535,70.70646667480469,185.66603088378906,h
35.69377899169922,11.874476432800293,2.471018075942993,0.565229058265686,0.3152344822883606,2.728588104248047,15.033921241760254,-17.275306701660156,35.632545471191406,211.02967834472656,h
334.177001953125,228.0384979248047,5.179500102996826,0.013100000098347664,0.0007999999797903001,575.215087890625,-331.741455078125,179.8509979248047,90.0,466.4078063964844,h
26.72956657409668,0.0,2.679481267929077,0.6630280613899231,0.2875671684741974,7.228494644165039,20.930641174316406,-7.204938888549805,20.078033447265625,170.86688232421875,h
31.87186050415039,0.0015140812611207366,2.2957496643066406,0.606116533279419,0.357164591550827,-0.9593409895896912,19.323720932006836,-11.69289493560791,78.9004135131836,120.75692749023438,h
107.94773864746094,83.65579986572266,3.458320140838623,0.14602480828762054,0.07789316028356552,-16.164995193481445,116.58577728271484,71.3330307006836,75.81905364990234,239.9609832763672,h
44.23902893066406,29.877775192260742,2.9260973930358887,0.31034189462661743,0.18190525472164154,8.301240921020508,24.93738555908203,-20.231182098388672,47.57752990722656,336.81549072265625,h
187.96243286132812,44.29633331298828,3.197204828262329,0.13443313539028168,0.06360533833503723,-291.6195373535156,155.66128540039062,86.09992218017578,66.89824676513672,103.93940734863281,h
87.4625015258789,16.603376388549805,2.8294708728790283,0.3126872479915619,0.14738290011882782,-61.351837158203125,65.608642578125,7.936269283294678,9.323091506958008,374.1690979003906,h
334.177001953125,228.0384979248047,5.179500102996826,0.013100000098347664,0.0007999999797903001,-457.9161071777344,-331.7799987792969,179.8509979248047,90.0,466.4078063964844,h
45.89826583862305,23.130455017089844,2.8261067867279053,0.31263643503189087,0.17328837513923645,17.878814697265625,26.60698890686035,-5.536914348602295,49.335121154785156,98.46678161621094,h
334.177001953125,228.0384979248047,5.179500102996826,0.013100000098347664,0.0007999999797903001,-457.9161071777344,-331.7799987792969,179.8509979248047,90.0,5.74560022354126,h
13.809052467346191,10.278361320495605,2.44612455368042,0.7401166558265686,0.43719300627708435,-14.999643325805664,-10.711904525756836,-8.28305721282959,72.93135833740234,217.13429260253906,h
334.177001953125,228.0384979248047,5.179500102996826,0.013100000098347664,0.0007999999797903001,-457.9161071777344,-331.7799987792969,179.8509979248047,90.0,466.4078063964844,h
334.177001953125,228.0384979248047,5.179500102996826,0.013100000098347664,0.0007999999797903001,575.24072265625,231.4459991455078,-205.8946990966797,90.0,5.74560022354126,h
60.93907928466797,19.38187599182129,2.9194064140319824,0.30139508843421936,0.17671842873096466,-2.9495129585266113,69.4423828125,-10.695411682128906,4.6591477394104,344.7203369140625,h
19.04791831970215,15.384178161621094,2.2667384147644043,0.7266676425933838,0.3734055459499359,-8.027223587036133,-14.147077560424805,15.020184516906738,4.653503894805908,98.59709167480469,h
334.177001953125,228.0384979248047,5.179500102996826,0.013100000098347664,0.0007999999797903001,-457.9161071777344,-331.7799987792969,179.8509979248047,90.0,466.4078063964844,h
50.722164154052734,20.387928009033203,2.812680721282959,0.26145026087760925,0.1546093374490738,-36.54253387451172,62.36495590209961,-13.08840274810791,18.459871292114258,241.4618377685547,h
26.893569946289062,13.716438293457031,2.6223015785217285,0.3440914750099182,0.16794785857200623,4.416735649108887,10.250778198242188,10.490726470947266,57.704566955566406,208.5438690185547,h
334.177001953125,228.0384979248047,1.9413000345230103,0.3248662054538727,0.6740000247955322,-457.9161071777344,-331.7799987792969,179.8509979248047,0.0,5.74560022354126,h
11.733036041259766,10.035191535949707,2.111020088195801,0.7523407340049744,0.4107242226600647,15.435782432556152,-10.218669891357422,-6.274024963378906,78.6895980834961,139.9918212890625,h
53.82457733154297,15.859354019165039,2.7688682079315186,0.390764445066452,0.2464674562215805,39.97856521606445,35.33993148803711,10.040571212768555,52.97959899902344,123.84142303466797,h
26.855562210083008,18.224327087402344,2.6747665405273438,0.5038496255874634,0.2855517268180847,-17.018428802490234,15.42562484741211,14.420979499816895,87.67617797851562,243.25018310546875,h
334.177001953125,228.0384979248047,5.179500102996826,0.013100000098347664,0.0007999999797903001,-457.9161071777344,-331.7799987792969,179.8509979248047,90.0,5.74560022354126,h
25.794803619384766,23.23653221130371,2.6004416942596436,0.26098936796188354,0.17602859437465668,7.607135772705078,11.091687202453613,5.084585189819336,8.160245895385742,237.34645080566406,h
144.6448211669922,33.13435363769531,3.255314350128174,0.14006440341472626,0.06315317004919052,96.41386413574219,130.59703063964844,31.18558120727539,5.695913791656494,239.3503875732422,h
334.177001953125,228.0384979248047,5.179500102996826,0.013100000098347664,0.0007999999797903001,-457.9161071777344,-311.0600891113281,-205.8946990966797,89.75056457519531,466.35369873046875,h
7.266387462615967,12.060819625854492,1.9413000345230103,0.6151480674743652,0.23878765106201172,-155.95843505859375,-331.5694274902344,9.368897438049316,0.0,5.916667461395264,h
334.177001953125,228.0384979248047,5.179500102996826,0.013100000098347664,0.0007999999797903001,575.24072265625,231.4459991455078,179.8509979248047,90.0,466.4078063964844,h
43.78543472290039,14.580206871032715,2.54240345954895,0.385282963514328,0.2248963862657547,-2.7153310775756836,30.838512420654297,-10.271121978759766,39.80698776245117,200.21978759765625,h
57.585693359375,31.01988983154297,3.2082812786102295,0.17240950465202332,0.08106373995542526,23.714256286621094,24.380216598510742,-13.063732147216797,28.941118240356445,52.986995697021484,h
334.177001953125,228.0384979248047,1.9413000345230103,0.013100000098347664,0.6740000247955322,-457.9161071777344,-331.7799987792969,-204.64088439941406,0.0,5.74560022354126,h
334.177001953125,228.0384979248047,5.179500102996826,0.013100000098347664,0.0007999999797903001,-457.9161071777344,-331.7799987792969,179.8509979248047,90.0,466.4078063964844,h
334.177001953125,228.0384979248047,1.9413000345230103,0.013100000098347664,0.6740000247955322,-457.9161071777344,-331.7799987792969,-205.8946990966797,0.0,5.74560022354126,h
227.77972412109375,64.71078491210938,3.5357072353363037,0.09231837093830109,0.052485547959804535,-385.2744140625,136.6793670654297,-6.641213893890381,23.141511917114258,221.14500427246094,h
334.177001953125,228.0384979248047,5.179500102996826,0.013100000098347664,0.0007999999797903001,-457.9161071777344,-331.7799987792969,179.8509979248047,90.0,466.4078063964844,h
334.177001953125,228.0384979248047,5.179500102996826,0.013100000098347664,0.0007999999797903001,-457.9161071777344,-331.7799987792969,179.8509979248047,90.0,466.4078063964844,h
334.177001953125,228.0384979248047,5.179500102996826,0.013100000098347664,0.0007999999797903001,-457.9161071777344,-331.7799987792969,179.8509979248047,90.0,466.4078063964844,h
135.84664916992188,56.82966613769531,2.9939494132995605,0.2745169997215271,0.13341255486011505,97.72633361816406,115.4878158569336,37.85060501098633,29.640363693237305,319.8018798828125,h
334.177001953125,228.0384979248047,1.9413000345230103,0.013100000098347664,0.0007999999797903001,-457.9161071777344,-331.7799987792969,179.8509979248047,0.0,5.74560022354126,h
334.177001953125,228.0384979248047,5.179500102996826,0.013100000098347664,0.0007999999797903001,-457.9161071777344,231.4459991455078,-205.8946990966797,90.0,466.3076171875,h
334.177001953125,228.0384979248047,5.179500102996826,0.013100000098347664,0.0007999999797903001,575.24072265625,231.4459991455078,-205.8946990966797,90.0,466.4078063964844,h
300.2942199707031,187.47000122070312,5.179291725158691,0.013100000098347664,0.0008049016469158232,-454.85955810546875,-323.33392333984375,94.46269989013672,79.30813598632812,134.5372314453125,h
193.2484588623047,66.1369857788086,3.586595058441162,0.17043717205524445,0.08496911823749542,134.23370361328125,60.99275207519531,-5.883584499359131,84.84639739990234,295.2995910644531,h
20.4518985748291,7.26372766494751,2.5594828128814697,0.7847484946250916,0.41238048672676086,13.157973289489746,11.113646507263184,9.071354866027832,57.160057067871094,130.80712890625,h
28.187870025634766,12.282533645629883,2.176638603210449,0.768652081489563,0.46047550439834595,-26.92542839050293,10.088835716247559,-15.19874382019043,17.234821319580078,366.00555419921875,h
83.1728515625,59.086727142333984,4.117859840393066,0.04528361186385155,0.021065497770905495,10.958819389343262,74.8018798828125,-31.314777374267578,54.551170349121094,77.69552612304688,h
46.95777130126953,12.697771072387695,2.6605165004730225,0.43676331639289856,0.2571474015712738,63.37373733520508,46.997802734375,-3.0679163932800293,22.48196792602539,164.27529907226562,h
113.65484619140625,35.16835403442383,3.2212302684783936,0.21293996274471283,0.13741332292556763,-108.67921447753906,-131.46353149414062,47.02684020996094,51.74432373046875,215.9250030517578,h
19.173606872558594,9.010011672973633,2.3489327430725098,0.5955263376235962,0.3090435266494751,29.25284767150879,15.58447551727295,8.181112289428711,57.67393112182617,67.81787872314453,h
334.177001953125,228.0384979248047,1.9413000345230103,0.013100000098347664,0.6740000247955322,-457.9161071777344,-331.7799987792969,179.8509979248047,0.0,380.9626159667969,h
160.5391845703125,35.1578369140625,3.3363242149353027,0.153447687625885,0.06830524653196335,-171.29115295410156,104.03536987304688,19.078432083129883,3.99172306060791,277.6704406738281,h
251.26019287109375,75.56904602050781,4.847433567047119,0.026591314002871513,0.01999279484152794,-286.7747802734375,-294.8713684082031,41.76839828491211,14.278858184814453,196.9105987548828,h
334.177001953125,228.0384979248047,5.179500102996826,0.013100000098347664,0.0007999999797903001,575.24072265625,231.4459991455078,-205.8946990966797,90.0,466.4078063964844,h
334.177001953125,228.0384979248047,5.179500102996826,0.013100000098347664,0.0007999999797903001,-457.9161071777344,-331.7799987792969,179.8509979248047,90.0,466.4078063964844,h
39.38352584838867,32.526424407958984,3.2009944915771484,0.20407801866531372,0.1364128440618515,25.790212631225586,12.62008285522461,-20.008358001708984,15.8898344039917,228.9386749267578,h
334.177001953125,228.0384979248047,5.179500102996826,0.013100000098347664,0.0007999999797903001,-457.9161071777344,-331.7799987792969,179.8509979248047,90.0,5.74560022354126,h
334.177001953125,228.0384979248047,5.179500102996826,0.013100000098347664,0.0007999999797903001,-457.9161071777344,-331.7799987792969,179.8509979248047,90.0,466.4078063964844,h
20.28353500366211,9.995182991027832,2.2487573623657227,0.4622490108013153,0.3157503306865692,0.10964483767747879,-16.232620239257812,7.191954612731934,22.120750427246094,189.56898498535156,h
113.38301086425781,88.12574005126953,3.4140632152557373,0.26600754261016846,0.11561739444732666,58.711456298828125,20.183237075805664,42.18000030517578,6.781553268432617,353.3689880371094,h
282.4347839355469,221.49684143066406,5.178925514221191,0.013129417784512043,0.0008478978415951133,-449.9589538574219,-285.7678527832031,176.24923706054688,89.65912628173828,459.1648864746094,h
64.93177795410156,49.128196716308594,3.4198570251464844,0.19549709558486938,0.10309489071369171,-13.300585746765137,20.81894302368164,-85.69002532958984,4.98632287979126,272.3929748535156,h
19.914627075195312,14.69389533996582,2.7889199256896973,0.45955419540405273,0.22723519802093506,-10.801074028015137,-10.038440704345703,-7.885250568389893,49.26409149169922,152.00408935546875,h
24.934654235839844,18.787914276123047,2.609154462814331,0.4583195149898529,0.30719277262687683,5.789068222045898,20.33472442626953,12.521111488342285,70.19454956054688,150.4868621826172,h
24.160152435302734,8.317581176757812,2.713092565536499,0.44707944989204407,0.25616785883903503,-16.24122428894043,-17.469587326049805,-0.0002688374079298228,85.73782348632812,171.69845581054688,h
334.177001953125,228.0384979248047,1.9413000345230103,0.013100000098347664,0.6740000247955322,-457.9161071777344,-331.7799987792969,179.8509979248047,0.0,466.4078063964844,h
35.85376739501953,9.907593727111816,2.7445151805877686,0.3917459547519684,0.20712895691394806,-1.155192494392395,31.191402435302734,-6.681945323944092,13.886714935302734,200.66098022460938,h
7.207900047302246,0.0,1.9413000345230103,0.8912000060081482,0.6740000247955322,-457.9161071777344,-331.7799987792969,179.8509979248047,0.0,5.74560022354126,h
334.177001953125,228.0384979248047,5.179500102996826,0.013100000098347664,0.0007999999797903001,575.24072265625,231.4459991455078,-205.8946990966797,90.0,466.251708984375,h
334.177001953125,228.0384979248047,5.179500102996826,0.013100000098347664,0.0007999999797903001,575.24072265625,231.4459991455078,-205.8946990966797,90.0,5.74560022354126,h
7.207900047302246,0.0,5.179500102996826,0.8912000060081482,0.6740000247955322,-457.9161071777344,-331.7799987792969,179.8509979248047,90.0,5.74560022354126,h
7.207900047302246,0.0,1.9413000345230103,0.8912000060081482,0.6740000247955322,-457.9161071777344,-331.7799987792969,179.8509979248047,90.0,5.74560022354126,h
334.177001953125,228.0384979248047,5.179500102996826,0.013100000098347664,0.0007999999797903001,575.24072265625,231.4459991455078,-205.8946990966797,90.0,5.74560022354126,h
7.207900047302246,228.0384979248047,1.9413000345230103,0.8912000060081482,0.6740000247955322,575.24072265625,231.4459991455078,179.8509979248047,0.0,5.74560022354126,h
86.73197937011719,30.287532806396484,3.3929290771484375,0.14143404364585876,0.07440374046564102,10.862915992736816,-51.309791564941406,26.154088973999023,13.377279281616211,190.74810791015625,h
334.177001953125,228.0384979248047,5.179500102996826,0.013100000098347664,0.0007999999797903001,-457.9161071777344,-331.7799987792969,-205.8946990966797,90.0,466.4078063964844,h
113.9312744140625,69.4635238647461,3.987809896469116,0.09094276279211044,0.05083322152495384,-24.87609100341797,83.58958435058594,-13.560206413269043,9.086655616760254,329.7673034667969,h
37.5775146484375,16.148120880126953,2.5440895557403564,0.29431718587875366,0.15627534687519073,-59.76982498168945,-30.83280372619629,-11.699070930480957,89.02605438232422,49.626548767089844,h
27.86642074584961,19.77390480041504,2.604862689971924,0.3823372721672058,0.173927441239357,23.256935119628906,-14.680185317993164,13.915837287902832,15.195557594299316,150.3881378173828,h
334.177001953125,228.0384979248047,1.9413000345230103,0.013100000098347664,0.02161356434226036,-457.9161071777344,-331.7799987792969,179.8509979248047,0.0,5.74560022354126,h
334.177001953125,228.0384979248047,5.179500102996826,0.013100000098347664,0.6740000247955322,-457.9161071777344,231.4459991455078,-205.8946990966797,90.0,5.74560022354126,h
26.33677864074707,20.646146774291992,2.5643632411956787,0.36842429637908936,0.21611720323562622,3.6900794506073,-12.881404876708984,-6.774156093597412,19.79662322998047,166.09666442871094,h
334.177001953125,228.0384979248047,5.179500102996826,0.013100000098347664,0.0007999999797903001,575.24072265625,231.4459991455078,-205.8946990966797,90.0,5.74560022354126,h
334.177001953125,228.0384979248047,5.179500102996826,0.013100000098347664,0.0007999999797903001,-457.9161071777344,-331.7799987792969,179.8509979248047,90.0,5.74560022354126,h
44.21154022216797,22.82508659362793,2.962395429611206,0.24296675622463226,0.12839750945568085,-9.99433422088623,-24.77263069152832,17.27138900756836,14.16754150390625,230.97398376464844,h
23.050697326660156,16.931596755981445,2.5232784748077393,0.5004017353057861,0.2644422948360443,-13.197203636169434,17.392688751220703,10.659991264343262,56.31610870361328,209.097900390625,h
7.207900047302246,0.0,5.179500102996826,0.8912000060081482,0.6740000247955322,-457.9161071777344,-331.7799987792969,-205.8946990966797,0.0,466.4078063964844,h
334.177001953125,228.0384979248047,1.9413000345230103,0.013100000098347664,0.6740000247955322,-457.9161071777344,-331.7799987792969,179.8509979248047,0.0,5.74560022354126,h
28.51070213317871,12.153918266296387,2.4876925945281982,0.3708905875682831,0.20737324655056,22.529855728149414,7.120089054107666,7.197657585144043,25.5684757232666,187.4707794189453,h
334.177001953125,228.0384979248047,5.179500102996826,0.013100000098347664,0.0007999999797903001,-457.9161071777344,231.4459991455078,-205.8946990966797,90.0,5.74560022354126,h
7.604102611541748,28.34337043762207,1.9413000345230103,0.8908193111419678,0.5226806402206421,-457.9161071777344,-331.7799987792969,179.8509979248047,0.0,5.74560022354126,h
17.284671783447266,10.8424072265625,2.2026660442352295,0.500698983669281,0.2253534495830536,25.987350463867188,-17.061996459960938,9.801321983337402,40.382442474365234,264.7049255371094,h
27.53805923461914,11.012579917907715,2.688323736190796,0.4972649812698364,0.30176103115081787,16.19156837463379,5.097366809844971,-6.354831695556641,66.78770446777344,205.0872344970703,h
94.80101013183594,51.75355529785156,3.3824291229248047,0.28161507844924927,0.1620601862668991,131.7733612060547,77.17315673828125,-84.8660659790039,3.312762975692749,369.9698181152344,h
19.498661041259766,18.19319725036621,2.7111318111419678,0.42550206184387207,0.22595427930355072,15.11479663848877,-16.626630783081055,11.720597267150879,85.91886138916016,195.12890625,h
334.177001953125,228.0384979248047,5.179500102996826,0.013100000098347664,0.0007999999797903001,575.24072265625,231.4459991455078,-205.8946990966797,90.0,466.4078063964844,h
31.27176284790039,17.71457862854004,2.593010902404785,0.3590824604034424,0.19342513382434845,22.33656883239746,-10.776786804199219,16.115196228027344,24.603260040283203,196.0365753173828,h
334.177001953125,228.0384979248047,5.179500102996826,0.013100000098347664,0.0007999999797903001,-457.9161071777344,231.4459991455078,179.8509979248047,90.0,5.74560022354126,h
25.164588928222656,15.699512481689453,2.568739175796509,0.3943384885787964,0.19362501800060272,1.0950137376785278,14.984658241271973,10.2409086227417,49.30065155029297,213.52133178710938,h
88.70028686523438,31.71944808959961,2.9590959548950195,0.2590014934539795,0.1343032270669937,-96.9997787475586,-56.40752410888672,28.22022819519043,32.48577880859375,291.6641845703125,h
334.177001953125,228.0384979248047,5.179500102996826,0.013100000098347664,0.0007999999797903001,-457.9161071777344,-331.7799987792969,179.8509979248047,90.0,5.74560022354126,h
334.177001953125,228.0384979248047,5.179500102996826,0.013100000098347664,0.0007999999797903001,575.24072265625,231.4459991455078,-205.8946990966797,90.0,5.74560022354126,h
334.177001953125,228.0384979248047,5.179500102996826,0.013100000098347664,0.0007999999797903001,575.24072265625,231.4459991455078,179.8509979248047,90.0,5.74560022354126,h
234.4473114013672,89.06407165527344,4.443595886230469,0.015070282854139805,0.001599505078047514,-150.99363708496094,-149.9635009765625,14.094305992126465,88.96157836914062,235.69223022460938,h
334.177001953125,228.0384979248047,5.179500102996826,0.013100000098347664,0.0007999999797903001,575.24072265625,231.4459991455078,-205.8946990966797,90.0,5.74560022354126,h
334.177001953125,228.0384979248047,5.179500102996826,0.013100000098347664,0.0007999999797903001,575.24072265625,231.4459991455078,-205.8946990966797,90.0,466.4078063964844,h
334.177001953125,228.0384979248047,5.179500102996826,0.013100000098347664,0.0007999999797903001,-457.9161071777344,231.4459991455078,179.8509979248047,90.0,5.74560022354126,h
334.177001953125,228.0384979248047,5.179500102996826,0.013100000098347664,0.0007999999797903001,-457.9161071777344,231.4459991455078,179.8509979248047,90.0,5.74560022354126,h
334.177001953125,228.0384979248047,1.9413000345230103,0.8912000060081482,0.6740000247955322,-457.9161071777344,-331.7799987792969,-205.8946990966797,0.0,5.74560022354126,h
19.49470329284668,9.477055549621582,2.4254508018493652,0.6020017862319946,0.3932337164878845,-26.72882652282715,4.746420860290527,-11.498135566711426,85.50299835205078,134.031005859375,h
334.177001953125,228.0384979248047,5.179500102996826,0.013100000098347664,0.0007999999797903001,575.24072265625,231.4459991455078,-205.8946990966797,90.0,5.74560022354126,h
334.177001953125,228.0384979248047,5.179500102996826,0.013100000098347664,0.0007999999797903001,-457.9161071777344,-331.7799987792969,179.8509979248047,90.0,466.4078063964844,h
54.44046401977539,14.233295440673828,2.324622869491577,0.5188241600990295,0.31883305311203003,14.1563081741333,-26.910112380981445,-9.989830017089844,59.433921813964844,66.41354370117188,h
12.586913108825684,6.960678577423096,2.446200132369995,0.807226836681366,0.6423506140708923,-8.738335609436035,-1.9753800630569458,6.026581287384033,2.0609614849090576,93.5799331665039,h
26.82440948486328,228.0384979248047,1.9413000345230103,0.5561389327049255,0.6418301463127136,-457.9161071777344,-331.7799987792969,179.8509979248047,0.0,5.74560022354126,h
334.177001953125,228.0384979248047,5.179500102996826,0.013100000098347664,0.0007999999797903001,-457.9161071777344,231.4459991455078,-205.8946990966797,90.0,466.4078063964844,h
84.85810852050781,23.378576278686523,3.0590322017669678,0.2992779612541199,0.16621646285057068,64.32455444335938,54.56501007080078,-5.42056941986084,18.530263900756836,258.20928955078125,h
334.177001953125,228.0384979248047,5.179500102996826,0.013100000098347664,0.0007999999797903001,-457.9161071777344,-331.7799987792969,-205.8946990966797,90.0,466.4078063964844,h
20.553325653076172,11.343814849853516,2.6766061782836914,0.4652075171470642,0.2698476016521454,-2.4998459815979004,11.20457935333252,-5.142838954925537,37.30885696411133,101.4414291381836,h
35.436927795410156,19.4841251373291,2.7505977153778076,0.3431013822555542,0.1773671954870224,-11.302788734436035,7.188332557678223,-19.54631805419922,33.970909118652344,265.88677978515625,h
334.177001953125,228.0384979248047,5.179500102996826,0.013100000098347664,0.0007999999797903001,-457.9161071777344,-331.7799987792969,179.8509979248047,90.0,5.74560022354126,h
66.26786041259766,18.906923294067383,2.857081413269043,0.40821149945259094,0.2358010858297348,-44.765445709228516,-59.7554931640625,-22.632509231567383,28.733449935913086,291.92059326171875,h
334.177001953125,228.0384979248047,5.179500102996826,0.013100000098347664,0.0007999999797903001,575.24072265625,231.4459991455078,-205.8946990966797,90.0,5.74560022354126,h
55.0504035949707,7.4534220695495605,2.8775041103363037,0.29172059893608093,0.1951390951871872,-15.240788459777832,26.585660934448242,6.8189778327941895,88.8647689819336,233.1460723876953,h
7.207900047302246,0.0,1.9413000345230103,0.8912000060081482,0.6740000247955322,575.24072265625,-331.75579833984375,179.8509979248047,0.0,5.74560022354126,h
334.177001953125,228.0384979248047,5.179500102996826,0.013100000098347664,0.0007999999797903001,-457.9161071777344,-331.7799987792969,-205.8946990966797,90.0,5.74560022354126,h
334.177001953125,228.0384979248047,5.179500102996826,0.013100000098347664,0.0007999999797903001,-457.9161071777344,-331.7799987792969,-205.8946990966797,90.0,466.4078063964844,h
7.207900047302246,0.0,1.9425805807113647,0.8912000060081482,0.6740000247955322,-457.9161071777344,-331.22589111328125,-8.362810134887695,0.0,195.47653198242188,h
38.427589416503906,12.453807830810547,2.645193099975586,0.4531334936618805,0.23697949945926666,19.7266902923584,24.459651947021484,-12.258097648620605,9.68787670135498,103.81253814697266,h
334.177001953125,228.0384979248047,5.179500102996826,0.013100000098347664,0.0007999999797903001,-457.9161071777344,231.4459991455078,-205.8946990966797,90.0,5.74560022354126,h
94.37567138671875,64.41796875,3.5817525386810303,0.24065902829170227,0.12431948632001877,-24.388256072998047,12.46937370300293,-37.2108154296875,6.5662407875061035,291.0159912109375,h
12.812580108642578,6.7007317543029785,2.233920097351074,0.6609696745872498,0.3288111686706543,20.83367919921875,12.701682090759277,8.974335670471191,27.158361434936523,137.76148986816406,h
96.48854064941406,50.27872848510742,3.345329761505127,0.17150408029556274,0.09362020343542099,-93.87744140625,-27.125974655151367,26.655550003051758,16.231996536254883,234.15530395507812,h
29.620800018310547,10.140713691711426,2.586756706237793,0.4567034840583801,0.23495277762413025,-36.40171813964844,23.720565795898438,-0.06321102380752563,48.078895568847656,200.72552490234375,h
334.177001953125,228.0384979248047,1.9413000345230103,0.013100000098347664,0.6740000247955322,-457.9161071777344,-331.7799987792969,179.8509979248047,0.0,466.4078063964844,h
334.177001953125,228.0384979248047,5.179500102996826,0.013100000098347664,0.0007999999797903001,-457.9161071777344,231.4459991455078,179.8509979248047,1.6614490050415043e-06,5.74560022354126,h
23.23387336730957,10.101090431213379,2.153423309326172,0.5691490173339844,0.3892657458782196,-3.089837074279785,-12.431367874145508,2.994304656982422,52.16905212402344,164.56687927246094,h
7.207900047302246,0.0,1.9413000345230103,0.8912000060081482,0.6740000247955322,-457.9161071777344,-331.7799987792969,179.8509979248047,90.0,5.74560022354126,h
32.28035354614258,17.223857879638672,2.9625446796417236,0.311581552028656,0.15627792477607727,-2.236429214477539,13.38960075378418,10.486040115356445,25.98467445373535,235.44821166992188,h
41.58582305908203,9.730989456176758,2.6262102127075195,0.40215837955474854,0.21725712716579437,18.394302368164062,42.60804748535156,-6.197105884552002,17.887828826904297,171.4405059814453,h
211.4140625,216.827392578125,5.133151054382324,0.01319593470543623,0.0009269227157346904,-436.73590087890625,-18.153993606567383,103.66966247558594,32.572933197021484,231.3738250732422,h
334.177001953125,228.0384979248047,5.179500102996826,0.013100000098347664,0.0007999999797903001,-457.9161071777344,-331.7799987792969,179.8509979248047,90.0,466.4078063964844,h
334.177001953125,228.0384979248047,5.179500102996826,0.013100000098347664,0.0007999999797903001,-457.9161071777344,-331.7799987792969,179.8509979248047,90.0,466.4078063964844,h
44.291324615478516,23.297279357910156,3.2392921447753906,0.3191553056240082,0.16018515825271606,-36.78977966308594,41.844783782958984,12.806414604187012,85.18803405761719,320.1399841308594,h
36.584957122802734,5.130382061004639,2.599140167236328,0.6115490794181824,0.3787088990211487,38.098968505859375,23.944669723510742,5.314891815185547,50.76504135131836,147.649169921875,h
24.649587631225586,12.50108528137207,2.463956832885742,0.5203223824501038,0.28521528840065,0.3155710995197296,19.34933853149414,8.646110534667969,10.021589279174805,240.88082885742188,h
334.177001953125,228.0384979248047,5.179500102996826,0.013100000098347664,0.0007999999797903001,-457.9161071777344,-331.7799987792969,179.8509979248047,90.0,5.74560022354126,h
7.207900047302246,0.0,5.179500102996826,0.8912000060081482,0.6740000247955322,-457.9161071777344,-331.7799987792969,179.8509979248047,90.0,5.74560022354126,h
334.177001953125,228.0384979248047,5.179500102996826,0.013100000098347664,0.0007999999797903001,-457.9161071777344,-331.7799987792969,179.8509979248047,90.0,61.01074981689453,h
334.0094909667969,228.0384979248047,1.9413000345230103,0.014871849678456783,0.5425056219100952,-457.9161071777344,-331.7799987792969,179.8509979248047,0.0,5.74560022354126,h
123.5866470336914,40.77468490600586,3.0970053672790527,0.1405426263809204,0.06334540247917175,-88.06551361083984,82.31503295898438,-0.050538320094347,66.82588958740234,234.76881408691406,h
132.48977661132812,80.58802032470703,4.165375709533691,0.09284547716379166,0.056469932198524475,-136.4348907470703,-139.69586181640625,56.217960357666016,28.114160537719727,334.71173095703125,h
94.61538696289062,33.56186294555664,3.4799652099609375,0.19307351112365723,0.12340614199638367,-52.14252853393555,-133.25486755371094,-11.325271606445312,46.12257385253906,94.71822357177734,h
7.207900047302246,0.0,5.179500102996826,0.8912000060081482,0.6740000247955322,-457.9161071777344,231.4459991455078,-205.8946990966797,90.0,466.4078063964844,h
28.36631202697754,9.387085914611816,2.1985185146331787,0.6599738597869873,0.3378874659538269,33.065433502197266,32.092220306396484,-9.650918960571289,24.215604782104492,144.365234375,h
334.177001953125,228.0384979248047,5.179500102996826,0.013100000098347664,0.0007999999797903001,575.24072265625,231.4459991455078,179.8509979248047,90.0,5.74560022354126,h
27.24504852294922,6.7215166091918945,2.1929004192352295,0.6839651465415955,0.34030428528785706,1.1595898866653442,15.019506454467773,10.226105690002441,40.5054817199707,96.69570922851562,h
21.858123779296875,7.597805023193359,2.1920127868652344,0.6699696183204651,0.381976455450058,17.252201080322266,1.2993539571762085,-6.9619903564453125,15.997693061828613,166.5595245361328,h
7.207900047302246,0.0,5.179500102996826,0.8912000060081482,0.6740000247955322,-457.9161071777344,-331.7799987792969,179.8509979248047,90.0,5.74560022354126,h
35.76893615722656,16.96159553527832,2.8793675899505615,0.273260235786438,0.14089412987232208,27.796648025512695,41.102909088134766,-10.114036560058594,30.479961395263672,241.19717407226562,h
12.6171293258667,228.0384979248047,1.9413000345230103,0.8912000060081482,0.6740000247955322,575.24072265625,231.4459991455078,179.8509979248047,0.0,5.74560022354126,h
334.177001953125,228.0384979248047,1.9413000345230103,0.013100000098347664,0.6740000247955322,-457.9161071777344,-331.7799987792969,-205.8946990966797,0.0,5.74560022354126,h
334.177001953125,228.0384979248047,5.179500102996826,0.013100000098347664,0.0007999999797903001,-457.9161071777344,-331.7799987792969,-205.8946990966797,90.0,466.4078063964844,h
55.162784576416016,17.189250946044922,2.7752718925476074,0.35225382447242737,0.19972297549247742,48.80982971191406,29.12299919128418,0.7601805329322815,48.04472732543945,111.9158935546875,h
46.94508743286133,24.96681022644043,2.4991822242736816,0.3870605230331421,0.2079104334115982,-30.33342742919922,-19.86439323425293,28.15496063232422,30.328014373779297,129.3504180908203,h
334.177001953125,228.0384979248047,5.179500102996826,0.013100000098347664,0.0007999999797903001,575.24072265625,231.4459991455078,179.8509979248047,90.0,5.74560022354126,h
7.208966255187988,228.0384979248047,1.9413000345230103,0.8912000060081482,0.6740000247955322,-457.9161071777344,-331.7799987792969,179.8509979248047,0.0,5.74560022354126,h
334.177001953125,228.0384979248047,5.179500102996826,0.013100000098347664,0.0007999999797903001,575.24072265625,231.4459991455078,-205.8946990966797,90.0,5.74560022354126,h
334.177001953125,228.0384979248047,5.179500102996826,0.013100000098347664,0.0007999999797903001,575.24072265625,231.4459991455078,179.8509979248047,7.061433792114258,5.74560022354126,h
93.64210510253906,79.04021453857422,4.271327495574951,0.07052567601203918,0.02881441079080105,14.585112571716309,-0.00011195468687219545,-50.28226852416992,82.07609558105469,272.61444091796875,h
28.852149963378906,6.000060558319092,2.6139848232269287,0.49305567145347595,0.26083025336265564,28.494251251220703,18.28864288330078,4.27848482131958,87.01669311523438,82.18547058105469,h
334.177001953125,228.0384979248047,5.179500102996826,0.013100000098347664,0.0007999999797903001,575.24072265625,231.4459991455078,-205.8946990966797,90.0,144.54808044433594,h
17.015520095825195,18.094369888305664,2.3976612091064453,0.4631929397583008,0.24704156816005707,-14.664687156677246,24.954498291015625,5.879540920257568,28.253437042236328,220.85525512695312,h
334.177001953125,228.0384979248047,5.179500102996826,0.013100000098347664,0.0007999999797903001,-457.9161071777344,-331.7799987792969,179.8509979248047,90.0,298.9297180175781,h
7.207900047302246,0.0,1.9413000345230103,0.8912000060081482,0.6740000247955322,-457.9161071777344,-331.7799987792969,-205.8946990966797,90.0,5.74560022354126,h
334.177001953125,228.0384979248047,5.179500102996826,0.013100000098347664,0.0007999999797903001,-457.9161071777344,-331.7799987792969,179.8509979248047,90.0,5.74560022354126,h
334.177001953125,228.0384979248047,5.179500102996826,0.013100000098347664,0.0007999999797903001,-457.9161071777344,-331.7799987792969,-205.8946990966797,90.0,5.74560022354126,h
70.8913345336914,29.529695510864258,2.6761302947998047,0.283950537443161,0.15070024132728577,18.066390991210938,82.1048583984375,16.899133682250977,22.8143367767334,219.741943359375,h
334.177001953125,228.0384979248047,5.179500102996826,0.013100000098347664,0.0007999999797903001,-457.9161071777344,-331.7799987792969,179.8509979248047,90.0,466.4078063964844,h
7.207900047302246,228.0384979248047,1.9413000345230103,0.8912000060081482,0.6740000247955322,-457.9161071777344,-331.7799987792969,179.8509979248047,0.0,5.74560022354126,h
84.0982437133789,16.124399185180664,2.5639774799346924,0.4080805778503418,0.2771550416946411,36.52785873413086,29.866539001464844,5.05981969833374,17.851821899414062,212.8534393310547,h
27.560474395751953,3.2347772121429443,2.146970748901367,0.8260324001312256,0.4522775411605835,25.42085075378418,11.730157852172852,8.089269638061523,40.12147903442383,185.3672332763672,h
334.177001953125,228.0384979248047,5.179500102996826,0.013100000098347664,0.0007999999797903001,-457.9161071777344,231.4459991455078,-205.8946990966797,90.0,466.4078063964844,h
334.177001953125,228.0384979248047,5.179500102996826,0.013100000098347664,0.0007999999797903001,-457.9161071777344,-331.7799987792969,179.8509979248047,90.0,466.4078063964844,h
69.58014678955078,30.004636764526367,3.132420539855957,0.25733682513237,0.13462507724761963,56.31438446044922,79.72618865966797,-20.24173355102539,27.89553451538086,158.0394287109375,h
90.38059997558594,34.980491638183594,3.128514051437378,0.1999916434288025,0.10014592111110687,-56.05585479736328,-73.04959106445312,-26.9717960357666,46.803924560546875,147.85731506347656,h
334.177001953125,228.0384979248047,5.179500102996826,0.013100000098347664,0.0007999999797903001,-457.9161071777344,-331.7799987792969,179.8509979248047,90.0,465.52301025390625,h
334.177001953125,228.0384979248047,5.179500102996826,0.013100000098347664,0.0007999999797903001,-457.9161071777344,231.4459991455078,179.8509979248047,90.0,5.74560022354126,h
41.53941345214844,19.920944213867188,2.928279161453247,0.19900020956993103,0.113653264939785,24.44052505493164,20.114070892333984,4.206770896911621,75.34331512451172,212.74282836914062,h
30.07988166809082,18.101665496826172,2.4263997077941895,0.43012434244155884,0.24313761293888092,2.3769092559814453,-8.837848663330078,-10.687972068786621,78.41915893554688,208.90240478515625,h
334.177001953125,228.0384979248047,5.179500102996826,0.013100000098347664,0.0007999999797903001,575.24072265625,231.4459991455078,-205.8946990966797,90.0,5.74560022354126,h
334.177001953125,228.0384979248047,5.179500102996826,0.013100000098347664,0.0007999999797903001,575.24072265625,231.4459991455078,-205.8946990966797,90.0,466.4078063964844,h
31.51540756225586,10.503538131713867,2.5687191486358643,0.3960927128791809,0.20269463956356049,-12.414234161376953,-0.00013204252172727138,-7.513322353363037,3.2270679473876953,110.64396667480469,h
140.80799865722656,78.25733184814453,3.9249398708343506,0.10551288723945618,0.04922572895884514,-287.4254150390625,5.0557684898376465,-54.118160247802734,20.69215965270996,313.40570068359375,h
334.177001953125,228.0384979248047,5.179500102996826,0.013100000098347664,0.0007999999797903001,575.24072265625,231.4459991455078,-205.8946990966797,90.0,5.74560022354126,h
334.177001953125,228.0384979248047,5.179500102996826,0.013100000098347664,0.0007999999797903001,575.24072265625,231.4459991455078,-205.8946990966797,0.0,5.74560022354126,h
334.177001953125,228.0384979248047,5.179500102996826,0.013100000098347664,0.0007999999797903001,575.24072265625,231.4459991455078,-205.8946990966797,90.0,466.4078063964844,h
7.207900047302246,0.0,5.179500102996826,0.8912000060081482,0.6740000247955322,-457.9161071777344,-331.7799987792969,179.8509979248047,90.0,5.74560022354126,h
334.177001953125,228.0384979248047,5.179500102996826,0.013100000098347664,0.0007999999797903001,575.24072265625,231.4459991455078,-205.8946990966797,90.0,466.4078063964844,h
334.177001953125,228.0384979248047,5.179500102996826,0.013100000098347664,0.0007999999797903001,-457.9161071777344,-331.7799987792969,179.8509979248047,90.0,164.91860961914062,h
95.16616821289062,22.31939125061035,2.7228589057922363,0.3456858694553375,0.13864478468894958,-57.03152084350586,-112.09017181396484,-10.241365432739258,86.05476379394531,106.33917236328125,h
161.85189819335938,78.29338836669922,3.9621212482452393,0.06315814703702927,0.028133191168308258,-24.012310028076172,36.99258041381836,96.54776000976562,77.66429138183594,372.16094970703125,h
334.177001953125,228.0384979248047,5.179500102996826,0.013100000098347664,0.0007999999797903001,575.24072265625,231.4459991455078,-205.8946990966797,90.0,5.74560022354126,h
334.177001953125,228.0384979248047,5.179500102996826,0.013100000098347664,0.0007999999797903001,575.24072265625,231.4459991455078,179.8509979248047,90.0,5.74560022354126,h
7.207900047302246,0.0,1.9413000345230103,0.8912000060081482,0.6740000247955322,-457.9161071777344,-331.7799987792969,179.8509979248047,90.0,5.74560022354126,h
7.233293056488037,11.61396312713623,1.9413000345230103,0.7838674187660217,0.4106253981590271,18.550817489624023,-22.693706512451172,10.674321174621582,0.0,95.21736907958984,h
334.177001953125,228.0384979248047,5.179500102996826,0.013100000098347664,0.0007999999797903001,-457.9161071777344,-331.7799987792969,179.8509979248047,90.0,466.4078063964844,h
28.631793975830078,8.554289817810059,2.4843995571136475,0.4302046000957489,0.23742567002773285,7.055710792541504,-11.255704879760742,10.252074241638184,69.03202819824219,194.17214965820312,h
27.569101333618164,19.416479110717773,2.803563117980957,0.29284366965293884,0.1671856939792633,-2.508558750152588,-19.573423385620117,11.306718826293945,69.8673324584961,252.4336395263672,h
334.177001953125,228.0384979248047,5.179500102996826,0.013100000098347664,0.0007999999797903001,575.24072265625,231.4459991455078,179.8509979248047,90.0,5.74560022354126,h
334.177001953125,228.0384979248047,5.179500102996826,0.013100000098347664,0.0007999999797903001,575.24072265625,-331.7799987792969,-205.8946990966797,90.0,5.74560022354126,h
82.31343078613281,17.07600975036621,2.992812156677246,0.21076706051826477,0.1250544786453247,160.99021911621094,55.43890380859375,-9.069771766662598,81.9193344116211,206.83152770996094,h
86.83029174804688,22.291467666625977,3.080106019973755,0.16843748092651367,0.10396473854780197,5.872994422912598,-120.28246307373047,-11.374519348144531,1.8287328481674194,194.16909790039062,h
7.207900047302246,0.0,5.179500102996826,0.8912000060081482,0.6740000247955322,-457.9161071777344,-331.7799987792969,179.8509979248047,90.0,5.74560022354126,h
13.077303886413574,9.082305908203125,2.048330783843994,0.7830254435539246,0.47247615456581116,-7.922966957092285,-19.346708297729492,-7.297205448150635,19.547887802124023,253.56011962890625,h
334.177001953125,228.0384979248047,5.179500102996826,0.013100000098347664,0.0007999999797903001,575.24072265625,231.4459991455078,-205.8946990966797,90.0,466.4078063964844,h
334.177001953125,228.0384979248047,5.179500102996826,0.013100000098347664,0.0007999999797903001,-457.9161071777344,-331.7799987792969,179.8509979248047,90.0,466.4078063964844,h
82.55143737792969,32.440208435058594,3.5637810230255127,0.19707456231117249,0.09256871044635773,14.566778182983398,67.20558166503906,-25.432525634765625,8.886268615722656,319.1628723144531,h
334.177001953125,228.0384979248047,5.179500102996826,0.013100000098347664,0.0007999999797903001,-457.9161071777344,-331.7799987792969,-205.8946990966797,90.0,466.4078063964844,h
41.85725402832031,11.583749771118164,2.7890775203704834,0.48651233315467834,0.2909447252750397,-54.48145294189453,-18.5199031829834,-11.021564483642578,45.05573654174805,172.12388610839844,h
334.177001953125,228.0384979248047,5.179500102996826,0.013100000098347664,0.0007999999797903001,575.24072265625,231.4459991455078,179.8509979248047,90.0,5.74560022354126,h
334.177001953125,228.0384979248047,5.179500102996826,0.013100000098347664,0.0007999999797903001,575.24072265625,231.4459991455078,-205.8946990966797,90.0,5.74560022354126,h
334.177001953125,228.0384979248047,5.179500102996826,0.013100000098347664,0.0007999999797903001,575.24072265625,-331.7799987792969,-205.8946990966797,90.0,5.74560022354126,h
334.177001953125,228.0384979248047,5.179500102996826,0.013100000098347664,0.0007999999797903001,-457.9161071777344,-331.7799987792969,179.8509979248047,90.0,466.4078063964844,h
7.207900047302246,0.0,5.179500102996826,0.8912000060081482,0.6740000247955322,-457.9161071777344,-331.7799987792969,179.8509979248047,90.0,5.74560022354126,h
29.679372787475586,10.668585777282715,2.623563289642334,0.4919651746749878,0.2576533555984497,14.9092435836792,17.206829071044922,-7.232680797576904,40.876399993896484,170.60406494140625,h
334.177001953125,228.0384979248047,5.179500102996826,0.013100000098347664,0.0007999999797903001,575.24072265625,231.4459991455078,-205.8946990966797,90.0,5.74560022354126,h
325.8315124511719,180.39569091796875,3.5518290996551514,0.1756708025932312,0.14098067581653595,-347.9614562988281,-328.4916687011719,-187.3682861328125,15.387747764587402,451.9639587402344,h
334.177001953125,228.0384979248047,5.179500102996826,0.013100000098347664,0.0007999999797903001,-457.9161071777344,-331.7799987792969,-205.8946990966797,90.0,5.74560022354126,h
130.24232482910156,49.18642044067383,3.178222179412842,0.24843260645866394,0.15002627670764923,-87.55913543701172,64.40387725830078,-20.016929626464844,4.3894782066345215,206.46829223632812,h
109.70401000976562,40.01963424682617,3.5548415184020996,0.09108884632587433,0.05469351261854172,95.53284454345703,23.587587356567383,-17.79140281677246,89.96661376953125,253.47865295410156,h
334.177001953125,228.0384979248047,5.179500102996826,0.013100000098347664,0.0007999999797903001,-457.9161071777344,-331.7799987792969,179.8509979248047,90.0,466.4078063964844,h
89.55975341796875,43.8012809753418,3.5149807929992676,0.15244384109973907,0.08260853588581085,-66.8791275024414,37.79298400878906,-24.683744430541992,27.083181381225586,352.6271667480469,h
27.135099411010742,11.590176582336426,2.5056748390197754,0.4578433632850647,0.25887611508369446,25.727033615112305,23.1395320892334,-12.12387466430664,66.42696380615234,158.78256225585938,h
334.177001953125,0.0,5.179500102996826,0.013100000098347664,0.0007999999797903001,-457.9161071777344,231.4459991455078,179.8509979248047,90.0,5.74560022354126,h
31.38826560974121,16.77755355834961,2.774186849594116,0.41357335448265076,0.21898411214351654,3.8181254863739014,12.263307571411133,-20.05162811279297,56.66835403442383,270.5267333984375,h
334.177001953125,228.0384979248047,1.9413000345230103,0.013100000098347664,0.6740000247955322,-457.9161071777344,-331.7799987792969,8.269486427307129,0.0,5.74560022354126,h
334.177001953125,228.0384979248047,5.179500102996826,0.013100000098347664,0.0007999999797903001,-457.9161071777344,-331.7799987792969,179.8509979248047,90.0,466.4078063964844,h
334.177001953125,228.0384979248047,5.179500102996826,0.013100000098347664,0.0007999999797903001,-457.9161071777344,-331.7799987792969,179.8509979248047,90.0,466.4078063964844,h
334.177001953125,228.0384979248047,1.9413000345230103,0.013100000098347664,0.6740000247955322,-457.9161071777344,-331.7799987792969,-205.8946990966797,0.0,5.74560022354126,h
93.25728607177734,45.93397903442383,3.9679460525512695,0.08417610079050064,0.09444685280323029,-25.90861701965332,64.0128402709961,39.48532485961914,44.7685546875,251.96630859375,h
334.177001953125,228.0384979248047,5.179500102996826,0.013100000098347664,0.0007999999797903001,575.24072265625,231.4459991455078,-205.8946990966797,90.0,466.4078063964844,h
334.177001953125,228.0384979248047,5.179500102996826,0.013100000098347664,0.0007999999797903001,575.24072265625,-331.7799987792969,-205.8946990966797,90.0,5.74560022354126,h
266.9714660644531,32.64492416381836,2.8558781147003174,0.42803800106048584,0.3004416227340698,-184.88136291503906,-30.588401794433594,9.401439666748047,6.359119892120361,257.1731262207031,h
334.177001953125,228.0384979248047,5.179500102996826,0.013100000098347664,0.0007999999797903001,575.24072265625,-331.7799987792969,179.8509979248047,90.0,466.4078063964844,h
120.48579406738281,14.885438919067383,2.7881855964660645,0.2945319414138794,0.14376936852931976,322.8332214355469,49.1966438293457,-4.291323184967041,8.144769668579102,126.33009338378906,h
334.177001953125,228.0384979248047,5.179500102996826,0.013100000098347664,0.0007999999797903001,-457.9161071777344,231.4459991455078,179.8509979248047,90.0,5.74560022354126,h
334.177001953125,228.0384979248047,1.9413000345230103,0.8912000060081482,0.6740000247955322,-457.9161071777344,-331.7799987792969,-205.8946990966797,0.0,5.74560022354126,h
44.03874206542969,7.530416488647461,2.2957470417022705,0.4828389883041382,0.3111479878425598,13.3193359375,11.077607154846191,-5.5572967529296875,6.080382347106934,123.45067596435547,h
334.177001953125,228.0384979248047,5.179500102996826,0.013100000098347664,0.0007999999797903001,-457.9056701660156,-331.7799987792969,179.8509979248047,90.0,466.4078063964844,h
7.207900047302246,0.0,5.179500102996826,0.8912000060081482,0.6740000247955322,-457.9161071777344,-331.7799987792969,179.8509979248047,90.0,5.74560022354126,h
7.207900047302246,0.0,1.9413000345230103,0.8912000060081482,0.6740000247955322,-457.9161071777344,-331.7799987792969,179.8509979248047,90.0,5.74560022354126,h
21.91390037536621,11.54366683959961,2.243326187133789,0.6897159814834595,0.3866342008113861,-3.7435836791992188,-11.542000770568848,11.517419815063477,78.71109771728516,220.31349182128906,h
334.177001953125,228.0384979248047,5.179500102996826,0.013100000098347664,0.0007999999797903001,-457.9161071777344,231.4459991455078,-205.8946990966797,90.0,466.4078063964844,h
137.919677734375,91.44709777832031,3.2382004261016846,0.17468377947807312,0.06502353399991989,-23.520713806152344,58.33419418334961,-70.59700012207031,38.47130584716797,231.11416625976562,h
7.207900047302246,0.0,1.9413000345230103,0.8912000060081482,0.6740000247955322,-457.9161071777344,-331.7799987792969,-205.8946990966797,90.0,5.74560022354126,h
9.000556945800781,11.195804595947266,2.2295663356781006,0.7158763408660889,0.4336373507976532,29.28177261352539,15.70563793182373,-8.245512962341309,11.497905731201172,260.3076477050781,h
334.177001953125,228.0384979248047,1.9413000345230103,0.013100000098347664,0.6740000247955322,-457.9161071777344,-331.7799987792969,179.8509979248047,0.0,5.74560022354126,h
334.177001953125,228.0384979248047,5.179500102996826,0.013100000098347664,0.0007999999797903001,575.24072265625,231.4459991455078,-205.8946990966797,90.0,5.854300022125244,h
20.485042572021484,5.879302978515625,2.5081491470336914,0.5415895581245422,0.31474927067756653,31.59257698059082,20.144804000854492,-4.272181034088135,48.122291564941406,196.46807861328125,h
334.177001953125,228.0384979248047,1.9413000345230103,0.8912000060081482,0.6740000247955322,-457.9161071777344,-331.7799987792969,179.8509979248047,0.0,466.4078063964844,h
334.177001953125,228.0384979248047,5.179500102996826,0.013100000098347664,0.0007999999797903001,575.24072265625,231.4459991455078,-205.8946990966797,90.0,5.74560022354126,h
7.207900047302246,0.0,5.179500102996826,0.8912000060081482,0.6740000247955322,-457.9161071777344,231.4459991455078,179.8509979248047,90.0,5.74560022354126,h
334.177001953125,228.0384979248047,5.179500102996826,0.013100000098347664,0.0007999999797903001,-457.9161071777344,-331.7389831542969,-205.8946990966797,90.0,91.03412628173828,h
334.177001953125,228.0384979248047,1.9413000345230103,0.013100000098347664,0.6740000247955322,-457.9161071777344,-331.7799987792969,-205.8946990966797,0.0,5.74560022354126,h
334.177001953125,228.0384979248047,5.179500102996826,0.013100000098347664,0.0007999999797903001,-457.9161071777344,-331.7799987792969,179.8509979248047,90.0,466.4044494628906,h
63.717529296875,17.07390022277832,2.999663829803467,0.2094278484582901,0.12015675753355026,22.7792911529541,64.62731170654297,-10.661504745483398,86.86138916015625,228.01593017578125,h
37.62538146972656,228.0384979248047,1.9413000345230103,0.8607688546180725,0.6740000247955322,-457.9161071777344,-331.7799987792969,179.8509979248047,0.0,5.74560022354126,h
54.414546966552734,10.79464340209961,2.365708112716675,0.6156110763549805,0.43098244071006775,3.283278226852417,-58.401920318603516,-7.298503875732422,52.3814697265625,101.21045684814453,h
33.133140563964844,18.78188705444336,2.5687026977539062,0.3431348502635956,0.18382064998149872,-41.82627868652344,15.14823055267334,-12.039047241210938,23.187387466430664,153.11289978027344,h
334.177001953125,228.0384979248047,5.179500102996826,0.013100000098347664,0.0007999999797903001,-457.9161071777344,-331.7799987792969,-205.8946990966797,90.0,466.4078063964844,h
31.171236038208008,16.711849212646484,2.554572343826294,0.5463821291923523,0.32315224409103394,33.129493713378906,8.051536560058594,4.647766590118408,6.288183689117432,242.7980194091797,h
334.177001953125,228.0384979248047,1.9413000345230103,0.013100000098347664,0.6740000247955322,-457.9161071777344,-331.7799987792969,179.8509979248047,0.0,5.74560022354126,h
133.9921112060547,73.48533630371094,3.2013797760009766,0.1479295939207077,0.09526479244232178,15.709834098815918,-149.89791870117188,90.56430053710938,33.713680267333984,194.2140350341797,h
334.177001953125,228.0384979248047,5.179500102996826,0.013100000098347664,0.0007999999797903001,-457.9161071777344,-331.7799987792969,179.8509979248047,90.0,466.4078063964844,h
86.43055725097656,54.20014572143555,2.9955339431762695,0.24085821211338043,0.1371246874332428,48.12080383300781,62.55067825317383,-32.208030700683594,19.458206176757812,238.5785675048828,h
334.177001953125,228.0384979248047,5.179500102996826,0.013100000098347664,0.0007999999797903001,575.24072265625,231.4459991455078,179.8509979248047,89.9999771118164,5.74560022354126,h
334.177001953125,228.0384979248047,5.179500102996826,0.013100000098347664,0.0007999999797903001,575.24072265625,231.4459991455078,128.92738342285156,90.0,466.4078063964844,h
18.48961067199707,11.279022216796875,2.399786949157715,0.6012020111083984,0.39821088314056396,13.083871841430664,-4.656425952911377,-6.415703296661377,85.09960174560547,94.53860473632812,h
334.177001953125,228.0384979248047,5.179500102996826,0.013100000098347664,0.0007999999797903001,-457.9161071777344,-331.7799987792969,179.8509979248047,90.0,5.74560022354126,h
23.7141056060791,20.756380081176758,2.273040771484375,0.3750426471233368,0.2230994701385498,-21.578472137451172,-12.096418380737305,9.48350715637207,80.57367706298828,54.47752380371094,h
334.177001953125,228.0384979248047,5.179500102996826,0.013100000098347664,0.0007999999797903001,-457.9161071777344,231.4459991455078,-205.8946990966797,90.0,466.4078063964844,h
131.48788452148438,51.77229309082031,3.4350318908691406,0.23168395459651947,0.1438959389925003,-236.2825927734375,112.89793395996094,-43.790889739990234,72.57283020019531,314.87762451171875,h
16.01938819885254,5.667312145233154,2.4982943534851074,0.7596296072006226,0.49549102783203125,5.950940132141113,17.16522789001465,4.414012432098389,54.34090042114258,134.88394165039062,h
334.177001953125,228.0384979248047,5.179500102996826,0.013100000098347664,0.0007999999797903001,575.24072265625,231.4459991455078,-205.8946990966797,90.0,5.74560022354126,h
334.177001953125,228.0384979248047,5.179500102996826,0.013100000098347664,0.0007999999797903001,-457.9161071777344,-331.7799987792969,179.8509979248047,90.0,5.74560022354126,h
334.177001953125,228.0384979248047,5.179500102996826,0.013100000098347664,0.0007999999797903001,575.24072265625,231.4459991455078,179.8509979248047,90.0,466.4078063964844,h
334.177001953125,228.0384979248047,5.179500102996826,0.013100000098347664,0.0007999999797903001,575.24072265625,231.4459991455078,179.8509979248047,0.0,5.74560022354126,h
334.177001953125,228.0384979248047,5.179500102996826,0.013100000098347664,0.0007999999797903001,-457.9161071777344,-331.7799987792969,179.8509979248047,90.0,466.4078063964844,h
35.84172439575195,19.736312866210938,2.809621810913086,0.4892895817756653,0.2714308500289917,-33.89107894897461,-26.283655166625977,14.518616676330566,5.323479652404785,153.70535278320312,h
58.36708068847656,20.25861167907715,2.704958200454712,0.48664358258247375,0.2735588252544403,62.70271682739258,45.00529098510742,-10.397272109985352,32.27798843383789,101.26458740234375,h
98.0616226196289,55.013267517089844,3.452224016189575,0.15755008161067963,0.09009270370006561,-19.622617721557617,91.59008026123047,67.28721618652344,4.390247821807861,266.1967468261719,h
329.5557556152344,227.12232971191406,5.179500102996826,0.013100000098347664,0.0007999999797903001,-107.95984649658203,-244.3506622314453,179.5557403564453,85.35914611816406,266.0509033203125,h
334.177001953125,228.0384979248047,1.9413000345230103,0.8912000060081482,0.6740000247955322,-457.9161071777344,-331.7799987792969,179.8509979248047,0.0,466.4078063964844,h
334.177001953125,228.0384979248047,5.179500102996826,0.013100000098347664,0.0007999999797903001,-457.9161071777344,-331.7799987792969,179.8509979248047,90.0,28.355947494506836,h
334.177001953125,228.0384979248047,5.179500102996826,0.013100000098347664,0.0007999999797903001,-457.9161071777344,-331.7799987792969,179.8509979248047,90.0,466.4078063964844,h
334.177001953125,228.0384979248047,5.179500102996826,0.013100000098347664,0.0007999999797903001,575.24072265625,231.4459991455078,-205.8946990966797,90.0,5.74560022354126,h
7.207900047302246,0.0,5.179500102996826,0.013100000098347664,0.6740000247955322,-457.9161071777344,-331.7799987792969,-205.8946990966797,90.0,5.74560022354126,h
79.11015319824219,18.244949340820312,3.0262725353240967,0.41003721952438354,0.22307340800762177,-38.75666046142578,58.645301818847656,-9.01038646697998,30.369155883789062,371.2350158691406,h
7.207900047302246,228.0384979248047,1.9413000345230103,0.8912000060081482,0.6740000247955322,-457.9161071777344,-331.7799987792969,179.8509979248047,0.0,466.4078063964844,h
334.177001953125,228.0384979248047,5.179500102996826,0.013100000098347664,0.0007999999797903001,575.24072265625,231.4459991455078,-205.8946990966797,90.0,466.4078063964844,h
7.207900047302246,0.0,5.179500102996826,0.8912000060081482,0.6740000247955322,-457.9161071777344,-331.7799987792969,179.8509979248047,90.0,5.74560022354126,h
69.98757934570312,62.797157287597656,3.5489816665649414,0.1739804893732071,0.08390694856643677,-80.97521209716797,-30.272397994995117,36.73667526245117,18.544509887695312,223.48477172851562,h
334.177001953125,228.0384979248047,5.179500102996826,0.013100000098347664,0.0007999999797903001,-457.9161071777344,-331.7799987792969,179.8509979248047,90.0,5.74560022354126,h
18.536399841308594,227.64572143554688,1.9413000345230103,0.39425569772720337,0.34059154987335205,-457.9161071777344,-331.7799987792969,179.8509979248047,0.0,5.74560022354126,h
334.177001953125,228.0384979248047,5.179500102996826,0.013100000098347664,0.0007999999797903001,-457.9161071777344,-331.7799987792969,-205.8946990966797,90.0,466.4078063964844,h
334.177001953125,228.0384979248047,5.179500102996826,0.013100000098347664,0.0007999999797903001,-457.9161071777344,-331.7799987792969,179.8509979248047,90.0,466.4078063964844,h
7.3013739585876465,14.384904861450195,1.9413000345230103,0.7691540122032166,0.3739517033100128,76.02702331542969,-0.0008944783476181328,11.18626594543457,0.0005003250553272665,43.97898483276367,h
85.482421875,10.572358131408691,3.1078710556030273,0.3173517882823944,0.21463394165039062,36.305084228515625,70.78720092773438,14.849967956542969,61.716819763183594,139.97755432128906,h
35.75843811035156,17.509815216064453,2.881988048553467,0.3802168369293213,0.23269379138946533,9.754158020019531,49.53791809082031,8.850008964538574,17.940475463867188,232.08746337890625,h
334.177001953125,228.0384979248047,1.9413000345230103,0.013100000098347664,0.6740000247955322,-457.9161071777344,-331.7799987792969,179.8509979248047,0.0,466.4078063964844,h
7.207900047302246,0.0,5.179500102996826,0.8912000060081482,0.6740000247955322,-457.9161071777344,-331.7799987792969,179.8509979248047,90.0,5.74560022354126,h
334.177001953125,228.0384979248047,5.179500102996826,0.013100000098347664,0.0007999999797903001,575.24072265625,231.4459991455078,-205.8946990966797,90.0,466.4078063964844,h
334.177001953125,228.0384979248047,5.179500102996826,0.013100000098347664,0.0007999999797903001,-457.9161071777344,-331.7799987792969,179.8509979248047,90.0,329.8613586425781,h
26.97382354736328,0.0030889951158314943,2.3350374698638916,0.7227863669395447,0.38314130902290344,22.870769500732422,13.580927848815918,-5.028536319732666,29.637659072875977,218.3428955078125,h
7.207900047302246,0.0,1.9427270889282227,0.8912000060081482,0.6740000247955322,-457.9161071777344,-331.7799987792969,179.8509979248047,90.0,5.74560022354126,h
20.893840789794922,228.0384979248047,1.9413000345230103,0.013100000098347664,0.04198542982339859,-457.9161071777344,-331.7799987792969,179.8509979248047,0.0,5.74560022354126,h
334.177001953125,228.0384979248047,5.179500102996826,0.013100000098347664,0.0007999999797903001,-457.9161071777344,-331.7799987792969,-205.8946990966797,90.0,466.4078063964844,h
334.177001953125,228.0384979248047,5.179500102996826,0.013100000098347664,0.0007999999797903001,575.24072265625,231.4459991455078,-205.8946990966797,90.0,5.74560022354126,h
30.86945343017578,17.67976951599121,2.7789816856384277,0.3854599595069885,0.2012525051832199,1.9501464366912842,16.529037475585938,-17.118865966796875,89.20062255859375,169.27755737304688,h
19.920743942260742,13.024863243103027,2.2819626331329346,0.4863293766975403,0.2370116114616394,8.040361404418945,16.167951583862305,-3.6503500938415527,24.470857620239258,193.1839141845703,h
33.976322174072266,12.376506805419922,2.426927089691162,0.3541570007801056,0.18417659401893616,33.28913116455078,13.017003059387207,-7.857891082763672,19.778467178344727,180.0361328125,h
23.535425186157227,9.347054481506348,2.427595853805542,0.576779305934906,0.41644537448883057,13.668838500976562,-12.284357070922852,7.093668460845947,21.267934799194336,211.66307067871094,h
29.23963737487793,15.873573303222656,2.4725754261016846,0.4590300917625427,0.21131059527397156,97.11042785644531,23.010990142822266,-5.719908237457275,21.91776466369629,160.14974975585938,h
334.177001953125,228.0384979248047,5.179500102996826,0.013100000098347664,0.0007999999797903001,-457.9161071777344,-331.7799987792969,179.8509979248047,90.0,466.4078063964844,h
50.51700973510742,17.78744888305664,2.8665883541107178,0.3128422796726227,0.1822730004787445,-2.7659316062927246,-19.66567039489746,4.362205505371094,35.54315948486328,90.44795989990234,h
136.90655517578125,26.70577621459961,3.3638429641723633,0.14111170172691345,0.08557772636413574,40.7353401184082,84.3528060913086,-14.901103019714355,46.21398162841797,185.5532684326172,h
7.273140907287598,228.0384979248047,1.9413000345230103,0.8912000060081482,0.6740000247955322,575.24072265625,-331.7799987792969,179.8509979248047,0.0,5.74560022354126,h
20.859352111816406,9.101433753967285,2.2987451553344727,0.7493671774864197,0.46760258078575134,6.320423126220703,18.067495346069336,-11.274422645568848,22.93804931640625,164.9556121826172,h
12.72412109375,17.143901824951172,1.9413000345230103,0.2560948431491852,0.11509056389331818,-378.301513671875,-331.7621765136719,177.61534118652344,0.0,5.74560022354126,h
334.177001953125,228.0384979248047,5.179500102996826,0.013100000098347664,0.0007999999797903001,575.24072265625,231.4459991455078,-205.8946990966797,90.0,5.74560022354126,h
16.465269088745117,11.038470268249512,2.245872974395752,0.7431638836860657,0.4281969964504242,21.659273147583008,10.21088981628418,16.825313568115234,86.43748474121094,248.6636962890625,h
60.71109390258789,26.303007125854492,3.029048442840576,0.2841032147407532,0.1488724648952484,14.787822723388672,34.18238830566406,-0.7591975927352905,32.431026458740234,297.83209228515625,h
334.177001953125,228.0384979248047,1.9413000345230103,0.013100000098347664,0.6740000247955322,-457.9161071777344,-331.7799987792969,-205.8946990966797,0.0,5.74560022354126,h
13.115469932556152,7.853616714477539,2.495912551879883,0.786543607711792,0.44495484232902527,-0.4847296476364136,10.532715797424316,4.900101184844971,41.98191452026367,148.59188842773438,h
159.84878540039062,35.53335952758789,2.991746425628662,0.22718816995620728,0.11267922818660736,-107.47723388671875,114.59829711914062,-8.02676773071289,60.580360412597656,223.39405822753906,h
121.59510803222656,30.17098617553711,3.4509992599487305,0.21736550331115723,0.12772755324840546,-163.51243591308594,-83.0530776977539,-10.704279899597168,3.0313034057617188,409.1455078125,h
84.15924835205078,30.1403865814209,3.226146936416626,0.16661182045936584,0.0986962765455246,1.794798493385315,-96.32215881347656,39.80433654785156,70.80159759521484,215.44723510742188,h
7.207900047302246,0.0,1.9413000345230103,0.8912000060081482,0.6740000247955322,-457.9161071777344,-331.7799987792969,179.8509979248047,0.0,40.479286193847656,h
65.2761459350586,12.682836532592773,3.137965679168701,0.21841266751289368,0.11752072721719742,-7.404186248779297,10.668220520019531,-8.571452140808105,12.63046646118164,212.19007873535156,h
83.11587524414062,18.28121566772461,2.814995527267456,0.2639831006526947,0.14940252900123596,27.99510955810547,77.846435546875,-11.972057342529297,4.892698287963867,249.14688110351562,h
58.38990783691406,24.57432746887207,3.058058738708496,0.2748543918132782,0.15288665890693665,-13.427457809448242,51.79981994628906,24.613563537597656,0.7794288396835327,182.208984375,h
334.177001953125,228.0384979248047,5.179500102996826,0.013100000098347664,0.0007999999797903001,-457.9161071777344,-331.7799987792969,179.8509979248047,90.0,331.2016296386719,h
9.457871437072754,26.393526077270508,1.9413000345230103,0.7367002964019775,0.3202275335788727,-29.69795799255371,-12.427642822265625,66.22212219238281,5.206097921472974e-05,5.747354030609131,h
23.5018367767334,9.74039077758789,2.603700637817383,0.76439368724823,0.4299922287464142,32.03010177612305,27.679344177246094,13.08633804321289,24.269872665405273,233.9982147216797,h
54.27285385131836,16.787948608398438,2.6691741943359375,0.38025206327438354,0.18196892738342285,73.56958770751953,8.333495140075684,15.197137832641602,63.93325424194336,146.5342559814453,h
174.46656799316406,54.850582122802734,2.716723680496216,0.2147327959537506,0.1215028390288353,-208.73658752441406,-203.519775390625,-35.46563720703125,54.545326232910156,75.89539337158203,h
334.177001953125,228.0384979248047,1.9413000345230103,0.013100000098347664,0.6740000247955322,-457.9161071777344,-331.7799987792969,179.8509979248047,0.0,5.74560022354126,h
13.126508712768555,6.947450160980225,2.137185573577881,0.8491308093070984,0.6652970910072327,-1.8507294654846191,-6.320141315460205,10.089953422546387,78.94066619873047,159.54429626464844,h
7.207900047302246,0.0,1.9413000345230103,0.8912000060081482,0.6740000247955322,575.24072265625,-331.7799987792969,179.8509979248047,90.0,5.74560022354126,h
334.177001953125,228.0384979248047,5.179500102996826,0.013100000098347664,0.0007999999797903001,-457.9161071777344,-331.7799987792969,-205.8946990966797,90.0,466.4078063964844,h
334.177001953125,228.0384979248047,5.179500102996826,0.013100000098347664,0.0007999999797903001,575.24072265625,231.4459991455078,-205.8946990966797,90.0,5.74560022354126,h
334.177001953125,228.0384979248047,5.179500102996826,0.013100000098347664,0.0007999999797903001,575.24072265625,231.4459991455078,179.8509979248047,90.0,466.4078063964844,h
36.54867172241211,12.726048469543457,2.4920542240142822,0.5663719177246094,0.2872735261917114,-18.641355514526367,-15.604602813720703,-6.26205587387085,62.698158264160156,281.52435302734375,h
13.162114143371582,33.051361083984375,1.9413000345230103,0.31325116753578186,0.1610284447669983,-457.9161071777344,-331.7799987792969,179.8509979248047,0.0,5.74560022354126,h
78.79016876220703,14.13510799407959,2.859703540802002,0.32291048765182495,0.18915870785713196,-9.968513488769531,-18.226057052612305,-10.080684661865234,63.75788879394531,110.36378479003906,h
334.177001953125,228.0384979248047,1.9413000345230103,0.8912000060081482,0.6740000247955322,-457.9161071777344,-331.7799987792969,-205.8946990966797,0.0,5.74560022354126,h
334.177001953125,228.0384979248047,5.179500102996826,0.013100000098347664,0.0007999999797903001,-457.9161071777344,-331.7799987792969,179.8509979248047,90.0,5.74560022354126,h
334.177001953125,228.0384979248047,5.179500102996826,0.013100000098347664,0.0007999999797903001,575.24072265625,231.4459991455078,-205.8946990966797,90.0,5.74560022354126,h
334.177001953125,228.0384979248047,5.179500102996826,0.013100000098347664,0.0007999999797903001,575.24072265625,231.4459991455078,-205.8946990966797,90.0,5.74560022354126,h
314.59466552734375,228.0384979248047,5.179500102996826,0.013100000098347664,0.0007999999797903001,-392.86883544921875,-151.47743225097656,-205.8526611328125,87.6501235961914,466.17144775390625,h
13.379476547241211,9.839176177978516,2.2417824268341064,0.8548398017883301,0.5055180788040161,8.253244400024414,-4.162710666656494,1.2758311033248901,34.45643615722656,58.44181823730469,h
334.177001953125,228.0384979248047,5.179500102996826,0.013100000098347664,0.0007999999797903001,-457.9161071777344,-331.7799987792969,179.8509979248047,90.0,466.4078063964844,h
334.177001953125,228.0384979248047,5.179500102996826,0.013100000098347664,0.0007999999797903001,-457.9161071777344,-331.7799987792969,-205.8946990966797,90.0,466.4078063964844,h
334.177001953125,228.0384979248047,1.9413000345230103,0.8912000060081482,0.6740000247955322,-457.9161071777344,-331.7799987792969,179.8509979248047,0.0,466.4078063964844,h
7.207900047302246,0.0,5.179500102996826,0.8912000060081482,0.6740000247955322,-457.9161071777344,-331.7799987792969,179.8509979248047,90.0,5.74560022354126,h
12.766799926757812,11.247502326965332,2.2511777877807617,0.6297680139541626,0.34611016511917114,-16.958894729614258,15.267210006713867,-8.462904930114746,35.174739837646484,137.67308044433594,h
334.177001953125,228.0384979248047,5.179500102996826,0.013100000098347664,0.0007999999797903001,575.24072265625,231.4459991455078,-205.8946990966797,0.0,5.74560022354126,h
334.177001953125,228.0384979248047,5.179500102996826,0.013100000098347664,0.0007999999797903001,-457.9161071777344,-331.7799987792969,179.8509979248047,90.0,466.4078063964844,h
12.455235481262207,13.961234092712402,2.054276704788208,0.5885058045387268,0.2963424623012543,15.707115173339844,-18.842409133911133,14.76904010772705,0.5766708850860596,223.4337615966797,h
7.2413763999938965,22.130966186523438,1.9413000345230103,0.7677948474884033,0.3746424615383148,14.667791366577148,10.455757141113281,16.894933700561523,0.05584124103188515,17.383634567260742,h
23.765432357788086,9.277562141418457,2.584953546524048,0.7065601944923401,0.38390296697616577,0.9011155962944031,17.919591903686523,-11.46987533569336,68.1422348022461,230.3559112548828,h
334.177001953125,228.0384979248047,5.179500102996826,0.013100000098347664,0.0007999999797903001,-457.9161071777344,231.4459991455078,179.8509979248047,89.95179748535156,5.74560022354126,h
334.177001953125,228.0384979248047,5.179500102996826,0.013100000098347664,0.0007999999797903001,575.24072265625,231.4459991455078,-205.8946990966797,90.0,5.74560022354126,h
7.207900047302246,0.0,1.9413000345230103,0.8912000060081482,0.6740000247955322,-457.9161071777344,-331.7799987792969,-205.8946990966797,0.05936274304986,6.8612213134765625,h
51.26300811767578,18.970291137695312,2.833765745162964,0.26543983817100525,0.14421093463897705,-10.31141471862793,-6.151784327812493e-05,-8.490796089172363,27.899280548095703,174.92568969726562,h
334.177001953125,228.0384979248047,5.179500102996826,0.013100000098347664,0.0007999999797903001,575.24072265625,231.4459991455078,-205.8946990966797,90.0,466.4078063964844,h
21.34491539001465,15.373641014099121,2.5404279232025146,0.4453395903110504,0.30910104513168335,25.383113861083984,22.794166564941406,1.1739457845687866,29.798219680786133,190.01544189453125,h
334.177001953125,228.0384979248047,5.179500102996826,0.013100000098347664,0.0007999999797903001,-457.9161071777344,-331.7799987792969,179.8509979248047,89.99994659423828,454.7213134765625,h
315.24066162109375,228.0384979248047,1.9413000345230103,0.013100000098347664,0.0007999999797903001,-457.9161071777344,-331.7799987792969,179.8509979248047,0.0,5.74560022354126,h
334.177001953125,228.0384979248047,5.179500102996826,0.013100000098347664,0.0007999999797903001,575.24072265625,231.4459991455078,-205.8946990966797,90.0,5.74560022354126,h
13.224782943725586,12.98282527923584,2.688640832901001,0.4614821970462799,0.26226821541786194,11.88156509399414,-5.57884407043457,7.473011016845703,43.55058670043945,94.01393127441406,h
41.01191329956055,18.09469223022461,2.492377996444702,0.3711865544319153,0.18725043535232544,64.31485748291016,27.942996978759766,-8.760621070861816,79.47361755371094,166.7589874267578,h
25.48844337463379,17.95915412902832,2.7445051670074463,0.28290268778800964,0.1252228170633316,16.324228286743164,15.623164176940918,-9.364754676818848,42.95569610595703,199.68609619140625,h
334.177001953125,228.0384979248047,5.179500102996826,0.8912000060081482,0.6740000247955322,575.24072265625,-331.7799987792969,179.8509979248047,90.0,5.74560022354126,h
23.84723663330078,12.893150329589844,2.724221706390381,0.49093398451805115,0.24133969843387604,43.24772644042969,18.051605224609375,9.899513244628906,16.508010864257812,253.17620849609375,h
116.79181671142578,25.931476593017578,2.62943434715271,0.4153149127960205,0.21676327288150787,-56.563655853271484,20.265727996826172,10.002214431762695,21.326824188232422,171.63735961914062,h
221.698974609375,138.95758056640625,4.361268997192383,0.02580069936811924,0.0032245651818811893,-399.0396423339844,158.77610778808594,44.65464401245117,1.0528357028961182,98.53892517089844,h
234.74325561523438,135.57717895507812,4.107567310333252,0.09651757031679153,0.0607912577688694,-230.00624084472656,-180.91290283203125,-191.80203247070312,55.231201171875,267.579345703125,h
334.177001953125,228.0384979248047,5.179500102996826,0.013100000098347664,0.0007999999797903001,-457.9161071777344,-331.7799987792969,-205.8946990966797,90.0,466.4078063964844,h
7.217302322387695,13.23005485534668,1.9413000345230103,0.7900167107582092,0.4040695130825043,95.61827087402344,-15.581891059875488,11.838847160339355,0.0,19.014001846313477,h
41.68790817260742,12.108716011047363,2.6199939250946045,0.4058763086795807,0.2062114179134369,-10.433716773986816,-26.880695343017578,-6.497668743133545,63.12980270385742,124.51909637451172,h
334.177001953125,228.0384979248047,5.179500102996826,0.013100000098347664,0.0007999999797903001,575.24072265625,231.4459991455078,-205.8946990966797,90.0,5.74560022354126,h
29.201065063476562,5.695261478424072,2.3864145278930664,0.7149608135223389,0.4549887776374817,-4.261542797088623,-11.26303768157959,6.782008647918701,22.171037673950195,177.5875701904297,h
334.177001953125,228.0384979248047,5.179500102996826,0.013100000098347664,0.0007999999797903001,575.24072265625,231.4459991455078,179.8509979248047,90.0,5.74560022354126,h
146.0677032470703,65.73368835449219,2.945805311203003,0.1928672045469284,0.08974257111549377,-149.2896270751953,-6.8488945960998535,76.07794952392578,16.782669067382812,95.52670288085938,h
334.177001953125,228.0384979248047,1.9413000345230103,0.013100000098347664,0.0007999999797903001,-457.9161071777344,-331.7799987792969,179.8509979248047,0.0,5.74560022354126,h
334.177001953125,228.0384979248047,5.179500102996826,0.013100000098347664,0.0007999999797903001,-457.9161071777344,-169.11721801757812,-205.8946990966797,90.0,466.4078063964844,h
334.177001953125,228.0384979248047,1.9413000345230103,0.013100000098347664,0.6740000247955322,-457.9161071777344,-331.7799987792969,179.8509979248047,0.0,5.74560022354126,h
29.694379806518555,7.235795021057129,2.8266971111297607,0.5049300193786621,0.2872461974620819,31.156301498413086,18.12913703918457,-8.0234956741333,14.261235237121582,116.53380584716797,h
106.6308822631836,40.065677642822266,3.4851391315460205,0.20542976260185242,0.11587335914373398,-236.79798889160156,-38.11402130126953,-36.8670539855957,28.269453048706055,407.4201965332031,h
36.29174041748047,12.003625869750977,2.6450209617614746,0.6153674125671387,0.34887292981147766,19.39002799987793,27.128305435180664,-13.149129867553711,19.236644744873047,223.14004516601562,h
334.177001953125,228.0384979248047,5.179500102996826,0.013100000098347664,0.0007999999797903001,575.24072265625,231.4459991455078,-205.8946990966797,90.0,5.74560022354126,h
334.177001953125,228.0384979248047,5.179500102996826,0.013100000098347664,0.0007999999797903001,575.24072265625,231.4459991455078,-205.8946990966797,90.0,5.74560022354126,h
7.207900047302246,0.0,5.179500102996826,0.8912000060081482,0.6740000247955322,-457.9161071777344,-331.7799987792969,-205.8946990966797,0.0,466.4078063964844,h
334.177001953125,228.0384979248047,1.9413000345230103,0.013100000098347664,0.6740000247955322,-457.9161071777344,-331.7799987792969,-205.8946990966797,0.0,5.74560022354126,h
298.305419921875,129.50926208496094,5.179500102996826,0.013100000098347664,0.0007999999797903001,-239.906005859375,-314.9320068359375,169.0044708251953,89.79608154296875,184.1461944580078,h
334.177001953125,228.0384979248047,1.9413000345230103,0.013100000098347664,0.6740000247955322,-457.9161071777344,-331.7799987792969,179.8509979248047,0.0,5.74560022354126,h
22.547971725463867,13.388452529907227,2.4199957847595215,0.5705363750457764,0.28777652978897095,18.00052833557129,28.986284255981445,-8.934075355529785,56.096309661865234,153.51123046875,h
334.177001953125,228.0384979248047,5.179500102996826,0.013100000098347664,0.0007999999797903001,-457.9161071777344,-331.7799987792969,-205.8946990966797,90.0,466.4078063964844,h
30.74277687072754,17.892711639404297,2.8028454780578613,0.341653048992157,0.20635943114757538,-14.545790672302246,11.995159149169922,6.718055725097656,72.77399444580078,198.2612762451172,h
334.177001953125,228.0384979248047,5.179500102996826,0.013100000098347664,0.0007999999797903001,575.24072265625,231.4459991455078,179.8509979248047,90.0,466.4078063964844,h
7.207900047302246,0.0,5.179500102996826,0.8912000060081482,0.6740000247955322,-457.9161071777344,-331.7799987792969,-205.8946990966797,90.0,466.4078063964844,h
334.177001953125,228.0384979248047,5.179500102996826,0.013100000098347664,0.0007999999797903001,-457.9161071777344,-331.7799987792969,179.8509979248047,90.0,466.4078063964844,h
334.177001953125,228.0384979248047,5.179500102996826,0.013100000098347664,0.0007999999797903001,-457.9161071777344,-331.7799987792969,179.8509979248047,90.0,466.4078063964844,h
334.177001953125,228.0384979248047,5.179500102996826,0.013100000098347664,0.0007999999797903001,-457.9161071777344,-331.7799987792969,-205.8946990966797,54.997684478759766,192.9456024169922,h
334.177001953125,228.0384979248047,5.179500102996826,0.013100000098347664,0.0007999999797903001,575.24072265625,231.4459991455078,-205.8946990966797,90.0,466.4078063964844,h
12.805959701538086,10.232027053833008,2.2960314750671387,0.7046814560890198,0.37317636609077454,-2.5817973613739014,17.492137908935547,4.874901294708252,15.512401580810547,144.37078857421875,h
334.177001953125,228.0384979248047,5.179500102996826,0.013100000098347664,0.0007999999797903001,-457.9161071777344,-331.7799987792969,179.8509979248047,90.0,466.4078063964844,h
47.80622100830078,11.847537994384766,3.1005449295043945,0.2868900001049042,0.15070682764053345,19.832212448120117,24.626482009887695,-22.015710830688477,42.89805221557617,211.33529663085938,h
75.82777404785156,22.112489700317383,2.64827036857605,0.3361944258213043,0.17778828740119934,62.1084098815918,82.00994110107422,-25.667993545532227,65.0114517211914,214.42291259765625,h
34.862606048583984,0.0030418233945965767,2.346562147140503,0.7397632598876953,0.41787588596343994,-1.0521918535232544,-7.420772552490234,10.103625297546387,47.10285949707031,140.32749938964844,h
334.177001953125,228.0384979248047,1.9413000345230103,0.013100000098347664,0.0007999999797903001,-457.9161071777344,-331.7799987792969,179.8509979248047,0.0,5.74560022354126,h
334.177001953125,228.0384979248047,5.179500102996826,0.013100000098347664,0.0007999999797903001,-457.9161071777344,-331.7799987792969,-205.8946990966797,90.0,5.74560022354126,h
56.68020248413086,20.0450439453125,3.1399612426757812,0.18120203912258148,0.07957093417644501,-26.682188034057617,31.45644187927246,3.3751492500305176,86.21415710449219,119.76176452636719,h
38.66335678100586,15.18877124786377,2.5742719173431396,0.39835718274116516,0.21850284934043884,-50.09022521972656,4.44018030166626,13.79202651977539,53.21379089355469,132.0164337158203,h
7.207900047302246,0.0,1.9413000345230103,0.8912000060081482,0.6740000247955322,-457.9161071777344,-331.7799987792969,-205.8946990966797,90.0,466.4078063964844,h
334.177001953125,228.0384979248047,5.179500102996826,0.013100000098347664,0.0007999999797903001,-457.9161071777344,-331.7799987792969,179.8509979248047,90.0,5.74560022354126,h
203.9099578857422,221.5814208984375,5.176941394805908,0.01321422029286623,0.001174568897113204,-95.62816619873047,-152.11866760253906,157.34732055664062,85.41116333007812,379.1111145019531,h
44.95874786376953,14.763681411743164,2.6474528312683105,0.32485002279281616,0.17101256549358368,-44.576881408691406,14.022421836853027,11.266345024108887,11.497215270996094,238.2061309814453,h
21.275808334350586,6.594518661499023,2.3338425159454346,0.6095520853996277,0.3962576985359192,20.86150360107422,14.83759593963623,-9.438647270202637,82.5926742553711,224.1599578857422,h
31.734556198120117,11.487995147705078,2.8202807903289795,0.3619370758533478,0.19131025671958923,33.00546646118164,31.07210350036621,-14.081396102905273,67.07740783691406,211.94345092773438,h
334.177001953125,228.0384979248047,5.179500102996826,0.013100000098347664,0.0007999999797903001,-132.7410430908203,-328.1144714355469,179.8509979248047,90.0,339.2193298339844,h
334.177001953125,228.0384979248047,5.179500102996826,0.013100000098347664,0.0007999999797903001,-457.9161071777344,-331.7799987792969,179.8509979248047,90.0,466.4078063964844,h
54.90740203857422,24.265573501586914,2.8299474716186523,0.22399958968162537,0.12785030901432037,-29.75826644897461,-28.192522048950195,4.396044731140137,26.591930389404297,110.45000457763672,h
32.85140609741211,11.80324935913086,2.48659348487854,0.42273643612861633,0.2988719046115875,-6.065657615661621,16.635160446166992,-6.147678375244141,17.28742027282715,190.54664611816406,h
334.177001953125,228.0384979248047,5.179500102996826,0.013100000098347664,0.0007999999797903001,575.24072265625,231.4459991455078,-205.8946990966797,90.0,5.74560022354126,h
334.177001953125,228.0384979248047,5.179500102996826,0.013100000098347664,0.0007999999797903001,-457.9161071777344,-331.7799987792969,179.8509979248047,90.0,466.4078063964844,h
334.177001953125,228.0384979248047,5.179500102996826,0.013100000098347664,0.0007999999797903001,-457.9161071777344,-331.7799987792969,179.8509979248047,90.0,5.74560022354126,h
7.207900047302246,0.0,1.9413000345230103,0.8912000060081482,0.6740000247955322,-457.9161071777344,-331.7799987792969,-205.8946990966797,90.0,466.4078063964844,h
85.62053680419922,10.406693458557129,2.380603075027466,0.5213509798049927,0.2236960232257843,8.149666786193848,-106.90764617919922,16.231971740722656,7.904663562774658,180.79042053222656,h
38.42622375488281,28.854595184326172,3.044717788696289,0.2561076879501343,0.14959868788719177,-11.109179496765137,-25.952638626098633,-13.837601661682129,14.464418411254883,233.85494995117188,h
334.177001953125,228.0384979248047,5.179500102996826,0.013100000098347664,0.0007999999797903001,575.24072265625,231.4459991455078,179.8509979248047,89.99809265136719,5.74560022354126,h
86.4889144897461,37.83835220336914,3.4062280654907227,0.3082553744316101,0.18829354643821716,-54.423770904541016,-57.33452606201172,-12.98387622833252,46.69785690307617,211.5377655029297,h
82.6446304321289,228.0384979248047,1.9413000345230103,0.013100000098347664,0.0007999999797903001,-457.9161071777344,-331.7799987792969,179.8509979248047,0.0,5.74560022354126,h
334.177001953125,228.0384979248047,5.179500102996826,0.013100000098347664,0.0007999999797903001,575.24072265625,231.4459991455078,-149.52345275878906,90.0,466.4078063964844,h
212.83399963378906,108.88472747802734,4.360882759094238,0.06193289905786514,0.020879924297332764,-228.57080078125,-158.1629180908203,111.18359375,69.9730224609375,288.42437744140625,h
334.177001953125,228.0384979248047,1.9413000345230103,0.013100000098347664,0.0007999999797903001,-457.9161071777344,-331.7799987792969,-205.8946990966797,0.0,5.74560022354126,h
7.213819980621338,0.0,1.9413000345230103,0.8912000060081482,0.6740000247955322,-432.4462585449219,-112.18865203857422,179.8509979248047,0.0,54.131614685058594,h
334.177001953125,228.0384979248047,5.179500102996826,0.013100000098347664,0.0007999999797903001,575.24072265625,-331.7799987792969,-205.8946990966797,90.0,5.74560022354126,h
334.177001953125,228.0384979248047,5.179500102996826,0.013100000098347664,0.0007999999797903001,575.24072265625,231.4459991455078,-205.8946990966797,90.0,5.74560022354126,h
61.282955169677734,18.788068771362305,3.1056108474731445,0.25594648718833923,0.14605309069156647,-19.798595428466797,51.80744171142578,12.528332710266113,60.72365951538086,221.45098876953125,h
334.177001953125,228.0384979248047,1.9413000345230103,0.013100000098347664,0.6740000247955322,-457.9161071777344,-331.7799987792969,179.8509979248047,0.0,5.74560022354126,h
24.886716842651367,11.445610046386719,2.336655855178833,0.6062797904014587,0.3665732145309448,37.28361892700195,19.534364700317383,-20.790306091308594,32.24580764770508,237.3433380126953,h
334.1733093261719,228.0384979248047,5.179500102996826,0.013100000098347664,0.0007999999797903001,575.24072265625,231.4459991455078,177.13999938964844,64.43911743164062,6.349379539489746,h
94.20682525634766,22.407001495361328,3.4285175800323486,0.15202230215072632,0.08518784493207932,19.195125579833984,83.25556945800781,19.42227554321289,25.595054626464844,285.19415283203125,h
334.177001953125,228.0384979248047,5.179500102996826,0.013100000098347664,0.0007999999797903001,-457.9161071777344,-331.7799987792969,179.8509979248047,90.0,5.74560022354126,h
42.32344436645508,10.532781600952148,2.6441407203674316,0.5802508592605591,0.3849664032459259,45.181880950927734,44.08382034301758,-4.493208885192871,68.38967895507812,84.96471405029297,h
19.110036849975586,10.078837394714355,2.4447972774505615,0.5291450619697571,0.2962518334388733,8.001225471496582,8.948436737060547,-10.049511909484863,65.63858032226562,250.64385986328125,h
334.177001953125,228.0384979248047,5.179500102996826,0.013100000098347664,0.0007999999797903001,575.24072265625,231.4459991455078,-205.8946990966797,90.0,5.74560022354126,h
334.177001953125,228.0384979248047,5.179500102996826,0.013100000098347664,0.0007999999797903001,-457.9161071777344,-331.7799987792969,-205.8946990966797,90.0,5.74560022354126,h
334.177001953125,228.0384979248047,5.179500102996826,0.013100000098347664,0.0007999999797903001,575.24072265625,231.4459991455078,-205.8946990966797,90.0,466.4078063964844,h
334.177001953125,228.0384979248047,5.179500102996826,0.013100000098347664,0.0007999999797903001,575.24072265625,231.4459991455078,-205.8946990966797,90.0,466.4078063964844,h
334.177001953125,228.0384979248047,5.179500102996826,0.013100000098347664,0.0007999999797903001,-457.9161071777344,231.4459991455078,-205.8946990966797,90.0,466.4078063964844,h
27.326915740966797,7.2840094566345215,2.4784276485443115,0.7667162418365479,0.45735469460487366,30.877811431884766,27.1337947845459,-4.544926166534424,26.34845542907715,170.11053466796875,h
7.207900047302246,17.560564041137695,1.9413000345230103,0.712620735168457,0.25130265951156616,-213.2463836669922,-327.864990234375,13.277921676635742,0.0,14.043898582458496,h
334.177001953125,228.0384979248047,5.179500102996826,0.013100000098347664,0.0007999999797903001,575.24072265625,231.4459991455078,-205.8946990966797,90.0,466.4078063964844,h
35.33863067626953,19.0732479095459,3.0167789459228516,0.3031645119190216,0.15561607480049133,55.8509521484375,29.99675750732422,-8.355646133422852,7.9499287605285645,256.5091857910156,h
334.177001953125,228.0384979248047,5.179500102996826,0.013100000098347664,0.0007999999797903001,-457.9161071777344,-331.7799987792969,179.8509979248047,90.0,5.74560022354126,h
7.207900047302246,0.0,5.179500102996826,0.8912000060081482,0.6740000247955322,-457.9161071777344,-331.7799987792969,-205.8946990966797,90.0,5.74560022354126,h
18.32529640197754,9.199220657348633,2.0847201347351074,0.5949976444244385,0.42013388872146606,3.384918451309204,5.3925323486328125,-7.283570766448975,40.54404830932617,69.2540512084961,h
334.177001953125,228.0384979248047,5.179500102996826,0.013100000098347664,0.0007999999797903001,-457.9161071777344,231.4459991455078,-205.8946990966797,90.0,466.4078063964844,h
334.177001953125,228.0384979248047,5.179500102996826,0.013100000098347664,0.0007999999797903001,-56.14848327636719,-331.7799987792969,179.8509979248047,89.99657440185547,388.6156921386719,h
334.177001953125,228.0384979248047,5.179500102996826,0.013100000098347664,0.0007999999797903001,575.24072265625,231.4459991455078,179.8509979248047,90.0,5.74560022354126,h
334.177001953125,228.0384979248047,5.179500102996826,0.013100000098347664,0.0007999999797903001,-457.9161071777344,231.4459991455078,179.8509979248047,90.0,5.74560022354126,h
50.76744079589844,10.230120658874512,2.759788751602173,0.49261102080345154,0.31334754824638367,-14.503717422485352,14.137837409973145,8.021031379699707,35.738258361816406,177.84414672851562,h
7.207900047302246,0.0,5.179500102996826,0.8912000060081482,0.6740000247955322,-457.9161071777344,-331.7799987792969,-205.8946990966797,90.0,466.4078063964844,h
19.591678619384766,14.96168327331543,2.250136375427246,0.6545034646987915,0.3803427517414093,-3.4121756553649902,-6.402865886688232,-11.8056640625,83.22283172607422,171.72300720214844,h
334.177001953125,228.0384979248047,5.179500102996826,0.013100000098347664,0.0007999999797903001,-457.9161071777344,-331.7799987792969,179.8509979248047,90.0,466.4078063964844,h
55.16695785522461,15.977265357971191,3.0975098609924316,0.28226566314697266,0.13964325189590454,-14.841877937316895,-19.893625259399414,9.605661392211914,45.61620330810547,207.17176818847656,h
54.05290222167969,12.978012084960938,2.670400619506836,0.43652814626693726,0.24296298623085022,33.17235565185547,28.699142456054688,7.719997882843018,8.820263862609863,119.75211334228516,h
26.408920288085938,16.876611709594727,2.8047242164611816,0.39441266655921936,0.2125357836484909,3.04927921295166,11.875191688537598,10.807233810424805,35.015480041503906,190.3823699951172,h
334.177001953125,228.0384979248047,5.179500102996826,0.013100000098347664,0.0007999999797903001,-457.9161071777344,-331.7799987792969,179.8509979248047,90.0,466.4078063964844,h
334.177001953125,228.0384979248047,5.179500102996826,0.013100000098347664,0.0007999999797903001,575.24072265625,231.4459991455078,-205.8946990966797,90.0,5.74560022354126,h
334.177001953125,228.0384979248047,5.179500102996826,0.013100000098347664,0.0007999999797903001,575.24072265625,-331.7799987792969,-205.8946990966797,90.0,5.74560022354126,h
75.7493667602539,34.34043884277344,3.1661975383758545,0.2316925972700119,0.09245297312736511,-2.633782386779785,-5.645613193511963,-20.50026512145996,6.157268047332764,371.3771667480469,h
23.39170265197754,16.340444564819336,2.609442949295044,0.4117070734500885,0.22908706963062286,22.96371078491211,-5.876397609710693,-23.87802505493164,19.754119873046875,158.720458984375,h
21.684749603271484,9.379934310913086,2.4510252475738525,0.7162498235702515,0.45210447907447815,15.544761657714844,17.0688533782959,4.618235111236572,15.369617462158203,187.8495330810547,h
24.836952209472656,11.0059232711792,2.463517904281616,0.4703325033187866,0.24956311285495758,-15.03261661529541,13.635320663452148,-8.392841339111328,85.97317504882812,70.00020599365234,h
334.177001953125,228.0384979248047,5.179500102996826,0.013100000098347664,0.0007999999797903001,575.24072265625,231.4459991455078,-205.8946990966797,90.0,5.74560022354126,h
334.177001953125,228.0384979248047,5.179500102996826,0.013100000098347664,0.0007999999797903001,574.57421875,226.40184020996094,179.8509979248047,90.0,466.4078063964844,h
334.177001953125,228.0384979248047,5.179500102996826,0.013100000098347664,0.0007999999797903001,575.24072265625,231.4459991455078,179.8509979248047,90.0,5.74560022354126,h
26.6175594329834,11.985514640808105,3.1946604251861572,0.33251217007637024,0.17126531898975372,-16.32239532470703,13.573251724243164,7.501347064971924,68.1480941772461,82.4131088256836,h
7.207900047302246,0.0,1.9413000345230103,0.8912000060081482,0.6740000247955322,-457.9161071777344,-331.7799987792969,179.8509979248047,90.0,5.74560022354126,h
28.58426856994629,6.908636093139648,2.603050708770752,0.5648517608642578,0.28218236565589905,18.906394958496094,-9.92122745513916,8.097683906555176,8.722138404846191,215.45083618164062,h
334.177001953125,228.0384979248047,5.179500102996826,0.013100000098347664,0.0007999999797903001,575.24072265625,231.4459991455078,-205.8946990966797,90.0,5.74560022354126,h
334.177001953125,228.0384979248047,5.179500102996826,0.013100000098347664,0.0007999999797903001,-457.9161071777344,-331.7799987792969,179.8509979248047,90.0,258.4473876953125,h
334.177001953125,228.0384979248047,5.179500102996826,0.013100000098347664,0.0007999999797903001,-457.9161071777344,231.4459991455078,-205.8946990966797,90.0,466.4078063964844,h
19.88561248779297,12.875099182128906,2.5122692584991455,0.5923852920532227,0.32182714343070984,-25.169658660888672,34.17108154296875,-8.922773361206055,37.76215744018555,46.37150955200195,h
334.177001953125,228.0384979248047,5.179500102996826,0.013100000098347664,0.0007999999797903001,575.24072265625,231.4459991455078,-205.8946990966797,90.0,466.4078063964844,h
334.177001953125,228.0384979248047,5.179500102996826,0.013100000098347664,0.0007999999797903001,-457.9161071777344,-331.7799987792969,-205.8946990966797,90.0,466.4078063964844,h
65.48042297363281,28.758743286132812,2.9209485054016113,0.17815813422203064,0.09875752031803131,33.01820755004883,-75.86405181884766,17.577913284301758,65.30887603759766,96.11903381347656,h
334.0852966308594,228.01742553710938,3.946619749069214,0.03213421627879143,0.020223679021000862,575.24072265625,231.4352569580078,-205.8946990966797,86.59578704833984,128.01614379882812,h
8.861506462097168,228.0384979248047,1.9413000345230103,0.42463353276252747,0.17606587707996368,-457.9161071777344,-331.7799987792969,179.8509979248047,0.0,5.74560022354126,h
46.402366638183594,21.78055763244629,2.8257055282592773,0.22472186386585236,0.131580650806427,1.4014297723770142,-15.25173568725586,6.986167907714844,19.373523712158203,185.21487426757812,h
7.207900047302246,13.572868347167969,1.9413000345230103,0.8912000060081482,0.6740000247955322,-457.871337890625,-331.7799987792969,165.0068359375,0.0,68.01512145996094,h
91.15064239501953,9.565613746643066,3.0216012001037598,0.2748856246471405,0.14166012406349182,66.7940902709961,39.27082061767578,10.068273544311523,10.662652969360352,235.82350158691406,h
20.29454231262207,11.997159004211426,2.478217840194702,0.45398634672164917,0.2429606169462204,-10.829507827758789,4.352176666259766,-7.563662052154541,63.79723358154297,195.85667419433594,h
113.5468978881836,48.99629211425781,3.6403074264526367,0.1433570683002472,0.08570753782987595,-100.8010482788086,-160.3098602294922,-20.490402221679688,85.2047119140625,202.61903381347656,h
284.51470947265625,170.8958282470703,4.007726669311523,0.05884338170289993,0.02463236264884472,-448.3592529296875,159.10691833496094,13.877423286437988,9.713638305664062,188.80921936035156,h
334.177001953125,228.0384979248047,1.9413000345230103,0.013100000098347664,0.0007999999797903001,-457.9161071777344,-331.7799987792969,179.8509979248047,0.0,5.74560022354126,h
17.922821044921875,10.191040992736816,2.706819534301758,0.5781580209732056,0.32808592915534973,6.136530876159668,15.064712524414062,-5.623009204864502,47.59231185913086,139.37026977539062,h
334.177001953125,228.0384979248047,5.179500102996826,0.013100000098347664,0.0007999999797903001,575.24072265625,231.4459991455078,179.8509979248047,89.9919662475586,5.842146396636963,h
36.07354736328125,13.289519309997559,2.7759320735931396,0.3349185883998871,0.2285163700580597,25.98880386352539,19.81087875366211,-10.240196228027344,8.080591201782227,75.33922576904297,h
27.940690994262695,26.178325653076172,2.661449432373047,0.32316309213638306,0.16946406662464142,-20.331676483154297,-1.7944128513336182,-5.11570930480957,66.7169189453125,215.3625030517578,h
114.30104064941406,84.16504669189453,3.5865752696990967,0.297678679227829,0.1791367530822754,-6.962827682495117,6.882037162780762,-76.39055633544922,11.894420623779297,375.02813720703125,h
28.727272033691406,16.84865379333496,2.778226613998413,0.3457127511501312,0.19871819019317627,15.100394248962402,18.06068992614746,6.275152206420898,74.67569732666016,104.92010498046875,h
7.207900047302246,0.0,1.9413000345230103,0.8912000060081482,0.6740000247955322,-457.9161071777344,-331.7799987792969,179.8509979248047,0.0,5.74560022354126,h
334.177001953125,228.0384979248047,5.179500102996826,0.013100000098347664,0.0007999999797903001,575.24072265625,231.4459991455078,-205.8946990966797,90.0,5.930954933166504,h
334.177001953125,228.0384979248047,5.179500102996826,0.8912000060081482,0.6740000247955322,575.24072265625,-331.7799987792969,179.8509979248047,90.0,5.74560022354126,h
49.62528991699219,11.33980655670166,3.0796873569488525,0.3557179570198059,0.1958988457918167,31.047889709472656,53.546756744384766,-6.478013038635254,8.075661659240723,169.46636962890625,h
334.177001953125,228.0384979248047,1.9413000345230103,0.8912000060081482,0.6740000247955322,-457.9161071777344,-331.7799987792969,179.8509979248047,0.0,466.4078063964844,h
45.85371398925781,21.51637077331543,2.691859245300293,0.3029043674468994,0.20376025140285492,5.416784763336182,-22.641361236572266,-16.2246150970459,45.85515213012695,223.56324768066406,h
58.68619918823242,29.39225959777832,3.2120838165283203,0.1615227311849594,0.09128575026988983,21.595848083496094,60.74966049194336,32.709938049316406,71.48336029052734,234.88235473632812,h
21.901762008666992,16.724895477294922,2.488191604614258,0.44124969840049744,0.2272920310497284,13.767888069152832,5.697455406188965,-18.47948455810547,77.61505126953125,224.0314483642578,h
33.770904541015625,19.50912857055664,2.635371685028076,0.5418554544448853,0.3376361131668091,25.084381103515625,28.294349670410156,-5.02193546295166,0.49705368280410767,250.41754150390625,h
21.11014175415039,14.403003692626953,2.5168495178222656,0.5899916887283325,0.3050228953361511,-0.22949187457561493,19.347728729248047,7.707855224609375,43.45394515991211,193.71542358398438,h
12.968213081359863,0.0,1.9415583610534668,0.8912000060081482,0.6740000247955322,-457.9161071777344,-331.7799987792969,-130.79232788085938,0.0,61.339988708496094,h
7.209550380706787,17.08385467529297,1.9413000345230103,0.8136854767799377,0.4233837127685547,20.551774978637695,-72.7463607788086,63.52152633666992,0.0,52.1169548034668,h
20.669157028198242,12.766133308410645,2.5083651542663574,0.4264150857925415,0.2718352675437927,3.5547049045562744,11.1824369430542,8.961853981018066,37.12736892700195,165.14285278320312,h
334.177001953125,228.0384979248047,5.179500102996826,0.013100000098347664,0.0007999999797903001,-457.9161071777344,-331.7799987792969,179.8509979248047,90.0,466.4078063964844,h
209.05372619628906,98.86844635009766,4.205304145812988,0.10849722474813461,0.058240700513124466,-273.5215148925781,-194.15399169921875,-19.24041175842285,52.75017547607422,458.89923095703125,h
216.62716674804688,113.12602996826172,4.216874599456787,0.042286258190870285,0.028340281918644905,-125.68335723876953,67.42977142333984,60.25477600097656,89.53018188476562,308.4736022949219,h
7.207900047302246,0.0,5.179500102996826,0.8912000060081482,0.6740000247955322,-457.9161071777344,-331.7799987792969,-205.8946990966797,90.0,466.4078063964844,h
12.611611366271973,12.971725463867188,2.1235010623931885,0.6302036046981812,0.33837059140205383,7.654141426086426,6.775389671325684,-11.07336139678955,5.4810967445373535,150.4490509033203,h
334.1607971191406,228.0289764404297,5.179500102996826,0.013100000098347664,0.0007999999797903001,575.24072265625,231.4459991455078,179.8509979248047,89.99067687988281,453.6276550292969,h
334.177001953125,228.0384979248047,5.179500102996826,0.013100000098347664,0.0007999999797903001,-457.9161071777344,-331.7799987792969,179.8509979248047,90.0,466.4078063964844,h
127.61649322509766,78.12776947021484,4.057734489440918,0.11313218623399734,0.04099741205573082,-22.76117706298828,68.4582290649414,-16.030237197875977,75.07917785644531,380.460693359375,h
334.177001953125,228.0384979248047,5.179500102996826,0.013100000098347664,0.0007999999797903001,-457.9161071777344,-331.7799987792969,179.8509979248047,90.0,466.4078063964844,h
334.177001953125,228.0384979248047,5.179500102996826,0.013100000098347664,0.6740000247955322,-457.9161071777344,-331.7799987792969,-205.8946990966797,90.0,5.74560022354126,h
50.69478225708008,19.418277740478516,2.7945175170898438,0.3855573236942291,0.1976386159658432,-15.363134384155273,-43.75783157348633,14.660848617553711,24.461166381835938,246.06723022460938,h
334.1731262207031,228.0154571533203,4.991469383239746,0.013100000098347664,0.0007999999797903001,575.24072265625,231.4459991455078,-205.8946990966797,43.01347351074219,51.71162796020508,h
334.177001953125,228.0384979248047,1.9413000345230103,0.013100000098347664,0.0007999999797903001,-457.9161071777344,-331.7799987792969,-205.8946990966797,0.0,5.74560022354126,h
334.177001953125,228.0384979248047,5.179500102996826,0.013100000098347664,0.0007999999797903001,-457.9161071777344,-331.7799987792969,179.8509979248047,90.0,466.4078063964844,h
30.539594650268555,21.391447067260742,2.9045205116271973,0.2100818157196045,0.11995016783475876,-17.15305519104004,-34.95356750488281,-9.35573959350586,77.67049407958984,108.98007202148438,h
11.227436065673828,65.41191101074219,1.9413000345230103,0.2835019826889038,0.11292063444852829,-457.9161071777344,-331.7799987792969,166.17544555664062,0.0,5.831515789031982,h
212.90126037597656,86.6044921875,3.161567211151123,0.3604562282562256,0.28918737173080444,-141.51992797851562,-127.84039306640625,86.4185562133789,7.601348876953125,388.9767150878906,h
71.79634857177734,26.523347854614258,3.128911256790161,0.18999938666820526,0.12352614849805832,66.90287780761719,15.231627464294434,3.1603918075561523,29.56475067138672,246.0502471923828,h
334.177001953125,228.0384979248047,5.179500102996826,0.013100000098347664,0.0007999999797903001,-457.9161071777344,231.4459991455078,179.8509979248047,90.0,5.74560022354126,h
334.177001953125,228.0384979248047,1.9413000345230103,0.8912000060081482,0.6740000247955322,-457.9161071777344,-331.7799987792969,-205.8946990966797,0.0,5.74560022354126,h
18.13895606994629,12.736623764038086,1.9413000345230103,0.6964719891548157,0.28948256373405457,-17.560733795166016,-19.906057357788086,17.087831497192383,0.0005103283328935504,181.1327667236328,h
329.82269287109375,152.36720275878906,5.179500102996826,0.013100000098347664,0.0007999999797903001,-266.08392333984375,-175.83456420898438,173.9036407470703,89.9551010131836,234.67822265625,h
7.207900047302246,0.0,1.9413000345230103,0.8912000060081482,0.6740000247955322,-457.9161071777344,-331.7799987792969,179.8509979248047,90.0,5.74560022354126,h
7.207900047302246,0.0,5.179500102996826,0.8912000060081482,0.6740000247955322,-457.9161071777344,-331.7799987792969,-205.8946990966797,90.0,466.4078063964844,h
16.513256072998047,0.005739076063036919,2.0702643394470215,0.8169723153114319,0.5234739780426025,-9.478812217712402,6.5010833740234375,-21.383832931518555,24.133142471313477,103.28765869140625,h
42.57881164550781,11.342268943786621,2.6351847648620605,0.49233052134513855,0.30039915442466736,-29.148094177246094,12.846379280090332,7.401879787445068,74.81513214111328,156.32418823242188,h
65.66840362548828,25.984899520874023,3.015437126159668,0.3114987909793854,0.15324032306671143,8.256729125976562,26.142667770385742,19.321306228637695,63.37090301513672,191.63316345214844,h
27.819520950317383,7.0206451416015625,2.454005241394043,0.6332873702049255,0.41967499256134033,16.47345542907715,-7.609395980834961,7.9886369705200195,0.0929679125547409,74.86012268066406,h
334.177001953125,228.0384979248047,5.179500102996826,0.013100000098347664,0.0007999999797903001,575.24072265625,231.4459991455078,-205.8946990966797,90.0,466.4078063964844,h
225.81126403808594,92.81063842773438,3.577207565307617,0.10229887068271637,0.06227037310600281,-271.9539794921875,164.1253662109375,66.70746612548828,12.944131851196289,257.2742919921875,h
160.8379364013672,62.20341873168945,3.2509939670562744,0.2962685227394104,0.13833409547805786,7.350547790527344,-163.7310791015625,63.34666442871094,32.87028884887695,391.0743408203125,h
334.177001953125,228.0384979248047,5.179500102996826,0.013100000098347664,0.0007999999797903001,-457.9161071777344,-331.7799987792969,179.8509979248047,90.0,5.74560022354126,h
7.207900047302246,228.0384979248047,1.9413000345230103,0.8912000060081482,0.6740000247955322,-457.9161071777344,-331.7799987792969,179.8509979248047,0.0,5.74560022354126,h
334.177001953125,228.0384979248047,5.179500102996826,0.013100000098347664,0.0007999999797903001,575.24072265625,231.4459991455078,-205.8946990966797,90.0,466.4078063964844,h
334.177001953125,228.0384979248047,5.179500102996826,0.013100000098347664,0.0007999999797903001,-457.9161071777344,-331.7799987792969,179.8509979248047,90.0,466.4078063964844,h
108.5295639038086,32.91500473022461,3.3796966075897217,0.21219171583652496,0.12282483279705048,84.79586791992188,72.67485046386719,10.39877986907959,65.2930679321289,211.25900268554688,h
89.08287048339844,31.934831619262695,3.1391944885253906,0.3603033125400543,0.21346978843212128,-10.659262657165527,33.716434478759766,7.755913734436035,11.45895767211914,377.6812744140625,h
334.177001953125,228.0384979248047,5.179500102996826,0.013100000098347664,0.0007999999797903001,-457.9161071777344,231.4459991455078,-205.8946990966797,90.0,466.4078063964844,h
29.639041900634766,23.930240631103516,2.9677045345306396,0.2899237275123596,0.16912037134170532,10.904951095581055,-16.060256958007812,33.427207946777344,76.03578186035156,64.32444763183594,h
73.90169525146484,8.153132438659668,2.915757417678833,0.44514453411102295,0.19701410830020905,14.638925552368164,15.634910583496094,-9.477980613708496,4.569509983062744,75.67054748535156,h
7.207900047302246,0.0,1.9413000345230103,0.8912000060081482,0.6740000247955322,-457.9161071777344,-331.7799987792969,179.8509979248047,0.0,5.74560022354126,h
334.177001953125,228.0384979248047,5.179500102996826,0.013100000098347664,0.0007999999797903001,575.24072265625,231.4459991455078,-205.8946990966797,90.0,237.6608123779297,h
38.84923553466797,20.491907119750977,2.8527488708496094,0.48636606335639954,0.2602621614933014,-35.58952713012695,-2.1677663326263428,16.66185188293457,18.019243240356445,225.66212463378906,h
334.177001953125,228.0384979248047,5.179500102996826,0.013100000098347664,0.0007999999797903001,-457.9161071777344,231.4459991455078,-205.8946990966797,90.0,466.4078063964844,h
78.58031463623047,45.56178665161133,3.622354507446289,0.14931538701057434,0.07004548609256744,-64.16260528564453,66.5519027709961,-20.41016960144043,11.0636568069458,356.49627685546875,h
198.4214324951172,101.56495666503906,3.2410547733306885,0.2614911198616028,0.19342026114463806,123.05847930908203,-114.04036712646484,29.364208221435547,15.474828720092773,328.4365234375,h
28.151681900024414,0.0,2.17458438873291,0.797109067440033,0.5207837224006653,45.80927276611328,18.35181427001953,7.903377532958984,7.062199115753174,191.35379028320312,h
7.207900047302246,0.0,3.5925185680389404,0.8912000060081482,0.6740000247955322,-457.9161071777344,-331.7799987792969,179.8509979248047,90.0,5.74560022354126,h
90.66761016845703,71.90884399414062,3.9370508193969727,0.12407368421554565,0.059275802224874496,-4.3316969871521,-82.34762573242188,-9.80032730102539,13.594563484191895,35.235660552978516,h
334.177001953125,228.0384979248047,5.179500102996826,0.013100000098347664,0.0007999999797903001,-457.9161071777344,-331.7799987792969,-205.8946990966797,90.0,466.4078063964844,h
334.177001953125,228.0384979248047,5.179500102996826,0.013100000098347664,0.0007999999797903001,-457.9161071777344,-331.7799987792969,-205.8946990966797,90.0,466.4078063964844,h
48.69263458251953,18.83571434020996,2.9522995948791504,0.24430778622627258,0.14873972535133362,-36.73160171508789,19.383804321289062,9.480120658874512,38.85527801513672,185.80223083496094,h
228.078369140625,228.0384979248047,1.9413000345230103,0.013100000098347664,0.002368587302044034,-457.9161071777344,-331.7799987792969,179.8509979248047,0.0,5.74560022354126,h
334.177001953125,228.0384979248047,5.179500102996826,0.013100000098347664,0.0007999999797903001,-457.9161071777344,-331.7799987792969,179.8509979248047,90.0,466.4078063964844,h
334.177001953125,228.0384979248047,5.179500102996826,0.013100000098347664,0.0007999999797903001,575.24072265625,231.4459991455078,-205.8946990966797,90.0,5.74560022354126,h
334.177001953125,228.0384979248047,5.179500102996826,0.013100000098347664,0.0007999999797903001,575.24072265625,231.4459991455078,-205.8946990966797,90.0,466.4078063964844,h
167.27137756347656,32.35939407348633,3.3533339500427246,0.1732909381389618,0.09052114188671112,-217.37071228027344,48.730987548828125,-19.476665496826172,5.055006980895996,268.03314208984375,h
334.177001953125,228.0384979248047,1.9413000345230103,0.8459187746047974,0.6740000247955322,-457.9161071777344,-331.7799987792969,-205.8946990966797,0.0,5.74560022354126,h
152.62120056152344,28.67626953125,3.081491708755493,0.36713549494743347,0.1622581034898758,-101.82489013671875,-138.13992309570312,9.570899963378906,48.795921325683594,228.76446533203125,h
334.177001953125,228.0384979248047,5.179500102996826,0.013100000098347664,0.0007999999797903001,575.24072265625,231.4459991455078,-205.8946990966797,90.0,466.4078063964844,h
27.453115463256836,24.633405685424805,2.739945650100708,0.27627140283584595,0.14552460610866547,-65.83806610107422,6.165924549102783,-14.938435554504395,16.52257537841797,123.23416900634766,h
77.48040008544922,36.96318054199219,3.379035234451294,0.16626690328121185,0.08955813199281693,-17.965370178222656,36.82908248901367,-32.11529541015625,53.750064849853516,151.4003143310547,h
334.177001953125,228.0384979248047,5.179500102996826,0.013100000098347664,0.0007999999797903001,-457.9161071777344,-331.7799987792969,179.8509979248047,90.0,466.4078063964844,h
23.27977752685547,227.49917602539062,1.9413000345230103,0.5424563884735107,0.20821085572242737,-457.9161071777344,-331.7799987792969,179.8509979248047,0.0,5.74560022354126,h
334.177001953125,228.0384979248047,5.179500102996826,0.013100000098347664,0.0007999999797903001,575.24072265625,231.4459991455078,-205.8946990966797,90.0,466.4078063964844,h
334.177001953125,228.0384979248047,5.179500102996826,0.013100000098347664,0.0007999999797903001,-457.9161071777344,-331.7799987792969,-205.8946990966797,90.0,466.4078063964844,h
334.177001953125,228.0384979248047,5.179500102996826,0.013100000098347664,0.0007999999797903001,-457.9161071777344,-331.7799987792969,179.8509979248047,90.0,466.4078063964844,h
334.177001953125,0.0,1.9413000345230103,0.8912000060081482,0.6740000247955322,-457.9161071777344,-331.7799987792969,179.8509979248047,90.0,466.4078063964844,h
7.207900047302246,0.0,1.9413000345230103,0.8912000060081482,0.6740000247955322,-457.9161071777344,-331.7799987792969,179.8509979248047,90.0,5.74560022354126,h
334.177001953125,228.0384979248047,5.179500102996826,0.013100000098347664,0.0007999999797903001,575.24072265625,231.4459991455078,179.8509979248047,90.0,466.4078063964844,h
22.32900619506836,11.17782211303711,2.433821439743042,0.5926366448402405,0.38982465863227844,-2.199103832244873,-15.302605628967285,-6.226296424865723,23.29947280883789,211.82501220703125,h
89.39261627197266,68.88472747802734,3.585780382156372,0.2701050639152527,0.13155780732631683,-148.40048217773438,-46.25865936279297,64.04127502441406,2.9687294960021973,365.753662109375,h
21.638216018676758,11.626689910888672,2.3122284412384033,0.6359615921974182,0.34696078300476074,4.660957336425781,19.17754554748535,11.552957534790039,1.6076183319091797,148.85940551757812,h
334.177001953125,228.0384979248047,5.179500102996826,0.013100000098347664,0.6740000247955322,-457.9161071777344,-331.7799987792969,-205.8946990966797,90.0,5.74560022354126,h
334.177001953125,228.0384979248047,5.179500102996826,0.013100000098347664,0.0007999999797903001,575.24072265625,-331.7799987792969,-205.8946990966797,90.0,288.464599609375,h
26.56011962890625,10.670513153076172,2.5627694129943848,0.5015151500701904,0.29459741711616516,8.74096965789795,16.456974029541016,9.330477714538574,86.62089538574219,135.96775817871094,h
334.177001953125,228.0384979248047,5.170279026031494,0.013100000098347664,0.0007999999797903001,575.24072265625,231.4459991455078,-205.8946990966797,32.596946716308594,42.614479064941406,h
334.177001953125,228.0384979248047,1.9413000345230103,0.8912000060081482,0.6740000247955322,-457.9161071777344,-331.7799987792969,179.8509979248047,0.0,466.4078063964844,h
168.05262756347656,51.62248229980469,3.515676259994507,0.11470002681016922,0.07496300339698792,-86.90645599365234,-158.96775817871094,29.65648651123047,8.271905899047852,249.54275512695312,h
16.47102928161621,9.413372993469238,2.478928804397583,0.5563113689422607,0.3308745324611664,13.580892562866211,11.434158325195312,-3.8580856323242188,1.5707030296325684,108.98121643066406,h
334.177001953125,21.770483016967773,5.179500102996826,0.013100000098347664,0.02315129153430462,-457.9161071777344,-331.7799987792969,-205.8946990966797,90.0,5.74560022354126,h
7.207900047302246,0.0,1.9413000345230103,0.8912000060081482,0.6740000247955322,-457.9161071777344,231.4459991455078,179.8509979248047,90.0,466.4078063964844,h
7.390032768249512,20.192834854125977,1.9413000345230103,0.7947331666946411,0.3829847276210785,19.85175323486328,-7.9756760597229,18.699291229248047,0.08874762803316116,26.336132049560547,h
334.0870666503906,228.0384979248047,5.179500102996826,0.013100000098347664,0.0007999999797903001,-457.9161071777344,105.16978454589844,-205.8946990966797,87.17754364013672,450.2339172363281,h
334.177001953125,228.0384979248047,1.9413000345230103,0.013100000098347664,0.6740000247955322,-457.9161071777344,-331.7799987792969,179.8509979248047,0.0,466.4078063964844,h
334.177001953125,228.0384979248047,5.179500102996826,0.013100000098347664,0.0007999999797903001,-457.9161071777344,-331.7799987792969,179.8509979248047,90.0,466.4078063964844,h
334.177001953125,228.0384979248047,5.179500102996826,0.013100000098347664,0.0007999999797903001,575.24072265625,231.4459991455078,179.8509979248047,0.003676127176731825,5.74560022354126,h
39.06828308105469,7.413217544555664,2.7044591903686523,0.4428519606590271,0.24129906296730042,-14.975454330444336,-18.149702072143555,-6.427618026733398,57.504150390625,160.08038330078125,h
32.65814208984375,13.262056350708008,2.7108209133148193,0.422923743724823,0.2602885067462921,47.665245056152344,41.46431350708008,-18.90103530883789,56.31477355957031,242.72567749023438,h
334.177001953125,228.0384979248047,5.179500102996826,0.013100000098347664,0.0007999999797903001,575.24072265625,-331.7799987792969,-205.8946990966797,89.97522735595703,5.74560022354126,h
34.12664794921875,16.453815460205078,2.4970946311950684,0.4928648769855499,0.263866126537323,-72.91852569580078,-12.796658515930176,10.01650619506836,68.0494155883789,165.97572326660156,h
334.177001953125,228.0384979248047,5.179500102996826,0.013100000098347664,0.0007999999797903001,-457.9161071777344,-331.7799987792969,179.8509979248047,90.0,466.4078063964844,h
334.177001953125,228.0384979248047,5.179500102996826,0.013100000098347664,0.0007999999797903001,-457.9161071777344,231.4459991455078,179.8509979248047,89.98291778564453,5.74560022354126,h
72.5792465209961,12.011787414550781,2.7588083744049072,0.3447636365890503,0.16955240070819855,6.943223476409912,58.11870193481445,-13.64911937713623,87.9387435913086,71.4463882446289,h
334.177001953125,228.0384979248047,5.179500102996826,0.013100000098347664,0.0007999999797903001,-457.9161071777344,-331.7799987792969,-205.8946990966797,90.0,466.4078063964844,h
61.41499328613281,20.58774185180664,3.1201345920562744,0.2751762270927429,0.15702439844608307,5.161702632904053,35.860897064208984,6.650736331939697,37.543846130371094,199.22933959960938,h
334.177001953125,228.0384979248047,5.157824516296387,0.013100000098347664,0.0007999999797903001,575.24072265625,231.4459991455078,179.8509979248047,0.3218404948711395,5.74560022354126,h
334.177001953125,228.0384979248047,5.179500102996826,0.013100000098347664,0.0007999999797903001,-457.9161071777344,-331.7799987792969,179.8509979248047,90.0,466.4078063964844,h
69.17790222167969,36.706687927246094,3.7415125370025635,0.0974176675081253,0.038980137556791306,-83.1141357421875,-32.92066955566406,21.064376831054688,4.4923248291015625,169.56544494628906,h
239.87115478515625,95.64695739746094,3.418659210205078,0.24985988438129425,0.17215442657470703,-244.84303283691406,-146.25875854492188,-93.19129943847656,58.47999954223633,332.8077087402344,h
334.177001953125,228.0384979248047,5.179500102996826,0.013100000098347664,0.0007999999797903001,-457.9161071777344,-331.7799987792969,179.8509979248047,90.0,5.74560022354126,h
7.207900047302246,0.0,1.9413000345230103,0.8912000060081482,0.6740000247955322,-457.9161071777344,-331.7799987792969,179.8509979248047,90.0,5.74560022354126,h
7.207900047302246,0.0,1.9413000345230103,0.8912000060081482,0.6740000247955322,-457.9161071777344,-331.7799987792969,-205.8946990966797,90.0,5.74560022354126,h
334.177001953125,228.0384979248047,5.179500102996826,0.013100000098347664,0.0007999999797903001,-457.9161071777344,-331.7799987792969,179.8509979248047,89.98448181152344,347.695068359375,h
334.177001953125,228.0384979248047,5.179500102996826,0.013100000098347664,0.0007999999797903001,-457.9161071777344,-331.7799987792969,179.8509979248047,90.0,466.4078063964844,h
7.207900047302246,0.0,1.9413000345230103,0.8912000060081482,0.6740000247955322,-457.9161071777344,-331.7799987792969,179.8509979248047,90.0,5.74560022354126,h
26.95073127746582,10.470795631408691,2.649158000946045,0.49343401193618774,0.275602251291275,9.443476676940918,-0.9471240043640137,1.0845739841461182,64.6854248046875,214.8822479248047,h
331.1605529785156,228.0384979248047,5.179500102996826,0.013100000098347664,0.0007999999797903001,28.656827926635742,231.40206909179688,-205.8946990966797,83.23391723632812,202.10704040527344,h
17.351255416870117,6.55061149597168,2.1319799423217773,0.7087264060974121,0.3437459170818329,1.34019935131073,-5.54283332824707,-5.114370822906494,48.4249153137207,187.10159301757812,h
334.177001953125,228.0384979248047,5.179500102996826,0.013100000098347664,0.0007999999797903001,575.24072265625,231.4459991455078,-205.8946990966797,90.0,5.74560022354126,h
334.177001953125,228.0384979248047,1.9413000345230103,0.8912000060081482,0.6740000247955322,-457.9161071777344,-331.7799987792969,179.8509979248047,0.0,5.74560022354126,h
334.177001953125,228.0384979248047,5.179500102996826,0.013100000098347664,0.0007999999797903001,-457.9161071777344,-331.7799987792969,-205.8946990966797,90.0,466.4078063964844,h
334.177001953125,228.0384979248047,1.9413000345230103,0.8912000060081482,0.6740000247955322,-457.9161071777344,-331.7799987792969,179.8509979248047,0.0,466.4078063964844,h
334.177001953125,228.0384979248047,5.179500102996826,0.013100000098347664,0.6740000247955322,-457.9161071777344,231.4459991455078,179.8509979248047,90.0,466.4078063964844,h
334.177001953125,228.0384979248047,5.179500102996826,0.013100000098347664,0.0007999999797903001,-457.9161071777344,-331.7799987792969,-205.8946990966797,90.0,466.4078063964844,h
334.177001953125,228.0384979248047,5.179500102996826,0.013100000098347664,0.0007999999797903001,-457.9161071777344,36.8885498046875,-205.8946990966797,90.0,466.4078063964844,h
92.25881958007812,14.742814064025879,2.7274057865142822,0.26364144682884216,0.13001485168933868,18.10262107849121,80.67742919921875,-21.066194534301758,89.9491958618164,198.95835876464844,h
334.177001953125,228.0384979248047,5.179500102996826,0.013100000098347664,0.0007999999797903001,-457.9161071777344,-331.7799987792969,179.8509979248047,90.0,5.74560022354126,h
7.39915132522583,51.86695098876953,1.9413000345230103,0.8669809699058533,0.3838045597076416,-457.9161071777344,-331.7799987792969,179.8509979248047,0.0,5.74560022354126,h
77.41671752929688,93.37967681884766,3.2081594467163086,0.18306700885295868,0.10040759295225143,44.35717010498047,72.25654602050781,59.51013946533203,34.011619567871094,236.99044799804688,h
25.413326263427734,11.848560333251953,2.6857452392578125,0.6012094616889954,0.40504759550094604,-60.913570404052734,-21.340320587158203,-7.803668022155762,32.19057083129883,244.2271728515625,h
114.78057861328125,31.160783767700195,3.1696512699127197,0.2190958857536316,0.11353763192892075,-185.2880859375,97.15936279296875,4.411296844482422,40.17874526977539,244.85964965820312,h
334.177001953125,228.0384979248047,5.179500102996826,0.013100000098347664,0.0007999999797903001,575.24072265625,-331.7799987792969,-205.8946990966797,90.0,5.74560022354126,h
8.76644515991211,20.714284896850586,1.9413000345230103,0.8382361531257629,0.4861471951007843,-457.9161071777344,-331.7799987792969,179.8509979248047,0.0,5.74560022354126,h
334.177001953125,228.0384979248047,5.179500102996826,0.013100000098347664,0.0007999999797903001,575.24072265625,231.4459991455078,-205.8946990966797,90.0,466.4078063964844,h
26.580734252929688,10.112866401672363,2.5586984157562256,0.4466108977794647,0.238486185669899,-24.083086013793945,17.904470443725586,-8.99878215789795,42.8417854309082,108.49490356445312,h
23.06702995300293,3.8186001777648926,2.2994585037231445,0.7477296590805054,0.39680635929107666,13.34837818145752,19.869720458984375,-13.20265007019043,52.28783416748047,208.05198669433594,h
334.177001953125,228.0384979248047,1.9413000345230103,0.8912000060081482,0.6740000247955322,-457.9161071777344,-331.7799987792969,179.8509979248047,0.0,466.4078063964844,h
334.177001953125,228.0384979248047,5.179500102996826,0.013100000098347664,0.0007999999797903001,575.24072265625,231.4459991455078,-205.8946990966797,90.0,466.4078063964844,h
224.13938903808594,192.1220245361328,5.1787638664245605,0.013151810504496098,0.0008339011692442,-457.2201232910156,-130.2737579345703,-88.71678924560547,76.02671813964844,330.07684326171875,h
25.13779640197754,10.53660774230957,2.7704684734344482,0.43524280190467834,0.265762060880661,13.418295860290527,7.675999641418457,-10.076501846313477,22.4405517578125,238.90213012695312,h
334.177001953125,228.0384979248047,5.179500102996826,0.013100000098347664,0.0007999999797903001,-457.9161071777344,-331.7799987792969,-205.8946990966797,90.0,466.4078063964844,h
90.72618865966797,65.34859466552734,3.5060904026031494,0.16506651043891907,0.07651565968990326,-88.76044464111328,107.48966979980469,8.562378883361816,32.15187454223633,336.583740234375,h
7.207900047302246,0.0,2.223151206970215,0.8912000060081482,0.6740000247955322,-457.9161071777344,-331.7799987792969,-205.8946990966797,3.962167738791322e-06,46.351688385009766,h
7.207900047302246,0.0,1.9413000345230103,0.8912000060081482,0.6740000247955322,-457.9161071777344,231.4459991455078,-205.8946990966797,90.0,466.4078063964844,h
41.772884368896484,25.27475929260254,2.6805899143218994,0.30308711528778076,0.16130171716213226,24.601072311401367,28.87791633605957,11.234426498413086,87.75458526611328,80.61669921875,h
334.177001953125,228.0384979248047,5.179500102996826,0.013100000098347664,0.0007999999797903001,-457.9161071777344,-331.7799987792969,179.8509979248047,90.0,466.4078063964844,h
334.177001953125,228.0384979248047,5.179500102996826,0.013100000098347664,0.0007999999797903001,575.24072265625,231.4459991455078,-205.8946990966797,90.0,5.74560022354126,h
334.177001953125,228.0384979248047,5.179500102996826,0.013100000098347664,0.0007999999797903001,-457.9161071777344,-331.7799987792969,-205.8946990966797,90.0,466.4078063964844,h
334.177001953125,228.0384979248047,5.179500102996826,0.013100000098347664,0.0007999999797903001,575.24072265625,231.4459991455078,-205.8946990966797,90.0,5.74560022354126,h
7.207900047302246,0.0,1.9413000345230103,0.8912000060081482,0.6740000247955322,-457.9161071777344,-331.7799987792969,179.8509979248047,90.0,5.74560022354126,h
105.6148681640625,33.0411376953125,2.9896509647369385,0.15666988492012024,0.08614975214004517,118.84049987792969,-144.799072265625,-31.74022102355957,9.185473442077637,281.5692443847656,h
334.177001953125,228.0384979248047,5.179500102996826,0.013100000098347664,0.0007999999797903001,-457.9161071777344,231.4459991455078,-205.8946990966797,90.0,466.4078063964844,h
7.207900047302246,0.0,5.179500102996826,0.8912000060081482,0.6740000247955322,-457.9161071777344,-331.7799987792969,179.8509979248047,90.0,5.74560022354126,h
334.177001953125,228.0384979248047,1.9413000345230103,0.013100000098347664,0.0594840869307518,-457.9161071777344,-331.7799987792969,-205.8946990966797,0.0,5.74560022354126,h
334.177001953125,228.0384979248047,5.179500102996826,0.013100000098347664,0.0007999999797903001,-457.9161071777344,231.4459991455078,-205.8946990966797,90.0,5.74560022354126,h
57.093692779541016,28.602428436279297,3.0386977195739746,0.23802365362644196,0.1348372995853424,-25.75515365600586,31.4522647857666,-22.274133682250977,7.564660549163818,160.09840393066406,h
11.680387496948242,12.385760307312012,2.3228261470794678,0.7445231676101685,0.38452407717704773,19.779726028442383,16.38875961303711,-9.437150001525879,38.32379150390625,124.3202133178711,h
27.146772384643555,7.3803277015686035,2.457932949066162,0.5347626209259033,0.25414735078811646,8.789313316345215,3.3523576259613037,-1.3640271425247192,10.590645790100098,82.1488265991211,h
334.177001953125,228.0384979248047,5.179500102996826,0.013100000098347664,0.0007999999797903001,-457.9161071777344,-331.7799987792969,179.8509979248047,90.0,5.74560022354126,h
334.177001953125,228.0384979248047,5.179500102996826,0.013100000098347664,0.0007999999797903001,-457.9161071777344,-331.7799987792969,-205.8946990966797,90.0,466.4078063964844,h
40.01788330078125,19.938093185424805,2.7539589405059814,0.2584797441959381,0.1390731930732727,27.91689682006836,17.93644905090332,-14.995325088500977,65.01116943359375,194.23779296875,h
93.48202514648438,27.21599006652832,3.1952457427978516,0.21679972112178802,0.11002793163061142,76.07618713378906,91.7917709350586,15.659602165222168,51.17765426635742,175.74046325683594,h
34.82677459716797,13.549234390258789,2.72493052482605,0.41473588347435,0.24515032768249512,34.89250564575195,22.23517608642578,8.001083374023438,31.198528289794922,116.28955841064453,h
334.177001953125,228.0384979248047,5.179500102996826,0.013100000098347664,0.0007999999797903001,-457.9161071777344,-331.7799987792969,179.8509979248047,90.0,466.4078063964844,h
191.41751098632812,32.26100158691406,2.932530641555786,0.26139554381370544,0.15779508650302887,-213.82568359375,98.00019073486328,-17.36483383178711,17.684465408325195,265.3227233886719,h
10.558817863464355,7.343779563903809,2.4507317543029785,0.5873165726661682,0.35314273834228516,14.772226333618164,10.511990547180176,4.0028462409973145,31.186542510986328,226.0219268798828,h
42.777164459228516,7.454543113708496,2.4503138065338135,0.6240497827529907,0.38046595454216003,21.668603897094727,35.32301712036133,4.128129959106445,11.012215614318848,31.805774688720703,h
217.5791473388672,104.8292465209961,5.176580905914307,0.013295709155499935,0.0009566288790665567,-16.698537826538086,-171.71385192871094,6.767825126647949,76.96183013916016,254.75228881835938,h
31.749595642089844,16.59478187561035,2.732625961303711,0.39432597160339355,0.24421809613704681,15.077292442321777,22.804075241088867,-13.497678756713867,65.58772277832031,256.7278137207031,h
334.177001953125,228.0384979248047,5.179500102996826,0.013100000098347664,0.0007999999797903001,575.24072265625,231.4459991455078,-205.8946990966797,90.0,466.4078063964844,h
7.207900047302246,0.0,1.9413000345230103,0.8912000060081482,0.6740000247955322,-457.9161071777344,-331.7799987792969,179.8509979248047,90.0,5.74560022354126,h
334.177001953125,228.0384979248047,5.179500102996826,0.013100000098347664,0.0007999999797903001,575.24072265625,231.4459991455078,-205.8946990966797,90.0,5.74560022354126,h
77.82866668701172,20.431344985961914,2.676922082901001,0.5740659236907959,0.33345720171928406,-13.816343307495117,-43.08974075317383,-12.901906967163086,22.08494758605957,369.5347900390625,h
141.1370086669922,73.29803466796875,3.7626500129699707,0.10481125861406326,0.04903315752744675,-123.3034896850586,-64.42203521728516,53.99680709838867,8.649670600891113,348.0388488769531,h
19.466392517089844,10.599102020263672,2.3326642513275146,0.6816390752792358,0.3727274239063263,-28.806140899658203,-15.033855438232422,-10.216773986816406,52.411128997802734,178.6365966796875,h
7.207900047302246,0.0,5.179500102996826,0.8912000060081482,0.6740000247955322,-457.9161071777344,-331.7799987792969,-205.8946990966797,90.0,466.08795166015625,h
23.97751808166504,12.15335464477539,2.3925869464874268,0.687630295753479,0.3454945981502533,22.74641227722168,-18.02255630493164,12.460931777954102,72.67961883544922,195.24375915527344,h
27.4428653717041,17.308822631835938,2.676856517791748,0.39039722084999084,0.26979386806488037,17.425954818725586,-21.077241897583008,12.205779075622559,70.73101806640625,210.30691528320312,h
334.177001953125,228.0384979248047,5.179500102996826,0.013100000098347664,0.0007999999797903001,-457.9161071777344,-331.7799987792969,-205.8946990966797,90.0,466.4078063964844,h
23.776081085205078,13.293863296508789,2.6259970664978027,0.5352122187614441,0.2950283885002136,21.277612686157227,-8.752967834472656,9.812389373779297,61.736351013183594,107.1523208618164,h
7.207900047302246,0.0,1.9413000345230103,0.8912000060081482,0.6740000247955322,-457.9161071777344,-331.7799987792969,179.8509979248047,0.0,5.74560022354126,h
334.177001953125,228.0384979248047,5.179500102996826,0.013100000098347664,0.0007999999797903001,575.24072265625,231.4459991455078,179.8509979248047,90.0,5.74560022354126,h
334.177001953125,228.0384979248047,5.179500102996826,0.013100000098347664,0.0007999999797903001,-457.9161071777344,-331.7799987792969,-205.8946990966797,90.0,466.4078063964844,h
36.752532958984375,11.565196990966797,2.4898509979248047,0.3522109389305115,0.215458482503891,-7.730675220489502,-16.724340438842773,-9.152166366577148,50.37310028076172,45.20220184326172,h
127.99958801269531,44.52003860473633,2.9157767295837402,0.15184275805950165,0.09301165491342545,-203.91693115234375,-43.677268981933594,-67.00944519042969,42.190834045410156,154.83155822753906,h
334.177001953125,228.0384979248047,1.9413000345230103,0.013100000098347664,0.6740000247955322,483.1214294433594,-331.7799987792969,-205.8946990966797,90.0,5.74560022354126,h
81.33995056152344,42.75780487060547,3.9887664318084717,0.11438512057065964,0.046679817140102386,20.603286743164062,84.40025329589844,35.0704345703125,81.96184539794922,149.36944580078125,h
110.38238525390625,32.61930465698242,3.319088935852051,0.13978184759616852,0.0642574205994606,-159.18763732910156,-25.698556900024414,-8.862953186035156,73.65596771240234,160.61070251464844,h
46.16949462890625,26.32015037536621,2.9648118019104004,0.2602083086967468,0.13194477558135986,30.609638214111328,12.663644790649414,-12.636448860168457,52.141448974609375,154.27410888671875,h
334.177001953125,228.0384979248047,5.179500102996826,0.013100000098347664,0.0007999999797903001,575.24072265625,231.4459991455078,-205.8946990966797,90.0,5.74560022354126,h
27.172428131103516,11.435330390930176,2.3899924755096436,0.5654638409614563,0.3251084089279175,-23.18438148498535,20.404714584350586,7.688268184661865,47.79275894165039,183.82237243652344,h
334.177001953125,228.0384979248047,5.179500102996826,0.013100000098347664,0.0007999999797903001,575.24072265625,-331.7799987792969,179.8509979248047,90.0,466.4078063964844,h
334.177001953125,228.0384979248047,5.179500102996826,0.013100000098347664,0.0007999999797903001,575.24072265625,231.4459991455078,-205.8946990966797,90.0,5.74560022354126,h
334.177001953125,228.0384979248047,5.179500102996826,0.013100000098347664,0.0007999999797903001,-457.9161071777344,-331.7799987792969,179.8509979248047,90.0,466.4078063964844,h
334.177001953125,228.0384979248047,5.179500102996826,0.013100000098347664,0.0007999999797903001,-457.9161071777344,231.4459991455078,179.8509979248047,90.0,5.74560022354126,h
79.95130920410156,23.798999786376953,3.312101364135742,0.2520486116409302,0.1410553753376007,-89.07962799072266,39.11514663696289,-6.203771114349365,13.033111572265625,334.1983337402344,h
132.87428283691406,60.16836929321289,3.306772232055664,0.14316022396087646,0.07974705100059509,-10.264671325683594,-70.88046264648438,14.501869201660156,31.891437530517578,243.54783630371094,h
334.177001953125,228.0384979248047,5.179500102996826,0.013100000098347664,0.0007999999797903001,-457.9161071777344,-331.7799987792969,179.8509979248047,90.0,466.4078063964844,h
7.207900047302246,5.509275436401367,1.9413000345230103,0.7671347260475159,0.3090672492980957,-96.77351379394531,-331.73492431640625,13.052337646484375,0.0,5.787378787994385,h
334.177001953125,228.0384979248047,1.9413000345230103,0.013100000098347664,0.0007999999797903001,-457.9161071777344,-331.7799987792969,179.8509979248047,0.0,5.74560022354126,h
7.207900047302246,0.0,1.9413000345230103,0.8912000060081482,0.6740000247955322,-457.9161071777344,-331.7799987792969,179.8509979248047,90.0,5.74560022354126,h
22.460689544677734,7.068334102630615,2.4734573364257812,0.6365509629249573,0.36875465512275696,13.620610237121582,14.135926246643066,-7.779690742492676,87.92290496826172,154.52818298339844,h
38.76695251464844,17.375041961669922,2.859734535217285,0.22715218365192413,0.13903440535068512,22.197799682617188,-22.87779426574707,10.621159553527832,29.718429565429688,262.5272216796875,h
334.177001953125,228.0384979248047,5.179500102996826,0.013100000098347664,0.0007999999797903001,-457.9161071777344,-331.7799987792969,179.8509979248047,90.0,466.4078063964844,h
198.6341094970703,23.981502532958984,2.433514356613159,0.5215588212013245,0.2869960367679596,-14.56336784362793,69.89323425292969,16.885711669921875,10.371761322021484,121.56808471679688,h
48.26420211791992,14.034539222717285,2.470670461654663,0.5155372619628906,0.27250003814697266,15.315308570861816,-21.372535705566406,-8.91608715057373,60.25198745727539,196.44229125976562,h
334.177001953125,228.0384979248047,5.179500102996826,0.013100000098347664,0.0007999999797903001,575.24072265625,231.4459991455078,-205.8946990966797,90.0,5.74560022354126,h
109.57838439941406,49.71821594238281,3.5769846439361572,0.16518691182136536,0.08568119257688522,-8.636974334716797,38.07066345214844,-95.1781234741211,9.022745132446289,352.64764404296875,h
334.177001953125,228.0384979248047,5.179500102996826,0.013100000098347664,0.0007999999797903001,575.24072265625,231.4459991455078,-205.8946990966797,90.0,466.4078063964844,h
80.15288543701172,10.875825881958008,2.7341318130493164,0.34819495677948,0.2133270502090454,42.93266296386719,68.58094787597656,-13.528337478637695,67.48611450195312,168.81568908691406,h
31.848735809326172,14.433050155639648,2.640706777572632,0.5725506544113159,0.37408170104026794,10.538125991821289,16.28804588317871,-5.479525566101074,72.55147552490234,255.7941436767578,h
81.60374450683594,23.358043670654297,2.9045913219451904,0.27130401134490967,0.15705789625644684,15.535977363586426,-76.5484848022461,-19.917680740356445,53.787410736083984,266.2376708984375,h
334.177001953125,228.0384979248047,5.179500102996826,0.013100000098347664,0.0007999999797903001,-457.9161071777344,-331.7799987792969,-205.8946990966797,90.0,466.4078063964844,h
38.03898239135742,12.381462097167969,2.7283313274383545,0.43328556418418884,0.2600703239440918,32.61984634399414,0.6988256573677063,11.946995735168457,80.5755844116211,225.03546142578125,h
334.177001953125,228.0384979248047,1.9413000345230103,0.8912000060081482,0.6740000247955322,-457.9161071777344,-331.7799987792969,-205.8946990966797,0.0,329.4775390625,h
334.177001953125,228.0384979248047,5.179500102996826,0.013100000098347664,0.0007999999797903001,575.24072265625,231.4459991455078,-205.8946990966797,90.0,5.74560022354126,h
7.207900047302246,228.0384979248047,1.9413000345230103,0.8912000060081482,0.6740000247955322,-457.9161071777344,-331.7799987792969,179.8509979248047,0.0,5.74560022354126,h
334.177001953125,228.0384979248047,5.179500102996826,0.013100000098347664,0.0007999999797903001,-457.9161071777344,-331.7799987792969,179.8509979248047,90.0,466.4078063964844,h
334.177001953125,228.0384979248047,5.179500102996826,0.013100000098347664,0.0007999999797903001,-15.12307357788086,231.4459991455078,179.8509979248047,89.99363708496094,5.74560022354126,h
27.124616622924805,11.578612327575684,2.6073005199432373,0.40925076603889465,0.34852778911590576,14.147823333740234,-5.405998706817627,-10.734708786010742,8.242870330810547,93.43589782714844,h
334.177001953125,228.0384979248047,5.179500102996826,0.013100000098347664,0.0007999999797903001,575.24072265625,231.4459991455078,-205.8946990966797,90.0,466.3982238769531,h
334.177001953125,228.0384979248047,1.9413000345230103,0.8912000060081482,0.6740000247955322,575.24072265625,-331.7799987792969,179.8509979248047,0.0,466.4078063964844,h
334.177001953125,228.0384979248047,5.179500102996826,0.013100000098347664,0.0007999999797903001,575.24072265625,231.4459991455078,-205.8946990966797,90.0,5.74560022354126,h
30.02492904663086,9.243654251098633,2.6711673736572266,0.31922611594200134,0.16527444124221802,-0.496793657541275,19.665298461914062,0.4719715416431427,81.5537338256836,181.50387573242188,h
24.955291748046875,11.182673454284668,2.4329445362091064,0.46818840503692627,0.22592218220233917,13.14564037322998,-12.062960624694824,14.051704406738281,59.65647888183594,187.089599609375,h
334.177001953125,228.0384979248047,5.179500102996826,0.013100000098347664,0.0007999999797903001,20.904659271240234,-331.52294921875,167.98463439941406,90.0,453.63177490234375,h
334.177001953125,228.0384979248047,5.179500102996826,0.013100000098347664,0.0007999999797903001,575.24072265625,231.4459991455078,179.8509979248047,90.0,5.74560022354126,h
334.177001953125,228.0384979248047,5.179500102996826,0.013100000098347664,0.0007999999797903001,-457.9161071777344,-331.7799987792969,-205.8946990966797,90.0,466.4078063964844,h
334.177001953125,0.0,5.179500102996826,0.013100000098347664,0.6740000247955322,-457.9161071777344,-331.7799987792969,179.8509979248047,90.0,5.74560022354126,h
334.177001953125,228.0384979248047,1.9413000345230103,0.013100000098347664,0.6740000247955322,-457.9161071777344,-331.7799987792969,179.8509979248047,0.0,5.74560022354126,h
86.79649353027344,60.35258102416992,3.751654624938965,0.07999327033758163,0.03867514058947563,-9.104129791259766,-81.65079498291016,9.133330345153809,16.02791976928711,116.46522521972656,h
26.05072021484375,14.207195281982422,2.670043468475342,0.4160899817943573,0.23477138578891754,10.739930152893066,18.29473876953125,-8.001051902770996,33.19728469848633,180.1278076171875,h
334.177001953125,228.0384979248047,5.179500102996826,0.013100000098347664,0.0007999999797903001,-457.9161071777344,-331.7799987792969,179.8509979248047,90.0,466.4078063964844,h
334.177001953125,228.0384979248047,1.9413000345230103,0.013100000098347664,0.6740000247955322,-457.9161071777344,-331.7799987792969,179.8509979248047,0.0,5.74560022354126,h
334.177001953125,228.0384979248047,5.179500102996826,0.013100000098347664,0.0007999999797903001,-457.9161071777344,-331.7799987792969,179.8509979248047,90.0,5.74560022354126,h
30.00274085998535,10.322957992553711,2.423633337020874,0.5177933573722839,0.3594249486923218,23.43570899963379,39.24852752685547,-8.822661399841309,47.33125686645508,205.91461181640625,h
334.177001953125,228.0384979248047,5.179500102996826,0.013100000098347664,0.0007999999797903001,575.24072265625,231.4459991455078,-205.8946990966797,90.0,286.59088134765625,h
19.201488494873047,11.119311332702637,2.113386869430542,0.47913163900375366,0.2954493463039398,10.634486198425293,-4.033736228942871,4.94593620300293,65.03829193115234,173.3774871826172,h
7.207900047302246,0.0,1.9413000345230103,0.8912000060081482,0.6740000247955322,-457.9161071777344,-331.7799987792969,179.8509979248047,90.0,5.74560022354126,h
197.07534790039062,74.52294158935547,3.6114838123321533,0.15219059586524963,0.07593268156051636,10.820694923400879,-203.8400115966797,-9.463028907775879,32.76947784423828,60.88677978515625,h
19.29339599609375,11.280488967895508,2.117976665496826,0.6549543142318726,0.3448899984359741,13.268239974975586,13.681941032409668,-8.014185905456543,59.845359802246094,247.3037567138672,h
334.177001953125,228.0384979248047,5.179500102996826,0.013100000098347664,0.0007999999797903001,575.24072265625,231.4459991455078,-205.8946990966797,90.0,466.4078063964844,h
7.933415412902832,35.11335754394531,1.9413000345230103,0.7436112761497498,0.3947516679763794,1.8107235431671143,-181.9436492919922,147.31553649902344,0.0,5.74560022354126,h
194.6539764404297,133.87423706054688,5.136947154998779,0.013395658694207668,0.0009399156551808119,-126.48518371582031,-162.44284057617188,108.83531188964844,83.86420440673828,229.14651489257812,h
334.177001953125,228.0384979248047,1.9413000345230103,0.8912000060081482,0.6740000247955322,-457.9161071777344,-331.7799987792969,-205.8946990966797,0.0,5.74560022354126,h
60.877376556396484,16.47057342529297,2.938901901245117,0.24709178507328033,0.12959223985671997,13.059891700744629,43.743656158447266,-8.491131782531738,25.689645767211914,241.72457885742188,h
334.177001953125,228.0384979248047,5.179500102996826,0.013100000098347664,0.0007999999797903001,575.24072265625,231.4459991455078,-205.8946990966797,90.0,5.74560022354126,h
334.177001953125,228.0384979248047,5.179500102996826,0.013100000098347664,0.0007999999797903001,575.24072265625,231.4459991455078,179.8509979248047,90.0,466.4078063964844,h
334.177001953125,228.0384979248047,5.179500102996826,0.013100000098347664,0.0007999999797903001,-457.9161071777344,-331.7799987792969,179.8509979248047,90.0,5.74560022354126,h
87.40296173095703,45.118988037109375,3.610149621963501,0.17611300945281982,0.09493005275726318,-6.781198978424072,-51.16550827026367,13.008813858032227,7.031300067901611,336.4345397949219,h
334.177001953125,228.0384979248047,5.179500102996826,0.013100000098347664,0.0007999999797903001,-457.9161071777344,-331.7799987792969,179.8509979248047,90.0,5.74560022354126,h
249.87002563476562,222.08975219726562,3.977206230163574,0.051765985786914825,0.032099004834890366,-196.32305908203125,69.41519165039062,176.25747680664062,89.02428436279297,335.5345153808594,h
334.177001953125,228.0384979248047,5.179500102996826,0.013100000098347664,0.0007999999797903001,-457.9161071777344,-331.7799987792969,179.8509979248047,90.0,360.883544921875,h
334.177001953125,228.0384979248047,5.179500102996826,0.013100000098347664,0.0007999999797903001,-457.9161071777344,-331.7799987792969,-205.8946990966797,90.0,5.74560022354126,h
334.177001953125,228.0384979248047,5.179500102996826,0.013100000098347664,0.0007999999797903001,-457.9161071777344,-331.7799987792969,179.8509979248047,90.0,323.3305358886719,h
7.207900047302246,19.636560440063477,1.9413000345230103,0.6937901973724365,0.32210272550582886,-68.9818115234375,-327.35498046875,54.885799407958984,0.0,18.125961303710938,h
7.207900047302246,34.771446228027344,1.9413000345230103,0.6614214777946472,0.21950197219848633,-457.283447265625,-331.7799987792969,80.81745910644531,0.0,116.09385681152344,h
334.177001953125,228.0384979248047,5.179500102996826,0.013100000098347664,0.0007999999797903001,575.24072265625,231.4459991455078,-205.8946990966797,90.0,5.74560022354126,h
21.229415893554688,8.92552375793457,2.7755329608917236,0.6276248097419739,0.4443429708480835,-6.68765926361084,20.821779251098633,2.3546464443206787,82.70610046386719,62.80849838256836,h
334.177001953125,228.0384979248047,5.179500102996826,0.013100000098347664,0.0007999999797903001,575.24072265625,231.4459991455078,179.8509979248047,90.0,5.74560022354126,h
334.177001953125,228.0384979248047,1.9413000345230103,0.8912000060081482,0.6740000247955322,-457.9161071777344,-331.7799987792969,179.8509979248047,0.0,466.4078063964844,h
125.19376373291016,52.04665756225586,3.220102548599243,0.39663439989089966,0.2576989233493805,52.876739501953125,132.0797119140625,-39.302703857421875,42.87154006958008,96.01085662841797,h
32.747013092041016,22.863710403442383,2.9246273040771484,0.3415466547012329,0.1560468226671219,39.97031784057617,-5.140279293060303,-11.067943572998047,52.19110107421875,128.42941284179688,h
28.153337478637695,21.1208553314209,2.6482040882110596,0.5026840567588806,0.3145001530647278,-72.9906005859375,-44.34379577636719,7.798268795013428,7.708145618438721,59.37403869628906,h
120.30499267578125,7.677987098693848,3.2426445484161377,0.24921168386936188,0.15514878928661346,6.756579399108887,48.55583572387695,10.028048515319824,17.216964721679688,271.4094543457031,h
20.958097457885742,0.0,2.482496500015259,0.6617193222045898,0.36034461855888367,21.0421199798584,9.8064603805542,7.493785381317139,39.488365173339844,221.89857482910156,h
334.177001953125,228.0384979248047,5.179500102996826,0.013100000098347664,0.0007999999797903001,-457.9161071777344,-331.7799987792969,-205.8946990966797,90.0,466.4078063964844,h
334.177001953125,228.0384979248047,1.9413000345230103,0.8912000060081482,0.6740000247955322,-457.9161071777344,-331.7799987792969,-205.8946990966797,0.0,466.4078063964844,h
334.177001953125,228.0384979248047,5.179500102996826,0.013100000098347664,0.0007999999797903001,575.24072265625,231.4459991455078,179.8509979248047,90.0,466.4078063964844,h
46.43968200683594,12.831114768981934,2.867713451385498,0.4157458543777466,0.22042728960514069,11.930618286132812,47.36705017089844,-14.437728881835938,10.102716445922852,245.86976623535156,h
334.177001953125,228.0384979248047,5.179500102996826,0.013100000098347664,0.0007999999797903001,575.24072265625,231.4459991455078,-205.8946990966797,90.0,5.74560022354126,h
86.75704956054688,25.524171829223633,2.868053436279297,0.3703565001487732,0.20979663729667664,18.85784339904785,-21.962461471557617,17.5216121673584,85.33150482177734,402.47332763671875,h
31.058055877685547,20.519140243530273,2.6768064498901367,0.4493686258792877,0.24258370697498322,-15.178659439086914,-3.380737781524658,11.997305870056152,18.033660888671875,193.3858642578125,h
22.464231491088867,10.207451820373535,2.4122509956359863,0.5442697405815125,0.2812129855155945,0.19622521102428436,18.553415298461914,7.1852545738220215,27.939857482910156,152.98300170898438,h
334.177001953125,228.0384979248047,5.179500102996826,0.013100000098347664,0.0007999999797903001,-457.9161071777344,-331.7799987792969,179.8509979248047,90.0,466.4078063964844,h
7.207900047302246,0.0,5.179500102996826,0.8912000060081482,0.6740000247955322,-457.9161071777344,-331.7799987792969,179.8509979248047,90.0,5.74560022354126,h
63.26890563964844,16.51169776916504,2.734934091567993,0.23727697134017944,0.11618343740701675,44.62675857543945,40.446414947509766,7.130243301391602,14.730676651000977,260.6317138671875,h
334.177001953125,228.0384979248047,5.179500102996826,0.013100000098347664,0.0007999999797903001,167.35134887695312,-234.19735717773438,179.8509979248047,90.0,466.4078063964844,h
54.29508972167969,65.15856170654297,4.198518753051758,0.1332983523607254,0.05555014684796333,-44.249168395996094,-46.73847579956055,-89.32475280761719,27.561952590942383,5.816012859344482,h
334.177001953125,228.0384979248047,5.179500102996826,0.013100000098347664,0.0007999999797903001,-391.8218994140625,-331.7799987792969,179.8509979248047,89.99632263183594,400.1192321777344,h
334.177001953125,228.0384979248047,5.179500102996826,0.013100000098347664,0.0007999999797903001,-457.9161071777344,-331.7799987792969,-205.8946990966797,90.0,466.4078063964844,h
116.4391860961914,91.33527374267578,5.092433929443359,0.085746631026268,0.02813759446144104,9.253952026367188,79.03589630126953,17.842592239379883,29.904054641723633,405.12213134765625,h
334.177001953125,228.0384979248047,5.179500102996826,0.013100000098347664,0.0007999999797903001,575.24072265625,231.4459991455078,-205.8946990966797,90.0,5.74560022354126,h
334.177001953125,228.0384979248047,5.179500102996826,0.013100000098347664,0.0007999999797903001,-457.9161071777344,-331.7799987792969,179.8509979248047,90.0,466.4078063964844,h
334.177001953125,228.0384979248047,5.179500102996826,0.013100000098347664,0.0007999999797903001,-457.9161071777344,-331.711669921875,-205.8946990966797,90.0,466.4078063964844,h
21.448482513427734,18.966312408447266,2.7725985050201416,0.4384714663028717,0.2397339940071106,-4.006805419921875,14.646957397460938,10.405977249145508,8.299239158630371,179.39950561523438,h
135.35714721679688,34.451148986816406,2.9115514755249023,0.2523605525493622,0.14983052015304565,-124.59778594970703,-99.89555358886719,50.87459945678711,73.74322509765625,218.48959350585938,h
307.2095947265625,87.12053680419922,3.543564796447754,0.06236128509044647,0.027638720348477364,575.1648559570312,229.87869262695312,49.08572769165039,41.719295501708984,79.27484893798828,h
334.177001953125,228.0384979248047,5.179500102996826,0.013100000098347664,0.0007999999797903001,-457.9161071777344,-331.7799987792969,179.8509979248047,90.0,466.4078063964844,h
23.970985412597656,12.768054962158203,2.6089999675750732,0.47408002614974976,0.24360391497612,29.996654510498047,7.625077724456787,-7.305168628692627,43.59906768798828,124.3208999633789,h
334.177001953125,228.0384979248047,1.9413000345230103,0.8912000060081482,0.6740000247955322,-457.9161071777344,-331.7799987792969,-205.8946990966797,0.0,466.4078063964844,h
18.26148223876953,11.818231582641602,2.0013396739959717,0.7232539653778076,0.3822185695171356,2.2351627349853516,-0.0008986252942122519,-17.192459106445312,50.91080093383789,138.10324096679688,h
334.177001953125,228.0384979248047,5.179500102996826,0.013100000098347664,0.0007999999797903001,-457.9161071777344,231.4459991455078,-205.8946990966797,90.0,466.4078063964844,h
9.108240127563477,89.36769104003906,1.9413000345230103,0.28799551725387573,0.08918621391057968,-457.9161071777344,-331.7799987792969,179.8509979248047,0.0,5.74560022354126,h
334.177001953125,228.0384979248047,5.147891998291016,0.013100000098347664,0.0007999999797903001,575.24072265625,231.4459991455078,-205.8946990966797,83.18037414550781,172.86570739746094,h
334.177001953125,228.0384979248047,5.179500102996826,0.013100000098347664,0.6740000247955322,-457.9161071777344,231.4459991455078,179.8509979248047,90.0,5.74560022354126,h
103.73307037353516,68.40150451660156,3.375316619873047,0.18027175962924957,0.0979548990726471,-166.65467834472656,97.2140121459961,-11.084043502807617,48.40213394165039,312.5854187011719,h
334.177001953125,228.0384979248047,5.179500102996826,0.013100000098347664,0.0007999999797903001,-457.9161071777344,-331.7799987792969,179.8509979248047,90.0,466.4078063964844,h
67.04120635986328,43.8143424987793,3.3376576900482178,0.23854883015155792,0.12241906672716141,-40.67391586303711,-18.02666664123535,11.008147239685059,31.602649688720703,350.836669921875,h
7.315241813659668,13.16684341430664,1.9413000345230103,0.6274459958076477,0.3095938563346863,39.086273193359375,-27.670137405395508,13.924833297729492,0.0,26.12543296813965,h
334.177001953125,228.0384979248047,5.179500102996826,0.013100000098347664,0.0007999999797903001,575.24072265625,231.4459991455078,-205.8946990966797,1.2725834846496582,5.74560022354126,h
18.333627700805664,11.052103042602539,2.755147933959961,0.5990296602249146,0.32005590200424194,-4.6565842628479,17.10523796081543,12.920414924621582,47.52836990356445,122.8631820678711,h
15.27643871307373,9.764625549316406,2.1728668212890625,0.6150452494621277,0.3525642156600952,6.256953239440918,31.747211456298828,8.914894104003906,10.1298828125,220.40435791015625,h
45.41939163208008,9.330866813659668,2.843967914581299,0.4675445258617401,0.24364055693149567,-2.7399954795837402,32.21039962768555,-13.784646034240723,15.54332160949707,224.79798889160156,h
91.17967987060547,55.07744598388672,4.058098316192627,0.0812828540802002,0.04614264890551567,0.001263618585653603,19.445507049560547,-27.098188400268555,19.155418395996094,284.4578857421875,h
53.356266021728516,17.761638641357422,2.6838817596435547,0.3613031208515167,0.17744606733322144,15.060681343078613,43.38905715942383,17.60053825378418,83.47301483154297,247.28118896484375,h
8.826515197753906,20.15517807006836,1.9413000345230103,0.8911808729171753,0.6532486081123352,-457.9161071777344,-331.7799987792969,-13.980957984924316,0.0,5.74560022354126,h
48.36747741699219,22.005125045776367,2.9016458988189697,0.18779590725898743,0.08732052147388458,2.824754238128662,20.89971160888672,0.14237000048160553,15.7712984085083,228.39755249023438,h
90.92867279052734,49.17823791503906,2.9575424194335938,0.22966325283050537,0.13097424805164337,-140.1052703857422,8.11795711517334,-30.97484588623047,20.73810577392578,216.41116333007812,h
334.177001953125,228.0384979248047,1.9413000345230103,0.8912000060081482,0.6740000247955322,-457.9161071777344,-331.7799987792969,-205.8946990966797,0.0,5.74560022354126,h
7.207900047302246,228.0384979248047,1.9413000345230103,0.8912000060081482,0.6740000247955322,575.24072265625,231.4459991455078,179.8509979248047,0.0,5.74560022354126,h
334.177001953125,228.0384979248047,1.9413000345230103,0.013100000098347664,0.6740000247955322,-457.9161071777344,-331.7799987792969,-205.8946990966797,0.0,5.74560022354126,h
44.8966064453125,23.72675895690918,3.104013681411743,0.2604283392429352,0.14959101378917694,15.992242813110352,19.93807601928711,9.467185974121094,33.52893829345703,77.53778076171875,h
7.207900047302246,13.726265907287598,1.9413000345230103,0.8711352944374084,0.4696548879146576,51.763084411621094,11.431472778320312,18.466331481933594,6.436228275299072,188.4842529296875,h
313.8431701660156,227.2928466796875,5.179500102996826,0.013100000098347664,0.0007999999797903001,-453.02764892578125,-318.8487854003906,177.14312744140625,85.01643371582031,252.61036682128906,h
334.177001953125,228.0384979248047,1.9413000345230103,0.013100000098347664,0.6740000247955322,-457.9161071777344,-331.7799987792969,-16.655046463012695,0.0,5.74560022354126,h
7.418633937835693,228.0384979248047,1.9413000345230103,0.8912000060081482,0.6740000247955322,-66.51765441894531,231.4459991455078,179.8509979248047,0.0,5.74560022354126,h
7.840558052062988,134.8560791015625,1.9413000345230103,0.2561030387878418,0.15050359070301056,-110.93893432617188,-160.1007843017578,179.84097290039062,0.0,5.74560022354126,h
334.177001953125,228.0384979248047,5.179500102996826,0.013100000098347664,0.0007999999797903001,575.24072265625,231.4459991455078,-205.8946990966797,90.0,5.74560022354126,h
44.38734817504883,16.810441970825195,3.037116050720215,0.3749004006385803,0.21690310537815094,-31.10572052001953,-26.5295352935791,7.466050624847412,15.382962226867676,220.4420623779297,h
334.177001953125,228.0384979248047,5.179500102996826,0.013100000098347664,0.0007999999797903001,-457.9161071777344,-331.7799987792969,179.8509979248047,90.0,271.9864196777344,h
334.177001953125,228.0384979248047,5.179500102996826,0.013100000098347664,0.0007999999797903001,575.24072265625,-331.07708740234375,179.8509979248047,90.0,466.4078063964844,h
334.177001953125,228.0384979248047,1.9413000345230103,0.8912000060081482,0.6740000247955322,-457.9161071777344,-331.7799987792969,179.8509979248047,0.0,466.4078063964844,h
12.73362922668457,10.72854995727539,2.2132856845855713,0.716293215751648,0.3790752589702606,-5.229310989379883,16.469545364379883,-8.417940139770508,21.778879165649414,102.83682250976562,h
7.207900047302246,6.2205634117126465,1.9413000345230103,0.8904656171798706,0.5129798650741577,-85.32000732421875,-331.7742919921875,-11.521668434143066,0.0,5.749700546264648,h
334.177001953125,228.0384979248047,5.179500102996826,0.013100000098347664,0.0007999999797903001,-457.9161071777344,231.4459991455078,-205.8946990966797,90.0,9.213656425476074,h
331.2298583984375,204.8618621826172,3.665297746658325,0.01607137732207775,0.003925102297216654,575.24072265625,226.83462524414062,-205.83265686035156,43.83451461791992,161.97988891601562,h
38.18843460083008,11.273848533630371,2.5451252460479736,0.47755855321884155,0.3599153459072113,16.328107833862305,22.111526489257812,-9.818082809448242,3.4900715351104736,224.4481201171875,h
334.177001953125,228.0384979248047,5.179500102996826,0.013100000098347664,0.0007999999797903001,575.24072265625,231.4459991455078,-205.8946990966797,90.0,5.74560022354126,h
22.28841209411621,18.63996124267578,2.4948489665985107,0.4641250669956207,0.27402764558792114,23.754295349121094,15.05595874786377,-16.479549407958984,44.765281677246094,143.688232421875,h
85.255615234375,13.438206672668457,2.841841220855713,0.4376785159111023,0.22812575101852417,159.91331481933594,41.43890380859375,-9.90100383758545,24.684202194213867,169.6516571044922,h
333.9034118652344,228.033935546875,5.179500102996826,0.013100000098347664,0.0007999999797903001,-457.9161071777344,-323.9672546386719,179.72071838378906,86.53707122802734,326.23040771484375,h
223.74034118652344,188.58059692382812,5.015401840209961,0.01654616743326187,0.0038243839517235756,-155.0774383544922,-244.47952270507812,165.87049865722656,84.95600891113281,408.2572937011719,h
33.3647346496582,25.22817039489746,2.632425308227539,0.2963971495628357,0.14985786378383636,28.464181900024414,-3.2114248275756836,11.094592094421387,55.57872009277344,212.2116241455078,h
32.829280853271484,6.912558555603027,2.209679365158081,0.6087018251419067,0.3598334491252899,22.405826568603516,34.27817916870117,-5.144470691680908,13.819770812988281,211.6415252685547,h
334.177001953125,228.0384979248047,5.179500102996826,0.013100000098347664,0.0007999999797903001,-457.9161071777344,-331.7799987792969,179.8509979248047,90.0,466.4078063964844,h
20.560537338256836,12.6846923828125,2.3178367614746094,0.5363829135894775,0.28137508034706116,-18.49380111694336,-6.369603157043457,-10.29623031616211,58.93737030029297,179.8619842529297,h
334.177001953125,228.0384979248047,5.179500102996826,0.013100000098347664,0.0007999999797903001,575.24072265625,231.4459991455078,-205.8946990966797,90.0,466.4078063964844,h
334.177001953125,228.0384979248047,5.179500102996826,0.013100000098347664,0.0007999999797903001,575.24072265625,231.4459991455078,-205.8946990966797,90.0,5.74560022354126,h
334.177001953125,228.0384979248047,5.179500102996826,0.013100000098347664,0.0007999999797903001,-457.9161071777344,-331.7799987792969,179.8509979248047,90.0,466.4078063964844,h
37.78049850463867,17.288084030151367,2.7589657306671143,0.370178759098053,0.20852510631084442,-7.527647972106934,30.487689971923828,-10.848143577575684,47.127105712890625,289.7973937988281,h
199.91989135742188,201.29429626464844,4.491936206817627,0.050978437066078186,0.020378615707159042,19.312753677368164,-84.64576721191406,143.72775268554688,87.42607879638672,402.2284240722656,h
159.7420196533203,38.16053009033203,2.9723896980285645,0.2932746112346649,0.14876991510391235,14.882805824279785,51.77970886230469,9.442684173583984,7.017226696014404,79.09362030029297,h
40.9193229675293,22.87689781188965,2.9502947330474854,0.29553359746932983,0.1661004275083542,30.185251235961914,31.215002059936523,8.241822242736816,20.783979415893555,249.1240997314453,h
22.645601272583008,7.483978271484375,2.568779945373535,0.5975139141082764,0.3670850396156311,-15.341021537780762,13.86429214477539,-2.2848119735717773,62.43869400024414,121.485595703125,h
334.177001953125,228.0384979248047,5.179500102996826,0.013100000098347664,0.0007999999797903001,575.24072265625,231.4459991455078,-205.8946990966797,90.0,466.4078063964844,h
334.177001953125,228.0384979248047,5.179500102996826,0.013100000098347664,0.0007999999797903001,-457.9161071777344,-331.7799987792969,179.8509979248047,90.0,5.74560022354126,h
45.354949951171875,24.50277328491211,3.193540573120117,0.34826067090034485,0.24228261411190033,14.522806167602539,20.58645248413086,-25.204309463500977,4.175532817840576,287.7931823730469,h
84.22825622558594,16.257394790649414,3.0615310668945312,0.24366389214992523,0.1447746753692627,-108.8537826538086,-123.5514144897461,-9.871092796325684,81.07986450195312,335.82647705078125,h
334.177001953125,228.0384979248047,5.179500102996826,0.013100000098347664,0.0007999999797903001,-457.9161071777344,-331.7799987792969,-205.8946990966797,90.0,466.4078063964844,h
334.177001953125,228.0384979248047,1.9413000345230103,0.8912000060081482,0.6740000247955322,-457.9161071777344,-331.7799987792969,-205.8946990966797,0.0,5.74560022354126,h
80.60518646240234,26.25122833251953,3.4754841327667236,0.16451719403266907,0.09030233323574066,80.80049896240234,73.60969543457031,9.89628791809082,47.94426345825195,193.87290954589844,h
102.7098617553711,31.288040161132812,3.279534101486206,0.1852659434080124,0.12949466705322266,-125.40665435791016,-15.077779769897461,-27.02741241455078,15.308679580688477,196.78175354003906,h
20.406522750854492,15.689846992492676,2.4738574028015137,0.7125023007392883,0.45455771684646606,-34.541709899902344,6.714542865753174,8.305360794067383,8.767341613769531,228.5916290283203,h
104.06265258789062,39.639495849609375,3.458817481994629,0.2625015676021576,0.15681031346321106,-162.92552185058594,-113.58259582519531,-52.6394157409668,12.965755462646484,398.7323913574219,h
111.44721221923828,56.35108947753906,3.177621364593506,0.36739417910575867,0.19792905449867249,-82.57779693603516,-13.404244422912598,-20.617843627929688,17.36742401123047,282.9256286621094,h
334.177001953125,228.0384979248047,5.179500102996826,0.013100000098347664,0.0007999999797903001,575.24072265625,231.4459991455078,179.8509979248047,90.0,5.74560022354126,h
334.177001953125,228.0384979248047,5.179500102996826,0.013100000098347664,0.0007999999797903001,575.24072265625,231.4459991455078,-205.8946990966797,90.0,5.74560022354126,h
334.177001953125,228.0384979248047,5.179500102996826,0.013100000098347664,0.0007999999797903001,-457.9161071777344,-331.7799987792969,-205.8946990966797,90.0,5.74560022354126,h
334.177001953125,228.0384979248047,5.179500102996826,0.013100000098347664,0.0007999999797903001,-457.9161071777344,-331.7799987792969,179.8509979248047,90.0,466.4078063964844,h
334.177001953125,228.0384979248047,1.9413000345230103,0.8912000060081482,0.6740000247955322,-457.9161071777344,-331.7799987792969,-205.8946990966797,0.0,5.74560022354126,h
19.77574348449707,14.65963077545166,2.353234052658081,0.5079021453857422,0.2887480556964874,22.063142776489258,17.333925247192383,-6.355523586273193,6.238783359527588,181.79966735839844,h
27.308687210083008,14.102845191955566,2.5282137393951416,0.5500324964523315,0.3183157444000244,-39.572853088378906,-26.18364715576172,-6.641332626342773,54.22854995727539,50.55358123779297,h
45.64100646972656,19.9869384765625,2.859827756881714,0.22669200599193573,0.11064451932907104,6.058192729949951,-41.501529693603516,-8.574448585510254,69.14311218261719,224.39376831054688,h
334.177001953125,228.0384979248047,5.179500102996826,0.013100000098347664,0.0007999999797903001,-457.9161071777344,-331.7799987792969,-205.8946990966797,90.0,466.4078063964844,h
7.207900047302246,0.0,1.9413000345230103,0.8912000060081482,0.6740000247955322,-457.9161071777344,-331.7799987792969,-205.8946990966797,0.0,5.74560022354126,h
8.836063385009766,10.96037483215332,1.9413000345230103,0.7231675386428833,0.307054728269577,-2.554558038711548,-20.770299911499023,11.981119155883789,0.02337867021560669,256.98724365234375,h
29.62643051147461,7.506704807281494,2.568608045578003,0.43463245034217834,0.24497120082378387,33.47417068481445,26.51753807067871,6.247558116912842,3.23677396774292,179.7966766357422,h
15.553778648376465,13.296480178833008,2.367231607437134,0.7659245729446411,0.4765346348285675,-8.187688827514648,-8.719158172607422,5.148410320281982,6.887659549713135,122.20787048339844,h
334.177001953125,228.0384979248047,5.179500102996826,0.013100000098347664,0.0007999999797903001,-457.9161071777344,-331.7799987792969,-205.8946990966797,90.0,466.4078063964844,h
334.177001953125,228.0384979248047,1.9413000345230103,0.013100000098347664,0.4158555567264557,-457.9161071777344,-331.7799987792969,179.8509979248047,0.0,5.74560022354126,h
141.889404296875,26.10225486755371,2.8259377479553223,0.23450863361358643,0.09897983819246292,147.99505615234375,-104.42561340332031,-23.23760414123535,76.52397155761719,205.47384643554688,h
42.33916473388672,9.1994047164917,2.74062180519104,0.5119186043739319,0.3311106562614441,22.83628273010254,31.08918571472168,-2.590806007385254,53.3086051940918,188.9708251953125,h
220.4657745361328,112.03659057617188,5.0446906089782715,0.03201749175786972,0.00965782068669796,-196.33633422851562,-183.1739959716797,89.84777069091797,82.20714569091797,314.80108642578125,h
7.207900047302246,0.0,5.179500102996826,0.8912000060081482,0.6740000247955322,-457.9161071777344,-331.7799987792969,179.8509979248047,90.0,5.74560022354126,h
64.58387756347656,28.25558853149414,3.7345216274261475,0.1342516988515854,0.07408258318901062,9.775274276733398,47.75885772705078,2.9818930625915527,56.55425262451172,208.05142211914062,h
94.99695587158203,26.328800201416016,2.7242069244384766,0.2694912850856781,0.14238716661930084,-31.090145111083984,34.61677932739258,-13.722532272338867,85.92841339111328,160.6631622314453,h
334.177001953125,228.0384979248047,5.179500102996826,0.013100000098347664,0.0007999999797903001,575.24072265625,231.4459991455078,-205.8946990966797,90.0,466.4078063964844,h
40.255733489990234,9.619064331054688,2.546833038330078,0.43180859088897705,0.2032068818807602,2.5231974124908447,19.043333053588867,4.249963283538818,88.6218032836914,93.33860778808594,h
334.177001953125,228.0384979248047,5.179500102996826,0.013100000098347664,0.0007999999797903001,575.24072265625,231.4459991455078,-205.8946990966797,90.0,466.4078063964844,h
131.50045776367188,19.43046760559082,3.2675364017486572,0.15627913177013397,0.09243134409189224,181.2631072998047,18.331552505493164,8.09274959564209,11.048795700073242,106.04720306396484,h
334.177001953125,228.0384979248047,5.179500102996826,0.013100000098347664,0.6740000247955322,-457.9161071777344,-331.7799987792969,179.8509979248047,90.0,5.74560022354126,h
334.177001953125,228.0384979248047,1.9413000345230103,0.013100000098347664,0.0007999999797903001,-457.9161071777344,-331.7799987792969,179.8509979248047,0.0,5.74560022354126,h
74.57527160644531,26.97843360900879,3.2790884971618652,0.16441181302070618,0.08836816251277924,39.84861755371094,44.143836975097656,-19.64952278137207,14.535327911376953,228.3057861328125,h
26.051725387573242,11.340465545654297,2.2546226978302,0.6277754902839661,0.32926464080810547,-57.74080276489258,15.832053184509277,-14.9339599609375,1.4102262258529663,52.92824172973633,h
33.77999496459961,19.087915420532227,2.607848882675171,0.3958066403865814,0.19931438565254211,32.66303253173828,16.977401733398438,-8.509817123413086,41.17694091796875,171.90884399414062,h
46.293575286865234,24.217458724975586,3.175258159637451,0.22430740296840668,0.11299243569374084,-10.435275077819824,26.59544563293457,-9.974311828613281,17.889537811279297,251.16519165039062,h
44.493709564208984,11.338027954101562,2.7732064723968506,0.32690590620040894,0.17025533318519592,16.684457778930664,-14.027202606201172,-6.546135902404785,50.21820831298828,235.84054565429688,h
7.25714111328125,20.63145637512207,1.9413000345230103,0.6324602365493774,0.3196360766887665,10.436870574951172,-17.74636459350586,21.78424072265625,3.433785650486243e-06,7.34975004196167,h
140.05482482910156,103.14060974121094,3.741589069366455,0.0894060954451561,0.06279627978801727,-107.92626953125,-148.76963806152344,68.71886444091797,46.603145599365234,159.9158172607422,h
27.465808868408203,23.734127044677734,2.8757848739624023,0.4027222990989685,0.2203928828239441,-8.307111740112305,-8.198101997375488,1.8615413904190063,26.18289566040039,290.75482177734375,h
7.207900047302246,0.0,1.9413000345230103,0.8912000060081482,0.6740000247955322,-457.9161071777344,-331.7799987792969,-205.8946990966797,90.0,5.74560022354126,h
56.13336181640625,45.36928939819336,3.077016830444336,0.21869400143623352,0.11739599704742432,17.846004486083984,-15.96738338470459,21.501882553100586,54.80654525756836,325.5643615722656,h
51.0285758972168,19.11866569519043,2.8851070404052734,0.4082469940185547,0.20813709497451782,-61.78016662597656,10.753666877746582,13.492471694946289,79.63883209228516,165.9977264404297,h
7.2088303565979,23.437480926513672,1.9413000345230103,0.5022415518760681,0.26110461354255676,-23.073726654052734,-316.4804992675781,19.100093841552734,0.0,5.74560022354126,h
7.207900047302246,0.0,5.179500102996826,0.8912000060081482,0.6740000247955322,-457.9161071777344,-331.7799987792969,-205.8946990966797,90.0,5.74560022354126,h
226.9775390625,113.36752319335938,4.0796918869018555,0.050644371658563614,0.026611246168613434,45.44690704345703,214.7364959716797,-88.5177230834961,68.4503402709961,131.08056640625,h
334.177001953125,228.0384979248047,1.9413000345230103,0.013100000098347664,0.0007999999797903001,-457.9161071777344,-331.7799987792969,-205.8946990966797,0.0,5.74560022354126,h
7.207900047302246,0.0,5.179500102996826,0.8912000060081482,0.6740000247955322,-457.9161071777344,-331.7799987792969,-205.8946990966797,90.0,5.7959465980529785,h
36.05888748168945,18.269746780395508,2.7085442543029785,0.3073587715625763,0.162862166762352,-98.76535034179688,-11.017581939697266,11.879960060119629,19.42963218688965,146.4528045654297,h
334.177001953125,228.0384979248047,5.179500102996826,0.013100000098347664,0.0007999999797903001,-457.9161071777344,231.4459991455078,-205.8946990966797,90.0,466.4078063964844,h
127.33180236816406,28.76784896850586,3.6106414794921875,0.1144712045788765,0.06604413688182831,52.025413513183594,-91.16451263427734,13.25678825378418,26.451269149780273,210.71656799316406,h
334.177001953125,228.0384979248047,5.179500102996826,0.013100000098347664,0.0007999999797903001,-457.9161071777344,-331.7799987792969,179.8509979248047,90.0,466.4078063964844,h
56.383644104003906,18.362295150756836,2.4166996479034424,0.4620341956615448,0.2590481638908386,-81.51119995117188,3.27593731880188,11.025864601135254,12.718332290649414,246.79457092285156,h
35.531166076660156,19.53390121459961,3.0231690406799316,0.4129680097103119,0.24782748520374298,5.758082389831543,19.693695068359375,7.9235639572143555,58.38767623901367,52.546104431152344,h
334.177001953125,228.0384979248047,5.179500102996826,0.013100000098347664,0.0007999999797903001,-457.9161071777344,-331.7799987792969,179.8509979248047,90.0,347.3216247558594,h
334.177001953125,228.0384979248047,5.179500102996826,0.013100000098347664,0.0007999999797903001,-457.9161071777344,-331.7799987792969,-205.8946990966797,90.0,466.4078063964844,h
161.48741149902344,27.20254135131836,3.2298099994659424,0.1828942447900772,0.09452015161514282,219.8229217529297,157.31837463378906,-32.31652069091797,77.98515319824219,135.91000366210938,h
334.177001953125,228.0384979248047,5.179500102996826,0.013100000098347664,0.0007999999797903001,-457.9161071777344,-331.7799987792969,-205.8946990966797,90.0,466.4078063964844,h
334.177001953125,228.0384979248047,1.9413000345230103,0.013100000098347664,0.0007999999797903001,-457.9161071777344,-331.7799987792969,179.8509979248047,0.0,5.74560022354126,h
27.380462646484375,27.922521591186523,2.6443541049957275,0.41095587611198425,0.2103712409734726,12.835675239562988,34.234344482421875,34.906517028808594,25.03771209716797,238.79995727539062,h
7.207900047302246,0.0,1.9413000345230103,0.8912000060081482,0.6740000247955322,-457.9161071777344,-331.7799987792969,179.8509979248047,0.0,5.74560022354126,h
7.207900047302246,0.0,1.9413000345230103,0.8912000060081482,0.6740000247955322,-457.9161071777344,-331.7799987792969,179.8509979248047,90.0,466.4078063964844,h
334.177001953125,228.0384979248047,5.179500102996826,0.013100000098347664,0.0007999999797903001,-457.9161071777344,-331.7799987792969,179.8509979248047,90.0,466.4078063964844,h
190.40966796875,137.94760131835938,5.129292964935303,0.020269474014639854,0.02667432278394699,51.50513458251953,-133.8038787841797,35.0565185546875,81.6063461303711,338.1651306152344,h
125.22830200195312,75.24921417236328,3.5740156173706055,0.13082759082317352,0.0705433115363121,60.45957565307617,-25.064599990844727,17.722131729125977,70.23419189453125,181.29066467285156,h
34.13235092163086,23.31865882873535,2.84708309173584,0.3359585702419281,0.15319013595581055,0.055431779474020004,45.73548126220703,-11.034969329833984,75.85714721679688,76.98990631103516,h
334.177001953125,228.0384979248047,5.179500102996826,0.013100000098347664,0.0007999999797903001,575.24072265625,-325.348388671875,-205.753662109375,90.0,466.4078063964844,h
29.52976417541504,11.6662015914917,2.7437024116516113,0.4123257100582123,0.22471147775650024,-30.81269073486328,-15.676350593566895,11.897257804870605,55.623870849609375,168.3314666748047,h
61.07522201538086,24.88265609741211,2.5083773136138916,0.3440939486026764,0.16765066981315613,-48.69407653808594,-41.91456604003906,9.547409057617188,26.50318145751953,288.6218566894531,h
334.177001953125,228.0384979248047,5.179500102996826,0.013100000098347664,0.0007999999797903001,-457.9161071777344,-331.7799987792969,179.8509979248047,90.0,343.9418640136719,h
334.177001953125,228.0384979248047,5.179500102996826,0.013100000098347664,0.0007999999797903001,-457.9161071777344,-331.7799987792969,179.8509979248047,90.0,466.4078063964844,h
7.207900047302246,228.0384979248047,1.9413000345230103,0.013100000098347664,0.0007999999797903001,-457.9161071777344,-331.7799987792969,179.8509979248047,0.0,5.74560022354126,h
113.87374114990234,23.624774932861328,2.7212281227111816,0.2644745409488678,0.13254979252815247,80.03932189941406,85.2682876586914,17.394392013549805,15.787678718566895,243.3201141357422,h
31.34420394897461,20.815610885620117,2.9195492267608643,0.24089057743549347,0.12721073627471924,5.227645397186279,20.35725975036621,-10.332823753356934,43.80884552001953,160.27926635742188,h
76.54087829589844,35.689640045166016,2.9565913677215576,0.2132103592157364,0.1241965964436531,-64.35797882080078,-27.815088272094727,26.790355682373047,57.90995788574219,199.14376831054688,h
114.80610656738281,28.419981002807617,2.7572736740112305,0.29036563634872437,0.15121245384216309,-20.077499389648438,54.04287338256836,35.92347717285156,16.840829849243164,171.70880126953125,h
334.177001953125,228.0384979248047,5.179500102996826,0.013100000098347664,0.0007999999797903001,-457.9161071777344,231.4459991455078,179.8509979248047,0.0,5.74560022354126,h
27.516496658325195,17.80280876159668,2.804704189300537,0.291626513004303,0.15839546918869019,-4.369044303894043,14.018762588500977,8.824479103088379,52.95806884765625,191.9444580078125,h
334.177001953125,228.0384979248047,1.9413000345230103,0.013100000098347664,0.6740000247955322,-457.9161071777344,-331.7799987792969,-205.8946990966797,0.0,5.74560022354126,h
40.27119064331055,15.908074378967285,2.4478342533111572,0.4322415888309479,0.24191631376743317,44.543888092041016,45.38456344604492,-11.072603225708008,34.536067962646484,143.1367950439453,h
334.177001953125,228.0384979248047,5.179500102996826,0.013100000098347664,0.0007999999797903001,575.24072265625,231.4459991455078,-205.8946990966797,90.0,5.74560022354126,h
39.356422424316406,17.231475830078125,2.840614080429077,0.29824310541152954,0.16259168088436127,11.885540008544922,27.066679000854492,-21.531747817993164,43.10676574707031,157.57635498046875,h
334.177001953125,228.0384979248047,5.179500102996826,0.013100000098347664,0.0007999999797903001,575.24072265625,231.4459991455078,-205.8946990966797,90.0,5.74560022354126,h
334.177001953125,228.0384979248047,5.179500102996826,0.013100000098347664,0.0007999999797903001,-457.9161071777344,-331.7799987792969,179.8509979248047,90.0,427.5513916015625,h
40.92243957519531,14.579985618591309,2.916654348373413,0.3568059504032135,0.17343583703041077,-7.806171894073486,26.822153091430664,-8.03095531463623,84.99951934814453,207.2083740234375,h
334.177001953125,228.0384979248047,5.179500102996826,0.8912000060081482,0.6740000247955322,-457.9161071777344,-331.7799987792969,179.8509979248047,0.0,5.74560022354126,h
13.136987686157227,11.199377059936523,2.3405120372772217,0.7231448888778687,0.44959571957588196,-21.58506965637207,5.3504557609558105,-6.847635746002197,17.046539306640625,210.86167907714844,h
331.1192932128906,227.87020874023438,5.179500102996826,0.013100000098347664,0.0007999999797903001,-457.89385986328125,-331.5623474121094,179.8318328857422,89.97846221923828,464.10284423828125,h
86.74676513671875,35.11137008666992,3.050830125808716,0.1405734270811081,0.07274006307125092,19.191001892089844,-33.58066177368164,7.617922782897949,16.5014705657959,103.19029235839844,h
103.68995666503906,65.6169662475586,3.620255470275879,0.1484517902135849,0.08171810209751129,172.90985107421875,79.22106170654297,47.714195251464844,38.114585876464844,357.6597900390625,h
181.59922790527344,39.41709518432617,3.3417751789093018,0.16897232830524445,0.08675717562437057,-40.5396614074707,121.11092376708984,-20.340599060058594,6.658237457275391,118.76549530029297,h
7.207900047302246,0.0,5.179500102996826,0.8912000060081482,0.6740000247955322,-457.9161071777344,-331.7799987792969,179.8509979248047,90.0,5.74560022354126,h
334.177001953125,228.0384979248047,5.179500102996826,0.013100000098347664,0.0007999999797903001,-457.9161071777344,-331.7799987792969,179.8509979248047,90.0,5.746944904327393,h
230.6561737060547,89.91588592529297,2.8464694023132324,0.2352474331855774,0.1219315230846405,-106.01665496826172,-54.69839096069336,24.222885131835938,71.9593734741211,265.1553955078125,h
334.177001953125,228.0384979248047,5.179500102996826,0.013100000098347664,0.0007999999797903001,575.24072265625,231.4459991455078,-205.8946990966797,90.0,466.4078063964844,h
334.177001953125,228.0384979248047,5.179500102996826,0.013100000098347664,0.0007999999797903001,-457.9161071777344,-331.7799987792969,-205.8946990966797,90.0,466.4078063964844,h
18.8936710357666,0.004230438731610775,2.240234375,0.8090081810951233,0.4447644054889679,-6.5272111892700195,-28.23263168334961,8.594008445739746,37.28694152832031,160.4969482421875,h
7.207900047302246,0.0,1.9413000345230103,0.8912000060081482,0.6740000247955322,-457.9161071777344,-331.7799987792969,-205.8946990966797,90.0,466.4078063964844,h
334.177001953125,228.0384979248047,1.9413000345230103,0.013100000098347664,0.6740000247955322,-457.9161071777344,-331.7799987792969,108.17274475097656,0.0,5.74560022354126,h
69.93537902832031,17.73503875732422,3.160553455352783,0.24284517765045166,0.14166156947612762,13.175680160522461,56.37105178833008,-9.70576286315918,36.21053695678711,216.1962127685547,h
63.02730178833008,16.911705017089844,2.8575539588928223,0.29551753401756287,0.17035183310508728,-1.7460830211639404,-135.89202880859375,11.056955337524414,10.035967826843262,223.44078063964844,h
334.177001953125,228.0384979248047,5.179500102996826,0.013100000098347664,0.0007999999797903001,-457.9161071777344,-331.7799987792969,-205.8946990966797,90.0,466.4078063964844,h
334.177001953125,228.0384979248047,1.9413000345230103,0.013100000098347664,0.0007999999797903001,-457.9161071777344,-331.7799987792969,179.8509979248047,0.0,5.74560022354126,h
334.177001953125,228.0384979248047,1.9413000345230103,0.8912000060081482,0.6740000247955322,-457.9161071777344,-331.7799987792969,179.8509979248047,0.0,466.4078063964844,h
20.187482833862305,13.208725929260254,2.3500452041625977,0.5195913910865784,0.27196958661079407,-1.4571012258529663,6.75236177444458,5.7121663093566895,54.477928161621094,124.42250061035156,h
22.606950759887695,13.556586265563965,2.5467779636383057,0.5627329349517822,0.31534111499786377,-29.81003189086914,4.988853454589844,-12.482582092285156,59.131534576416016,272.2887268066406,h
334.177001953125,228.0384979248047,5.179500102996826,0.013100000098347664,0.0007999999797903001,-457.9161071777344,-331.7799987792969,-205.8946990966797,90.0,466.4078063964844,h
7.207900047302246,0.0,1.9413000345230103,0.8912000060081482,0.6740000247955322,-457.9161071777344,-331.7799987792969,-205.8946990966797,90.0,5.74560022354126,h
334.177001953125,228.0384979248047,5.179500102996826,0.013100000098347664,0.0007999999797903001,-457.9161071777344,-331.6861267089844,-205.8946990966797,90.0,445.5177307128906,h
42.12561798095703,15.619155883789062,2.732304334640503,0.28464117646217346,0.1345273107290268,-32.78328323364258,-20.683086395263672,9.001636505126953,84.41395568847656,220.98606872558594,h
41.86397933959961,11.948429107666016,2.9716224670410156,0.33657559752464294,0.18401701748371124,22.268688201904297,17.728336334228516,-6.746479034423828,63.38505935668945,167.1769256591797,h
334.177001953125,228.0384979248047,5.179500102996826,0.013100000098347664,0.0007999999797903001,575.24072265625,231.4459991455078,-205.8946990966797,90.0,466.4078063964844,h
334.177001953125,228.0384979248047,5.179500102996826,0.013100000098347664,0.0007999999797903001,-457.9161071777344,-331.7799987792969,-205.8946990966797,90.0,5.74560022354126,h
334.177001953125,228.0384979248047,5.179500102996826,0.013100000098347664,0.0007999999797903001,-457.9161071777344,-331.7799987792969,179.8509979248047,90.0,5.74560022354126,h
82.21955108642578,26.354665756225586,2.4337430000305176,0.3284085690975189,0.2283538430929184,-0.015788644552230835,-54.21162033081055,-16.882770538330078,60.496639251708984,139.59210205078125,h
334.177001953125,228.0384979248047,5.179500102996826,0.013100000098347664,0.0007999999797903001,-457.9161071777344,-331.7799987792969,179.8509979248047,90.0,45.377445220947266,h
81.0201416015625,69.51705169677734,3.0269076824188232,0.19483934342861176,0.08864957839250565,48.10297775268555,71.82457733154297,-67.7672119140625,89.77002716064453,153.66116333007812,h
32.460548400878906,11.40857219696045,2.5649468898773193,0.5887064337730408,0.4288039207458496,-3.148484706878662,31.71653175354004,5.2349348068237305,64.51410675048828,54.45231246948242,h
28.55492401123047,11.907902717590332,2.6642696857452393,0.41398122906684875,0.2650887966156006,24.63966178894043,4.198189735412598,4.394463539123535,83.31227111816406,159.0188446044922,h
254.6931610107422,45.55556106567383,3.4331116676330566,0.15934956073760986,0.09847939759492874,36.98835754394531,-229.2908172607422,34.056575775146484,10.253299713134766,142.05471801757812,h
7.207900047302246,0.0,1.9413000345230103,0.8912000060081482,0.6740000247955322,-457.9161071777344,-331.7799987792969,179.8509979248047,90.0,5.74560022354126,h
76.4094009399414,28.92098045349121,3.200113296508789,0.24367550015449524,0.12246648222208023,19.24446678161621,-21.90105438232422,12.651137351989746,10.218940734863281,289.6562805175781,h
334.177001953125,228.0384979248047,5.179500102996826,0.013100000098347664,0.0007999999797903001,-457.9161071777344,-331.7799987792969,179.8509979248047,13.499784469604492,5.74560022354126,h
7.207900047302246,0.0,5.179500102996826,0.8912000060081482,0.6740000247955322,-457.9161071777344,-331.7799987792969,179.8509979248047,90.0,5.74560022354126,h
7.207900047302246,228.0384979248047,1.9413000345230103,0.8912000060081482,0.6740000247955322,-457.9161071777344,-331.7799987792969,179.8509979248047,0.0,5.74560022354126,h
334.177001953125,228.0384979248047,5.179500102996826,0.013100000098347664,0.0007999999797903001,575.24072265625,231.4459991455078,-205.8946990966797,90.0,466.4078063964844,h
334.177001953125,228.0384979248047,5.179500102996826,0.013100000098347664,0.0007999999797903001,-457.9161071777344,-331.7799987792969,179.8509979248047,90.0,466.4078063964844,h
7.207900047302246,0.0,1.9413000345230103,0.8912000060081482,0.6740000247955322,-457.9161071777344,-331.7799987792969,-205.8946990966797,2.3369853496551514,466.4078063964844,h
334.177001953125,228.0384979248047,5.179500102996826,0.013100000098347664,0.0007999999797903001,575.24072265625,231.4459991455078,-205.8946990966797,90.0,137.88018798828125,h
334.177001953125,228.0384979248047,5.179500102996826,0.013100000098347664,0.0007999999797903001,575.24072265625,231.4459991455078,-205.8946990966797,90.0,5.74560022354126,h
334.177001953125,228.0384979248047,5.179500102996826,0.013100000098347664,0.0007999999797903001,-457.9161071777344,-331.7799987792969,179.8509979248047,90.0,466.4078063964844,h
334.177001953125,228.0384979248047,5.177755355834961,0.013100000098347664,0.0007999999797903001,575.24072265625,231.4459991455078,-205.8946990966797,0.39746519923210144,5.74560022354126,h
334.177001953125,228.0384979248047,5.179500102996826,0.013100000098347664,0.0007999999797903001,-457.9161071777344,-331.7799987792969,179.8509979248047,90.0,466.4078063964844,h
334.177001953125,228.0384979248047,5.179500102996826,0.013100000098347664,0.0007999999797903001,575.24072265625,-331.7799987792969,179.8509979248047,90.0,466.4078063964844,h
334.177001953125,228.0384979248047,5.179500102996826,0.013100000098347664,0.0007999999797903001,575.24072265625,231.4459991455078,-205.8946990966797,90.0,5.74560022354126,h
63.625064849853516,15.29440975189209,2.481847047805786,0.46447449922561646,0.26297521591186523,-10.545146942138672,22.439525604248047,9.757254600524902,70.91727447509766,255.71121215820312,h
334.177001953125,228.0384979248047,1.9413000345230103,0.013100000098347664,0.30942440032958984,-457.9161071777344,-331.7799987792969,179.8509979248047,0.0,5.74560022354126,h
25.860248565673828,17.914634704589844,2.1750571727752686,0.7318821549415588,0.4098719358444214,-25.17073631286621,-62.675140380859375,1.0789966583251953,0.9076913595199585,89.55411529541016,h
334.177001953125,228.0384979248047,5.179500102996826,0.013100000098347664,0.0007999999797903001,-457.9161071777344,-331.7799987792969,179.8509979248047,90.0,466.4078063964844,h
19.939302444458008,10.701294898986816,2.230731248855591,0.7264116406440735,0.396128386259079,-6.0374531745910645,24.701278686523438,-9.451834678649902,20.212053298950195,209.4785919189453,h
49.76566696166992,11.796716690063477,2.602707624435425,0.5634212493896484,0.3479090631008148,-20.158924102783203,-18.454818725585938,6.343983173370361,80.31053924560547,158.229736328125,h
95.18307495117188,228.0384979248047,1.9413000345230103,0.7098514437675476,0.6740000247955322,-457.9161071777344,-331.7799987792969,179.8509979248047,0.0,5.74560022354126,h
35.46494674682617,15.725829124450684,2.822749137878418,0.24413210153579712,0.1630101203918457,23.670616149902344,-12.162676811218262,14.877463340759277,68.88577270507812,146.12432861328125,h
334.177001953125,228.0384979248047,1.9413000345230103,0.013100000098347664,0.0007999999797903001,-457.9161071777344,-331.7799987792969,179.8509979248047,0.0,5.74560022354126,h
109.29558563232422,77.06520080566406,3.3821566104888916,0.14572063088417053,0.07166992872953415,-64.49806213378906,91.78395080566406,-58.06304168701172,44.688289642333984,251.77365112304688,h
7.207900047302246,0.0,5.179500102996826,0.8912000060081482,0.6740000247955322,-457.9161071777344,-331.7799987792969,-205.8946990966797,90.0,5.74560022354126,h
334.177001953125,228.0384979248047,1.9413000345230103,0.013100000098347664,0.6740000247955322,-457.9161071777344,-331.7799987792969,179.8509979248047,0.0,5.74560022354126,h
334.177001953125,228.0384979248047,1.9413000345230103,0.013100000098347664,0.000801422051154077,-457.9161071777344,-331.7799987792969,179.8509979248047,0.0,5.74560022354126,h
334.177001953125,228.0384979248047,5.179500102996826,0.013100000098347664,0.0007999999797903001,-457.9161071777344,-331.7799987792969,179.8509979248047,90.0,466.4078063964844,h
7.207900047302246,33.48782730102539,1.9413000345230103,0.8019949197769165,0.378322958946228,-160.70909118652344,-185.50326538085938,157.48350524902344,0.0,283.8103942871094,h
7.207900047302246,0.0,1.9413000345230103,0.8912000060081482,0.6740000247955322,-457.9161071777344,-331.7799987792969,-205.8946990966797,90.0,5.74560022354126,h
334.177001953125,228.0384979248047,1.9413000345230103,0.013100000098347664,0.020258039236068726,-457.9161071777344,-331.7799987792969,179.8509979248047,0.0,5.74560022354126,h
334.177001953125,228.0384979248047,5.179500102996826,0.013100000098347664,0.0007999999797903001,575.24072265625,231.4459991455078,-205.8946990966797,90.0,5.74560022354126,h
334.177001953125,228.0384979248047,1.9413000345230103,0.013100000098347664,0.0007999999797903001,-457.9161071777344,-331.7799987792969,179.8509979248047,0.0,5.74560022354126,h
334.177001953125,228.0384979248047,5.179500102996826,0.013100000098347664,0.0007999999797903001,-457.9161071777344,-331.7799987792969,-205.8946990966797,90.0,466.4078063964844,h
334.177001953125,228.0384979248047,5.179500102996826,0.013100000098347664,0.0007999999797903001,575.24072265625,231.4459991455078,-205.8946990966797,90.0,5.74560022354126,h
19.135425567626953,22.654836654663086,1.9413000345230103,0.853192150592804,0.5499604940414429,-457.9161071777344,-331.7799987792969,179.8509979248047,0.0,5.74560022354126,h
334.177001953125,228.0384979248047,5.179500102996826,0.013100000098347664,0.0007999999797903001,-457.9161071777344,231.4459991455078,-205.8946990966797,90.0,466.4078063964844,h
134.3648223876953,34.49121856689453,2.812354564666748,0.2429213970899582,0.1371716856956482,-157.4396514892578,-108.93331909179688,45.97700881958008,69.53367614746094,257.3744812011719,h
21.971540451049805,11.049844741821289,2.677908420562744,0.7445943355560303,0.40216970443725586,8.909173011779785,-10.281937599182129,1.0598843097686768,44.64038848876953,92.63744354248047,h
77.9110336303711,32.018585205078125,3.124937057495117,0.2518874406814575,0.1427796334028244,116.81805419921875,75.10389709472656,22.353939056396484,48.015506744384766,221.7471923828125,h
334.177001953125,228.0384979248047,5.179500102996826,0.013100000098347664,0.0007999999797903001,-457.9161071777344,-331.7799987792969,-205.8946990966797,90.0,466.4078063964844,h
29.971027374267578,15.357665061950684,2.404689073562622,0.5610750317573547,0.301482617855072,33.44445037841797,29.31888198852539,-10.843706130981445,77.54862976074219,63.26570129394531,h
25.198707580566406,20.854175567626953,2.7139956951141357,0.42088982462882996,0.18720857799053192,-1.299782395362854,-25.81816864013672,26.146873474121094,72.52294158935547,122.05648803710938,h
55.77893829345703,16.256113052368164,2.4702539443969727,0.40695643424987793,0.19957007467746735,22.2716064453125,57.54385757446289,11.378998756408691,14.77154541015625,159.73106384277344,h
80.07010650634766,18.402347564697266,3.1254029273986816,0.24551229178905487,0.13417105376720428,-2.389193534851074,87.30980682373047,-12.843318939208984,54.43901443481445,121.82730102539062,h
39.22623825073242,31.962282180786133,2.782839775085449,0.4546325206756592,0.2936585247516632,-21.13821029663086,13.06375789642334,-32.85986328125,61.20317840576172,315.483642578125,h
334.177001953125,228.0384979248047,5.179500102996826,0.013100000098347664,0.0007999999797903001,-457.9161071777344,-331.7799987792969,179.8509979248047,90.0,466.4078063964844,h
7.207900047302246,228.0384979248047,5.179500102996826,0.013100000098347664,0.6740000247955322,575.24072265625,231.4459991455078,179.8509979248047,90.0,466.4078063964844,h
334.177001953125,228.0384979248047,5.179500102996826,0.013100000098347664,0.6740000247955322,575.24072265625,-331.7799987792969,-205.8946990966797,90.0,5.74560022354126,h
334.177001953125,228.0384979248047,5.179500102996826,0.013100000098347664,0.0007999999797903001,575.24072265625,231.4459991455078,179.8509979248047,90.0,5.74560022354126,h
24.739315032958984,15.789386749267578,2.6894426345825195,0.532561719417572,0.3817709684371948,-13.476612091064453,20.85465431213379,9.846243858337402,14.620502471923828,267.4002685546875,h
334.177001953125,228.0384979248047,5.179500102996826,0.013100000098347664,0.0007999999797903001,575.24072265625,231.4459991455078,179.8509979248047,89.97960662841797,5.74560022354126,h
334.177001953125,228.0384979248047,1.9413000345230103,0.8912000060081482,0.6740000247955322,-457.9161071777344,-331.7799987792969,-205.8946990966797,90.0,5.74560022354126,h
334.177001953125,228.0384979248047,5.179500102996826,0.013100000098347664,0.0007999999797903001,-457.9161071777344,-331.7799987792969,179.8509979248047,90.0,466.4078063964844,h
7.209847927093506,28.85422134399414,1.9413000345230103,0.7510712742805481,0.35005515813827515,-457.9161071777344,-331.7799987792969,87.80625915527344,0.0,25.596967697143555,h
43.14301300048828,25.706830978393555,2.993000030517578,0.28927353024482727,0.18966680765151978,11.171563148498535,32.07704162597656,27.508481979370117,0.6123049259185791,132.20440673828125,h
334.177001953125,228.0384979248047,1.9413000345230103,0.013100000098347664,0.6740000247955322,-457.9161071777344,-331.7799987792969,179.8509979248047,0.0,466.4078063964844,h
334.177001953125,228.0384979248047,5.179500102996826,0.013100000098347664,0.0007999999797903001,-457.9161071777344,-331.7799987792969,179.8509979248047,90.0,466.4078063964844,h
194.0751190185547,28.96611213684082,3.0553951263427734,0.5047172904014587,0.33210474252700806,-259.0411071777344,-61.216331481933594,9.506753921508789,61.7635498046875,264.0815734863281,h
334.177001953125,228.0384979248047,5.179500102996826,0.013100000098347664,0.0007999999797903001,-457.9161071777344,231.4459991455078,179.8509979248047,90.0,5.74560022354126,h
334.177001953125,228.0384979248047,5.179500102996826,0.013100000098347664,0.0007999999797903001,575.24072265625,231.4459991455078,-205.8946990966797,90.0,5.74560022354126,h
334.177001953125,228.0384979248047,5.179500102996826,0.013100000098347664,0.0007999999797903001,575.24072265625,231.4459991455078,-205.8946990966797,90.0,466.4078063964844,h
334.177001953125,228.0384979248047,5.179500102996826,0.013100000098347664,0.0007999999797903001,-457.9161071777344,-331.7799987792969,179.8509979248047,90.0,466.4078063964844,h
34.45405197143555,7.340746879577637,2.674269437789917,0.5082247257232666,0.27482733130455017,34.2961540222168,27.608173370361328,-6.305020809173584,74.82865142822266,262.5567321777344,h
334.177001953125,228.0384979248047,5.179500102996826,0.013100000098347664,0.0007999999797903001,-457.9161071777344,231.4459991455078,-205.8946990966797,90.0,466.4078063964844,h
334.177001953125,228.0384979248047,5.179500102996826,0.013100000098347664,0.0007999999797903001,575.24072265625,231.4459991455078,-205.8946990966797,90.0,5.74560022354126,h
84.73844146728516,52.789737701416016,3.0753345489501953,0.23433154821395874,0.14729773998260498,-82.36186218261719,-6.510036945343018,-46.993282318115234,86.3030776977539,200.698974609375,h
334.177001953125,228.0384979248047,5.179500102996826,0.013100000098347664,0.0007999999797903001,-457.9161071777344,-331.7799987792969,179.8509979248047,90.0,466.4078063964844,h
18.728288650512695,11.595701217651367,2.2494466304779053,0.7895837426185608,0.48955705761909485,-0.8766860365867615,7.831699371337891,20.8334903717041,80.04097747802734,119.63787841796875,h
334.177001953125,228.0384979248047,5.179500102996826,0.013100000098347664,0.0007999999797903001,575.24072265625,231.4459991455078,179.8509979248047,90.0,466.4078063964844,h
183.9336700439453,26.07558250427246,3.2113118171691895,0.20953728258609772,0.09036081284284592,-90.36780548095703,-87.97772979736328,12.612268447875977,77.74269104003906,210.03228759765625,h
117.73848724365234,21.908876419067383,2.7369320392608643,0.3731487989425659,0.17475038766860962,-75.6369400024414,23.631994247436523,-5.3048858642578125,32.76108169555664,337.6853942871094,h
334.177001953125,228.0384979248047,5.179500102996826,0.013100000098347664,0.0007999999797903001,-457.9161071777344,-331.7799987792969,-205.8946990966797,90.0,466.4078063964844,h
19.601396560668945,0.0,2.4091405868530273,0.7835243344306946,0.40821173787117004,51.682655334472656,5.794125556945801,-7.097139835357666,85.58255767822266,155.6057891845703,h
98.3941650390625,104.88448333740234,4.220747470855713,0.066421739757061,0.03648224472999573,68.07576751708984,-11.612794876098633,-29.69301414489746,82.7945785522461,367.57244873046875,h
30.676918029785156,14.51584243774414,2.43825626373291,0.44108664989471436,0.2459999918937683,0.9249280095100403,-22.97946548461914,14.205483436584473,30.357633590698242,169.40687561035156,h
32.88889694213867,7.357828140258789,2.502981185913086,0.4526515603065491,0.26718878746032715,15.152198791503906,13.428605079650879,-4.926202774047852,63.31991958618164,122.27691650390625,h
7.207900047302246,0.0,1.9413000345230103,0.8912000060081482,0.6740000247955322,-457.9161071777344,-331.7799987792969,179.8509979248047,0.0,466.4078063964844,h
26.537717819213867,12.13420295715332,2.6507763862609863,0.5387275218963623,0.3222014009952545,-4.355982303619385,5.719897747039795,3.3578619956970215,65.57764434814453,198.63082885742188,h
7.207900047302246,228.0384979248047,1.9413000345230103,0.8912000060081482,0.6740000247955322,-457.9161071777344,-331.7799987792969,179.8509979248047,0.0,466.4078063964844,h
8.570108413696289,228.0384979248047,1.9413000345230103,0.013100000098347664,0.005246779881417751,-457.9161071777344,-331.7799987792969,179.8509979248047,0.0,5.74560022354126,h
31.903661727905273,8.935737609863281,2.4829962253570557,0.6766405701637268,0.40359658002853394,10.958245277404785,34.58462905883789,3.875211000442505,9.168996810913086,210.4726104736328,h
7.207900047302246,0.0,1.9413000345230103,0.8912000060081482,0.6740000247955322,35.58441925048828,-331.7799987792969,179.8509979248047,90.0,5.74560022354126,h
8.987198829650879,12.4326753616333,2.0383381843566895,0.7403057217597961,0.35430359840393066,9.50847053527832,8.783402442932129,-1.6123169660568237,5.293651103973389,101.00240325927734,h
334.177001953125,228.0384979248047,5.179500102996826,0.013100000098347664,0.0007999999797903001,575.24072265625,231.4459991455078,-205.8946990966797,90.0,466.4078063964844,h
238.60470581054688,214.37106323242188,3.7535042762756348,0.034467004239559174,0.021687926724553108,575.2185668945312,7.19814395904541,-185.94981384277344,67.15547180175781,211.0000762939453,h
12.689496040344238,8.962782859802246,2.28171443939209,0.8911389708518982,0.6710795164108276,-39.74857711791992,-18.907583236694336,-9.622522354125977,74.8667984008789,186.6781768798828,h
7.207900047302246,28.7851619720459,1.9413000345230103,0.8045219779014587,0.4275941848754883,2.3501667976379395,-13.892967224121094,62.75804901123047,71.79067993164062,18.229040145874023,h
334.177001953125,228.0384979248047,5.179500102996826,0.013100000098347664,0.0007999999797903001,516.2369384765625,231.4459991455078,179.8509979248047,90.0,5.74560022354126,h
24.835735321044922,8.671628952026367,2.3544726371765137,0.6388736963272095,0.3643385171890259,15.856977462768555,-0.0001604200660949573,4.4842705726623535,3.6574113368988037,177.21084594726562,h
200.10305786132812,228.0384979248047,1.9413000345230103,0.8912000060081482,0.6740000247955322,575.24072265625,231.4459991455078,179.8509979248047,0.0,5.74560022354126,h
334.177001953125,228.0384979248047,5.179500102996826,0.013100000098347664,0.0007999999797903001,-457.9161071777344,-331.7799987792969,179.8509979248047,90.0,466.4078063964844,h
115.94049835205078,12.676637649536133,2.759540319442749,0.5840577483177185,0.4099438488483429,-128.88327026367188,-197.2888641357422,-6.348250389099121,30.99936294555664,25.524410247802734,h
21.87649917602539,10.59411334991455,2.6383650302886963,0.48952174186706543,0.26633715629577637,15.35087776184082,18.522106170654297,-6.97944450378418,71.51918029785156,216.40284729003906,h
24.62254524230957,10.584104537963867,2.4932005405426025,0.42971035838127136,0.22590389847755432,21.915775299072266,8.789327621459961,4.649966716766357,56.934940338134766,189.27078247070312,h
40.155033111572266,3.2306792736053467,2.616471767425537,0.39917510747909546,0.2180597335100174,17.159677505493164,16.30155372619629,-9.493327140808105,10.364822387695312,164.08106994628906,h
334.177001953125,228.0384979248047,5.179500102996826,0.013100000098347664,0.0007999999797903001,575.24072265625,231.4459991455078,179.8509979248047,90.0,466.4078063964844,h
111.625,71.72425079345703,2.7936136722564697,0.23363782465457916,0.11174914240837097,-75.38081359863281,-95.7665786743164,-13.803818702697754,21.68250274658203,191.75059509277344,h
217.77435302734375,37.224029541015625,2.9544639587402344,0.2923385798931122,0.16526006162166595,558.1396484375,214.0067138671875,-175.66993713378906,75.42488861083984,230.30674743652344,h
23.03896141052246,11.312342643737793,2.4128057956695557,0.6032083034515381,0.31074419617652893,22.227754592895508,19.03898048400879,8.467982292175293,54.53557205200195,231.60610961914062,h
7.207900047302246,0.0,1.9413000345230103,0.8912000060081482,0.6740000247955322,-457.9161071777344,-331.7799987792969,179.8509979248047,90.0,466.4078063964844,h
334.177001953125,228.0384979248047,1.9413000345230103,0.8912000060081482,0.6740000247955322,-457.9161071777344,-331.7799987792969,-205.8946990966797,0.0,5.74560022354126,h
21.881803512573242,8.680295944213867,2.3514835834503174,0.6166061758995056,0.3170643150806427,-0.5481898784637451,22.563232421875,-7.162901401519775,88.98234558105469,48.909385681152344,h
47.060569763183594,10.958873748779297,2.9643712043762207,0.45541369915008545,0.31095507740974426,-10.820966720581055,43.111061096191406,10.421664237976074,21.913089752197266,178.779052734375,h
65.22157287597656,9.172425270080566,2.4267542362213135,0.44024232029914856,0.255498468875885,23.65412139892578,70.05371856689453,3.4161617755889893,27.37201690673828,179.51400756835938,h
334.177001953125,228.0384979248047,5.179500102996826,0.013100000098347664,0.0007999999797903001,-457.9161071777344,-331.7799987792969,179.8509979248047,90.0,466.4027099609375,h
104.22642517089844,57.8217887878418,3.673877239227295,0.1615155190229416,0.09278883039951324,-48.35230255126953,5.142410755157471,-25.54854393005371,53.50016403198242,341.2975158691406,h
334.177001953125,228.0384979248047,5.179500102996826,0.013100000098347664,0.0007999999797903001,-457.9161071777344,-331.7799987792969,-205.8946990966797,90.0,466.4078063964844,h
28.02617073059082,6.602024078369141,2.426649332046509,0.6846937537193298,0.41714027523994446,-34.55160140991211,-6.742768287658691,9.46425724029541,89.45420837402344,70.57707214355469,h
7.207900047302246,0.0,5.179500102996826,0.8912000060081482,0.6740000247955322,-457.9161071777344,-331.7799987792969,-205.8946990966797,90.0,5.74560022354126,h
334.177001953125,228.0384979248047,5.179500102996826,0.013100000098347664,0.0007999999797903001,575.24072265625,231.4459991455078,145.13719177246094,90.0,159.53616333007812,h
334.177001953125,228.0384979248047,5.179500102996826,0.013100000098347664,0.0007999999797903001,575.24072265625,231.4459991455078,-205.8946990966797,90.0,5.74560022354126,h
334.177001953125,228.0384979248047,5.179500102996826,0.013100000098347664,0.0007999999797903001,575.24072265625,231.4459991455078,-205.8946990966797,90.0,466.4078063964844,h
334.177001953125,228.0384979248047,5.179500102996826,0.013100000098347664,0.0007999999797903001,575.24072265625,231.4459991455078,-205.8946990966797,90.0,5.74560022354126,h
58.61381912231445,35.95506286621094,2.2854387760162354,0.24414916336536407,0.13545222580432892,50.93113327026367,-65.62670135498047,22.159324645996094,82.40080261230469,15.437240600585938,h
334.177001953125,228.0384979248047,5.179500102996826,0.013100000098347664,0.0007999999797903001,-457.9161071777344,231.4459991455078,-205.8946990966797,90.0,5.74560022354126,h
334.177001953125,228.0384979248047,5.179500102996826,0.013100000098347664,0.0007999999797903001,575.24072265625,231.4459991455078,179.8509979248047,90.0,5.74560022354126,h
62.52614974975586,10.16015911102295,2.7898147106170654,0.3333952724933624,0.1642816662788391,3.7411046028137207,37.30217742919922,5.169892311096191,85.69426727294922,38.4752197265625,h
73.9844741821289,30.116853713989258,3.199424982070923,0.17997685074806213,0.10329793393611908,-21.34138298034668,-32.28750228881836,-16.59090232849121,28.61701011657715,109.33003997802734,h
334.177001953125,228.0384979248047,5.179500102996826,0.013100000098347664,0.0007999999797903001,-457.9161071777344,-331.7799987792969,-205.8946990966797,90.0,466.4078063964844,h
334.177001953125,228.0384979248047,1.9413000345230103,0.013100000098347664,0.0007999999797903001,-457.9161071777344,-331.7799987792969,-205.8946990966797,0.0,5.74560022354126,h
334.177001953125,228.0384979248047,1.9413000345230103,0.013100000098347664,0.6740000247955322,-457.9161071777344,-331.7799987792969,-205.8946990966797,0.0,5.74560022354126,h
234.6910858154297,79.9086685180664,3.086120367050171,0.3412797152996063,0.21221432089805603,-179.31658935546875,-184.0844268798828,-27.712440490722656,32.24842834472656,329.5387268066406,h
81.24333190917969,63.31260299682617,3.3753983974456787,0.17168155312538147,0.07350759208202362,-86.13581085205078,9.977746963500977,64.14517211914062,75.8327407836914,163.50111389160156,h
30.950584411621094,14.819720268249512,2.593360424041748,0.47876399755477905,0.242704376578331,18.080598831176758,7.389031887054443,10.751443862915039,24.384475708007812,37.8891716003418,h
334.177001953125,228.0384979248047,1.9413000345230103,0.013100000098347664,0.6740000247955322,-457.9161071777344,-331.7799987792969,-205.8946990966797,0.0,5.74560022354126,h
334.177001953125,228.0384979248047,5.179500102996826,0.013100000098347664,0.0007999999797903001,-457.9161071777344,-331.7799987792969,179.8509979248047,90.0,7.827644348144531,h
207.16021728515625,102.31098937988281,3.7977817058563232,0.08816678076982498,0.04553746432065964,559.1051025390625,128.91993713378906,21.453367233276367,57.863746643066406,363.1060791015625,h
334.177001953125,228.0384979248047,5.179500102996826,0.013100000098347664,0.0007999999797903001,-457.9161071777344,-331.7799987792969,179.8509979248047,90.0,466.4078063964844,h
12.886085510253906,10.284268379211426,2.432102918624878,0.8219654560089111,0.5533639788627625,13.11613941192627,18.186233520507812,0.8250436186790466,31.747970581054688,227.55581665039062,h
137.21197509765625,117.33534240722656,4.04232931137085,0.08632152527570724,0.02197086066007614,435.8070068359375,67.86066436767578,-48.28487014770508,85.30884552001953,148.14511108398438,h
7.21154260635376,18.247482299804688,1.9413000345230103,0.7037126421928406,0.31381353735923767,16.99104881286621,-15.735438346862793,13.397711753845215,0.06451424211263657,63.40806579589844,h
7.603818893432617,228.0384979248047,1.9413000345230103,0.013100000098347664,0.4146450459957123,-457.9161071777344,-331.7799987792969,179.8509979248047,0.0,5.74560022354126,h
334.177001953125,228.0384979248047,5.179500102996826,0.013100000098347664,0.0007999999797903001,575.24072265625,231.4459991455078,-205.8946990966797,0.0,5.74560022354126,h
82.17052459716797,38.23423767089844,3.205545425415039,0.212053582072258,0.11528081446886063,-44.800941467285156,69.74111938476562,-12.581178665161133,7.573729038238525,271.12127685546875,h
334.177001953125,228.0384979248047,5.179500102996826,0.013100000098347664,0.0007999999797903001,-457.9161071777344,-331.7799987792969,-205.8946990966797,90.0,466.4078063964844,h
334.177001953125,228.0384979248047,5.179500102996826,0.013100000098347664,0.0007999999797903001,-457.9161071777344,-331.7799987792969,179.8509979248047,90.0,466.4078063964844,h
41.25271224975586,11.2744722366333,2.7029435634613037,0.3856286406517029,0.24156597256660461,-9.014908790588379,-23.273454666137695,-8.736947059631348,73.48800659179688,122.327392578125,h
334.177001953125,228.0384979248047,5.179500102996826,0.013100000098347664,0.0007999999797903001,575.24072265625,231.4459991455078,179.8509979248047,90.0,5.74560022354126,h
7.207900047302246,0.0,1.9413000345230103,0.013100000098347664,0.6740000247955322,575.24072265625,231.4459991455078,179.8509979248047,90.0,5.74560022354126,h
334.177001953125,228.0384979248047,5.179500102996826,0.013100000098347664,0.0007999999797903001,-457.9161071777344,-331.7799987792969,-205.8946990966797,90.0,466.4078063964844,h
7.207900047302246,0.0,1.9421583414077759,0.8912000060081482,0.6740000247955322,-457.9161071777344,-331.7799987792969,-178.29318237304688,0.0,5.74560022354126,h
334.177001953125,228.0384979248047,5.179500102996826,0.013100000098347664,0.0007999999797903001,575.24072265625,231.4459991455078,-205.8946990966797,90.0,466.4078063964844,h
334.177001953125,228.0384979248047,5.179500102996826,0.013100000098347664,0.0007999999797903001,575.24072265625,231.4459991455078,179.8509979248047,90.0,466.4078063964844,h
223.97232055664062,64.77101135253906,3.5158162117004395,0.22573742270469666,0.17140129208564758,-280.5841369628906,-122.68566131591797,-18.069499969482422,58.71024703979492,337.33441162109375,h
322.36614990234375,228.03001403808594,5.179500102996826,0.013100000098347664,0.0007999999797903001,-457.9036865234375,-299.5575866699219,177.1360321044922,2.740800142288208,241.54229736328125,h
7.207900047302246,0.0,5.179500102996826,0.8912000060081482,0.6740000247955322,-457.9161071777344,-331.7799987792969,-205.8946990966797,90.0,5.74560022354126,h
334.177001953125,228.0384979248047,1.9413000345230103,0.8912000060081482,0.6740000247955322,-457.9161071777344,-331.7799987792969,-205.8946990966797,0.0,5.74560022354126,h
67.26041412353516,18.66868782043457,2.887380361557007,0.28263768553733826,0.16577878594398499,-57.67341232299805,39.12549591064453,-12.911285400390625,67.34603881835938,222.78390502929688,h
24.676441192626953,12.35316276550293,2.4190595149993896,0.5514023900032043,0.3055874705314636,9.648530960083008,-22.88172721862793,-7.42422342300415,8.690816879272461,126.77526092529297,h
77.72785949707031,37.015663146972656,3.3549821376800537,0.13632690906524658,0.09081580489873886,0.3284890949726105,24.52939224243164,-26.59499740600586,60.326812744140625,102.43258666992188,h
40.834991455078125,17.21596336364746,2.767848014831543,0.21997863054275513,0.11484460532665253,14.745222091674805,-8.367493629455566,-8.362225532531738,15.440091133117676,157.81146240234375,h
19.952659606933594,16.8647518157959,2.5066823959350586,0.5197694301605225,0.2766622304916382,23.632551193237305,17.882829666137695,-6.693327903747559,17.37342643737793,292.3477783203125,h
38.468231201171875,19.348390579223633,2.8192577362060547,0.33325982093811035,0.15723387897014618,5.0874924659729,-16.369985580444336,9.38465404510498,51.5107536315918,166.904052734375,h
334.177001953125,228.0384979248047,5.179500102996826,0.013100000098347664,0.0007999999797903001,575.24072265625,231.4459991455078,179.8509979248047,0.0,5.74560022354126,h
7.207900047302246,0.0,5.179500102996826,0.8912000060081482,0.6740000247955322,-457.9161071777344,-331.7799987792969,179.8509979248047,90.0,5.74560022354126,h
59.093833923339844,228.0384979248047,1.9413000345230103,0.8912000060081482,0.6740000247955322,575.24072265625,-331.7799987792969,179.8509979248047,0.0,5.74560022354126,h
334.177001953125,228.0384979248047,1.9413000345230103,0.8912000060081482,0.6740000247955322,-457.9161071777344,-331.7799987792969,-205.8946990966797,0.0,5.74560022354126,h
72.52835083007812,15.551447868347168,3.671023368835449,0.09397517144680023,0.05537337437272072,29.16773796081543,39.35320281982422,-16.434240341186523,78.04702758789062,144.48854064941406,h
12.45915412902832,12.508350372314453,2.1889419555664062,0.7643775939941406,0.4493161737918854,-32.49568557739258,-6.180605411529541,0.1609676629304886,81.80919647216797,286.4687805175781,h
334.177001953125,228.0384979248047,5.179500102996826,0.013100000098347664,0.0007999999797903001,575.24072265625,231.4459991455078,-205.8946990966797,0.30434316396713257,5.74560022354126,h
334.177001953125,228.0384979248047,1.9413000345230103,0.013100000098347664,0.0007999999797903001,-457.9161071777344,-331.7799987792969,-205.8946990966797,0.0,5.74560022354126,h
7.216053485870361,25.294462203979492,1.9413000345230103,0.5573306083679199,0.22125586867332458,15.08908462524414,-3.5967280864715576,96.91181945800781,0.0,5.74560022354126,h
7.207900047302246,0.0,1.9413000345230103,0.8912000060081482,0.6740000247955322,-457.9161071777344,-331.7799987792969,179.8509979248047,90.0,5.74560022354126,h
330.0057678222656,210.76559448242188,5.1787109375,0.013501975685358047,0.000901498191524297,-426.2478332519531,-311.1053771972656,-92.30020141601562,76.29825592041016,214.9509735107422,h
334.177001953125,228.0384979248047,5.179500102996826,0.013100000098347664,0.0007999999797903001,-457.9161071777344,-331.7799987792969,179.8509979248047,90.0,466.4078063964844,h
334.177001953125,228.0384979248047,5.179500102996826,0.013100000098347664,0.0007999999797903001,575.24072265625,231.4459991455078,-205.8946990966797,90.0,5.74560022354126,h
334.177001953125,228.0384979248047,5.179500102996826,0.013100000098347664,0.0007999999797903001,-457.9161071777344,-331.7799987792969,179.8509979248047,90.0,5.74560022354126,h
334.177001953125,228.0384979248047,5.179500102996826,0.013100000098347664,0.0007999999797903001,575.24072265625,231.4459991455078,-205.8946990966797,0.0,5.74560022354126,h
334.177001953125,228.0384979248047,5.179500102996826,0.013100000098347664,0.0007999999797903001,-457.9161071777344,-331.7799987792969,179.8509979248047,90.0,244.58090209960938,h
19.886564254760742,7.428131580352783,2.3109700679779053,0.8371940851211548,0.6383211016654968,25.283016204833984,15.259600639343262,7.54534912109375,54.30586242675781,167.86477661132812,h
32.834617614746094,12.47299575805664,2.6037392616271973,0.4363784193992615,0.20192864537239075,24.299968719482422,26.88486671447754,-3.898559093475342,10.865942001342773,197.25389099121094,h
7.207900047302246,8.592704772949219,1.9413000345230103,0.8902817368507385,0.4918677806854248,-80.77313995361328,-331.23016357421875,23.41207504272461,0.0,6.023014545440674,h
334.177001953125,228.0384979248047,5.179500102996826,0.013100000098347664,0.0007999999797903001,575.24072265625,-331.7799987792969,-205.8946990966797,90.0,5.74560022354126,h
334.177001953125,228.0384979248047,5.179500102996826,0.013100000098347664,0.0007999999797903001,575.24072265625,231.4459991455078,-205.8946990966797,90.0,5.74560022354126,h
7.232532501220703,228.0384979248047,1.9413000345230103,0.8911927938461304,0.4279298186302185,-457.9161071777344,-331.7799987792969,179.8509979248047,0.0,38.05246353149414,h
334.177001953125,0.0,5.179500102996826,0.8912000060081482,0.6740000247955322,-457.9161071777344,-331.7799987792969,-205.8946990966797,90.0,5.74560022354126,h
43.750160217285156,21.059673309326172,2.6299045085906982,0.2819756865501404,0.14067670702934265,31.398876190185547,-19.20566749572754,13.551182746887207,14.55756950378418,108.2035140991211,h
334.177001953125,228.0384979248047,1.9413000345230103,0.013100000098347664,0.0007999999797903001,-457.9161071777344,-331.7799987792969,179.8509979248047,0.0,5.74560022354126,h
208.10079956054688,87.92671966552734,3.408008098602295,0.15078921616077423,0.10971955955028534,-229.2086181640625,-161.25527954101562,-66.39667510986328,4.525104522705078,260.19256591796875,h
24.68872833251953,0.0,2.2742395401000977,0.8694949150085449,0.6019151210784912,-42.142364501953125,-14.029765129089355,7.64047384262085,25.01085662841797,198.29920959472656,h
119.44535064697266,82.75042724609375,3.124751091003418,0.2604005038738251,0.13608752191066742,-109.88080596923828,-40.60347366333008,-94.27754974365234,32.96206283569336,350.323974609375,h
201.0138702392578,70.56602478027344,3.3845441341400146,0.2067694067955017,0.13502758741378784,-168.2173309326172,-124.05848693847656,-70.5921859741211,17.152544021606445,228.1614227294922,h
334.177001953125,228.0384979248047,5.179500102996826,0.013100000098347664,0.0007999999797903001,-457.9161071777344,-331.7799987792969,179.8509979248047,90.0,466.4078063964844,h
334.177001953125,228.0384979248047,5.179500102996826,0.013100000098347664,0.0007999999797903001,-457.9161071777344,-331.7799987792969,179.8509979248047,90.0,466.4015197753906,h
167.8741912841797,27.343393325805664,3.2678933143615723,0.25300973653793335,0.16649119555950165,-148.9198455810547,-136.28231811523438,-20.843862533569336,4.745063781738281,240.83309936523438,h
106.58187103271484,21.29771614074707,2.2755966186523438,0.6063823699951172,0.3109668493270874,158.39024353027344,-11.01541805267334,15.459213256835938,89.22663116455078,42.009403228759766,h
130.33702087402344,113.40970611572266,3.9543702602386475,0.08850157260894775,0.028728973120450974,15.712821006774902,39.259071350097656,-168.710205078125,25.137386322021484,256.2425842285156,h
7.207900047302246,0.0,1.9413000345230103,0.8912000060081482,0.6740000247955322,-455.6392517089844,-331.7799987792969,179.8509979248047,90.0,466.4078063964844,h
7.207900047302246,0.0,1.9413000345230103,0.8912000060081482,0.6740000247955322,-457.9161071777344,-331.7799987792969,179.8509979248047,90.0,5.74560022354126,h
39.658775329589844,21.529029846191406,2.9923927783966064,0.2328472137451172,0.11574161052703857,26.769865036010742,5.2734808921813965,-15.25226879119873,54.35906219482422,57.795013427734375,h
8.176608085632324,10.815210342407227,2.223991632461548,0.7340525984764099,0.3931376039981842,1.7178564071655273,-8.933976173400879,-7.770330429077148,42.543731689453125,95.04840087890625,h
334.177001953125,228.0384979248047,5.179500102996826,0.013100000098347664,0.0007999999797903001,-457.9161071777344,-331.7799987792969,-205.8946990966797,90.0,465.38116455078125,h
82.20653533935547,16.60264015197754,2.9852824211120605,0.19567818939685822,0.10428499430418015,72.38566589355469,63.65724563598633,-10.138955116271973,44.82402801513672,136.7717742919922,h
20.86033058166504,16.51555633544922,2.437941312789917,0.4689328968524933,0.23853625357151031,20.300338745117188,17.97789192199707,9.053632736206055,7.4705119132995605,232.7684326171875,h
7.207900047302246,228.0384979248047,1.9413000345230103,0.013100000098347664,0.0007999999797903001,-457.9161071777344,-331.7799987792969,179.8509979248047,90.0,5.74560022354126,h
334.177001953125,228.0384979248047,5.179500102996826,0.013100000098347664,0.0007999999797903001,575.24072265625,231.4459991455078,-205.8946990966797,90.0,5.74560022354126,h
334.177001953125,228.0384979248047,5.179500102996826,0.013100000098347664,0.0007999999797903001,-457.9161071777344,-331.7799987792969,179.8509979248047,90.0,466.2480163574219,h
334.177001953125,228.0384979248047,1.9413000345230103,0.8912000060081482,0.6740000247955322,-457.9161071777344,-331.7799987792969,179.8509979248047,0.0,127.48096466064453,h
7.207900047302246,228.0384979248047,1.9413000345230103,0.013100000098347664,0.0007999999797903001,-457.9161071777344,-331.7799987792969,-205.8946990966797,0.0,5.74560022354126,h
41.86087417602539,14.130547523498535,2.3055741786956787,0.39265507459640503,0.22327028214931488,22.918548583984375,8.308318138122559,5.588531017303467,27.89963722229004,167.07664489746094,h
15.129971504211426,9.604974746704102,2.4039154052734375,0.7361656427383423,0.38554275035858154,10.96730899810791,14.517807960510254,-4.725287437438965,84.53910064697266,120.47685241699219,h
29.524320602416992,26.95844841003418,2.5232040882110596,0.39295119047164917,0.21631689369678497,8.564702987670898,-23.332246780395508,16.310277938842773,50.2631950378418,182.849365234375,h
99.2384033203125,61.94579315185547,3.575981616973877,0.11273028701543808,0.06823428720235825,17.538358688354492,-123.36409759521484,-40.8990478515625,50.412628173828125,330.24090576171875,h
17.53184700012207,9.810323715209961,2.3144237995147705,0.7608595490455627,0.5316351056098938,9.82630443572998,11.626496315002441,8.960906028747559,77.94192504882812,126.19307708740234,h
31.581829071044922,16.387842178344727,2.6211206912994385,0.35710152983665466,0.2029440551996231,1.2718180418014526,23.744115829467773,14.143257141113281,29.47934341430664,187.9947967529297,h
33.744197845458984,12.745287895202637,2.790497303009033,0.4762601852416992,0.20391646027565002,10.537391662597656,-17.393802642822266,10.969508171081543,73.5905990600586,64.3279037475586,h
334.177001953125,228.0384979248047,5.179500102996826,0.013100000098347664,0.0007999999797903001,-457.9161071777344,-331.7799987792969,179.8509979248047,90.0,466.4078063964844,h
334.177001953125,228.0384979248047,5.179500102996826,0.013100000098347664,0.0007999999797903001,-457.9161071777344,-217.27359008789062,-205.8946990966797,90.0,466.4078063964844,h
12.7784423828125,10.54062271118164,2.350010633468628,0.6114916205406189,0.3764791190624237,-0.7140404582023621,-7.4264655113220215,-8.889946937561035,36.80618667602539,262.6979064941406,h
29.3031063079834,9.035929679870605,2.304694414138794,0.5443849563598633,0.28461915254592896,9.687939643859863,-38.119110107421875,8.865202903747559,78.13929748535156,232.4622039794922,h
16.606182098388672,228.0384979248047,1.9413000345230103,0.055527664721012115,0.018237803131341934,-457.9161071777344,-331.7799987792969,179.8509979248047,0.0,5.74560022354126,h
18.748157501220703,11.84016227722168,3.200291156768799,0.5027939677238464,0.26689809560775757,0.6780799031257629,-12.477535247802734,-11.920960426330566,64.90491485595703,171.00030517578125,h
334.177001953125,228.0384979248047,5.179500102996826,0.013100000098347664,0.0007999999797903001,575.24072265625,231.4459991455078,179.8509979248047,0.0,5.74560022354126,h
21.254642486572266,15.38204574584961,2.4604997634887695,0.694497287273407,0.39301350712776184,-7.192149639129639,21.693946838378906,-12.303609848022461,37.42999267578125,196.56784057617188,h
334.177001953125,228.0384979248047,5.179500102996826,0.013100000098347664,0.0007999999797903001,-457.9161071777344,-331.7799987792969,-205.8946990966797,90.0,466.4078063964844,h
111.87452697753906,26.194494247436523,2.918229103088379,0.24353276193141937,0.13337725400924683,-131.9416046142578,-85.35205841064453,5.468295574188232,35.44953155517578,208.85824584960938,h
334.177001953125,228.0384979248047,5.179500102996826,0.013100000098347664,0.0007999999797903001,-457.9161071777344,-316.7661437988281,-205.8946990966797,90.0,466.4078063964844,h
20.878429412841797,18.014787673950195,2.3565287590026855,0.5605471730232239,0.28327813744544983,-3.9172544479370117,-14.428948402404785,6.306853771209717,30.92037582397461,195.1957550048828,h
334.177001953125,228.0384979248047,5.179500102996826,0.013100000098347664,0.0007999999797903001,-457.9161071777344,-331.7799987792969,179.8509979248047,90.0,5.74560022354126,h
334.177001953125,0.0,1.9413000345230103,0.8912000060081482,0.6740000247955322,-457.9161071777344,-331.7799987792969,179.8509979248047,90.0,466.4078063964844,h
7.207900047302246,0.0,1.9413000345230103,0.8912000060081482,0.6740000247955322,-457.9161071777344,-331.7799987792969,179.8509979248047,90.0,5.74560022354126,h
7.207900047302246,21.51894760131836,1.9413000345230103,0.8812685012817383,0.47391775250434875,-254.0321502685547,-278.7270202636719,23.09627342224121,0.0,290.8181457519531,h
334.177001953125,228.0384979248047,5.179500102996826,0.013100000098347664,0.0007999999797903001,-457.9161071777344,-331.7799987792969,179.8509979248047,90.0,5.74560022354126,h
334.177001953125,228.0384979248047,5.179500102996826,0.013100000098347664,0.0007999999797903001,-457.9161071777344,-331.7799987792969,-205.8946990966797,90.0,466.4078063964844,h
334.177001953125,228.0384979248047,5.179500102996826,0.013100000098347664,0.0007999999797903001,575.24072265625,231.4459991455078,-205.8946990966797,90.0,5.74560022354126,h
104.95004272460938,68.4998779296875,3.923942804336548,0.10367502272129059,0.05594227463006973,-102.0594253540039,-16.22724723815918,-70.6052474975586,15.221928596496582,349.0212097167969,h
334.177001953125,228.0384979248047,1.9413000345230103,0.013100000098347664,0.09999847412109375,-457.9161071777344,-331.7799987792969,179.8509979248047,0.0,5.74560022354126,h
157.94317626953125,117.7162094116211,3.934629201889038,0.09592674672603607,0.04242091253399849,-38.238224029541016,85.0946044921875,48.47845458984375,79.47595977783203,234.54344177246094,h
333.9588623046875,228.0384979248047,5.179500102996826,0.013105168007314205,0.0007999999797903001,153.5775909423828,-331.77264404296875,177.29034423828125,89.83464050292969,465.9612731933594,h
334.177001953125,228.0384979248047,5.179500102996826,0.013100000098347664,0.0007999999797903001,575.24072265625,231.4459991455078,-205.8946990966797,90.0,466.4078063964844,h
64.1147232055664,23.086896896362305,2.9167699813842773,0.19601166248321533,0.0822814479470253,-37.89992904663086,-114.34542083740234,-8.599671363830566,55.458621978759766,208.1700439453125,h
334.177001953125,228.0384979248047,5.179500102996826,0.013100000098347664,0.0007999999797903001,-457.9161071777344,231.4459991455078,179.8509979248047,5.166870594024658,5.74560022354126,h
334.177001953125,228.0384979248047,5.179500102996826,0.013100000098347664,0.0007999999797903001,575.24072265625,231.4459991455078,-205.8946990966797,90.0,5.74560022354126,h
334.177001953125,228.0384979248047,5.179500102996826,0.013100000098347664,0.0007999999797903001,-457.9161071777344,-331.7799987792969,-205.8946990966797,90.0,466.4078063964844,h
7.207900047302246,0.0,5.179500102996826,0.8912000060081482,0.6740000247955322,-457.9161071777344,-331.7799987792969,-205.8946990966797,90.0,466.4078063964844,h
334.177001953125,228.0384979248047,5.179500102996826,0.013100000098347664,0.0007999999797903001,575.24072265625,231.4459991455078,-205.8946990966797,90.0,5.74560022354126,h
334.177001953125,228.0384979248047,5.179500102996826,0.013100000098347664,0.0007999999797903001,575.24072265625,231.4459991455078,179.8509979248047,90.0,5.74560022354126,h
17.34837532043457,10.46147346496582,2.8604323863983154,0.45704272389411926,0.24028044939041138,-1.537807822227478,-20.855003356933594,-11.948995590209961,64.57154083251953,198.80162048339844,h
334.177001953125,228.0384979248047,1.9413000345230103,0.013100000098347664,0.0007999999797903001,-457.9161071777344,-331.7799987792969,179.8509979248047,0.0,5.74560022354126,h
334.177001953125,228.0384979248047,5.179500102996826,0.013100000098347664,0.0007999999797903001,-457.9161071777344,30.89444923400879,-205.8946990966797,90.0,466.4078063964844,h
21.361482620239258,10.101645469665527,2.2362122535705566,0.5874599814414978,0.33807000517845154,-12.900500297546387,27.416980743408203,-8.638216018676758,66.4564437866211,228.69436645507812,h
197.9392547607422,61.56755065917969,3.2102293968200684,0.25461021065711975,0.1033623144030571,-102.96605682373047,-179.54290771484375,30.72698974609375,59.27423095703125,309.4499816894531,h
114.40821075439453,48.388736724853516,3.214247941970825,0.1932833343744278,0.11738981306552887,58.17985153198242,108.52737426757812,17.614986419677734,15.360098838806152,181.86936950683594,h
32.337059020996094,7.343615531921387,2.6100218296051025,0.5895519852638245,0.43905970454216003,25.164051055908203,13.71887493133545,3.48336124420166,71.91304779052734,245.86520385742188,h
334.177001953125,228.0384979248047,5.179500102996826,0.013100000098347664,0.0007999999797903001,-457.9161071777344,231.4459991455078,179.8509979248047,90.0,5.74560022354126,h
326.17010498046875,227.80990600585938,5.179500102996826,0.013100000098347664,0.0007999999797903001,-457.8743591308594,-314.9261779785156,-205.8946990966797,89.83858489990234,460.7518310546875,h
334.177001953125,228.0384979248047,5.179500102996826,0.013100000098347664,0.0007999999797903001,-457.9161071777344,231.4459991455078,179.8509979248047,90.0,466.4078063964844,h
7.207900047302246,228.0384979248047,1.9413000345230103,0.8912000060081482,0.6740000247955322,-457.9161071777344,-331.7799987792969,179.8509979248047,0.0,5.74560022354126,h
170.4033203125,81.37381744384766,4.052682399749756,0.08793908357620239,0.043827254325151443,-263.8997497558594,-42.83515930175781,-96.2110824584961,83.4136734008789,256.6096496582031,h
334.177001953125,228.0384979248047,5.179500102996826,0.013100000098347664,0.0007999999797903001,-457.9161071777344,-331.7799987792969,179.8509979248047,90.0,466.4078063964844,h
41.401546478271484,19.870895385742188,2.9150683879852295,0.2890211045742035,0.1557004302740097,29.738420486450195,11.211527824401855,10.01115608215332,24.635181427001953,151.70033264160156,h
334.177001953125,228.0384979248047,1.9413000345230103,0.013100000098347664,0.0008011339232325554,-457.9161071777344,-331.7799987792969,179.8509979248047,0.0,7.913985729217529,h
334.177001953125,228.0384979248047,5.179500102996826,0.013100000098347664,0.0007999999797903001,575.24072265625,231.4459991455078,-205.8946990966797,90.0,5.74560022354126,h
12.75679874420166,13.838303565979004,2.4133801460266113,0.5430555939674377,0.42595145106315613,1.2853161096572876,-17.383913040161133,-6.169742584228516,13.756941795349121,194.0775909423828,h
77.45026397705078,21.827362060546875,2.844203472137451,0.21196381747722626,0.11128991097211838,-4.872288227081299,-17.8260555267334,-4.339836597442627,60.5444450378418,77.23371887207031,h
334.177001953125,228.0384979248047,5.179500102996826,0.013100000098347664,0.0007999999797903001,-457.9161071777344,-331.7799987792969,179.8509979248047,90.0,5.74560022354126,h
334.177001953125,228.0384979248047,5.179500102996826,0.013100000098347664,0.0007999999797903001,-457.9161071777344,-331.7799987792969,-205.8946990966797,90.0,466.4078063964844,h
23.027698516845703,20.92618179321289,2.6787190437316895,0.37662962079048157,0.16551819443702698,19.926475524902344,21.135530471801758,24.037752151489258,58.81566619873047,282.7286376953125,h
123.49408721923828,228.0384979248047,1.9413000345230103,0.14121901988983154,0.6740000247955322,-457.9161071777344,-331.7799987792969,179.8509979248047,0.0,5.74560022354126,h
334.177001953125,228.0384979248047,5.179500102996826,0.013100000098347664,0.0007999999797903001,-457.9161071777344,-331.7799987792969,179.8509979248047,90.0,5.74560022354126,h
334.177001953125,228.0384979248047,1.9413000345230103,0.013100000098347664,0.6740000247955322,-457.9161071777344,-331.7799987792969,-205.8946990966797,0.0,5.74560022354126,h
334.177001953125,228.0384979248047,5.179500102996826,0.013100000098347664,0.0007999999797903001,-457.9161071777344,-331.7799987792969,179.8509979248047,90.0,5.74560022354126,h
19.806787490844727,11.038957595825195,2.4245314598083496,0.6550394296646118,0.3612441122531891,0.5080551505088806,26.312623977661133,9.232060432434082,25.686140060424805,181.70193481445312,h
173.42501831054688,46.89661407470703,3.116213798522949,0.1698591113090515,0.10190802812576294,88.06907653808594,-132.29685974121094,-5.869513988494873,11.610085487365723,59.902793884277344,h
225.35157775878906,149.57774353027344,5.1525983810424805,0.015057728625833988,0.0019637735094875097,-421.3564758300781,-240.79966735839844,-123.21477508544922,38.41615295410156,135.60459899902344,h
334.177001953125,228.0384979248047,5.179500102996826,0.013100000098347664,0.0007999999797903001,575.24072265625,231.4459991455078,-205.8946990966797,90.0,5.74560022354126,h
24.281625747680664,16.799449920654297,2.233764886856079,0.5681662559509277,0.3724654018878937,29.322145462036133,3.914682149887085,18.74884796142578,43.70412826538086,307.0701599121094,h
28.718111038208008,0.0013372914399951696,2.554929733276367,0.6587681174278259,0.413855642080307,12.892054557800293,13.465245246887207,3.8983187675476074,20.652647018432617,216.8126983642578,h
185.2217559814453,207.44290161132812,4.887383937835693,0.056787293404340744,0.031141260638833046,-119.23212432861328,-235.0406036376953,-200.94171142578125,59.562801361083984,418.18463134765625,h
334.177001953125,228.0384979248047,5.179500102996826,0.013100000098347664,0.0007999999797903001,-457.9161071777344,-241.63104248046875,-205.8946990966797,90.0,466.4048767089844,h
334.177001953125,228.0384979248047,5.179500102996826,0.013100000098347664,0.0007999999797903001,575.24072265625,231.4459991455078,179.8509979248047,90.0,5.74560022354126,h
17.347606658935547,12.906496047973633,2.3958683013916016,0.6641137599945068,0.3680153489112854,-3.055223226547241,8.585686683654785,8.323366165161133,77.83964538574219,234.4896697998047,h
41.8267822265625,29.550582885742188,3.113196611404419,0.16526538133621216,0.0797077864408493,-64.48428344726562,24.324926376342773,-5.120065212249756,59.578941345214844,124.11199951171875,h
334.177001953125,228.0384979248047,5.179500102996826,0.013100000098347664,0.0007999999797903001,575.24072265625,231.4459991455078,-205.8946990966797,90.0,5.74560022354126,h
92.26258087158203,12.66773796081543,2.716296434402466,0.3745177984237671,0.19576245546340942,183.9248046875,51.81966018676758,-1.96096932888031,7.522439956665039,136.35067749023438,h
334.177001953125,228.0384979248047,5.179500102996826,0.013100000098347664,0.0007999999797903001,-457.9161071777344,-331.7799987792969,179.8509979248047,90.0,466.4078063964844,h
334.177001953125,228.0384979248047,5.179500102996826,0.013100000098347664,0.0007999999797903001,-457.9161071777344,-331.7799987792969,-205.8946990966797,90.0,466.4078063964844,h
19.90664291381836,10.404877662658691,2.202531337738037,0.6278907060623169,0.34524857997894287,-20.895183563232422,-17.42316436767578,12.519036293029785,88.84819030761719,201.31044006347656,h
16.581890106201172,7.452896595001221,2.4095489978790283,0.689851701259613,0.3718048334121704,29.71303939819336,8.058500289916992,-5.916891098022461,43.67385482788086,229.46853637695312,h
41.08644104003906,11.576404571533203,3.0364065170288086,0.30981406569480896,0.17785565555095673,-7.434722900390625,10.12655258178711,10.302543640136719,58.26223373413086,85.71823120117188,h
30.51163673400879,17.93853187561035,2.734204053878784,0.4235157370567322,0.2608255445957184,24.132408142089844,14.83530330657959,-13.234341621398926,33.740501403808594,142.67237854003906,h
13.737577438354492,9.491591453552246,2.2123382091522217,0.7343106865882874,0.3998686373233795,8.471336364746094,-12.414847373962402,4.1858110427856445,78.49615478515625,223.69439697265625,h
20.118040084838867,10.149948120117188,2.9069161415100098,0.549336850643158,0.2912907302379608,-7.353034973144531,24.43370819091797,0.0,64.6571044921875,224.59457397460938,h
110.82379150390625,58.17597579956055,3.811453342437744,0.1049903929233551,0.04976113885641098,-13.168307304382324,-79.15666961669922,44.07672119140625,83.78793334960938,347.3197937011719,h
48.05393600463867,16.331430435180664,2.9542806148529053,0.2549433708190918,0.15023551881313324,0.9818974137306213,21.000579833984375,13.833887100219727,12.427345275878906,131.01148986816406,h
23.281538009643555,11.824382781982422,2.3408992290496826,0.6046027541160583,0.3703325092792511,33.92083740234375,28.073158264160156,6.3542046546936035,46.0989875793457,203.0937042236328,h
142.61062622070312,51.66320037841797,3.8885116577148438,0.15913353860378265,0.10310743749141693,-139.2965850830078,-91.81002807617188,34.48379898071289,27.072065353393555,408.6315002441406,h
334.177001953125,228.0384979248047,1.9413000345230103,0.8912000060081482,0.6740000247955322,-457.9161071777344,-331.7799987792969,-205.8946990966797,0.0,5.74560022354126,h
7.207900047302246,0.0,1.9413000345230103,0.8912000060081482,0.6740000247955322,-457.9161071777344,-331.7799987792969,-179.1202392578125,0.0,5.74560022354126,h
30.351980209350586,13.327231407165527,2.8226847648620605,0.3486996293067932,0.1781429648399353,8.967846870422363,-2.7048327922821045,-9.789682388305664,15.007119178771973,207.7793731689453,h
334.177001953125,228.0384979248047,5.179500102996826,0.013100000098347664,0.0007999999797903001,-457.9161071777344,-331.7799987792969,-205.8946990966797,90.0,466.4078063964844,h
103.67432403564453,22.23488998413086,2.7178616523742676,0.5339027643203735,0.29569217562675476,85.57843780517578,98.99883270263672,15.904061317443848,22.884946823120117,27.203147888183594,h
110.16059112548828,43.01939392089844,3.3129079341888428,0.15832416713237762,0.08000483363866806,-36.935768127441406,-65.55807495117188,-28.58683967590332,42.48576736450195,295.6357421875,h
334.177001953125,228.0384979248047,5.179500102996826,0.013100000098347664,0.0007999999797903001,-457.9161071777344,-331.7799987792969,179.8509979248047,90.0,5.74560022354126,h
51.82117462158203,10.988917350769043,2.789489507675171,0.3741900622844696,0.16633747518062592,-8.654836654663086,12.75461196899414,5.8812575340271,62.10816955566406,247.17811584472656,h
334.177001953125,228.0384979248047,5.179500102996826,0.013100000098347664,0.0007999999797903001,-457.9161071777344,-331.7799987792969,179.8509979248047,90.0,466.4078063964844,h
334.177001953125,228.0384979248047,1.9413000345230103,0.8912000060081482,0.6740000247955322,20.638080596923828,-331.21990966796875,179.8509979248047,0.0,466.4078063964844,h
333.29705810546875,227.77096557617188,5.179500102996826,0.013100000098347664,0.0007999999797903001,575.24072265625,231.3743133544922,163.3124542236328,89.85694885253906,280.6516418457031,h
334.177001953125,228.0384979248047,5.179500102996826,0.013100000098347664,0.0007999999797903001,-457.9161071777344,-331.7799987792969,179.8509979248047,90.0,466.4078063964844,h
26.04570198059082,7.484169960021973,2.5527124404907227,0.5200081467628479,0.34491586685180664,9.559142112731934,-11.226212501525879,-9.078439712524414,17.23724937438965,238.6329345703125,h
334.177001953125,228.0384979248047,1.9413000345230103,0.8912000060081482,0.6740000247955322,-457.9161071777344,-331.7799987792969,179.8509979248047,0.0,466.4078063964844,h
7.207900047302246,0.0,1.9413000345230103,0.8912000060081482,0.6740000247955322,-457.9161071777344,-331.7799987792969,179.8509979248047,90.0,466.4078063964844,h
334.177001953125,228.0384979248047,1.9413000345230103,0.8912000060081482,0.6740000247955322,-457.9161071777344,-331.7799987792969,179.8509979248047,0.0,5.74560022354126,h
334.177001953125,228.0384979248047,5.179500102996826,0.013100000098347664,0.0007999999797903001,-457.9161071777344,231.4459991455078,179.8509979248047,90.0,5.74560022354126,h
21.458799362182617,15.901823997497559,2.5592668056488037,0.5958024859428406,0.3565915524959564,27.50689125061035,17.694067001342773,10.317469596862793,32.629940032958984,148.00564575195312,h
334.177001953125,228.0384979248047,5.179500102996826,0.013100000098347664,0.0007999999797903001,-457.9161071777344,-331.7799987792969,179.8509979248047,90.0,466.4078063964844,h
29.0189266204834,8.414544105529785,2.4582254886627197,0.7160585522651672,0.395302951335907,-11.157270431518555,15.152362823486328,-4.3097944259643555,73.31071472167969,200.59739685058594,h
46.790523529052734,12.950316429138184,2.516003370285034,0.3439110219478607,0.18900464475154877,24.718669891357422,-17.373916625976562,13.321366310119629,47.389564514160156,157.83670043945312,h
132.7447052001953,36.323097229003906,3.4699435234069824,0.10346858203411102,0.04826609417796135,12.389566421508789,-79.2308120727539,-30.520292282104492,53.47612380981445,175.20240783691406,h
334.177001953125,228.0384979248047,1.9413000345230103,0.013100000098347664,0.6740000247955322,-457.9161071777344,-331.7799987792969,179.8509979248047,0.0,466.4078063964844,h
86.6880874633789,29.558088302612305,3.341430187225342,0.28822994232177734,0.17925399541854858,3.5700929164886475,89.90603637695312,-15.485432624816895,15.158259391784668,147.2100830078125,h
334.1607971191406,225.485107421875,5.0013556480407715,0.014150237664580345,0.0016902820207178593,-457.9161071777344,-331.1330261230469,179.49766540527344,89.79772186279297,254.54440307617188,h
7.207900047302246,0.0,1.9413000345230103,0.8912000060081482,0.6740000247955322,-457.9161071777344,-331.7799987792969,179.8509979248047,90.0,5.74560022354126,h
114.46712493896484,45.69002914428711,3.5047450065612793,0.171599343419075,0.0808115005493164,137.0160369873047,95.39899444580078,22.102079391479492,73.75719451904297,261.775634765625,h
35.030025482177734,18.644506454467773,2.9215171337127686,0.3342636525630951,0.18995024263858795,1.454028606414795,33.94847106933594,18.363590240478516,40.308467864990234,163.58778381347656,h
334.177001953125,228.0384979248047,5.179500102996826,0.013100000098347664,0.0007999999797903001,575.24072265625,231.4459991455078,-205.8946990966797,90.0,5.74560022354126,h
21.94655990600586,18.07735824584961,2.6614465713500977,0.3788727819919586,0.25556764006614685,9.199064254760742,9.677653312683105,13.760265350341797,17.37379264831543,172.15977478027344,h
334.177001953125,228.0384979248047,5.179500102996826,0.013100000098347664,0.0007999999797903001,575.24072265625,231.4459991455078,179.8509979248047,90.0,5.74560022354126,h
21.546903610229492,14.664140701293945,2.5194499492645264,0.5785762667655945,0.34312230348587036,34.737457275390625,16.901412963867188,-23.722454071044922,24.219575881958008,224.96473693847656,h
334.177001953125,228.0384979248047,5.179500102996826,0.013100000098347664,0.0007999999797903001,-457.9161071777344,-331.7799987792969,179.8509979248047,90.0,8.181306838989258,h
7.23594856262207,228.0384979248047,1.9413000345230103,0.7899787425994873,0.20041701197624207,-457.9161071777344,-331.7799987792969,179.8509979248047,0.0,5.74560022354126,h
52.011085510253906,31.242721557617188,2.9222095012664795,0.24184094369411469,0.11905992031097412,-3.999225378036499,-26.92163848876953,-12.94812297821045,50.11805725097656,274.0167541503906,h
297.91839599609375,227.43252563476562,5.179500102996826,0.013100000098347664,0.0007999999797903001,-149.55783081054688,-296.048583984375,-204.5983123779297,89.94723510742188,339.64776611328125,h
334.177001953125,228.0384979248047,5.179500102996826,0.013100000098347664,0.0007999999797903001,-457.9161071777344,231.4459991455078,-205.8946990966797,90.0,5.74560022354126,h
7.207900047302246,0.0,5.179500102996826,0.8912000060081482,0.6740000247955322,-457.9161071777344,231.4459991455078,179.8509979248047,90.0,466.4078063964844,h
334.177001953125,228.0384979248047,5.179500102996826,0.013100000098347664,0.0007999999797903001,575.24072265625,231.4459991455078,-205.8946990966797,0.0,5.74560022354126,h
334.177001953125,228.0384979248047,5.179500102996826,0.013100000098347664,0.0007999999797903001,575.24072265625,231.4459991455078,-205.8946990966797,90.0,5.74560022354126,h
334.177001953125,228.0384979248047,5.179500102996826,0.013100000098347664,0.0007999999797903001,575.24072265625,231.4459991455078,179.8509979248047,90.0,5.74560022354126,h
334.177001953125,228.0384979248047,5.179500102996826,0.013100000098347664,0.0007999999797903001,575.24072265625,231.4459991455078,-205.8946990966797,90.0,466.4078063964844,h
44.29218292236328,4.9902472496032715,2.6227526664733887,0.7048345804214478,0.34722861647605896,-1.4409315586090088,31.77472496032715,-12.158077239990234,12.090063095092773,201.06497192382812,h
182.8410186767578,128.98667907714844,4.291408061981201,0.05956236273050308,0.017725195735692978,-23.040937423706055,-161.16488647460938,126.62071990966797,87.30018615722656,390.8284606933594,h
7.207900047302246,0.0,5.179500102996826,0.8912000060081482,0.6740000247955322,575.24072265625,-331.7799987792969,179.8509979248047,90.0,5.74560022354126,h
334.177001953125,228.0384979248047,5.179500102996826,0.013100000098347664,0.0007999999797903001,-457.9161071777344,231.4459991455078,-205.8946990966797,90.0,466.4078063964844,h
334.177001953125,228.0384979248047,5.179500102996826,0.013100000098347664,0.0007999999797903001,-457.9161071777344,-331.7799987792969,179.8509979248047,90.0,466.4078063964844,h
229.6066131591797,93.06521606445312,3.415574550628662,0.1555207520723343,0.08081955462694168,-120.29541778564453,171.70750427246094,-141.55262756347656,14.117938041687012,273.2294616699219,h
334.177001953125,228.0384979248047,1.9413000345230103,0.8912000060081482,0.6740000247955322,-457.9161071777344,-331.7799987792969,-205.8946990966797,0.0,5.74560022354126,h
334.177001953125,228.0384979248047,5.179500102996826,0.013100000098347664,0.0007999999797903001,-457.9161071777344,-331.7799987792969,179.8509979248047,90.0,466.4078063964844,h
334.177001953125,228.0384979248047,1.9413000345230103,0.8912000060081482,0.6740000247955322,-457.9161071777344,-331.7799987792969,-205.8946990966797,0.0,5.74560022354126,h
334.177001953125,228.0384979248047,5.179500102996826,0.013100000098347664,0.0007999999797903001,-457.9161071777344,-331.7799987792969,179.8509979248047,90.0,5.916545867919922,h
122.78080749511719,21.38227653503418,1.9413000345230103,0.8210219144821167,0.20819677412509918,-457.9161071777344,-331.7799987792969,179.8509979248047,0.0,5.74560022354126,h
69.00629425048828,16.520143508911133,2.484060764312744,0.28607839345932007,0.16189345717430115,9.690978050231934,-19.215539932250977,9.713292121887207,8.067620277404785,189.08116149902344,h
334.177001953125,228.0384979248047,5.179500102996826,0.013100000098347664,0.0007999999797903001,575.24072265625,231.4459991455078,-205.8946990966797,90.0,5.74560022354126,h
71.33738708496094,8.718316078186035,2.5186147689819336,0.4152407646179199,0.21826405823230743,-17.557466506958008,-55.95733642578125,8.625982284545898,65.27661895751953,84.82957458496094,h
104.35395050048828,52.94530487060547,3.5786571502685547,0.12021031975746155,0.07404188066720963,41.00606155395508,92.00439453125,68.9150161743164,75.12388610839844,340.0566101074219,h
334.177001953125,228.0384979248047,5.179500102996826,0.013100000098347664,0.0007999999797903001,575.24072265625,231.4459991455078,-205.8946990966797,90.0,5.74560022354126,h
7.208320140838623,22.364892959594727,1.9413000345230103,0.8495205640792847,0.45778438448905945,10.90349006652832,-17.472761154174805,81.3558578491211,0.4872598946094513,297.6360168457031,h
143.17257690429688,126.67904663085938,5.05786657333374,0.039746712893247604,0.024005725979804993,-60.44106674194336,-100.15510559082031,144.7693634033203,23.580322265625,408.02960205078125,h
141.21315002441406,76.21263885498047,4.123379707336426,0.11174193024635315,0.056442443281412125,10.640317916870117,51.313499450683594,-12.835448265075684,22.36733055114746,179.42991638183594,h
20.62586784362793,17.825544357299805,2.5931127071380615,0.4402657151222229,0.23963750898838043,-13.252774238586426,-12.661303520202637,9.767029762268066,84.59880828857422,172.26441955566406,h
7.207900047302246,0.0,1.9413000345230103,0.8912000060081482,0.6740000247955322,575.24072265625,-331.7799987792969,179.8509979248047,90.0,5.74560022354126,h
59.49128341674805,15.628411293029785,3.2968361377716064,0.2013455480337143,0.10548501461744308,2.8238449096679688,30.256765365600586,10.4904146194458,26.666404724121094,223.7487030029297,h
42.51290512084961,16.37415313720703,2.732893705368042,0.2678205370903015,0.14104615151882172,-50.290283203125,16.19702911376953,5.941249847412109,26.238079071044922,116.51667785644531,h
70.35796356201172,24.254972457885742,3.351036310195923,0.23453475534915924,0.155172199010849,-49.38679122924805,55.844398498535156,13.309247970581055,19.501842498779297,246.70785522460938,h
29.532527923583984,13.4091796875,2.355093240737915,0.4612337648868561,0.23253430426120758,28.70595932006836,-7.589422702789307,-10.211504936218262,79.55181121826172,161.6260223388672,h
12.962318420410156,15.48119068145752,1.9413000345230103,0.548360288143158,0.27161648869514465,7.478086471557617,-66.27210998535156,37.173213958740234,0.0,5.768283843994141,h
85.13825225830078,43.809295654296875,3.348525047302246,0.16772037744522095,0.09871822595596313,47.75823974609375,-25.382034301757812,44.18231201171875,16.25002098083496,240.72410583496094,h
334.177001953125,228.0384979248047,5.179500102996826,0.8912000060081482,0.0007999999797903001,575.24072265625,-331.7799987792969,179.8509979248047,90.0,5.74560022354126,h
334.177001953125,228.0384979248047,5.179500102996826,0.013100000098347664,0.0007999999797903001,-457.9161071777344,-331.7799987792969,179.8509979248047,90.0,466.4078063964844,h
7.207900047302246,0.0,5.179500102996826,0.8912000060081482,0.6740000247955322,-457.9161071777344,-331.7799987792969,179.8509979248047,90.0,5.74560022354126,h
334.177001953125,228.0384979248047,1.9413000345230103,0.013100000098347664,0.6740000247955322,-457.9161071777344,-331.7799987792969,179.8509979248047,0.0,5.74560022354126,h
334.177001953125,228.0384979248047,1.9413000345230103,0.013100000098347664,0.6740000247955322,-457.9161071777344,-331.7799987792969,179.8509979248047,0.0,5.74560022354126,h
334.177001953125,228.0384979248047,5.179500102996826,0.013100000098347664,0.0007999999797903001,575.24072265625,231.4459991455078,-205.8946990966797,90.0,466.4078063964844,h
334.177001953125,228.0384979248047,5.179500102996826,0.013100000098347664,0.0007999999797903001,-457.9161071777344,-331.7799987792969,-205.8946990966797,90.0,466.4078063964844,h
31.282825469970703,0.0,2.510650634765625,0.5340222120285034,0.260001540184021,14.703535079956055,17.934797286987305,-5.767804145812988,54.389808654785156,37.55875778198242,h
334.177001953125,228.0384979248047,5.179500102996826,0.013100000098347664,0.0007999999797903001,-457.9161071777344,-331.7799987792969,179.8509979248047,90.0,466.4078063964844,h
334.177001953125,228.0384979248047,5.179500102996826,0.013100000098347664,0.0007999999797903001,-457.9161071777344,-331.7799987792969,-205.8946990966797,90.0,458.7427978515625,h
334.177001953125,228.0384979248047,5.179500102996826,0.013100000098347664,0.0007999999797903001,575.24072265625,231.4459991455078,179.8509979248047,90.0,5.74560022354126,h
334.177001953125,228.0384979248047,1.9413000345230103,0.8912000060081482,0.6740000247955322,-457.9161071777344,-331.7799987792969,-205.8946990966797,0.0,5.74560022354126,h
334.177001953125,228.0384979248047,5.179500102996826,0.013100000098347664,0.0007999999797903001,-457.9161071777344,-331.7799987792969,179.8509979248047,90.0,35.21684646606445,h
102.08736419677734,39.8449821472168,2.8883018493652344,0.28983074426651,0.16835033893585205,157.9597625732422,83.40636444091797,-43.618167877197266,28.913619995117188,273.51934814453125,h
334.177001953125,228.0384979248047,5.179500102996826,0.013100000098347664,0.0007999999797903001,-457.9161071777344,-331.7799987792969,179.8509979248047,90.0,466.4078063964844,h
28.659029006958008,6.252354621887207,2.2467570304870605,0.5080896615982056,0.24581369757652283,61.47963333129883,9.765334129333496,9.089446067810059,33.475833892822266,232.48373413085938,h
214.92616271972656,116.16020965576172,4.285494804382324,0.0392037071287632,0.02599017322063446,492.4879455566406,219.76878356933594,102.70816802978516,38.81613540649414,133.1964111328125,h
334.177001953125,228.0384979248047,1.9413000345230103,0.013100000098347664,0.11570537090301514,-457.9161071777344,-331.7799987792969,179.8509979248047,0.0,5.74560022354126,h
36.940032958984375,24.24383544921875,2.698779582977295,0.22828157246112823,0.1268426477909088,-10.830113410949707,-21.152545928955078,-11.17572021484375,84.06893157958984,132.5047607421875,h
20.450212478637695,228.0384979248047,1.9413000345230103,0.07115480303764343,0.14543983340263367,-457.9161071777344,-331.7799987792969,179.8509979248047,0.0,5.74560022354126,h
41.85428237915039,11.598461151123047,2.609041213989258,0.4360101521015167,0.23838123679161072,3.162024736404419,20.58098602294922,-10.09662914276123,1.9461555480957031,148.76255798339844,h
334.177001953125,228.0384979248047,1.9413000345230103,0.013100000098347664,0.5108988881111145,-457.9161071777344,-331.7799987792969,-205.8946990966797,0.0,5.74560022354126,h
33.244319915771484,17.418508529663086,2.7189385890960693,0.30250710248947144,0.1764237880706787,24.000131607055664,-12.069445610046387,10.56831169128418,43.50776290893555,251.8652801513672,h
80.47355651855469,50.38397979736328,2.9717013835906982,0.17711643874645233,0.1081235259771347,-5.8683247566223145,-77.28585052490234,25.0437068939209,73.68941497802734,204.9434356689453,h
316.127197265625,211.6800994873047,5.1514668464660645,0.022919949144124985,0.007437839172780514,-375.9039001464844,-329.3900146484375,-205.63243103027344,69.3853759765625,466.36865234375,h
333.7457275390625,228.0384979248047,5.179500102996826,0.013100000098347664,0.0007999999797903001,-287.0440673828125,-331.602783203125,-205.8946990966797,85.35398864746094,444.0096435546875,h
334.177001953125,228.0384979248047,5.179500102996826,0.013100000098347664,0.0007999999797903001,575.24072265625,231.4459991455078,-205.8946990966797,90.0,5.74560022354126,h
334.177001953125,228.0384979248047,5.179500102996826,0.013100000098347664,0.0007999999797903001,-457.9161071777344,-331.7799987792969,-205.8946990966797,90.0,5.74560022354126,h
60.751983642578125,34.068450927734375,3.1492526531219482,0.17916613817214966,0.09824390709400177,-5.636690616607666,10.691932678222656,-29.56747817993164,37.2837028503418,251.01705932617188,h
334.177001953125,228.0384979248047,5.179500102996826,0.013100000098347664,0.0007999999797903001,-457.9161071777344,-331.7799987792969,179.8509979248047,90.0,466.39996337890625,h
29.477985382080078,15.115555763244629,2.5786478519439697,0.39944252371788025,0.2027035355567932,-1.0084015130996704,8.27914810180664,7.911291599273682,84.56523132324219,154.58079528808594,h
7.207900047302246,0.0,1.9413000345230103,0.8912000060081482,0.6740000247955322,-457.9161071777344,-331.7701721191406,179.8509979248047,0.0,466.4078063964844,h
39.692264556884766,30.523998260498047,2.3938546180725098,0.5211650729179382,0.3645877540111542,49.698638916015625,19.546348571777344,15.001398086547852,59.349430084228516,298.359130859375,h
32.94401168823242,7.374041557312012,2.87597918510437,0.545587420463562,0.380805104970932,-2.1860158443450928,17.869932174682617,-6.633599281311035,10.0446138381958,160.26512145996094,h
334.177001953125,228.0384979248047,1.9413000345230103,0.013100000098347664,0.6647557020187378,-457.9161071777344,-331.7799987792969,179.8509979248047,0.0,5.74560022354126,h
334.177001953125,228.0384979248047,5.179500102996826,0.013100000098347664,0.0007999999797903001,-457.9161071777344,-331.7799987792969,-205.8946990966797,90.0,466.4078063964844,h
334.177001953125,228.0384979248047,5.179500102996826,0.013100000098347664,0.0007999999797903001,-457.9161071777344,-331.7799987792969,179.8509979248047,90.0,5.74560022354126,h
28.47134780883789,21.57783317565918,2.6601264476776123,0.3192081153392792,0.1589941382408142,-7.0683088302612305,-17.823143005371094,8.767145156860352,59.16262435913086,113.17752075195312,h
334.177001953125,228.0384979248047,5.179500102996826,0.013100000098347664,0.0007999999797903001,-457.9161071777344,-331.7799987792969,179.8509979248047,90.0,466.4078063964844,h
334.177001953125,228.0384979248047,5.179500102996826,0.013100000098347664,0.0007999999797903001,-457.9161071777344,-331.7799987792969,-205.8946990966797,90.0,466.4078063964844,h
334.177001953125,228.0384979248047,5.179500102996826,0.013100000098347664,0.0007999999797903001,575.24072265625,231.4459991455078,179.8509979248047,90.0,5.74560022354126,h
23.697465896606445,12.992856979370117,2.5328409671783447,0.5415691137313843,0.30888697504997253,17.215003967285156,21.39434242248535,-8.771105766296387,15.857301712036133,132.0753173828125,h
334.177001953125,228.0384979248047,5.179500102996826,0.013100000098347664,0.0007999999797903001,575.24072265625,231.4459991455078,-205.8946990966797,90.0,5.74560022354126,h
13.016965866088867,11.103227615356445,2.447950839996338,0.48504123091697693,0.3129306137561798,2.6147408485412598,-6.177327632904053,-11.064269065856934,16.16160774230957,160.2084503173828,h
334.177001953125,228.0384979248047,5.179500102996826,0.013100000098347664,0.0007999999797903001,575.24072265625,231.4459991455078,-205.8946990966797,90.0,5.74560022354126,h
10.932160377502441,8.99553394317627,2.653223991394043,0.7666552066802979,0.3759252429008484,12.941439628601074,10.689615249633789,1.9043959379196167,9.490922927856445,280.6482238769531,h
334.177001953125,228.0384979248047,5.179500102996826,0.013100000098347664,0.0007999999797903001,575.24072265625,231.4459991455078,179.8509979248047,90.0,466.4078063964844,h
192.96658325195312,55.94118118286133,3.5976431369781494,0.10807617008686066,0.0586877204477787,-122.59749603271484,-159.39028930664062,16.944969177246094,63.23358917236328,171.9295654296875,h
334.177001953125,228.0384979248047,5.179500102996826,0.013100000098347664,0.0007999999797903001,575.24072265625,231.4459991455078,179.8509979248047,90.0,5.74560022354126,h
334.177001953125,228.0384979248047,1.9413000345230103,0.013100000098347664,0.6740000247955322,-457.9161071777344,-331.7799987792969,-205.8946990966797,90.0,5.74560022354126,h
8.149763107299805,14.498575210571289,1.9413000345230103,0.6928128600120544,0.37451300024986267,3.975947380065918,-6.873806476593018,11.389760971069336,0.13375025987625122,60.81699752807617,h
46.55901336669922,32.13208770751953,3.461817979812622,0.1574905514717102,0.07617697864770889,71.06109619140625,28.00211524963379,-12.971236228942871,35.010711669921875,206.05189514160156,h
127.92909240722656,74.01353454589844,4.240448474884033,0.08179133385419846,0.038632962852716446,10.08488655090332,112.72896575927734,47.20075988769531,51.86417007446289,367.2991943359375,h
82.0284194946289,27.29021453857422,3.129751443862915,0.19633342325687408,0.11107785999774933,60.29740524291992,68.29560852050781,-7.2335052490234375,41.29219055175781,238.39195251464844,h
59.6171760559082,43.81138610839844,3.4112393856048584,0.20663055777549744,0.11806810647249222,-5.314320087432861,28.640193939208984,-29.532445907592773,21.80371856689453,270.13433837890625,h
334.177001953125,228.0384979248047,5.179500102996826,0.013100000098347664,0.0007999999797903001,-457.9161071777344,-331.7799987792969,179.8509979248047,90.0,274.609130859375,h
19.07927131652832,12.780924797058105,2.4899280071258545,0.7425410747528076,0.46030399203300476,19.410076141357422,9.627850532531738,6.632974624633789,64.6605224609375,239.820068359375,h
29.49652099609375,10.418305397033691,2.455395460128784,0.4141336977481842,0.3312678635120392,-4.098474979400635,-17.522653579711914,-10.457115173339844,83.39204406738281,232.0706024169922,h
98.33457946777344,13.268753051757812,3.109940767288208,0.16113723814487457,0.09256861358880997,-123.9231948852539,-20.364221572875977,11.059869766235352,58.154537200927734,159.95191955566406,h
46.47840881347656,7.816652297973633,2.2825675010681152,0.6038066148757935,0.3793316185474396,4.063693046569824,-13.71817684173584,5.475269794464111,4.661133289337158,71.62654113769531,h
12.714827537536621,228.0384979248047,1.9413000345230103,0.013202411122620106,0.028265325352549553,-457.9161071777344,-331.7799987792969,179.8509979248047,0.0,5.74560022354126,h
62.08793640136719,16.71526336669922,2.9614529609680176,0.3046988844871521,0.20455402135849,-99.18807220458984,-18.013042449951172,-12.232844352722168,37.04180145263672,269.8985595703125,h
7.207900047302246,19.787797927856445,1.9413000345230103,0.570650577545166,0.17294059693813324,-447.27313232421875,-331.7423095703125,37.87641143798828,0.0,62.0493278503418,h
31.241519927978516,14.296225547790527,2.70615553855896,0.43540889024734497,0.23148111999034882,-6.262831687927246,8.384723663330078,-13.420036315917969,28.513992309570312,111.03346252441406,h
334.177001953125,228.0384979248047,5.179500102996826,0.013100000098347664,0.0007999999797903001,575.24072265625,231.4459991455078,179.8509979248047,90.0,5.74560022354126,h
334.177001953125,228.0384979248047,5.179500102996826,0.013100000098347664,0.0007999999797903001,-260.7367248535156,-331.6580505371094,179.8509979248047,90.0,39.75978088378906,h
334.177001953125,228.0384979248047,5.179500102996826,0.013100000098347664,0.0007999999797903001,575.24072265625,231.4459991455078,-205.8946990966797,90.0,5.74560022354126,h
334.177001953125,228.0384979248047,1.9413000345230103,0.013100000098347664,0.6740000247955322,-457.9161071777344,-331.7799987792969,-205.8946990966797,0.0,5.74560022354126,h
334.177001953125,228.0384979248047,5.179500102996826,0.013100000098347664,0.0007999999797903001,575.24072265625,231.4459991455078,-205.8946990966797,90.0,5.74560022354126,h
334.177001953125,228.0384979248047,5.179500102996826,0.013100000098347664,0.0007999999797903001,-457.9161071777344,-331.7799987792969,-205.8946990966797,90.0,466.4078063964844,h
334.177001953125,228.0384979248047,5.179500102996826,0.013100000098347664,0.0007999999797903001,575.24072265625,231.4459991455078,-205.8946990966797,90.0,5.74560022354126,h
7.207900047302246,0.0,5.179500102996826,0.8912000060081482,0.6740000247955322,-457.9161071777344,231.4459991455078,-205.8946990966797,90.0,466.4078063964844,h
7.207900047302246,0.0,1.9413000345230103,0.8912000060081482,0.6740000247955322,-457.9161071777344,-331.7799987792969,179.8509979248047,82.96564483642578,13.47118854522705,h
334.147705078125,228.0384979248047,5.179500102996826,0.013100000098347664,0.0007999999797903001,-0.02698606066405773,-186.24267578125,-205.8946990966797,89.9999771118164,466.4052429199219,h
49.38486862182617,14.271814346313477,3.028118371963501,0.27966222167015076,0.14954634010791779,20.978300094604492,18.07977294921875,-16.813283920288086,45.395477294921875,98.2230453491211,h
334.177001953125,228.0384979248047,5.179500102996826,0.013100000098347664,0.0007999999797903001,-457.9161071777344,-331.7799987792969,-205.8946990966797,90.0,466.4078063964844,h
78.63939666748047,20.339473724365234,2.70386004447937,0.2909766137599945,0.18378368020057678,-70.61788177490234,-20.0225830078125,19.72053337097168,49.76349639892578,44.11677551269531,h
334.177001953125,228.0384979248047,5.179500102996826,0.013100000098347664,0.0007999999797903001,-457.9161071777344,-331.7799987792969,179.8509979248047,90.0,5.74560022354126,h
106.12176513671875,66.23424530029297,3.947248935699463,0.1338965743780136,0.0633450374007225,-58.113590240478516,96.46683502197266,-74.47947692871094,4.1658196449279785,367.5516357421875,h
334.177001953125,228.0384979248047,5.179500102996826,0.013100000098347664,0.0007999999797903001,575.24072265625,231.4459991455078,-205.8946990966797,90.0,7.83212423324585,h
334.177001953125,228.0384979248047,5.179500102996826,0.013100000098347664,0.0007999999797903001,-457.9161071777344,-331.7799987792969,179.8509979248047,90.0,466.4078063964844,h
105.11177062988281,26.434078216552734,3.1398112773895264,0.2701500356197357,0.1592436581850052,-0.24209269881248474,-58.645477294921875,21.582683563232422,9.09794807434082,260.91949462890625,h
334.177001953125,228.0384979248047,5.179500102996826,0.013100000098347664,0.0007999999797903001,575.24072265625,231.4459991455078,-205.8946990966797,90.0,466.4078063964844,h
38.926673889160156,12.920517921447754,2.731663703918457,0.3390485346317291,0.1808462142944336,26.114377975463867,14.563688278198242,4.595298767089844,2.261164903640747,192.4166259765625,h
7.207900047302246,0.0,5.179500102996826,0.8912000060081482,0.6740000247955322,-457.9161071777344,-331.7799987792969,-205.8946990966797,90.0,5.74560022354126,h
334.177001953125,228.0384979248047,5.179500102996826,0.013100000098347664,0.0007999999797903001,-457.9161071777344,-331.7799987792969,179.8509979248047,90.0,466.4078063964844,h
334.177001953125,228.0384979248047,5.179500102996826,0.013100000098347664,0.0007999999797903001,575.24072265625,231.4459991455078,-205.8946990966797,90.0,5.74560022354126,h
148.89987182617188,75.12169647216797,4.299393653869629,0.05577612295746803,0.031721100211143494,35.30598068237305,79.7608871459961,26.915306091308594,20.348848342895508,277.3479309082031,h
22.472997665405273,14.40272331237793,2.639190912246704,0.3928438425064087,0.20917604863643646,-4.760685443878174,-7.630397319793701,6.987660884857178,17.046316146850586,234.94505310058594,h
334.177001953125,228.0384979248047,5.179500102996826,0.013100000098347664,0.0007999999797903001,-457.9161071777344,-331.7799987792969,-205.8946990966797,90.0,451.01318359375,h
44.48576736450195,20.546541213989258,2.6127848625183105,0.338122695684433,0.17028744518756866,-2.0861074924468994,73.20160675048828,5.70035982131958,89.85003662109375,127.80525207519531,h
150.0459442138672,218.1241455078125,4.68042516708374,0.027096396312117577,0.02152104303240776,407.5699462890625,152.3617401123047,116.48553466796875,87.66281127929688,388.3380432128906,h
29.601118087768555,15.758983612060547,2.5722134113311768,0.48549115657806396,0.27665358781814575,17.08928871154785,25.861366271972656,8.012994766235352,9.982675552368164,254.5715789794922,h
334.177001953125,228.0384979248047,5.179500102996826,0.013100000098347664,0.0007999999797903001,-457.9161071777344,-331.7799987792969,179.8509979248047,90.0,466.4078063964844,h
7.207900047302246,0.0,5.179500102996826,0.8912000060081482,0.6740000247955322,-457.9161071777344,-331.7799987792969,179.8509979248047,90.0,5.74560022354126,h
21.095848083496094,3.3836026191711426,2.3362679481506348,0.732020914554596,0.4097513258457184,20.032215118408203,14.947054862976074,-5.483817100524902,14.76728343963623,174.2513885498047,h
334.177001953125,228.0384979248047,5.179500102996826,0.013100000098347664,0.0007999999797903001,575.24072265625,231.4459991455078,179.8509979248047,90.0,5.74560022354126,h
7.207900047302246,0.0,1.9413000345230103,0.8912000060081482,0.6740000247955322,-457.9161071777344,-331.7799987792969,-205.8946990966797,90.0,5.74560022354126,h
13.335526466369629,10.512768745422363,2.193722724914551,0.719630777835846,0.3748531639575958,16.966251373291016,-16.381954193115234,-8.190728187561035,8.563589096069336,188.79791259765625,h
334.177001953125,228.0384979248047,5.179500102996826,0.013100000098347664,0.0007999999797903001,575.24072265625,231.4459991455078,-205.8946990966797,90.0,5.74560022354126,h
200.4220428466797,78.83100128173828,3.6527297496795654,0.08594357222318649,0.05027757212519646,176.5454559326172,218.04966735839844,-133.8517608642578,25.89533233642578,56.90369415283203,h
21.42237091064453,10.639713287353516,2.7106986045837402,0.6123241186141968,0.36437299847602844,-9.91811466217041,8.942337989807129,-3.0943686962127686,80.39520263671875,174.06935119628906,h
334.177001953125,228.0384979248047,5.179500102996826,0.013100000098347664,0.0007999999797903001,-457.9161071777344,-331.7799987792969,-205.8946990966797,90.0,466.4078063964844,h
22.98133659362793,12.651039123535156,2.5948128700256348,0.432923287153244,0.24498355388641357,-15.627728462219238,6.081732273101807,-7.263608455657959,18.938207626342773,109.22386932373047,h
334.177001953125,228.0384979248047,5.179500102996826,0.013100000098347664,0.0007999999797903001,-457.9161071777344,-331.7799987792969,179.8509979248047,90.0,5.74560022354126,h
92.49324035644531,39.17472839355469,3.4585554599761963,0.17257237434387207,0.09809944778680801,-13.128935813903809,-115.54199981689453,-17.790050506591797,59.12967300415039,216.07130432128906,h
310.0732727050781,113.98763275146484,5.179333209991455,0.01310220267623663,0.0007999999797903001,-455.48779296875,-331.0941467285156,106.25935363769531,89.9984130859375,139.41639709472656,h
94.43193054199219,95.29747009277344,3.8916501998901367,0.1117372065782547,0.042489975690841675,-55.079437255859375,16.439123153686523,45.49363708496094,6.272441864013672,302.961669921875,h
42.5126838684082,20.365968704223633,2.9676156044006348,0.3425019681453705,0.20434246957302094,29.86750602722168,28.311044692993164,-14.77271556854248,46.88389205932617,225.625732421875,h
334.177001953125,228.0384979248047,1.9413000345230103,0.013100000098347664,0.12559308111667633,-457.9161071777344,-331.7799987792969,179.8509979248047,0.0,5.74560022354126,h
21.15444564819336,12.537003517150879,2.374549627304077,0.5925933718681335,0.2428491711616516,3.956125259399414,-5.7827229499816895,-10.034975051879883,1.3326255083084106,65.671875,h
334.177001953125,228.0384979248047,5.179500102996826,0.013100000098347664,0.0007999999797903001,-457.9161071777344,-331.7799987792969,-205.8946990966797,90.0,466.4078063964844,h
40.51247787475586,17.299341201782227,2.628122568130493,0.5821417570114136,0.3778611719608307,0.4823406934738159,18.886995315551758,15.063863754272461,72.21273040771484,297.9074401855469,h
334.177001953125,228.0384979248047,5.179500102996826,0.013100000098347664,0.0007999999797903001,575.24072265625,231.4459991455078,-205.8946990966797,90.0,5.74560022354126,h
26.30331039428711,19.57743263244629,2.710653781890869,0.39941146969795227,0.23793499171733856,69.26688385009766,42.595211029052734,10.157317161560059,15.9063081741333,202.11460876464844,h
334.177001953125,228.0384979248047,5.179500102996826,0.013100000098347664,0.0007999999797903001,-457.9161071777344,-331.7799987792969,179.8509979248047,90.0,466.4078063964844,h
7.207900047302246,0.0,1.9413000345230103,0.8912000060081482,0.6740000247955322,-457.9161071777344,-331.7799987792969,179.8509979248047,90.0,5.74560022354126,h
9.639596939086914,183.8829345703125,1.9413000345230103,0.1024572029709816,0.05604315921664238,-176.45997619628906,-328.9727783203125,179.34759521484375,0.0,5.74560022354126,h
23.648283004760742,11.334684371948242,2.720029830932617,0.4047354459762573,0.2173181176185608,20.393247604370117,13.966651916503906,-14.068145751953125,37.710384368896484,196.3359832763672,h
334.177001953125,228.0384979248047,5.179500102996826,0.013100000098347664,0.0007999999797903001,575.24072265625,-331.7799987792969,179.8509979248047,90.0,466.4078063964844,h
139.60623168945312,206.10821533203125,5.170872688293457,0.014153779484331608,0.0010856791632249951,-14.536996841430664,-158.39022827148438,70.17967987060547,82.33673095703125,372.8894958496094,h
334.177001953125,228.0384979248047,5.179500102996826,0.013100000098347664,0.0007999999797903001,575.24072265625,231.4459991455078,22.656740188598633,90.0,466.4078063964844,h
19.648517608642578,9.457987785339355,2.383843421936035,0.7077000141143799,0.3578808009624481,-30.30634880065918,-7.086153984069824,-3.8688437938690186,69.32691192626953,210.53329467773438,h
334.177001953125,228.0384979248047,5.179500102996826,0.013100000098347664,0.0007999999797903001,-457.9161071777344,-331.7799987792969,179.8509979248047,90.0,5.74560022354126,h
96.52316284179688,13.35969066619873,3.283010959625244,0.2429443746805191,0.12378618121147156,-113.1180419921875,24.982412338256836,-8.019198417663574,18.797969818115234,208.20657348632812,h
132.7006072998047,42.41128158569336,3.1889188289642334,0.17785024642944336,0.09805663675069809,-25.61699676513672,-111.55237579345703,29.44828224182129,10.347265243530273,119.2608642578125,h
20.824909210205078,10.949321746826172,2.414320468902588,0.5987629890441895,0.31423220038414,-14.890237808227539,24.460960388183594,-9.75286865234375,7.419647693634033,154.70904541015625,h
21.418216705322266,228.0384979248047,1.9413000345230103,0.013104598969221115,0.04082217440009117,-457.9161071777344,-331.7799987792969,179.8509979248047,0.0,5.74560022354126,h
223.84255981445312,217.03170776367188,5.174760341644287,0.013108272105455399,0.0008180741569958627,-408.625732421875,-175.59815979003906,177.3539581298828,89.98546600341797,273.3150634765625,h
39.597450256347656,11.754549980163574,2.604006052017212,0.5323690176010132,0.32194024324417114,7.38984489440918,-11.497625350952148,9.316898345947266,12.245516777038574,194.33270263671875,h
18.591096878051758,10.747976303100586,2.39713191986084,0.48802047967910767,0.28989869356155396,1.419461965560913,2.06573748588562,6.965200424194336,64.01554870605469,63.28425216674805,h
33.27034378051758,16.766223907470703,2.9464738368988037,0.3677406311035156,0.24415455758571625,-26.204030990600586,11.03151798248291,11.625603675842285,86.84796142578125,199.20126342773438,h
7.207900047302246,0.0,1.9413000345230103,0.8912000060081482,0.6740000247955322,-457.9161071777344,-331.7799987792969,179.8509979248047,0.0,5.74560022354126,h
7.849717617034912,9.671140670776367,1.9470288753509521,0.8160395622253418,0.490849107503891,-12.626301765441895,-10.825210571289062,-8.768115997314453,89.83247375488281,64.27799987792969,h
334.177001953125,228.0384979248047,5.179500102996826,0.013100000098347664,0.0007999999797903001,575.24072265625,231.4459991455078,-205.8946990966797,90.0,465.965087890625,h
334.177001953125,228.0384979248047,5.179500102996826,0.013100000098347664,0.0007999999797903001,575.24072265625,231.4459991455078,179.8509979248047,90.0,466.4078063964844,h
334.177001953125,228.0384979248047,5.179500102996826,0.013100000098347664,0.0007999999797903001,-457.9161071777344,-331.7799987792969,179.8509979248047,90.0,466.4078063964844,h
7.207900047302246,0.0,5.179500102996826,0.8912000060081482,0.6740000247955322,-457.9161071777344,231.4459991455078,179.8509979248047,90.0,466.4078063964844,h
7.207900047302246,12.452083587646484,1.9413000345230103,0.7835575342178345,0.31746336817741394,-77.84056091308594,-324.294921875,9.944973945617676,0.0,108.65719604492188,h
136.21585083007812,49.67280197143555,3.443650484085083,0.3170139193534851,0.15781813859939575,-76.2589111328125,-146.2339630126953,9.522972106933594,17.56764793395996,344.0799255371094,h
334.177001953125,228.0384979248047,5.179500102996826,0.013100000098347664,0.0007999999797903001,575.24072265625,231.4459991455078,-205.8946990966797,90.0,5.74560022354126,h
334.177001953125,228.0384979248047,5.179500102996826,0.013100000098347664,0.0007999999797903001,575.24072265625,231.4459991455078,-205.8946990966797,90.0,466.4078063964844,h
171.26242065429688,38.53197479248047,3.9285378456115723,0.13373109698295593,0.07083844393491745,-12.005821228027344,-120.15054321289062,57.1624755859375,83.42996978759766,280.1027526855469,h
7.207900047302246,19.262754440307617,1.9413000345230103,0.59542316198349,0.28768211603164673,158.00204467773438,-75.65311431884766,15.800989151000977,0.0,5.74560022354126,h
166.35630798339844,109.41695404052734,3.5844004154205322,0.1067608892917633,0.04279496148228645,-80.1067886352539,109.09905242919922,-90.75750732421875,33.30818557739258,347.28021240234375,h
334.177001953125,228.0384979248047,5.179500102996826,0.013100000098347664,0.0007999999797903001,-457.9161071777344,231.4459991455078,-205.8946990966797,90.0,5.74560022354126,h
12.987943649291992,9.141899108886719,2.330305576324463,0.8229305744171143,0.5579617619514465,16.05245018005371,10.0531587600708,14.312239646911621,17.971750259399414,169.22775268554688,h
334.177001953125,228.0384979248047,1.9413000345230103,0.013100000098347664,0.6740000247955322,-457.9161071777344,-331.7799987792969,179.8509979248047,0.0,5.74560022354126,h
183.58944702148438,54.374176025390625,4.012535095214844,0.1239507868885994,0.0641961619257927,-200.0716552734375,-140.0859832763672,60.10818862915039,78.68346405029297,153.84854125976562,h
7.207900047302246,0.0,1.9413000345230103,0.8912000060081482,0.6740000247955322,-457.9161071777344,-331.7799987792969,179.8509979248047,90.0,405.5632629394531,h
33.236610412597656,19.671165466308594,2.7442359924316406,0.3782822787761688,0.21136508882045746,1.1049953699111938,-2.429755687713623,19.86484146118164,5.370633125305176,201.10484313964844,h
334.177001953125,228.0384979248047,5.179500102996826,0.013100000098347664,0.0007999999797903001,-457.9161071777344,-331.7799987792969,179.8509979248047,90.0,466.4078063964844,h
334.177001953125,228.0384979248047,5.179500102996826,0.013100000098347664,0.0007999999797903001,-457.9161071777344,-331.7799987792969,179.8509979248047,90.0,466.4078063964844,h
334.177001953125,228.0384979248047,5.179500102996826,0.013100000098347664,0.0007999999797903001,-457.9161071777344,-331.7799987792969,-205.8946990966797,90.0,466.4078063964844,h
21.521333694458008,10.069518089294434,2.5113377571105957,0.716151237487793,0.4606834352016449,6.356250286102295,9.23833179473877,-11.400299072265625,25.728185653686523,106.1719741821289,h
7.207900047302246,228.0384979248047,1.9413000345230103,0.8912000060081482,0.6740000247955322,-457.9161071777344,-331.7799987792969,179.8509979248047,0.0,5.74560022354126,h
34.410186767578125,11.364991188049316,2.9006803035736084,0.3862479031085968,0.2181910276412964,-34.64653396606445,-20.471071243286133,-6.65787935256958,25.9820613861084,226.88063049316406,h
334.177001953125,228.0384979248047,5.179500102996826,0.013100000098347664,0.0007999999797903001,-457.9161071777344,-331.7799987792969,-205.8946990966797,90.0,466.4078063964844,h
334.177001953125,228.0384979248047,5.179500102996826,0.013100000098347664,0.0007999999797903001,575.24072265625,231.4459991455078,-205.8946990966797,90.0,5.74560022354126,h
50.37860870361328,23.977127075195312,3.030931234359741,0.21109534800052643,0.141548290848732,27.095197677612305,-25.33120346069336,12.007821083068848,52.638858795166016,56.93682098388672,h
23.597064971923828,9.775506973266602,2.595310926437378,0.4997851550579071,0.26323509216308594,-18.03557777404785,-12.929344177246094,-2.7875685691833496,43.63492965698242,64.77439880371094,h
334.177001953125,228.0384979248047,1.9413000345230103,0.013100000098347664,0.6740000247955322,-457.9161071777344,-331.7799987792969,179.8509979248047,0.0,5.74560022354126,h
75.19813537597656,57.1878547668457,3.3642537593841553,0.12578193843364716,0.06487566977739334,-75.45792388916016,25.910459518432617,33.144405364990234,10.233635902404785,206.94488525390625,h
334.177001953125,228.0384979248047,5.179500102996826,0.013100000098347664,0.0007999999797903001,-457.9161071777344,-331.7799987792969,179.8509979248047,90.0,466.4078063964844,h
334.177001953125,228.0384979248047,1.9413000345230103,0.8912000060081482,0.6740000247955322,-457.9161071777344,-331.7799987792969,179.8509979248047,0.0,466.4078063964844,h
334.177001953125,228.0384979248047,5.179500102996826,0.013100000098347664,0.0007999999797903001,-457.9161071777344,-331.7799987792969,-205.8946990966797,90.0,466.4078063964844,h
7.218685150146484,10.649170875549316,1.941727876663208,0.7522647380828857,0.38969212770462036,-0.14975552260875702,-16.671241760253906,-0.0940002053976059,1.0213133096694946,151.41738891601562,h
118.95140075683594,0.0,2.5201292037963867,0.8235634565353394,0.6740000247955322,575.24072265625,230.53472900390625,179.8509979248047,90.0,5.74560022354126,h
251.8588409423828,148.1851348876953,4.967979431152344,0.013242464512586594,0.0009046771447174251,574.185302734375,230.4795684814453,27.114612579345703,15.784005165100098,241.81854248046875,h
334.177001953125,228.0384979248047,5.179500102996826,0.013100000098347664,0.0007999999797903001,-111.31035614013672,-331.7799987792969,179.8509979248047,90.0,466.4078063964844,h
334.177001953125,228.0384979248047,5.179500102996826,0.013100000098347664,0.0007999999797903001,575.24072265625,231.4459991455078,-205.8946990966797,90.0,466.4078063964844,h
7.207900047302246,0.0,1.9413000345230103,0.8912000060081482,0.6740000247955322,-457.9161071777344,-331.7799987792969,179.8509979248047,90.0,5.74560022354126,h
334.177001953125,228.0384979248047,5.179500102996826,0.013100000098347664,0.0007999999797903001,575.24072265625,231.4459991455078,179.8509979248047,90.0,466.4078063964844,h
334.177001953125,228.0384979248047,5.179500102996826,0.013100000098347664,0.0007999999797903001,-457.9161071777344,231.4459991455078,179.8509979248047,90.0,5.74560022354126,h
33.546234130859375,22.790863037109375,2.829291820526123,0.21797819435596466,0.1332562267780304,-7.735485553741455,18.68855857849121,-10.504362106323242,59.300376892089844,131.09796142578125,h
34.420475006103516,10.512395858764648,2.708711862564087,0.3177282214164734,0.1533195823431015,-8.0101900100708,23.091581344604492,-7.756242275238037,45.8117790222168,108.45381164550781,h
334.177001953125,228.0384979248047,5.179500102996826,0.013100000098347664,0.0007999999797903001,575.24072265625,231.4459991455078,-205.8946990966797,90.0,5.74560022354126,h
7.207900047302246,0.0,1.9413000345230103,0.8912000060081482,0.6740000247955322,-457.9161071777344,-331.7799987792969,-205.8946990966797,0.0,5.74560022354126,h
105.53450775146484,37.27870559692383,3.2118477821350098,0.1902133673429489,0.09292268753051758,32.824344635009766,63.70139694213867,-29.535799026489258,33.59968185424805,342.3531188964844,h
7.331699848175049,30.26854705810547,1.9413000345230103,0.6715936064720154,0.2770397961139679,-457.9161071777344,-331.7799987792969,179.8509979248047,0.0,5.74560022354126,h
334.177001953125,228.0384979248047,5.179500102996826,0.013100000098347664,0.0007999999797903001,-457.9161071777344,-331.7799987792969,179.8509979248047,90.0,466.4078063964844,h
24.66803550720215,15.500259399414062,2.6260223388671875,0.5088288187980652,0.25791987776756287,-4.308273792266846,17.41065216064453,-6.021909713745117,75.77423858642578,6.149038791656494,h
334.177001953125,228.0384979248047,5.179500102996826,0.013100000098347664,0.0007999999797903001,-457.9161071777344,-331.7799987792969,179.8509979248047,90.0,466.4078063964844,h
19.92892074584961,9.69560718536377,2.1298210620880127,0.6985007524490356,0.3555527329444885,-1.2390825748443604,6.372231960296631,5.755762100219727,55.56730651855469,73.90361785888672,h
334.177001953125,228.0384979248047,1.9413000345230103,0.013100000098347664,0.6740000247955322,-457.9161071777344,-331.7799987792969,179.8509979248047,0.0,466.4078063964844,h
27.489442825317383,9.313289642333984,2.65222430229187,0.49363693594932556,0.2742968201637268,15.935018539428711,8.130306243896484,-10.307051658630371,52.13874053955078,89.99852752685547,h
32.543724060058594,13.133709907531738,2.6661295890808105,0.41169875860214233,0.22773554921150208,-33.047080993652344,-9.513086318969727,-9.078376770019531,52.20145034790039,124.16262817382812,h
334.177001953125,228.0384979248047,5.179500102996826,0.013100000098347664,0.0007999999797903001,-457.9161071777344,-331.7799987792969,179.8509979248047,90.0,5.74560022354126,h
334.177001953125,228.0384979248047,5.179500102996826,0.013100000098347664,0.0007999999797903001,575.24072265625,231.4459991455078,-205.8946990966797,90.0,466.4078063964844,h
334.177001953125,228.0384979248047,5.179500102996826,0.013100000098347664,0.0007999999797903001,575.24072265625,231.4459991455078,-205.8946990966797,90.0,5.74560022354126,h
7.207900047302246,0.0,5.179500102996826,0.05635503679513931,0.6740000247955322,-457.9161071777344,-331.7799987792969,-205.8946990966797,90.0,5.74560022354126,h
39.35988235473633,19.872867584228516,3.006474018096924,0.30423808097839355,0.20267614722251892,-24.117326736450195,-8.841139793395996,-9.566137313842773,87.63838195800781,137.0663604736328,h
39.67674255371094,12.210776329040527,2.786545753479004,0.377845823764801,0.21511219441890717,-29.139745712280273,14.185651779174805,9.149510383605957,73.39220428466797,218.63803100585938,h
18.62146759033203,8.574104309082031,2.7052791118621826,0.47092247009277344,0.2821026146411896,2.347385883331299,17.29811668395996,-7.762453556060791,22.577590942382812,78.67037963867188,h
334.177001953125,228.0384979248047,5.179500102996826,0.013100000098347664,0.0007999999797903001,-457.9161071777344,-331.7799987792969,179.8509979248047,90.0,466.4078063964844,h
22.35108184814453,10.264325141906738,2.3935863971710205,0.5000290870666504,0.3445807099342346,23.63135528564453,12.33188247680664,-2.866852045059204,22.32309913635254,194.44471740722656,h
334.177001953125,228.0384979248047,5.179500102996826,0.013100000098347664,0.0007999999797903001,-457.9161071777344,-331.7799987792969,179.8509979248047,90.0,5.74560022354126,h
151.8383026123047,92.31759643554688,4.13460111618042,0.06102553382515907,0.05011556297540665,-153.2627716064453,-87.00810241699219,82.7242660522461,55.74763870239258,221.76959228515625,h
114.09688568115234,49.51288604736328,4.013324737548828,0.11279772967100143,0.056768544018268585,40.41713333129883,108.45930480957031,40.45286560058594,38.195594787597656,190.2727508544922,h
334.177001953125,228.0384979248047,1.9413000345230103,0.8912000060081482,0.6740000247955322,-457.9161071777344,-331.7799987792969,-205.8946990966797,0.0,5.74560022354126,h
334.177001953125,228.0384979248047,5.179500102996826,0.013100000098347664,0.0007999999797903001,-457.9161071777344,231.4459991455078,179.8509979248047,0.0,5.74560022354126,h
7.208489418029785,35.185638427734375,1.9413000345230103,0.40714508295059204,0.11552881449460983,-457.9161071777344,-331.7799987792969,101.06074523925781,0.0,7.564393520355225,h
334.177001953125,228.0384979248047,5.179500102996826,0.013100000098347664,0.0007999999797903001,-457.9161071777344,-331.7799987792969,179.8509979248047,90.0,5.74560022354126,h
19.583349227905273,11.15871524810791,2.448235034942627,0.5993785858154297,0.3812462389469147,12.178618431091309,7.087949752807617,7.577810764312744,30.413951873779297,108.51239776611328,h
334.177001953125,228.0384979248047,5.179500102996826,0.013100000098347664,0.0007999999797903001,-457.9161071777344,-331.7799987792969,179.8509979248047,90.0,466.4078063964844,h
39.38651657104492,12.019192695617676,2.7191784381866455,0.39384695887565613,0.24363116919994354,26.8857479095459,43.20881652832031,5.950399875640869,49.65280532836914,149.33920288085938,h
334.177001953125,228.0384979248047,5.179500102996826,0.013100000098347664,0.0007999999797903001,-457.9161071777344,231.4459991455078,-205.8946990966797,90.0,466.4078063964844,h
7.207900047302246,0.0,5.179500102996826,0.8912000060081482,0.6740000247955322,-457.9161071777344,-331.7799987792969,179.8509979248047,90.0,5.74560022354126,h
105.20905303955078,44.92724609375,3.049501419067383,0.19834770262241364,0.12134181708097458,99.8270263671875,123.74146270751953,-44.8593635559082,33.81635284423828,222.30792236328125,h
334.177001953125,228.0384979248047,5.179500102996826,0.013100000098347664,0.0007999999797903001,575.24072265625,231.4459991455078,-205.8946990966797,90.0,5.74560022354126,h
54.08326721191406,10.858202934265137,2.4799814224243164,0.5077871084213257,0.2889314591884613,-11.126949310302734,22.21779441833496,5.431669235229492,22.0987491607666,236.39453125,h
334.177001953125,228.0384979248047,5.179500102996826,0.013100000098347664,0.0007999999797903001,-457.9161071777344,-331.7799987792969,179.8509979248047,90.0,5.74560022354126,h
7.207900047302246,12.729198455810547,1.9413000345230103,0.7022277116775513,0.24314714968204498,-136.32101440429688,-330.0606384277344,4.622070789337158,0.0,186.36805725097656,h
334.177001953125,228.0384979248047,5.179500102996826,0.013100000098347664,0.0007999999797903001,-457.9161071777344,-331.7799987792969,-205.8946990966797,90.0,466.4078063964844,h
7.207900047302246,0.0,1.9413000345230103,0.8912000060081482,0.6740000247955322,-457.9161071777344,-331.7799987792969,179.8509979248047,90.0,5.74560022354126,h
334.177001953125,228.0384979248047,5.179500102996826,0.013100000098347664,0.0007999999797903001,-457.9161071777344,-331.7799987792969,-205.8946990966797,90.0,466.4078063964844,h
334.177001953125,228.0384979248047,5.179500102996826,0.013100000098347664,0.0007999999797903001,-457.9161071777344,231.4459991455078,-205.8946990966797,90.0,466.4078063964844,h
334.177001953125,228.0384979248047,5.179500102996826,0.013100000098347664,0.0007999999797903001,-457.9161071777344,-331.7799987792969,179.8509979248047,90.0,466.4078063964844,h
334.177001953125,228.0384979248047,5.179500102996826,0.013100000098347664,0.0007999999797903001,-457.9161071777344,-331.7799987792969,179.8509979248047,90.0,442.0234680175781,h
22.05263328552246,5.630029678344727,2.3604087829589844,0.7428465485572815,0.5267742276191711,1.945650339126587,-15.791937828063965,-5.120978832244873,87.67503356933594,120.13020324707031,h
7.207900047302246,0.0,5.179500102996826,0.8912000060081482,0.6740000247955322,-457.9161071777344,-331.7799987792969,-205.8946990966797,90.0,5.74560022354126,h
334.177001953125,228.0384979248047,5.179500102996826,0.013100000098347664,0.0007999999797903001,-457.9161071777344,-331.7799987792969,179.8509979248047,90.0,466.4078063964844,h
334.177001953125,228.0384979248047,5.179500102996826,0.013100000098347664,0.0007999999797903001,-457.9161071777344,-331.7799987792969,179.8509979248047,90.0,466.4078063964844,h
334.177001953125,228.0384979248047,5.179500102996826,0.013100000098347664,0.0007999999797903001,-457.9161071777344,-331.7799987792969,179.8509979248047,90.0,466.4078063964844,h
28.50971794128418,9.489741325378418,2.4223251342773438,0.49355369806289673,0.3476463556289673,36.21152114868164,23.18108558654785,-4.318580150604248,39.34744644165039,181.65675354003906,h
12.958786964416504,12.253212928771973,2.3252885341644287,0.6400831341743469,0.37383049726486206,-13.10682201385498,9.277968406677246,2.26487398147583,73.12346649169922,116.21922302246094,h
334.177001953125,228.0384979248047,1.9413000345230103,0.013100000098347664,0.6740000247955322,-457.9161071777344,-331.7799987792969,179.8509979248047,0.0,5.74560022354126,h
26.048261642456055,14.353111267089844,2.5388541221618652,0.4321076571941376,0.2498035877943039,14.74343204498291,13.45124626159668,1.1119285821914673,58.759666442871094,167.36302185058594,h
334.177001953125,228.0384979248047,5.179500102996826,0.013100000098347664,0.0007999999797903001,575.24072265625,231.4459991455078,-205.8946990966797,90.0,5.74560022354126,h
81.03817749023438,19.47781753540039,2.740077495574951,0.43223777413368225,0.2426745891571045,-237.3043212890625,15.024346351623535,-11.629323959350586,36.896331787109375,309.3131408691406,h
334.177001953125,228.0384979248047,5.179500102996826,0.013100000098347664,0.0007999999797903001,575.24072265625,231.4459991455078,-205.8946990966797,90.0,5.74560022354126,h
32.62132263183594,12.256966590881348,2.8332321643829346,0.3453567922115326,0.17598100006580353,25.801326751708984,20.657943725585938,-9.191130638122559,68.25015258789062,223.41868591308594,h
334.177001953125,228.0384979248047,5.179500102996826,0.013100000098347664,0.0007999999797903001,575.24072265625,231.4459991455078,-205.8946990966797,90.0,5.74560022354126,h
334.177001953125,228.0384979248047,5.179500102996826,0.013100000098347664,0.0007999999797903001,-457.9161071777344,231.4459991455078,179.8509979248047,0.0,5.74560022354126,h
334.177001953125,228.0384979248047,1.9413000345230103,0.013100000098347664,0.0008133254596032202,-457.9161071777344,-331.7799987792969,179.8509979248047,0.0,5.74560022354126,h
21.13211441040039,8.29673957824707,2.47224760055542,0.7962518930435181,0.4971487820148468,10.914509773254395,16.113842010498047,-7.122275352478027,40.43584060668945,247.11660766601562,h
35.809688568115234,1.6017619371414185,2.0939412117004395,0.5364071726799011,0.242256760597229,3.169809341430664,-13.345613479614258,-6.636720180511475,21.332571029663086,186.96742248535156,h
334.177001953125,0.0,5.179500102996826,0.013100000098347664,0.6740000247955322,-457.9161071777344,-331.7799987792969,-205.8946990966797,90.0,5.74560022354126,h
334.177001953125,228.0384979248047,5.179500102996826,0.013100000098347664,0.0007999999797903001,-457.9161071777344,-331.7799987792969,-205.8946990966797,90.0,466.4078063964844,h
334.177001953125,228.0384979248047,1.9413000345230103,0.8912000060081482,0.6740000247955322,-457.9161071777344,-331.7799987792969,179.8509979248047,0.0,466.4078063964844,h
24.790319442749023,10.28576374053955,2.4566915035247803,0.41354990005493164,0.20613427460193634,-2.7106823921203613,-8.314311981201172,9.190937995910645,35.12242126464844,191.7152099609375,h
334.177001953125,228.0384979248047,5.179500102996826,0.013100000098347664,0.0007999999797903001,-457.9161071777344,-331.7799987792969,179.8509979248047,90.0,466.4078063964844,h
334.177001953125,228.0384979248047,5.179500102996826,0.013100000098347664,0.0007999999797903001,-457.9161071777344,-331.7799987792969,179.8509979248047,90.0,466.3999938964844,h
7.207900047302246,0.0,5.179500102996826,0.8912000060081482,0.6740000247955322,-457.9161071777344,-331.7799987792969,-205.8946990966797,90.0,5.74560022354126,h
334.177001953125,228.0384979248047,1.9413000345230103,0.8912000060081482,0.6740000247955322,-457.9161071777344,-331.7799987792969,-205.8946990966797,0.0,5.74560022354126,h
7.207900047302246,228.0384979248047,5.179500102996826,0.1969527304172516,0.0007999999797903001,575.24072265625,-331.7799987792969,-205.8946990966797,0.0,5.74560022354126,h
334.177001953125,228.0384979248047,5.179500102996826,0.013100000098347664,0.0007999999797903001,-457.9161071777344,231.4459991455078,179.8509979248047,90.0,5.74560022354126,h
12.515860557556152,8.214250564575195,2.5159056186676025,0.741891622543335,0.4149010181427002,18.93063735961914,13.540559768676758,-8.052752494812012,30.71231460571289,302.6377868652344,h
7.207900047302246,228.0384979248047,1.9413000345230103,0.8912000060081482,0.6740000247955322,-457.9161071777344,-331.7799987792969,179.8509979248047,0.0,5.74560022354126,h
85.80766296386719,228.0384979248047,1.9413000345230103,0.8912000060081482,0.6740000247955322,-457.9161071777344,-331.7799987792969,179.8509979248047,0.0,466.4078063964844,h
334.177001953125,228.0384979248047,5.179500102996826,0.013100000098347664,0.0007999999797903001,-457.9161071777344,-331.7799987792969,179.8509979248047,90.0,466.4078063964844,h
30.054061889648438,9.418797492980957,2.4752895832061768,0.6809136271476746,0.39782264828681946,43.9715690612793,21.602569580078125,6.048511028289795,1.1187347173690796,251.98446655273438,h
334.177001953125,228.0384979248047,5.179500102996826,0.013100000098347664,0.0007999999797903001,575.24072265625,231.4459991455078,-205.8946990966797,90.0,5.74560022354126,h
334.177001953125,228.0384979248047,5.179500102996826,0.013100000098347664,0.0007999999797903001,575.24072265625,231.4459991455078,-205.8946990966797,90.0,5.74560022354126,h
334.177001953125,228.0384979248047,5.179500102996826,0.013100000098347664,0.0007999999797903001,-457.9161071777344,-331.7799987792969,-205.8946990966797,90.0,466.4078063964844,h
40.668949127197266,25.326810836791992,2.8451995849609375,0.32511642575263977,0.18502585589885712,-73.0833740234375,36.99985885620117,11.602836608886719,45.42350387573242,307.6249084472656,h
90.89441680908203,34.61967849731445,3.245129108428955,0.19450165331363678,0.12512005865573883,-15.05743408203125,60.23918533325195,48.38256072998047,5.744584560394287,263.484619140625,h
12.940315246582031,11.114118576049805,2.3944709300994873,0.8114864826202393,0.498941034078598,-28.816892623901367,-14.337677001953125,-13.78366756439209,67.56864929199219,102.72110748291016,h
7.207900047302246,0.0,1.9413000345230103,0.8912000060081482,0.6740000247955322,-457.9161071777344,-331.7799987792969,179.8509979248047,90.0,466.4078063964844,h
110.35453033447266,20.70808219909668,2.7203190326690674,0.3529402017593384,0.20773008465766907,-11.702658653259277,73.65776062011719,-8.21752643585205,14.432167053222656,233.8105926513672,h
17.26757049560547,9.82858657836914,2.305386543273926,0.7189713716506958,0.3894808888435364,16.6434383392334,11.74986457824707,3.898991823196411,11.243474006652832,223.93943786621094,h
334.177001953125,228.0384979248047,5.179500102996826,0.013100000098347664,0.0007999999797903001,-457.9161071777344,-331.7799987792969,-205.8946990966797,90.0,5.74560022354126,h
334.177001953125,228.0384979248047,5.179500102996826,0.013100000098347664,0.0007999999797903001,-457.9161071777344,-331.7799987792969,-205.8946990966797,90.0,5.74560022354126,h
41.63291931152344,9.652558326721191,2.4995110034942627,0.7405073046684265,0.4588052034378052,57.40829849243164,54.762996673583984,13.171496391296387,8.06011962890625,183.988037109375,h
334.177001953125,228.0384979248047,5.179500102996826,0.013100000098347664,0.0007999999797903001,575.24072265625,231.4459991455078,179.8509979248047,90.0,5.74560022354126,h
334.177001953125,0.0,5.179500102996826,0.013100000098347664,0.6740000247955322,-457.9161071777344,-331.7799987792969,-205.8946990966797,90.0,5.74560022354126,h
334.177001953125,228.0384979248047,5.179500102996826,0.013100000098347664,0.0007999999797903001,-457.9161071777344,-331.7799987792969,179.8509979248047,90.0,466.4078063964844,h
334.177001953125,228.0384979248047,5.179500102996826,0.013100000098347664,0.0007999999797903001,-457.9161071777344,-331.7799987792969,179.8509979248047,90.0,466.4078063964844,h
334.177001953125,228.0384979248047,1.9413000345230103,0.8912000060081482,0.6740000247955322,-457.9161071777344,-331.7799987792969,179.8509979248047,0.0,5.74560022354126,h
7.207900047302246,0.0,5.179500102996826,0.8912000060081482,0.6740000247955322,-457.9161071777344,-331.7799987792969,179.8509979248047,90.0,5.74560022354126,h
19.521202087402344,7.303372859954834,2.566270589828491,0.6607624292373657,0.41812947392463684,4.952625274658203,18.978214263916016,10.707254409790039,81.78551483154297,166.67213439941406,h
334.177001953125,228.0384979248047,5.179500102996826,0.013100000098347664,0.0007999999797903001,575.24072265625,231.4459991455078,-205.8946990966797,90.0,5.74560022354126,h
334.177001953125,228.0384979248047,5.179500102996826,0.013100000098347664,0.0007999999797903001,-457.9161071777344,231.4459991455078,-205.8946990966797,90.0,466.4078063964844,h
37.544979095458984,27.327091217041016,2.945873498916626,0.2281772643327713,0.1295907348394394,-15.738373756408691,28.98431968688965,30.08331298828125,55.725921630859375,249.95486450195312,h
334.177001953125,228.0384979248047,5.179500102996826,0.013100000098347664,0.0007999999797903001,575.24072265625,231.4459991455078,-205.8946990966797,90.0,5.74560022354126,h
48.069496154785156,12.185134887695312,2.530308961868286,0.45514193177223206,0.26034003496170044,22.51150894165039,-82.42779541015625,-8.351703643798828,35.383262634277344,172.2459716796875,h
112.49922943115234,77.24266815185547,4.032062530517578,0.03870002552866936,0.02611146681010723,16.532428741455078,28.088069915771484,16.1370906829834,1.314442753791809,148.92483520507812,h
37.70012664794922,16.85114288330078,2.602708339691162,0.3377106487751007,0.2473250776529312,-45.02772521972656,-22.75825309753418,-1.708699345588684,69.55180358886719,268.0103759765625,h
102.82588958740234,34.78910827636719,2.646120309829712,0.29889732599258423,0.162839874625206,-103.31936645507812,-104.8284683227539,10.729801177978516,44.474937438964844,200.7409210205078,h
12.591774940490723,0.0,1.9413000345230103,0.8912000060081482,0.6740000247955322,575.24072265625,-331.7799987792969,-198.9154815673828,90.0,5.74560022354126,h
29.716217041015625,10.442110061645508,2.5940499305725098,0.5477740168571472,0.262643039226532,-11.23201847076416,-9.68936538696289,13.261272430419922,9.568527221679688,66.27619171142578,h
7.207900047302246,0.0,5.179500102996826,0.8912000060081482,0.6740000247955322,-457.9161071777344,-331.7799987792969,179.8509979248047,90.0,466.4078063964844,h
44.478336334228516,11.20818042755127,1.9416682720184326,0.8232619762420654,0.5137253999710083,103.87989044189453,-40.25511932373047,7.828423976898193,0.00110882637090981,5.761882305145264,h
59.703617095947266,24.551380157470703,3.019139289855957,0.2269059121608734,0.11013887822628021,14.524069786071777,5.8093719482421875,-15.343278884887695,17.026857376098633,114.96346282958984,h
41.99638748168945,22.146379470825195,2.7578134536743164,0.4359660744667053,0.23814958333969116,-55.651702880859375,0.050373975187540054,9.821795463562012,9.49881649017334,231.369384765625,h
334.177001953125,228.0384979248047,5.179500102996826,0.013100000098347664,0.0007999999797903001,575.24072265625,231.4459991455078,-205.8946990966797,90.0,5.74560022354126,h
334.177001953125,228.0384979248047,5.179500102996826,0.013100000098347664,0.0007999999797903001,575.24072265625,231.4459991455078,179.8509979248047,90.0,5.74560022354126,h
82.15336608886719,42.57090377807617,2.943193197250366,0.2336806356906891,0.11868974566459656,-12.550154685974121,-32.453460693359375,-48.99109649658203,78.47554779052734,191.62496948242188,h
334.177001953125,228.0384979248047,1.9413000345230103,0.013100000098347664,0.5652348399162292,-457.9161071777344,-331.7799987792969,179.8509979248047,0.0,466.4078063964844,h
334.177001953125,228.0384979248047,5.179500102996826,0.013100000098347664,0.0007999999797903001,575.24072265625,-331.7799987792969,179.8509979248047,90.0,466.4078063964844,h
334.177001953125,228.0384979248047,5.179500102996826,0.013100000098347664,0.0007999999797903001,575.24072265625,231.4459991455078,179.8509979248047,0.0,5.74560022354126,h
334.16510009765625,228.02760314941406,5.179452896118164,0.01310336496680975,0.0007999999797903001,-457.9161071777344,-294.9753112792969,179.77354431152344,31.301494598388672,198.43173217773438,h
334.177001953125,228.0384979248047,5.179500102996826,0.013100000098347664,0.0007999999797903001,-457.9161071777344,-331.7799987792969,179.8509979248047,90.0,466.4078063964844,h
7.207900047302246,0.0,1.9413000345230103,0.8912000060081482,0.6740000247955322,575.24072265625,231.4459991455078,179.8509979248047,0.0,5.74560022354126,h
334.177001953125,228.0384979248047,5.179500102996826,0.013100000098347664,0.0007999999797903001,575.24072265625,231.4459991455078,-205.8946990966797,90.0,466.4078063964844,h
7.207900047302246,0.0,1.9413000345230103,0.8912000060081482,0.6740000247955322,-457.9161071777344,-331.7799987792969,-205.8946990966797,1.472017526626587,5.74560022354126,h
17.2313175201416,13.975127220153809,2.5485737323760986,0.5008606910705566,0.2716200649738312,-4.018304347991943,18.57145118713379,-9.958600044250488,58.06954574584961,209.5426025390625,h
334.177001953125,228.0384979248047,5.179500102996826,0.013100000098347664,0.0007999999797903001,-457.9161071777344,-331.7799987792969,179.8509979248047,90.0,466.4078063964844,h
43.99234390258789,19.66095733642578,2.7597596645355225,0.24613502621650696,0.13175059854984283,8.464160919189453,-17.005769729614258,-11.689270973205566,62.950714111328125,43.66828918457031,h
334.177001953125,228.0384979248047,5.179500102996826,0.013100000098347664,0.0007999999797903001,575.24072265625,231.4459991455078,-205.8946990966797,90.0,5.74560022354126,h
334.177001953125,228.0384979248047,1.9413000345230103,0.8912000060081482,0.6740000247955322,-457.9161071777344,-331.7799987792969,179.8509979248047,0.0,466.4078063964844,h
334.177001953125,228.0384979248047,5.179500102996826,0.013100000098347664,0.0007999999797903001,575.24072265625,231.4459991455078,-205.8946990966797,90.0,106.62252044677734,h
59.91607666015625,0.0,2.778332471847534,0.4741026759147644,0.24775563180446625,7.5902886390686035,20.51639747619629,-12.725110054016113,10.333793640136719,191.47012329101562,h
334.177001953125,228.0384979248047,5.179500102996826,0.013100000098347664,0.0007999999797903001,575.24072265625,231.4459991455078,-205.8946990966797,0.0,5.74560022354126,h
143.45681762695312,80.39353942871094,3.991071939468384,0.07895930111408234,0.06098848208785057,505.4211120605469,-173.1193084716797,-55.52782440185547,75.60669708251953,173.12510681152344,h
7.239465713500977,18.83544921875,1.9413000345230103,0.7780193090438843,0.4114565849304199,46.83309555053711,-18.078128814697266,23.816936492919922,0.02287941984832287,33.00703048706055,h
334.177001953125,228.0384979248047,1.9413000345230103,0.013100000098347664,0.6740000247955322,-457.9161071777344,-331.7799987792969,179.8509979248047,0.0,5.74560022354126,h
43.230159759521484,17.85108757019043,2.886599540710449,0.2505302429199219,0.13454215228557587,-1.6591001749038696,21.129140853881836,-10.83044147491455,26.75912094116211,195.99436950683594,h
334.177001953125,228.0384979248047,5.179500102996826,0.013100000098347664,0.0007999999797903001,575.24072265625,231.4459991455078,179.8509979248047,0.0,5.74560022354126,h
305.97601318359375,226.83766174316406,5.1794610023498535,0.013102918863296509,0.0008073773351497948,-457.72198486328125,-146.2099609375,-204.28955078125,89.6588363647461,405.4374084472656,h
334.177001953125,228.0384979248047,5.179500102996826,0.013100000098347664,0.0007999999797903001,-457.9161071777344,-331.7799987792969,179.8509979248047,89.99998474121094,349.3549499511719,h
98.07654571533203,31.21718978881836,3.7103796005249023,0.16431120038032532,0.08395633101463318,23.805999755859375,80.82002258300781,-6.252501487731934,43.296756744384766,191.45751953125,h
93.40534973144531,31.143789291381836,3.168397903442383,0.25297874212265015,0.15175169706344604,5.421846866607666,48.58391189575195,26.236473083496094,4.38444185256958,269.8709716796875,h
334.177001953125,228.0384979248047,5.179500102996826,0.013100000098347664,0.0007999999797903001,575.24072265625,231.4459991455078,-205.8946990966797,90.0,5.74560022354126,h
93.0766372680664,46.16503143310547,3.791944980621338,0.07625603675842285,0.0420859195291996,35.73744583129883,69.63546752929688,24.9260311126709,33.62069320678711,229.50424194335938,h
95.740234375,20.898969650268555,3.2434093952178955,0.2771293818950653,0.14555132389068604,-37.64725112915039,18.6588134765625,-14.260747909545898,9.228048324584961,275.4718933105469,h
7.36093807220459,13.11221981048584,1.9413000345230103,0.696448028087616,0.30933845043182373,32.01371765136719,-179.94918823242188,20.978063583374023,0.0,5.763865947723389,h
34.86526870727539,9.282350540161133,2.397761583328247,0.5955862402915955,0.3159835636615753,-88.80062866210938,15.74581527709961,3.9617176055908203,46.06993103027344,128.28076171875,h
334.177001953125,228.0384979248047,5.179500102996826,0.013100000098347664,0.0007999999797903001,575.24072265625,231.4459991455078,-205.8946990966797,90.0,5.74560022354126,h
334.177001953125,228.0384979248047,5.179500102996826,0.013100000098347664,0.0007999999797903001,575.24072265625,231.4459991455078,179.8509979248047,90.0,5.74560022354126,h
334.177001953125,228.0384979248047,5.179500102996826,0.013100000098347664,0.0007999999797903001,-457.9161071777344,231.4459991455078,-205.8946990966797,90.0,5.74560022354126,h
334.177001953125,228.0384979248047,5.179500102996826,0.013100000098347664,0.0007999999797903001,575.24072265625,231.4459991455078,-205.8946990966797,90.0,466.4078063964844,h
334.177001953125,228.0384979248047,5.179500102996826,0.013100000098347664,0.0007999999797903001,-457.9161071777344,-331.7799987792969,179.8509979248047,90.0,466.4078063964844,h
7.207900047302246,0.0,5.179500102996826,0.8912000060081482,0.6740000247955322,-457.9161071777344,-331.7799987792969,-205.8946990966797,90.0,466.4078063964844,h
7.207900047302246,0.0,5.179500102996826,0.8912000060081482,0.6740000247955322,-457.9161071777344,-331.7799987792969,-205.8946990966797,90.0,5.74560022354126,h
84.1261215209961,23.48782730102539,3.0477683544158936,0.15674279630184174,0.08241134136915207,46.4591064453125,80.17354583740234,-14.287575721740723,31.732431411743164,201.90184020996094,h
334.177001953125,228.0384979248047,5.179500102996826,0.013100000098347664,0.0007999999797903001,-457.9161071777344,-331.7799987792969,179.8509979248047,90.0,466.4078063964844,h
334.177001953125,228.0384979248047,5.179500102996826,0.013100000098347664,0.0007999999797903001,-457.9161071777344,-330.9036865234375,-205.8946990966797,90.0,466.4078063964844,h
334.177001953125,228.0384979248047,5.179500102996826,0.013100000098347664,0.0007999999797903001,-457.9161071777344,-331.7799987792969,-205.8946990966797,90.0,466.4078063964844,h
49.194698333740234,7.511762619018555,2.6322309970855713,0.552432656288147,0.3385261595249176,-25.38776206970215,-16.620201110839844,4.952294826507568,80.88007354736328,103.39521026611328,h
334.177001953125,228.0384979248047,1.9413000345230103,0.8912000060081482,0.6740000247955322,575.24072265625,231.4459991455078,179.8509979248047,0.0,5.74560022354126,h
29.585330963134766,10.370443344116211,2.518364191055298,0.5940698385238647,0.34805554151535034,27.496992111206055,23.754257202148438,4.427058696746826,48.37546157836914,98.55602264404297,h
334.177001953125,228.0384979248047,5.179500102996826,0.013100000098347664,0.0007999999797903001,-457.9161071777344,-331.7799987792969,179.8509979248047,90.0,466.4078063964844,h
334.177001953125,228.0384979248047,5.179500102996826,0.013100000098347664,0.0007999999797903001,-457.9161071777344,-331.7799987792969,179.8509979248047,90.0,459.1593933105469,h
333.16778564453125,218.2328338623047,5.122439861297607,0.03278249129652977,0.020898379385471344,-457.9161071777344,-328.27667236328125,177.06822204589844,49.33031463623047,186.88157653808594,h
334.177001953125,228.0384979248047,5.179500102996826,0.013100000098347664,0.0007999999797903001,-457.9161071777344,-331.7799987792969,179.8509979248047,90.0,466.3767395019531,h
27.783010482788086,11.339910507202148,2.369091033935547,0.5997562408447266,0.3163447678089142,-12.6643705368042,-12.221268653869629,11.475762367248535,86.70249938964844,131.04205322265625,h
7.207900047302246,228.0384979248047,1.9413000345230103,0.8912000060081482,0.6740000247955322,-457.9161071777344,-331.7799987792969,179.8509979248047,0.0,5.74560022354126,h
176.6837158203125,69.49683380126953,3.7319045066833496,0.056218259036540985,0.028080178424715996,-82.3564224243164,163.7962188720703,-6.631847858428955,21.084287643432617,340.865966796875,h
80.64695739746094,29.2894344329834,3.083350419998169,0.260567307472229,0.14075641334056854,48.948081970214844,64.09532928466797,-14.137152671813965,9.610841751098633,225.9575958251953,h
334.177001953125,228.0384979248047,5.179500102996826,0.013100000098347664,0.0007999999797903001,575.24072265625,231.4459991455078,179.8509979248047,90.0,5.74560022354126,h
25.249513626098633,7.5334858894348145,2.4786791801452637,0.8125952482223511,0.42167890071868896,26.339176177978516,20.201251983642578,3.761664390563965,65.40157318115234,52.60051727294922,h
334.177001953125,228.0384979248047,5.179500102996826,0.013100000098347664,0.0007999999797903001,575.24072265625,231.4459991455078,-205.8946990966797,90.0,5.74560022354126,h
21.361669540405273,12.912895202636719,2.388200521469116,0.588435709476471,0.3755800127983093,7.949002265930176,-4.257509231567383,-20.386869430541992,7.329166412353516,241.51434326171875,h
334.177001953125,228.0384979248047,5.179500102996826,0.013100000098347664,0.0007999999797903001,-457.9161071777344,-331.7799987792969,179.8509979248047,90.0,466.4078063964844,h
44.15361022949219,6.995225429534912,2.3549082279205322,0.6097952127456665,0.4469069540500641,3.107593536376953,-33.319984436035156,5.9252800941467285,75.5289306640625,145.12973022460938,h
334.177001953125,228.0384979248047,5.179500102996826,0.013100000098347664,0.0007999999797903001,-457.9161071777344,231.4459991455078,-205.8946990966797,90.0,5.74560022354126,h
334.177001953125,228.0384979248047,5.179500102996826,0.013100000098347664,0.0007999999797903001,575.24072265625,231.4459991455078,-205.8946990966797,90.0,5.74560022354126,h
17.281082153320312,9.096802711486816,2.2985448837280273,0.7319917678833008,0.3760577440261841,1.4074816703796387,-7.993246555328369,4.82795524597168,21.131908416748047,179.1013641357422,h
169.9759063720703,196.1851348876953,5.170662879943848,0.015477455221116543,0.002814060542732477,-268.271484375,-141.4702911376953,-195.16213989257812,75.7885513305664,460.5249328613281,h
287.9548645019531,111.5839614868164,4.279000759124756,0.04032832011580467,0.014206528663635254,-456.9980163574219,-231.11366271972656,165.58741760253906,89.3381118774414,356.93402099609375,h
334.177001953125,228.0384979248047,5.179500102996826,0.8912000060081482,0.6740000247955322,575.24072265625,231.4459991455078,179.8509979248047,90.0,5.74560022354126,h
334.177001953125,228.0384979248047,5.179500102996826,0.013100000098347664,0.0007999999797903001,-457.9161071777344,-331.7799987792969,179.8509979248047,90.0,466.4078063964844,h
59.4125862121582,13.010552406311035,2.6915900707244873,0.4375968873500824,0.2968067228794098,-56.86131286621094,-17.471317291259766,-7.346017837524414,28.858373641967773,242.00001525878906,h
334.177001953125,228.0384979248047,5.179500102996826,0.013100000098347664,0.0007999999797903001,-457.9161071777344,-331.7799987792969,179.8509979248047,90.0,466.4078063964844,h
334.177001953125,228.0384979248047,1.9413000345230103,0.013100000098347664,0.6732211709022522,-457.9161071777344,-331.7799987792969,179.8509979248047,0.0,5.74560022354126,h
334.177001953125,228.0384979248047,1.9413000345230103,0.013100000098347664,0.6740000247955322,-457.9161071777344,-331.7799987792969,179.8509979248047,0.0,5.74560022354126,h
75.2219467163086,48.076602935791016,3.0494508743286133,0.3866942226886749,0.23167641460895538,38.0718879699707,77.16686248779297,8.145870208740234,57.207611083984375,345.918212890625,h
334.177001953125,228.0384979248047,5.179500102996826,0.013100000098347664,0.0007999999797903001,-457.9161071777344,-331.7799987792969,179.8509979248047,90.0,466.4078063964844,h
233.17660522460938,228.0384979248047,1.9413000345230103,0.013100000098347664,0.19702576100826263,-457.9161071777344,-331.7799987792969,179.8509979248047,0.0,5.74560022354126,h
67.34579467773438,17.81344223022461,2.98105788230896,0.2808956205844879,0.15896421670913696,-0.43148666620254517,-39.52342224121094,13.091033935546875,40.73063278198242,125.5716552734375,h
260.5976257324219,110.20550537109375,3.6465330123901367,0.1348547786474228,0.06775663793087006,-219.87025451660156,-191.99539184570312,98.66458892822266,63.3370361328125,216.74209594726562,h
334.177001953125,228.0384979248047,5.179500102996826,0.013100000098347664,0.0007999999797903001,-457.9161071777344,-331.7799987792969,179.8509979248047,90.0,5.74560022354126,h
334.177001953125,228.0384979248047,5.179500102996826,0.013100000098347664,0.0007999999797903001,575.24072265625,231.4459991455078,179.8509979248047,90.0,5.74560022354126,h
334.177001953125,228.0384979248047,5.179500102996826,0.013100000098347664,0.0007999999797903001,-457.9161071777344,-331.7799987792969,-205.8946990966797,90.0,466.4078063964844,h
83.67528533935547,16.23116683959961,2.992833375930786,0.32032448053359985,0.14448866248130798,78.63106536865234,87.43590545654297,-20.46416473388672,84.27542114257812,326.3524169921875,h
334.177001953125,228.0384979248047,5.179500102996826,0.013100000098347664,0.0007999999797903001,575.24072265625,231.4459991455078,179.8509979248047,90.0,5.74560022354126,h
334.177001953125,228.0384979248047,5.179500102996826,0.013100000098347664,0.0007999999797903001,-457.9161071777344,-331.7799987792969,179.8509979248047,90.0,466.4078063964844,h
334.177001953125,228.0384979248047,1.9413000345230103,0.013100000098347664,0.6740000247955322,-457.9161071777344,-331.7799987792969,179.8509979248047,0.0,5.74560022354126,h
21.32036018371582,8.764470100402832,2.3145949840545654,0.7387837767601013,0.46793097257614136,1.2514954805374146,21.90927505493164,-6.476229667663574,45.65776443481445,107.99151611328125,h
54.079219818115234,15.345754623413086,2.668545722961426,0.3420424163341522,0.15908484160900116,-25.87908363342285,22.18364143371582,-5.63332986831665,22.926618576049805,129.7559814453125,h
334.177001953125,228.0384979248047,5.179500102996826,0.013100000098347664,0.0007999999797903001,-457.9161071777344,-331.7799987792969,-205.8946990966797,90.0,95.17030334472656,h
334.177001953125,228.0384979248047,5.179500102996826,0.013100000098347664,0.0007999999797903001,575.24072265625,231.4459991455078,-205.8946990966797,90.0,466.4078063964844,h
334.177001953125,228.0384979248047,5.179500102996826,0.013100000098347664,0.0007999999797903001,-457.9161071777344,121.04586791992188,-205.8946990966797,90.0,466.4078063964844,h
101.82331085205078,36.856483459472656,3.054596185684204,0.2204391211271286,0.12342763692140579,-114.56788635253906,86.89105224609375,-23.500015258789062,7.13866662979126,361.77032470703125,h
334.177001953125,228.0384979248047,5.179500102996826,0.013100000098347664,0.0007999999797903001,-457.9161071777344,-331.7799987792969,-205.8946990966797,90.0,466.4078063964844,h
30.65254783630371,10.617823600769043,2.767659902572632,0.4722938537597656,0.331682950258255,19.389331817626953,20.70060157775879,10.36254596710205,13.366728782653809,194.70462036132812,h
25.5235595703125,86.1319808959961,1.9413000345230103,0.7420427799224854,0.3283514678478241,-457.9161071777344,-331.7799987792969,179.8509979248047,0.0,5.74560022354126,h
334.177001953125,228.0384979248047,5.179500102996826,0.013100000098347664,0.0007999999797903001,-457.9161071777344,-331.7799987792969,-205.8946990966797,90.0,466.4078063964844,h
334.177001953125,228.0384979248047,5.179500102996826,0.013100000098347664,0.0007999999797903001,-457.9161071777344,-331.7799987792969,179.8509979248047,90.0,466.4078063964844,h
21.17010498046875,7.876473903656006,2.4105992317199707,0.5451210141181946,0.3129306435585022,23.866886138916016,15.721513748168945,-6.276269912719727,76.96739196777344,82.95441436767578,h
12.857125282287598,228.0384979248047,1.9413000345230103,0.01458741258829832,0.3618225157260895,-457.9161071777344,-331.7799987792969,179.8509979248047,0.0,5.74560022354126,h
334.17303466796875,228.0384979248047,1.9413000345230103,0.013100000098347664,0.0007999999797903001,-457.9161071777344,-331.7799987792969,179.8509979248047,0.0,5.74560022354126,h
29.20844078063965,8.925460815429688,2.2887611389160156,0.708808422088623,0.4630890190601349,28.58161163330078,9.079922676086426,11.81339168548584,16.899919509887695,217.29673767089844,h
334.177001953125,228.0384979248047,5.179500102996826,0.013100000098347664,0.0007999999797903001,-457.9161071777344,231.4459991455078,-205.8946990966797,90.0,466.4078063964844,h
334.177001953125,228.0384979248047,5.179500102996826,0.013100000098347664,0.0007999999797903001,575.24072265625,231.4459991455078,-205.8946990966797,90.0,5.74560022354126,h
24.795812606811523,9.063374519348145,2.556763172149658,0.6179872751235962,0.39326778054237366,17.52259635925293,-7.69922399520874,-6.5028791427612305,62.23992156982422,155.1590118408203,h
48.571842193603516,11.72203540802002,2.893658399581909,0.3480920195579529,0.22436931729316711,-13.043027877807617,-14.442695617675781,11.253095626831055,64.7977294921875,161.7757568359375,h
7.207900047302246,0.0,5.179500102996826,0.8912000060081482,0.6740000247955322,-457.9161071777344,-331.7799987792969,179.8509979248047,90.0,5.74560022354126,h
93.5856704711914,39.59862518310547,2.9759440422058105,0.3193993866443634,0.1879758983850479,-133.3030242919922,-109.84122467041016,-20.563974380493164,70.80631256103516,288.7733154296875,h
332.5062255859375,228.0384979248047,5.179500102996826,0.013100000098347664,0.0007999999797903001,-148.3665313720703,-330.5830078125,179.84707641601562,89.99749755859375,466.28558349609375,h
24.314193725585938,10.933136940002441,2.21682071685791,0.7287743091583252,0.40639638900756836,40.12392807006836,22.734899520874023,6.40414571762085,25.54140281677246,193.419189453125,h
25.766733169555664,0.0,2.2904560565948486,0.8183302879333496,0.46483200788497925,17.113033294677734,6.591686725616455,7.393529891967773,79.169921875,184.45281982421875,h
334.177001953125,228.0384979248047,5.179500102996826,0.013100000098347664,0.0007999999797903001,-457.9161071777344,-331.7799987792969,179.8509979248047,90.0,5.74560022354126,h
7.207900047302246,0.0,5.179500102996826,0.8912000060081482,0.6740000247955322,-457.9161071777344,-331.7799987792969,-205.8946990966797,90.0,466.4078063964844,h
334.177001953125,228.0384979248047,5.179500102996826,0.013100000098347664,0.0007999999797903001,-457.9161071777344,-331.7799987792969,179.8509979248047,90.0,5.74560022354126,h
334.177001953125,228.0384979248047,5.179500102996826,0.013100000098347664,0.0007999999797903001,-457.9161071777344,231.4459991455078,-205.8946990966797,90.0,466.4078063964844,h
28.50408363342285,9.415037155151367,2.395662784576416,0.617936909198761,0.37498438358306885,-51.03045654296875,-28.378000259399414,-8.809555053710938,69.68887329101562,225.55374145507812,h
76.12934112548828,35.55023956298828,3.4301838874816895,0.1535753309726715,0.07863535732030869,21.478092193603516,20.59760856628418,-14.964034080505371,71.41326904296875,174.3714599609375,h
79.86476135253906,19.03336524963379,3.13957142829895,0.2989756166934967,0.15625697374343872,53.09309387207031,53.410186767578125,-3.496567726135254,25.70444107055664,139.60801696777344,h
7.207900047302246,0.0,5.179500102996826,0.8912000060081482,0.6740000247955322,-457.9161071777344,-331.7799987792969,179.8509979248047,90.0,5.74560022354126,h
11.456550598144531,11.890946388244629,1.9413000345230103,0.605615496635437,0.28462034463882446,16.5543155670166,-34.86842727661133,36.06357955932617,0.0007207092712633312,58.144020080566406,h
150.22024536132812,81.82337951660156,4.16676139831543,0.10957714170217514,0.05755549296736717,-151.560302734375,-56.998714447021484,-55.7331428527832,50.558048248291016,315.79736328125,h
52.91812515258789,10.595780372619629,2.5900890827178955,0.38420936465263367,0.166259765625,15.529064178466797,10.396615028381348,11.863201141357422,50.57032775878906,54.27772903442383,h
334.177001953125,228.0384979248047,5.179500102996826,0.013100000098347664,0.0007999999797903001,-457.9161071777344,-331.7799987792969,179.8509979248047,90.0,466.4078063964844,h
334.177001953125,228.0384979248047,5.179500102996826,0.013100000098347664,0.0007999999797903001,-457.9161071777344,-331.7799987792969,-205.8946990966797,90.0,5.74560022354126,h
334.177001953125,228.0384979248047,1.9413000345230103,0.013100000098347664,0.6740000247955322,-457.9161071777344,-331.7799987792969,-205.8946990966797,0.0,5.74560022354126,h
334.177001953125,228.0384979248047,5.179500102996826,0.013100000098347664,0.0007999999797903001,-455.532958984375,231.4459991455078,179.8509979248047,90.0,5.74560022354126,h
7.207900047302246,228.0384979248047,1.9413000345230103,0.8912000060081482,0.6740000247955322,-457.9161071777344,-331.7799987792969,179.8509979248047,0.0,466.4078063964844,h
7.207900047302246,228.0384979248047,1.9413000345230103,0.5571600794792175,0.0007999999797903001,575.24072265625,231.4459991455078,179.8509979248047,0.0,5.74560022354126,h
7.338469982147217,0.0,3.4317526817321777,0.8912000060081482,0.6740000247955322,-457.9161071777344,-331.7799987792969,-205.8346405029297,90.0,92.37765502929688,h
18.465564727783203,0.0022520888596773148,2.6387510299682617,0.8132074475288391,0.5381836295127869,70.56266021728516,20.54879379272461,11.174201011657715,23.705280303955078,87.73512268066406,h
334.177001953125,228.0384979248047,5.179500102996826,0.013100000098347664,0.0007999999797903001,-457.9161071777344,-331.7799987792969,179.8509979248047,90.0,466.4078063964844,h
334.177001953125,228.0384979248047,5.179500102996826,0.013100000098347664,0.0007999999797903001,-457.9161071777344,-331.7799987792969,-205.8946990966797,90.0,466.4078063964844,h
334.177001953125,228.0384979248047,5.179500102996826,0.013100000098347664,0.0007999999797903001,575.24072265625,231.4459991455078,-205.8946990966797,90.0,114.67635345458984,h
30.643388748168945,9.406411170959473,2.7096009254455566,0.4135063886642456,0.22306472063064575,-17.672361373901367,11.094398498535156,-3.640118360519409,69.28662109375,55.84882736206055,h
18.971858978271484,5.264138221740723,2.933302164077759,0.4686531126499176,0.2460786998271942,14.355393409729004,-3.829341173171997,-7.221044063568115,64.48662567138672,213.97288513183594,h
334.177001953125,228.0384979248047,5.179500102996826,0.013100000098347664,0.0007999999797903001,575.24072265625,231.4459991455078,179.8509979248047,90.0,5.74560022354126,h
20.967016220092773,22.34423828125,2.228672981262207,0.5061176419258118,0.26984915137290955,11.186344146728516,19.366233825683594,-7.895161151885986,22.582719802856445,229.2716064453125,h
25.746185302734375,7.1583757400512695,2.3495852947235107,0.6520007252693176,0.3235284388065338,-23.471040725708008,-18.754892349243164,-7.4766130447387695,63.79511642456055,95.81148529052734,h
309.1232604980469,119.38107299804688,4.23556661605835,0.10532946139574051,0.05412758141756058,-431.35845947265625,-326.998779296875,149.06649780273438,29.503021240234375,333.9718933105469,h
22.146848678588867,10.420525550842285,2.518770933151245,0.6280086636543274,0.31087860465049744,-30.290340423583984,3.3928961753845215,4.3065290451049805,79.22587585449219,93.0379867553711,h
108.56307983398438,27.773696899414062,3.5626049041748047,0.22995582222938538,0.12380699068307877,-171.43795776367188,-20.101787567138672,15.552488327026367,6.858536243438721,314.3291320800781,h
17.267498016357422,20.502933502197266,1.9413000345230103,0.8853198289871216,0.4923347532749176,-457.9161071777344,-331.7799987792969,179.8509979248047,0.0,5.74560022354126,h
118.79695129394531,34.3209114074707,3.1495487689971924,0.2410338670015335,0.11144566535949707,237.47950744628906,63.45372772216797,-21.907392501831055,70.71672821044922,306.02642822265625,h
28.1732120513916,12.935885429382324,2.684365749359131,0.5379630923271179,0.2531641125679016,3.710442543029785,12.38250732421875,-11.825428009033203,87.15808868408203,374.0669250488281,h
334.177001953125,228.0384979248047,5.179500102996826,0.013100000098347664,0.0007999999797903001,-457.9161071777344,-331.7799987792969,-205.8946990966797,90.0,466.4078063964844,h
7.207900047302246,0.0,1.9414868354797363,0.8912000060081482,0.6740000247955322,-457.9161071777344,-331.7799987792969,179.8509979248047,90.0,5.74560022354126,h
67.87586212158203,27.899873733520508,3.5843136310577393,0.08059533685445786,0.043034203350543976,77.466552734375,54.585716247558594,23.180206298828125,40.56141662597656,155.27691650390625,h
7.207900047302246,0.0,1.9413000345230103,0.8912000060081482,0.6740000247955322,-457.9161071777344,-331.7799987792969,-205.8946990966797,90.0,5.74560022354126,h
334.177001953125,228.0384979248047,5.179500102996826,0.013100000098347664,0.0007999999797903001,-457.9161071777344,231.4459991455078,-205.8946990966797,90.0,5.74560022354126,h
97.60151672363281,54.59141540527344,4.439696311950684,0.10051921010017395,0.04011276736855507,-17.142501831054688,-62.18278121948242,9.16303539276123,60.68143844604492,170.482666015625,h
7.602738857269287,12.257579803466797,1.9413000345230103,0.5699849724769592,0.23387101292610168,23.66356086730957,-234.6704864501953,-10.541053771972656,0.0,110.63633728027344,h
39.39826965332031,10.849023818969727,2.3811657428741455,0.4086029529571533,0.25501173734664917,6.177820205688477,-11.77614974975586,-4.537605285644531,75.74108123779297,171.88882446289062,h
7.207900047302246,0.0,1.9413000345230103,0.8912000060081482,0.6740000247955322,-457.9161071777344,231.4459991455078,179.8509979248047,0.0,466.4078063964844,h
7.207900047302246,228.0384979248047,1.9413000345230103,0.8912000060081482,0.6740000247955322,-457.9161071777344,-331.7799987792969,179.8509979248047,0.0,5.74560022354126,h
25.73777198791504,9.426213264465332,2.4551198482513428,0.537759006023407,0.30821025371551514,5.582396984100342,23.819255828857422,7.666191101074219,68.3521957397461,234.3025665283203,h
14.548454284667969,11.23587703704834,2.4167516231536865,0.5609884858131409,0.27518704533576965,-3.941666603088379,19.173131942749023,-10.611536026000977,54.661170959472656,215.5405731201172,h
12.918635368347168,6.540648937225342,1.98552405834198,0.7936751246452332,0.5613561272621155,17.468896865844727,8.577654838562012,4.1369709968566895,2.8771066665649414,222.38783264160156,h
7.207900047302246,0.0,5.179500102996826,0.8912000060081482,0.6740000247955322,-457.9161071777344,-331.7799987792969,179.8509979248047,90.0,5.74560022354126,h
7.212055206298828,19.230527877807617,1.9413000345230103,0.7416102290153503,0.357761949300766,2.867417335510254,7.551373481750488,68.34526062011719,7.317620277404785,41.451717376708984,h
32.41669464111328,9.437882423400879,2.8946094512939453,0.4900053143501282,0.2902137339115143,15.144542694091797,17.907058715820312,2.79266357421875,18.991945266723633,77.23089599609375,h
334.177001953125,228.0384979248047,5.179500102996826,0.013100000098347664,0.0007999999797903001,-457.9161071777344,-331.7799987792969,179.8509979248047,90.0,466.4078063964844,h
334.177001953125,228.0384979248047,5.179500102996826,0.013100000098347664,0.0007999999797903001,-457.9161071777344,-331.7799987792969,179.8509979248047,90.0,5.74560022354126,h
90.93010711669922,49.908817291259766,4.217660427093506,0.1418001353740692,0.0547279454767704,32.10221862792969,-19.609100341796875,45.20637130737305,2.5635881423950195,387.4060363769531,h
33.30804443359375,22.404991149902344,2.8917076587677,0.3058011531829834,0.17877259850502014,6.502102375030518,14.236613273620605,-15.595887184143066,60.22711944580078,142.57948303222656,h
7.207900047302246,0.0,5.179500102996826,0.013100000098347664,0.6740000247955322,-457.9161071777344,231.4459991455078,179.8509979248047,90.0,466.4078063964844,h
334.177001953125,228.0384979248047,5.179500102996826,0.013100000098347664,0.0007999999797903001,-457.9161071777344,-331.7799987792969,179.8509979248047,90.0,5.74560022354126,h
8.081055641174316,220.90211486816406,1.9413000345230103,0.018558617681264877,0.0034895192366093397,-457.9161071777344,-331.7799987792969,179.8509979248047,0.0,5.74560022354126,h
17.94227409362793,10.27734661102295,2.0695064067840576,0.752970278263092,0.37238654494285583,8.851463317871094,-17.389677047729492,-9.999197959899902,26.651615142822266,165.02890014648438,h
334.177001953125,228.0384979248047,1.9413000345230103,0.8912000060081482,0.6740000247955322,-457.9161071777344,-331.7799987792969,-205.8946990966797,0.0,466.4078063964844,h
23.035198211669922,15.58771800994873,2.5958657264709473,0.3601949214935303,0.24143335223197937,24.127111434936523,9.608548164367676,14.595451354980469,46.15839385986328,128.50997924804688,h
334.177001953125,228.0384979248047,5.179500102996826,0.013100000098347664,0.0007999999797903001,-457.9161071777344,-331.7799987792969,179.8509979248047,90.0,466.4078063964844,h
334.177001953125,228.0384979248047,5.179500102996826,0.013100000098347664,0.0007999999797903001,575.24072265625,231.4459991455078,179.8509979248047,0.0,5.74560022354126,h
334.177001953125,228.0384979248047,5.179500102996826,0.013100000098347664,0.0007999999797903001,575.24072265625,15.178009033203125,-205.8946990966797,90.0,466.4078063964844,h
334.177001953125,228.0384979248047,5.179500102996826,0.013100000098347664,0.0007999999797903001,-457.9161071777344,-331.7799987792969,-205.8946990966797,90.0,466.4078063964844,h
33.50544738769531,10.297295570373535,2.6882317066192627,0.39277803897857666,0.250700980424881,11.922517776489258,30.755537033081055,11.60731029510498,9.748696327209473,173.59878540039062,h
334.177001953125,228.0384979248047,5.179500102996826,0.013100000098347664,0.0007999999797903001,-457.9161071777344,-331.7799987792969,179.8509979248047,90.0,466.4024353027344,h
334.177001953125,228.0384979248047,5.179500102996826,0.013100000098347664,0.0007999999797903001,-457.9161071777344,-331.7799987792969,179.8509979248047,90.0,362.24359130859375,h
334.177001953125,228.0384979248047,5.179500102996826,0.013100000098347664,0.0007999999797903001,-457.9161071777344,-331.7799987792969,-205.8946990966797,90.0,5.74560022354126,h
334.177001953125,228.0384979248047,5.179500102996826,0.013100000098347664,0.0007999999797903001,575.24072265625,231.4459991455078,-205.8946990966797,90.0,5.74560022354126,h
88.0247573852539,79.82103729248047,3.3616385459899902,0.11298687756061554,0.05325203388929367,49.87759780883789,-150.74685668945312,-90.57234191894531,25.336633682250977,73.27297973632812,h
45.430015563964844,16.60483169555664,2.6521847248077393,0.2953362464904785,0.15019209682941437,9.889728546142578,53.033302307128906,-13.146719932556152,65.10208129882812,195.14035034179688,h
22.878908157348633,16.502744674682617,2.2991249561309814,0.49385979771614075,0.26661431789398193,-8.876058578491211,-12.745722770690918,10.768218994140625,66.73546600341797,73.44172668457031,h
334.177001953125,228.0384979248047,5.179500102996826,0.013100000098347664,0.0007999999797903001,-457.9161071777344,231.2775421142578,-205.8946990966797,90.0,466.4078063964844,h
105.28375244140625,36.75601577758789,2.65446138381958,0.2873033583164215,0.1519947648048401,-211.30772399902344,53.68806457519531,-13.926605224609375,25.194692611694336,186.1708984375,h
334.177001953125,228.0384979248047,5.179500102996826,0.013100000098347664,0.0007999999797903001,-457.9161071777344,-331.7799987792969,179.8509979248047,90.0,466.4078063964844,h
7.207900047302246,0.0,5.179500102996826,0.8912000060081482,0.6740000247955322,-457.9161071777344,-331.7799987792969,179.8509979248047,90.0,5.74560022354126,h
102.7942886352539,67.23511505126953,2.9652223587036133,0.20549455285072327,0.1251009702682495,439.10302734375,87.77355194091797,-27.84955596923828,24.74138069152832,285.4248352050781,h
17.59444808959961,0.0,2.3912289142608643,0.7069975137710571,0.42160096764564514,3.7305350303649902,16.49917221069336,6.0493645668029785,89.99137878417969,261.0708923339844,h
334.177001953125,228.0384979248047,5.179500102996826,0.013100000098347664,0.0007999999797903001,-457.9161071777344,-331.7799987792969,-205.8946990966797,90.0,466.4078063964844,h
89.848876953125,69.9376449584961,3.3986711502075195,0.2580515742301941,0.11516675353050232,-12.379817008972168,-108.1985092163086,47.342681884765625,79.01860809326172,385.96209716796875,h
334.177001953125,228.0384979248047,5.179500102996826,0.013100000098347664,0.0007999999797903001,575.24072265625,231.4459991455078,10.282379150390625,90.0,5.74560022354126,h
109.54589080810547,32.073001861572266,3.02685284614563,0.2975185513496399,0.1851731687784195,71.9862060546875,70.8277816772461,5.831383228302002,3.8412721157073975,221.45779418945312,h
39.521236419677734,14.977660179138184,2.9224650859832764,0.3219282925128937,0.2063421756029129,57.09034729003906,28.32840347290039,14.658623695373535,10.318292617797852,127.22442626953125,h
59.6834716796875,30.500707626342773,3.3417844772338867,0.22024177014827728,0.11494167894124985,-10.145978927612305,19.135940551757812,9.406197547912598,48.99535369873047,305.92401123046875,h
7.207900047302246,0.0,5.179500102996826,0.8912000060081482,0.6740000247955322,-457.9161071777344,-331.7799987792969,179.8509979248047,90.0,5.74560022354126,h
334.177001953125,228.0384979248047,5.179500102996826,0.013100000098347664,0.0007999999797903001,-457.9161071777344,-331.7799987792969,-205.8946990966797,90.0,466.4078063964844,h
322.97491455078125,225.1129913330078,4.464179515838623,0.022295286878943443,0.0024405859876424074,429.8433837890625,21.246129989624023,-159.02352905273438,68.88088989257812,203.49453735351562,h
88.70877838134766,18.148954391479492,2.8895668983459473,0.2542667090892792,0.12458566576242447,-6.303770065307617,-139.00767517089844,-5.334371089935303,13.396830558776855,278.4850769042969,h
94.73477935791016,66.5802230834961,3.3640618324279785,0.1248435378074646,0.05880029499530792,-70.03408813476562,-12.830209732055664,10.784682273864746,61.23685836791992,80.29649353027344,h
70.0162582397461,33.088382720947266,3.198601484298706,0.2074413001537323,0.10950679332017899,55.201210021972656,-66.27742004394531,25.979393005371094,0.9086469411849976,246.0398406982422,h
334.177001953125,228.0384979248047,5.179500102996826,0.013100000098347664,0.0007999999797903001,-457.9161071777344,-331.7799987792969,179.8509979248047,90.0,466.4078063964844,h
13.060320854187012,228.0384979248047,1.9413000345230103,0.013100000098347664,0.0007999999797903001,-457.9161071777344,-331.7799987792969,179.8509979248047,0.0,5.74560022354126,h
334.177001953125,228.0384979248047,5.179500102996826,0.013100000098347664,0.0007999999797903001,575.24072265625,231.4459991455078,179.8509979248047,90.0,466.4078063964844,h
334.177001953125,228.0384979248047,5.179500102996826,0.013100000098347664,0.0007999999797903001,-457.9161071777344,-331.7799987792969,-205.8946990966797,90.0,466.4078063964844,h
7.642361640930176,15.217116355895996,1.9413000345230103,0.7939750552177429,0.4254646301269531,-2.8765625953674316,-9.42714786529541,12.965985298156738,1.7225810289382935,322.0105895996094,h
7.207900047302246,0.0,1.9413000345230103,0.8912000060081482,0.6740000247955322,-457.9161071777344,-331.7799987792969,-205.8946990966797,0.0,466.4078063964844,h
7.207900047302246,0.0,5.179500102996826,0.8912000060081482,0.6740000247955322,-457.9161071777344,-331.7799987792969,179.8509979248047,90.0,5.74560022354126,h
334.177001953125,228.0384979248047,5.179500102996826,0.013100000098347664,0.0007999999797903001,575.24072265625,231.4459991455078,179.8509979248047,90.0,466.4078063964844,h
7.207900047302246,0.0,1.9413000345230103,0.8912000060081482,0.6740000247955322,-457.9161071777344,-331.7799987792969,-205.8946990966797,0.0,5.74560022354126,h
186.0100860595703,81.23054504394531,3.9468517303466797,0.08736833184957504,0.055144548416137695,-199.50347900390625,-144.1813201904297,69.41863250732422,37.0473747253418,335.6923522949219,h
334.177001953125,228.0384979248047,5.179500102996826,0.013100000098347664,0.0007999999797903001,575.24072265625,231.4459991455078,-205.8946990966797,90.0,466.4078063964844,h
27.297639846801758,10.960772514343262,2.7488596439361572,0.5049847960472107,0.2867966592311859,25.293697357177734,-18.918149948120117,5.737399101257324,46.2893180847168,181.02420043945312,h
7.207900047302246,0.0,5.179500102996826,0.8912000060081482,0.6740000247955322,-457.9161071777344,-331.7799987792969,-205.8946990966797,90.0,5.74560022354126,h
334.177001953125,228.0384979248047,5.179500102996826,0.013100000098347664,0.0007999999797903001,-457.9161071777344,231.4459991455078,-205.8946990966797,90.0,5.74560022354126,h
334.177001953125,228.0384979248047,5.179500102996826,0.013100000098347664,0.0007999999797903001,-457.9161071777344,-244.01341247558594,179.73934936523438,89.99105834960938,277.92071533203125,h
334.177001953125,228.0384979248047,5.179500102996826,0.013100000098347664,0.0007999999797903001,575.24072265625,231.4459991455078,-205.8946990966797,90.0,5.74560022354126,h
32.545997619628906,17.12822151184082,2.7281503677368164,0.3272957503795624,0.1741710901260376,33.47420883178711,28.77069854736328,21.413488388061523,18.5615177154541,140.75680541992188,h
19.430997848510742,0.0,5.179500102996826,0.013100000098347664,0.6334981322288513,-457.9161071777344,-331.7799987792969,-205.8946990966797,90.0,5.74560022354126,h
66.12199401855469,46.20377731323242,3.2417221069335938,0.2149047702550888,0.1257895827293396,1.119876503944397,-10.11233901977539,16.89563751220703,32.12440490722656,290.34466552734375,h
334.177001953125,228.0384979248047,1.9413000345230103,0.013100000098347664,0.6740000247955322,-457.9161071777344,-331.7799987792969,179.8509979248047,0.0,5.74560022354126,h
334.177001953125,228.0384979248047,5.179500102996826,0.013100000098347664,0.0007999999797903001,-457.9161071777344,-331.7799987792969,179.8509979248047,90.0,466.4078063964844,h
334.177001953125,228.0384979248047,5.179500102996826,0.013100000098347664,0.0007999999797903001,575.24072265625,231.4459991455078,-205.8946990966797,90.0,5.74560022354126,h
35.14847183227539,11.242310523986816,2.7491652965545654,0.3731571137905121,0.20074425637722015,-5.575348854064941,-14.55825424194336,4.511124610900879,3.266829013824463,146.97496032714844,h
334.177001953125,228.0384979248047,5.179500102996826,0.013100000098347664,0.0007999999797903001,-457.9161071777344,-331.7799987792969,-205.8946990966797,90.0,466.4078063964844,h
7.207900047302246,0.0,1.9413000345230103,0.8912000060081482,0.6740000247955322,-457.9161071777344,-331.7799987792969,-205.8946990966797,90.0,5.74560022354126,h
334.177001953125,228.0384979248047,5.179500102996826,0.013100000098347664,0.0007999999797903001,-457.9161071777344,-331.7799987792969,179.8509979248047,90.0,253.9929962158203,h
166.49693298339844,84.88784790039062,3.799358606338501,0.07413393259048462,0.04715470224618912,-224.0414581298828,-83.76114654541016,33.3547248840332,87.73191833496094,193.89979553222656,h
22.674442291259766,15.839869499206543,2.5779430866241455,0.32947838306427,0.14004147052764893,-10.435938835144043,8.767372131347656,8.176962852478027,34.57661056518555,145.90008544921875,h
35.48335647583008,10.144813537597656,2.9185173511505127,0.49708184599876404,0.3142000436782837,32.95008087158203,28.17316436767578,4.9377593994140625,33.42738342285156,91.3729248046875,h
276.1972961425781,228.0076904296875,5.179500102996826,0.013100000098347664,0.0007999999797903001,-212.27186584472656,-11.495715141296387,-205.19549560546875,86.60260772705078,313.79052734375,h
13.082088470458984,11.318816184997559,2.2838501930236816,0.65056973695755,0.4143640398979187,15.572786331176758,6.445712089538574,-11.029208183288574,61.867523193359375,243.2333984375,h
18.564714431762695,14.562969207763672,2.5843348503112793,0.47495752573013306,0.2556364834308624,8.055843353271484,-8.277473449707031,-9.428495407104492,24.052148818969727,243.0609893798828,h
7.207900047302246,0.0,1.9413000345230103,0.8912000060081482,0.6740000247955322,-457.9161071777344,-331.7799987792969,-205.8946990966797,90.0,466.4078063964844,h
165.01870727539062,47.02304458618164,3.5946946144104004,0.151802197098732,0.06192050874233246,6.722482204437256,115.42894744873047,-16.324594497680664,46.914371490478516,164.8141632080078,h
40.0114631652832,13.644301414489746,2.7265961170196533,0.313145250082016,0.18480540812015533,18.89618492126465,23.02287483215332,4.963386058807373,20.278892517089844,137.485595703125,h
12.995776176452637,6.8935017585754395,2.514173984527588,0.6804804801940918,0.37397658824920654,28.062843322753906,18.488435745239258,-5.431458473205566,37.880550384521484,81.90380096435547,h
334.177001953125,228.0384979248047,5.179500102996826,0.013100000098347664,0.0007999999797903001,575.24072265625,231.4459991455078,-205.8946990966797,90.0,466.4078063964844,h
334.177001953125,228.0384979248047,1.9413000345230103,0.013100000098347664,0.6740000247955322,-457.9161071777344,-331.7799987792969,179.8509979248047,0.0,5.74560022354126,h
95.44956970214844,28.577600479125977,3.335818290710449,0.392723947763443,0.26078128814697266,-69.98749542236328,-114.83457946777344,-30.660043716430664,13.671420097351074,395.126953125,h
96.4476547241211,94.93328857421875,3.3567984104156494,0.22059093415737152,0.1124904453754425,-129.50074768066406,108.47775268554688,-97.30241394042969,73.17540740966797,233.71958923339844,h
7.207900047302246,228.0384979248047,1.9413000345230103,0.8912000060081482,0.6740000247955322,575.24072265625,231.4459991455078,179.8509979248047,0.0,5.74560022354126,h
37.683494567871094,18.53812026977539,2.904106616973877,0.33890607953071594,0.18660935759544373,-1.775070309638977,19.634225845336914,9.892937660217285,42.62098693847656,115.72154235839844,h
94.69881439208984,39.952449798583984,3.496206760406494,0.14849841594696045,0.07435911893844604,-60.57910919189453,-60.52516174316406,11.640599250793457,54.516441345214844,229.36708068847656,h
8.475229263305664,83.61100006103516,1.9413000345230103,0.4266898036003113,0.21061483025550842,-457.9161071777344,-331.7799987792969,91.7244644165039,0.0,42.3566780090332,h
77.52603149414062,21.883159637451172,2.744647979736328,0.3130429685115814,0.17397645115852356,-42.176795959472656,-25.10628318786621,-12.086917877197266,21.913358688354492,304.024169921875,h
334.177001953125,228.0384979248047,5.179500102996826,0.013100000098347664,0.0007999999797903001,575.24072265625,231.4459991455078,-205.8946990966797,90.0,5.74560022354126,h
31.832429885864258,10.250157356262207,2.760411500930786,0.4185333251953125,0.23666852712631226,-14.715354919433594,24.206418991088867,-9.654092788696289,11.180636405944824,256.614990234375,h
334.177001953125,228.0384979248047,1.9413000345230103,0.013100000098347664,0.6739937663078308,-457.9161071777344,-331.7799987792969,179.8509979248047,0.0,5.74560022354126,h
17.437488555908203,16.184152603149414,2.3815712928771973,0.536473274230957,0.32379743456840515,19.006488800048828,1.2351831197738647,8.64560604095459,31.24949073791504,133.90684509277344,h
146.21533203125,137.48297119140625,4.007640838623047,0.1254483014345169,0.06880749762058258,-150.0047607421875,-87.54898071289062,-127.95637512207031,62.42176055908203,436.52899169921875,h
146.18902587890625,21.65788459777832,2.91171932220459,0.20546241104602814,0.11429378390312195,84.40200805664062,76.28253173828125,-7.659507751464844,47.57928466796875,166.36819458007812,h
334.177001953125,228.0384979248047,5.179500102996826,0.013100000098347664,0.0007999999797903001,575.24072265625,231.4459991455078,179.8509979248047,90.0,5.74560022354126,h
334.177001953125,228.0384979248047,5.179500102996826,0.013100000098347664,0.0007999999797903001,575.24072265625,231.4459991455078,-205.8946990966797,90.0,5.74560022354126,h
35.64155578613281,13.564549446105957,2.8281667232513428,0.37499696016311646,0.19684863090515137,-67.31578826904297,17.463905334472656,-3.894749641418457,80.487548828125,218.74932861328125,h
334.177001953125,228.0384979248047,5.179500102996826,0.013100000098347664,0.0007999999797903001,575.24072265625,231.4459991455078,-205.8946990966797,90.0,5.74560022354126,h
12.831713676452637,228.0384979248047,1.9413000345230103,0.8912000060081482,0.6740000247955322,-457.9161071777344,-331.7799987792969,179.8509979248047,0.0,5.74560022354126,h
236.6883544921875,88.58387756347656,4.485857963562012,0.028406724333763123,0.019912846386432648,-229.24652099609375,-213.30084228515625,55.763790130615234,4.561850547790527,187.47044372558594,h
20.740890502929688,15.618136405944824,2.382530927658081,0.45298048853874207,0.21951593458652496,3.1458237171173096,-0.33003270626068115,13.238044738769531,59.07592010498047,151.95169067382812,h
91.84197998046875,36.71914291381836,4.169709205627441,0.09471889585256577,0.036501817405223846,70.50183868408203,80.51819610595703,59.01276779174805,72.73257446289062,114.20301055908203,h
35.236900329589844,10.460770606994629,2.6584255695343018,0.38872337341308594,0.22000077366828918,-23.715347290039062,17.59035873413086,-7.224611282348633,30.8416690826416,194.3286895751953,h
109.21934509277344,21.016950607299805,3.377394199371338,0.18835093080997467,0.10396779328584671,-39.13421630859375,56.66215133666992,12.68057918548584,16.1209716796875,353.6935119628906,h
334.177001953125,228.0384979248047,5.179500102996826,0.013100000098347664,0.0007999999797903001,575.24072265625,231.4459991455078,-205.8946990966797,90.0,466.4078063964844,h
54.62837600708008,14.557007789611816,2.5498154163360596,0.48978391289711,0.33862751722335815,10.197779655456543,18.746044158935547,-9.484824180603027,18.23395538330078,273.5594177246094,h
334.177001953125,228.0384979248047,1.9413000345230103,0.013100000098347664,0.6740000247955322,-457.9161071777344,-331.7799987792969,-205.8946990966797,0.0,5.74560022354126,h
334.177001953125,228.0384979248047,5.179500102996826,0.013100000098347664,0.0007999999797903001,575.24072265625,231.4459991455078,179.8509979248047,0.0,5.74560022354126,h
334.177001953125,228.0384979248047,5.179500102996826,0.013100000098347664,0.0007999999797903001,575.24072265625,231.4459991455078,-205.8946990966797,90.0,466.4078063964844,h
90.76116943359375,38.067474365234375,2.8197312355041504,0.25945204496383667,0.14715175330638885,19.822071075439453,17.70439338684082,16.02381706237793,64.8817367553711,172.85206604003906,h
334.177001953125,228.0384979248047,5.179500102996826,0.013100000098347664,0.0007999999797903001,-457.9161071777344,-331.7799987792969,-205.8946990966797,90.0,466.4078063964844,h
193.22482299804688,59.5468635559082,3.1817514896392822,0.19831542670726776,0.11446047574281693,400.53253173828125,137.87161254882812,-130.09719848632812,68.55768585205078,189.6841583251953,h
334.177001953125,228.0384979248047,5.179500102996826,0.013100000098347664,0.0007999999797903001,575.24072265625,231.4459991455078,-205.8946990966797,90.0,5.74560022354126,h
7.630360126495361,32.50190734863281,1.9413000345230103,0.6319394111633301,0.3323955237865448,18.853090286254883,-92.91370391845703,13.025636672973633,0.0,5.74560022354126,h
7.207900047302246,0.0,1.9413000345230103,0.8912000060081482,0.6740000247955322,-457.9161071777344,-331.7799987792969,179.8509979248047,90.0,5.74560022354126,h
67.90026092529297,31.453609466552734,3.246833562850952,0.15180575847625732,0.07133997976779938,50.31332015991211,67.14583587646484,10.730298042297363,37.55245590209961,266.3504333496094,h
7.207900047302246,0.0,5.179500102996826,0.8912000060081482,0.6740000247955322,-457.9161071777344,-331.7799987792969,179.8509979248047,90.0,5.74560022354126,h
7.207900047302246,20.62410545349121,1.9413000345230103,0.7402091026306152,0.2910957634449005,-126.79219055175781,-323.3918762207031,21.691303253173828,0.0,15.913935661315918,h
334.177001953125,228.0384979248047,5.179500102996826,0.013100000098347664,0.0007999999797903001,-457.9161071777344,-331.7799987792969,179.8509979248047,90.0,466.4078063964844,h
8.91102123260498,228.0384979248047,1.9413000345230103,0.2525325417518616,0.0008113648509606719,7.766436576843262,231.4459991455078,179.8509979248047,0.0,5.74560022354126,h
45.78900146484375,9.831060409545898,2.6595118045806885,0.5540682077407837,0.34600478410720825,23.823705673217773,43.62841796875,5.8202805519104,22.81573486328125,188.5165252685547,h
334.177001953125,228.0384979248047,5.179500102996826,0.013100000098347664,0.0007999999797903001,575.24072265625,231.4459991455078,-205.8946990966797,90.0,5.74560022354126,h
73.42194366455078,11.483682632446289,3.2057549953460693,0.2548529803752899,0.13751521706581116,14.857856750488281,54.545806884765625,4.289207935333252,17.879350662231445,178.86744689941406,h
25.153987884521484,17.590925216674805,2.5188121795654297,0.47814300656318665,0.23641735315322876,-1.656683325767517,17.041545867919922,-12.095108985900879,42.023868560791016,218.03016662597656,h
52.1411018371582,26.15937614440918,2.967273235321045,0.2530665397644043,0.15683935582637787,-92.26578521728516,-14.09031867980957,29.873258590698242,67.53943634033203,241.10557556152344,h
86.53899383544922,75.48133087158203,3.4525749683380127,0.24548114836215973,0.12414225190877914,-29.64681625366211,-22.010902404785156,64.71080780029297,52.63278579711914,349.5734558105469,h
24.4227352142334,9.261009216308594,2.4441800117492676,0.5160933136940002,0.2814357578754425,16.722543716430664,19.87441635131836,-7.346406936645508,11.86882209777832,182.6038818359375,h
334.177001953125,228.0384979248047,5.179500102996826,0.013100000098347664,0.0007999999797903001,575.24072265625,-331.7799987792969,-205.8946990966797,90.0,466.4078063964844,h
334.177001953125,228.0384979248047,5.179500102996826,0.013100000098347664,0.0007999999797903001,-457.9161071777344,-331.7799987792969,179.8509979248047,90.0,248.8748016357422,h
7.207900047302246,0.0,5.179500102996826,0.8912000060081482,0.6740000247955322,-457.9161071777344,-331.7799987792969,179.8509979248047,90.0,5.74560022354126,h
334.177001953125,228.0384979248047,5.179500102996826,0.013100000098347664,0.0007999999797903001,-457.9161071777344,-331.7799987792969,-205.8946990966797,90.0,5.74560022354126,h
334.177001953125,228.0384979248047,5.179500102996826,0.013100000098347664,0.0007999999797903001,-457.9161071777344,-331.7799987792969,179.8509979248047,90.0,5.74560022354126,h
7.207900047302246,0.0,1.9413000345230103,0.8912000060081482,0.6740000247955322,-457.9161071777344,-331.7799987792969,179.8509979248047,90.0,5.74560022354126,h
334.177001953125,228.0384979248047,5.179500102996826,0.013100000098347664,0.0007999999797903001,575.24072265625,231.4459991455078,-205.8946990966797,90.0,466.4078063964844,h
7.232813835144043,20.032947540283203,1.9413000345230103,0.7997169494628906,0.4067685008049011,10.538345336914062,-11.278399467468262,16.552478790283203,0.5415161848068237,141.34373474121094,h
334.177001953125,228.0384979248047,5.179500102996826,0.013100000098347664,0.0007999999797903001,575.24072265625,231.4459991455078,179.8509979248047,90.0,5.74560022354126,h
334.177001953125,228.0384979248047,5.179500102996826,0.013100000098347664,0.0007999999797903001,575.24072265625,231.4459991455078,-205.8946990966797,90.0,5.74560022354126,h
334.177001953125,228.0384979248047,1.9413000345230103,0.013100000098347664,0.6740000247955322,-457.9161071777344,-331.7799987792969,179.8509979248047,0.0,466.4078063964844,h
19.590229034423828,11.843899726867676,2.2551352977752686,0.544398844242096,0.28549841046333313,-39.36756896972656,-6.302030563354492,-7.907638072967529,53.98707962036133,163.99368286132812,h
334.177001953125,228.0384979248047,5.179500102996826,0.013100000098347664,0.0007999999797903001,575.24072265625,231.4459991455078,179.8509979248047,90.0,5.74560022354126,h
35.52869415283203,228.0384979248047,1.9413000345230103,0.013100000098347664,0.0009252162417396903,-457.9161071777344,-331.7799987792969,179.8509979248047,0.0,5.74560022354126,h
334.177001953125,228.0384979248047,5.179500102996826,0.013100000098347664,0.0007999999797903001,575.24072265625,231.4459991455078,-205.8946990966797,90.0,5.74560022354126,h
334.177001953125,228.0384979248047,5.179500102996826,0.013100000098347664,0.0007999999797903001,575.24072265625,231.4459991455078,-205.8946990966797,90.0,5.74560022354126,h
79.54796600341797,37.19145202636719,3.2034804821014404,0.20525667071342468,0.09844088554382324,93.79042053222656,52.7293815612793,-40.52254104614258,16.23491096496582,149.93353271484375,h
334.177001953125,228.0384979248047,5.179500102996826,0.013100000098347664,0.0007999999797903001,575.24072265625,231.4459991455078,-205.8946990966797,90.0,7.176056385040283,h
41.18207931518555,27.03729248046875,3.2931108474731445,0.27241015434265137,0.14629203081130981,5.028459548950195,25.007925033569336,4.948261737823486,46.38736343383789,215.87950134277344,h
7.207900047302246,0.0,2.95613694190979,0.8912000060081482,0.6740000247955322,-453.4831848144531,10.514562606811523,-28.171632766723633,34.142051696777344,466.3958740234375,h
7.207900047302246,0.0,5.179500102996826,0.8912000060081482,0.6740000247955322,-457.9161071777344,-331.7799987792969,179.8509979248047,90.0,5.74560022354126,h
7.207900047302246,0.0,1.9413000345230103,0.8912000060081482,0.6740000247955322,-457.9161071777344,-331.7799987792969,-205.8946990966797,90.0,466.4078063964844,h
334.177001953125,228.0384979248047,1.9413000345230103,0.013100000098347664,0.6740000247955322,-457.9161071777344,-331.7799987792969,179.8509979248047,0.0,466.4078063964844,h
104.21401977539062,28.8469181060791,3.366774082183838,0.1522720754146576,0.09009453654289246,-19.280332565307617,88.55335235595703,9.333666801452637,87.86479187011719,198.67852783203125,h
233.84080505371094,35.809444427490234,5.131620407104492,0.014319474808871746,0.0010467295069247484,-275.5674743652344,-84.10930633544922,43.377742767333984,87.17747497558594,41.12532043457031,h
71.74522399902344,38.90874481201172,3.577350616455078,0.21645568311214447,0.09022264927625656,-70.42265319824219,53.789920806884766,-56.43381118774414,46.456687927246094,244.2151336669922,h
255.42747497558594,102.72467041015625,5.166176795959473,0.013199690729379654,0.001282016164623201,-421.04071044921875,-160.52667236328125,-14.719849586486816,68.6661148071289,71.3827896118164,h
334.177001953125,228.0384979248047,5.179500102996826,0.013100000098347664,0.0007999999797903001,575.24072265625,48.20588684082031,-45.82179260253906,90.0,466.4078063964844,h
334.177001953125,228.0384979248047,5.179500102996826,0.013100000098347664,0.0007999999797903001,575.24072265625,231.4459991455078,-205.8946990966797,90.0,64.20732116699219,h
7.207900047302246,0.0,1.9413079023361206,0.8912000060081482,0.6740000247955322,-457.9161071777344,-331.7799987792969,-15.534782409667969,90.0,5.74560022354126,h
334.177001953125,228.0384979248047,5.179500102996826,0.013100000098347664,0.0007999999797903001,575.24072265625,231.4459991455078,179.8509979248047,89.84749603271484,5.74560022354126,h
118.3140869140625,74.98921966552734,3.128199338912964,0.1329524666070938,0.07149222493171692,37.60954284667969,65.29861450195312,-59.059471130371094,53.51958084106445,196.79685974121094,h
7.207900047302246,0.0,1.9413000345230103,0.8912000060081482,0.6740000247955322,-457.9161071777344,-331.7799987792969,179.8509979248047,90.0,5.74560022354126,h
226.89163208007812,94.05931091308594,3.5438668727874756,0.09545879065990448,0.05826311558485031,-34.77241134643555,-139.10055541992188,31.238004684448242,66.86685180664062,188.2920379638672,h
334.177001953125,228.0384979248047,1.9413000345230103,0.8912000060081482,0.6740000247955322,-457.9161071777344,-331.7799987792969,-205.8946990966797,0.0,5.74560022354126,h
21.432464599609375,7.5462470054626465,2.1037790775299072,0.805307924747467,0.4072333872318268,22.250619888305664,14.596936225891113,-4.495627403259277,37.681640625,38.51596450805664,h
334.177001953125,228.0384979248047,5.179500102996826,0.013100000098347664,0.0007999999797903001,575.24072265625,231.4459991455078,179.8509979248047,90.0,5.74560022354126,h
334.177001953125,228.0384979248047,5.179500102996826,0.013100000098347664,0.0007999999797903001,575.24072265625,231.4459991455078,179.8509979248047,90.0,5.74560022354126,h
131.7464599609375,30.98847198486328,3.1159756183624268,0.17695856094360352,0.1026504710316658,-262.7117004394531,125.58267974853516,4.990846633911133,10.918412208557129,278.18780517578125,h
7.454535007476807,228.0384979248047,1.9413000345230103,0.4033646285533905,0.6739792823791504,-457.9161071777344,-331.7799987792969,179.8509979248047,0.0,5.74560022354126,h
67.78304290771484,18.588394165039062,2.9292795658111572,0.29805296659469604,0.17970773577690125,-14.991637229919434,-79.79207611083984,-9.785663604736328,12.988663673400879,168.90525817871094,h
128.240478515625,34.19300079345703,3.7074923515319824,0.09325184673070908,0.04406812787055969,179.1636962890625,112.8921890258789,19.469432830810547,20.016401290893555,220.8555145263672,h
334.177001953125,228.0384979248047,5.179500102996826,0.013100000098347664,0.0007999999797903001,575.24072265625,231.4459991455078,-205.8946990966797,90.0,466.4078063964844,h
162.70677185058594,85.88544464111328,3.4741780757904053,0.1879620999097824,0.0895170196890831,-198.1133575439453,-197.38134765625,-85.92839813232422,63.292240142822266,331.9223937988281,h
7.387784481048584,16.857017517089844,1.9413000345230103,0.5039318799972534,0.18247005343437195,-454.0829772949219,-331.7799987792969,58.70930480957031,0.0,5.839992046356201,h
76.81470489501953,20.157506942749023,2.7888474464416504,0.2346559762954712,0.11631926894187927,52.74882507324219,-134.9198455810547,-11.777175903320312,26.465795516967773,136.00247192382812,h
7.207900047302246,0.0,5.179500102996826,0.8912000060081482,0.6740000247955322,-457.9161071777344,-331.7799987792969,-205.8946990966797,90.0,466.4078063964844,h
21.74104881286621,11.60743522644043,2.2361645698547363,0.47183358669281006,0.21428830921649933,-51.33251953125,24.289522171020508,4.62339973449707,78.19515228271484,183.3315887451172,h
334.177001953125,0.0,5.179500102996826,0.013100000098347664,0.0007999999797903001,575.24072265625,231.4459991455078,179.8509979248047,90.0,5.74560022354126,h
17.641695022583008,9.914046287536621,2.4672226905822754,0.8635256886482239,0.5641061663627625,12.279911994934082,16.164186477661133,-7.263587474822998,78.09054565429688,149.11355590820312,h
334.177001953125,228.0384979248047,5.179500102996826,0.013100000098347664,0.0007999999797903001,-457.9161071777344,231.4459991455078,-205.8946990966797,90.0,466.4078063964844,h
7.207900047302246,0.0,1.9413000345230103,0.8912000060081482,0.6740000247955322,-457.9161071777344,-331.7799987792969,179.8509979248047,0.0,5.74560022354126,h
334.177001953125,228.0384979248047,5.179500102996826,0.013100000098347664,0.0007999999797903001,-22.387636184692383,231.4459991455078,179.8509979248047,90.0,5.74560022354126,h
33.38294982910156,3.6380653381347656,2.5007686614990234,0.510155975818634,0.2842586934566498,-38.63603973388672,16.81599998474121,-7.194563388824463,33.45460891723633,200.73545837402344,h
7.207900047302246,32.81488800048828,1.9413000345230103,0.8912000060081482,0.623222827911377,-457.9161071777344,-331.7799987792969,179.8509979248047,0.0,5.967123031616211,h
334.177001953125,228.0384979248047,5.179500102996826,0.013100000098347664,0.0007999999797903001,575.24072265625,-331.7799987792969,-205.8946990966797,90.0,466.4078063964844,h
7.207900047302246,0.0,5.179500102996826,0.8912000060081482,0.6740000247955322,-457.9161071777344,-331.7799987792969,179.8509979248047,90.0,5.74560022354126,h
21.77641487121582,10.931098937988281,2.485318183898926,0.4732629060745239,0.26034125685691833,-23.815444946289062,6.479535102844238,10.353375434875488,27.89091682434082,140.573974609375,h
31.61560821533203,19.002046585083008,2.743692398071289,0.3517411947250366,0.19645361602306366,-14.174546241760254,6.257506370544434,-18.284440994262695,65.14649200439453,201.41131591796875,h
334.177001953125,228.0384979248047,5.179500102996826,0.013100000098347664,0.0007999999797903001,-457.9161071777344,-331.7799987792969,179.8509979248047,90.0,358.95758056640625,h
334.177001953125,228.0384979248047,5.179500102996826,0.013100000098347664,0.0007999999797903001,575.24072265625,231.4459991455078,-205.8946990966797,90.0,466.4078063964844,h
50.909996032714844,11.758681297302246,2.8658206462860107,0.31915518641471863,0.175260528922081,-43.28556442260742,-17.29387092590332,9.898286819458008,69.33734893798828,208.20370483398438,h
108.58963775634766,53.960391998291016,3.5328855514526367,0.156216561794281,0.09933440387248993,-196.20787048339844,-84.59574127197266,19.363811492919922,56.9260368347168,370.0716552734375,h
7.207900047302246,0.0,1.9413000345230103,0.8912000060081482,0.6740000247955322,-457.9161071777344,-331.7799987792969,179.8509979248047,0.0,5.74560022354126,h
52.43526840209961,16.87152671813965,2.613243579864502,0.33946627378463745,0.180897057056427,-260.8450927734375,49.19083786010742,-13.447640419006348,35.68751907348633,277.7182922363281,h
334.177001953125,228.0384979248047,1.9413000345230103,0.013100000098347664,0.6740000247955322,-457.9161071777344,-331.7799987792969,-205.8946990966797,0.0,5.74560022354126,h
334.177001953125,228.0384979248047,5.179500102996826,0.013100000098347664,0.0007999999797903001,-457.9161071777344,-331.7799987792969,-205.8946990966797,90.0,466.4078063964844,h
334.177001953125,228.0384979248047,1.9413000345230103,0.8912000060081482,0.6740000247955322,-457.9161071777344,-331.7799987792969,179.8509979248047,0.0,5.74560022354126,h
72.51178741455078,37.78378677368164,2.7596499919891357,0.3779158294200897,0.20457680523395538,0.4259316623210907,-53.95071029663086,48.55006408691406,4.852840900421143,274.90484619140625,h
27.772672653198242,16.794776916503906,2.3276901245117188,0.5972659587860107,0.33709263801574707,12.719295501708984,12.480987548828125,7.399837493896484,1.8578178882598877,146.6883544921875,h
54.900943756103516,16.072662353515625,2.601778984069824,0.4107065200805664,0.2692547142505646,-16.124130249023438,-28.864126205444336,-8.885480880737305,62.57099533081055,169.92160034179688,h
7.294201850891113,228.0384979248047,1.9413000345230103,0.013100000098347664,0.0007999999797903001,-457.9161071777344,-331.7799987792969,179.8509979248047,0.0,5.74560022354126,h
334.177001953125,0.0,5.179500102996826,0.8912000060081482,0.6740000247955322,-457.9161071777344,-331.7799987792969,179.8509979248047,90.0,5.74560022354126,h
206.07247924804688,228.0384979248047,1.9413000345230103,0.013100000098347664,0.14875222742557526,-457.9161071777344,-331.7799987792969,179.8509979248047,0.0,5.74560022354126,h
258.4342041015625,122.82000732421875,4.536570072174072,0.02789510227739811,0.006723753642290831,-390.7388916015625,229.9762420654297,179.55410766601562,88.918212890625,55.61298370361328,h
12.664299011230469,12.559590339660645,2.185349702835083,0.7403344511985779,0.4396672248840332,-7.8695173263549805,-6.674285411834717,-9.439834594726562,64.85737609863281,163.45932006835938,h
334.177001953125,228.0384979248047,1.9413000345230103,0.8912000060081482,0.6740000247955322,-457.9161071777344,-331.7799987792969,179.8509979248047,0.0,466.4078063964844,h
172.944580078125,83.0151596069336,3.747673988342285,0.08341473340988159,0.05230977386236191,-164.24923706054688,-140.7424774169922,-31.64579963684082,53.57028579711914,196.67755126953125,h
334.177001953125,228.0384979248047,1.9413000345230103,0.8912000060081482,0.6740000247955322,-457.9161071777344,-331.7799987792969,-205.8946990966797,0.0,5.74560022354126,h
34.04801559448242,22.136852264404297,2.7975571155548096,0.26172807812690735,0.17533354461193085,24.252708435058594,18.9346981048584,8.951926231384277,75.94445037841797,200.56106567382812,h
334.177001953125,228.0384979248047,5.179500102996826,0.013100000098347664,0.0007999999797903001,575.24072265625,231.4459991455078,-205.8946990966797,90.0,466.4078063964844,h
334.177001953125,228.0384979248047,5.179500102996826,0.013100000098347664,0.0007999999797903001,-457.9161071777344,231.4459991455078,179.8509979248047,90.0,5.74560022354126,h
334.177001953125,228.0384979248047,5.179500102996826,0.013100000098347664,0.0007999999797903001,-457.9161071777344,-331.7799987792969,179.8509979248047,90.0,466.4078063964844,h
334.177001953125,228.0384979248047,5.179500102996826,0.013100000098347664,0.0007999999797903001,575.24072265625,231.4459991455078,-205.8946990966797,90.0,5.74560022354126,h
45.123294830322266,10.012582778930664,2.4982244968414307,0.5570985078811646,0.32094806432724,-14.968631744384766,18.590103149414062,6.866480350494385,51.096160888671875,102.0522689819336,h
141.2682342529297,41.632781982421875,3.477332353591919,0.16569319367408752,0.06814738363027573,-151.47543334960938,-11.564779281616211,-16.090126037597656,8.857315063476562,146.49734497070312,h
334.177001953125,228.0384979248047,5.179500102996826,0.013100000098347664,0.0007999999797903001,575.24072265625,231.4459991455078,-205.8946990966797,90.0,466.4078063964844,h
22.678497314453125,17.33988380432129,2.5243337154388428,0.4845716655254364,0.2891564667224884,32.70360565185547,21.28493309020996,3.40493106842041,24.502086639404297,159.28036499023438,h
25.526113510131836,18.314083099365234,2.8279788494110107,0.382114440202713,0.22007779777050018,8.6582612991333,18.164350509643555,-11.283875465393066,42.080169677734375,211.4856414794922,h
139.12710571289062,196.52716064453125,4.196114540100098,0.03315780684351921,0.016120795160531998,0.11052638292312622,-69.0412826538086,-122.72795104980469,15.329726219177246,356.68939208984375,h
64.37390899658203,12.168601989746094,2.727336883544922,0.39930978417396545,0.22458301484584808,25.175609588623047,14.541483879089355,-3.969987630844116,2.4117395877838135,275.54681396484375,h
334.177001953125,228.0384979248047,5.179500102996826,0.013100000098347664,0.0007999999797903001,575.24072265625,231.4459991455078,-205.8946990966797,90.0,466.4078063964844,h
334.177001953125,228.0384979248047,5.179500102996826,0.013100000098347664,0.0007999999797903001,575.24072265625,231.4459991455078,179.8509979248047,90.0,5.74560022354126,h
334.177001953125,228.0384979248047,5.179500102996826,0.013100000098347664,0.0007999999797903001,-457.9161071777344,-331.7799987792969,179.8509979248047,90.0,5.74560022354126,h
44.80104064941406,13.632861137390137,2.4776113033294678,0.506112277507782,0.24643565714359283,55.70317077636719,-25.161239624023438,3.2188687324523926,50.75049591064453,257.9309997558594,h
12.983561515808105,228.0384979248047,1.9413000345230103,0.8912000060081482,0.6740000247955322,-457.9161071777344,-331.7799987792969,179.8509979248047,0.0,5.74560022354126,h
334.177001953125,228.0384979248047,5.179500102996826,0.013100000098347664,0.0007999999797903001,-457.9161071777344,-331.7799987792969,-205.8946990966797,90.0,466.4078063964844,h
93.09217834472656,46.9003791809082,3.09335994720459,0.28064393997192383,0.18609997630119324,76.42727661132812,134.77659606933594,-11.54532527923584,80.5154037475586,243.28216552734375,h
334.177001953125,228.0384979248047,1.9413000345230103,0.013100000098347664,0.0007999999797903001,-457.9161071777344,-331.7799987792969,179.8509979248047,0.0,5.74560022354126,h
113.47378540039062,53.3355827331543,3.5271246433258057,0.16093719005584717,0.09358052164316177,-46.51847457885742,-66.10416412353516,44.72268295288086,5.710353851318359,204.82545471191406,h
334.177001953125,228.0384979248047,1.9413000345230103,0.013100000098347664,0.6740000247955322,-457.9161071777344,-331.7799987792969,-205.8946990966797,0.0,5.74560022354126,h
7.207900047302246,0.0,3.677065372467041,0.8912000060081482,0.6740000247955322,-457.9161071777344,-331.7799987792969,-205.8946990966797,0.0,5.74560022354126,h
7.207900047302246,228.0384979248047,1.9413000345230103,0.8912000060081482,0.6740000247955322,-457.9161071777344,-331.7799987792969,179.8509979248047,0.0,466.4078063964844,h
334.177001953125,228.0384979248047,1.9413000345230103,0.013100000098347664,0.6740000247955322,-457.9161071777344,-331.7799987792969,-205.8946990966797,0.0,5.74560022354126,h
76.89305114746094,29.920372009277344,2.9451889991760254,0.16951170563697815,0.07122844457626343,-25.031227111816406,-93.7336196899414,-14.99220085144043,35.91270446777344,101.31578063964844,h
334.177001953125,228.0384979248047,5.179500102996826,0.013100000098347664,0.0007999999797903001,575.24072265625,231.4459991455078,-205.8946990966797,90.0,5.74560022354126,h
22.112712860107422,13.660651206970215,2.5955703258514404,0.5157556533813477,0.261960506439209,-8.516582489013672,12.600521087646484,-12.723999977111816,68.11260986328125,137.13134765625,h
334.177001953125,228.0384979248047,5.179500102996826,0.013100000098347664,0.0007999999797903001,575.24072265625,231.4459991455078,179.8509979248047,90.0,466.4078063964844,h
75.25447845458984,10.69941520690918,2.6987881660461426,0.44508329033851624,0.28756436705589294,30.5767822265625,52.54243469238281,13.760766983032227,6.368317604064941,203.76426696777344,h
334.177001953125,228.0384979248047,5.179500102996826,0.013100000098347664,0.0007999999797903001,-457.9161071777344,-331.7799987792969,179.8509979248047,90.0,466.4078063964844,h
334.177001953125,228.0384979248047,1.9413000345230103,0.8912000060081482,0.6740000247955322,-457.9161071777344,-331.7799987792969,-205.8946990966797,0.0,5.74560022354126,h
69.49421691894531,25.697145462036133,3.1232147216796875,0.26250341534614563,0.13928565382957458,-10.58399772644043,34.257328033447266,-13.341641426086426,35.84721755981445,320.6815185546875,h
132.2333526611328,190.72219848632812,4.369509220123291,0.10782769322395325,0.06454560905694962,199.46449279785156,5.623748779296875,138.35780334472656,74.45222473144531,285.38677978515625,h
27.328105926513672,11.165765762329102,2.3884308338165283,0.47415223717689514,0.30299124121665955,-55.98025131225586,-4.160460472106934,-9.071800231933594,37.51425552368164,222.013671875,h
334.177001953125,228.0384979248047,5.179500102996826,0.013100000098347664,0.0007999999797903001,575.24072265625,231.4459991455078,-205.8946990966797,90.0,5.74560022354126,h
57.11101150512695,33.16448974609375,2.593383550643921,0.350585401058197,0.194472536444664,0.6358157992362976,-30.23261070251465,-25.941421508789062,39.942874908447266,339.9120788574219,h
34.526859283447266,11.662817001342773,2.402512550354004,0.4176947772502899,0.22626017034053802,23.057218551635742,22.53827476501465,11.217109680175781,17.960224151611328,98.14595794677734,h
40.51071548461914,14.672715187072754,2.648975133895874,0.3031223714351654,0.15808925032615662,-42.05583953857422,39.33845138549805,0.4613604247570038,40.35543441772461,210.86598205566406,h
334.177001953125,228.0384979248047,5.179500102996826,0.013100000098347664,0.0007999999797903001,575.24072265625,231.4459991455078,50.40434646606445,89.99996185302734,383.8948059082031,h
129.21034240722656,24.07841682434082,3.8543567657470703,0.06738758087158203,0.04563561826944351,-3.3311526775360107,-46.65974426269531,7.020233631134033,63.39402389526367,247.028076171875,h
25.597150802612305,20.25044822692871,2.4429776668548584,0.44218093156814575,0.2611783444881439,1.592847228050232,-16.83150291442871,14.601266860961914,19.69306182861328,185.61102294921875,h
114.0743637084961,21.506406784057617,3.4761316776275635,0.14222317934036255,0.08142643421888351,-78.34156036376953,25.041107177734375,-24.90208625793457,12.475377082824707,339.41851806640625,h
136.76727294921875,41.07706069946289,3.7031078338623047,0.1455574482679367,0.0919039249420166,-6.121922016143799,-159.91891479492188,32.876197814941406,65.74220275878906,194.2267608642578,h
334.177001953125,228.0384979248047,5.179500102996826,0.013100000098347664,0.0007999999797903001,-457.9161071777344,-331.7799987792969,-205.8946990966797,90.0,466.4078063964844,h
113.64078521728516,46.672000885009766,3.0018811225891113,0.20033472776412964,0.1037251353263855,-15.713081359863281,125.29713439941406,-31.57109832763672,40.833770751953125,289.94342041015625,h
334.177001953125,228.0384979248047,1.9413000345230103,0.013100000098347664,0.0007999999797903001,-457.9161071777344,-331.7799987792969,179.8509979248047,0.0,5.74560022354126,h
40.41824722290039,15.248771667480469,2.6404078006744385,0.29683932662010193,0.16625568270683289,1.2878220081329346,23.60646629333496,13.513934135437012,26.194782257080078,191.196044921875,h
12.56192398071289,10.00307559967041,2.2871170043945312,0.8348949551582336,0.4379323720932007,11.258045196533203,-2.8692500591278076,10.10750675201416,65.53876495361328,165.99746704101562,h
83.5311508178711,26.98607635498047,2.824627637863159,0.2870190739631653,0.17404262721538544,-17.32573699951172,-82.41987609863281,-9.835308074951172,8.936609268188477,179.47950744628906,h
334.177001953125,228.0384979248047,5.179500102996826,0.013100000098347664,0.0007999999797903001,-457.9161071777344,-331.7799987792969,179.8509979248047,90.0,466.4078063964844,h
152.58541870117188,88.72554779052734,3.5168638229370117,0.06827880442142487,0.04093217849731445,58.95013427734375,-63.51063537597656,68.65231323242188,77.1305923461914,212.1263885498047,h
20.957319259643555,19.905845642089844,2.452617883682251,0.4701889157295227,0.2499755173921585,21.412376403808594,25.357107162475586,21.39728546142578,48.755191802978516,182.4652557373047,h
334.177001953125,228.0384979248047,5.179500102996826,0.013100000098347664,0.0007999999797903001,-457.9161071777344,-331.7799987792969,179.8509979248047,90.0,465.8620910644531,h
7.207900047302246,0.0,5.179500102996826,0.8912000060081482,0.6740000247955322,-457.9161071777344,-331.7799987792969,-21.587352752685547,90.0,5.74560022354126,h
334.177001953125,228.0384979248047,5.179500102996826,0.013100000098347664,0.0007999999797903001,-457.9161071777344,-331.7799987792969,179.8509979248047,90.0,5.74560022354126,h
334.177001953125,228.0384979248047,5.179500102996826,0.013100000098347664,0.0007999999797903001,575.24072265625,231.4459991455078,-205.8946990966797,90.0,466.4078063964844,h
334.177001953125,228.0384979248047,5.179500102996826,0.013100000098347664,0.0007999999797903001,575.24072265625,231.4459991455078,179.8509979248047,90.0,5.74560022354126,h
32.94261932373047,6.705706596374512,2.0993549823760986,0.7635287642478943,0.3820076584815979,-13.370010375976562,16.120197296142578,7.6331048011779785,84.5340805053711,287.5344543457031,h
13.050000190734863,14.999027252197266,2.488776206970215,0.7519419193267822,0.41291359066963196,40.603065490722656,0.4247468113899231,6.90158224105835,48.13882827758789,66.86695861816406,h
11.3601655960083,89.6658706665039,1.9413000345230103,0.890156090259552,0.5997271537780762,-55.11284255981445,-110.85730743408203,179.8509979248047,0.0,5.74560022354126,h
94.72470092773438,20.51381492614746,3.2472000122070312,0.31600725650787354,0.1786096841096878,42.9189338684082,81.86219787597656,4.1302666664123535,12.870573997497559,286.03741455078125,h
20.63627052307129,15.483352661132812,2.452420711517334,0.4237760007381439,0.2281566709280014,-6.913951396942139,-24.791078567504883,-20.57549285888672,45.32019805908203,245.3945770263672,h
7.388562202453613,24.35167694091797,1.9413000345230103,0.873526930809021,0.47999799251556396,56.072608947753906,-14.937161445617676,42.11399841308594,0.0,8.962776184082031,h
30.01486587524414,25.498083114624023,2.7858002185821533,0.2875959873199463,0.15696343779563904,-31.974111557006836,-16.02008056640625,16.31903839111328,17.60593032836914,97.5535659790039,h
54.521385192871094,0.0,2.4348104000091553,0.6225454807281494,0.3960179388523102,-43.648597717285156,17.134130477905273,-7.432892322540283,52.20106506347656,114.5598373413086,h
334.177001953125,228.0384979248047,5.179500102996826,0.013100000098347664,0.0007999999797903001,575.24072265625,231.4459991455078,-205.8946990966797,90.0,466.4078063964844,h
29.07796287536621,12.534513473510742,2.6388261318206787,0.3829123079776764,0.20976592600345612,-23.819570541381836,5.761034965515137,11.848614692687988,57.60002136230469,135.7564697265625,h
334.177001953125,228.0384979248047,5.179500102996826,0.013100000098347664,0.0007999999797903001,-457.9161071777344,-331.7799987792969,-205.8946990966797,90.0,466.4078063964844,h
164.4586944580078,38.73939514160156,3.3238837718963623,0.18270725011825562,0.11518870294094086,58.05512619018555,221.58306884765625,-7.982816219329834,25.183887481689453,174.32958984375,h
334.177001953125,228.0384979248047,5.179500102996826,0.013100000098347664,0.0007999999797903001,-457.9161071777344,-331.7799987792969,179.8509979248047,90.0,466.4078063964844,h
334.177001953125,228.0384979248047,5.179500102996826,0.013100000098347664,0.0007999999797903001,-457.9161071777344,231.4459991455078,179.8509979248047,0.0,5.74560022354126,h
35.40486526489258,24.254671096801758,2.7286887168884277,0.2792815864086151,0.1646435558795929,32.53356170654297,16.516952514648438,14.629674911499023,60.107669830322266,211.67002868652344,h
334.177001953125,228.0384979248047,1.9413000345230103,0.013100000098347664,0.0007999999797903001,-457.9161071777344,-331.7799987792969,-205.8946990966797,0.0,5.74560022354126,h
334.177001953125,228.0384979248047,5.179500102996826,0.013100000098347664,0.0007999999797903001,-457.9161071777344,-331.7799987792969,-205.8946990966797,90.0,466.4078063964844,h
7.207900047302246,0.0,5.179500102996826,0.8912000060081482,0.6740000247955322,-457.9161071777344,-331.7799987792969,179.8509979248047,90.0,5.74560022354126,h
334.177001953125,228.0384979248047,1.9413000345230103,0.013100000098347664,0.6740000247955322,-457.9161071777344,-331.7799987792969,179.8509979248047,0.0,5.74560022354126,h
122.92332458496094,66.79231262207031,3.802757740020752,0.05995936319231987,0.029762979596853256,46.35383605957031,23.144542694091797,38.8482780456543,86.41554260253906,126.46133422851562,h
23.2283935546875,12.201859474182129,2.4308016300201416,0.7241189479827881,0.3238758146762848,-31.6722469329834,-16.190534591674805,9.183334350585938,12.44223690032959,143.4393768310547,h
47.20390701293945,20.91063690185547,2.8046703338623047,0.371050626039505,0.19305545091629028,3.1435937881469727,-12.012763977050781,14.348641395568848,36.19548416137695,329.58624267578125,h
30.487449645996094,23.82681655883789,2.61548113822937,0.45596951246261597,0.25703665614128113,-13.116626739501953,-10.633417129516602,32.091121673583984,29.133708953857422,144.44097900390625,h
334.177001953125,228.0384979248047,5.179500102996826,0.013100000098347664,0.0007999999797903001,-457.9161071777344,-331.7799987792969,179.8509979248047,90.0,5.74560022354126,h
92.92892456054688,55.4560432434082,3.4620299339294434,0.11551641672849655,0.06350378692150116,59.704986572265625,82.45378875732422,-95.93423461914062,9.588035583496094,260.7806091308594,h
162.62005615234375,95.62876892089844,4.090282917022705,0.08278043568134308,0.048554614186286926,-20.90765953063965,-18.102062225341797,-97.10213470458984,81.01839447021484,338.50933837890625,h
13.131136894226074,7.394996166229248,2.2267463207244873,0.8201149702072144,0.4885120391845703,15.511950492858887,-8.779082298278809,-5.1410651206970215,86.14840698242188,191.16427612304688,h
332.14129638671875,228.0384979248047,5.179500102996826,0.013100000098347664,0.0007999999797903001,-272.0828552246094,-318.9635314941406,179.8426055908203,89.98085021972656,455.60736083984375,h
76.8482666015625,26.303632736206055,2.5300381183624268,0.3635261356830597,0.2015203982591629,-123.78089904785156,66.81918334960938,6.836641311645508,8.636040687561035,147.93577575683594,h
46.87284851074219,32.29902267456055,2.812668561935425,0.28977686166763306,0.1746244728565216,-68.11581420898438,-24.025869369506836,35.6506462097168,57.85397720336914,138.13235473632812,h
334.177001953125,228.0384979248047,5.179500102996826,0.013100000098347664,0.0007999999797903001,575.24072265625,231.4459991455078,-205.8946990966797,90.0,5.74560022354126,h
334.177001953125,228.0384979248047,5.179500102996826,0.013100000098347664,0.0007999999797903001,575.24072265625,231.4459991455078,179.8509979248047,0.00015694413741584867,5.74560022354126,h
334.177001953125,228.0384979248047,5.179500102996826,0.013100000098347664,0.0007999999797903001,575.24072265625,231.4459991455078,-205.8946990966797,90.0,5.74560022354126,h
187.8803253173828,59.24601364135742,3.503214120864868,0.18117129802703857,0.08937589824199677,14.581913948059082,54.44658279418945,-38.12721633911133,84.80603790283203,238.63665771484375,h
190.77249145507812,52.601287841796875,3.4599006175994873,0.16631340980529785,0.11320440471172333,-246.3070831298828,-93.21493530273438,-27.195045471191406,77.86286163330078,343.1017761230469,h
334.177001953125,228.0384979248047,5.179500102996826,0.013100000098347664,0.0007999999797903001,575.24072265625,231.4459991455078,-205.8946990966797,90.0,5.74560022354126,h
334.177001953125,228.0384979248047,5.179500102996826,0.013100000098347664,0.0007999999797903001,575.24072265625,218.72987365722656,-194.71954345703125,90.0,466.4078063964844,h
334.177001953125,228.0384979248047,5.179500102996826,0.013100000098347664,0.0007999999797903001,575.24072265625,231.4459991455078,-205.8946990966797,90.0,466.4078063964844,h
34.5821418762207,21.74114990234375,2.7475976943969727,0.35419103503227234,0.20173810422420502,-67.72885131835938,-7.7135233879089355,14.114574432373047,31.518712997436523,182.8204803466797,h
334.177001953125,228.0384979248047,5.179500102996826,0.013100000098347664,0.0007999999797903001,575.24072265625,231.4459991455078,-205.8946990966797,90.0,466.4078063964844,h
20.77166175842285,19.532703399658203,2.3201236724853516,0.48329949378967285,0.2494310438632965,23.736495971679688,-6.979255676269531,-2.8732306957244873,47.19063949584961,254.7895965576172,h
334.177001953125,228.0384979248047,5.179500102996826,0.013100000098347664,0.0007999999797903001,-457.9161071777344,-331.7799987792969,179.8509979248047,90.0,466.4078063964844,h
171.40060424804688,113.67438507080078,3.621356725692749,0.05549632012844086,0.03877642750740051,-104.02249908447266,-193.08119201660156,-78.1474838256836,11.629718780517578,29.001052856445312,h
334.177001953125,228.0384979248047,5.179500102996826,0.013100000098347664,0.0007999999797903001,575.24072265625,231.4459991455078,74.00643157958984,90.0,5.74560022354126,h
315.541748046875,228.0384979248047,1.9413000345230103,0.013100000098347664,0.6740000247955322,-457.9161071777344,-331.7799987792969,179.8509979248047,0.0,5.74560022354126,h
56.08305358886719,20.1541748046875,2.437404155731201,0.42478159070014954,0.24192684888839722,-18.186695098876953,35.35761642456055,5.148273468017578,13.359173774719238,226.85435485839844,h
334.177001953125,228.0384979248047,5.179500102996826,0.013100000098347664,0.0007999999797903001,-457.9161071777344,-331.7799987792969,-205.8946990966797,90.0,466.4078063964844,h
334.177001953125,228.0384979248047,5.179500102996826,0.013100000098347664,0.0007999999797903001,-457.9161071777344,-331.7799987792969,179.8509979248047,89.87311553955078,360.0550842285156,h
334.177001953125,228.0384979248047,5.179500102996826,0.013100000098347664,0.0007999999797903001,-457.9161071777344,-331.7799987792969,179.8509979248047,90.0,164.82505798339844,h
204.1547088623047,62.48960494995117,3.3740055561065674,0.22821125388145447,0.1297561079263687,-140.770751953125,-223.3449249267578,-38.061458587646484,22.11867904663086,374.2736511230469,h
33.639793395996094,19.815715789794922,2.6657795906066895,0.38398855924606323,0.24471215903759003,-28.45250129699707,16.60247802734375,-11.801965713500977,75.7115707397461,195.7080535888672,h
16.82097053527832,10.581106185913086,2.3769171237945557,0.5972495079040527,0.2889319956302643,9.783753395080566,4.4819231033325195,0.0,41.0778923034668,57.429195404052734,h
41.45246887207031,6.727719783782959,2.6657233238220215,0.544282853603363,0.3020339012145996,-12.089341163635254,12.351359367370605,-7.078279972076416,21.32124137878418,165.38046264648438,h
334.177001953125,228.0384979248047,5.179500102996826,0.013100000098347664,0.0007999999797903001,575.24072265625,231.4459991455078,-205.8946990966797,90.0,5.74560022354126,h
334.177001953125,228.0384979248047,5.179500102996826,0.013100000098347664,0.0007999999797903001,575.24072265625,231.4459991455078,-205.8946990966797,90.0,5.74560022354126,h
33.912315368652344,8.939119338989258,2.343095302581787,0.48549795150756836,0.21819321811199188,26.837533950805664,22.16162872314453,-5.933027744293213,55.529720306396484,130.08961486816406,h
104.6482925415039,31.43975257873535,2.804008722305298,0.32902270555496216,0.20731082558631897,162.07054138183594,98.24491882324219,-13.884265899658203,77.07521057128906,257.9343566894531,h
24.47627830505371,12.470459938049316,2.62479829788208,0.5192070603370667,0.34289252758026123,-3.0063157081604004,16.165735244750977,3.912001132965088,3.0777456760406494,106.1837158203125,h
39.57117462158203,7.0644659996032715,2.501786231994629,0.7122988700866699,0.37464821338653564,6.923689365386963,13.079205513000488,5.264060974121094,50.49725341796875,140.82908630371094,h
334.177001953125,228.0384979248047,5.179500102996826,0.013100000098347664,0.0007999999797903001,-457.9161071777344,-331.7799987792969,-205.8946990966797,90.0,466.4078063964844,h
18.977542877197266,12.06917667388916,2.33917236328125,0.5441178679466248,0.2652900516986847,9.330309867858887,15.376761436462402,10.555366516113281,9.968480110168457,172.3760223388672,h
334.177001953125,228.0384979248047,5.179500102996826,0.013100000098347664,0.0007999999797903001,575.24072265625,231.4459991455078,-205.8946990966797,90.0,5.74560022354126,h
37.918739318847656,20.915630340576172,2.422030448913574,0.3628500998020172,0.17958121001720428,5.838754653930664,-44.199371337890625,2.7335877418518066,8.866801261901855,180.943603515625,h
324.5873107910156,169.8794403076172,3.7678463459014893,0.020874032750725746,0.0028896392323076725,575.24072265625,186.3053436279297,-203.7539520263672,44.81079864501953,32.4048957824707,h
34.27305221557617,12.20837116241455,2.5370254516601562,0.4355176091194153,0.2401261180639267,23.41813850402832,42.038692474365234,11.420135498046875,71.1300048828125,200.60952758789062,h
334.177001953125,228.0384979248047,5.179500102996826,0.013100000098347664,0.0007999999797903001,-457.9161071777344,-331.7799987792969,-205.8946990966797,90.0,466.4078063964844,h
112.77473449707031,81.71121978759766,3.7342746257781982,0.12648282945156097,0.053561896085739136,47.793312072753906,161.21868896484375,-6.635513782501221,72.21654510498047,394.0169372558594,h
22.900297164916992,9.442145347595215,2.4202451705932617,0.5394471883773804,0.38926082849502563,33.4369010925293,22.348800659179688,14.194405555725098,7.595913410186768,154.52435302734375,h
20.028362274169922,10.067923545837402,2.5243306159973145,0.6514026522636414,0.39618414640426636,-23.377513885498047,13.269416809082031,3.7255756855010986,23.27019500732422,212.0025177001953,h
334.177001953125,228.0384979248047,5.179500102996826,0.013100000098347664,0.0007999999797903001,-457.9161071777344,-331.7799987792969,179.8509979248047,90.0,5.74560022354126,h
25.015277862548828,14.415066719055176,2.551500082015991,0.41535302996635437,0.22814036905765533,-31.429288864135742,-10.502065658569336,12.065155982971191,4.140115737915039,173.45150756835938,h
334.177001953125,228.0384979248047,5.179500102996826,0.013100000098347664,0.6740000247955322,-457.9161071777344,-331.7799987792969,-205.8946990966797,90.0,5.74560022354126,h
334.177001953125,228.0384979248047,5.179500102996826,0.013100000098347664,0.6740000247955322,-457.9161071777344,231.4459991455078,179.8509979248047,90.0,5.74560022354126,h
334.177001953125,228.0384979248047,5.179500102996826,0.013100000098347664,0.0007999999797903001,575.24072265625,231.4459991455078,-205.8946990966797,90.0,5.74560022354126,h
334.177001953125,228.0384979248047,1.9413000345230103,0.013100000098347664,0.0007999999797903001,-457.9161071777344,-331.7799987792969,-205.8946990966797,0.0,5.74560022354126,h
334.177001953125,228.0384979248047,5.179500102996826,0.013100000098347664,0.0007999999797903001,575.24072265625,231.4459991455078,-205.8946990966797,90.0,5.74560022354126,h
55.59953308105469,10.240133285522461,2.971240997314453,0.29208865761756897,0.16104093194007874,28.40690803527832,39.03805923461914,2.332637310028076,20.654382705688477,207.84085083007812,h
12.10205078125,10.562763214111328,2.5292887687683105,0.6419278383255005,0.3545580506324768,-13.254538536071777,6.7983293533325195,5.634275436401367,84.12850189208984,71.35968780517578,h
43.36730194091797,21.39085578918457,3.1308398246765137,0.2280251383781433,0.10200416296720505,2.348057985305786,31.820566177368164,16.925928115844727,14.752457618713379,222.9219970703125,h
112.57806396484375,18.765119552612305,2.7033121585845947,0.25268715620040894,0.12250812351703644,-17.66798973083496,99.50419616699219,-11.542372703552246,12.63437271118164,142.62205505371094,h
25.543554306030273,10.553950309753418,2.5558717250823975,0.6491332650184631,0.43560612201690674,19.061031341552734,28.884021759033203,8.317131042480469,77.4878158569336,135.7220916748047,h
334.177001953125,228.0384979248047,5.179500102996826,0.013100000098347664,0.0007999999797903001,-457.9161071777344,231.4459991455078,-205.8946990966797,90.0,466.4078063964844,h
75.3311767578125,25.681060791015625,3.0084404945373535,0.21185950934886932,0.1188567653298378,-137.33547973632812,-41.6861457824707,-17.193010330200195,62.08610153198242,259.87811279296875,h
334.177001953125,228.0384979248047,5.179500102996826,0.013100000098347664,0.0007999999797903001,575.24072265625,231.4459991455078,179.8509979248047,90.0,5.74560022354126,h
33.70831298828125,14.994385719299316,2.6462769508361816,0.3745194971561432,0.22382429242134094,-58.99394989013672,-28.115171432495117,6.176482677459717,47.89693069458008,224.348876953125,h
12.815449714660645,11.959936141967773,2.3921923637390137,0.7030118107795715,0.3503575026988983,-27.28075408935547,6.133338928222656,5.086676120758057,35.490596771240234,196.79090881347656,h
20.41756820678711,12.541462898254395,2.3258187770843506,0.7408328056335449,0.4219583570957184,3.6614878177642822,32.875762939453125,10.85099983215332,81.41387939453125,135.042724609375,h
334.177001953125,228.0384979248047,5.179500102996826,0.013100000098347664,0.0007999999797903001,575.24072265625,231.4459991455078,-205.8946990966797,90.0,5.74560022354126,h
334.177001953125,228.0384979248047,5.179500102996826,0.013100000098347664,0.0007999999797903001,-457.9161071777344,-331.7799987792969,179.8509979248047,90.0,5.74560022354126,h
7.551384449005127,11.936600685119629,1.9413000345230103,0.40758785605430603,0.22757776081562042,52.80691909790039,-165.16062927246094,-5.708399772644043,0.0,5.74560022354126,h
194.38868713378906,114.66036224365234,4.782359600067139,0.0349939689040184,0.016635170206427574,-260.30682373046875,-190.65280151367188,-77.54048156738281,37.16657638549805,378.1459045410156,h
334.177001953125,228.0384979248047,5.179500102996826,0.013100000098347664,0.0007999999797903001,-457.9161071777344,231.4459991455078,179.8509979248047,90.0,5.74560022354126,h
297.96929931640625,227.95152282714844,5.166842460632324,0.013137475587427616,0.0008096706005744636,84.02542114257812,87.86405944824219,-205.8946990966797,41.43100357055664,138.38818359375,h
105.77108764648438,32.331787109375,2.9960808753967285,0.25786489248275757,0.14414046704769135,-37.808929443359375,-79.03067779541016,14.959354400634766,9.934406280517578,237.2950439453125,h
334.177001953125,228.0384979248047,5.179500102996826,0.013100000098347664,0.0007999999797903001,575.24072265625,231.4459991455078,-205.8946990966797,90.0,466.4078063964844,h
27.14126205444336,17.416181564331055,2.2464613914489746,0.6580905914306641,0.43807584047317505,25.068437576293945,6.074618339538574,-2.4296154975891113,2.080714225769043,36.245628356933594,h
46.091468811035156,12.683869361877441,2.7176995277404785,0.2835220396518707,0.19240783154964447,-72.57321166992188,-104.75929260253906,9.288381576538086,86.67311096191406,208.40078735351562,h
95.43284606933594,77.83290100097656,3.4305384159088135,0.08520159870386124,0.04406764358282089,7.751047611236572,9.721044540405273,-77.80525207519531,69.10557556152344,111.25297546386719,h
334.177001953125,228.0384979248047,5.179500102996826,0.013100000098347664,0.0007999999797903001,-457.9161071777344,-331.7799987792969,179.8509979248047,90.0,466.4078063964844,h
7.344083786010742,12.820450782775879,1.9413000345230103,0.7780534625053406,0.36963847279548645,-0.5563222169876099,-13.355629920959473,22.522706985473633,1.812733171391301e-05,109.8615493774414,h
37.880638122558594,14.556270599365234,2.569223165512085,0.3600674271583557,0.19220057129859924,-4.814365863800049,10.143570899963379,-13.72802734375,82.6096420288086,209.58660888671875,h
26.322025299072266,9.626559257507324,2.5859310626983643,0.6451958417892456,0.36042147874832153,25.747831344604492,16.169788360595703,5.175251483917236,6.0450592041015625,96.63638305664062,h
334.177001953125,228.0384979248047,5.179500102996826,0.013100000098347664,0.0007999999797903001,-457.9161071777344,231.4459991455078,-205.8946990966797,90.0,466.4078063964844,h
334.177001953125,228.0384979248047,5.179500102996826,0.013100000098347664,0.0007999999797903001,575.24072265625,231.4459991455078,-205.8946990966797,89.99983215332031,5.74560022354126,h
316.5234680175781,227.49468994140625,5.163107872009277,0.014210193417966366,0.0014669521478936076,-303.9866638183594,-232.44696044921875,151.0033721923828,66.82422637939453,345.3189392089844,h
111.8528060913086,27.010866165161133,2.878521203994751,0.2870016098022461,0.1345033198595047,-0.02128509245812893,107.76702117919922,8.726421356201172,30.235816955566406,289.6824645996094,h
334.177001953125,228.0384979248047,5.179500102996826,0.013100000098347664,0.0007999999797903001,-457.9161071777344,-331.7799987792969,179.8509979248047,90.0,466.4078063964844,h
334.177001953125,228.0384979248047,5.179500102996826,0.013100000098347664,0.0007999999797903001,-457.9161071777344,231.4459991455078,-205.8946990966797,89.99988555908203,466.4078063964844,h
334.177001953125,228.0384979248047,1.9413000345230103,0.013100000098347664,0.6284947991371155,-457.9161071777344,-331.7799987792969,179.8509979248047,0.0,5.74560022354126,h
334.177001953125,228.0384979248047,5.179500102996826,0.013100000098347664,0.0007999999797903001,-457.9161071777344,-331.7799987792969,179.8509979248047,90.0,466.4078063964844,h
334.177001953125,228.0384979248047,1.9413000345230103,0.8912000060081482,0.6740000247955322,-457.9161071777344,-331.7799987792969,179.8509979248047,0.0,466.4078063964844,h
334.177001953125,228.0384979248047,5.179500102996826,0.013100000098347664,0.0007999999797903001,-457.9161071777344,-331.7799987792969,179.8509979248047,90.0,466.4078063964844,h
334.177001953125,228.0384979248047,5.179500102996826,0.013100000098347664,0.0007999999797903001,575.24072265625,231.4459991455078,179.8509979248047,90.0,5.74560022354126,h
80.83393096923828,17.88872528076172,2.6660826206207275,0.325162410736084,0.19724337756633759,-93.20242309570312,-53.84235382080078,14.675924301147461,15.958866119384766,89.72468566894531,h
7.207900047302246,228.0384979248047,1.9413000345230103,0.8912000060081482,0.6740000247955322,-457.9161071777344,-331.7799987792969,179.8509979248047,0.0,466.4078063964844,h
17.25463104248047,11.530010223388672,2.386089324951172,0.6237221360206604,0.44332996010780334,-9.188362121582031,12.460556030273438,-11.280498504638672,59.58221435546875,138.73989868164062,h
334.177001953125,228.0384979248047,5.179500102996826,0.013100000098347664,0.0007999999797903001,-457.9161071777344,-331.7799987792969,-205.8946990966797,90.0,5.74560022354126,h
31.539321899414062,228.0384979248047,1.9413000345230103,0.013100000098347664,0.0007999999797903001,-457.9161071777344,-331.7799987792969,179.8509979248047,0.0,5.74560022354126,h
334.177001953125,228.0384979248047,5.179500102996826,0.013100000098347664,0.0007999999797903001,-457.9161071777344,-331.7799987792969,179.8509979248047,90.0,466.4078063964844,h
334.177001953125,228.0384979248047,5.179500102996826,0.013100000098347664,0.0007999999797903001,-457.9161071777344,-331.7799987792969,-205.8946990966797,90.0,466.4078063964844,h
116.16392517089844,42.31798553466797,3.0624258518218994,0.15211308002471924,0.06480401754379272,4.603652477264404,-117.6938247680664,-13.113965034484863,78.71089935302734,214.06375122070312,h
334.177001953125,228.0384979248047,5.179500102996826,0.013100000098347664,0.0007999999797903001,-457.9161071777344,-331.7799987792969,179.8509979248047,90.0,466.4078063964844,h
334.177001953125,228.0384979248047,5.179500102996826,0.013100000098347664,0.0007999999797903001,575.24072265625,231.4459991455078,-205.8946990966797,90.0,5.74560022354126,h
334.177001953125,228.0384979248047,5.179500102996826,0.013100000098347664,0.0007999999797903001,-457.9161071777344,-331.7799987792969,179.8509979248047,90.0,466.4078063964844,h
334.177001953125,228.0384979248047,1.9413000345230103,0.013100000098347664,0.6740000247955322,-457.9161071777344,-331.7799987792969,179.8509979248047,0.0,466.4039001464844,h
65.89043426513672,11.45706844329834,2.5807716846466064,0.39126479625701904,0.24537882208824158,51.110836029052734,28.076963424682617,12.479565620422363,80.92737579345703,212.19244384765625,h
7.207900047302246,0.0,5.179500102996826,0.8912000060081482,0.6740000247955322,-457.9161071777344,-331.7799987792969,179.8509979248047,90.0,5.74560022354126,h
38.09737777709961,42.7718620300293,2.8740909099578857,0.31924012303352356,0.1847546249628067,-17.02248191833496,-11.053956031799316,19.406654357910156,80.54471588134766,245.80105590820312,h
334.177001953125,228.0384979248047,1.9413000345230103,0.013100000098347664,0.0007999999797903001,-457.9161071777344,-331.7799987792969,179.8509979248047,0.0,5.74560022354126,h
7.207900047302246,0.0,5.179500102996826,0.8912000060081482,0.6740000247955322,-457.9161071777344,-331.7799987792969,-205.8946990966797,90.0,466.4078063964844,h
57.08761215209961,51.529781341552734,2.8962106704711914,0.3262938857078552,0.1699245572090149,-7.610579490661621,-29.727275848388672,46.268035888671875,63.227455139160156,120.7277603149414,h
334.177001953125,0.0,5.179500102996826,0.013100000098347664,0.6740000247955322,-457.9161071777344,-331.7799987792969,-205.45126342773438,90.0,5.74560022354126,h
334.1720275878906,228.0384979248047,5.179500102996826,0.013100000098347664,0.0007999999797903001,-447.61993408203125,227.15330505371094,-205.8946990966797,89.74134063720703,466.3889465332031,h
334.177001953125,228.0384979248047,5.179500102996826,0.013100000098347664,0.0007999999797903001,-457.9161071777344,-331.7799987792969,179.8509979248047,90.0,466.4078063964844,h
334.177001953125,228.0384979248047,5.179500102996826,0.013100000098347664,0.0007999999797903001,575.24072265625,231.4459991455078,-205.8946990966797,90.0,466.1922607421875,h
334.177001953125,228.0384979248047,1.9413000345230103,0.8384431004524231,0.6740000247955322,-457.9161071777344,-331.7799987792969,179.8509979248047,0.0,5.74560022354126,h
7.207900047302246,228.0384979248047,1.9413000345230103,0.8912000060081482,0.6740000247955322,-457.9161071777344,-331.7799987792969,179.8509979248047,0.0,466.4078063964844,h
74.77687072753906,7.382378578186035,2.397611618041992,0.5324541926383972,0.24197615683078766,12.090083122253418,42.272682189941406,-1.4236297607421875,22.44862937927246,221.3005828857422,h
334.177001953125,228.0384979248047,5.179500102996826,0.013100000098347664,0.0007999999797903001,575.24072265625,231.4459991455078,179.8509979248047,90.0,5.74560022354126,h
334.177001953125,228.0384979248047,1.9413000345230103,0.013100000098347664,0.0007999999797903001,-457.9161071777344,-331.7799987792969,-205.8946990966797,0.0,5.74560022354126,h
20.288528442382812,16.438459396362305,2.502774477005005,0.6148223876953125,0.3713279962539673,10.391313552856445,7.13484525680542,6.690202236175537,16.73134994506836,155.37496948242188,h
72.5938491821289,38.15232467651367,3.044238328933716,0.09926056861877441,0.06449633836746216,11.060267448425293,-37.379547119140625,23.88804054260254,14.159184455871582,155.58721923828125,h
103.15389251708984,34.47065353393555,3.404062271118164,0.18565410375595093,0.10344017297029495,-57.48098373413086,-27.144113540649414,-5.1004533767700195,81.76416015625,117.36846160888672,h
36.85566329956055,21.135631561279297,2.723464250564575,0.26399457454681396,0.1376568228006363,-27.575050354003906,-26.843482971191406,10.198561668395996,22.486228942871094,138.5126190185547,h
