step,mloss,gloss,loss
1.0,0.7434,1.0647,1.8081
2.0,4.1162,1.9073,6.0235
3.0,0.9024,1.6627,2.5651
4.0,0.8224,1.0613,1.8837
5.0,0.7125,1.0164,1.7288999999999999
6.0,0.7002,0.9748,1.675
7.0,0.6568,1.0042,1.661
8.0,0.6811,1.0007,1.6818
9.0,0.8654,0.9933,1.8586999999999998
10.0,0.6556,1.0038,1.6594
11.0,1.0811,0.9945,2.0756
12.0,0.6147,1.0065,1.6212
13.0,0.6449,1.0056,1.6505
14.0,0.2332,0.625,0.8582
15.0,0.6244,0.9884,1.6128
16.0,0.6606,1.012,1.6726
17.0,0.5589,1.0178,1.5767
18.0,0.6069,1.0345,1.6414
19.0,0.6207,1.0203,1.641
20.0,0.6133,1.0226,1.6359
21.0,0.636,0.9866,1.6226
22.0,0.6744,0.9764,1.6508
23.0,0.642,0.99,1.6320000000000001
24.0,0.5096,0.9961,1.5057
25.0,0.606,0.9993,1.6053
26.0,0.6908,1.0033,1.6941000000000002
27.0,0.4823,0.9852,1.4675
28.0,0.1478,0.9938,1.1416
29.0,0.556,0.9962,1.5522
30.0,0.4912,1.0253,1.5165000000000002
31.0,0.6437,1.0251,1.6688
32.0,0.5609,1.0118,1.5727
33.0,0.5355,0.9861,1.5215999999999998
34.0,0.6009,1.01,1.6109
35.0,0.6588,0.9861,1.6449
36.0,1.672,0.9841,2.6561
37.0,0.6059,1.0112,1.6171000000000002
38.0,0.657,0.988,1.645
39.0,0.5449,1.0104,1.5553
40.0,0.5755,0.9937,1.5692
41.0,0.5411,1.0019,1.5430000000000001
42.0,0.0018,1.0372,1.039
43.0,0.6141,0.9865,1.6006
44.0,0.7755,1.0389,1.8144
45.0,0.663,0.9959,1.6589
46.0,0.5635,0.9912,1.5547
47.0,0.5092,1.0199,1.5291000000000001
48.0,0.7934,1.0009,1.7942999999999998
49.0,0.8747,0.9869,1.8616000000000001
50.0,1.9203,1.0162,2.9364999999999997
51.0,0.6433,0.9899,1.6332
52.0,0.6289,0.9971,1.626
53.0,0.618,0.9961,1.6141
54.0,0.665,0.995,1.6600000000000001
55.0,0.7303,1.0122,1.7425
56.0,0.0037,1.6654,1.6691
57.0,0.7303,1.0177,1.748
58.0,0.6681,1.0357,1.7038000000000002
59.0,0.5498,1.0106,1.5604
60.0,0.7545,1.0164,1.7709
61.0,0.7075,0.9784,1.6859000000000002
62.0,0.6192,0.9863,1.6055
63.0,0.7103,0.9744,1.6847
64.0,0.5692,1.0097,1.5789
65.0,0.6714,1.0028,1.6742
66.0,0.8258,0.9979,1.8237
67.0,0.6242,0.9863,1.6105
68.0,0.8602,0.9966,1.8568
69.0,0.6819,0.9918,1.6737
70.0,0.0012,0.8059,0.8070999999999999
71.0,0.6496,0.9953,1.6448999999999998
72.0,0.549,1.0067,1.5556999999999999
73.0,0.5233,1.0027,1.5259999999999998
74.0,0.53,1.007,1.537
75.0,1.1227,0.9964,2.1191
76.0,0.6864,0.9942,1.6806
77.0,0.476,0.9939,1.4699
78.0,0.5217,1.0119,1.5336
79.0,0.5157,0.9839,1.4996
80.0,0.5155,0.9637,1.4792
81.0,0.6603,0.9956,1.6559
82.0,0.5987,0.9925,1.5912000000000002
83.0,0.705,0.9858,1.6907999999999999
84.0,0.4436,1.5391,1.9827
85.0,0.4934,0.9686,1.462
86.0,0.6281,0.9787,1.6068
87.0,0.6573,1.018,1.6753
88.0,0.6977,0.9881,1.6858
89.0,0.5836,1.0147,1.5983
90.0,0.646,0.9876,1.6336
91.0,0.6378,0.9993,1.6371
92.0,0.6134,0.9838,1.5972
93.0,0.6819,1.0196,1.7015
94.0,0.6495,0.9953,1.6448
95.0,0.6569,0.9897,1.6466
96.0,0.5746,0.9857,1.5603
97.0,0.7673,0.9907,1.758
98.0,0.0425,0.4319,0.4744
99.0,0.632,1.0317,1.6637
100.0,0.6805,1.0047,1.6852
101.0,0.4719,1.0099,1.4818
102.0,0.4773,0.9858,1.4631
103.0,0.5734,1.0059,1.5793
104.0,0.6111,1.0125,1.6236
105.0,0.4974,1.0016,1.499
106.0,0.5324,0.9977,1.5301
107.0,0.6544,1.0139,1.6683
108.0,0.7656,1.008,1.7736
109.0,0.5077,0.998,1.5057
110.0,0.7623,0.9702,1.7325
111.0,0.7056,0.9831,1.6886999999999999
112.0,0.2454,0.7599,1.0053
113.0,0.8554,1.0506,1.9060000000000001
114.0,0.7189,1.0197,1.7386
115.0,0.6514,0.9972,1.6486
116.0,0.5443,0.9906,1.5349
117.0,0.495,1.0093,1.5043000000000002
118.0,0.6942,1.011,1.7052
119.0,0.6346,0.9973,1.6319
120.0,0.6501,0.998,1.6481
121.0,0.5644,1.0121,1.5765
122.0,0.6571,1.0073,1.6644
123.0,0.776,1.0079,1.7839
124.0,0.6238,1.0187,1.6425
125.0,0.8834,0.9881,1.8715
126.0,0.0447,1.0021,1.0468
127.0,0.7516,0.9949,1.7465000000000002
128.0,0.6785,0.9853,1.6638
129.0,0.6115,0.9716,1.5831
130.0,0.5757,0.9974,1.5731
131.0,0.7604,0.9678,1.7282
132.0,0.6675,1.0264,1.6939
133.0,0.9462,0.9712,1.9174
134.0,0.6958,0.9792,1.6749999999999998
135.0,0.5394,0.9944,1.5337999999999998
136.0,0.6158,0.9931,1.6089
137.0,0.7892,0.9938,1.783
138.0,0.4825,1.0153,1.4978
139.0,0.6809,0.968,1.6488999999999998
140.0,0.0515,1.9753,2.0268
141.0,0.6712,1.0166,1.6878
142.0,0.5156,0.9917,1.5072999999999999
143.0,0.601,1.0465,1.6475
144.0,0.5644,0.9992,1.5636
145.0,0.5914,1.0369,1.6282999999999999
146.0,0.8322,0.9839,1.8161
147.0,0.6097,0.9698,1.5795
148.0,0.4578,0.9663,1.4241000000000001
149.0,0.5945,0.9941,1.5886
150.0,0.7714,0.9875,1.7589000000000001
151.0,0.7557,0.9644,1.7201
152.0,0.5886,0.9578,1.5464
153.0,0.4834,0.9761,1.4595
154.0,0.1452,1.1607,1.3059
155.0,0.6937,0.9726,1.6663000000000001
156.0,0.5448,0.9857,1.5305
157.0,0.556,0.995,1.5510000000000002
158.0,0.4154,0.9672,1.3826
159.0,0.43,1.0118,1.4418
160.0,0.6527,0.9818,1.6345
161.0,0.5954,0.9786,1.574
162.0,0.6205,0.9558,1.5763
163.0,0.607,0.9557,1.5627
164.0,0.5904,0.9767,1.5671
165.0,0.4823,0.9757,1.458
166.0,0.5743,0.9484,1.5227
167.0,0.5446,0.9862,1.5308
168.0,0.0535,1.5849,1.6384
169.0,0.6765,0.9782,1.6547
170.0,0.4112,1.0519,1.4631
171.0,0.655,1.0202,1.6752
172.0,0.7786,0.9949,1.7734999999999999
173.0,0.4912,1.0016,1.4928000000000001
174.0,0.5383,0.9993,1.5375999999999999
175.0,0.7034,0.9769,1.6803
176.0,0.5814,0.9805,1.5619
177.0,0.6178,1.0021,1.6199
178.0,0.5602,0.9476,1.5078
179.0,0.7071,0.9541,1.6612
180.0,0.485,0.9848,1.4698
181.0,0.5033,0.9661,1.4693999999999998
182.0,0.0721,1.3667,1.4388
183.0,0.5663,0.9855,1.5518
184.0,0.5621,1.0738,1.6359000000000001
185.0,0.528,1.0144,1.5424
186.0,0.5479,1.004,1.5519
187.0,0.5908,1.0057,1.5965
188.0,0.5854,0.9976,1.5830000000000002
189.0,0.5115,1.0007,1.5122
190.0,0.4931,0.9844,1.4775
191.0,0.5416,0.975,1.5166
192.0,0.6516,0.9575,1.6091
193.0,0.6751,0.9868,1.6619000000000002
194.0,0.4948,0.9646,1.4594
195.0,0.441,1.0059,1.4469
196.0,0.733,1.3907,2.1237
197.0,0.6262,0.9839,1.6101
198.0,0.4831,0.9968,1.4799
199.0,0.5251,0.9734,1.4985
200.0,0.7469,0.974,1.7208999999999999
201.0,0.73,0.9555,1.6855
202.0,0.5263,0.9452,1.4715
203.0,0.5606,0.9378,1.4984
204.0,0.4518,0.9655,1.4173
205.0,0.5385,0.9777,1.5162
206.0,0.7753,0.9608,1.7361
207.0,0.5347,0.9602,1.4949
208.0,0.6665,0.9533,1.6198000000000001
209.0,0.5383,0.9703,1.5086
210.0,0.1105,1.4052,1.5157
211.0,0.4381,0.994,1.4321
212.0,0.4763,1.099,1.5753
213.0,0.4967,1.0776,1.5742999999999998
214.0,0.4748,1.023,1.4977999999999998
215.0,0.4957,0.9893,1.4849999999999999
216.0,0.5001,0.9769,1.4769999999999999
217.0,0.446,0.9941,1.4401
218.0,0.5362,0.9702,1.5064
219.0,0.5848,0.9646,1.5493999999999999
220.0,0.4547,0.9411,1.3958
221.0,0.6192,0.9436,1.5628
222.0,0.5157,0.9405,1.4562
223.0,0.5392,0.9861,1.5253
224.0,0.3367,0.769,1.1057000000000001
225.0,0.4611,0.97,1.4311
226.0,0.4774,0.9697,1.4471
227.0,0.5413,0.9584,1.4997
228.0,0.49,0.9803,1.4703
229.0,0.4969,0.9666,1.4635
230.0,0.5666,0.94,1.5066
231.0,0.6638,0.9568,1.6206
232.0,0.5263,0.9495,1.4758
233.0,0.4834,0.9557,1.4391
234.0,0.5926,0.9584,1.5510000000000002
235.0,0.5441,0.9731,1.5171999999999999
236.0,0.6043,0.9261,1.5304
237.0,0.5537,0.9599,1.5135999999999998
238.0,0.1359,0.9431,1.079
239.0,0.4592,0.9556,1.4148
240.0,0.5803,0.975,1.5553
241.0,0.4934,0.9671,1.4605
242.0,0.5193,0.9829,1.5022
243.0,0.7908,0.9516,1.7424
244.0,0.5231,0.9935,1.5166
245.0,0.5825,0.966,1.5485
246.0,0.6791,0.9396,1.6187
247.0,0.5042,0.9438,1.448
248.0,0.6796,0.964,1.6436
249.0,0.4236,0.943,1.3666
250.0,0.5153,0.9603,1.4756
251.0,0.5496,0.9253,1.4748999999999999
252.0,-0.0,0.5651,0.5651
253.0,0.4128,0.946,1.3588
254.0,0.4838,0.9503,1.4341
255.0,0.5213,0.9747,1.496
256.0,0.4845,0.957,1.4415
257.0,0.5122,0.959,1.4712
258.0,0.5611,0.9473,1.5084
259.0,0.5802,0.9686,1.5488
260.0,0.7039,0.963,1.6669
261.0,0.6222,0.9905,1.6127
262.0,0.4915,0.981,1.4725
263.0,0.4729,0.9659,1.4388
264.0,0.8196,0.9333,1.7529
265.0,0.4908,0.949,1.4398
266.0,0.0477,0.8726,0.9203
267.0,0.8658,0.9425,1.8083
268.0,0.5062,0.9542,1.4604
269.0,0.3845,0.9604,1.3449
270.0,0.7384,0.9668,1.7052
271.0,0.5406,0.9704,1.5110000000000001
272.0,0.4362,0.9696,1.4058
273.0,0.4965,0.9509,1.4474
274.0,0.5555,0.9642,1.5196999999999998
275.0,0.4939,0.9597,1.4536
276.0,0.405,0.969,1.374
277.0,0.4855,0.9588,1.4443
278.0,0.5538,0.9553,1.5091
279.0,0.4011,0.9586,1.3597000000000001
280.0,0.0222,0.3789,0.4011
281.0,0.6622,0.9457,1.6078999999999999
282.0,0.5528,0.9454,1.4982
283.0,0.5425,0.9556,1.4981
284.0,1.2262,0.9415,2.1677
285.0,0.446,0.9597,1.4057
286.0,0.5521,0.9537,1.5058
287.0,0.5459,0.9489,1.4948000000000001
288.0,0.4733,0.9663,1.4396
289.0,0.4448,0.968,1.4127999999999998
290.0,0.8556,0.9568,1.8124
291.0,0.4045,0.9655,1.37
292.0,0.5206,0.9849,1.5055
293.0,0.4167,0.945,1.3617
294.0,0.6353,0.8924,1.5276999999999998
295.0,0.4994,0.9761,1.4755
296.0,0.6176,0.966,1.5836000000000001
297.0,0.5859,1.0037,1.5896
298.0,0.5383,0.9838,1.5221
299.0,0.6322,0.9767,1.6089
300.0,0.4827,0.9827,1.4654
301.0,0.6671,0.9708,1.6379000000000001
302.0,0.6385,0.969,1.6075
303.0,0.5693,0.9672,1.5365
304.0,0.5469,0.9729,1.5198
305.0,0.5826,0.9829,1.5655000000000001
306.0,0.6277,0.9548,1.5825
307.0,0.5051,0.9523,1.4574
308.0,14.1867,0.6619,14.8486
309.0,0.5734,0.9697,1.5431
310.0,0.883,0.9641,1.8471
311.0,0.5725,0.9829,1.5554000000000001
312.0,0.596,0.9742,1.5701999999999998
313.0,0.4539,0.9609,1.4148
314.0,0.5197,0.9548,1.4745
315.0,0.5773,0.984,1.5613000000000001
316.0,1.0655,0.9461,2.0116
317.0,0.6725,0.9722,1.6446999999999998
318.0,0.5302,0.9893,1.5194999999999999
319.0,0.557,1.0091,1.5661
320.0,0.5748,0.9473,1.5221
321.0,0.7262,0.9713,1.6975
322.0,0.0741,1.474,1.5481
323.0,0.4458,0.9831,1.4289
324.0,0.7136,0.972,1.6856
325.0,0.4182,0.9681,1.3862999999999999
326.0,0.4994,0.9859,1.4853
327.0,0.4669,1.001,1.4678999999999998
328.0,0.8522,0.9761,1.8283
329.0,0.5201,0.9625,1.4826000000000001
330.0,0.5238,0.9757,1.4995
331.0,0.665,0.9534,1.6184
332.0,0.6118,0.9493,1.5611000000000002
333.0,0.5343,0.9851,1.5194
334.0,0.7726,0.9632,1.7357999999999998
335.0,0.5212,0.948,1.4691999999999998
336.0,0.0803,0.3488,0.4291
337.0,0.6623,1.0371,1.6993999999999998
338.0,0.6007,0.9622,1.5629
339.0,0.4585,0.9692,1.4277
340.0,0.7994,0.9968,1.7962
341.0,0.4999,0.9581,1.458
342.0,0.5692,0.9791,1.5483
343.0,0.5979,0.9629,1.5608
344.0,0.44,0.9708,1.4108
345.0,0.5155,0.9655,1.4809999999999999
346.0,0.4701,0.9484,1.4185
347.0,0.4384,0.9642,1.4026
348.0,0.4952,0.9579,1.4531
349.0,0.4191,0.9732,1.3922999999999999
350.0,0.549,0.472,1.021
351.0,0.5689,0.9614,1.5303
352.0,0.6788,0.96,1.6387999999999998
353.0,0.5609,0.9407,1.5015999999999998
354.0,0.5471,0.9626,1.5097
355.0,0.5866,0.9259,1.5125
356.0,0.4961,0.9666,1.4627
357.0,0.4687,0.9365,1.4052
358.0,0.4362,0.9661,1.4022999999999999
359.0,0.5696,0.9603,1.5299
360.0,0.4915,0.9658,1.4573
361.0,0.4879,0.9294,1.4173
362.0,0.5775,0.9321,1.5096
363.0,0.4628,0.961,1.4238
364.0,0.2233,1.0706,1.2939
365.0,0.4821,0.9474,1.4295
366.0,0.5343,0.9572,1.4915
367.0,0.4913,0.9723,1.4636
368.0,0.5031,0.9573,1.4604
369.0,0.4374,0.9697,1.4071
370.0,0.4967,0.9739,1.4706
371.0,0.4465,0.9591,1.4056
372.0,0.5669,0.9616,1.5285
373.0,0.4472,0.9428,1.39
374.0,0.5879,0.9453,1.5332
375.0,0.5363,0.9355,1.4718
376.0,0.5815,0.9409,1.5224
377.0,0.5991,0.9448,1.5438999999999998
378.0,0.6327,0.6046,1.2373
379.0,0.7014,0.987,1.6884000000000001
380.0,0.7867,1.0279,1.8146
381.0,0.7513,1.0417,1.7930000000000001
382.0,0.9038,1.0088,1.9125999999999999
383.0,0.655,1.0069,1.6619
384.0,0.9502,0.979,1.9292
385.0,0.6353,0.9824,1.6177000000000001
386.0,0.5015,0.9547,1.4562
387.0,0.5888,0.9682,1.557
388.0,0.6247,0.981,1.6057000000000001
389.0,0.7868,0.9513,1.7381000000000002
390.0,0.5048,0.9684,1.4732
391.0,0.4359,0.9844,1.4203000000000001
392.0,0.123,1.3873,1.5103
393.0,0.5663,0.989,1.5553
394.0,0.672,0.9854,1.6574
395.0,0.5383,0.9807,1.5190000000000001
396.0,0.6493,0.9542,1.6035
397.0,0.7111,0.9663,1.6774
398.0,0.5252,0.959,1.4842
399.0,0.6208,0.9702,1.591
400.0,0.4725,0.9697,1.4422
401.0,0.6198,0.9291,1.5489000000000002
402.0,0.5943,0.941,1.5352999999999999
403.0,0.539,0.9494,1.4884
404.0,0.4812,0.9825,1.4637
405.0,0.5202,0.9515,1.4717
406.0,0.4932,1.0864,1.5796000000000001
407.0,0.5929,1.0322,1.6251
408.0,0.8839,1.0575,1.9414000000000002
409.0,0.6907,1.0215,1.7122000000000002
410.0,0.8448,1.0119,1.8567
411.0,0.7454,0.9846,1.73
412.0,0.982,0.9745,1.9565000000000001
413.0,0.5457,0.9706,1.5163
414.0,0.7423,1.0029,1.7451999999999999
415.0,0.6094,0.9964,1.6058
416.0,0.5462,0.9707,1.5169000000000001
417.0,0.4167,0.9786,1.3953
418.0,0.4464,0.961,1.4074
419.0,0.6659,0.9588,1.6247
420.0,0.0082,1.4286,1.4368
421.0,0.4223,0.991,1.4133
422.0,0.5325,1.0234,1.5559
423.0,0.7183,1.0039,1.7222
424.0,0.5939,1.0087,1.6025999999999998
425.0,0.6233,0.9843,1.6076
426.0,0.7052,0.9707,1.6759
427.0,0.5831,0.9801,1.5632
428.0,0.5878,0.9684,1.5562
429.0,0.4846,0.9748,1.4594
430.0,0.5728,0.9747,1.5474999999999999
431.0,0.6646,0.958,1.6225999999999998
432.0,0.4943,0.9739,1.4682
433.0,0.5445,0.9737,1.5182
434.0,0.0053,0.6096,0.6149
435.0,0.5805,0.9765,1.557
436.0,0.3997,0.9872,1.3869
437.0,0.68,0.9793,1.6593
438.0,0.7076,0.9734,1.681
439.0,0.5358,0.9678,1.5036
440.0,0.5511,0.9563,1.5074
441.0,0.6615,0.9826,1.6441
442.0,0.5853,0.9744,1.5597
443.0,0.5432,0.9563,1.4995
444.0,0.534,0.9585,1.4925000000000002
445.0,0.7372,0.984,1.7212
446.0,0.5317,0.9713,1.5030000000000001
447.0,0.5755,0.9855,1.561
448.0,1.0564,0.782,1.8384
449.0,0.7092,0.9904,1.6996
450.0,0.754,0.9939,1.7479
451.0,0.5482,0.9779,1.5261
452.0,0.6248,0.9705,1.5953
453.0,0.4988,0.9747,1.4735
454.0,0.6183,0.9617,1.58
455.0,1.0014,0.9887,1.9901
456.0,0.5194,0.9853,1.5047
457.0,0.604,0.99,1.5939999999999999
458.0,0.6481,0.9815,1.6296
459.0,0.4761,0.9632,1.4393
460.0,0.9638,0.998,1.9618
461.0,0.6534,0.9895,1.6429
462.0,0.0407,1.2703,1.311
463.0,0.5993,0.9393,1.5386000000000002
464.0,0.4835,0.991,1.4745
465.0,0.5751,0.9866,1.5617
466.0,0.4279,0.98,1.4079
467.0,0.5599,0.9687,1.5286
468.0,0.9101,0.9741,1.8841999999999999
469.0,0.4956,0.9863,1.4819
470.0,0.6701,0.9709,1.641
471.0,0.4243,0.9779,1.4022000000000001
472.0,0.5214,0.957,1.4784
473.0,0.5238,0.9445,1.4683000000000002
474.0,0.4979,0.9856,1.4835
475.0,0.5676,0.9811,1.5487
476.0,0.4828,1.1527,1.6355
477.0,0.8358,0.9817,1.8175
478.0,0.6461,0.9707,1.6168
479.0,1.2383,1.0119,2.2502
480.0,0.6561,0.984,1.6401
481.0,0.8349,1.012,1.8469
482.0,0.5386,1.0129,1.5514999999999999
483.0,0.4921,1.0072,1.4993
484.0,0.4889,0.9883,1.4771999999999998
485.0,0.5797,1.0038,1.5835
486.0,0.8363,1.0167,1.853
487.0,0.4922,0.9754,1.4676
488.0,0.4835,0.9723,1.4558
489.0,0.5044,0.9616,1.466
490.0,0.0267,1.6006,1.6273
491.0,0.4972,0.9938,1.491
492.0,0.5108,0.9863,1.4971
493.0,0.7015,0.9778,1.6793
494.0,0.4392,0.9729,1.4121
495.0,0.747,1.0142,1.7612
496.0,0.4716,0.9761,1.4477
497.0,0.4823,0.9844,1.4667000000000001
498.0,0.4614,0.9853,1.4466999999999999
499.0,0.4227,0.9466,1.3693
500.0,0.5648,0.9827,1.5474999999999999
501.0,0.443,0.9654,1.4084
502.0,0.4756,0.9687,1.4443000000000001
503.0,0.3663,0.9821,1.3484
504.0,0.0002,0.2806,0.2808
505.0,0.5311,0.9771,1.5082
506.0,0.4514,1.0273,1.4787000000000001
507.0,0.5472,1.0435,1.5907
508.0,0.5862,0.9682,1.5544
509.0,0.495,0.968,1.463
510.0,0.5709,0.9787,1.5495999999999999
511.0,0.5834,0.9675,1.5509
512.0,0.4839,0.9507,1.4346
513.0,0.4698,0.9551,1.4249
514.0,0.4893,1.002,1.4913
515.0,0.4704,0.9351,1.4055
516.0,0.5413,0.952,1.4933
517.0,0.6082,0.9582,1.5664
518.0,0.1627,1.168,1.3307
519.0,0.5763,0.9746,1.5509
520.0,0.5361,0.9789,1.5150000000000001
521.0,0.4717,0.9949,1.4666000000000001
522.0,0.4933,0.9752,1.4685
523.0,0.4812,0.9855,1.4667000000000001
524.0,0.6481,0.9949,1.643
525.0,0.5626,0.9587,1.5213
526.0,0.4101,0.9708,1.3809
527.0,0.5413,0.9695,1.5108000000000001
528.0,0.6634,0.9654,1.6288
529.0,0.6208,0.9743,1.5951
530.0,0.8098,0.9714,1.7812000000000001
531.0,0.5968,0.988,1.5848
532.0,2.3531,1.2367,3.5898
533.0,0.5228,0.9669,1.4897
534.0,0.6404,0.973,1.6134
535.0,0.6988,0.9982,1.697
536.0,0.6624,1.0091,1.6715
537.0,0.611,1.0025,1.6135
538.0,0.6108,0.9935,1.6043
539.0,0.8732,0.9811,1.8542999999999998
540.0,0.6184,0.9939,1.6122999999999998
541.0,0.5272,0.9862,1.5133999999999999
542.0,0.682,0.9961,1.6781000000000001
543.0,0.6344,0.9657,1.6000999999999999
544.0,0.4941,0.9865,1.4806
545.0,0.6101,0.9992,1.6093
546.0,0.4406,0.9837,1.4243000000000001
547.0,0.669,0.9572,1.6262
548.0,0.554,1.0057,1.5597
549.0,0.6526,0.9853,1.6379
550.0,0.5632,0.9702,1.5333999999999999
551.0,0.6793,0.9757,1.655
552.0,0.4492,0.9948,1.444
553.0,0.4838,0.9943,1.4781
554.0,0.585,0.9846,1.5695999999999999
555.0,0.5186,0.9871,1.5057
556.0,0.449,0.9461,1.3951
557.0,0.6073,0.9997,1.607
558.0,0.4175,0.964,1.3815
559.0,0.7409,0.9679,1.7088
560.0,0.0,1.3791,1.3791
561.0,0.597,0.9985,1.5955
562.0,0.6298,0.9792,1.609
563.0,0.5277,0.9793,1.507
564.0,0.481,0.9725,1.4535
565.0,0.5595,0.9994,1.5589
566.0,0.4009,1.0021,1.403
567.0,0.6174,0.979,1.5964
568.0,0.6571,0.9789,1.6360000000000001
569.0,0.6081,0.9716,1.5796999999999999
570.0,0.4509,0.9739,1.4248
571.0,0.6192,0.9637,1.5829
572.0,0.4852,0.9788,1.464
573.0,0.5412,0.9721,1.5133
574.0,1.4577,0.1719,1.6296
575.0,0.9197,1.0421,1.9618
576.0,0.7921,1.1143,1.9064
577.0,1.0802,1.028,2.1082
578.0,1.4378,1.0355,2.4733
579.0,0.8489,1.0539,1.9028
580.0,1.0786,1.0228,2.1014
581.0,0.959,1.0497,2.0087
582.0,0.7831,1.005,1.7881
583.0,0.8769,1.023,1.8999
584.0,0.6519,1.0527,1.7046000000000001
585.0,0.6763,0.9918,1.6681
586.0,0.6316,1.0554,1.6869999999999998
587.0,0.7507,1.0176,1.7683
588.0,0.1554,0.8828,1.0382
589.0,0.6453,0.9907,1.6360000000000001
590.0,0.9715,0.9827,1.9542000000000002
591.0,0.6343,0.987,1.6213
592.0,0.6445,0.9956,1.6401
593.0,0.6584,0.9772,1.6356
594.0,0.4776,0.9585,1.4361000000000002
595.0,0.7011,0.9768,1.6779
596.0,0.6024,0.9545,1.5569000000000002
597.0,0.5793,0.9522,1.5315
598.0,0.537,0.9649,1.5019
599.0,0.6819,0.9782,1.6601
600.0,0.5184,0.9857,1.5041
601.0,0.6803,0.9609,1.6412
602.0,0.0265,1.4749,1.5014
603.0,0.5799,0.9993,1.5792
604.0,0.5091,0.9596,1.4687000000000001
605.0,0.4427,0.9746,1.4173
606.0,0.4476,0.987,1.4346
607.0,0.4856,0.9739,1.4595
608.0,0.5133,0.9821,1.4954
609.0,0.4728,0.9828,1.4556
610.0,0.4649,0.9845,1.4494
611.0,0.4547,0.9785,1.4332
612.0,0.4294,0.9672,1.3965999999999998
613.0,0.4692,0.9408,1.41
614.0,0.6731,0.9717,1.6448
615.0,0.4794,0.9902,1.4696
616.0,0.1288,2.4282,2.557
617.0,0.5485,0.9435,1.492
618.0,0.5954,1.0125,1.6078999999999999
619.0,0.5268,1.0058,1.5326
620.0,0.5249,0.9754,1.5003000000000002
621.0,0.4437,0.9565,1.4002
622.0,0.4564,0.958,1.4143999999999999
623.0,0.4575,0.9683,1.4258000000000002
624.0,0.6123,0.9567,1.569
625.0,0.48,0.962,1.442
626.0,0.4986,0.953,1.4516
627.0,0.6512,0.9642,1.6154
628.0,0.5969,0.9788,1.5756999999999999
629.0,0.5988,0.9572,1.556
630.0,0.1522,1.4733,1.6255000000000002
631.0,0.5071,0.9658,1.4729
632.0,0.5307,0.9823,1.513
633.0,0.5257,1.0026,1.5282999999999998
634.0,0.6223,0.9823,1.6046
635.0,0.4598,0.9795,1.4393
636.0,0.5644,0.9881,1.5525
637.0,0.4865,0.9898,1.4763
638.0,0.4394,0.9399,1.3793
639.0,0.3651,0.9801,1.3452
640.0,0.5892,0.9645,1.5537
641.0,0.7139,0.9413,1.6552
642.0,0.5048,0.9796,1.4844
643.0,0.5251,0.9526,1.4777
644.0,0.2242,1.121,1.3452
645.0,0.4534,0.9586,1.412
646.0,0.4058,0.9938,1.3996
647.0,0.5782,0.9951,1.5733000000000001
648.0,0.5067,0.9814,1.4881000000000002
649.0,0.5079,0.9889,1.4968
650.0,0.6097,0.9804,1.5901
651.0,0.7035,0.9583,1.6618
652.0,0.5776,0.9606,1.5382
653.0,0.5203,0.9912,1.5114999999999998
654.0,0.5697,0.9744,1.5441
655.0,0.5106,0.9509,1.4615
656.0,0.5485,0.972,1.5205
657.0,0.5768,0.9709,1.5476999999999999
658.0,0.252,0.9666,1.2186
659.0,0.417,0.9606,1.3776
660.0,0.5664,0.9683,1.5347
661.0,0.4854,0.9866,1.472
662.0,0.5237,0.9995,1.5232
663.0,0.4476,0.9621,1.4097
664.0,0.4664,0.9911,1.4575
665.0,0.6413,0.9623,1.6036000000000001
666.0,0.5068,0.9415,1.4483000000000001
667.0,0.4355,0.9662,1.4017
668.0,0.4073,0.9597,1.367
669.0,0.6497,0.9578,1.6075
670.0,0.686,0.9825,1.6685
671.0,0.6518,0.9589,1.6107
672.0,0.1382,0.9159,1.0541
673.0,0.4834,0.9767,1.4601
674.0,0.5542,0.9547,1.5089000000000001
675.0,0.6479,0.9938,1.6417000000000002
676.0,0.485,0.9569,1.4419
677.0,0.6467,0.939,1.5857
678.0,0.6307,0.9698,1.6005
679.0,0.5544,0.9701,1.5245
680.0,0.4809,0.9833,1.4642
681.0,0.6368,0.9576,1.5944
682.0,0.533,0.9526,1.4856
683.0,0.4353,0.9554,1.3907
684.0,0.5238,0.9242,1.448
685.0,0.5652,0.937,1.5022000000000002
686.0,3.6083,0.8796,4.4879
687.0,0.4562,0.9846,1.4408
688.0,0.5495,0.9641,1.5135999999999998
689.0,0.537,0.9468,1.4838
690.0,0.6538,0.954,1.6078000000000001
691.0,0.5617,0.9522,1.5139
692.0,0.5673,0.9662,1.5335
693.0,0.6101,0.9446,1.5547
694.0,0.6421,0.9557,1.5977999999999999
695.0,0.6265,0.9683,1.5948
696.0,0.4953,0.9595,1.4548
697.0,0.8388,0.982,1.8208
698.0,0.452,0.9468,1.3988
699.0,0.6018,0.9873,1.5891
700.0,0.0007,0.6657,0.6664
701.0,0.6214,0.9919,1.6133
702.0,0.452,0.9615,1.4135
703.0,0.5818,0.9586,1.5404
704.0,0.5848,0.9867,1.5715
705.0,0.5274,0.9664,1.4938
706.0,0.63,0.9826,1.6126
707.0,0.4439,0.9572,1.4011
708.0,0.5178,0.9518,1.4696
709.0,0.4912,0.9682,1.4594
710.0,0.6918,0.9947,1.6865
711.0,0.5202,0.98,1.5002
712.0,0.4917,0.989,1.4807000000000001
713.0,0.471,0.9491,1.4201000000000001
714.0,0.1291,1.1412,1.2703
715.0,1.026,0.9706,1.9966
716.0,0.8162,0.9582,1.7744
717.0,0.5001,0.957,1.4571
718.0,0.7333,0.9634,1.6966999999999999
719.0,0.4396,0.9612,1.4008
720.0,0.4956,0.9585,1.4541
721.0,0.6895,0.9583,1.6478000000000002
722.0,0.6695,0.9467,1.6162
723.0,0.49,0.9598,1.4498
724.0,0.5586,0.9425,1.5011
725.0,0.5283,0.935,1.4633
726.0,0.4532,0.9531,1.4062999999999999
727.0,0.5018,0.9268,1.4285999999999999
728.0,0.0694,0.7731,0.8425
729.0,0.4813,0.9533,1.4346
730.0,0.5555,0.9487,1.5042
731.0,0.5297,0.9428,1.4725
732.0,0.6056,0.9304,1.536
733.0,0.62,0.9565,1.5765
734.0,0.531,0.9341,1.4651
735.0,0.6704,0.953,1.6234
736.0,0.4892,0.9451,1.4343000000000001
737.0,0.4048,0.9507,1.3555
738.0,0.7934,0.9515,1.7449
739.0,0.4815,0.9346,1.4161
740.0,0.5718,0.9575,1.5293
741.0,0.5398,0.9364,1.4762
742.0,0.3587,1.0613,1.42
743.0,0.5148,0.9579,1.4727000000000001
744.0,0.6868,0.9296,1.6164
745.0,0.5876,0.9477,1.5352999999999999
746.0,0.6526,0.9472,1.5998
747.0,0.4893,0.9563,1.4456
748.0,0.4901,0.981,1.4710999999999999
749.0,0.6693,0.9747,1.6440000000000001
750.0,0.5094,0.9345,1.4439
751.0,0.554,0.9606,1.5146000000000002
752.0,0.7637,0.9434,1.7071
753.0,0.6614,0.9478,1.6092
754.0,0.4711,0.9508,1.4219
755.0,0.4479,0.9236,1.3715
756.0,0.4557,1.5277,1.9834
757.0,0.5158,0.9087,1.4245
758.0,0.502,0.9564,1.4584000000000001
759.0,0.6761,0.9421,1.6182
760.0,0.8008,0.9422,1.7429999999999999
761.0,0.6439,0.9612,1.6051000000000002
762.0,0.5033,0.9656,1.4689
763.0,0.7398,0.969,1.7088
764.0,0.5139,0.9554,1.4693
765.0,0.68,0.9511,1.6311
766.0,0.5407,0.9482,1.4889000000000001
767.0,0.5375,0.9516,1.4891
768.0,0.4386,0.9193,1.3578999999999999
769.0,0.5709,0.9274,1.4983
770.0,0.6015,1.4508,2.0523000000000002
771.0,0.5119,0.968,1.4799
772.0,0.6034,0.9635,1.5669
773.0,0.5856,0.9672,1.5528
774.0,0.6487,0.9718,1.6205
775.0,0.6364,0.9327,1.5691
776.0,0.5405,0.9408,1.4813
777.0,0.5721,0.9501,1.5222
778.0,0.5233,0.9367,1.46
779.0,0.5224,0.9324,1.4548
780.0,0.4668,0.9332,1.4
781.0,0.4351,0.9345,1.3696
782.0,0.4565,0.9654,1.4219
783.0,0.4355,0.9364,1.3719000000000001
784.0,0.791,0.7574,1.5484
785.0,0.6826,0.991,1.6736
786.0,0.6742,1.0086,1.6827999999999999
787.0,0.6736,1.0261,1.6997
788.0,0.7256,0.9956,1.7212
789.0,0.5192,0.9749,1.4941
790.0,0.5282,0.9748,1.5030000000000001
791.0,0.7424,0.9811,1.7235
792.0,0.6247,0.9643,1.589
793.0,0.8021,0.9489,1.751
794.0,0.5243,0.9216,1.4459
795.0,0.5483,0.9811,1.5293999999999999
796.0,0.6808,0.9331,1.6139000000000001
797.0,0.4616,0.9576,1.4192
798.0,0.3009,0.5381,0.839
799.0,0.6067,0.9841,1.5908
800.0,0.819,0.9689,1.7879
801.0,0.5354,0.9572,1.4926
802.0,0.6094,1.0081,1.6175000000000002
803.0,0.4117,0.9873,1.399
804.0,0.7559,0.9844,1.7403
805.0,0.597,0.9691,1.5661
806.0,0.5591,0.9563,1.5154
807.0,0.5513,0.9761,1.5274
808.0,0.4848,0.9546,1.4394
809.0,0.7313,0.9734,1.7046999999999999
810.0,0.8546,0.9534,1.808
811.0,0.5013,0.9596,1.4609
812.0,0.0387,1.0706,1.1093
813.0,0.5834,0.9465,1.5299
814.0,0.6542,0.9609,1.6151
815.0,0.5089,0.9533,1.4622000000000002
816.0,0.4897,0.9571,1.4468
817.0,0.5053,0.9719,1.4771999999999998
818.0,0.4702,0.9406,1.4108
819.0,0.5573,0.9492,1.5065
820.0,0.5669,0.9497,1.5166
821.0,0.5892,0.9403,1.5295
822.0,0.5036,0.928,1.4316
823.0,0.5301,0.9503,1.4804
824.0,0.5293,0.9538,1.4830999999999999
825.0,0.7083,0.9486,1.6569
826.0,0.3226,1.4024,1.725
827.0,0.7253,0.9796,1.7048999999999999
828.0,0.4424,0.9857,1.4281000000000001
829.0,0.5497,0.9964,1.5461
830.0,0.6139,1.0035,1.6174
831.0,0.6787,0.9694,1.6481
832.0,0.828,0.9663,1.7943
833.0,0.719,0.9785,1.6975
834.0,0.5515,0.9838,1.5352999999999999
835.0,0.6113,0.9632,1.5745
836.0,0.5064,0.9726,1.479
837.0,0.5185,0.9807,1.4992
838.0,0.6386,0.9688,1.6074
839.0,0.6907,0.9574,1.6481
840.0,0.3117,1.4189,1.7306
841.0,1.1748,1.0042,2.1790000000000003
842.0,0.6547,0.9776,1.6322999999999999
843.0,0.9493,0.9582,1.9075000000000002
844.0,0.5144,0.948,1.4624
845.0,0.653,0.967,1.62
846.0,0.4888,0.9496,1.4384000000000001
847.0,0.6149,0.9696,1.5845
848.0,0.4929,0.967,1.4599
849.0,0.9205,0.9672,1.8877
850.0,0.6534,0.9817,1.6351
851.0,0.5035,0.9866,1.4901
852.0,0.6043,0.9552,1.5594999999999999
853.0,0.5653,0.9856,1.5509
854.0,0.3541,1.4168,1.7709000000000001
855.0,0.485,0.962,1.447
856.0,0.6954,0.9613,1.6567
857.0,0.4998,0.985,1.4848
858.0,0.6132,0.979,1.5922
859.0,0.6227,0.9821,1.6048
860.0,0.5543,0.9534,1.5077
861.0,0.567,0.9377,1.5047
862.0,0.6112,0.962,1.5732
863.0,0.5384,0.9665,1.5049000000000001
864.0,0.4469,0.9438,1.3907
865.0,0.4956,0.9724,1.468
866.0,0.4953,1.0014,1.4967000000000001
867.0,0.737,0.9478,1.6848
868.0,0.0052,0.841,0.8462
869.0,0.4987,0.9634,1.4621
870.0,0.6919,0.9682,1.6601
871.0,0.7587,0.9891,1.7478
872.0,0.5827,0.9532,1.5359
873.0,0.5325,0.9718,1.5043
874.0,0.5878,0.9865,1.5743
875.0,0.5796,0.9742,1.5537999999999998
876.0,0.7706,0.9304,1.701
877.0,0.4504,0.981,1.4314
878.0,0.4404,0.9667,1.4071
879.0,0.5161,0.9509,1.467
880.0,0.5481,0.9794,1.5275
881.0,0.5799,0.9685,1.5484
882.0,0.1514,1.3008,1.4522
883.0,0.5985,0.9747,1.5732
884.0,0.8303,0.9649,1.7952
885.0,0.6304,0.9747,1.6051
886.0,0.6226,0.9808,1.6034000000000002
887.0,0.515,0.9901,1.5051
888.0,0.51,0.9495,1.4595
889.0,1.1836,0.9766,2.1602
890.0,0.5262,0.9879,1.5141
891.0,0.5461,0.9732,1.5192999999999999
892.0,0.5356,0.9668,1.5024
893.0,0.6437,0.9668,1.6105
894.0,0.7107,0.9545,1.6652
895.0,0.4152,0.9629,1.3780999999999999
896.0,0.7632,0.8013,1.5645
897.0,0.4741,0.9882,1.4623
898.0,0.6616,0.9947,1.6562999999999999
899.0,0.6357,0.9579,1.5936
900.0,0.7822,0.9624,1.7446000000000002
901.0,0.5272,0.9639,1.4910999999999999
902.0,0.5367,0.9765,1.5131999999999999
903.0,0.4668,0.9677,1.4344999999999999
904.0,0.5674,0.9654,1.5328
905.0,0.6642,0.9666,1.6308
906.0,0.4514,0.9766,1.428
907.0,0.7552,0.9613,1.7165
908.0,0.4159,0.9598,1.3757
909.0,0.5623,0.9482,1.5105
910.0,0.042,1.7503,1.7923
911.0,0.5867,0.9583,1.545
912.0,0.6344,1.0034,1.6378
913.0,0.6439,1.0014,1.6453000000000002
914.0,0.7381,0.9757,1.7138
915.0,0.6218,0.9744,1.5962
916.0,0.4006,1.0156,1.4162000000000001
917.0,0.6415,0.9604,1.6019
918.0,0.5139,0.9734,1.4873
919.0,0.5924,0.963,1.5554000000000001
920.0,0.5582,0.9935,1.5517
921.0,0.7125,0.9616,1.6741000000000001
922.0,0.5057,0.978,1.4837
923.0,0.6539,0.9633,1.6172
924.0,0.1206,0.8468,0.9674
925.0,0.6398,0.9648,1.6046
926.0,0.6155,0.9333,1.5488
927.0,0.561,0.9683,1.5293
928.0,0.5806,0.9529,1.5335
929.0,0.5698,0.9522,1.522
930.0,0.4881,0.9729,1.4609999999999999
931.0,0.5972,0.9429,1.5400999999999998
932.0,0.7182,0.9661,1.6843
933.0,0.5747,0.993,1.5676999999999999
934.0,0.6571,0.9511,1.6082
935.0,0.5828,0.9531,1.5358999999999998
936.0,0.6207,0.9742,1.5949
937.0,0.5178,0.9488,1.4666000000000001
938.0,0.6624,0.8151,1.4775
939.0,0.6439,0.9634,1.6073
940.0,0.4691,0.953,1.4221
941.0,0.5409,0.9501,1.491
942.0,0.4337,0.9275,1.3612
943.0,0.5847,0.9779,1.5626
944.0,0.5517,0.9298,1.4815
945.0,0.5556,0.9316,1.4872
946.0,0.5945,0.9509,1.5453999999999999
947.0,0.465,0.9356,1.4006
948.0,0.486,0.9428,1.4287999999999998
949.0,0.5659,0.9514,1.5173
950.0,0.5641,0.9328,1.4969000000000001
951.0,0.6058,0.9315,1.5373
952.0,0.0403,1.1308,1.1711
953.0,0.5889,0.9237,1.5126
954.0,0.5084,0.9329,1.4413
955.0,0.6481,0.9485,1.5966
956.0,0.7718,0.968,1.7398
957.0,0.4691,0.9627,1.4318
958.0,0.5736,0.9508,1.5244
959.0,0.7473,0.9575,1.7048
960.0,0.6038,0.9709,1.5747
961.0,0.4496,0.9523,1.4019
962.0,0.4791,0.9396,1.4187
963.0,0.3973,0.9376,1.3349
964.0,0.5581,0.9432,1.5013
965.0,0.5174,0.9713,1.4887000000000001
966.0,5.1696,0.9233,6.0929
967.0,0.9389,1.0052,1.9441000000000002
968.0,1.9767,1.0341,3.0107999999999997
969.0,1.1251,1.0321,2.1572
970.0,0.6026,1.1641,1.7667
971.0,0.6883,1.0679,1.7562000000000002
972.0,0.5986,1.0078,1.6064
973.0,0.5173,1.0009,1.5181999999999998
974.0,0.5367,1.0088,1.5454999999999999
975.0,0.4775,0.9699,1.4474
976.0,0.6143,1.0053,1.6196000000000002
977.0,0.6281,1.011,1.6391
978.0,0.5657,0.9896,1.5553
979.0,0.6339,0.9947,1.6286
980.0,0.3737,1.7582,2.1319
981.0,0.646,1.0058,1.6518000000000002
982.0,0.5934,1.0105,1.6038999999999999
983.0,0.7233,1.0124,1.7357
984.0,0.931,0.9956,1.9266
985.0,0.6371,0.9992,1.6362999999999999
986.0,0.6573,0.984,1.6413
987.0,0.6602,0.9971,1.6573
988.0,0.6555,0.9879,1.6434
989.0,0.6862,0.9827,1.6689
990.0,0.5754,0.9732,1.5486
991.0,0.6422,0.9868,1.629
992.0,0.5116,1.002,1.5136
993.0,0.7194,0.9822,1.7016
994.0,0.0459,0.4088,0.4547
995.0,0.5084,1.0039,1.5123
996.0,0.6265,0.9925,1.619
997.0,0.5612,0.9656,1.5268000000000002
998.0,0.6232,0.9766,1.5998
999.0,0.5544,1.0014,1.5558
1000.0,0.5516,0.9812,1.5328
1001.0,0.5068,0.9635,1.4703
1002.0,0.497,0.9928,1.4898
1003.0,0.8924,0.9803,1.8727
1004.0,0.626,0.9821,1.6080999999999999
1005.0,0.6625,0.9643,1.6268
1006.0,0.617,0.9717,1.5887
1007.0,0.649,0.9739,1.6229
1008.0,0.3727,0.7285,1.1012
1009.0,0.522,0.9984,1.5204
1010.0,0.5799,0.9961,1.576
1011.0,0.6637,1.0168,1.6804999999999999
1012.0,0.6194,0.9764,1.5958
1013.0,0.7055,0.9814,1.6869
1014.0,0.6142,0.9708,1.585
1015.0,0.5489,0.9958,1.5447000000000002
1016.0,0.5655,0.9795,1.545
1017.0,0.5735,0.9784,1.5519
1018.0,0.4901,1.0007,1.4908
1019.0,0.5392,0.9966,1.5358
1020.0,0.5307,0.9978,1.5285
1021.0,0.5577,0.9925,1.5502
1022.0,0.212,0.7083,0.9203
1023.0,0.6228,0.9751,1.5979
1024.0,0.5227,0.9676,1.4903
1025.0,0.494,0.9862,1.4802
1026.0,0.5638,1.011,1.5747999999999998
1027.0,0.8939,0.985,1.8789
1028.0,0.6193,0.9805,1.5998
1029.0,0.7322,1.0052,1.7374
1030.0,0.6034,0.9323,1.5357
1031.0,0.7916,0.9993,1.7909
1032.0,0.6558,0.9751,1.6309
1033.0,0.6006,1.0063,1.6069
1034.0,0.5483,0.9853,1.5335999999999999
1035.0,0.5856,0.9926,1.5782
1036.0,0.0679,0.9649,1.0328
1037.0,0.609,0.9908,1.5998
1038.0,0.6362,1.0035,1.6397
1039.0,0.6913,0.9943,1.6856
1040.0,0.5768,0.9933,1.5701
1041.0,0.5646,0.987,1.5516
1042.0,0.5886,0.9909,1.5795
1043.0,0.5288,0.9693,1.4981
1044.0,0.6981,0.977,1.6751
1045.0,0.5923,0.9732,1.5655000000000001
1046.0,0.5343,0.9948,1.5291000000000001
1047.0,0.6521,0.9658,1.6179000000000001
1048.0,0.5219,1.0176,1.5395
1049.0,0.5781,0.995,1.5731
1050.0,0.032,0.9653,0.9973000000000001
1051.0,0.622,1.0098,1.6318000000000001
1052.0,0.4828,0.9769,1.4597
1053.0,0.5827,0.9875,1.5702
1054.0,0.5945,0.9715,1.566
1055.0,0.6989,0.9695,1.6684
1056.0,0.5161,0.9744,1.4905
1057.0,0.5198,0.9913,1.5110999999999999
1058.0,0.5008,0.9777,1.4785
1059.0,0.7266,1.0016,1.7282000000000002
1060.0,0.5019,0.9831,1.4849999999999999
1061.0,0.6229,0.9891,1.612
1062.0,0.725,1.0128,1.7378
1063.0,0.6492,0.9771,1.6263
1064.0,0.195,1.2166,1.4116
1065.0,0.5446,0.9814,1.526
1066.0,0.6147,0.9938,1.6085
1067.0,0.5268,0.9813,1.5081
1068.0,0.6047,0.9992,1.6038999999999999
1069.0,0.6201,0.985,1.6051
1070.0,0.6821,0.977,1.6591
1071.0,0.5068,0.9781,1.4849
1072.0,0.5889,1.002,1.5909
1073.0,0.6729,0.9927,1.6656
1074.0,0.595,1.002,1.597
1075.0,0.5913,0.9809,1.5722
1076.0,1.0394,0.9882,2.0276
1077.0,0.5819,0.9827,1.5646
1078.0,0.1552,1.3395,1.4947
1079.0,0.573,0.9781,1.5511
1080.0,0.6138,0.9959,1.6097000000000001
1081.0,0.5071,0.9972,1.5043
1082.0,0.8035,0.9901,1.7936
1083.0,0.7353,0.9603,1.6956
1084.0,0.6006,0.9936,1.5942
1085.0,0.7511,1.0002,1.7513
1086.0,0.723,0.9928,1.7158
1087.0,0.6729,1.0109,1.6838
1088.0,0.5463,1.0005,1.5468
1089.0,0.6586,0.9827,1.6413
1090.0,0.574,0.9833,1.5573
1091.0,0.5048,0.9821,1.4868999999999999
1092.0,0.2261,0.8166,1.0427
1093.0,0.6681,0.9952,1.6633
1094.0,0.6064,0.9935,1.5999
1095.0,0.5998,0.9865,1.5863
1096.0,0.5815,0.9833,1.5648
1097.0,0.5152,1.0243,1.5394999999999999
1098.0,0.5908,0.9524,1.5432000000000001
1099.0,0.8526,0.9926,1.8452000000000002
1100.0,0.5759,0.9881,1.564
1101.0,0.5439,0.9789,1.5228000000000002
1102.0,0.6088,0.9839,1.5927
1103.0,0.5208,0.9826,1.5034
1104.0,0.6423,1.0134,1.6557
1105.0,0.7261,0.9693,1.6954
1106.0,0.0369,1.4958,1.5327
1107.0,0.7596,0.9907,1.7503000000000002
1108.0,0.6113,0.9882,1.5995
1109.0,0.6331,0.9989,1.6320000000000001
1110.0,0.4725,0.9765,1.449
1111.0,0.4737,0.993,1.4667
1112.0,0.5941,0.9861,1.5802
1113.0,0.7206,1.0127,1.7332999999999998
1114.0,0.6086,1.009,1.6176
1115.0,0.6209,1.0107,1.6316
1116.0,0.6695,0.9896,1.6591
1117.0,0.6935,1.0073,1.7008
1118.0,0.7162,0.9774,1.6936
1119.0,0.527,1.01,1.537
1120.0,1.0079,0.6566,1.6644999999999999
1121.0,0.6096,0.9937,1.6033
1122.0,0.6612,0.9822,1.6434
1123.0,0.6932,1.0416,1.7348000000000001
1124.0,0.7521,1.005,1.7570999999999999
1125.0,0.5494,0.9947,1.5441
1126.0,0.6479,0.9973,1.6452
1127.0,0.7009,1.023,1.7239
1128.0,0.543,1.0205,1.5635
1129.0,1.0227,0.9817,2.0044
1130.0,0.6492,1.0071,1.6563
1131.0,0.7387,1.0248,1.7635
1132.0,0.6803,0.997,1.6773
1133.0,0.6047,1.0063,1.611
1134.0,0.207,1.4831,1.6901000000000002
1135.0,0.499,0.9947,1.4937
1136.0,0.7398,0.9833,1.7231
1137.0,0.6654,0.9969,1.6623
1138.0,0.5502,0.9886,1.5388000000000002
1139.0,0.6481,1.0087,1.6568
1140.0,0.6023,1.0023,1.6046
1141.0,0.6195,1.0175,1.637
1142.0,0.6231,1.0082,1.6313
1143.0,0.5795,1.0068,1.5863
1144.0,0.611,0.9787,1.5897000000000001
1145.0,0.5779,1.0099,1.5878
1146.0,0.7,1.0011,1.7011
1147.0,0.6719,0.9845,1.6564
1148.0,0.2122,0.9642,1.1764
1149.0,0.62,1.0052,1.6252
1150.0,0.8395,1.0196,1.8591000000000002
1151.0,0.7422,0.9946,1.7368000000000001
1152.0,0.6832,0.995,1.6782
1153.0,0.6736,1.0029,1.6764999999999999
1154.0,0.6981,1.0222,1.7203
1155.0,0.6006,0.9838,1.5844
1156.0,0.6278,0.9953,1.6231
1157.0,0.7457,0.9996,1.7453
1158.0,0.5772,0.9909,1.5681
1159.0,0.7393,0.9811,1.7204
1160.0,0.7943,1.0126,1.8069
1161.0,1.0096,1.0039,2.0135
1162.0,0.357,1.3851,1.7421
1163.0,0.6054,0.9897,1.5951
1164.0,0.7842,0.9994,1.7835999999999999
1165.0,0.6906,1.0017,1.6923
1166.0,0.6019,0.9949,1.5968
1167.0,0.5043,1.0184,1.5227
1168.0,0.8892,1.0103,1.8995
1169.0,0.5533,0.9927,1.546
1170.0,0.8234,1.0067,1.8300999999999998
1171.0,0.6642,0.9904,1.6545999999999998
1172.0,1.0216,0.9838,2.0054
1173.0,0.5091,0.9946,1.5037
1174.0,0.6371,1.0188,1.6559
1175.0,0.7103,0.9979,1.7082000000000002
1176.0,0.2465,0.6951,0.9416
1177.0,0.582,1.025,1.6069999999999998
1178.0,0.5514,1.026,1.5774
1179.0,0.839,0.9995,1.8385
1180.0,0.6454,0.997,1.6423999999999999
1181.0,0.639,1.0098,1.6488
1182.0,0.4807,0.9915,1.4722
1183.0,0.6313,1.009,1.6402999999999999
1184.0,0.552,1.0194,1.5714000000000001
1185.0,0.708,0.9957,1.7037
1186.0,0.5764,1.0156,1.592
1187.0,0.7132,0.9978,1.7109999999999999
1188.0,0.5689,0.9941,1.563
1189.0,0.62,1.0138,1.6338
1190.0,0.3338,0.3259,0.6597
1191.0,0.6276,1.0087,1.6362999999999999
1192.0,0.6339,1.0019,1.6358000000000001
1193.0,0.5581,1.0279,1.586
1194.0,0.6959,1.0159,1.7118
1195.0,0.7802,1.0087,1.7889
1196.0,0.6178,0.9867,1.6045
1197.0,0.6243,1.0032,1.6275
1198.0,0.9042,1.0082,1.9123999999999999
1199.0,0.9003,1.0061,1.9064
1200.0,0.7267,1.0064,1.7330999999999999
1201.0,0.5496,1.0037,1.5533000000000001
1202.0,0.7844,0.9931,1.7774999999999999
1203.0,0.5685,1.027,1.5955
1204.0,0.1923,1.5823,1.7746
1205.0,0.518,1.0202,1.5382
1206.0,0.4514,1.0083,1.4597
1207.0,0.7171,1.0133,1.7304
1208.0,0.5813,1.0134,1.5947
1209.0,0.5915,1.0146,1.6061
1210.0,0.6082,0.9839,1.5920999999999998
1211.0,0.6891,1.0262,1.7153
1212.0,0.7138,1.0001,1.7139
1213.0,1.2582,0.9884,2.2466
1214.0,0.529,0.9951,1.5241
1215.0,0.6701,1.0164,1.6865
1216.0,0.591,1.0021,1.5931
1217.0,0.6127,1.0193,1.6320000000000001
1218.0,0.266,1.1655,1.4315
1219.0,0.6748,0.9864,1.6612
1220.0,0.6093,1.0022,1.6115
1221.0,0.6847,1.0058,1.6905000000000001
1222.0,0.9784,0.9911,1.9695
1223.0,0.5488,0.9854,1.5342
1224.0,1.6698,0.9846,2.6544
1225.0,0.6375,1.0205,1.658
1226.0,0.6376,0.9882,1.6258
1227.0,0.6732,1.026,1.6992
1228.0,0.5937,1.0011,1.5948000000000002
1229.0,0.4506,0.9965,1.4471
1230.0,0.6352,1.0078,1.643
1231.0,0.5057,1.004,1.5097
1232.0,0.4501,1.3096,1.7597
1233.0,0.5201,1.0115,1.5316
1234.0,0.904,0.9972,1.9012
1235.0,0.637,1.0102,1.6472
1236.0,0.6231,0.9933,1.6164
1237.0,0.5997,1.0127,1.6124
1238.0,0.5215,1.0246,1.5461
1239.0,0.6471,0.9841,1.6312
1240.0,0.4779,0.9939,1.4718
1241.0,0.5244,1.0102,1.5346
1242.0,0.7405,0.9848,1.7253
1243.0,0.7155,1.0126,1.7281
1244.0,0.5316,0.9921,1.5236999999999998
1245.0,0.599,1.0152,1.6142
1246.0,0.0008,1.1748,1.1756
1247.0,0.5797,0.9985,1.5782
1248.0,0.5716,0.9802,1.5518
1249.0,0.7241,1.0156,1.7397
1250.0,0.8031,0.9963,1.7993999999999999
1251.0,0.5265,1.0146,1.5411
1252.0,0.7083,1.0053,1.7136
1253.0,0.729,0.9941,1.7231
1254.0,0.6386,0.9973,1.6359
1255.0,0.6888,1.0038,1.6926
1256.0,1.4279,0.9966,2.4245
1257.0,0.7016,0.9893,1.6909
1258.0,0.6589,0.9553,1.6142
1259.0,0.8529,1.015,1.8679
1260.0,0.0647,1.8431,1.9078
1261.0,0.6507,0.9875,1.6381999999999999
1262.0,0.5839,1.0255,1.6094
1263.0,0.7523,0.9812,1.7334999999999998
1264.0,0.6198,1.0268,1.6465999999999998
1265.0,0.6241,0.9775,1.6016
1266.0,0.7574,1.0052,1.7626
1267.0,0.6196,0.9892,1.6088
1268.0,0.6294,0.9817,1.6111
1269.0,0.561,1.0303,1.5913
1270.0,0.5621,0.9885,1.5506000000000002
1271.0,0.7394,0.9968,1.7362
1272.0,0.5326,1.007,1.5395999999999999
1273.0,0.7726,0.987,1.7595999999999998
1274.0,0.1321,0.8539,0.986
1275.0,0.7199,1.0265,1.7464
1276.0,0.6707,1.0134,1.6841
1277.0,0.5927,0.9987,1.5914000000000001
1278.0,0.8096,0.9871,1.7967
1279.0,0.8335,0.9669,1.8004
1280.0,0.5016,1.0042,1.5058
1281.0,0.8942,1.0112,1.9054000000000002
1282.0,0.5355,1.0152,1.5507
1283.0,0.5976,0.9836,1.5812
1284.0,0.5411,1.0139,1.5550000000000002
1285.0,0.5873,0.9917,1.5790000000000002
1286.0,0.5861,1.0096,1.5957
1287.0,0.5129,0.9982,1.5110999999999999
1288.0,0.8152,1.2784,2.0936
1289.0,0.5535,1.0139,1.5674000000000001
1290.0,0.7891,1.011,1.8001
1291.0,0.5247,1.0178,1.5425
1292.0,0.6315,0.9915,1.623
1293.0,0.8434,0.9875,1.8309000000000002
1294.0,0.5107,0.9913,1.502
1295.0,0.5665,0.9843,1.5508
1296.0,0.5619,0.9944,1.5562999999999998
1297.0,0.644,0.9881,1.6320999999999999
1298.0,0.6065,1.0122,1.6187
1299.0,0.6252,0.9906,1.6158000000000001
1300.0,0.6245,1.0001,1.6246
1301.0,0.5494,0.9993,1.5487
1302.0,0.4739,2.0489,2.5228
1303.0,0.588,0.9697,1.5577
1304.0,0.611,0.976,1.587
1305.0,0.4481,1.011,1.4590999999999998
1306.0,0.7414,1.0031,1.7445
1307.0,0.5607,1.0075,1.5682
1308.0,0.6113,1.0086,1.6199
1309.0,0.6285,0.9927,1.6212
1310.0,0.6967,0.9999,1.6966
1311.0,0.5536,0.9959,1.5495
1312.0,0.6223,0.9807,1.603
1313.0,0.6065,1.0146,1.6211
1314.0,0.5945,0.9919,1.5864
1315.0,0.7435,0.9865,1.73
1316.0,0.2876,1.1492,1.4368
1317.0,0.6369,0.9856,1.6225
1318.0,0.6041,1.007,1.6111
1319.0,0.5934,0.9973,1.5907
1320.0,0.663,1.0114,1.6744
1321.0,0.6395,1.0158,1.6553
1322.0,0.782,0.9793,1.7612999999999999
1323.0,0.8309,0.9597,1.7906
1324.0,0.5832,1.0156,1.5988000000000002
1325.0,0.6103,1.0083,1.6185999999999998
1326.0,0.556,0.9892,1.5452
1327.0,0.5541,0.966,1.5201
1328.0,0.6611,1.0056,1.6667
1329.0,0.7523,1.0016,1.7539
1330.0,0.2881,1.1451,1.4332
1331.0,0.5522,1.0071,1.5593000000000001
1332.0,0.6393,0.9925,1.6318000000000001
1333.0,0.5079,0.9891,1.4969999999999999
1334.0,0.8331,1.0023,1.8354
1335.0,0.6835,1.0028,1.6863
1336.0,0.6241,1.0062,1.6303
1337.0,0.6824,0.9969,1.6793
1338.0,0.6236,1.0027,1.6263
1339.0,0.5372,1.0338,1.5710000000000002
1340.0,0.6731,0.9745,1.6476000000000002
1341.0,0.6082,0.9954,1.6036
1342.0,0.4997,0.972,1.4717
1343.0,0.6681,1.0252,1.6932999999999998
1344.0,0.2426,0.6284,0.871
1345.0,0.683,1.0277,1.7107
1346.0,0.5967,0.9905,1.5872000000000002
1347.0,0.4571,0.9917,1.4488
1348.0,0.6277,1.0001,1.6278000000000001
1349.0,0.771,0.9808,1.7518
1350.0,0.6033,1.0297,1.633
1351.0,0.576,1.0036,1.5796000000000001
1352.0,0.4423,0.9933,1.4356
1353.0,0.7706,0.9833,1.7538999999999998
1354.0,0.6077,1.0093,1.617
1355.0,0.9426,1.0015,1.9441000000000002
1356.0,0.6128,1.0149,1.6277
1357.0,0.635,0.9897,1.6247
1358.0,0.006,1.1622,1.1682
1359.0,0.4691,1.0057,1.4748
1360.0,0.6011,1.0142,1.6153
1361.0,0.5881,1.0232,1.6113
1362.0,0.5481,1.002,1.5501
1363.0,0.5809,1.0004,1.5813
1364.0,0.6189,1.0031,1.622
1365.0,0.7466,1.0066,1.7532
1366.0,0.778,0.9909,1.7689
1367.0,0.7464,0.9991,1.7454999999999998
1368.0,0.5445,0.9878,1.5323
1369.0,0.5805,0.9818,1.5623
1370.0,0.5539,1.0068,1.5606999999999998
1371.0,0.723,0.9919,1.7149
1372.0,0.0107,0.5568,0.5675
1373.0,0.7025,1.0013,1.7038000000000002
1374.0,0.6448,1.0039,1.6487
1375.0,0.5963,1.0128,1.6091
1376.0,0.5861,0.9781,1.5642
1377.0,0.6276,1.0082,1.6358000000000001
1378.0,0.5674,0.9997,1.5671
1379.0,0.6541,0.9931,1.6472
1380.0,0.6426,1.0123,1.6549
1381.0,0.593,1.0057,1.5987
1382.0,1.1279,1.0198,2.1477
1383.0,0.6469,0.9652,1.6120999999999999
1384.0,0.4366,0.9925,1.4291
1385.0,0.6058,0.976,1.5817999999999999
1386.0,0.6225,0.643,1.2655
1387.0,0.7636,1.0051,1.7687
1388.0,0.8728,1.0049,1.8777
1389.0,0.5389,0.9984,1.5373
1390.0,0.7686,0.9986,1.7671999999999999
1391.0,0.6511,0.9922,1.6433
1392.0,0.7669,1.0181,1.7850000000000001
1393.0,0.6306,0.9905,1.6211000000000002
1394.0,0.6229,1.0072,1.6301
1395.0,0.8694,0.9936,1.863
1396.0,0.6287,0.9941,1.6228
1397.0,0.544,1.0012,1.5452000000000001
1398.0,0.6442,1.0274,1.6716000000000002
1399.0,0.5806,0.9777,1.5583
1400.0,0.2795,0.612,0.8915
1401.0,0.912,0.9852,1.8972
1402.0,0.6276,1.0111,1.6387
1403.0,0.6395,0.9934,1.6328999999999998
1404.0,0.6403,0.9962,1.6364999999999998
1405.0,0.5885,0.9983,1.5868
1406.0,0.4922,0.9976,1.4898
1407.0,0.6712,1.0129,1.6841
1408.0,0.8202,1.0179,1.8381
1409.0,0.5888,0.9848,1.5735999999999999
1410.0,0.7932,1.0113,1.8045
1411.0,0.5685,0.9977,1.5662
1412.0,0.5117,1.0046,1.5163
1413.0,0.6884,0.9972,1.6856
1414.0,0.258,1.292,1.55
1415.0,0.7001,1.0165,1.7166
1416.0,0.8144,0.9991,1.8135
1417.0,0.5754,1.0268,1.6021999999999998
1418.0,0.9225,1.011,1.9335
1419.0,0.7177,1.0026,1.7203
1420.0,0.4873,0.995,1.4823
1421.0,0.4924,0.9866,1.479
1422.0,0.4925,0.9927,1.4852
1423.0,0.5898,0.9803,1.5701
1424.0,0.6009,0.9832,1.5840999999999998
1425.0,0.8122,1.0187,1.8309
1426.0,0.7615,1.0001,1.7616
1427.0,1.0519,0.9867,2.0386
1428.0,0.8547,1.2249,2.0796
1429.0,0.734,0.9958,1.7298
1430.0,0.5694,0.9875,1.5569000000000002
1431.0,0.879,0.9891,1.8681
1432.0,0.5877,0.9916,1.5793
1433.0,0.5765,1.022,1.5985
1434.0,0.6236,1.005,1.6286
1435.0,0.6117,1.0086,1.6202999999999999
1436.0,0.6106,1.026,1.6366
1437.0,0.6689,1.0004,1.6693
1438.0,1.3489,0.9938,2.3427
1439.0,0.8365,1.0,1.8365
1440.0,0.793,1.0054,1.7984
1441.0,0.655,1.0124,1.6674
1442.0,0.2621,0.578,0.8401
1443.0,0.5672,1.0154,1.5826000000000002
1444.0,0.9142,0.9969,1.9111
1445.0,0.5607,0.9858,1.5465
1446.0,0.505,0.9712,1.4762
1447.0,0.4761,0.9934,1.4695
1448.0,0.4871,0.9907,1.4778
1449.0,0.745,1.0127,1.7576999999999998
1450.0,0.6,1.0038,1.6038000000000001
1451.0,0.5902,1.0233,1.6135000000000002
1452.0,0.7977,1.0027,1.8003999999999998
1453.0,0.5339,1.0159,1.5498
1454.0,0.4926,1.0156,1.5082
1455.0,0.7443,0.9882,1.7325
1456.0,0.9066,1.1535,2.0601
1457.0,0.7974,0.9959,1.7933
1458.0,0.7121,1.0174,1.7295
1459.0,0.5421,0.9889,1.5310000000000001
1460.0,0.5665,0.9961,1.5626
1461.0,0.5294,1.0098,1.5392000000000001
1462.0,0.8461,1.0044,1.8504999999999998
1463.0,0.6237,0.9966,1.6203
1464.0,0.6088,0.9923,1.6011
1465.0,0.5237,0.9995,1.5232
1466.0,0.7056,1.0021,1.7077
1467.0,0.6,0.9872,1.5872
1468.0,0.5683,0.9991,1.5674000000000001
1469.0,0.7076,1.0092,1.7168
1470.0,0.1178,1.0096,1.1274
1471.0,0.558,0.993,1.5510000000000002
1472.0,0.5339,1.0129,1.5468
1473.0,1.1886,0.9919,2.1805000000000003
1474.0,0.6037,0.9765,1.5802
1475.0,0.4792,0.9932,1.4724
1476.0,0.5917,0.991,1.5827
1477.0,0.5698,0.9906,1.5604
1478.0,0.5645,0.9949,1.5594000000000001
1479.0,0.5676,0.9936,1.5612
1480.0,1.3576,1.0202,2.3777999999999997
1481.0,0.5311,0.9712,1.5023
1482.0,0.652,0.9789,1.6309
1483.0,0.5203,1.0033,1.5236
1484.0,0.0675,2.0997,2.1672
1485.0,0.7423,1.0152,1.7575
1486.0,1.1135,1.0035,2.117
1487.0,0.6142,1.0112,1.6254
1488.0,0.5459,1.0167,1.5626
1489.0,0.5398,1.0138,1.5535999999999999
1490.0,0.7141,0.9927,1.7067999999999999
1491.0,0.5801,1.0041,1.5842
1492.0,0.5574,0.9879,1.5453000000000001
1493.0,0.5798,1.0293,1.6091000000000002
1494.0,0.5578,0.9989,1.5567
1495.0,0.741,0.9995,1.7405
1496.0,0.6267,1.0075,1.6342
1497.0,0.5395,1.0186,1.5581
1498.0,0.0048,0.9386,0.9434
1499.0,0.782,1.0219,1.8039
1500.0,0.7975,1.0119,1.8094000000000001
1501.0,0.7264,1.0126,1.7389999999999999
1502.0,0.6061,1.0035,1.6096
1503.0,0.6067,1.033,1.6397
1504.0,0.5643,1.0037,1.568
1505.0,0.8033,0.9884,1.7917
1506.0,0.8288,0.9747,1.8035
1507.0,0.5867,1.0308,1.6175
1508.0,0.684,1.0024,1.6864
1509.0,0.7733,1.0029,1.7761999999999998
1510.0,0.6818,1.0053,1.6871
1511.0,0.6269,1.0073,1.6342
1512.0,0.774,1.3577,2.1317
1513.0,0.7107,1.0061,1.7168
1514.0,0.5471,1.0069,1.5539999999999998
1515.0,0.6404,0.9887,1.6291
1516.0,0.667,0.9916,1.6586
1517.0,0.9054,1.0076,1.913
1518.0,0.5132,0.9922,1.5053999999999998
1519.0,0.5822,0.9794,1.5616
1520.0,0.631,0.9791,1.6101
1521.0,0.7853,1.0003,1.7856
1522.0,0.5749,1.0107,1.5856
1523.0,0.6209,0.9683,1.5892
1524.0,0.5304,1.0195,1.5499
1525.0,0.6438,1.0141,1.6579000000000002
1526.0,0.9181,1.1015,2.0196
1527.0,0.6738,0.9947,1.6684999999999999
1528.0,0.5963,1.014,1.6103
1529.0,0.7101,1.0143,1.7244
1530.0,0.6837,1.0087,1.6924
1531.0,0.5822,0.9796,1.5618
1532.0,0.6733,0.9993,1.6726
1533.0,0.5641,0.9774,1.5415
1534.0,0.7931,0.9994,1.7925
1535.0,0.8122,0.9699,1.7821
1536.0,0.7946,1.0027,1.7973
1537.0,0.6911,0.9834,1.6745
1538.0,0.5959,0.9978,1.5937000000000001
1539.0,0.6911,1.0062,1.6973
1540.0,0.0022,1.0299,1.0321
1541.0,0.807,1.0172,1.8242000000000003
1542.0,0.6513,1.0083,1.6596
1543.0,0.607,1.0264,1.6334
1544.0,0.538,0.9966,1.5346000000000002
1545.0,0.5561,1.0057,1.5618
1546.0,0.739,0.9987,1.7377
1547.0,0.8468,1.0066,1.8534
1548.0,0.4759,0.9953,1.4712
1549.0,0.5303,1.0047,1.535
1550.0,0.6821,1.0312,1.7132999999999998
1551.0,0.5661,0.9949,1.561
1552.0,0.6057,1.0344,1.6401
1553.0,0.659,0.9723,1.6313
1554.0,0.2323,0.9488,1.1811
1555.0,0.652,1.0055,1.6575000000000002
1556.0,0.6161,1.0093,1.6254
1557.0,0.6155,0.9983,1.6138
1558.0,0.4169,1.0164,1.4333
1559.0,0.62,1.0327,1.6526999999999998
1560.0,0.7562,1.002,1.7582
1561.0,0.9124,0.9984,1.9108
1562.0,0.5116,1.0213,1.5329000000000002
1563.0,0.6889,1.002,1.6909
1564.0,0.7161,1.0014,1.7175
1565.0,0.6126,0.9871,1.5997
1566.0,0.8115,0.9882,1.7997
1567.0,0.5272,0.9963,1.5234999999999999
1568.0,0.0262,0.7845,0.8107
1569.0,0.527,1.001,1.528
1570.0,0.5952,1.0,1.5952
1571.0,0.6171,1.0047,1.6218
1572.0,0.5219,0.9958,1.5177
1573.0,0.5602,0.9854,1.5456
1574.0,0.6621,0.9906,1.6527
1575.0,0.7556,0.9835,1.7391
1576.0,0.6839,0.9975,1.6814
1577.0,0.7463,1.0009,1.7471999999999999
1578.0,0.6096,1.0137,1.6233
1579.0,0.6505,1.0016,1.6521
1580.0,0.8104,1.0144,1.8248
1581.0,0.7547,1.0028,1.7574999999999998
1582.0,0.5579,1.0884,1.6463
1583.0,0.7782,0.99,1.7682
1584.0,1.5849,1.0078,2.5927
1585.0,0.7328,0.9852,1.718
1586.0,0.6054,1.0078,1.6132
1587.0,0.5064,0.9991,1.5055
1588.0,0.5976,1.0073,1.6049000000000002
1589.0,0.7276,1.0156,1.7432
1590.0,0.585,1.0071,1.5921
1591.0,0.7065,0.9769,1.6834
1592.0,0.588,1.0119,1.5998999999999999
1593.0,0.7101,1.0045,1.7146
1594.0,0.9399,0.9931,1.9329999999999998
1595.0,0.6753,1.0181,1.6934
1596.0,3.6187,0.6729,4.2916
1597.0,0.6515,0.9741,1.6256
1598.0,0.5698,1.0022,1.572
1599.0,0.5441,1.0184,1.5625
1600.0,0.5994,0.9898,1.5892
1601.0,0.6137,0.9944,1.6080999999999999
1602.0,0.4723,0.9981,1.4704
1603.0,0.5773,0.9985,1.5758
1604.0,0.7625,1.0027,1.7651999999999999
1605.0,0.6351,1.0063,1.6414
1606.0,0.6482,1.0051,1.6533000000000002
1607.0,0.6133,0.988,1.6013
1608.0,0.4947,1.005,1.4996999999999998
1609.0,0.5944,1.0128,1.6072
1610.0,0.1563,0.9007,1.057
1611.0,0.4751,1.0109,1.486
1612.0,0.5474,0.9973,1.5447
1613.0,0.8167,1.0041,1.8208
1614.0,0.6119,0.9927,1.6046
1615.0,0.6406,0.9823,1.6229
1616.0,0.5636,1.0041,1.5676999999999999
1617.0,0.6095,0.9869,1.5964
1618.0,0.806,1.0064,1.8124
1619.0,0.543,1.0019,1.5449000000000002
1620.0,0.581,1.0168,1.5977999999999999
1621.0,0.8548,0.9972,1.8519999999999999
1622.0,0.8156,1.002,1.8176
1623.0,0.6524,0.9919,1.6442999999999999
1624.0,0.0081,0.6948,0.7029
1625.0,0.5304,1.0048,1.5352
1626.0,0.6092,1.0089,1.6180999999999999
1627.0,0.8897,1.006,1.8957000000000002
1628.0,0.7785,1.0421,1.8206
1629.0,0.5412,0.9816,1.5228000000000002
1630.0,0.6622,1.0057,1.6679
1631.0,0.5448,1.0032,1.548
1632.0,0.6796,0.9885,1.6681
1633.0,0.7188,1.0259,1.7447
1634.0,0.6747,0.9931,1.6678
1635.0,0.6093,0.9974,1.6067
1636.0,0.4786,0.9824,1.461
1637.0,0.5953,1.0114,1.6067
1638.0,0.0157,1.0464,1.0621
1639.0,0.7634,1.0096,1.7730000000000001
1640.0,0.6559,1.0059,1.6618
1641.0,0.5713,0.9871,1.5584
1642.0,0.5861,0.9959,1.5819999999999999
1643.0,0.7204,1.0228,1.7431999999999999
1644.0,0.6289,1.0021,1.631
1645.0,0.5635,1.0222,1.5857
1646.0,0.7347,1.03,1.7647
1647.0,0.6105,0.9867,1.5972
1648.0,0.5143,1.0116,1.5259
1649.0,0.5985,1.0037,1.6022
1650.0,0.7229,1.0005,1.7233999999999998
1651.0,0.652,1.0186,1.6705999999999999
1652.0,0.0578,1.204,1.2618
1653.0,0.5326,0.998,1.5306
1654.0,0.6754,1.0037,1.6791
1655.0,0.6508,1.0015,1.6523
1656.0,0.5513,0.9922,1.5434999999999999
1657.0,0.9497,1.0089,1.9586
1658.0,0.6409,0.9708,1.6117
1659.0,0.5714,0.968,1.5394
1660.0,0.6649,0.9924,1.6573
1661.0,0.8572,0.9955,1.8527
1662.0,0.7269,0.9947,1.7216
1663.0,0.6653,0.9908,1.6561
1664.0,0.6189,1.0024,1.6213
1665.0,0.5683,1.0207,1.589
1666.0,0.2294,1.5063,1.7357
1667.0,0.7284,0.9939,1.7223000000000002
1668.0,0.6734,0.9851,1.6585
1669.0,0.8059,0.9947,1.8006
1670.0,0.7827,1.01,1.7927
1671.0,0.4773,0.9887,1.466
1672.0,0.5052,0.9769,1.4821
1673.0,0.5528,1.0019,1.5547
1674.0,0.5778,1.0287,1.6065
1675.0,0.5428,1.0046,1.5473999999999999
1676.0,0.6825,1.0055,1.6880000000000002
1677.0,0.9035,0.9975,1.901
1678.0,0.7482,1.0234,1.7716
1679.0,0.6522,1.0109,1.6631
1680.0,1.2762,1.2584,2.5346
1681.0,0.5765,1.002,1.5785
1682.0,0.7373,0.9901,1.7273999999999998
1683.0,0.8024,0.9892,1.7915999999999999
1684.0,0.5981,0.9901,1.5882
1685.0,0.5053,0.9852,1.4905
1686.0,0.6256,0.9842,1.6098
1687.0,0.7159,0.99,1.7059
1688.0,0.428,0.9873,1.4153
1689.0,0.6921,0.993,1.6851
1690.0,0.8602,1.0053,1.8655
1691.0,0.6753,1.0019,1.6772
1692.0,0.8576,1.0021,1.8597000000000001
1693.0,0.5501,0.9942,1.5443
1694.0,0.3095,0.8844,1.1939
1695.0,0.6202,0.9891,1.6093
1696.0,0.755,0.9913,1.7463
1697.0,0.5943,1.0004,1.5947
1698.0,0.6514,0.9787,1.6301
1699.0,0.7267,1.0136,1.7403
1700.0,0.5625,1.0067,1.5692
1701.0,0.5629,0.9857,1.5486
1702.0,0.663,0.9933,1.6562999999999999
1703.0,0.7729,0.9697,1.7426
1704.0,0.4773,0.9862,1.4635
1705.0,0.6982,0.9881,1.6863000000000001
1706.0,0.6441,0.9896,1.6337000000000002
1707.0,0.6185,0.9929,1.6114000000000002
1708.0,0.1533,1.0359,1.1892
1709.0,0.6061,1.0217,1.6278000000000001
1710.0,0.7222,1.016,1.7382
1711.0,0.6597,1.0143,1.674
1712.0,0.575,0.9821,1.5571
1713.0,0.5891,0.9966,1.5857
1714.0,0.624,0.9853,1.6093
1715.0,0.5859,0.9921,1.5779999999999998
1716.0,0.5389,0.9932,1.5321
1717.0,0.6225,1.0114,1.6339000000000001
1718.0,0.6487,0.9971,1.6458
1719.0,0.6106,1.0212,1.6318000000000001
1720.0,0.6671,1.0003,1.6674
1721.0,0.5293,1.0299,1.5592000000000001
1722.0,0.1792,0.7322,0.9114
1723.0,0.5024,1.0067,1.5090999999999999
1724.0,0.5407,1.0335,1.5742
1725.0,0.7549,1.0213,1.7762000000000002
1726.0,0.8219,0.9945,1.8164
1727.0,0.6887,1.0032,1.6919
1728.0,0.7008,1.0021,1.7029
1729.0,0.7319,0.9862,1.7181
1730.0,0.5502,0.9915,1.5417
1731.0,1.0043,1.0058,2.0101
1732.0,0.5828,1.0049,1.5877
1733.0,0.8069,1.0075,1.8144
1734.0,0.6142,0.9928,1.607
1735.0,0.6456,0.9776,1.6232
1736.0,0.0869,1.7958,1.8827
1737.0,0.7667,1.006,1.7727
1738.0,0.8565,0.9993,1.8558
1739.0,0.5067,0.9864,1.4931
1740.0,0.6232,0.993,1.6162
1741.0,0.6934,1.0163,1.7097
1742.0,0.5613,1.0122,1.5735000000000001
1743.0,0.5751,1.0034,1.5785
1744.0,0.5098,1.0059,1.5157
1745.0,0.5551,0.9743,1.5294
1746.0,0.4885,0.995,1.4835
1747.0,0.7822,1.0018,1.784
1748.0,0.5812,1.0054,1.5866000000000002
1749.0,0.5807,1.0097,1.5904
1750.0,0.994,1.3417,2.3357
1751.0,0.5283,0.9975,1.5258
1752.0,0.6792,1.0053,1.6845
1753.0,0.5813,1.0135,1.5948000000000002
1754.0,0.5984,1.0059,1.6043
1755.0,0.7294,1.0435,1.7729000000000001
1756.0,0.6756,0.9787,1.6543
1757.0,0.5672,1.0049,1.5720999999999998
1758.0,0.6524,1.0081,1.6604999999999999
1759.0,0.5574,1.0176,1.5750000000000002
1760.0,0.7978,0.982,1.7797999999999998
1761.0,0.5851,0.9776,1.5627
1762.0,0.5869,1.0038,1.5907
1763.0,0.6253,0.9989,1.6242
1764.0,0.11,1.405,1.5150000000000001
1765.0,0.6524,0.9533,1.6057000000000001
1766.0,0.7586,0.9941,1.7527
1767.0,0.6249,0.9809,1.6058
1768.0,0.7621,0.9958,1.7579
1769.0,0.6034,1.0238,1.6272000000000002
1770.0,0.5588,1.0015,1.5603
1771.0,0.5463,1.0052,1.5515
1772.0,1.0729,1.0013,2.0742000000000003
1773.0,0.5115,0.9833,1.4948
1774.0,0.4852,0.9779,1.4631
1775.0,0.5504,0.9991,1.5495
1776.0,0.5763,1.005,1.5813
1777.0,0.5617,1.0124,1.5741
1778.0,0.2479,0.4067,0.6546000000000001
1779.0,0.7767,1.0124,1.7891
1780.0,0.4838,1.0209,1.5047
1781.0,0.5209,0.9809,1.5018
1782.0,0.5614,0.999,1.5604
1783.0,0.6419,1.0144,1.6562999999999999
1784.0,0.4866,0.9988,1.4854
1785.0,0.6004,1.0137,1.6141
1786.0,0.668,1.0158,1.6838000000000002
1787.0,0.5914,0.9911,1.5825
1788.0,0.5553,1.0191,1.5743999999999998
1789.0,0.5464,0.9834,1.5298
1790.0,0.7757,1.0051,1.7808000000000002
1791.0,0.5584,1.0099,1.5683
1792.0,0.6771,0.4666,1.1437
1793.0,0.5953,1.0076,1.6029
1794.0,0.631,1.0089,1.6399
1795.0,0.7816,1.0055,1.7871000000000001
1796.0,0.7022,0.9943,1.6965
1797.0,0.6351,1.0,1.6351
1798.0,0.6537,0.9877,1.6414
1799.0,0.5765,0.9865,1.5630000000000002
1800.0,0.5953,0.9722,1.5675
1801.0,0.5432,0.9955,1.5387
1802.0,0.6368,1.0189,1.6557
1803.0,0.6282,0.9824,1.6106
1804.0,0.6752,1.0052,1.6804000000000001
1805.0,1.0068,0.9875,1.9943
1806.0,0.25,1.0261,1.2761
1807.0,0.6852,0.9965,1.6817000000000002
1808.0,0.6878,1.0358,1.7236
1809.0,0.6927,1.0265,1.7191999999999998
1810.0,0.7471,1.0129,1.7599999999999998
1811.0,0.9419,0.9849,1.9268
1812.0,0.5674,1.002,1.5694
1813.0,0.7203,0.9999,1.7202000000000002
1814.0,0.6435,0.997,1.6404999999999998
1815.0,0.4803,1.0095,1.4898
1816.0,0.5507,1.0017,1.5524
1817.0,0.5691,0.9939,1.5630000000000002
1818.0,0.6889,1.0103,1.6991999999999998
1819.0,0.5007,1.0143,1.5150000000000001
1820.0,0.0,1.2934,1.2934
1821.0,0.7003,1.0065,1.7067999999999999
1822.0,0.6002,1.0443,1.6444999999999999
1823.0,1.6434,1.0005,2.6439
1824.0,0.6869,1.0072,1.6941000000000002
1825.0,0.6558,1.0301,1.6859000000000002
1826.0,0.7761,0.9899,1.766
1827.0,0.5238,1.0152,1.5390000000000001
1828.0,0.6651,0.9952,1.6602999999999999
1829.0,0.6448,1.0106,1.6554
1830.0,0.529,1.0136,1.5426000000000002
1831.0,0.5708,0.9966,1.5674000000000001
1832.0,0.5343,1.0092,1.5435
1833.0,0.6503,1.0195,1.6698
1834.0,0.1534,0.8765,1.0299
1835.0,0.5649,0.9945,1.5594000000000001
1836.0,0.5578,0.9684,1.5262
1837.0,0.6757,0.9905,1.6662
1838.0,0.6212,1.0044,1.6256
1839.0,0.6463,0.9848,1.6311
1840.0,0.6509,0.9791,1.63
1841.0,0.5407,1.0136,1.5543
1842.0,0.6175,1.0001,1.6176
1843.0,0.5695,0.991,1.5605
1844.0,0.6288,0.9652,1.5939999999999999
1845.0,0.5585,0.982,1.5405
1846.0,0.6619,0.9995,1.6614
1847.0,0.5863,0.9924,1.5787
1848.0,0.2013,1.0742,1.2755
1849.0,0.7701,0.9946,1.7647
1850.0,0.5613,0.9836,1.5449000000000002
1851.0,0.5677,1.017,1.5846999999999998
1852.0,0.6042,1.007,1.6111999999999997
1853.0,0.6031,1.0163,1.6194
1854.0,0.5612,1.0073,1.5685000000000002
1855.0,0.6412,1.0116,1.6528
1856.0,0.4867,0.9898,1.4765000000000001
1857.0,0.5971,1.0071,1.6042
1858.0,0.6565,1.0259,1.6824
1859.0,0.6444,0.9965,1.6409
1860.0,0.5968,0.991,1.5878
1861.0,0.6532,1.0013,1.6545
1862.0,0.1507,0.8016,0.9522999999999999
1863.0,0.8162,1.01,1.8262
1864.0,0.6209,1.0173,1.6382
1865.0,0.5773,0.9959,1.5732
1866.0,0.5326,1.0093,1.5419
1867.0,0.7012,0.984,1.6852
1868.0,0.5395,1.0032,1.5427
1869.0,0.7756,0.9736,1.7492
1870.0,0.633,1.0062,1.6392
1871.0,0.7352,0.9927,1.7279
1872.0,0.5671,1.0046,1.5716999999999999
1873.0,0.5586,1.0176,1.5762
1874.0,0.7222,0.9934,1.7155999999999998
1875.0,0.6875,0.9827,1.6702
1876.0,0.4308,1.0781,1.5089000000000001
1877.0,0.6291,0.9944,1.6235
1878.0,0.4838,1.0294,1.5132
1879.0,0.4952,0.9921,1.4872999999999998
1880.0,0.621,0.9937,1.6147
1881.0,0.9119,0.9992,1.9111
1882.0,0.5728,0.9955,1.5683
1883.0,0.6073,0.9864,1.5937000000000001
1884.0,0.5944,1.0069,1.6013
1885.0,0.5174,1.0119,1.5293
1886.0,0.6038,1.0073,1.6111
1887.0,0.5318,1.0073,1.5391000000000001
1888.0,0.6316,1.0241,1.6557
1889.0,0.6628,0.9843,1.6471
1890.0,-0.0,0.9591,0.9591
1891.0,0.7246,0.9966,1.7212
1892.0,0.5964,0.9966,1.593
1893.0,0.7177,0.9971,1.7147999999999999
1894.0,0.5337,1.0098,1.5434999999999999
1895.0,0.5487,1.0065,1.5552
1896.0,0.535,0.9865,1.5215
1897.0,0.8333,1.0115,1.8448000000000002
1898.0,0.611,1.0,1.611
1899.0,0.6441,1.0027,1.6467999999999998
1900.0,0.6394,0.9995,1.6389
1901.0,0.452,0.9841,1.4361
1902.0,0.6462,1.0003,1.6465
1903.0,0.9699,1.0141,1.984
1904.0,0.2275,1.7071,1.9346
1905.0,0.5808,1.0026,1.5834
1906.0,0.6402,0.9993,1.6395
1907.0,0.734,1.0103,1.7443
1908.0,0.6272,0.9615,1.5887
1909.0,0.672,1.0029,1.6749
1910.0,0.7407,1.0381,1.7788
1911.0,0.5382,0.9724,1.5106000000000002
1912.0,0.8588,1.0087,1.8675
1913.0,0.6364,1.0117,1.6481
1914.0,0.5562,1.0009,1.5571
1915.0,0.5801,0.9787,1.5588
1916.0,0.5378,0.9939,1.5316999999999998
1917.0,0.6429,1.0017,1.6446
1918.0,1.6283,0.6115,2.2398000000000002
1919.0,0.8339,1.015,1.8489
1920.0,0.6972,0.9897,1.6869
1921.0,0.6419,1.0122,1.6541000000000001
1922.0,0.6834,1.0232,1.7066000000000001
1923.0,0.4982,1.008,1.5062
1924.0,0.6955,1.0191,1.7146
1925.0,0.6369,1.0064,1.6433
1926.0,0.7757,0.9921,1.7677999999999998
1927.0,0.5995,0.9974,1.5969
1928.0,0.6388,1.0041,1.6429
1929.0,0.7491,1.0041,1.7532
1930.0,0.6542,1.003,1.6572
1931.0,0.6247,1.009,1.6337
1932.0,0.2485,0.6376,0.8860999999999999
1933.0,0.5157,1.0096,1.5253
1934.0,0.5861,0.9985,1.5846
1935.0,0.5317,1.0273,1.5590000000000002
1936.0,0.6815,0.9784,1.6599
1937.0,0.4928,1.0384,1.5312000000000001
1938.0,0.7047,1.0141,1.7187999999999999
1939.0,0.5754,0.9927,1.5681
1940.0,0.6752,1.0247,1.6999
1941.0,0.7085,1.0002,1.7086999999999999
1942.0,0.4796,0.9922,1.4718
1943.0,0.5429,1.0025,1.5453999999999999
1944.0,0.6073,1.0057,1.613
1945.0,0.727,1.0084,1.7353999999999998
1946.0,0.1106,1.3234,1.434
1947.0,0.6595,1.0026,1.6621
1948.0,0.5777,0.9972,1.5749
1949.0,0.8473,1.0001,1.8474
1950.0,0.6136,1.0034,1.617
1951.0,0.5146,0.9839,1.4985
1952.0,0.5751,1.0094,1.5845
1953.0,0.6141,0.9939,1.608
1954.0,0.6669,1.0036,1.6705
1955.0,0.5261,1.0032,1.5293
1956.0,0.5477,0.9902,1.5379
1957.0,0.609,1.0136,1.6226
1958.0,0.5957,1.0209,1.6166
1959.0,0.5756,0.9886,1.5642
1960.0,0.0717,1.2222,1.2939
1961.0,0.6526,0.9832,1.6358
1962.0,0.4941,0.9879,1.482
1963.0,0.6967,0.9931,1.6898
1964.0,0.6969,1.0001,1.697
1965.0,0.7486,1.0059,1.7545000000000002
1966.0,0.5163,1.0144,1.5307
1967.0,0.5978,0.9854,1.5832000000000002
1968.0,0.5422,0.984,1.5262
1969.0,0.5351,0.9993,1.5344
1970.0,0.6044,0.982,1.5864
1971.0,0.5416,0.9781,1.5196999999999998
1972.0,0.7264,0.9985,1.7249
1973.0,0.8362,0.9903,1.8265
1974.0,0.3581,1.2748,1.6328999999999998
1975.0,0.6011,1.0148,1.6159
1976.0,0.5931,0.9858,1.5789
1977.0,0.6558,1.0116,1.6674000000000002
1978.0,0.6926,1.0092,1.7018
1979.0,0.551,0.9748,1.5258
1980.0,0.7428,1.0153,1.7581000000000002
1981.0,0.7651,0.9989,1.764
1982.0,0.5809,1.0033,1.5842
1983.0,0.6363,1.0129,1.6492
1984.0,0.6465,0.9829,1.6294
1985.0,0.6246,1.0095,1.6341
1986.0,0.445,0.9881,1.4331
1987.0,0.4768,0.9887,1.4655
1988.0,0.1295,0.9877,1.1172
1989.0,0.7342,0.9998,1.734
1990.0,0.6364,1.0118,1.6482
1991.0,0.5038,0.9727,1.4765000000000001
1992.0,0.5762,0.9918,1.568
1993.0,0.7454,0.9841,1.7294999999999998
1994.0,0.5152,1.0292,1.5444
1995.0,0.6576,1.0094,1.667
1996.0,0.5461,1.0053,1.5514000000000001
1997.0,0.569,0.9868,1.5558
1998.0,0.8588,1.0157,1.8745
1999.0,0.5938,0.9998,1.5936
2000.0,0.6574,0.9971,1.6545
2001.0,0.6177,1.0062,1.6239
2002.0,0.0204,0.6761,0.6965
2003.0,1.3687,0.9968,2.3655
2004.0,0.6228,0.9943,1.6171
2005.0,0.8263,0.9946,1.8209
2006.0,0.5697,1.0257,1.5954000000000002
2007.0,0.5148,0.9996,1.5144000000000002
2008.0,0.6095,0.9862,1.5957
2009.0,0.6303,1.0072,1.6375000000000002
2010.0,0.7156,1.0119,1.7275
2011.0,0.6536,1.0,1.6536
2012.0,0.6372,1.0071,1.6443
2013.0,0.7261,1.0146,1.7407
2014.0,0.7186,1.0076,1.7262
2015.0,0.777,1.0155,1.7925
2016.0,0.628,1.1698,1.7978
2017.0,0.5469,1.006,1.5529000000000002
2018.0,0.5969,0.9536,1.5505
2019.0,0.6327,0.9976,1.6303
2020.0,0.6448,1.0048,1.6496
2021.0,0.6065,0.9964,1.6029
2022.0,0.5213,1.0109,1.5322
2023.0,0.6055,0.9718,1.5773000000000001
2024.0,0.6759,1.018,1.6939
2025.0,0.7069,1.0043,1.7111999999999998
2026.0,0.5527,0.9786,1.5312999999999999
2027.0,0.5081,0.9863,1.4944
2028.0,0.5581,0.9982,1.5563
2029.0,0.7462,0.9835,1.7297
2030.0,0.0895,1.2212,1.3107
2031.0,0.5391,1.0006,1.5396999999999998
2032.0,0.6714,1.0273,1.6987
2033.0,0.6144,1.0225,1.6368999999999998
2034.0,0.519,1.0189,1.5379
2035.0,0.7437,0.9915,1.7352
2036.0,0.5697,0.9975,1.5672000000000001
2037.0,0.7134,0.9869,1.7003
2038.0,0.5482,0.9835,1.5317
2039.0,0.6976,0.9942,1.6918
2040.0,0.6093,0.9924,1.6017
2041.0,0.4983,0.9905,1.4888000000000001
2042.0,0.6773,0.9996,1.6769
2043.0,0.5296,1.0259,1.5554999999999999
2044.0,0.0125,1.562,1.5745
2045.0,0.7358,1.0022,1.738
2046.0,0.7237,0.9986,1.7223000000000002
2047.0,0.5937,0.9864,1.5801
2048.0,2.539,0.9887,3.5277000000000003
2049.0,0.6772,1.0119,1.6891
2050.0,0.5934,0.98,1.5734
2051.0,0.6435,1.0059,1.6494
2052.0,0.6829,1.0146,1.6974999999999998
2053.0,0.6706,0.9816,1.6522000000000001
2054.0,0.6233,0.9742,1.5975
2055.0,0.6279,1.0167,1.6446
2056.0,0.5545,0.9704,1.5249000000000001
2057.0,0.6326,0.9709,1.6035
2058.0,0.1102,1.2535,1.3637000000000001
2059.0,0.5614,1.0083,1.5697
2060.0,0.6017,0.9891,1.5908
2061.0,0.8647,1.0135,1.8782
2062.0,0.6499,1.0005,1.6503999999999999
2063.0,0.5424,1.0105,1.5529
2064.0,0.6836,0.9895,1.6731
2065.0,0.5238,0.9729,1.4967000000000001
2066.0,0.6032,1.0092,1.6124
2067.0,0.8086,1.0135,1.8221
2068.0,0.5398,1.025,1.5648
2069.0,0.5567,0.9761,1.5328
2070.0,0.8961,0.9892,1.8853
2071.0,0.7319,0.9801,1.712
2072.0,0.1596,1.1341,1.2937
2073.0,0.6275,1.0184,1.6459
2074.0,0.8136,1.0066,1.8201999999999998
2075.0,0.6885,1.0334,1.7219000000000002
2076.0,0.5313,0.9782,1.5095
2077.0,0.4735,1.0001,1.4736
2078.0,0.6566,0.9739,1.6305
2079.0,0.5068,0.993,1.4998
2080.0,0.72,0.9904,1.7104
2081.0,0.554,0.9974,1.5514000000000001
2082.0,0.6191,0.9884,1.6075
2083.0,0.5581,1.0171,1.5752
2084.0,0.7455,1.0094,1.7549000000000001
2085.0,0.5877,0.9915,1.5792000000000002
2086.0,0.1168,1.1617,1.2785
2087.0,0.6574,1.0126,1.67
2088.0,0.6283,0.9969,1.6252
2089.0,0.6206,1.0143,1.6349
2090.0,0.6732,1.0391,1.7123
2091.0,0.5838,0.9992,1.583
2092.0,0.6719,1.0109,1.6827999999999999
2093.0,0.5748,0.9862,1.561
2094.0,0.8264,0.9987,1.8251
2095.0,0.7158,0.9882,1.704
2096.0,0.5872,1.0155,1.6027
2097.0,0.6901,1.0317,1.7218
2098.0,0.6037,0.9624,1.5661
2099.0,0.5546,0.974,1.5286
2100.0,0.9818,0.5289,1.5107
2101.0,0.6283,1.0079,1.6362
2102.0,0.7205,0.9901,1.7106
2103.0,0.7534,1.0199,1.7732999999999999
2104.0,0.5414,1.0132,1.5546000000000002
2105.0,0.4641,1.0064,1.4705
2106.0,0.4992,0.9823,1.4815
2107.0,0.6718,0.9947,1.6665
2108.0,0.5567,1.0059,1.5626
2109.0,0.5136,0.9937,1.5072999999999999
2110.0,0.6725,1.004,1.6764999999999999
2111.0,0.783,1.0185,1.8014999999999999
2112.0,0.5209,1.0024,1.5232999999999999
2113.0,0.6534,0.9843,1.6377
2114.0,0.2314,0.7966,1.028
2115.0,0.6735,1.0024,1.6759
2116.0,0.9569,0.9942,1.9510999999999998
2117.0,0.6995,0.9827,1.6822
2118.0,0.5198,1.0264,1.5462
2119.0,0.6247,1.0301,1.6548
2120.0,0.642,0.9808,1.6228
2121.0,0.5657,1.0338,1.5995
2122.0,0.772,1.0098,1.7818
2123.0,0.5921,1.0017,1.5937999999999999
2124.0,0.6859,1.0042,1.6901
2125.0,0.7476,0.9936,1.7412
2126.0,0.6474,1.0061,1.6535
2127.0,0.7343,0.9815,1.7158
2128.0,0.0002,1.7604,1.7606
2129.0,0.6884,0.9865,1.6749
2130.0,0.6293,0.9803,1.6096
2131.0,0.6169,1.021,1.6379
2132.0,0.8293,0.9967,1.826
2133.0,0.5794,0.9877,1.5671
2134.0,0.6305,0.9952,1.6257
2135.0,0.7651,1.0031,1.7682000000000002
2136.0,0.5399,0.9933,1.5332
2137.0,0.5013,1.0045,1.5057999999999998
2138.0,0.8086,0.9931,1.8016999999999999
2139.0,0.6719,0.999,1.6709
2140.0,0.5527,0.9962,1.5489
2141.0,0.5388,0.9987,1.5375
2142.0,0.0215,0.9867,1.0082
2143.0,0.5939,0.9774,1.5713
2144.0,0.6204,0.9932,1.6136
2145.0,0.7614,0.9936,1.755
2146.0,0.7492,1.0077,1.7569
2147.0,0.7047,1.0106,1.7153
2148.0,0.5928,1.0143,1.6071
2149.0,0.7028,0.9925,1.6953
2150.0,0.6121,1.0199,1.6320000000000001
2151.0,0.5211,1.0023,1.5234
2152.0,0.6095,0.9922,1.6017000000000001
2153.0,0.5326,0.9977,1.5303
2154.0,0.7933,1.0135,1.8068
2155.0,0.7438,0.9944,1.7382
2156.0,0.2352,1.1016,1.3368
2157.0,0.7451,1.0194,1.7645
2158.0,0.6955,1.0138,1.7093
2159.0,0.6368,1.0157,1.6525
2160.0,0.5866,1.0021,1.5887
2161.0,0.675,1.005,1.68
2162.0,0.8085,1.0153,1.8238
2163.0,0.8394,0.973,1.8124
2164.0,0.6345,0.9893,1.6238
2165.0,0.6968,1.003,1.6997999999999998
2166.0,0.7016,0.9942,1.6958
2167.0,0.7372,0.9954,1.7326
2168.0,0.6075,1.009,1.6164999999999998
2169.0,0.7125,1.0125,1.725
2170.0,0.1794,1.4755,1.6549
2171.0,0.5923,1.0032,1.5955000000000001
2172.0,0.5459,1.0071,1.5530000000000002
2173.0,0.5654,0.9969,1.5623
2174.0,0.6022,1.008,1.6101999999999999
2175.0,0.7406,0.9978,1.7384
2176.0,0.609,0.9882,1.5972
2177.0,0.6135,1.0025,1.616
2178.0,0.498,0.9813,1.4792999999999998
2179.0,0.6435,0.9961,1.6396
2180.0,0.5691,0.9988,1.5679
2181.0,0.6966,0.996,1.6926
2182.0,0.4472,1.0032,1.4504000000000001
2183.0,0.608,0.9903,1.5983
2184.0,0.0078,0.725,0.7328
2185.0,0.4956,1.0071,1.5027000000000001
2186.0,0.6123,1.0108,1.6231
2187.0,0.8842,0.9849,1.8691
2188.0,0.6115,1.01,1.6215000000000002
2189.0,0.531,0.9894,1.5204
2190.0,0.5784,0.9978,1.5762
2191.0,0.7449,0.9824,1.7273
2192.0,0.7805,0.9969,1.7774
2193.0,0.643,1.0146,1.6576
2194.0,0.6821,1.0093,1.6914000000000002
2195.0,0.7707,0.9962,1.7669000000000001
2196.0,0.6972,0.9988,1.6960000000000002
2197.0,0.6736,1.0044,1.678
2198.0,0.2281,0.2944,0.5225
2199.0,0.7754,1.0118,1.7872
2200.0,0.6926,0.9988,1.6914
2201.0,0.6495,1.0012,1.6507
2202.0,0.6681,1.0009,1.669
2203.0,0.6369,0.9901,1.627
2204.0,0.5362,0.9914,1.5276
2205.0,0.6511,1.0287,1.6798
2206.0,0.5895,0.9882,1.5777
2207.0,0.6902,0.9946,1.6848
2208.0,0.5675,1.0139,1.5814
2209.0,0.5842,0.9842,1.5684
2210.0,0.6829,1.0289,1.7117999999999998
2211.0,0.6525,0.9969,1.6494
2212.0,0.1347,0.9623,1.097
2213.0,0.6062,1.0335,1.6397
2214.0,0.5814,0.983,1.5644
2215.0,0.6684,1.0148,1.6831999999999998
2216.0,0.7518,1.0011,1.7529000000000001
2217.0,0.5214,1.0122,1.5335999999999999
2218.0,0.5642,0.9902,1.5544
2219.0,0.7452,1.0173,1.7625000000000002
2220.0,0.7497,0.9995,1.7492
2221.0,0.6091,0.9857,1.5948
2222.0,0.7173,1.0057,1.723
2223.0,0.5821,1.007,1.5890999999999997
2224.0,0.5562,0.9779,1.5341
2225.0,0.9677,1.0045,1.9722
2226.0,0.6731,1.1013,1.7744
2227.0,0.638,1.0168,1.6547999999999998
2228.0,0.5988,1.0085,1.6073
2229.0,0.6271,1.0135,1.6406
2230.0,0.7682,1.0192,1.7874
2231.0,0.6384,1.0182,1.6566
2232.0,0.8954,0.9811,1.8765
2233.0,0.5503,0.9931,1.5434
2234.0,0.5778,1.0095,1.5873
2235.0,0.6084,1.0212,1.6296000000000002
2236.0,0.7236,0.9974,1.721
2237.0,0.5879,0.9973,1.5852
2238.0,0.5802,0.9958,1.576
2239.0,0.6158,0.9813,1.5971
2240.0,0.209,1.1002,1.3092000000000001
2241.0,0.6521,1.0163,1.6684
2242.0,0.5259,0.9866,1.5125000000000002
2243.0,0.4735,0.9974,1.4708999999999999
2244.0,0.5611,0.9988,1.5599
2245.0,0.5546,0.9986,1.5532
2246.0,0.5882,0.9825,1.5707
2247.0,0.5345,1.0059,1.5404
2248.0,0.6361,1.0033,1.6394000000000002
2249.0,1.6256,1.009,2.6346
2250.0,0.6595,0.9916,1.6511
2251.0,0.6044,0.9807,1.5851000000000002
2252.0,0.6942,0.9846,1.6788
2253.0,0.5788,0.9941,1.5729
2254.0,0.0721,0.7174,0.7895000000000001
2255.0,0.5731,1.0033,1.5764
2256.0,0.5476,1.0006,1.5482
2257.0,0.6632,0.9818,1.645
2258.0,0.7299,1.0027,1.7326
2259.0,0.7024,1.019,1.7214
2260.0,0.7122,1.0019,1.7141000000000002
2261.0,0.7734,0.9763,1.7496999999999998
2262.0,0.6178,1.0206,1.6383999999999999
2263.0,0.5793,1.009,1.5882999999999998
2264.0,0.515,0.9962,1.5112
2265.0,0.6349,0.9871,1.6219999999999999
2266.0,0.498,1.0036,1.5016
2267.0,0.5852,1.0145,1.5997
2268.0,0.068,0.4586,0.5266
2269.0,0.5821,0.9827,1.5648
2270.0,0.5756,1.0008,1.5764
2271.0,0.7442,0.9965,1.7407
2272.0,0.6978,0.9959,1.6937
2273.0,0.5447,0.9958,1.5405
2274.0,0.4975,1.0133,1.5108000000000001
2275.0,0.6998,0.9874,1.6872
2276.0,0.5494,1.007,1.5564
2277.0,0.5969,0.9993,1.5962
2278.0,0.7115,0.9863,1.6978
2279.0,0.6678,0.998,1.6658
2280.0,0.546,1.0038,1.5498
2281.0,0.5653,1.0019,1.5672000000000001
2282.0,0.974,0.4349,1.4089
2283.0,1.0616,1.0204,2.082
2284.0,0.6285,0.9929,1.6214
2285.0,0.7017,0.9966,1.6983000000000001
2286.0,0.6188,0.9908,1.6096
2287.0,0.511,1.015,1.5259999999999998
2288.0,0.7109,1.0211,1.7319999999999998
2289.0,0.8663,0.9801,1.8464
2290.0,0.627,0.9968,1.6238000000000001
2291.0,0.5754,0.9916,1.5670000000000002
2292.0,0.538,0.9914,1.5293999999999999
2293.0,0.7147,0.9861,1.7008
2294.0,0.6609,0.9919,1.6528
2295.0,0.7114,1.0038,1.7152
2296.0,0.764,0.5653,1.3293
2297.0,0.6165,0.987,1.6035
2298.0,0.6681,1.0228,1.6909
2299.0,0.5946,1.0157,1.6103
2300.0,0.5653,0.9997,1.565
2301.0,0.5953,0.9964,1.5917
2302.0,0.5817,0.9978,1.5795
2303.0,0.555,1.0123,1.5673
2304.0,0.5715,1.0127,1.5842
2305.0,0.7517,1.0354,1.7871000000000001
2306.0,0.6744,0.9883,1.6627
2307.0,0.6299,0.9862,1.6160999999999999
2308.0,0.4721,0.9887,1.4608
2309.0,0.5881,0.9906,1.5787
2310.0,0.2547,2.2263,2.4810000000000003
2311.0,0.515,1.0139,1.5289000000000001
2312.0,0.7187,1.0022,1.7208999999999999
2313.0,0.7381,1.003,1.7410999999999999
2314.0,0.7534,1.0091,1.7625000000000002
2315.0,0.678,1.0176,1.6956000000000002
2316.0,0.5766,0.9773,1.5539
2317.0,0.6144,1.0056,1.62
2318.0,0.6881,0.9858,1.6739000000000002
2319.0,0.7431,0.9971,1.7402
2320.0,0.675,1.0011,1.6761000000000001
2321.0,0.5734,0.9979,1.5713
2322.0,0.6378,0.998,1.6358000000000001
2323.0,0.6535,0.9981,1.6516
2324.0,0.7428,2.1015,2.8443
2325.0,1.4356,0.9944,2.4299999999999997
2326.0,0.5466,0.9915,1.5381
2327.0,0.6276,1.0379,1.6655000000000002
2328.0,0.6027,1.0191,1.6218
2329.0,0.59,1.0042,1.5941999999999998
2330.0,0.554,1.0099,1.5639
2331.0,0.6623,0.9912,1.6535
2332.0,0.716,0.9806,1.6966
2333.0,0.7418,0.9997,1.7415
2334.0,0.6742,0.9831,1.6573
2335.0,0.4966,0.9851,1.4817
2336.0,0.6236,0.9842,1.6078000000000001
2337.0,0.5818,1.0027,1.5844999999999998
2338.0,0.7329,1.1797,1.9125999999999999
2339.0,0.7341,0.9869,1.721
2340.0,0.512,1.001,1.513
2341.0,0.6831,1.0087,1.6918
2342.0,0.6912,1.0027,1.6939
2343.0,0.6246,0.9791,1.6037
2344.0,0.7152,1.0074,1.7226
2345.0,0.6377,0.9929,1.6306
2346.0,0.6975,0.9984,1.6959
2347.0,0.6701,0.9959,1.666
2348.0,0.5588,0.9955,1.5543
2349.0,0.728,1.0021,1.7301
2350.0,0.5869,0.9965,1.5834000000000001
2351.0,0.5416,0.9981,1.5396999999999998
2352.0,0.9285,1.8483,2.7768
2353.0,0.6741,0.9938,1.6679
2354.0,0.7916,0.9932,1.7848
2355.0,0.5336,1.0108,1.5444
2356.0,0.6302,0.9619,1.5920999999999998
2357.0,1.0185,1.0271,2.0456
2358.0,0.6302,1.0014,1.6316000000000002
2359.0,0.6146,1.0251,1.6397
2360.0,0.6245,1.0352,1.6597
2361.0,0.7242,0.9959,1.7201
2362.0,0.7139,0.9913,1.7052
2363.0,0.6567,0.9956,1.6522999999999999
2364.0,0.5866,0.9945,1.5811000000000002
2365.0,0.675,1.0142,1.6892
2366.0,0.3548,0.5455,0.9003
2367.0,0.6799,1.0026,1.6824999999999999
2368.0,0.657,0.9813,1.6383
2369.0,0.5667,0.9938,1.5605
2370.0,0.651,0.9633,1.6143
2371.0,0.5755,0.9816,1.5571000000000002
2372.0,0.6117,1.0049,1.6166
2373.0,0.5343,1.0012,1.5355
2374.0,0.7232,0.9798,1.7029999999999998
2375.0,0.6273,0.9942,1.6215
2376.0,0.6334,1.0136,1.647
2377.0,0.5252,0.995,1.5202
2378.0,0.6036,1.0188,1.6223999999999998
2379.0,0.6058,0.9802,1.5859999999999999
2380.0,0.6698,0.5883,1.2581
2381.0,0.6183,1.0311,1.6494
2382.0,0.8341,1.0021,1.8361999999999998
2383.0,0.9249,0.9895,1.9144
2384.0,0.8252,0.9944,1.8195999999999999
2385.0,0.8252,0.9899,1.8151000000000002
2386.0,0.5518,1.0068,1.5585999999999998
2387.0,0.7079,0.9957,1.7036
2388.0,0.5885,1.006,1.5945
2389.0,0.5215,0.9962,1.5177
2390.0,0.6197,0.9796,1.5993
2391.0,0.4881,0.9818,1.4699
2392.0,0.5374,0.9691,1.5065
2393.0,0.6623,0.9834,1.6457000000000002
2394.0,0.1281,0.2855,0.41359999999999997
2395.0,0.5228,0.9755,1.4983
2396.0,0.7377,0.9976,1.7353
2397.0,0.6246,0.9889,1.6135000000000002
2398.0,0.6175,1.0033,1.6208
2399.0,0.5842,1.0227,1.6069
2400.0,0.694,0.9992,1.6932
2401.0,0.7252,0.9683,1.6935
2402.0,0.7105,1.0054,1.7159
2403.0,0.8146,1.0061,1.8207
2404.0,0.7255,0.9982,1.7237
2405.0,0.7399,0.9877,1.7276
2406.0,0.5865,1.0071,1.5936000000000001
2407.0,0.5545,1.0049,1.5594
2408.0,0.0089,0.4559,0.46480000000000005
2409.0,0.6028,1.0164,1.6192
2410.0,0.4867,0.9923,1.479
2411.0,0.6579,1.0033,1.6612
2412.0,0.5653,0.9994,1.5647
2413.0,0.5635,0.9841,1.5476
2414.0,0.7106,1.0015,1.7121
2415.0,0.6265,1.0144,1.6408999999999998
2416.0,0.4312,0.996,1.4272
2417.0,0.5686,0.9917,1.5603
2418.0,0.9475,0.9814,1.9289
2419.0,0.6356,0.992,1.6276000000000002
2420.0,0.6888,1.0097,1.6985000000000001
2421.0,0.5688,0.9889,1.5577
2422.0,0.0606,1.1459,1.2065
2423.0,0.6172,1.0052,1.6224
2424.0,0.5783,1.0162,1.5945
2425.0,0.6711,0.9968,1.6679
2426.0,0.5616,1.0172,1.5788000000000002
2427.0,0.5888,1.0002,1.589
2428.0,0.4744,1.0011,1.4755
2429.0,0.6903,1.0079,1.6982
2430.0,0.744,0.9795,1.7235
2431.0,0.8709,1.0111,1.8820000000000001
2432.0,0.6382,0.9702,1.6084
2433.0,0.6005,0.9875,1.588
2434.0,0.4607,0.9977,1.4584000000000001
2435.0,0.7066,1.0134,1.7200000000000002
2436.0,0.7471,0.9635,1.7106
2437.0,0.6408,1.002,1.6428
2438.0,0.5343,1.0243,1.5586
2439.0,0.7814,1.0197,1.8011
2440.0,0.8017,1.002,1.8037
2441.0,0.6782,1.0182,1.6964000000000001
2442.0,0.5747,1.0301,1.6048
2443.0,0.6951,0.9857,1.6808
2444.0,0.7112,0.9768,1.6880000000000002
2445.0,0.5626,0.9837,1.5463
2446.0,0.6903,1.0132,1.7035
2447.0,0.6598,1.005,1.6648
2448.0,1.122,1.0091,2.1311
2449.0,0.6355,1.0058,1.6413
2450.0,0.8569,0.9677,1.8246
2451.0,0.6158,1.0069,1.6227
2452.0,0.6202,0.9931,1.6133
2453.0,0.7044,1.0067,1.7111
2454.0,0.5243,1.0175,1.5418
2455.0,0.565,1.005,1.5699999999999998
2456.0,0.6611,1.0283,1.6894
2457.0,0.5584,0.9872,1.5455999999999999
2458.0,0.8029,1.0255,1.8284
2459.0,0.6701,1.024,1.6941000000000002
2460.0,0.6091,0.995,1.6040999999999999
2461.0,0.7164,1.0057,1.7221000000000002
2462.0,0.8118,0.9668,1.7786
2463.0,0.5194,1.0113,1.5307
2464.0,0.2714,0.9804,1.2518
2465.0,0.6166,0.9966,1.6132
2466.0,0.5252,0.99,1.5152
2467.0,0.6371,1.0019,1.639
2468.0,0.5896,1.027,1.6166
2469.0,0.6163,1.0198,1.6360999999999999
2470.0,0.6161,0.9898,1.6059
2471.0,0.6104,0.9997,1.6101
2472.0,0.8696,1.0362,1.9058000000000002
2473.0,0.5157,0.987,1.5027
2474.0,0.5904,0.9947,1.5851000000000002
2475.0,0.6485,1.0132,1.6617000000000002
2476.0,0.5843,0.9812,1.5655000000000001
2477.0,0.6379,0.9846,1.6225
2478.0,0.0982,0.4617,0.5599
2479.0,0.6515,0.9763,1.6278
2480.0,0.6586,1.0159,1.6745
2481.0,0.5904,0.9903,1.5807
2482.0,0.5061,0.9635,1.4696
2483.0,0.5424,0.9913,1.5337
2484.0,0.6045,1.0041,1.6086
2485.0,0.6533,1.0089,1.6622
2486.0,0.5026,0.9895,1.4921000000000002
2487.0,0.619,1.0247,1.6437
2488.0,0.5703,1.0073,1.5776000000000001
2489.0,0.5961,0.981,1.5771
2490.0,0.5493,1.004,1.5533000000000001
2491.0,0.7271,1.0054,1.7325
2492.0,0.8762,0.603,1.4792
2493.0,0.7118,1.0077,1.7195
2494.0,0.498,0.9986,1.4966
2495.0,0.6329,1.0031,1.6360000000000001
2496.0,0.6509,0.9827,1.6336
2497.0,0.6225,0.9925,1.6150000000000002
2498.0,0.6963,0.9885,1.6848
2499.0,0.5829,1.0095,1.5924
2500.0,0.7491,0.9762,1.7252999999999998
2501.0,0.5667,1.0021,1.5688
2502.0,0.5529,1.0078,1.5607
2503.0,0.7256,0.9841,1.7097
2504.0,0.6843,1.0008,1.6850999999999998
2505.0,0.552,0.9963,1.5483
2506.0,0.3279,1.3037,1.6316000000000002
2507.0,0.6814,1.0172,1.6986
2508.0,0.7498,1.0156,1.7654
2509.0,0.4847,0.9796,1.4643000000000002
2510.0,0.6405,1.0012,1.6417000000000002
2511.0,0.6483,1.0102,1.6585
2512.0,0.5681,1.0297,1.5978
2513.0,0.6416,0.9905,1.6320999999999999
2514.0,0.5117,1.0135,1.5252000000000001
2515.0,0.7183,0.9997,1.718
2516.0,0.7761,1.0012,1.7773
2517.0,0.574,0.9952,1.5692
2518.0,0.6118,1.0102,1.6219999999999999
2519.0,0.7067,0.9934,1.7001
2520.0,0.2219,1.1671,1.389
2521.0,0.5211,1.0124,1.5335
2522.0,0.6881,1.0039,1.6920000000000002
2523.0,0.9124,1.0152,1.9276
2524.0,0.6976,0.9806,1.6782
2525.0,0.8228,1.0115,1.8343
2526.0,0.4446,0.9996,1.4442
2527.0,0.5706,0.9998,1.5704
2528.0,0.7068,1.0004,1.7071999999999998
2529.0,0.7024,0.9984,1.7008
2530.0,0.7455,0.9861,1.7316
2531.0,0.5633,0.9928,1.5561
2532.0,0.4846,1.0308,1.5153999999999999
2533.0,0.6661,1.0249,1.6909999999999998
2534.0,0.1895,0.9155,1.105
2535.0,0.6166,1.0144,1.631
2536.0,0.53,1.0018,1.5318
2537.0,0.569,1.0241,1.5931
2538.0,0.5404,1.0043,1.5447
2539.0,0.6406,1.0125,1.6530999999999998
2540.0,0.7087,0.9915,1.7002000000000002
2541.0,0.6079,0.9856,1.5935000000000001
2542.0,0.5484,0.9859,1.5343
2543.0,0.6115,1.0393,1.6507999999999998
2544.0,0.6241,0.987,1.6111
2545.0,0.74,1.0092,1.7492
2546.0,0.7579,1.0062,1.7641
2547.0,0.6844,0.9773,1.6617
2548.0,0.2524,0.4033,0.6557
2549.0,0.6499,1.0001,1.65
2550.0,0.5711,0.9936,1.5647000000000002
2551.0,0.6611,0.9892,1.6503
2552.0,0.4975,0.9753,1.4727999999999999
2553.0,0.7961,0.9972,1.7933
2554.0,0.6695,0.9989,1.6684
2555.0,0.5643,0.9884,1.5527
2556.0,0.7298,1.0219,1.7517
2557.0,0.5833,1.019,1.6023
2558.0,0.5453,0.9761,1.5213999999999999
2559.0,0.6041,0.9941,1.5981999999999998
2560.0,0.4126,1.0045,1.4171
2561.0,0.6508,1.0166,1.6674
2562.0,1.2692,0.2075,1.4767000000000001
2563.0,0.6079,0.9765,1.5844
2564.0,0.6217,0.9783,1.6
2565.0,0.6737,0.9995,1.6732
2566.0,0.9657,1.0118,1.9775
2567.0,0.6136,1.0025,1.6160999999999999
2568.0,0.5696,0.9931,1.5627
2569.0,0.5671,0.9892,1.5563
2570.0,0.5657,0.9941,1.5598
2571.0,0.6552,1.0021,1.6573
2572.0,0.5639,1.0181,1.5819999999999999
2573.0,0.5457,0.9772,1.5229
2574.0,0.9263,0.9805,1.9068
2575.0,0.6602,1.0086,1.6688
2576.0,0.1192,1.2058,1.325
2577.0,0.5468,0.9972,1.544
2578.0,0.5583,1.004,1.5623
2579.0,0.58,0.9976,1.5776
2580.0,0.5992,1.0022,1.6014
2581.0,0.6381,1.0017,1.6398000000000001
2582.0,0.8413,1.0219,1.8632
2583.0,0.7416,0.9825,1.7241
2584.0,0.5418,1.0179,1.5596999999999999
2585.0,0.653,0.991,1.6440000000000001
2586.0,0.5791,0.9996,1.5787
2587.0,0.7197,0.9861,1.7058
2588.0,0.7623,1.01,1.7723
2589.0,0.738,1.0047,1.7427
2590.0,0.7159,0.7854,1.5013
2591.0,0.6921,0.9891,1.6812
2592.0,0.5511,1.0151,1.5661999999999998
2593.0,0.5277,0.9972,1.5249
2594.0,0.5532,0.9891,1.5423
2595.0,1.5835,1.0074,2.5909
2596.0,0.8788,1.0013,1.8801
2597.0,0.6211,1.0073,1.6284
2598.0,0.551,0.9945,1.5455
2599.0,0.5052,0.9892,1.4944
2600.0,0.7483,1.0145,1.7628
2601.0,0.6761,1.0093,1.6854
2602.0,0.6519,1.0019,1.6538
2603.0,0.5276,1.009,1.5366
2604.0,0.0746,0.3409,0.4155
2605.0,0.7054,0.9897,1.6951
2606.0,0.5951,1.0022,1.5973
2607.0,0.5981,1.0191,1.6172
2608.0,0.5873,0.9759,1.5632000000000001
2609.0,0.6124,0.9933,1.6057000000000001
2610.0,0.5365,0.9997,1.5362
2611.0,0.6312,1.0002,1.6314
2612.0,0.6375,0.9925,1.63
2613.0,0.5608,0.978,1.5388
2614.0,0.5643,1.0053,1.5696
2615.0,0.6646,1.0143,1.6789
2616.0,0.5786,1.0071,1.5857
2617.0,0.5804,1.0031,1.5835000000000001
2618.0,0.1466,1.3603,1.5069000000000001
2619.0,0.6576,1.0261,1.6837
2620.0,0.6009,1.0021,1.603
2621.0,0.7801,0.9956,1.7757
2622.0,0.6272,1.0062,1.6334
2623.0,0.5656,1.0082,1.5737999999999999
2624.0,0.6822,0.9873,1.6695
2625.0,0.6101,1.0083,1.6183999999999998
2626.0,0.7328,1.0159,1.7487
2627.0,0.6252,0.9981,1.6233
2628.0,0.5914,0.9999,1.5913
2629.0,0.4563,0.9996,1.4559
2630.0,0.6517,1.0041,1.6558
2631.0,0.5394,0.9908,1.5302
2632.0,0.2366,0.4079,0.6445
2633.0,0.5811,0.9902,1.5713
2634.0,0.5835,0.9959,1.5794000000000001
2635.0,0.5905,0.9966,1.5871
2636.0,0.8476,0.9939,1.8415
2637.0,0.5951,0.993,1.5880999999999998
2638.0,0.5383,0.9757,1.514
2639.0,0.6736,0.9974,1.6709999999999998
2640.0,0.7362,1.0005,1.7367
2641.0,0.6642,1.0305,1.6947
2642.0,0.5451,1.0083,1.5534
2643.0,0.5191,1.02,1.5391
2644.0,0.7424,1.0279,1.7703
2645.0,0.6564,1.02,1.6764000000000001
2646.0,0.0243,0.915,0.9393
2647.0,0.4993,1.0054,1.5047000000000001
2648.0,0.9038,0.9706,1.8744
2649.0,0.6592,0.9838,1.643
2650.0,0.5874,0.9994,1.5868
2651.0,0.8317,0.9826,1.8143
2652.0,0.5421,1.0258,1.5679
2653.0,0.687,0.9861,1.6731
2654.0,0.7526,0.9993,1.7519
2655.0,0.6289,0.9967,1.6256
2656.0,0.518,0.9753,1.4933
2657.0,0.6481,1.0058,1.6539000000000001
2658.0,0.4976,0.9959,1.4935
2659.0,0.6489,0.9905,1.6394000000000002
2660.0,0.0441,1.0789,1.123
2661.0,0.6438,0.9868,1.6306
2662.0,0.5425,0.9975,1.54
2663.0,0.644,1.0049,1.6488999999999998
2664.0,0.6646,1.0099,1.6745
2665.0,0.5586,0.9987,1.5573000000000001
2666.0,0.6938,1.0029,1.6966999999999999
2667.0,0.5085,1.0321,1.5406
2668.0,0.6092,1.0259,1.6351
2669.0,0.5553,1.0108,1.5661
2670.0,0.533,0.9856,1.5186000000000002
2671.0,0.6029,0.998,1.6009
2672.0,0.5274,0.9995,1.5269
2673.0,0.5443,1.0066,1.5509
2674.0,0.0068,0.5875,0.5943
2675.0,0.5969,0.9987,1.5956000000000001
2676.0,0.5273,1.0088,1.5360999999999998
2677.0,0.6181,0.9754,1.5935000000000001
2678.0,0.5687,1.0058,1.5745
2679.0,0.507,1.0123,1.5192999999999999
2680.0,0.6359,0.9961,1.6320000000000001
2681.0,0.7956,0.9914,1.787
2682.0,0.7649,1.0195,1.7844000000000002
2683.0,0.7743,0.9929,1.7671999999999999
2684.0,0.605,0.9991,1.6040999999999999
2685.0,0.6266,1.0204,1.647
2686.0,0.5395,0.9909,1.5304
2687.0,0.5866,1.0064,1.593
2688.0,0.2561,1.2424,1.4985
2689.0,0.8626,1.0039,1.8665
2690.0,0.554,1.0275,1.5815000000000001
2691.0,0.6114,1.0191,1.6305
2692.0,0.625,1.0162,1.6412
2693.0,0.7156,0.9992,1.7147999999999999
2694.0,0.5935,0.9958,1.5893000000000002
2695.0,0.5758,0.9886,1.5644
2696.0,0.6952,1.0162,1.7114
2697.0,0.7348,1.0217,1.7565
2698.0,0.553,1.0148,1.5678
2699.0,0.932,0.9963,1.9283000000000001
2700.0,0.6308,1.0102,1.641
2701.0,0.7837,0.9801,1.7637999999999998
2702.0,0.0307,2.1805,2.2112
2703.0,0.6164,0.9978,1.6141999999999999
2704.0,0.8019,0.9887,1.7906
2705.0,0.5733,0.9917,1.565
2706.0,0.7923,0.9978,1.7901
2707.0,0.5059,0.9986,1.5045000000000002
2708.0,0.8171,0.9898,1.8069000000000002
2709.0,0.6838,0.9892,1.673
2710.0,0.7057,1.0034,1.7091
2711.0,0.5865,1.0118,1.5983
2712.0,0.6164,0.9983,1.6147
2713.0,1.0197,1.006,2.0257
2714.0,0.5713,1.0206,1.5918999999999999
2715.0,0.7216,1.0015,1.7231
2716.0,0.1383,1.1861,1.3244
2717.0,0.666,1.021,1.6869999999999998
2718.0,0.6232,0.9913,1.6145
2719.0,0.6686,0.9809,1.6495
2720.0,0.6604,0.9825,1.6429
2721.0,0.5591,1.0009,1.56
2722.0,0.6403,0.9913,1.6316
2723.0,0.5894,1.0075,1.5969000000000002
2724.0,0.8945,0.9992,1.8937
2725.0,0.6687,1.0054,1.6741000000000001
2726.0,0.5354,1.0007,1.5360999999999998
2727.0,0.6032,1.0017,1.6049
2728.0,0.6167,1.002,1.6187
2729.0,1.0942,1.0038,2.098
2730.0,0.2751,0.5403,0.8154
2731.0,0.6004,0.9935,1.5939
2732.0,0.6524,0.9941,1.6465
2733.0,0.5409,0.9915,1.5324
2734.0,0.6802,1.0031,1.6833
2735.0,0.6376,0.9849,1.6225
2736.0,0.6158,0.9885,1.6043
2737.0,0.5903,0.9743,1.5646
2738.0,0.5918,1.0,1.5918
2739.0,0.5879,0.984,1.5718999999999999
2740.0,0.5992,0.9989,1.5981
2741.0,0.4697,1.0102,1.4799
2742.0,0.7719,0.9959,1.7678
2743.0,0.6222,1.0018,1.624
2744.0,2.9364,1.0843,4.0207
2745.0,0.655,0.9831,1.6381000000000001
2746.0,0.7004,1.005,1.7054
2747.0,0.4511,0.9916,1.4427
2748.0,0.6937,1.0146,1.7083
2749.0,0.5692,1.0044,1.5735999999999999
2750.0,0.7446,1.0169,1.7614999999999998
2751.0,0.4938,1.0136,1.5074
2752.0,0.5919,1.0061,1.5979999999999999
2753.0,0.6646,1.0006,1.6652
2754.0,0.6094,1.0023,1.6117
2755.0,0.6814,0.9975,1.6789
2756.0,0.872,1.0004,1.8723999999999998
2757.0,0.6218,0.9833,1.6051
2758.0,12.3553,0.4763,12.8316
2759.0,0.6561,0.9907,1.6468
2760.0,0.6166,0.9992,1.6158000000000001
2761.0,0.5873,1.0053,1.5926
2762.0,0.5476,1.0009,1.5484999999999998
2763.0,0.6273,1.0065,1.6338
2764.0,0.571,1.0031,1.5741
2765.0,0.5906,1.0031,1.5937000000000001
2766.0,0.5172,0.9828,1.5
2767.0,0.5493,0.9842,1.5335
2768.0,1.2131,1.005,2.2180999999999997
2769.0,0.6592,0.9919,1.6511
2770.0,0.6695,0.9923,1.6618
2771.0,0.6846,1.0155,1.7001
2772.0,0.9185,0.9225,1.841
2773.0,0.5584,0.9795,1.5379
2774.0,0.5875,0.9869,1.5744
2775.0,0.6455,1.006,1.6515
2776.0,0.6937,1.0139,1.7076
2777.0,0.7379,0.9773,1.7151999999999998
2778.0,1.2309,0.9917,2.2226
2779.0,0.5387,1.0158,1.5545
2780.0,0.5279,1.0043,1.5322
2781.0,1.0819,1.0146,2.0965
2782.0,0.5293,0.9955,1.5248
2783.0,0.5664,1.0063,1.5727
2784.0,0.5113,1.0011,1.5124
2785.0,0.6954,0.9894,1.6848
2786.0,0.1774,1.511,1.6884
2787.0,0.683,0.9937,1.6767
2788.0,0.6805,0.9765,1.657
2789.0,0.6575,1.0092,1.6667
2790.0,0.5386,0.9856,1.5242
2791.0,0.5942,1.009,1.6031999999999997
2792.0,0.528,0.9941,1.5221
2793.0,0.5767,0.9945,1.5712000000000002
2794.0,0.5093,0.9733,1.4826000000000001
2795.0,0.8059,1.0068,1.8127
2796.0,0.7319,0.9866,1.7185000000000001
2797.0,0.8937,0.9894,1.8831
2798.0,0.6779,1.0111,1.689
2799.0,0.76,0.9836,1.7436
2800.0,0.0256,2.2126,2.2382
2801.0,0.7878,1.0262,1.814
2802.0,0.5925,0.9875,1.58
2803.0,0.6294,0.9941,1.6235
2804.0,1.0803,1.0102,2.0905
2805.0,0.7153,1.0013,1.7166000000000001
2806.0,0.8191,1.0082,1.8273000000000001
2807.0,0.6105,1.0223,1.6328
2808.0,0.5905,0.997,1.5875
2809.0,0.489,0.9802,1.4691999999999998
2810.0,0.6363,0.97,1.6063
2811.0,0.7864,0.9733,1.7597
2812.0,0.7575,1.0094,1.7669000000000001
2813.0,0.7734,1.0063,1.7797
2814.0,1.0161,0.8576,1.8737
2815.0,0.8442,1.0182,1.8624
2816.0,0.7247,0.9905,1.7152
2817.0,0.5667,0.9911,1.5577999999999999
2818.0,0.5764,1.0095,1.5859
2819.0,0.5414,1.0172,1.5586000000000002
2820.0,0.6121,0.9997,1.6118000000000001
2821.0,0.5985,0.9858,1.5843
2822.0,0.6912,1.0193,1.7105000000000001
2823.0,0.8504,0.9929,1.8433000000000002
2824.0,0.5541,0.9929,1.5470000000000002
2825.0,0.7573,0.9561,1.7134
2826.0,1.0427,1.0101,2.0528
2827.0,0.7184,0.962,1.6804000000000001
2828.0,0.0114,1.1952,1.2066000000000001
2829.0,0.5617,0.9903,1.552
2830.0,0.6565,1.0148,1.6713
2831.0,0.5713,0.9813,1.5526
2832.0,0.5548,1.0235,1.5783
2833.0,0.5682,1.0165,1.5847
2834.0,0.6873,0.9977,1.685
2835.0,0.5604,0.9678,1.5282
2836.0,0.4814,0.993,1.4744
2837.0,0.4461,0.9935,1.4396
2838.0,0.6761,0.9672,1.6433
2839.0,0.5669,0.9903,1.5572
2840.0,0.6072,0.9974,1.6046
2841.0,0.6468,0.9905,1.6373000000000002
2842.0,0.8166,0.5646,1.3812
2843.0,0.5608,0.9734,1.5342
2844.0,0.734,0.9798,1.7138
2845.0,0.707,0.9773,1.6843
2846.0,0.6197,0.9841,1.6038000000000001
2847.0,0.7121,1.0236,1.7357
2848.0,0.5458,1.0075,1.5533000000000001
2849.0,0.5584,1.0041,1.5625
2850.0,0.6763,0.9625,1.6388
2851.0,0.6386,0.9837,1.6223
2852.0,0.6444,0.9942,1.6385999999999998
2853.0,0.7542,0.9967,1.7509000000000001
2854.0,0.7102,0.9799,1.6901000000000002
2855.0,0.8311,0.9876,1.8187
2856.0,0.1788,1.8802,2.059
2857.0,0.6807,0.9777,1.6583999999999999
2858.0,0.5885,1.0014,1.5899
2859.0,0.6156,0.9953,1.6109
2860.0,0.7621,1.0106,1.7727
2861.0,0.6128,0.9756,1.5884
2862.0,0.7199,1.0075,1.7274
2863.0,1.1086,0.9936,2.1022
2864.0,0.5531,0.9756,1.5287000000000002
2865.0,0.5703,1.0201,1.5904
2866.0,0.5801,1.011,1.5911
2867.0,0.6174,0.9916,1.609
2868.0,0.6179,0.991,1.6089
2869.0,0.8137,0.9973,1.811
2870.0,0.5427,0.487,1.0297
2871.0,0.6314,1.0151,1.6464999999999999
2872.0,0.609,1.0189,1.6279
2873.0,0.668,1.0067,1.6747
2874.0,0.7356,0.994,1.7296
2875.0,0.6235,0.9904,1.6139000000000001
2876.0,0.6931,0.9997,1.6928
2877.0,0.4785,0.9931,1.4716
2878.0,0.6903,0.9976,1.6879
2879.0,0.5544,0.9874,1.5418
2880.0,0.5917,0.9923,1.584
2881.0,0.5778,0.9974,1.5752
2882.0,0.4968,0.9984,1.4952
2883.0,0.4978,0.9913,1.4891
2884.0,0.9952,0.8895,1.8847
2885.0,0.7389,0.9942,1.7330999999999999
2886.0,0.513,1.013,1.5259999999999998
2887.0,0.5882,1.0149,1.6031
2888.0,0.6126,1.0074,1.62
2889.0,0.6698,0.9865,1.6562999999999999
2890.0,0.6385,1.0097,1.6482
2891.0,0.9605,0.9762,1.9367
2892.0,0.6571,1.0184,1.6755
2893.0,0.586,0.9989,1.5849
2894.0,0.7436,0.992,1.7356
2895.0,0.8534,1.0027,1.8561
2896.0,0.6051,1.0326,1.6377
2897.0,0.9034,1.0003,1.9037
2898.0,0.1591,0.4012,0.5603
2899.0,0.5911,1.0211,1.6121999999999999
2900.0,0.637,0.9915,1.6285
2901.0,0.8936,0.9899,1.8835
2902.0,0.536,0.998,1.534
2903.0,0.6494,1.0169,1.6663
2904.0,0.5677,0.999,1.5667
2905.0,0.6944,1.0222,1.7166000000000001
2906.0,0.6953,0.9896,1.6849
2907.0,0.619,1.0221,1.6411
2908.0,0.7112,1.0273,1.7385000000000002
2909.0,0.6757,1.0115,1.6872
2910.0,0.6249,0.9809,1.6058
2911.0,0.6515,1.0023,1.6538
2912.0,0.2365,0.465,0.7015
2913.0,0.6506,0.9951,1.6457
2914.0,0.5587,0.9989,1.5575999999999999
2915.0,0.7174,1.0105,1.7279
2916.0,0.963,1.022,1.9849999999999999
2917.0,0.5469,1.0098,1.5567000000000002
2918.0,0.5363,0.9997,1.536
2919.0,0.744,0.9998,1.7438
2920.0,0.8154,1.0168,1.8321999999999998
2921.0,0.648,0.9924,1.6404
2922.0,0.7003,1.0119,1.7122000000000002
2923.0,0.6693,0.9938,1.6631
2924.0,0.5648,0.993,1.5577999999999999
2925.0,0.5426,0.9763,1.5189
2926.0,0.2008,0.8308,1.0316
2927.0,0.6519,0.9762,1.6280999999999999
2928.0,0.616,1.0244,1.6404
2929.0,0.5362,1.0016,1.5378
2930.0,0.6794,1.0054,1.6848
2931.0,0.5623,0.995,1.5573000000000001
2932.0,0.6329,1.0052,1.6381000000000001
2933.0,0.7648,1.0068,1.7715999999999998
2934.0,0.5706,1.0035,1.5741
2935.0,0.6827,1.0032,1.6859000000000002
2936.0,0.6273,0.9798,1.6071
2937.0,0.5449,0.9848,1.5297
2938.0,0.8393,0.9969,1.8362
2939.0,0.5511,1.0055,1.5566
2940.0,0.5537,1.0716,1.6253000000000002
2941.0,0.8405,1.0032,1.8437000000000001
2942.0,0.6781,0.9873,1.6654
2943.0,0.7277,1.03,1.7577
2944.0,0.6446,0.9787,1.6233
2945.0,0.6219,1.0213,1.6432000000000002
2946.0,0.6755,1.0147,1.6902
2947.0,1.1381,1.0068,2.1449
2948.0,0.7267,0.9795,1.7062
2949.0,0.689,0.982,1.6709999999999998
2950.0,0.6997,0.9998,1.6995
2951.0,0.5799,1.03,1.6099
2952.0,0.5808,0.9967,1.5775000000000001
2953.0,0.518,1.0175,1.5355
2954.0,0.1845,0.8516,1.0361
2955.0,0.5075,0.9965,1.504
2956.0,0.5645,1.0162,1.5807
2957.0,0.9028,1.0289,1.9317
2958.0,0.5455,0.9668,1.5123
2959.0,0.5599,1.0133,1.5732
2960.0,0.8558,0.9874,1.8432
2961.0,0.5807,0.992,1.5727
2962.0,0.7841,0.994,1.7781
2963.0,0.9253,0.9878,1.9131
2964.0,0.6569,0.9788,1.6357
2965.0,0.6968,0.9869,1.6837
2966.0,0.6031,0.9981,1.6012
2967.0,0.8155,0.9896,1.8051
2968.0,0.201,0.6094,0.8104
2969.0,0.5856,0.9886,1.5742
2970.0,0.9701,0.9974,1.9674999999999998
2971.0,0.5671,0.9913,1.5584
2972.0,0.4763,0.9899,1.4662
2973.0,0.6525,0.9932,1.6457
2974.0,0.6319,1.0096,1.6415000000000002
2975.0,1.0804,1.0031,2.0835
2976.0,0.764,0.9882,1.7522
2977.0,0.5974,1.0218,1.6192000000000002
2978.0,0.5175,0.9969,1.5144
2979.0,0.5889,1.0199,1.6088
2980.0,0.6655,1.0144,1.6799
2981.0,0.5187,1.0034,1.5221
2982.0,0.2067,0.7762,0.9829
2983.0,0.8165,1.0129,1.8294
2984.0,0.6389,1.0005,1.6394
2985.0,0.5604,0.9872,1.5476
2986.0,0.5935,0.9843,1.5777999999999999
2987.0,0.6033,1.0012,1.6045
2988.0,0.6109,1.02,1.6309
2989.0,0.742,0.9913,1.7332999999999998
2990.0,0.7102,1.0076,1.7178
2991.0,0.5433,0.9997,1.5430000000000001
2992.0,0.493,0.9914,1.4844
2993.0,1.4046,1.0137,2.4183000000000003
2994.0,0.6442,0.9946,1.6388
2995.0,0.588,1.0306,1.6185999999999998
2996.0,0.3071,1.1774,1.4845
2997.0,0.702,0.9774,1.6794
2998.0,0.5868,0.9959,1.5827
2999.0,0.6122,1.0145,1.6267
3000.0,0.648,0.9971,1.6451
3001.0,0.5762,0.9904,1.5666
3002.0,0.6191,0.987,1.6061
3003.0,0.6243,0.995,1.6193
3004.0,0.5684,1.0093,1.5777
3005.0,0.6123,0.9941,1.6063999999999998
3006.0,0.5952,0.9798,1.575
3007.0,1.0866,0.9924,2.0789999999999997
3008.0,0.7572,0.9898,1.7469999999999999
3009.0,0.6437,0.9862,1.6299000000000001
3010.0,0.0169,1.3987,1.4156
3011.0,0.9086,1.0035,1.9121000000000001
3012.0,0.8836,1.0094,1.8930000000000002
3013.0,0.5778,1.0096,1.5874000000000001
3014.0,0.644,1.0129,1.6568999999999998
3015.0,0.6108,1.0072,1.618
3016.0,0.5312,0.9887,1.5199
3017.0,0.6362,1.0037,1.6399
3018.0,0.5793,0.9998,1.5791
3019.0,0.6062,1.0306,1.6368
3020.0,0.5229,0.9845,1.5074
3021.0,0.7637,0.991,1.7547000000000001
3022.0,0.5318,0.9941,1.5259
3023.0,0.6881,1.0123,1.7004000000000001
3024.0,0.6552,0.9102,1.5654
3025.0,0.6194,1.0134,1.6328
3026.0,0.7184,1.0151,1.7334999999999998
3027.0,0.5216,0.992,1.5135999999999998
3028.0,0.596,0.9811,1.5771
3029.0,0.7583,1.0,1.7583
3030.0,0.534,0.9825,1.5165000000000002
3031.0,0.8091,1.005,1.8140999999999998
3032.0,0.6991,0.98,1.6791
3033.0,0.7413,1.0131,1.7544
3034.0,0.8098,0.9999,1.8096999999999999
3035.0,0.6796,1.0115,1.6911
3036.0,0.5793,0.9777,1.557
3037.0,0.8465,1.017,1.8635
3038.0,0.1863,0.7071,0.8934
3039.0,0.5042,0.988,1.4922
3040.0,0.6961,0.9915,1.6876000000000002
3041.0,1.868,1.0029,2.8709
3042.0,0.7527,1.0074,1.7601
3043.0,0.6579,1.0049,1.6627999999999998
3044.0,0.5876,0.9721,1.5596999999999999
3045.0,0.5206,1.0208,1.5413999999999999
3046.0,0.5377,0.9812,1.5189
3047.0,0.6062,0.9865,1.5927
3048.0,0.7258,1.0021,1.7279
3049.0,0.5677,1.0018,1.5695000000000001
3050.0,0.8191,0.9957,1.8148
3051.0,0.6863,1.0092,1.6955
3052.0,0.4384,0.2099,0.6483
3053.0,0.5434,0.9909,1.5343
3054.0,0.7952,1.0012,1.7964000000000002
3055.0,0.7747,1.0232,1.7979000000000003
3056.0,0.7534,1.0009,1.7542999999999997
3057.0,0.6566,1.0039,1.6604999999999999
3058.0,0.5668,1.0246,1.5914
3059.0,0.803,1.0205,1.8235000000000001
3060.0,0.6241,1.0143,1.6383999999999999
3061.0,0.6426,0.9966,1.6392
3062.0,0.6102,1.0115,1.6217000000000001
3063.0,0.6095,1.0053,1.6148000000000002
3064.0,0.4927,1.0047,1.4973999999999998
3065.0,0.5097,0.9937,1.5034
3066.0,2.3807,0.4956,2.8763
3067.0,0.5384,1.003,1.5413999999999999
3068.0,0.7451,0.9924,1.7374999999999998
3069.0,0.6307,0.9818,1.6125
3070.0,0.6265,1.0177,1.6442
3071.0,0.7613,1.0141,1.7753999999999999
3072.0,0.6483,0.9903,1.6385999999999998
3073.0,0.5328,0.9859,1.5187
3074.0,0.729,0.9978,1.7268
3075.0,0.8091,0.9935,1.8026
3076.0,0.8026,1.0275,1.8301
3077.0,0.6778,0.995,1.6728
3078.0,0.6164,0.9892,1.6056
3079.0,0.5846,0.9799,1.5645
3080.0,0.0004,0.8448,0.8452
3081.0,0.5341,1.0003,1.5344
3082.0,0.7799,1.0126,1.7925
3083.0,0.5928,0.9867,1.5795
3084.0,0.7697,1.0064,1.7761
3085.0,0.5939,1.0157,1.6096
3086.0,0.531,0.982,1.513
3087.0,0.6196,1.0369,1.6564999999999999
3088.0,0.6811,1.0031,1.6842000000000001
3089.0,0.5261,0.9887,1.5148000000000001
3090.0,0.5659,1.0155,1.5814
3091.0,0.6313,1.0222,1.6535
3092.0,0.6195,1.0103,1.6298
3093.0,0.5798,1.0182,1.5979999999999999
3094.0,0.4187,1.5679,1.9866000000000001
3095.0,0.6749,0.9856,1.6605
3096.0,0.5835,1.0052,1.5887000000000002
3097.0,0.5523,1.0007,1.553
3098.0,0.6883,1.0019,1.6902
3099.0,0.6462,0.9852,1.6314
3100.0,0.6302,0.9852,1.6154
3101.0,0.5815,1.0157,1.5972
3102.0,0.5586,1.0006,1.5592
3103.0,0.7125,1.003,1.7155
3104.0,0.7628,0.994,1.7568000000000001
3105.0,0.6781,0.9921,1.6702
3106.0,0.731,1.0014,1.7324000000000002
3107.0,0.6041,0.9937,1.5977999999999999
3108.0,0.3757,1.2427,1.6183999999999998
3109.0,0.6606,1.0196,1.6802000000000001
3110.0,0.7316,1.0122,1.7438
3111.0,0.5985,0.9944,1.5929
3112.0,0.6272,1.0385,1.6657
3113.0,0.8083,0.9989,1.8072
3114.0,0.4855,0.9846,1.4701
3115.0,0.5913,1.02,1.6113
3116.0,0.7625,0.9954,1.7578999999999998
3117.0,0.4608,1.0035,1.4643000000000002
3118.0,0.774,1.0011,1.7751000000000001
3119.0,0.7953,0.9978,1.7931
3120.0,0.6372,1.0082,1.6454
3121.0,1.1559,0.9895,2.1454
3122.0,0.1671,0.4236,0.5907
3123.0,0.7588,1.0225,1.7812999999999999
3124.0,0.462,0.9969,1.4589
3125.0,0.6932,0.9808,1.674
3126.0,0.551,0.9981,1.5491000000000001
3127.0,0.5609,1.0204,1.5813
3128.0,0.624,0.9975,1.6215000000000002
3129.0,0.5903,1.0023,1.5926
3130.0,0.8634,0.9944,1.8578
3131.0,0.512,1.0212,1.5332000000000001
3132.0,0.5248,1.0087,1.5335
3133.0,0.6896,1.0032,1.6928
3134.0,0.5909,1.0017,1.5926
3135.0,1.4743,0.9814,2.4557
3136.0,0.1136,1.4145,1.5281
3137.0,0.6884,1.0039,1.6923
3138.0,0.477,0.9801,1.4571
3139.0,0.8236,1.013,1.8365999999999998
3140.0,1.0989,1.0118,2.1107
3141.0,0.5098,1.0218,1.5316
3142.0,0.5458,1.0171,1.5629
3143.0,0.643,1.0247,1.6677
3144.0,0.4871,0.9983,1.4853999999999998
3145.0,0.688,0.9753,1.6633
3146.0,0.5694,1.009,1.5783999999999998
3147.0,0.6452,0.9897,1.6349
3148.0,0.6043,1.0159,1.6202
3149.0,0.5665,1.019,1.5855
3150.0,0.2131,2.4358,2.6489
3151.0,0.8108,1.0122,1.823
3152.0,0.4949,0.9863,1.4811999999999999
3153.0,0.6647,0.9974,1.6621
3154.0,0.886,0.9891,1.8751
3155.0,0.8993,1.0135,1.9128
3156.0,1.0715,0.9854,2.0568999999999997
3157.0,0.7518,0.9796,1.7314
3158.0,0.548,0.9877,1.5357
3159.0,0.568,1.0105,1.5785
3160.0,0.5718,1.0082,1.58
3161.0,0.7249,1.0006,1.7254999999999998
3162.0,0.5388,1.0301,1.5689
3163.0,0.8632,0.9993,1.8624999999999998
3164.0,0.6311,1.4146,2.0457
3165.0,0.5555,0.9945,1.55
3166.0,0.5031,0.9935,1.4966
3167.0,1.0609,0.9872,2.0481
3168.0,0.6624,0.9814,1.6438000000000001
3169.0,0.6927,0.9887,1.6814
3170.0,0.5767,0.9943,1.571
3171.0,0.7497,1.0085,1.7582
3172.0,0.7945,0.9981,1.7926
3173.0,0.7337,0.9893,1.7229999999999999
3174.0,0.5616,1.0142,1.5758
3175.0,0.5777,0.9945,1.5722
3176.0,0.6757,0.9885,1.6642000000000001
3177.0,0.5657,1.0314,1.5971000000000002
3178.0,0.0071,1.0946,1.1017000000000001
3179.0,0.6372,1.0214,1.6586
3180.0,0.721,1.0097,1.7307000000000001
3181.0,0.7141,1.0069,1.7209999999999999
3182.0,0.6263,1.0081,1.6343999999999999
3183.0,0.7313,1.0099,1.7412
3184.0,0.6288,1.0153,1.6441000000000001
3185.0,0.5358,1.0242,1.56
3186.0,0.6461,1.0106,1.6566999999999998
3187.0,0.6009,0.9799,1.5808
3188.0,0.5436,1.0037,1.5473
3189.0,0.6524,1.0013,1.6537000000000002
3190.0,0.6161,0.9834,1.5995
3191.0,0.6057,1.0046,1.6103
3192.0,0.5456,1.3321,1.8777
3193.0,0.5049,0.9888,1.4937
3194.0,0.5679,1.0273,1.5952000000000002
3195.0,0.6017,1.0216,1.6233
3196.0,0.52,0.993,1.513
3197.0,0.6357,1.0127,1.6484
3198.0,0.649,0.9906,1.6396000000000002
3199.0,0.6766,0.9999,1.6764999999999999
3200.0,0.6636,1.0077,1.6713
3201.0,0.6007,0.9915,1.5922
3202.0,0.6374,1.0031,1.6405
3203.0,0.6123,1.0013,1.6136
3204.0,0.5181,1.0149,1.533
3205.0,0.6253,1.0228,1.6481
3206.0,0.0346,1.5429,1.5775
3207.0,1.215,0.9816,2.1966
3208.0,0.6714,1.0041,1.6755
3209.0,0.6891,1.0065,1.6956
3210.0,0.5432,0.996,1.5392000000000001
3211.0,1.1388,0.9897,2.1285
3212.0,0.5937,1.0095,1.6032000000000002
3213.0,0.6401,0.9946,1.6347
3214.0,0.7056,0.9912,1.6968
3215.0,0.644,0.9916,1.6356000000000002
3216.0,0.6811,1.0055,1.6866
3217.0,0.7315,0.9961,1.7276
3218.0,0.4976,0.9977,1.4953
3219.0,0.641,1.0095,1.6505
3220.0,0.1166,1.7298,1.8464
3221.0,0.6435,1.0097,1.6532
3222.0,0.5568,0.9795,1.5363
3223.0,0.7141,0.9973,1.7113999999999998
3224.0,0.6458,1.0038,1.6496
3225.0,0.5565,0.9973,1.5537999999999998
3226.0,0.8661,0.9887,1.8548
3227.0,0.8391,1.0136,1.8527
3228.0,0.7534,1.0032,1.7566000000000002
3229.0,0.7459,0.9874,1.7333
3230.0,0.6344,0.995,1.6294
3231.0,0.6417,1.0033,1.645
3232.0,0.5399,0.9903,1.5302
3233.0,0.6311,0.9846,1.6157
3234.0,0.1713,0.7892,0.9605
3235.0,0.5571,0.9995,1.5566
3236.0,0.5412,1.0052,1.5464000000000002
3237.0,0.5777,1.0144,1.5920999999999998
3238.0,0.53,0.9899,1.5199
3239.0,0.6033,0.9957,1.599
3240.0,0.6129,0.9816,1.5945
3241.0,0.6166,1.0046,1.6212
3242.0,0.5575,0.9798,1.5373
3243.0,0.715,1.0059,1.7208999999999999
3244.0,0.5011,1.0108,1.5118999999999998
3245.0,0.5992,1.0011,1.6003
3246.0,0.5749,0.9951,1.5699999999999998
3247.0,1.0935,1.0099,2.1033999999999997
3248.0,0.0003,1.224,1.2243
3249.0,0.5696,1.026,1.5956000000000001
3250.0,0.6403,0.9979,1.6381999999999999
3251.0,0.7205,1.0139,1.7344
3252.0,0.6919,1.0018,1.6937
3253.0,0.5758,0.9915,1.5673
3254.0,0.7188,1.0203,1.7391
3255.0,0.7662,1.0153,1.7815
3256.0,0.5654,1.0333,1.5987
3257.0,0.5789,1.0115,1.5904
3258.0,0.6078,1.0145,1.6223
3259.0,1.1299,1.0052,2.1351
3260.0,0.5867,1.0107,1.5974
3261.0,0.5477,1.0087,1.5564
3262.0,0.2515,0.3596,0.6111
3263.0,0.5367,0.9977,1.5344
3264.0,0.7229,1.0071,1.73
3265.0,0.5931,0.976,1.5691
3266.0,0.6916,1.0129,1.7045
3267.0,0.6771,0.9859,1.663
3268.0,0.582,1.0093,1.5913
3269.0,0.524,1.0207,1.5447
3270.0,0.718,0.9932,1.7111999999999998
3271.0,1.0952,0.9775,2.0727
3272.0,0.9417,0.9948,1.9365
3273.0,0.6258,1.0143,1.6401
3274.0,0.582,0.9926,1.5746
3275.0,0.6876,0.9929,1.6804999999999999
3276.0,0.7912,0.862,1.6532
3277.0,0.7693,1.0212,1.7905000000000002
3278.0,0.7302,1.0035,1.7337
3279.0,0.6539,0.9955,1.6494
3280.0,0.5258,1.0138,1.5396
3281.0,0.7036,1.0033,1.7069
3282.0,0.6395,0.9894,1.6288999999999998
3283.0,0.5602,1.0116,1.5718
3284.0,0.5061,1.0126,1.5187
3285.0,0.7034,1.0209,1.7243
3286.0,0.6201,1.0106,1.6307
3287.0,0.5435,0.9974,1.5409
3288.0,0.5906,0.9999,1.5905
3289.0,0.6176,1.008,1.6256
3290.0,0.055,1.1864,1.2413999999999998
3291.0,0.5025,0.9995,1.502
3292.0,0.6333,0.9987,1.6320000000000001
3293.0,0.6493,0.9923,1.6416
3294.0,0.5893,1.0015,1.5908000000000002
3295.0,0.723,0.9968,1.7198
3296.0,0.6296,1.0005,1.6301
3297.0,0.6303,1.0057,1.6360000000000001
3298.0,0.5991,1.0159,1.615
3299.0,0.6969,1.0113,1.7082000000000002
3300.0,0.585,1.008,1.593
3301.0,0.5462,1.0092,1.5554000000000001
3302.0,0.5435,1.0164,1.5598999999999998
3303.0,0.5714,0.9993,1.5707
3304.0,0.0025,1.2552,1.2577
3305.0,0.6841,0.9956,1.6797
3306.0,0.7487,1.0064,1.7551
3307.0,0.7862,1.0124,1.7986
3308.0,0.4628,0.9848,1.4476
3309.0,0.5991,1.0053,1.6044
3310.0,0.6558,0.9881,1.6439
3311.0,0.5548,1.0137,1.5685
3312.0,0.6262,0.9957,1.6219000000000001
3313.0,0.6481,0.9878,1.6359
3314.0,0.5702,1.0095,1.5797
3315.0,0.6828,0.9784,1.6612
3316.0,0.6109,0.9943,1.6052
3317.0,0.5695,1.0337,1.6032000000000002
3318.0,0.3798,0.3951,0.7749
3319.0,0.6432,0.9989,1.6421000000000001
3320.0,0.5523,1.0132,1.5655000000000001
3321.0,0.5687,1.0097,1.5784
3322.0,0.5895,0.9997,1.5892
3323.0,0.7615,1.0033,1.7648000000000001
3324.0,0.6403,1.0058,1.6461000000000001
3325.0,0.4645,1.0025,1.467
3326.0,0.6634,0.9896,1.653
3327.0,0.577,0.9852,1.5621999999999998
3328.0,0.7216,0.9772,1.6987999999999999
3329.0,0.5951,0.9962,1.5913
3330.0,0.5488,1.0133,1.5621
3331.0,0.5532,1.014,1.5672000000000001
3332.0,0.1552,1.3233,1.4785
3333.0,0.8846,1.0199,1.9045
3334.0,0.9447,0.985,1.9297
3335.0,0.5868,0.9919,1.5787
3336.0,0.7029,1.0024,1.7052999999999998
3337.0,0.5033,0.9954,1.4987
3338.0,0.6477,0.9955,1.6432000000000002
3339.0,0.6061,1.0297,1.6358000000000001
3340.0,0.637,1.01,1.647
3341.0,0.6066,1.0069,1.6135
3342.0,0.6581,0.9862,1.6442999999999999
3343.0,0.712,1.0178,1.7298
3344.0,0.5556,1.0025,1.5581
3345.0,0.5424,0.995,1.5373999999999999
3346.0,0.0111,0.8887,0.8998
3347.0,0.6048,0.9632,1.568
3348.0,0.7377,1.0169,1.7546
3349.0,0.4834,0.9716,1.455
3350.0,0.6072,0.9712,1.5783999999999998
3351.0,0.5677,0.9822,1.5499
3352.0,0.7479,0.9989,1.7468
3353.0,0.6029,1.0201,1.623
3354.0,0.5739,0.9957,1.5695999999999999
3355.0,0.5928,0.9924,1.5852
3356.0,0.5979,0.9868,1.5847
3357.0,0.6457,0.9832,1.6289
3358.0,0.7401,0.9969,1.737
3359.0,0.6856,0.9955,1.6811
3360.0,0.176,0.5522,0.7282
3361.0,0.6071,1.0152,1.6223
3362.0,0.7979,1.0042,1.8021
3363.0,0.5547,1.0259,1.5806
3364.0,0.5769,0.9895,1.5664
3365.0,0.5785,1.0038,1.5823
3366.0,0.4777,1.0097,1.4874
3367.0,0.5607,0.9978,1.5585
3368.0,0.5676,1.0002,1.5678
3369.0,0.6426,0.9983,1.6408999999999998
3370.0,0.5947,0.9954,1.5901
3371.0,0.575,1.0271,1.6020999999999999
3372.0,0.6344,1.0119,1.6463
3373.0,0.5775,0.9899,1.5674000000000001
3374.0,0.0547,1.0352,1.0898999999999999
3375.0,0.5491,1.0082,1.5573000000000001
3376.0,0.5916,1.0047,1.5962999999999998
3377.0,0.778,1.0135,1.7915
3378.0,0.7067,1.0165,1.7231999999999998
3379.0,0.5806,0.9877,1.5683
3380.0,0.6724,0.9963,1.6686999999999999
3381.0,0.7221,0.9963,1.7184
3382.0,0.6348,1.0122,1.647
3383.0,0.6904,1.0075,1.6979000000000002
3384.0,0.5317,1.0001,1.5318
3385.0,0.6223,0.9858,1.6080999999999999
3386.0,0.5708,0.9756,1.5464
3387.0,0.5727,1.0041,1.5768
3388.0,0.1074,0.3818,0.48919999999999997
3389.0,0.642,1.0113,1.6533000000000002
3390.0,0.4897,1.0157,1.5054
3391.0,0.5333,1.0331,1.5663999999999998
3392.0,0.4497,1.007,1.4566999999999999
3393.0,0.6169,1.001,1.6179
3394.0,0.5237,0.9905,1.5142000000000002
3395.0,0.5485,1.0379,1.5864
3396.0,0.584,0.9951,1.5791
3397.0,0.8208,0.9674,1.7882
3398.0,0.6443,0.9697,1.6139999999999999
3399.0,0.5131,0.9986,1.5117
3400.0,0.6567,1.0103,1.6669999999999998
3401.0,0.4559,1.0061,1.462
3402.0,0.6413,0.6534,1.2947
3403.0,0.5339,0.9821,1.516
3404.0,0.596,0.9929,1.5889
3405.0,0.6675,1.0126,1.6801
3406.0,0.5555,1.0281,1.5836000000000001
3407.0,0.6619,1.0125,1.6743999999999999
3408.0,0.6211,1.0022,1.6233
3409.0,0.6828,1.0017,1.6844999999999999
3410.0,0.5522,0.998,1.5502
3411.0,0.5801,0.9786,1.5587
3412.0,0.6069,0.9821,1.589
3413.0,0.695,1.005,1.6999999999999997
3414.0,0.6587,1.013,1.6717
3415.0,0.5106,0.9964,1.5070000000000001
3416.0,0.014,1.1119,1.1259000000000001
3417.0,0.6249,1.0141,1.639
3418.0,0.5028,0.9804,1.4832
3419.0,0.5956,0.9852,1.5808
3420.0,0.5839,1.0248,1.6086999999999998
3421.0,0.5014,1.0075,1.5089000000000001
3422.0,0.5145,0.9956,1.5101
3423.0,0.6455,1.0128,1.6582999999999999
3424.0,0.7503,0.9803,1.7306
3425.0,0.6185,1.0066,1.6251
3426.0,0.646,0.9955,1.6415000000000002
3427.0,0.6169,1.0209,1.6378
3428.0,0.6921,1.0239,1.7160000000000002
3429.0,0.8468,0.9971,1.8439
3430.0,0.1087,0.4952,0.6039
3431.0,0.6323,1.0036,1.6359
3432.0,0.5289,1.0011,1.5300000000000002
3433.0,0.6937,1.0227,1.7164
3434.0,0.664,1.0073,1.6713
3435.0,0.751,0.9826,1.7336
3436.0,0.6996,1.0028,1.7024
3437.0,0.5387,1.0267,1.5654
3438.0,0.7239,0.9937,1.7176
3439.0,0.5051,0.9936,1.4987
3440.0,0.4931,1.0365,1.5295999999999998
3441.0,0.5487,0.9951,1.5438
3442.0,0.7085,0.9975,1.706
3443.0,0.6225,0.9935,1.616
3444.0,0.0482,1.2239,1.2721
3445.0,1.0498,1.0212,2.071
3446.0,0.5648,1.0122,1.577
3447.0,0.7818,1.0136,1.7954
3448.0,0.7544,0.9763,1.7307
3449.0,0.8512,1.0109,1.8620999999999999
3450.0,0.5543,1.0015,1.5558
3451.0,0.6059,1.006,1.6118999999999999
3452.0,0.6536,0.9831,1.6366999999999998
3453.0,0.5826,1.0228,1.6054
3454.0,0.6137,0.9964,1.6101
3455.0,0.5869,0.9759,1.5628
3456.0,0.7639,1.0043,1.7682
3457.0,0.6276,0.9912,1.6188
3458.0,0.0617,0.9513,1.0130000000000001
3459.0,0.6705,0.9812,1.6517
3460.0,0.8001,0.9857,1.7858
3461.0,0.6186,0.9995,1.6181
3462.0,0.5301,1.021,1.5511
3463.0,0.7,0.9969,1.6968999999999999
3464.0,0.5179,0.9921,1.51
3465.0,0.5898,0.9805,1.5703
3466.0,0.6793,1.0001,1.6794
3467.0,0.6255,0.99,1.6155
3468.0,0.598,1.0072,1.6052
3469.0,0.6674,0.9968,1.6642000000000001
3470.0,0.6139,1.0102,1.6240999999999999
3471.0,0.5551,1.0038,1.5589
3472.0,0.0343,1.0957,1.13
3473.0,0.5712,0.9978,1.569
3474.0,0.5635,1.0069,1.5703999999999998
3475.0,0.7041,1.0189,1.7229999999999999
3476.0,0.7345,0.9902,1.7247
3477.0,0.7344,1.0122,1.7466
3478.0,0.7198,0.979,1.6987999999999999
3479.0,0.6124,0.9979,1.6103
3480.0,0.587,1.0167,1.6037
3481.0,0.7503,1.01,1.7603
3482.0,0.4841,0.9912,1.4752999999999998
3483.0,0.6416,1.0165,1.6581
3484.0,0.6743,1.0029,1.6772
3485.0,0.662,1.0009,1.6629
3486.0,0.8361,1.1843,2.0204
3487.0,0.5798,0.9936,1.5734
3488.0,0.7073,1.0073,1.7146000000000001
3489.0,0.6881,1.0109,1.6989999999999998
3490.0,0.7397,1.0201,1.7598
3491.0,0.6432,1.0087,1.6519
3492.0,0.5396,0.9997,1.5393
3493.0,0.7267,1.0053,1.7320000000000002
3494.0,0.4673,1.0,1.4673
3495.0,0.5842,0.9985,1.5827
3496.0,0.559,0.9958,1.5548000000000002
3497.0,0.7964,0.9894,1.7858
3498.0,0.5667,0.9832,1.5499
3499.0,0.6879,0.9854,1.6733
3500.0,0.0353,1.0153,1.0506000000000002
3501.0,0.626,1.0226,1.6486
3502.0,0.5918,1.0051,1.5969000000000002
3503.0,0.532,0.9965,1.5285000000000002
3504.0,0.7687,0.9913,1.76
3505.0,0.5831,1.0066,1.5897
3506.0,0.8117,0.9887,1.8004
3507.0,0.571,1.0177,1.5887
3508.0,0.5491,0.985,1.5341
3509.0,0.6042,1.0153,1.6195
3510.0,0.6026,0.9896,1.5922
3511.0,0.6698,1.0266,1.6964
3512.0,0.8271,1.0044,1.8315
3513.0,0.5902,0.9908,1.581
3514.0,0.1977,0.659,0.8567
3515.0,0.6972,1.0011,1.6983000000000001
3516.0,0.6879,1.0116,1.6995
3517.0,0.6184,0.9932,1.6116
3518.0,0.6829,0.9984,1.6812999999999998
3519.0,0.5809,0.9885,1.5694
3520.0,0.6101,0.9872,1.5973
3521.0,0.5245,0.993,1.5175
3522.0,0.5005,0.9995,1.5
3523.0,0.6194,0.9927,1.6120999999999999
3524.0,0.4365,1.0109,1.4474
3525.0,0.5827,1.0235,1.6062
3526.0,0.5887,1.0046,1.5933
3527.0,0.5718,1.0141,1.5859
3528.0,0.8499,0.6864,1.5363
3529.0,0.6056,0.9985,1.6041
3530.0,0.768,0.996,1.764
3531.0,0.6055,1.0017,1.6072000000000002
3532.0,0.481,1.0001,1.4811
3533.0,0.5587,0.9877,1.5464
3534.0,0.8061,1.0238,1.8299
3535.0,0.6915,0.9927,1.6842000000000001
3536.0,0.7234,0.9872,1.7106
3537.0,0.6631,1.015,1.6781
3538.0,0.5861,1.0032,1.5893000000000002
3539.0,0.6871,1.027,1.7141
3540.0,0.5908,1.0216,1.6124
3541.0,0.7561,0.9918,1.7479
3542.0,0.9868,1.1086,2.0954
3543.0,0.6099,1.0048,1.6147
3544.0,0.6921,0.9854,1.6775000000000002
3545.0,0.6583,1.003,1.6612999999999998
3546.0,0.6898,1.0114,1.7012
3547.0,0.6629,0.9785,1.6414
3548.0,0.7333,0.9937,1.7269999999999999
3549.0,0.601,1.0001,1.6011
3550.0,0.5302,0.9972,1.5274
3551.0,0.5751,1.0068,1.5818999999999999
3552.0,0.7496,1.0022,1.7518
3553.0,0.715,0.9978,1.7128
3554.0,0.5986,1.0087,1.6073
3555.0,0.5341,0.9946,1.5287000000000002
3556.0,0.2448,0.9731,1.2179
3557.0,0.5784,1.0077,1.5861
3558.0,0.5544,1.0095,1.5639
3559.0,0.6337,1.0282,1.6619000000000002
3560.0,0.626,1.0013,1.6273
3561.0,0.7468,1.0314,1.7782
3562.0,0.5982,1.0102,1.6084
3563.0,0.621,1.0093,1.6303
3564.0,0.8859,0.9876,1.8735
3565.0,0.7907,1.0125,1.8032
3566.0,0.5774,1.005,1.5823999999999998
3567.0,0.6534,0.9897,1.6431
3568.0,0.5732,1.0084,1.5816
3569.0,0.603,1.0122,1.6152
3570.0,3.2586,0.5851,3.8437
3571.0,0.8374,0.9883,1.8256999999999999
3572.0,0.7364,0.9869,1.7233
3573.0,0.6512,1.0056,1.6568
3574.0,0.5263,0.9939,1.5202
3575.0,0.8673,0.9911,1.8584
3576.0,0.5573,0.9832,1.5405
3577.0,0.476,1.0029,1.4788999999999999
3578.0,0.7106,0.9983,1.7088999999999999
3579.0,0.7548,0.9922,1.7469999999999999
3580.0,0.4888,0.9783,1.4670999999999998
3581.0,0.6163,0.9993,1.6156
3582.0,0.5377,0.9968,1.5345
3583.0,0.5049,1.0096,1.5145
3584.0,0.0535,1.1606,1.2141000000000002
3585.0,0.5716,0.9952,1.5668
3586.0,0.802,0.9997,1.8017
3587.0,0.666,1.0083,1.6743000000000001
3588.0,0.7927,0.9968,1.7894999999999999
3589.0,0.7941,0.9876,1.7817
3590.0,0.5893,1.0094,1.5987
3591.0,0.8004,0.9873,1.7877
3592.0,0.6651,1.0064,1.6715
3593.0,0.5549,1.0029,1.5577999999999999
3594.0,0.6452,0.9908,1.6360000000000001
3595.0,1.0405,1.0154,2.0559000000000003
3596.0,0.5866,0.9968,1.5834000000000001
3597.0,0.5832,1.003,1.5861999999999998
3598.0,0.7921,1.3273,2.1193999999999997
3599.0,0.4898,0.992,1.4818
3600.0,0.5329,1.0032,1.5361000000000002
3601.0,0.5888,0.992,1.5808
3602.0,0.5133,0.9931,1.5064
3603.0,0.5378,1.0282,1.5659999999999998
3604.0,1.3412,0.9849,2.3261
3605.0,0.7675,0.9968,1.7643
3606.0,0.7935,1.002,1.7955
3607.0,0.6721,1.01,1.6821000000000002
3608.0,0.6682,0.9928,1.661
3609.0,0.5982,0.9936,1.5918
3610.0,0.5484,1.0133,1.5617
3611.0,0.5928,1.0042,1.597
3612.0,0.2131,0.7589,0.972
3613.0,0.6247,0.981,1.6057000000000001
3614.0,0.5424,0.9938,1.5362
3615.0,0.5882,1.0255,1.6137000000000001
3616.0,0.545,1.0055,1.5505
3617.0,0.6007,0.9889,1.5896
3618.0,0.5396,0.9934,1.533
3619.0,0.8062,0.9869,1.7931
3620.0,0.573,1.0011,1.5741
3621.0,0.6085,1.0041,1.6126
3622.0,0.7671,1.0052,1.7723
3623.0,0.6313,1.006,1.6373
3624.0,0.5781,0.9951,1.5732
3625.0,0.4975,0.9981,1.4956
3626.0,0.1422,0.6417,0.7839
3627.0,0.6228,1.0031,1.6259000000000001
3628.0,0.5867,0.9967,1.5834000000000001
3629.0,0.5491,0.9918,1.5409000000000002
3630.0,0.5037,1.0068,1.5105
3631.0,0.6809,0.9784,1.6593
3632.0,0.6747,1.0172,1.6919
3633.0,0.5935,1.0001,1.5936
3634.0,0.5464,1.0061,1.5525
3635.0,0.6962,0.9931,1.6893
3636.0,0.6768,1.0017,1.6785
3637.0,0.6163,1.0027,1.6189999999999998
3638.0,0.5948,1.0063,1.6011
3639.0,0.5389,0.9986,1.5375
3640.0,0.0514,1.5863,1.6377000000000002
3641.0,0.6922,0.9999,1.6921
3642.0,0.7536,1.028,1.7816
3643.0,0.6993,1.001,1.7003
3644.0,0.5982,1.0276,1.6258
3645.0,0.6428,0.983,1.6258
3646.0,0.6004,0.9946,1.5950000000000002
3647.0,0.5519,0.9887,1.5406
3648.0,1.1038,0.982,2.0858
3649.0,0.6327,1.0089,1.6416
3650.0,0.8906,0.9911,1.8817
3651.0,0.5063,1.0025,1.5088
3652.0,0.7505,1.0057,1.7562
3653.0,0.6527,0.9956,1.6482999999999999
3654.0,0.0,0.8304,0.8304
3655.0,0.546,1.0246,1.5706
3656.0,0.6554,0.985,1.6404
3657.0,0.6069,1.0172,1.6241
3658.0,0.6187,0.9978,1.6165
3659.0,0.668,0.9883,1.6562999999999999
3660.0,0.6857,0.9717,1.6574
3661.0,0.5931,1.0066,1.5997
3662.0,0.5562,0.9916,1.5478
3663.0,0.6839,0.9988,1.6827
3664.0,0.6541,1.0136,1.6677
3665.0,0.6478,1.0033,1.6511
3666.0,0.6401,1.0064,1.6465
3667.0,0.6211,0.9866,1.6077
3668.0,0.0101,0.7879,0.798
3669.0,0.6925,0.9811,1.6736
3670.0,0.5107,0.9845,1.4952
3671.0,0.6317,1.0018,1.6335000000000002
3672.0,0.4989,0.9959,1.4948000000000001
3673.0,0.7299,1.007,1.7368999999999999
3674.0,0.6246,1.0204,1.645
3675.0,0.5108,1.0257,1.5365000000000002
3676.0,0.7781,1.0076,1.7857
3677.0,0.5524,0.9885,1.5409000000000002
3678.0,0.6144,0.9905,1.6049
3679.0,0.6293,1.0107,1.64
3680.0,0.5066,0.9813,1.4879
3681.0,0.6658,0.9787,1.6444999999999999
3682.0,0.2487,0.8447,1.0934
3683.0,0.5722,1.0,1.5722
3684.0,0.5446,0.9963,1.5409
3685.0,0.6628,0.9919,1.6547
3686.0,0.8614,0.9754,1.8368000000000002
3687.0,0.6429,0.9889,1.6318000000000001
3688.0,0.6274,0.9891,1.6164999999999998
3689.0,0.7825,0.997,1.7795
3690.0,0.4687,1.0107,1.4794
3691.0,0.6769,0.9783,1.6551999999999998
3692.0,0.6275,0.9983,1.6258
3693.0,0.6073,0.9921,1.5994
3694.0,0.5891,1.0019,1.591
3695.0,0.5812,1.0038,1.585
3696.0,0.3171,1.2003,1.5173999999999999
3697.0,0.5149,0.9916,1.5065
3698.0,0.6366,1.0025,1.6391
3699.0,1.0402,1.0086,2.0488
3700.0,0.5049,0.9976,1.5025
3701.0,0.5708,0.9965,1.5673
3702.0,0.6448,0.9994,1.6442
3703.0,0.6389,0.9782,1.6171
3704.0,0.7091,0.9942,1.7033
3705.0,0.6842,1.0004,1.6846
3706.0,0.5695,0.9998,1.5693000000000001
3707.0,0.5888,0.9788,1.5676
3708.0,0.5601,0.9905,1.5506000000000002
3709.0,0.4933,0.9999,1.4932
3710.0,0.2426,0.8086,1.0512
3711.0,0.7978,0.9997,1.7974999999999999
3712.0,0.6138,0.9823,1.5960999999999999
3713.0,0.611,0.9959,1.6069
3714.0,0.7143,0.9889,1.7032
3715.0,0.5225,0.9939,1.5164
3716.0,0.5797,1.0748,1.6545
3717.0,0.6088,1.0083,1.6171
3718.0,0.7478,0.9929,1.7407
3719.0,0.4706,1.0022,1.4727999999999999
3720.0,0.553,0.9827,1.5357
3721.0,0.5723,0.983,1.5553
3722.0,0.5999,1.0003,1.6002
3723.0,0.5827,0.9964,1.5791
3724.0,0.0289,0.8792,0.9081
3725.0,0.6629,0.9963,1.6592
3726.0,0.5663,1.0025,1.5688
3727.0,0.6931,0.9936,1.6867
3728.0,0.5463,1.0035,1.5498
3729.0,0.7074,1.0178,1.7252
3730.0,0.6177,1.0118,1.6295000000000002
3731.0,0.5376,1.006,1.5436
3732.0,0.5512,0.9852,1.5364
3733.0,0.5717,1.0103,1.5819999999999999
3734.0,0.5364,0.9913,1.5276999999999998
3735.0,0.568,0.9896,1.5575999999999999
3736.0,0.566,1.0082,1.5741999999999998
3737.0,0.5886,0.978,1.5666
3738.0,0.2285,1.4838,1.7123
3739.0,0.6045,1.0043,1.6088
3740.0,0.5726,0.9991,1.5716999999999999
3741.0,0.5933,0.9999,1.5932
3742.0,0.589,1.0176,1.6066
3743.0,0.5878,0.9908,1.5786
3744.0,0.4722,0.9966,1.4688
3745.0,0.504,0.9871,1.4910999999999999
3746.0,0.6432,0.9986,1.6418
3747.0,0.5993,0.99,1.5893000000000002
3748.0,0.625,0.9686,1.5936
3749.0,0.64,0.9784,1.6184
3750.0,0.6236,1.0006,1.6242
3751.0,0.6141,0.9697,1.5838
3752.0,1.4912,0.3916,1.8828
3753.0,0.7258,0.9929,1.7187000000000001
3754.0,0.5219,0.9775,1.4994
3755.0,0.7421,0.9928,1.7349
3756.0,0.684,1.0283,1.7123
3757.0,0.5003,0.9831,1.4834
3758.0,0.6197,0.9829,1.6026
3759.0,0.5772,0.9941,1.5713
3760.0,0.5104,0.9786,1.4889999999999999
3761.0,0.643,0.9833,1.6263
3762.0,0.6165,0.9644,1.5809000000000002
3763.0,0.5542,1.0172,1.5714000000000001
3764.0,0.4877,0.9803,1.468
3765.0,0.5702,0.9823,1.5525
3766.0,0.0,0.5015,0.5015
3767.0,0.6432,0.9665,1.6097000000000001
3768.0,0.5987,0.966,1.5647
3769.0,0.5186,1.0008,1.5193999999999999
3770.0,0.5741,0.987,1.5611000000000002
3771.0,1.6509,1.0032,2.6541
3772.0,0.5737,1.0036,1.5773000000000001
3773.0,0.5203,1.0052,1.5255
3774.0,0.5643,1.0048,1.5691
3775.0,0.5744,0.9901,1.5645
3776.0,0.642,1.0102,1.6522000000000001
3777.0,0.5215,1.0006,1.5221
3778.0,0.6583,0.97,1.6282999999999999
3779.0,0.5643,1.0057,1.57
3780.0,0.0034,0.3361,0.3395
3781.0,0.4549,1.0014,1.4563000000000001
3782.0,0.626,0.9868,1.6128
3783.0,0.5981,0.9759,1.5739999999999998
3784.0,0.5005,1.0028,1.5032999999999999
3785.0,0.6114,0.9671,1.5785
3786.0,0.5977,1.0055,1.6032000000000002
3787.0,0.7049,0.9988,1.7037
3788.0,0.5102,1.0044,1.5146
3789.0,0.5745,0.9936,1.5681
3790.0,0.632,0.996,1.6280000000000001
3791.0,0.6399,0.9824,1.6223
3792.0,0.695,0.9793,1.6743
3793.0,0.6117,1.0172,1.6289000000000002
3794.0,0.1055,1.3038,1.4093
3795.0,0.5478,0.9936,1.5413999999999999
3796.0,0.6662,1.0149,1.6810999999999998
3797.0,0.7244,0.9965,1.7209
3798.0,0.6138,0.9952,1.609
3799.0,0.6905,1.0028,1.6932999999999998
3800.0,0.645,0.9774,1.6224
3801.0,0.6374,0.9826,1.62
3802.0,0.5166,1.0043,1.5209
3803.0,0.572,1.0219,1.5939
3804.0,0.453,1.0016,1.4546000000000001
3805.0,0.5776,1.0036,1.5812
3806.0,0.6961,1.0014,1.6975000000000002
3807.0,0.5664,0.9928,1.5592000000000001
3808.0,0.2602,1.5652,1.8254
3809.0,0.5089,0.9646,1.4735
3810.0,0.623,0.9927,1.6157
3811.0,0.5476,0.992,1.5396
3812.0,0.5553,0.9943,1.5495999999999999
3813.0,0.5174,1.0022,1.5196
3814.0,0.6166,0.9992,1.6158000000000001
3815.0,1.2355,0.9729,2.2084
3816.0,0.6346,0.9812,1.6158000000000001
3817.0,0.741,0.9662,1.7071999999999998
3818.0,0.8762,1.0104,1.8866
3819.0,0.6433,0.9799,1.6232
3820.0,0.4291,0.9808,1.4099
3821.0,0.7824,0.9974,1.7797999999999998
3822.0,0.0001,1.0869,1.087
3823.0,0.6128,0.9989,1.6117
3824.0,0.5533,0.9876,1.5409000000000002
3825.0,0.747,1.0011,1.7481
3826.0,0.5609,0.9961,1.557
3827.0,0.6124,0.9975,1.6099
3828.0,0.6,1.0153,1.6153
3829.0,0.728,1.0156,1.7436
3830.0,0.5973,1.0338,1.6311
3831.0,0.5803,1.0055,1.5858
3832.0,0.4348,0.9947,1.4295
3833.0,0.627,0.9932,1.6202
3834.0,0.6751,1.0043,1.6794
3835.0,0.5885,1.0053,1.5938
3836.0,0.0033,0.5643,0.5676
3837.0,0.6029,1.0049,1.6078
3838.0,0.5987,0.9949,1.5936
3839.0,0.7489,0.9933,1.7422
3840.0,0.5545,0.9934,1.5478999999999998
3841.0,0.6102,1.0061,1.6162999999999998
3842.0,0.9994,1.0102,2.0096
3843.0,0.575,0.9923,1.5673
3844.0,0.8589,1.0182,1.8771
3845.0,0.5825,0.9916,1.5741
3846.0,0.4413,0.9866,1.4279000000000002
3847.0,0.5833,0.9907,1.574
3848.0,0.6611,0.9965,1.6576
3849.0,0.5634,0.9884,1.5518
3850.0,0.2056,1.3143,1.5199
3851.0,0.6817,1.0211,1.7027999999999999
3852.0,0.4665,0.9923,1.4588
3853.0,0.7547,1.0131,1.7677999999999998
3854.0,0.6288,0.9577,1.5865
3855.0,0.5801,0.9879,1.568
3856.0,0.5838,0.9656,1.5493999999999999
3857.0,0.7915,0.9715,1.763
3858.0,0.5125,1.0175,1.53
3859.0,0.433,0.9858,1.4188
3860.0,0.5585,1.0019,1.5604
3861.0,0.6324,0.9964,1.6288
3862.0,0.607,0.9799,1.5869
3863.0,0.7103,0.9923,1.7026
3864.0,0.0045,1.3967,1.4012
3865.0,0.5998,1.0024,1.6021999999999998
3866.0,0.8166,0.9759,1.7925
3867.0,0.5689,1.0064,1.5753
3868.0,0.584,0.9858,1.5697999999999999
3869.0,0.604,0.9948,1.5988
3870.0,0.7248,0.9747,1.6995
3871.0,0.58,0.9995,1.5795
3872.0,0.5836,0.987,1.5706
3873.0,0.6171,0.9847,1.6018
3874.0,0.5845,0.9635,1.548
3875.0,0.543,1.0033,1.5463
3876.0,0.5435,0.9588,1.5023
3877.0,0.5862,0.9853,1.5715
3878.0,0.0008,1.8977,1.8984999999999999
3879.0,0.6854,0.9983,1.6837
3880.0,0.7735,1.0002,1.7736999999999998
3881.0,0.5739,0.9815,1.5554000000000001
3882.0,0.5409,0.9806,1.5215
3883.0,0.5288,0.9898,1.5186000000000002
3884.0,0.776,0.9893,1.7652999999999999
3885.0,0.5448,1.008,1.5528
3886.0,0.5607,0.9966,1.5573000000000001
3887.0,0.5371,0.9821,1.5192
3888.0,0.6303,0.9637,1.5939999999999999
3889.0,0.755,0.9867,1.7417
3890.0,0.5268,1.0078,1.5346000000000002
3891.0,0.8473,0.9757,1.823
3892.0,2.3568,1.6477,4.0045
3893.0,0.5656,0.9761,1.5417
3894.0,0.6125,0.9903,1.6028
3895.0,0.5607,0.9876,1.5483
3896.0,0.7772,0.9849,1.7621
3897.0,0.6098,1.0004,1.6101999999999999
3898.0,0.4924,0.9988,1.4912
3899.0,0.4713,0.9965,1.4678
3900.0,0.499,0.9888,1.4878
3901.0,0.583,1.0005,1.5835
3902.0,0.6154,0.9903,1.6057
3903.0,0.5843,0.9969,1.5812
3904.0,0.6744,0.9754,1.6498
3905.0,0.5976,0.9848,1.5824
3906.0,0.2778,0.6404,0.9181999999999999
3907.0,0.6248,0.9796,1.6044
3908.0,0.5805,0.974,1.5545
3909.0,0.769,0.9838,1.7528000000000001
3910.0,0.5942,0.9834,1.5776
3911.0,0.6062,1.0087,1.6149
3912.0,0.6147,1.0017,1.6164
3913.0,0.6464,1.0067,1.6530999999999998
3914.0,0.5686,0.9988,1.5674000000000001
3915.0,0.5994,0.966,1.5654
3916.0,0.5224,1.0187,1.5411
3917.0,0.5877,0.9881,1.5758
3918.0,0.6574,1.0021,1.6595
3919.0,0.6378,0.9939,1.6317
3920.0,0.2162,0.9089,1.1251
3921.0,0.5459,0.997,1.5429
3922.0,0.6419,0.9941,1.6360000000000001
3923.0,1.3879,0.9889,2.3768
3924.0,0.7303,0.9916,1.7219
3925.0,0.6363,0.9625,1.5988
3926.0,0.5492,1.0212,1.5704000000000002
3927.0,0.5555,0.9697,1.5252
3928.0,0.621,0.9679,1.5889
3929.0,0.5726,0.9862,1.5588
3930.0,0.4886,1.017,1.5055999999999998
3931.0,0.6066,0.9937,1.6003
3932.0,0.5449,0.9727,1.5176
3933.0,0.5439,0.9864,1.5303
3934.0,0.6499,1.1995,1.8494000000000002
3935.0,0.5066,0.9773,1.4839
3936.0,0.5633,1.001,1.5642999999999998
3937.0,0.5755,0.9919,1.5674000000000001
3938.0,0.5888,0.9646,1.5534
3939.0,0.5658,1.0081,1.5739
3940.0,0.5585,0.9988,1.5573000000000001
3941.0,0.6153,0.9711,1.5863999999999998
3942.0,0.5897,1.0183,1.608
3943.0,0.5238,1.0164,1.5402
3944.0,0.6109,1.0157,1.6266
3945.0,0.5902,0.9666,1.5568
3946.0,0.492,1.0041,1.4961
3947.0,0.5508,0.9886,1.5394
3948.0,0.2098,0.9266,1.1364
3949.0,0.9436,0.9967,1.9403000000000001
3950.0,0.618,0.9889,1.6069
3951.0,0.7879,1.0083,1.7962
3952.0,0.6579,0.9832,1.6411
3953.0,0.7609,0.9634,1.7243
3954.0,0.582,0.9632,1.5452
3955.0,0.6459,0.9811,1.627
3956.0,0.5166,1.0147,1.5312999999999999
3957.0,0.6935,0.9934,1.6869
3958.0,0.5897,1.0091,1.5988000000000002
3959.0,0.6276,0.969,1.5966
3960.0,0.5697,0.9726,1.5423
3961.0,0.5221,1.0035,1.5256
3962.0,0.1334,0.8602,0.9935999999999999
3963.0,0.5554,1.002,1.5574
3964.0,0.5819,0.9876,1.5695000000000001
3965.0,0.5816,0.9798,1.5614
3966.0,0.6092,0.9886,1.5977999999999999
3967.0,0.5899,0.9871,1.577
3968.0,0.479,0.984,1.463
3969.0,0.5141,0.9992,1.5133
3970.0,0.4759,0.9821,1.458
3971.0,0.5734,0.9674,1.5408
3972.0,0.5627,0.9952,1.5579
3973.0,0.7288,0.9789,1.7077
3974.0,0.6359,1.0016,1.6375000000000002
3975.0,0.533,1.0143,1.5473
3976.0,0.2526,0.9594,1.212
3977.0,0.6295,1.0023,1.6318
3978.0,0.5364,0.9717,1.5081
3979.0,0.5986,1.0072,1.6058000000000001
3980.0,0.6402,1.0001,1.6402999999999999
3981.0,0.5853,0.9938,1.5791
3982.0,0.6632,0.979,1.6421999999999999
3983.0,0.7147,0.9819,1.6966
3984.0,0.509,0.9866,1.4956
3985.0,0.6882,0.9993,1.6875
3986.0,0.5429,1.0086,1.5514999999999999
3987.0,0.4965,0.9909,1.4874
3988.0,0.5575,0.9709,1.5284
3989.0,0.5251,1.0262,1.5513
3990.0,0.0001,0.6261,0.6262
3991.0,0.6663,0.9905,1.6568
3992.0,0.7602,0.9672,1.7273999999999998
3993.0,0.6047,1.0195,1.6242
3994.0,0.5764,0.9917,1.5681
3995.0,0.5174,0.9866,1.504
3996.0,0.6653,0.962,1.6273
3997.0,0.5582,0.9973,1.5554999999999999
3998.0,0.7068,0.9585,1.6653
3999.0,0.5413,0.9939,1.5352000000000001
4000.0,0.6183,0.9934,1.6117
4001.0,0.564,1.0095,1.5735000000000001
4002.0,0.5418,1.0105,1.5522999999999998
4003.0,0.7596,0.997,1.7566000000000002
4004.0,0.2953,0.7004,0.9957
4005.0,0.7077,0.9942,1.7019
4006.0,0.6473,0.9739,1.6212
4007.0,0.6179,0.9701,1.588
4008.0,0.5431,0.9657,1.5088
4009.0,0.7728,0.9866,1.7594
4010.0,0.5549,0.9763,1.5312
4011.0,0.5143,0.9702,1.4845
4012.0,0.639,0.9857,1.6247
4013.0,0.5759,0.9956,1.5715
4014.0,0.5524,0.9818,1.5342
4015.0,0.6055,0.9741,1.5796000000000001
4016.0,0.63,0.9923,1.6223
4017.0,0.6295,0.9751,1.6046
4018.0,0.0003,1.1383,1.1386
4019.0,0.7208,0.9934,1.7142
4020.0,0.5344,0.9865,1.5209000000000001
4021.0,0.5632,0.9774,1.5406
4022.0,0.7389,1.0085,1.7473999999999998
4023.0,0.647,0.968,1.615
4024.0,0.5421,1.0071,1.5492000000000001
4025.0,0.5203,0.9893,1.5095999999999998
4026.0,0.5852,0.9958,1.581
4027.0,0.5915,0.9913,1.5828
4028.0,0.4887,0.9905,1.4792
4029.0,0.5705,0.9834,1.5539
4030.0,0.539,0.9692,1.5082
4031.0,0.6133,0.9579,1.5712
4032.0,0.1222,0.8304,0.9526
4033.0,0.8112,0.9833,1.7945
4034.0,0.5161,0.9949,1.5110000000000001
4035.0,0.6356,1.0063,1.6419000000000001
4036.0,0.6051,0.9833,1.5884
4037.0,0.6589,0.9901,1.649
4038.0,0.731,0.9768,1.7078
4039.0,0.6475,0.9925,1.6400000000000001
4040.0,0.4543,0.9809,1.4352
4041.0,0.6967,0.9688,1.6655
4042.0,0.6019,0.9912,1.5931
4043.0,0.5863,0.9899,1.5762
4044.0,0.6047,0.9832,1.5878999999999999
4045.0,0.4682,0.995,1.4632
4046.0,0.0052,0.9862,0.9914
4047.0,0.9445,0.9849,1.9294
4048.0,0.5806,1.0369,1.6175
4049.0,0.5561,1.0638,1.6199000000000001
4050.0,0.5864,1.0298,1.6162
4051.0,0.7008,1.0264,1.7271999999999998
4052.0,0.6427,0.9878,1.6305
4053.0,0.4602,1.4435,1.9037
4054.0,0.7031,1.0112,1.7143000000000002
4055.0,0.7595,0.994,1.7534999999999998
4056.0,0.5187,1.0035,1.5222000000000002
4057.0,0.6199,0.9839,1.6038000000000001
4058.0,0.6658,1.0059,1.6717
4059.0,0.7618,0.9795,1.7413
4060.0,0.751,0.7165,1.4675
4061.0,0.5324,0.9967,1.5291000000000001
4062.0,0.659,1.0031,1.6621000000000001
4063.0,0.5443,1.0104,1.5547
4064.0,0.5142,0.9934,1.5076
4065.0,0.4957,0.9969,1.4926
4066.0,0.5867,1.006,1.5927
4067.0,0.6,0.9652,1.5652
4068.0,0.9351,1.0081,1.9432
4069.0,0.5509,1.0033,1.5542
4070.0,0.5394,1.0045,1.5438999999999998
4071.0,0.6471,0.9744,1.6215000000000002
4072.0,0.524,1.0002,1.5242
4073.0,0.5045,0.9809,1.4853999999999998
4074.0,0.3065,0.77,1.0765
4075.0,0.7619,0.9862,1.7481
4076.0,0.6292,0.9893,1.6185
4077.0,0.674,0.9855,1.6595
4078.0,0.6724,0.965,1.6374
4079.0,0.7234,1.0036,1.727
4080.0,0.4869,0.969,1.4559
4081.0,0.5908,0.969,1.5598
4082.0,0.5612,0.9825,1.5437
4083.0,0.5788,0.9851,1.5638999999999998
4084.0,0.6105,0.9977,1.6082
4085.0,0.5209,1.0009,1.5217999999999998
4086.0,0.6754,0.983,1.6583999999999999
4087.0,0.4844,0.9751,1.4595
4088.0,0.101,0.8193,0.9203
4089.0,0.6423,0.9909,1.6332
4090.0,0.7065,1.0184,1.7248999999999999
4091.0,0.5506,0.9948,1.5453999999999999
4092.0,0.4841,0.9881,1.4722
4093.0,0.5467,1.0002,1.5469
4094.0,0.713,0.9653,1.6783000000000001
4095.0,0.6295,1.0003,1.6298
4096.0,0.6716,0.9805,1.6521
4097.0,0.6084,0.9864,1.5948000000000002
4098.0,0.823,0.9615,1.7845
4099.0,0.65,1.0275,1.6775000000000002
4100.0,0.5323,1.0048,1.5371
4101.0,0.5393,0.9975,1.5368
4102.0,0.1472,0.7165,0.8637
4103.0,0.5972,0.9939,1.5911
4104.0,0.5252,0.9979,1.5231
4105.0,0.8992,1.0036,1.9028
4106.0,0.7886,1.0073,1.7959
4107.0,0.5262,0.9976,1.5238
4108.0,0.5958,0.9858,1.5816
4109.0,0.5753,0.9911,1.5664
4110.0,0.5465,0.9836,1.5301
4111.0,0.6137,1.0061,1.6198000000000001
4112.0,1.1493,0.9833,2.1326
4113.0,0.4801,1.0044,1.4845
4114.0,0.62,0.9855,1.6055000000000001
4115.0,0.5608,0.9948,1.5556
4116.0,0.0002,0.9555,0.9557
4117.0,0.5473,0.9708,1.5181
4118.0,0.4635,0.9886,1.4521000000000002
4119.0,0.5558,1.0061,1.5619
4120.0,0.4868,0.9573,1.4441000000000002
4121.0,0.7923,0.967,1.7593
4122.0,0.691,0.9746,1.6656
4123.0,0.8398,0.9912,1.831
4124.0,0.5629,0.9902,1.5531
4125.0,0.6396,0.9708,1.6103999999999998
4126.0,0.5256,0.9843,1.5099
4127.0,0.5803,0.9805,1.5608
4128.0,0.6767,0.9964,1.6730999999999998
4129.0,0.5881,0.9777,1.5657999999999999
4130.0,0.0082,1.4474,1.4556
4131.0,0.6998,0.986,1.6858
4132.0,0.5281,0.995,1.5231
4133.0,0.558,0.9945,1.5525000000000002
4134.0,0.5226,0.9902,1.5128
4135.0,0.4916,0.9608,1.4524
4136.0,0.5216,0.9791,1.5007
4137.0,0.5701,0.9709,1.541
4138.0,0.579,0.9825,1.5615
4139.0,0.6729,0.9997,1.6726
4140.0,0.6722,0.9842,1.6564
4141.0,0.4869,0.9781,1.4649999999999999
4142.0,0.4899,0.9978,1.4877
4143.0,0.4927,0.945,1.4377
4144.0,0.0371,1.1645,1.2016
4145.0,0.5651,1.0078,1.5729000000000002
4146.0,0.7506,1.0499,1.8005
4147.0,0.578,1.026,1.604
4148.0,0.4904,1.0551,1.5454999999999999
4149.0,0.6734,1.013,1.6864
4150.0,0.7602,1.0131,1.7732999999999999
4151.0,0.6006,0.9682,1.5688
4152.0,0.4985,0.9908,1.4893
4153.0,0.6021,1.0007,1.6027999999999998
4154.0,0.748,1.0112,1.7592
4155.0,0.5149,1.0046,1.5194999999999999
4156.0,0.6539,0.9813,1.6352
4157.0,0.6778,1.0029,1.6806999999999999
4158.0,0.752,0.8603,1.6122999999999998
4159.0,0.5652,1.0254,1.5906000000000002
4160.0,0.557,0.9908,1.5478
4161.0,0.5898,0.9721,1.5619
4162.0,0.7737,0.9927,1.7664
4163.0,0.5649,0.9903,1.5552
4164.0,0.4666,0.9936,1.4602
4165.0,0.5059,1.0231,1.529
4166.0,0.5531,1.0205,1.5735999999999999
4167.0,1.1425,0.9975,2.14
4168.0,0.6425,1.0032,1.6457000000000002
4169.0,0.8002,0.993,1.7932000000000001
4170.0,0.5597,0.9933,1.553
4171.0,0.5252,1.0057,1.5309
4172.0,0.1676,0.5728,0.7404
4173.0,0.7656,0.9937,1.7593
4174.0,0.7403,1.0077,1.748
4175.0,0.7229,1.0014,1.7243
4176.0,1.1012,0.99,2.0911999999999997
4177.0,0.6389,0.9883,1.6272
4178.0,0.4826,0.9904,1.4729999999999999
4179.0,0.7318,0.9728,1.7046000000000001
4180.0,0.5015,1.0016,1.5030999999999999
4181.0,0.7735,0.9788,1.7523
4182.0,0.8006,0.9767,1.7772999999999999
4183.0,0.5094,0.9891,1.4985
4184.0,0.5497,1.0097,1.5594000000000001
4185.0,0.6199,0.9673,1.5872000000000002
4186.0,0.3147,1.2816,1.5963
4187.0,0.5284,0.9922,1.5206
4188.0,0.6632,0.9889,1.6521
4189.0,0.5355,0.9848,1.5203
4190.0,0.6868,0.9664,1.6532
4191.0,0.5168,0.9754,1.4922
4192.0,0.8547,1.0025,1.8572
4193.0,0.6839,0.9758,1.6597
4194.0,0.5186,0.9653,1.4839
4195.0,0.5887,0.9609,1.5495999999999999
4196.0,0.6027,0.9942,1.5969
4197.0,0.7138,0.9617,1.6755
4198.0,0.5579,0.985,1.5429
4199.0,0.5799,0.9933,1.5732
4200.0,0.6737,0.8141,1.4878
4201.0,0.5945,0.9708,1.5653000000000001
4202.0,0.6206,0.9889,1.6095000000000002
4203.0,0.5272,0.9966,1.5238
4204.0,0.4488,0.9954,1.4442
4205.0,0.5297,0.9781,1.5078
4206.0,0.7243,0.9971,1.7214
4207.0,0.6632,0.9793,1.6425
4208.0,0.5041,0.9678,1.4719
4209.0,0.5757,0.9819,1.5575999999999999
4210.0,0.7108,0.9887,1.6995
4211.0,0.7304,0.9744,1.7048
4212.0,0.5699,0.9682,1.5381
4213.0,0.7163,0.969,1.6853
4214.0,1.1073,1.4314,2.5387
4215.0,0.6321,0.9865,1.6186
4216.0,0.7039,0.9957,1.6996
4217.0,0.6763,0.9904,1.6667
4218.0,0.5374,0.995,1.5324
4219.0,0.7273,1.0021,1.7294
4220.0,0.9058,1.0082,1.9140000000000001
4221.0,0.7257,1.0232,1.7489000000000001
4222.0,0.8209,0.9889,1.8098
4223.0,0.7107,0.9902,1.7008999999999999
4224.0,0.591,1.0131,1.6040999999999999
4225.0,0.6285,1.0397,1.6682000000000001
4226.0,0.6245,0.9982,1.6227
4227.0,0.5536,1.0027,1.5562999999999998
4228.0,3.2258,0.8953,4.1211
4229.0,0.8197,1.0298,1.8495
4230.0,0.5777,1.0258,1.6035
4231.0,0.6302,1.0062,1.6364
4232.0,0.6663,1.0284,1.6947
4233.0,0.8121,1.0139,1.826
4234.0,0.7321,1.0048,1.7368999999999999
4235.0,0.624,0.999,1.623
4236.0,0.5372,0.9726,1.5098
4237.0,0.6486,0.9994,1.648
4238.0,0.6032,0.9913,1.5945
4239.0,0.554,0.9948,1.5488
4240.0,0.6213,0.9936,1.6149
4241.0,0.7377,1.0006,1.7383
4242.0,0.3176,1.3813,1.6989
4243.0,1.0108,1.1252,2.136
4244.0,0.6606,0.9934,1.654
4245.0,0.5644,1.0099,1.5743
4246.0,0.7731,0.9908,1.7639
4247.0,0.5741,1.0072,1.5813000000000001
4248.0,0.5991,1.0037,1.6028
4249.0,0.5776,0.9826,1.5602
4250.0,0.5899,0.999,1.5889
4251.0,0.5114,0.9824,1.4938
4252.0,0.5018,0.9917,1.4935
4253.0,0.7931,0.9841,1.7772000000000001
4254.0,0.7213,0.9941,1.7154
4255.0,0.6412,0.9534,1.5946
4256.0,0.0,1.0383,1.0383
4257.0,0.5451,0.9772,1.5223
4258.0,0.5339,0.9743,1.5082
4259.0,0.5666,0.9755,1.5421
4260.0,0.6324,0.983,1.6154
4261.0,0.528,0.9752,1.5032
4262.0,0.7459,0.99,1.7359
4263.0,0.5296,0.9736,1.5032
4264.0,0.4916,0.9924,1.484
4265.0,0.5952,0.9776,1.5728
4266.0,0.6403,0.995,1.6353
4267.0,0.5824,0.9916,1.574
4268.0,0.5741,0.9766,1.5507
4269.0,0.7806,0.9753,1.7559
4270.0,0.2512,0.5219,0.7731
4271.0,0.7784,0.9878,1.7662
4272.0,0.5089,0.9954,1.5043
4273.0,0.6356,1.0085,1.6441
4274.0,0.7561,0.9648,1.7208999999999999
4275.0,0.5447,0.9966,1.5413000000000001
4276.0,0.5198,0.9964,1.5162
4277.0,0.5524,1.0011,1.5535
4278.0,0.6153,0.9921,1.6074
4279.0,0.7389,0.9861,1.725
4280.0,0.6624,0.9915,1.6539000000000001
4281.0,0.6715,0.9863,1.6578
4282.0,0.6165,0.9904,1.6069
4283.0,0.6487,1.0066,1.6553
4284.0,0.016,0.9017,0.9177
4285.0,0.6569,1.0033,1.6602000000000001
4286.0,0.5843,1.0007,1.585
4287.0,0.5735,0.9774,1.5509
4288.0,0.5803,0.9845,1.5648
4289.0,0.5862,0.9842,1.5704
4290.0,0.8943,0.9812,1.8755
4291.0,0.6155,0.9852,1.6007
4292.0,0.6015,0.9831,1.5846
4293.0,0.5354,0.9762,1.5116
4294.0,0.6338,0.9963,1.6301
4295.0,0.5944,0.985,1.5794000000000001
4296.0,0.5788,0.9924,1.5712
4297.0,0.6155,0.9852,1.6007
4298.0,0.0036,0.3543,0.3579
4299.0,0.7628,0.9828,1.7456
4300.0,0.7272,1.0001,1.7273
4301.0,0.6396,1.0006,1.6401999999999999
4302.0,0.5687,1.0042,1.5729
4303.0,0.711,1.0066,1.7176
4304.0,0.5437,1.0207,1.5644
4305.0,0.6096,0.9897,1.5993
4306.0,0.5526,0.977,1.5295999999999998
4307.0,0.5236,1.0012,1.5248
4308.0,0.6669,1.0051,1.6720000000000002
4309.0,0.4622,0.9905,1.4527
4310.0,0.4821,1.0001,1.4822
4311.0,0.8711,0.9962,1.8673
4312.0,0.3045,0.7309,1.0354
4313.0,0.4813,0.9885,1.4698
4314.0,0.5804,1.0242,1.6046
4315.0,0.5073,1.0231,1.5303999999999998
4316.0,0.6988,1.0018,1.7006000000000001
4317.0,0.5476,0.975,1.5226
4318.0,0.6123,1.0011,1.6134
4319.0,0.8255,0.9785,1.804
4320.0,0.5858,0.9989,1.5847
4321.0,0.764,0.9758,1.7398
4322.0,0.6521,1.0116,1.6637
4323.0,0.61,0.9903,1.6002999999999998
4324.0,0.486,0.9818,1.4678
4325.0,0.568,0.9818,1.5497999999999998
4326.0,0.3048,0.6487,0.9535
4327.0,0.5852,0.9919,1.5771000000000002
4328.0,0.4913,0.999,1.4903
4329.0,0.7864,1.0302,1.8166
4330.0,0.5491,0.9939,1.5430000000000001
4331.0,0.5984,0.993,1.5914000000000001
4332.0,0.6669,0.9771,1.6440000000000001
4333.0,0.6181,0.9918,1.6099
4334.0,0.7181,0.987,1.7050999999999998
4335.0,0.5867,0.9852,1.5718999999999999
4336.0,0.5129,0.9961,1.509
4337.0,0.4988,0.9809,1.4797
4338.0,0.5616,0.9885,1.5501
4339.0,0.5503,1.0111,1.5614000000000001
4340.0,0.0652,0.4496,0.5148
4341.0,0.5974,0.9904,1.5878
4342.0,0.6415,0.9882,1.6297
4343.0,0.6618,1.0104,1.6722000000000001
4344.0,0.6656,0.984,1.6496
4345.0,0.6011,0.9761,1.5772
4346.0,0.5886,1.0036,1.5922
4347.0,0.5686,1.0073,1.5759
4348.0,0.6129,0.9822,1.5951
4349.0,0.5395,1.0339,1.5734
4350.0,0.516,0.9853,1.5013
4351.0,0.6595,0.9887,1.6482
4352.0,0.5422,1.0127,1.5549
4353.0,0.6578,0.9858,1.6436000000000002
4354.0,0.3038,1.1627,1.4665000000000001
4355.0,0.6271,0.9759,1.603
4356.0,0.591,0.9782,1.5692
4357.0,0.6287,0.9886,1.6173000000000002
4358.0,0.9799,0.9805,1.9604
4359.0,0.68,0.9849,1.6649
4360.0,0.4975,1.0086,1.5061
4361.0,0.5067,1.0003,1.5070000000000001
4362.0,0.6128,0.9751,1.5878999999999999
4363.0,0.5597,0.9716,1.5312999999999999
4364.0,0.5039,0.9856,1.4895
4365.0,0.5119,0.9934,1.5053
4366.0,0.6454,0.9967,1.6421000000000001
4367.0,0.5642,0.9888,1.553
4368.0,11.7181,0.4372,12.1553
4369.0,0.634,0.9765,1.6105
4370.0,0.4603,1.025,1.4852999999999998
4371.0,0.4679,0.9861,1.454
4372.0,0.5581,0.9655,1.5236
4373.0,0.585,0.9751,1.5600999999999998
4374.0,0.5854,0.9599,1.5453000000000001
4375.0,0.574,0.9953,1.5693
4376.0,0.5593,0.9758,1.5351
4377.0,0.6128,0.9928,1.6056
4378.0,0.5787,0.9801,1.5588
4379.0,0.5559,0.9779,1.5337999999999998
4380.0,0.5266,1.0006,1.5272
4381.0,0.5049,0.9992,1.5041
4382.0,0.2301,1.2694,1.4995
4383.0,0.5305,1.0001,1.5306
4384.0,0.5555,0.9641,1.5196
4385.0,0.5596,0.9647,1.5243
4386.0,0.6702,0.9881,1.6583
4387.0,0.5631,0.9837,1.5468000000000002
4388.0,0.521,0.9725,1.4935
4389.0,0.571,0.9832,1.5541999999999998
4390.0,0.6768,0.9691,1.6459
4391.0,0.5506,1.0052,1.5558
4392.0,0.561,0.9572,1.5182000000000002
4393.0,0.6861,0.9743,1.6604
4394.0,0.6243,0.9521,1.5764
4395.0,0.5225,0.975,1.4975
4396.0,0.9985,0.6741,1.6726
4397.0,0.5187,0.9777,1.4964
4398.0,0.5989,0.9728,1.5716999999999999
4399.0,0.6122,0.9736,1.5857999999999999
4400.0,0.6741,0.9894,1.6635
4401.0,0.5658,0.9808,1.5466
4402.0,0.5321,0.9756,1.5077
4403.0,0.5336,0.9838,1.5173999999999999
4404.0,0.6074,0.9696,1.577
4405.0,0.6416,0.9897,1.6313
4406.0,0.5809,0.9867,1.5676
4407.0,0.5655,0.9876,1.5531000000000001
4408.0,0.9337,1.0102,1.9439
4409.0,0.5131,0.9631,1.4762
4410.0,2.1604,0.7828,2.9432
4411.0,0.5322,0.9809,1.5131000000000001
4412.0,0.5964,0.9755,1.5719
4413.0,0.6676,0.9593,1.6269
4414.0,0.5127,0.9996,1.5123000000000002
4415.0,0.5561,0.9824,1.5385
4416.0,0.78,0.9763,1.7563
4417.0,0.6006,0.993,1.5936
4418.0,0.6794,0.9866,1.666
4419.0,0.5322,0.9737,1.5059
4420.0,0.5957,0.9917,1.5874000000000001
4421.0,0.3917,0.9835,1.3752
4422.0,0.5931,0.97,1.5631
4423.0,0.537,0.9656,1.5026000000000002
4424.0,0.0034,1.0838,1.0872000000000002
4425.0,0.6053,0.9563,1.5615999999999999
4426.0,0.4838,0.9808,1.4646
4427.0,0.6396,0.9927,1.6322999999999999
4428.0,0.5142,0.9818,1.496
4429.0,0.4486,1.0027,1.4512999999999998
4430.0,0.5969,0.994,1.5909
4431.0,0.695,1.0008,1.6957999999999998
4432.0,0.5459,0.9798,1.5257
4433.0,0.5775,0.9679,1.5453999999999999
4434.0,0.9551,0.9754,1.9304999999999999
4435.0,0.5216,0.9798,1.5013999999999998
4436.0,0.6132,0.9725,1.5857
4437.0,0.552,0.985,1.537
4438.0,0.3587,1.5984,1.9571
4439.0,0.5277,0.975,1.5027
4440.0,0.5437,0.9749,1.5186
4441.0,0.7263,1.0018,1.7281
4442.0,0.548,0.9704,1.5184000000000002
4443.0,0.4801,0.9743,1.4544000000000001
4444.0,0.4969,1.0056,1.5025
4445.0,0.6844,0.9895,1.6739000000000002
4446.0,0.6658,0.97,1.6358
4447.0,0.4941,0.9741,1.4682
4448.0,0.4676,0.9449,1.4125
4449.0,0.6557,0.9687,1.6244
4450.0,0.7881,0.9724,1.7605
4451.0,0.6206,0.9918,1.6124
4452.0,0.1471,0.8663,1.0133999999999999
4453.0,0.7232,0.9605,1.6837
4454.0,0.5697,0.9609,1.5306
4455.0,0.6112,0.9562,1.5674000000000001
4456.0,0.5355,0.9662,1.5017
4457.0,0.6667,0.9727,1.6394
4458.0,0.5423,0.9714,1.5137
4459.0,0.5072,0.9709,1.4781
4460.0,0.669,0.95,1.619
4461.0,0.6049,0.9884,1.5933
4462.0,0.4896,0.9813,1.4708999999999999
4463.0,0.7597,0.9813,1.741
4464.0,0.5946,0.9746,1.5692
4465.0,0.432,0.9763,1.4082999999999999
4466.0,0.6348,0.6442,1.279
4467.0,0.6999,0.9518,1.6517
4468.0,0.9383,0.9723,1.9106
4469.0,0.5669,0.9523,1.5192
4470.0,0.8663,0.9716,1.8378999999999999
4471.0,0.5481,0.9731,1.5211999999999999
4472.0,0.7566,0.9578,1.7144
4473.0,0.5741,0.9764,1.5505
4474.0,0.4524,0.9558,1.4082
4475.0,0.5695,0.953,1.5225
4476.0,0.544,0.9674,1.5114
4477.0,0.4593,0.9452,1.4045
4478.0,0.5499,0.9618,1.5117
4479.0,0.8292,0.964,1.7932000000000001
4480.0,0.0848,0.7949,0.8797
4481.0,0.5662,0.9792,1.5453999999999999
4482.0,0.5386,0.972,1.5106
4483.0,0.496,0.964,1.46
4484.0,0.6239,0.9533,1.5772
4485.0,0.5481,0.9731,1.5211999999999999
4486.0,0.6767,0.964,1.6406999999999998
4487.0,0.5802,0.9722,1.5524
4488.0,0.8316,0.983,1.8146
4489.0,0.5362,0.9849,1.5211000000000001
4490.0,0.5608,0.9619,1.5227
4491.0,0.5017,0.9603,1.4620000000000002
4492.0,0.5561,0.9746,1.5307
4493.0,0.5895,0.9431,1.5326
4494.0,0.0608,0.7909,0.8517
4495.0,0.5579,0.9746,1.5325
4496.0,0.5368,0.9637,1.5005000000000002
4497.0,0.5016,0.9924,1.494
4498.0,0.5364,0.9602,1.4966
4499.0,0.5408,0.9573,1.4981
4500.0,0.5692,0.9547,1.5239
4501.0,0.5764,0.9643,1.5407000000000002
4502.0,0.7064,0.9763,1.6827
4503.0,0.5982,1.1801,1.7782999999999998
4504.0,0.4901,0.9789,1.4689999999999999
4505.0,0.5628,0.9425,1.5053
4506.0,0.6654,0.9336,1.599
4507.0,0.5407,0.9438,1.4845
4508.0,0.026,1.0243,1.0503
4509.0,0.8066,0.9773,1.7839
4510.0,0.6883,0.9499,1.6381999999999999
4511.0,0.7336,0.9433,1.6769
4512.0,0.6158,0.9539,1.5697
4513.0,0.5167,0.9582,1.4749
4514.0,0.552,0.9532,1.5052
4515.0,0.5422,0.955,1.4971999999999999
4516.0,0.6642,0.9679,1.6320999999999999
4517.0,0.5664,0.9403,1.5067
4518.0,0.7504,0.9826,1.733
4519.0,0.7003,0.9657,1.666
4520.0,0.4798,0.9546,1.4344000000000001
4521.0,0.6572,0.966,1.6232
4522.0,0.0954,0.7808,0.8762000000000001
4523.0,0.607,0.9487,1.5556999999999999
4524.0,0.6308,0.9418,1.5726
4525.0,0.5261,0.9487,1.4748
4526.0,0.6814,0.9784,1.6598000000000002
4527.0,0.5581,0.9766,1.5347
4528.0,0.5372,0.9643,1.5015
4529.0,0.5286,0.9432,1.4718
4530.0,0.5737,0.971,1.5447
4531.0,0.5791,0.9754,1.5545
4532.0,0.4628,0.9462,1.409
4533.0,0.4225,0.942,1.3645
4534.0,0.4954,0.9738,1.4692
4535.0,0.6632,1.0376,1.7008
4536.0,0.0314,0.6941,0.7255
4537.0,0.5117,0.9588,1.4705
4538.0,0.6797,0.9945,1.6742
4539.0,0.6855,0.9639,1.6494
4540.0,0.635,0.9656,1.6006
4541.0,0.5095,0.9618,1.4712999999999998
4542.0,0.6159,0.9663,1.5822
4543.0,0.5537,0.9876,1.5413000000000001
4544.0,0.589,0.9572,1.5462
4545.0,0.501,0.9715,1.4725000000000001
4546.0,0.5549,0.9664,1.5213
4547.0,0.5414,0.964,1.5053999999999998
4548.0,0.6544,0.9369,1.5913
4549.0,0.5475,0.9494,1.4969000000000001
4550.0,0.1362,1.1104,1.2466
4551.0,0.4772,0.9724,1.4496
4552.0,0.4573,0.9591,1.4163999999999999
4553.0,0.6758,0.9439,1.6197
4554.0,0.5406,0.9437,1.4843
4555.0,0.4719,0.9536,1.4255
4556.0,0.7834,0.9175,1.7008999999999999
4557.0,0.5126,0.9324,1.4449999999999998
4558.0,0.5178,0.9528,1.4706000000000001
4559.0,0.5348,0.9521,1.4868999999999999
4560.0,1.0507,0.9412,1.9919
4561.0,0.6054,0.9669,1.5723
4562.0,0.4389,0.9197,1.3586
4563.0,0.5481,0.9464,1.4945
4564.0,0.571,1.2391,1.8101
4565.0,0.624,0.9778,1.6018
4566.0,0.5983,1.0116,1.6099
4567.0,0.5459,0.9906,1.5365000000000002
4568.0,0.674,0.9618,1.6358000000000001
4569.0,0.6717,0.9693,1.641
4570.0,0.7667,0.9661,1.7328000000000001
4571.0,0.7454,0.9847,1.7301
4572.0,0.6388,0.9737,1.6125
4573.0,0.5799,0.9744,1.5543
4574.0,0.6003,0.9907,1.591
4575.0,0.4999,0.9666,1.4665
4576.0,0.5663,0.9805,1.5468000000000002
4577.0,0.5422,0.9897,1.5319
4578.0,0.0,0.6954,0.6954
4579.0,0.591,1.3566,1.9476
4580.0,0.5085,0.9797,1.4882
4581.0,0.6318,0.9988,1.6306
4582.0,0.4917,0.9722,1.4639
4583.0,0.6466,0.9849,1.6315
4584.0,0.4753,0.989,1.4643
4585.0,0.6816,0.9849,1.6665
4586.0,0.5944,0.9833,1.5777
4587.0,0.4739,0.9568,1.4306999999999999
4588.0,0.6437,0.9971,1.6408
4589.0,0.5611,0.9646,1.5257
4590.0,0.4459,0.9729,1.4188
4591.0,0.5817,0.9786,1.5603
4592.0,0.1767,0.7135,0.8902
4593.0,0.4645,0.9817,1.4462000000000002
4594.0,0.6091,0.9859,1.595
4595.0,0.5646,0.9725,1.5371000000000001
4596.0,0.7419,1.0093,1.7512
4597.0,0.798,1.007,1.805
4598.0,0.5704,0.9476,1.518
4599.0,0.5254,0.9576,1.483
4600.0,0.5867,0.9734,1.5601
4601.0,0.6361,0.9887,1.6248
4602.0,0.4314,0.9719,1.4033
4603.0,0.7611,0.9712,1.7323
4604.0,0.4637,0.9654,1.4291
4605.0,0.5761,0.9973,1.5734
4606.0,0.0133,0.4628,0.47609999999999997
4607.0,0.5666,0.9497,1.5163
4608.0,0.5605,0.9652,1.5257
4609.0,0.6503,0.9591,1.6094
4610.0,0.5365,0.9514,1.4879
4611.0,0.5849,0.9678,1.5527
4612.0,0.5431,0.9617,1.5048
4613.0,0.6166,0.9337,1.5503
4614.0,0.6193,0.9865,1.6058
4615.0,0.6375,0.9304,1.5678999999999998
4616.0,0.4478,0.9507,1.3984999999999999
4617.0,0.6229,0.9575,1.5804
4618.0,0.5039,0.9405,1.4444
4619.0,0.7428,0.9537,1.6965
4620.0,0.3279,2.2302,2.5581
4621.0,0.5128,0.9506,1.4634
4622.0,0.5516,0.9295,1.4811
4623.0,0.6463,0.9259,1.5722
4624.0,1.1873,0.935,2.1223
4625.0,0.5785,0.9402,1.5187
4626.0,0.5801,0.9586,1.5387
4627.0,0.7174,0.9357,1.6531
4628.0,0.7214,0.962,1.6834
4629.0,0.5584,0.9396,1.498
4630.0,0.5595,0.9378,1.4973
4631.0,0.4533,0.9321,1.3854
4632.0,0.4876,0.9479,1.4355
4633.0,0.6226,0.9501,1.5727
4634.0,0.3262,1.2007,1.5269000000000001
4635.0,0.6725,0.9255,1.5979999999999999
4636.0,0.6719,0.9398,1.6117
4637.0,0.4521,0.9292,1.3813
4638.0,0.6048,0.9588,1.5636
4639.0,0.7129,0.9386,1.6515
4640.0,0.5316,0.9324,1.464
4641.0,0.466,0.9323,1.3983
4642.0,0.5656,0.9074,1.4729999999999999
4643.0,0.6093,0.9483,1.5575999999999999
4644.0,0.5653,0.9456,1.5109
4645.0,0.4861,0.9405,1.4266
4646.0,0.8076,0.9542,1.7618
4647.0,0.4152,0.974,1.3892
4648.0,0.2074,0.6486,0.856
4649.0,0.687,0.9414,1.6284
4650.0,0.575,0.9336,1.5086
4651.0,0.7289,0.9306,1.6595
4652.0,0.548,0.9434,1.4914
4653.0,0.5081,0.9363,1.4444
4654.0,0.5428,0.9365,1.4792999999999998
4655.0,0.6403,0.9455,1.5857999999999999
4656.0,0.6271,0.9274,1.5545
4657.0,0.6328,0.9406,1.5734
4658.0,0.6001,0.9579,1.5579999999999998
4659.0,0.5612,0.9558,1.517
4660.0,0.4868,0.9237,1.4104999999999999
4661.0,0.5312,0.9302,1.4614
4662.0,0.286,0.8584,1.1444
4663.0,0.5443,0.9474,1.4917
4664.0,0.432,0.918,1.35
4665.0,0.5354,0.9304,1.4658
4666.0,0.5794,0.9224,1.5018
4667.0,0.6313,0.9546,1.5859
4668.0,0.5778,0.9274,1.5051999999999999
4669.0,0.5237,0.9318,1.4555
4670.0,0.4737,0.9356,1.4093
4671.0,0.7534,0.9534,1.7067999999999999
4672.0,0.5438,0.9448,1.4886
4673.0,0.5602,0.958,1.5182
4674.0,0.6256,0.931,1.5566
4675.0,0.9392,0.929,1.8682
4676.0,0.0106,0.4155,0.4261
4677.0,0.6242,1.533,2.1572
4678.0,0.6803,1.0382,1.7185000000000001
4679.0,0.7365,1.0074,1.7439
4680.0,0.575,0.9619,1.5369
4681.0,0.5357,0.9382,1.4739
4682.0,0.617,0.9852,1.6021999999999998
4683.0,0.5364,0.9667,1.5030999999999999
4684.0,0.4779,0.9691,1.447
4685.0,0.4871,0.9539,1.4409999999999998
4686.0,0.6658,0.9665,1.6322999999999999
4687.0,0.4697,0.96,1.4297
4688.0,0.4649,0.9608,1.4257
4689.0,0.7899,0.9289,1.7187999999999999
4690.0,1.09,2.1913,3.2813
4691.0,0.4933,0.9639,1.4572
4692.0,0.3433,0.9438,1.2871
4693.0,0.6315,0.9524,1.5838999999999999
4694.0,0.7021,0.9491,1.6512
4695.0,0.5411,0.9396,1.4807000000000001
4696.0,0.5074,0.9624,1.4698
4697.0,0.6605,0.9369,1.5974
4698.0,0.4821,0.9664,1.4485000000000001
4699.0,0.7213,0.9649,1.6862
4700.0,0.5604,0.9577,1.5181
4701.0,0.6474,0.9545,1.6019
4702.0,0.4987,0.9717,1.4704
4703.0,0.8135,0.9592,1.7727
4704.0,0.1969,1.1366,1.3335000000000001
4705.0,0.5217,0.9675,1.4892
4706.0,0.6144,0.9282,1.5426
4707.0,0.4281,0.9566,1.3847
4708.0,0.5743,0.9454,1.5197
4709.0,0.4795,0.9575,1.437
4710.0,0.5603,0.9754,1.5357
4711.0,0.8807,0.9742,1.8549
4712.0,0.5869,0.95,1.5369
4713.0,0.5805,0.9389,1.5194
4714.0,0.5918,0.9346,1.5264
4715.0,0.4558,0.9386,1.3944
4716.0,0.5647,0.9757,1.5404
4717.0,0.4764,0.9538,1.4302
4718.0,1.793,1.2035,2.9965
4719.0,0.5788,0.9817,1.5605
4720.0,0.6726,1.0128,1.6854
4721.0,0.7266,1.0011,1.7277
4722.0,0.5939,1.0041,1.5979999999999999
4723.0,0.6968,0.9901,1.6869
4724.0,0.5393,0.958,1.4973
4725.0,0.6152,1.0036,1.6188
4726.0,0.6206,0.9927,1.6133000000000002
4727.0,0.6295,0.9857,1.6152
4728.0,0.7191,0.9992,1.7183
4729.0,0.5214,0.9907,1.5121
4730.0,0.6052,0.9592,1.5644
4731.0,0.7501,0.9708,1.7208999999999999
4732.0,0.2916,0.391,0.6826000000000001
4733.0,0.5446,1.0053,1.5499
4734.0,0.7982,0.9615,1.7597
4735.0,0.5744,0.9738,1.5482
4736.0,0.5763,0.9857,1.562
4737.0,0.5904,0.9607,1.5511
4738.0,0.6369,0.9608,1.5977000000000001
4739.0,0.8378,0.9698,1.8075999999999999
4740.0,0.6858,0.9783,1.6641
4741.0,0.6567,0.9758,1.6324999999999998
4742.0,0.7327,0.9539,1.6865999999999999
4743.0,0.7526,1.0247,1.7772999999999999
4744.0,0.4778,0.963,1.4407999999999999
4745.0,0.6465,0.9818,1.6282999999999999
4746.0,0.0027,0.9004,0.9031
4747.0,0.5444,0.9651,1.5095
4748.0,0.5784,0.9794,1.5578
4749.0,0.6012,0.9665,1.5676999999999999
4750.0,0.8379,0.9543,1.7922
4751.0,0.5772,0.9483,1.5255
4752.0,0.6076,0.9469,1.5545
4753.0,0.4461,0.9748,1.4209
4754.0,0.6288,0.9332,1.562
4755.0,0.7208,0.9386,1.6594
4756.0,0.5646,0.9434,1.508
4757.0,0.5248,0.9484,1.4732
4758.0,0.5163,0.9569,1.4731999999999998
4759.0,0.5176,0.9575,1.4750999999999999
4760.0,0.1575,1.4722,1.6297
4761.0,0.6884,1.1251,1.8135
4762.0,0.4817,1.1799,1.6616
4763.0,0.76,1.0465,1.8065
4764.0,0.5858,1.0108,1.5966
4765.0,0.7163,1.0199,1.7362000000000002
4766.0,0.5089,1.0008,1.5097
4767.0,0.5796,0.9639,1.5434999999999999
4768.0,0.6064,1.0021,1.6085
4769.0,0.6666,0.9806,1.6472
4770.0,0.5712,0.962,1.5332
4771.0,0.624,1.028,1.6520000000000001
4772.0,0.6198,0.9779,1.5977000000000001
4773.0,0.7194,0.9747,1.6941000000000002
4774.0,0.3059,0.7766,1.0825
4775.0,0.558,0.9957,1.5537
4776.0,0.7463,0.9774,1.7237
4777.0,0.6749,0.9788,1.6537000000000002
4778.0,0.6138,1.0088,1.6225999999999998
4779.0,0.6052,1.0133,1.6185
4780.0,0.491,1.0132,1.5042
4781.0,0.7085,1.0006,1.7090999999999998
4782.0,0.6704,0.9948,1.6652
4783.0,0.7866,0.9926,1.7792
4784.0,0.4945,0.9641,1.4586
4785.0,0.5265,0.9868,1.5133
4786.0,0.551,0.9634,1.5144000000000002
4787.0,0.5041,0.9866,1.4907
4788.0,2.1918,0.4386,2.6304000000000003
4789.0,0.428,0.9962,1.4242
4790.0,0.7228,0.9574,1.6802000000000001
4791.0,0.6146,0.9744,1.589
4792.0,0.8318,0.9731,1.8049
4793.0,0.523,0.9796,1.5026000000000002
4794.0,0.543,0.9739,1.5169000000000001
4795.0,0.8144,0.9626,1.7770000000000001
4796.0,0.5862,0.9558,1.542
4797.0,0.5428,0.9302,1.4729999999999999
4798.0,0.6235,0.944,1.5675
4799.0,0.5491,0.9643,1.5134
4800.0,0.7074,0.9504,1.6578
4801.0,0.5513,0.9569,1.5082
4802.0,0.0104,1.0949,1.1053
4803.0,0.568,0.9567,1.5247
4804.0,0.5278,0.9512,1.479
4805.0,0.521,0.9429,1.4639
4806.0,0.5544,0.9553,1.5097
4807.0,0.5298,0.9577,1.4875
4808.0,0.596,0.9715,1.5675
4809.0,0.5549,0.9492,1.5041
4810.0,0.5804,0.9506,1.5310000000000001
4811.0,0.5163,0.9588,1.4750999999999999
4812.0,0.58,0.9482,1.5282
4813.0,0.5007,0.9326,1.4333
4814.0,0.4987,0.9363,1.435
4815.0,0.6332,0.95,1.5832
4816.0,0.6871,0.3665,1.0536
4817.0,0.8137,1.0013,1.815
4818.0,0.6926,1.0297,1.7223000000000002
4819.0,0.9274,0.9869,1.9143
4820.0,0.4983,1.0139,1.5122
4821.0,0.6166,0.9711,1.5877
4822.0,0.5805,0.9598,1.5403
4823.0,0.5818,0.9685,1.5503
4824.0,0.5129,0.9815,1.4944000000000002
4825.0,0.5517,1.0173,1.569
4826.0,0.5405,0.9969,1.5373999999999999
4827.0,0.7696,0.9978,1.7673999999999999
4828.0,0.5506,0.9944,1.545
4829.0,0.6811,0.9659,1.647
4830.0,0.019,1.2322,1.2511999999999999
4831.0,0.6792,1.0089,1.6881
4832.0,0.6273,1.0012,1.6285
4833.0,0.7104,0.9807,1.6911
4834.0,0.5465,0.9783,1.5248
4835.0,0.7241,0.9829,1.7069999999999999
4836.0,0.6142,0.9729,1.5871
4837.0,0.727,1.0074,1.7344
4838.0,0.6166,0.9638,1.5804
4839.0,0.5906,0.9758,1.5664
4840.0,0.653,0.9642,1.6172
4841.0,0.5699,0.9757,1.5455999999999999
4842.0,0.4969,0.987,1.4839
4843.0,0.9822,0.9792,1.9613999999999998
4844.0,0.2435,0.9226,1.1661
4845.0,0.5318,0.9679,1.4997
4846.0,0.5963,0.9644,1.5607000000000002
4847.0,0.5596,0.964,1.5236
4848.0,0.6141,0.9741,1.5882
4849.0,0.5689,0.9701,1.539
4850.0,0.6033,0.9741,1.5774
4851.0,0.9648,0.9407,1.9055
4852.0,0.5171,0.9624,1.4795
4853.0,0.6398,0.95,1.5897999999999999
4854.0,0.5402,0.9689,1.5091
4855.0,0.5875,0.9508,1.5383
4856.0,0.5668,0.9544,1.5211999999999999
4857.0,0.7497,0.9756,1.7253
4858.0,0.0537,0.879,0.9327
4859.0,0.5033,0.9874,1.4907
4860.0,0.5045,0.9409,1.4453999999999998
4861.0,0.5935,0.9522,1.5457
4862.0,0.7164,0.9552,1.6716000000000002
4863.0,0.5811,1.0665,1.6476
4864.0,0.5669,0.9402,1.5070999999999999
4865.0,1.076,0.9541,2.0301
4866.0,0.4868,0.955,1.4418
4867.0,0.5079,0.9407,1.4485999999999999
4868.0,0.4662,0.9637,1.4299
4869.0,0.6755,0.9807,1.6562000000000001
4870.0,0.5835,0.9877,1.5712000000000002
4871.0,0.4908,0.9407,1.4315
4872.0,0.0268,0.91,0.9368000000000001
4873.0,0.475,0.9512,1.4262000000000001
4874.0,0.556,0.9425,1.4985
4875.0,0.5064,0.9516,1.458
4876.0,0.5487,0.9566,1.5053
4877.0,0.4748,0.9481,1.4229
4878.0,0.6062,0.9445,1.5507
4879.0,0.7592,0.9517,1.7109
4880.0,0.4706,0.9425,1.4131
4881.0,0.575,0.9661,1.5411
4882.0,0.5213,0.9588,1.4801
4883.0,0.5008,0.931,1.4318
4884.0,0.545,0.9636,1.5086
4885.0,0.4351,0.9486,1.3837
4886.0,0.1621,0.7535,0.9156
4887.0,0.555,0.9346,1.4896
4888.0,0.5327,0.9928,1.5255
4889.0,0.5575,0.9727,1.5302
4890.0,0.5145,0.9651,1.4796
4891.0,0.6068,0.964,1.5708
4892.0,0.43,0.9591,1.3891
4893.0,0.528,0.9676,1.4956
4894.0,0.4884,0.9873,1.4757
4895.0,0.4828,0.9345,1.4173
4896.0,0.5563,0.9414,1.4977
4897.0,0.6035,0.9653,1.5688
4898.0,0.5822,0.9681,1.5503
4899.0,0.4707,0.96,1.4306999999999999
4900.0,0.0456,0.7524,0.7979999999999999
4901.0,0.4272,0.9522,1.3794
4902.0,0.5542,0.9554,1.5096
4903.0,0.4905,0.9874,1.4779
4904.0,0.4727,0.9735,1.4462000000000002
4905.0,0.5894,0.9316,1.521
4906.0,0.5024,0.9524,1.4548
4907.0,0.5251,0.9444,1.4695
4908.0,0.4341,0.9606,1.3947
4909.0,0.4688,0.9824,1.4512
4910.0,0.4307,0.9486,1.3793
4911.0,0.5066,0.9669,1.4735
4912.0,0.4341,0.9521,1.3861999999999999
4913.0,0.5914,0.9465,1.5379
4914.0,0.2585,0.534,0.7925
4915.0,0.5461,0.9467,1.4928
4916.0,0.5034,0.9412,1.4445999999999999
4917.0,0.5977,0.9696,1.5673
4918.0,0.6278,0.9528,1.5806
4919.0,0.646,0.9666,1.6126
4920.0,0.5607,0.9568,1.5175
4921.0,0.7198,0.9402,1.6600000000000001
4922.0,0.5214,0.9508,1.4722
4923.0,0.6113,0.9687,1.58
4924.0,0.7527,0.9467,1.6994
4925.0,0.5077,0.958,1.4657
4926.0,0.6023,0.9529,1.5552
4927.0,0.5584,0.9335,1.4919
4928.0,0.1574,0.6399,0.7973
4929.0,0.4804,0.9482,1.4286
4930.0,0.5742,0.9535,1.5277
4931.0,0.5716,0.961,1.5326
4932.0,0.5535,0.9413,1.4948000000000001
4933.0,0.6241,0.9509,1.575
4934.0,0.4016,0.9518,1.3534
4935.0,0.7629,0.9605,1.7234
4936.0,0.584,0.9343,1.5183
4937.0,0.4644,0.9498,1.4142
4938.0,0.5468,0.9388,1.4855999999999998
4939.0,0.4745,0.941,1.4155
4940.0,0.5861,0.9378,1.5238999999999998
4941.0,0.4645,0.9408,1.4053
4942.0,0.0211,1.6416,1.6626999999999998
4943.0,0.645,0.9452,1.5902
4944.0,0.4758,1.0051,1.4809
4945.0,0.4933,1.0384,1.5317
4946.0,0.4623,1.0352,1.4974999999999998
4947.0,0.4451,1.0256,1.4707000000000001
4948.0,0.6535,0.9697,1.6232
4949.0,0.4578,0.9761,1.4339
4950.0,0.5151,0.9631,1.4782
4951.0,0.5333,0.946,1.4792999999999998
4952.0,0.9617,0.9841,1.9458
4953.0,0.4344,0.9664,1.4008
4954.0,0.583,0.9527,1.5356999999999998
4955.0,0.5018,0.9715,1.4733
4956.0,0.1516,0.6066,0.7582
4957.0,0.622,0.9785,1.6005
4958.0,0.4898,0.9491,1.4389
4959.0,0.5161,0.9734,1.4895
4960.0,0.6513,0.9776,1.6289
4961.0,0.4975,0.9639,1.4614
4962.0,0.4807,0.9724,1.4531
4963.0,0.4526,0.9598,1.4123999999999999
4964.0,0.5626,0.9693,1.5319
4965.0,0.5574,0.9439,1.5013
4966.0,0.5168,0.9745,1.4913
4967.0,0.4844,0.9457,1.4301
4968.0,0.4541,0.9473,1.4014
4969.0,0.5102,0.9656,1.4758
4970.0,0.0016,1.1457,1.1473
4971.0,0.4453,0.9428,1.3881
4972.0,0.3956,1.0507,1.4463
4973.0,0.4716,1.0079,1.4795
4974.0,0.6381,0.9734,1.6115
4975.0,0.5036,0.9814,1.485
4976.0,0.5242,0.9596,1.4838
4977.0,0.5737,0.9729,1.5466
4978.0,0.5526,0.9676,1.5202
4979.0,0.6351,0.9702,1.6053
4980.0,0.5167,0.9685,1.4852
4981.0,0.6104,0.9505,1.5609000000000002
4982.0,0.4722,0.9426,1.4148
4983.0,0.5247,0.9494,1.4741
4984.0,0.1338,0.6795,0.8133
4985.0,0.5602,0.9479,1.5081
4986.0,0.5063,0.9595,1.4658
4987.0,0.425,0.9474,1.3724
4988.0,0.4722,0.9385,1.4107
4989.0,0.618,0.9666,1.5846
4990.0,0.6049,0.9296,1.5345
4991.0,0.552,0.9478,1.4998
4992.0,0.7961,0.9548,1.7509000000000001
4993.0,0.5172,0.9312,1.4484
4994.0,0.4884,0.9637,1.4521
4995.0,0.7237,0.9624,1.6861000000000002
4996.0,0.5504,0.9222,1.4726
4997.0,0.5215,0.9421,1.4636
4998.0,0.4452,1.1213,1.5665
4999.0,0.5114,0.9426,1.454
5000.0,0.553,0.9346,1.4876
5001.0,0.538,0.9456,1.4836
5002.0,0.5117,0.9487,1.4604
5003.0,0.6374,0.9545,1.5918999999999999
5004.0,0.5089,0.9147,1.4236
5005.0,0.4288,0.9572,1.3860000000000001
5006.0,0.4493,0.9516,1.4009
5007.0,0.5523,0.9251,1.4774
5008.0,0.5352,0.9382,1.4734
5009.0,0.52,0.9241,1.4441000000000002
5010.0,0.5694,0.9452,1.5146000000000002
5011.0,0.5213,0.9467,1.468
5012.0,1.3536,0.614,1.9676
5013.0,0.4749,0.9273,1.4022000000000001
5014.0,0.5358,0.9537,1.4895
5015.0,0.5846,0.9465,1.5311
5016.0,0.5037,0.9452,1.4489
5017.0,0.5279,0.9422,1.4701
5018.0,0.7137,0.9754,1.6891
5019.0,0.5657,0.9684,1.5341
5020.0,0.9669,0.9598,1.9266999999999999
5021.0,0.594,0.953,1.547
5022.0,0.6816,0.9457,1.6273
5023.0,0.6079,0.9553,1.5632000000000001
5024.0,0.5282,0.9631,1.4912999999999998
5025.0,0.7077,0.9479,1.6556
5026.0,0.2264,0.8005,1.0269
5027.0,0.5523,0.9445,1.4968
5028.0,0.6361,0.9666,1.6027
5029.0,0.6191,0.9485,1.5676
5030.0,0.5171,0.9539,1.471
5031.0,0.5286,0.9428,1.4714
5032.0,0.7911,0.9834,1.7745000000000002
5033.0,0.4951,0.979,1.4741
5034.0,0.4643,0.9396,1.4039
5035.0,0.5508,0.9419,1.4927
5036.0,0.5994,0.9378,1.5372
5037.0,0.4497,0.9366,1.3862999999999999
5038.0,0.5306,0.9551,1.4857
5039.0,0.4613,0.9424,1.4037
5040.0,0.1208,0.4352,0.5559999999999999
5041.0,0.6422,0.962,1.6042
5042.0,0.6194,0.9454,1.5648
5043.0,0.6865,0.9659,1.6524
5044.0,0.681,0.9357,1.6167
5045.0,0.6066,0.9461,1.5527000000000002
5046.0,0.5714,0.9306,1.502
5047.0,0.6624,0.9434,1.6058
5048.0,0.5128,0.9247,1.4375
5049.0,0.5916,0.941,1.5326
5050.0,0.4816,0.9397,1.4213
5051.0,0.6705,0.9275,1.5979999999999999
5052.0,0.7012,0.9353,1.6365
5053.0,0.5183,0.9477,1.466
5054.0,0.9584,0.6224,1.5808
5055.0,0.6643,0.9633,1.6276000000000002
5056.0,0.6712,0.9877,1.6589
5057.0,0.5339,1.0178,1.5517
5058.0,0.5877,0.9582,1.5459
5059.0,0.7068,0.9619,1.6686999999999999
5060.0,0.6145,0.967,1.5815000000000001
5061.0,0.8364,0.9657,1.8021
5062.0,0.6493,0.984,1.6333
5063.0,0.66,0.9517,1.6117
5064.0,0.5187,0.9427,1.4614
5065.0,0.6456,0.9518,1.5974
5066.0,0.6331,0.9644,1.5975000000000001
5067.0,0.7408,0.9677,1.7085
5068.0,0.0063,1.3261,1.3324
5069.0,0.5133,0.9469,1.4602
5070.0,0.5543,0.9599,1.5142
5071.0,0.4603,0.9614,1.4217
5072.0,0.5935,0.9401,1.5336
5073.0,0.4614,0.9436,1.405
5074.0,0.5713,0.9624,1.5337
5075.0,0.4913,0.9423,1.4336
5076.0,0.6982,0.9417,1.6399
5077.0,0.7438,0.9623,1.7061000000000002
5078.0,0.5949,0.9637,1.5586
5079.0,0.9051,0.9272,1.8323
5080.0,0.5875,0.9764,1.5639
5081.0,0.5021,0.9446,1.4466999999999999
5082.0,0.495,0.4132,0.9082
5083.0,0.897,0.9863,1.8833
5084.0,0.5975,0.967,1.5645
5085.0,0.9848,0.9807,1.9655
5086.0,0.9106,0.9674,1.8780000000000001
5087.0,0.6279,0.948,1.5758999999999999
5088.0,0.5825,0.9256,1.5081
5089.0,0.6242,0.9786,1.6028
5090.0,0.6169,0.989,1.6059
5091.0,0.5891,0.9672,1.5562999999999998
5092.0,0.8578,0.9362,1.794
5093.0,0.5067,0.956,1.4627
5094.0,0.5187,0.9461,1.4648
5095.0,0.4217,0.9539,1.3756
5096.0,0.2527,0.9707,1.2234
5097.0,0.5704,0.9621,1.5325
5098.0,0.5814,0.9399,1.5213
5099.0,0.6323,0.9513,1.5836000000000001
5100.0,0.6558,0.9693,1.6251000000000002
5101.0,0.452,0.9522,1.4042000000000001
5102.0,0.5597,0.9282,1.4879
5103.0,0.4905,0.9427,1.4332
5104.0,0.5564,0.9461,1.5025
5105.0,0.6526,0.9493,1.6019
5106.0,0.4427,0.948,1.3906999999999998
5107.0,0.5075,0.935,1.4425
5108.0,0.6621,0.9483,1.6104
5109.0,0.4517,0.9454,1.3971
5110.0,0.4,0.7966,1.1966
5111.0,0.6442,0.9547,1.5989
5112.0,0.5339,0.9719,1.5058
5113.0,0.6283,0.9765,1.6048
5114.0,0.5814,0.9968,1.5782
5115.0,1.118,0.9708,2.0888
5116.0,0.6419,0.9059,1.5478
5117.0,0.4927,0.9598,1.4525000000000001
5118.0,0.73,0.9911,1.7210999999999999
5119.0,0.4693,0.9872,1.4565
5120.0,0.6883,0.9429,1.6312
5121.0,0.5633,0.9661,1.5293999999999999
5122.0,0.5666,0.9453,1.5119
5123.0,0.6579,0.9799,1.6378
5124.0,0.7424,0.7754,1.5177999999999998
5125.0,0.6601,0.9489,1.609
5126.0,0.4772,0.9829,1.4601
5127.0,0.6727,0.9758,1.6484999999999999
5128.0,0.7635,0.9704,1.7339
5129.0,0.4491,0.9744,1.4235
5130.0,0.8436,0.9723,1.8159
5131.0,0.8071,0.9569,1.764
5132.0,0.4585,0.9724,1.4309
5133.0,0.7091,0.9707,1.6798
5134.0,0.5108,0.9661,1.4769
5135.0,0.5915,0.9471,1.5386000000000002
5136.0,0.6562,0.9347,1.5909
5137.0,0.7062,0.9628,1.669
5138.0,0.1824,0.9223,1.1047
5139.0,0.4738,0.9716,1.4454
5140.0,0.623,0.9619,1.5849
5141.0,0.5045,0.9454,1.4499
5142.0,0.477,0.9522,1.4292
5143.0,0.4384,0.9638,1.4022000000000001
5144.0,0.4475,0.9206,1.3681
5145.0,0.6078,0.968,1.5758
5146.0,0.5448,0.969,1.5137999999999998
5147.0,0.5363,0.965,1.5013
5148.0,0.9197,0.9414,1.8611
5149.0,0.8185,0.9406,1.7591
5150.0,0.9644,0.9568,1.9212
5151.0,0.5208,0.9592,1.48
5152.0,0.3902,0.8855,1.2757
5153.0,0.6751,0.9545,1.6296
5154.0,0.5656,0.9444,1.51
5155.0,0.5751,0.9578,1.5329
5156.0,0.5748,0.936,1.5108000000000001
5157.0,0.63,0.9607,1.5907
5158.0,0.5276,0.9409,1.4685
5159.0,0.645,0.9439,1.5889
5160.0,0.7325,0.9334,1.6659000000000002
5161.0,0.5734,0.9434,1.5168
5162.0,0.6057,0.9473,1.553
5163.0,0.5083,0.9487,1.4569999999999999
5164.0,0.5754,0.951,1.5264
5165.0,0.4766,0.9377,1.4143
5166.0,0.2608,0.3473,0.6081
5167.0,0.4732,0.946,1.4192
5168.0,0.6875,0.9361,1.6236000000000002
5169.0,0.5545,0.9619,1.5164
5170.0,0.5828,0.9401,1.5229
5171.0,0.491,0.9359,1.4268999999999998
5172.0,0.4732,0.9339,1.4071
5173.0,0.7813,0.921,1.7023000000000001
5174.0,0.6335,0.9628,1.5962999999999998
5175.0,0.5875,0.9441,1.5316
5176.0,0.6366,0.941,1.5776
5177.0,0.601,0.9577,1.5587
5178.0,0.5441,0.9304,1.4745
5179.0,0.6278,0.946,1.5737999999999999
5180.0,0.2638,0.6956,0.9594
5181.0,0.5434,0.9205,1.4639
5182.0,0.5834,0.9305,1.5139
5183.0,0.8035,0.9427,1.7462
5184.0,0.534,0.9461,1.4801000000000002
5185.0,0.5677,0.9319,1.4996
5186.0,0.5629,0.9276,1.4905
5187.0,0.5632,0.9358,1.499
5188.0,0.4194,0.9275,1.3469
5189.0,0.5791,0.9289,1.508
5190.0,0.4431,0.9461,1.3892
5191.0,0.5706,0.9322,1.5028000000000001
5192.0,0.6127,0.9063,1.5190000000000001
5193.0,0.4289,0.953,1.3819
5194.0,0.0697,0.3849,0.4546
5195.0,0.5481,0.9469,1.495
5196.0,0.5863,0.948,1.5343
5197.0,0.634,0.9655,1.5995
5198.0,0.6081,0.9427,1.5508
5199.0,0.7394,0.9374,1.6768
5200.0,0.6409,0.9428,1.5836999999999999
5201.0,0.4327,0.9336,1.3662999999999998
5202.0,0.5892,0.9526,1.5417999999999998
5203.0,0.4561,0.9411,1.3972
5204.0,0.4066,0.9362,1.3428
5205.0,0.4846,0.9482,1.4328
5206.0,0.515,0.947,1.462
5207.0,0.4245,0.9341,1.3586
5208.0,0.0013,0.8669,0.8682
5209.0,0.5962,0.9217,1.5179
5210.0,0.5544,0.9652,1.5196
5211.0,0.5678,0.9241,1.4919
5212.0,0.7314,0.9272,1.6586
5213.0,0.5311,0.9406,1.4717
5214.0,0.5054,0.9625,1.4679
5215.0,0.496,0.9382,1.4342000000000001
5216.0,0.5426,0.9484,1.491
5217.0,0.6073,0.9225,1.5297999999999998
5218.0,0.4362,0.9629,1.3991
5219.0,0.794,0.9582,1.7522000000000002
5220.0,0.5983,0.9364,1.5347
5221.0,0.5947,0.9402,1.5349
5222.0,0.1607,1.4179,1.5786
5223.0,0.5152,0.953,1.4682
5224.0,0.5854,0.9568,1.5422
5225.0,0.6069,0.9335,1.5404
5226.0,0.6157,0.9248,1.5405
5227.0,0.5155,0.9301,1.4456
5228.0,0.506,0.9614,1.4674
5229.0,0.4836,0.9252,1.4088
5230.0,0.5815,0.929,1.5105
5231.0,0.4558,0.9455,1.4013
5232.0,0.4338,0.9225,1.3563
5233.0,0.6056,0.9591,1.5647
5234.0,0.6414,0.9386,1.58
5235.0,0.6035,0.947,1.5505
5236.0,0.1855,0.686,0.8715
5237.0,0.5755,0.9413,1.5168
5238.0,0.5288,0.9336,1.4624000000000001
5239.0,0.5977,0.9315,1.5292
5240.0,0.5207,0.9147,1.4354
5241.0,0.6444,0.9486,1.593
5242.0,0.4967,0.9473,1.444
5243.0,0.5688,0.9412,1.51
5244.0,0.5581,0.9433,1.5014
5245.0,0.5964,0.9463,1.5427
5246.0,0.7364,0.9443,1.6807
5247.0,0.545,0.9289,1.4739
5248.0,0.6033,0.929,1.5323
5249.0,0.7039,0.9507,1.6545999999999998
5250.0,0.0549,1.3464,1.4013
5251.0,0.4382,0.9283,1.3665
5252.0,0.5541,0.9343,1.4884
5253.0,0.5762,0.9621,1.5383
5254.0,0.6364,0.9347,1.5711
5255.0,0.4695,0.9544,1.4239
5256.0,0.457,0.9416,1.3986
5257.0,0.4528,0.9357,1.3885
5258.0,0.7284,0.9601,1.6885
5259.0,0.681,0.9538,1.6348
5260.0,0.4571,0.938,1.3951
5261.0,0.4904,0.9287,1.4191
5262.0,0.6755,0.9168,1.5922999999999998
5263.0,1.0043,0.945,1.9493
5264.0,0.3377,1.074,1.4117000000000002
5265.0,0.5528,0.9482,1.501
5266.0,0.6386,0.913,1.5516
5267.0,0.6507,0.9396,1.5903
5268.0,0.4814,0.936,1.4174
5269.0,0.598,0.9665,1.5645
5270.0,0.6566,0.9397,1.5962999999999998
5271.0,0.7339,0.9175,1.6514
5272.0,0.5043,0.904,1.4083
5273.0,0.5548,0.9439,1.4987
5274.0,0.5038,0.9076,1.4114
5275.0,0.5007,0.9433,1.444
5276.0,0.5418,0.9625,1.5043
5277.0,0.5169,0.9191,1.436
5278.0,0.0001,0.92,0.9201
5279.0,0.6994,0.9564,1.6558000000000002
5280.0,0.6235,0.9302,1.5537
5281.0,0.5145,0.9508,1.4653
5282.0,0.6044,0.9411,1.5455
5283.0,0.7049,0.9375,1.6423999999999999
5284.0,0.4891,0.9527,1.4418
5285.0,0.5403,0.9442,1.4845000000000002
5286.0,0.5954,0.9242,1.5196
5287.0,0.5089,0.9467,1.4556
5288.0,0.4572,0.9272,1.3844
5289.0,0.4206,0.9148,1.3354
5290.0,0.5126,0.9284,1.4409999999999998
5291.0,0.6244,0.9299,1.5543
5292.0,0.2153,1.347,1.5623
5293.0,0.4665,0.9648,1.4313
5294.0,0.6037,0.9803,1.584
5295.0,0.4689,0.9823,1.4512
5296.0,0.6657,1.0078,1.6735
5297.0,0.5466,0.9726,1.5192
5298.0,0.573,0.9646,1.5375999999999999
5299.0,0.7446,0.9496,1.6942
5300.0,0.5278,0.9783,1.5061
5301.0,0.6659,0.9407,1.6066
5302.0,0.5087,0.9624,1.4711
5303.0,0.5202,0.9492,1.4694
5304.0,0.671,0.9335,1.6045
5305.0,0.5223,0.9478,1.4701
5306.0,4.4607,0.5198,4.9805
5307.0,0.4848,0.9426,1.4274
5308.0,0.6202,0.9584,1.5786
5309.0,0.5873,0.9457,1.533
5310.0,0.7301,0.9647,1.6947999999999999
5311.0,0.474,0.9255,1.3995
5312.0,0.5514,0.9501,1.5015
5313.0,0.5779,0.9434,1.5213
5314.0,0.4573,0.9357,1.393
5315.0,0.5199,0.9464,1.4663
5316.0,0.54,0.9431,1.4831
5317.0,0.5467,0.9553,1.502
5318.0,0.5074,0.9432,1.4506000000000001
5319.0,0.6827,0.924,1.6067
5320.0,0.2548,0.2209,0.4757
5321.0,0.8046,0.9386,1.7431999999999999
5322.0,0.5346,0.955,1.4895999999999998
5323.0,0.7013,0.9276,1.6289
5324.0,0.6022,0.9358,1.5379999999999998
5325.0,0.4388,0.9274,1.3662
5326.0,0.4774,0.9292,1.4066
5327.0,0.4908,0.9324,1.4232
5328.0,0.5315,0.9284,1.4599
5329.0,0.7399,0.9148,1.6547
5330.0,0.4585,0.8829,1.3414000000000001
5331.0,0.6032,0.9083,1.5114999999999998
5332.0,0.6782,0.9218,1.6
5333.0,0.5358,0.9174,1.4532
5334.0,1.1771,0.5326,1.7097
5335.0,0.5051,0.9265,1.4316
5336.0,0.8917,0.9257,1.8174000000000001
5337.0,0.4877,0.9202,1.4079000000000002
5338.0,0.7198,0.9418,1.6616
5339.0,0.6206,0.9546,1.5752000000000002
5340.0,0.5233,0.9273,1.4506000000000001
5341.0,0.5119,0.9385,1.4504000000000001
5342.0,0.5973,0.967,1.5643
5343.0,0.9319,0.9284,1.8603
5344.0,0.7774,0.9242,1.7016
5345.0,0.6186,0.9444,1.5630000000000002
5346.0,0.5304,0.9419,1.4723
5347.0,0.6028,0.9325,1.5352999999999999
5348.0,0.1697,1.0459,1.2156
5349.0,0.5455,0.9536,1.4990999999999999
5350.0,0.5763,0.9223,1.4986000000000002
5351.0,0.4654,0.9406,1.406
5352.0,0.6921,0.9124,1.6045
5353.0,0.6646,0.9387,1.6033
5354.0,0.8416,0.9417,1.7833
5355.0,0.4744,0.9225,1.3969
5356.0,0.7164,0.9166,1.633
5357.0,0.5791,0.9454,1.5245
5358.0,0.565,0.9182,1.4832
5359.0,0.7634,0.9299,1.6932999999999998
5360.0,0.4894,0.8983,1.3877
5361.0,0.508,0.9384,1.4464000000000001
5362.0,0.1266,0.9321,1.0587
5363.0,0.5411,0.9424,1.4835
5364.0,0.6417,0.9265,1.5682
5365.0,0.4913,0.9115,1.4028
5366.0,0.5062,0.9503,1.4565000000000001
5367.0,0.4611,0.9299,1.391
5368.0,0.4962,0.8846,1.3808
5369.0,0.5973,0.9028,1.5001000000000002
5370.0,0.4911,0.9267,1.4178
5371.0,0.6128,0.904,1.5168
5372.0,0.5455,0.9035,1.4489999999999998
5373.0,0.5289,0.9165,1.4454
5374.0,0.5963,0.9117,1.508
5375.0,0.5624,0.8881,1.4505
5376.0,0.089,0.812,0.901
5377.0,0.4818,0.9311,1.4129
5378.0,0.508,0.9113,1.4193
5379.0,0.4657,0.9175,1.3832
5380.0,0.6459,0.9177,1.5636
5381.0,0.4589,0.9274,1.3862999999999999
5382.0,0.5235,0.9251,1.4485999999999999
5383.0,0.5772,0.9211,1.4983
5384.0,0.5238,0.9249,1.4487
5385.0,0.5396,0.9125,1.4521
5386.0,0.5101,0.8996,1.4097
5387.0,0.7406,0.9205,1.6611
5388.0,0.5266,0.9048,1.4314
5389.0,0.617,0.9217,1.5387
5390.0,0.0172,0.4265,0.4437
5391.0,0.5295,0.9091,1.4386
5392.0,0.5159,0.9444,1.4603000000000002
5393.0,0.7395,0.9726,1.7121
5394.0,0.6241,0.954,1.5781
5395.0,0.5654,0.972,1.5373999999999999
5396.0,0.711,0.9462,1.6572
5397.0,0.6421,0.9473,1.5894
5398.0,0.5411,0.9151,1.4562
5399.0,0.5655,0.9371,1.5026000000000002
5400.0,0.4657,0.9186,1.3843
5401.0,0.7066,0.9284,1.635
5402.0,0.4357,0.9575,1.3932
5403.0,0.554,0.9311,1.4851
5404.0,0.1066,1.1937,1.3003
5405.0,0.5738,0.9266,1.5004
5406.0,0.3882,0.9589,1.3471
5407.0,0.5932,0.9429,1.5360999999999998
5408.0,0.69,0.9465,1.6364999999999998
5409.0,0.5808,0.9311,1.5119
5410.0,0.5173,0.9438,1.4611
5411.0,0.5225,0.9263,1.4487999999999999
5412.0,2.9914,0.8986,3.89
5413.0,0.457,0.9259,1.3829
5414.0,0.5503,0.9452,1.4955
5415.0,0.4806,0.8936,1.3742
5416.0,0.5873,0.9156,1.5029
5417.0,0.4924,0.9161,1.4085
5418.0,0.4561,0.5502,1.0063
5419.0,0.5952,0.9319,1.5271
5420.0,0.6926,0.9693,1.6619000000000002
5421.0,0.6491,0.9636,1.6127
5422.0,0.4267,0.9424,1.3691
5423.0,0.5511,0.9551,1.5062
5424.0,0.4543,0.9347,1.389
5425.0,0.6218,0.9467,1.5685
5426.0,0.5423,0.9446,1.4868999999999999
5427.0,0.6473,0.9288,1.5760999999999998
5428.0,0.5879,0.9269,1.5148
5429.0,0.5515,0.9376,1.4891
5430.0,0.665,0.9388,1.6038000000000001
5431.0,0.4563,0.9342,1.3905
5432.0,0.2679,2.064,2.3319
5433.0,0.4159,0.933,1.3489
5434.0,0.4643,0.9306,1.3949
5435.0,0.4956,0.9603,1.4559
5436.0,0.6475,0.9296,1.5771
5437.0,0.6966,0.8981,1.5947
5438.0,0.5084,0.9052,1.4136
5439.0,0.5172,0.9332,1.4504000000000001
5440.0,0.6951,0.9289,1.624
5441.0,0.8289,0.9426,1.7715
5442.0,0.4606,0.9383,1.3989
5443.0,0.6155,0.9114,1.5269
5444.0,0.5289,0.9206,1.4495
5445.0,0.9589,0.9104,1.8693
5446.0,0.1419,0.4134,0.5553
5447.0,0.5568,0.9123,1.4691
5448.0,0.5301,0.9254,1.4555
5449.0,0.4535,0.9169,1.3704
5450.0,0.5784,0.9216,1.5
5451.0,0.6876,0.8978,1.5854
5452.0,0.5582,0.9384,1.4966
5453.0,0.5809,0.9173,1.4982
5454.0,0.6649,0.9078,1.5727000000000002
5455.0,0.5824,0.9009,1.4833
5456.0,0.5001,0.9235,1.4236
5457.0,0.677,0.9203,1.5973000000000002
5458.0,0.653,0.9227,1.5756999999999999
5459.0,0.4868,0.9097,1.3965
5460.0,0.2651,0.7278,0.9929
5461.0,0.4882,0.9071,1.3953
5462.0,0.6105,0.9169,1.5274
5463.0,0.4827,0.9012,1.3839000000000001
5464.0,0.5838,0.8966,1.4804
5465.0,0.5053,0.9152,1.4205
5466.0,0.548,0.9055,1.4535
5467.0,0.5762,0.899,1.4752
5468.0,0.8069,0.9263,1.7332
5469.0,0.5381,0.9147,1.4527999999999999
5470.0,0.6964,0.9081,1.6045
5471.0,0.6027,0.8977,1.5004
5472.0,0.7159,0.9201,1.6360000000000001
5473.0,0.6141,0.9218,1.5358999999999998
5474.0,1.0947,0.3128,1.4075
5475.0,0.5221,0.9179,1.44
5476.0,0.8521,0.9584,1.8105
5477.0,0.6584,0.9618,1.6202
5478.0,0.8058,0.9764,1.7822
5479.0,0.5912,0.9718,1.563
5480.0,0.7464,0.9465,1.6928999999999998
5481.0,0.648,0.9153,1.5633
5482.0,0.5514,0.9634,1.5148000000000001
5483.0,0.5585,0.9515,1.51
5484.0,0.585,0.9584,1.5434
5485.0,0.6731,0.9604,1.6335000000000002
5486.0,0.6468,0.9735,1.6203
5487.0,0.5563,0.9618,1.5181
5488.0,0.0,0.7833,0.7833
5489.0,0.4271,0.9378,1.3649
5490.0,0.6084,0.9112,1.5196
5491.0,0.9251,0.9394,1.8645
5492.0,0.4472,0.9514,1.3986
5493.0,0.4837,0.9787,1.4624000000000001
5494.0,0.5081,0.9537,1.4618
5495.0,0.5899,0.9351,1.525
5496.0,0.5414,0.982,1.5234
5497.0,0.5178,0.948,1.4658
5498.0,0.5867,0.9219,1.5086
5499.0,0.4802,0.9342,1.4144
5500.0,0.6204,0.9363,1.5567
5501.0,0.4613,0.9278,1.3891
5502.0,0.0008,0.9295,0.9303
5503.0,0.5518,0.9363,1.4881
5504.0,0.5779,0.9257,1.5036
5505.0,0.4833,0.9446,1.4279
5506.0,0.737,0.9429,1.6799
5507.0,0.4974,0.9445,1.4419
5508.0,0.5017,0.9348,1.4365
5509.0,0.5486,0.932,1.4806
5510.0,0.542,0.9432,1.4852
5511.0,0.6073,0.9303,1.5375999999999999
5512.0,0.5719,0.9237,1.4956
5513.0,0.6395,0.93,1.5695000000000001
5514.0,0.504,0.9332,1.4372
5515.0,0.5307,0.933,1.4637
5516.0,0.1133,1.0135,1.1268
5517.0,0.592,0.914,1.506
5518.0,0.4874,0.9424,1.4298
5519.0,0.5046,0.9335,1.4381
5520.0,0.4752,0.9323,1.4075
5521.0,0.6753,0.9117,1.587
5522.0,0.5199,0.9222,1.4421
5523.0,0.6065,0.9207,1.5272000000000001
5524.0,0.4985,0.951,1.4495
5525.0,0.5352,0.9425,1.4777
5526.0,0.5289,0.9255,1.4544000000000001
5527.0,0.4688,0.9267,1.3955
5528.0,0.5366,0.924,1.4606
5529.0,0.6352,0.9061,1.5413000000000001
5530.0,0.3977,0.2865,0.6841999999999999
5531.0,0.5232,0.9334,1.4566
5532.0,0.5852,0.9555,1.5407000000000002
5533.0,0.4785,0.9317,1.4102
5534.0,0.6366,0.9403,1.5769000000000002
5535.0,0.5983,0.9448,1.5431
5536.0,0.5138,0.9609,1.4747
5537.0,0.6739,0.9485,1.6224
5538.0,0.558,0.9559,1.5139
5539.0,0.7068,0.9357,1.6425
5540.0,0.4848,0.9338,1.4186
5541.0,0.7784,0.9487,1.7271
5542.0,0.6303,0.9491,1.5794000000000001
5543.0,0.5387,0.8941,1.4327999999999999
5544.0,0.0003,0.5595,0.5598
5545.0,0.5519,0.9597,1.5116
5546.0,0.4448,1.0204,1.4651999999999998
5547.0,0.7019,0.9862,1.6881
5548.0,0.5496,0.9836,1.5332
5549.0,0.5194,0.9757,1.4950999999999999
5550.0,0.5689,0.9603,1.5292
5551.0,0.7069,0.934,1.6409
5552.0,0.5835,0.9415,1.525
5553.0,0.666,0.9454,1.6114000000000002
5554.0,0.5138,0.9435,1.4573
5555.0,0.5659,0.9206,1.4865
5556.0,0.7864,0.9453,1.7317
5557.0,0.456,0.9356,1.3916
5558.0,0.3882,1.1081,1.4963000000000002
5559.0,0.5655,0.9284,1.4939
5560.0,0.5071,0.9537,1.4607999999999999
5561.0,0.4841,0.9312,1.4153
5562.0,0.6048,0.9531,1.5579
5563.0,0.5637,0.9452,1.5089000000000001
5564.0,0.4223,0.9231,1.3454000000000002
5565.0,0.5418,0.9646,1.5064
5566.0,0.6321,0.9282,1.5603
5567.0,0.5822,0.9121,1.4943
5568.0,0.532,0.9389,1.4708999999999999
5569.0,0.5485,0.9183,1.4668
5570.0,0.4173,0.9344,1.3517000000000001
5571.0,0.5894,0.9221,1.5115
5572.0,0.2679,0.8173,1.0852
5573.0,0.7174,0.9204,1.6378
5574.0,0.6511,0.9423,1.5934
5575.0,0.4472,0.9137,1.3609
5576.0,0.6291,0.929,1.5581
5577.0,0.5892,0.9038,1.4929999999999999
5578.0,0.5255,0.9215,1.447
5579.0,0.5807,0.9089,1.4896
5580.0,0.4189,0.9283,1.3472
5581.0,0.4805,0.8963,1.3768
5582.0,0.5656,0.9293,1.4949
5583.0,0.5102,0.9245,1.4346999999999999
5584.0,0.6749,0.9501,1.625
5585.0,0.5144,0.9162,1.4306
5586.0,0.0674,0.5375,0.6049
5587.0,0.7999,0.9229,1.7228
5588.0,0.5405,0.9244,1.4649
5589.0,0.5371,0.9131,1.4502000000000002
5590.0,0.5001,0.9285,1.4285999999999999
5591.0,0.521,0.9245,1.4455
5592.0,0.802,0.9023,1.7043
5593.0,0.626,0.9287,1.5547
5594.0,0.5602,0.9035,1.4637
5595.0,0.5541,0.9118,1.4659
5596.0,0.3967,0.8992,1.2959
5597.0,0.5929,0.9135,1.5064
5598.0,0.5183,0.92,1.4383
5599.0,0.4895,0.9207,1.4102
5600.0,1.0936,1.1121,2.2057
5601.0,0.611,0.9242,1.5352000000000001
5602.0,0.615,0.9573,1.5723
5603.0,0.6494,0.9643,1.6137000000000001
5604.0,0.7246,0.9633,1.6879
5605.0,0.5584,0.9353,1.4937
5606.0,0.6693,0.9371,1.6064
5607.0,0.6175,0.9586,1.5761
5608.0,0.6703,0.9472,1.6175000000000002
5609.0,0.7161,0.924,1.6401
5610.0,0.5634,0.9593,1.5227
5611.0,0.6257,0.9714,1.5971000000000002
5612.0,0.6406,0.9453,1.5859
5613.0,0.6828,0.922,1.6048
5614.0,0.1974,1.1498,1.3472
5615.0,0.55,0.9729,1.5229
5616.0,0.5704,1.0215,1.5919
5617.0,0.5636,0.9984,1.5619999999999998
5618.0,0.5566,0.9914,1.548
5619.0,0.5934,0.9454,1.5388000000000002
5620.0,0.6297,0.9339,1.5636
5621.0,0.5315,0.9474,1.4788999999999999
5622.0,0.4956,0.9401,1.4357
5623.0,0.5677,0.9336,1.5013
5624.0,0.9926,0.928,1.9206
5625.0,0.5568,0.9588,1.5156
5626.0,0.4329,0.9269,1.3598
5627.0,0.4611,0.949,1.4101
5628.0,4.0686,0.5432,4.6118
5629.0,0.5264,0.96,1.4864
5630.0,0.6601,0.9824,1.6425
5631.0,0.6792,0.9584,1.6376
5632.0,0.5933,0.9832,1.5765
5633.0,0.6465,1.0085,1.6549999999999998
5634.0,0.5172,0.9855,1.5027
5635.0,0.6148,0.9504,1.5652
5636.0,0.7128,1.0039,1.7167
5637.0,0.7073,0.9622,1.6695000000000002
5638.0,0.7665,0.9776,1.7441
5639.0,0.7352,0.9724,1.7076
5640.0,0.7214,0.9733,1.6947
5641.0,0.648,0.9809,1.6289
5642.0,0.0125,1.3655,1.378
5643.0,0.6133,0.9967,1.6099999999999999
5644.0,0.5711,1.0091,1.5802
5645.0,0.5861,1.0084,1.5945
5646.0,0.5805,1.0091,1.5896000000000001
5647.0,0.7489,0.998,1.7469000000000001
5648.0,0.4946,1.0113,1.5059
5649.0,0.6286,1.0059,1.6345
5650.0,0.7377,1.0435,1.7812000000000001
5651.0,0.8357,1.013,1.8487
5652.0,0.4563,0.9878,1.4441
5653.0,0.7828,0.9953,1.7781
5654.0,0.6264,0.9927,1.6191
5655.0,0.4928,1.0099,1.5027
5656.0,0.2452,0.918,1.1632
5657.0,0.7638,0.9959,1.7597
5658.0,0.4978,1.0068,1.5046
5659.0,0.8596,0.9973,1.8569
5660.0,0.5497,0.985,1.5347
5661.0,0.469,0.9981,1.4670999999999998
5662.0,0.5492,0.9978,1.5470000000000002
5663.0,0.9396,0.9887,1.9283000000000001
5664.0,0.7016,1.0139,1.7155
5665.0,0.5672,1.019,1.5861999999999998
5666.0,0.5069,1.0082,1.5151
5667.0,0.5001,1.0003,1.5004
5668.0,0.7051,0.993,1.6981
5669.0,0.659,1.0062,1.6652
5670.0,1.2058,0.5589,1.7647
5671.0,0.5566,1.0152,1.5718
5672.0,0.8154,0.9935,1.8089
5673.0,0.6494,0.9612,1.6106
5674.0,0.637,0.9681,1.6051
5675.0,0.8191,0.9872,1.8063
5676.0,0.6108,0.9704,1.5812
5677.0,0.8233,0.9731,1.7964
5678.0,0.6825,0.966,1.6484999999999999
5679.0,0.4964,0.9557,1.4521
5680.0,0.6729,0.9719,1.6448
5681.0,0.644,0.9548,1.5988
5682.0,0.4697,0.9571,1.4268
5683.0,0.6768,0.9557,1.6324999999999998
5684.0,0.0005,0.4039,0.4044
5685.0,0.6945,0.9786,1.6731
5686.0,0.4817,1.0033,1.485
5687.0,0.508,0.9629,1.4708999999999999
5688.0,0.5812,0.9284,1.5096
5689.0,0.5343,0.967,1.5013
5690.0,0.6627,0.9733,1.6360000000000001
5691.0,0.5227,0.9503,1.473
5692.0,0.5994,0.9562,1.5556
5693.0,0.7285,0.9586,1.6871
5694.0,0.5486,0.9856,1.5342
5695.0,0.6812,0.9451,1.6263
5696.0,0.5083,0.9704,1.4787
5697.0,0.5466,0.966,1.5126
5698.0,0.0287,0.236,0.2647
5699.0,0.7387,0.9704,1.7091
5700.0,0.6717,1.0293,1.701
5701.0,0.4784,0.994,1.4724
5702.0,0.4824,0.965,1.4474
5703.0,0.5641,0.9605,1.5246
5704.0,0.6035,0.9512,1.5547
5705.0,1.8724,0.9595,2.8319
5706.0,0.6082,0.9596,1.5678
5707.0,0.6257,0.9581,1.5838
5708.0,0.5251,0.9961,1.5211999999999999
5709.0,0.5008,0.9828,1.4836
5710.0,0.5818,0.9691,1.5509
5711.0,0.5747,0.981,1.5556999999999999
5712.0,0.059,0.5799,0.6389
5713.0,0.4799,0.9502,1.4301
5714.0,0.4754,0.9507,1.4261
5715.0,0.5412,0.9616,1.5028000000000001
5716.0,0.6079,0.9544,1.5623
5717.0,0.6887,0.9532,1.6419000000000001
5718.0,0.4717,0.9852,1.4569
5719.0,0.5224,0.9607,1.4830999999999999
5720.0,0.4258,0.9507,1.3765
5721.0,0.5624,0.9403,1.5027
5722.0,0.6738,0.9619,1.6357
5723.0,0.582,0.9549,1.5369
5724.0,0.7202,0.9401,1.6602999999999999
5725.0,0.9955,0.9272,1.9227
5726.0,0.0,1.1937,1.1937
5727.0,0.9318,0.9622,1.8940000000000001
5728.0,0.4881,0.9349,1.423
5729.0,0.5052,0.934,1.4392
5730.0,0.5323,0.9758,1.5081
5731.0,0.591,0.9359,1.5269
5732.0,0.5821,0.9442,1.5263
5733.0,0.4651,0.9378,1.4029
5734.0,0.5345,0.9334,1.4679
5735.0,0.4583,0.9302,1.3885
5736.0,0.4204,0.9439,1.3643
5737.0,0.4587,0.9157,1.3744
5738.0,0.4389,0.922,1.3609
5739.0,0.6878,0.9504,1.6381999999999999
5740.0,0.2205,0.7459,0.9664
5741.0,0.454,0.9361,1.3901000000000001
5742.0,0.5812,0.954,1.5352000000000001
5743.0,0.725,0.9683,1.6933
5744.0,0.5415,0.9516,1.4931
5745.0,0.5853,0.9354,1.5207000000000002
5746.0,0.5675,0.9264,1.4939
5747.0,0.5647,0.9169,1.4816
5748.0,0.5534,0.9298,1.4832
5749.0,0.5925,0.9266,1.5191
5750.0,0.5765,0.9374,1.5139
5751.0,0.5156,0.9152,1.4308
5752.0,0.5225,0.9368,1.4592999999999998
5753.0,0.6101,0.91,1.5201
5754.0,0.0601,0.4592,0.5193
5755.0,0.894,0.9344,1.8284
5756.0,0.6638,0.9325,1.5962999999999998
5757.0,0.4827,0.913,1.3957000000000002
5758.0,0.6132,0.9091,1.5223
5759.0,0.7443,0.941,1.6852999999999998
5760.0,0.7226,0.9298,1.6524
5761.0,0.5441,0.9306,1.4747
5762.0,0.5427,0.9219,1.4646
5763.0,0.4649,0.9118,1.3767
5764.0,0.5592,0.9414,1.5006
5765.0,0.7171,0.9288,1.6459
5766.0,0.5406,0.9202,1.4607999999999999
5767.0,0.4433,0.9166,1.3599
5768.0,0.2584,1.9506,2.209
5769.0,0.5083,0.9476,1.4559
5770.0,0.5723,0.9234,1.4957
5771.0,0.5404,0.9181,1.4585
5772.0,0.5755,0.93,1.5055
5773.0,0.5546,0.9148,1.4693999999999998
5774.0,0.6902,0.903,1.5932
5775.0,0.6918,0.9303,1.6221
5776.0,0.6563,0.9274,1.5836999999999999
5777.0,0.6989,0.9212,1.6200999999999999
5778.0,0.648,0.9229,1.5709
5779.0,0.4425,0.9328,1.3753
5780.0,0.6112,0.9142,1.5253999999999999
5781.0,0.5183,0.9157,1.434
5782.0,0.2297,1.3604,1.5901
5783.0,0.6855,0.9174,1.6029
5784.0,0.5275,0.9217,1.4491999999999998
5785.0,0.5655,0.9087,1.4742
5786.0,0.4643,0.929,1.3933
5787.0,0.4958,0.9209,1.4167
5788.0,0.4067,0.9139,1.3206
5789.0,0.5423,0.9266,1.4689
5790.0,0.525,0.9253,1.4503
5791.0,0.448,0.9226,1.3706
5792.0,0.5745,0.9088,1.4833
5793.0,0.4012,0.9164,1.3176
5794.0,0.5382,0.908,1.4462000000000002
5795.0,0.8187,0.9273,1.746
5796.0,0.0149,0.2284,0.2433
5797.0,0.3926,0.9045,1.2971
5798.0,0.453,0.9283,1.3813
5799.0,0.5089,0.9223,1.4312
5800.0,0.7542,0.9193,1.6735
5801.0,0.5388,0.9237,1.4625
5802.0,0.423,0.9243,1.3473
5803.0,0.5828,0.9,1.4828000000000001
5804.0,0.594,0.928,1.522
5805.0,0.5539,0.9127,1.4666
5806.0,0.4568,0.9287,1.3855
5807.0,0.5847,0.9212,1.5059
5808.0,0.5185,0.9096,1.4281
5809.0,0.6365,0.9237,1.5602
5810.0,0.0648,0.3713,0.43610000000000004
5811.0,0.9388,0.8926,1.8314
5812.0,0.5612,0.9184,1.4796
5813.0,0.7188,0.9513,1.6701000000000001
5814.0,0.8018,0.9176,1.7193999999999998
5815.0,0.6623,0.9218,1.5840999999999998
5816.0,0.7895,0.9166,1.7061
5817.0,0.5109,0.9241,1.435
5818.0,0.7299,0.9223,1.6522000000000001
5819.0,1.3086,0.9246,2.2332
5820.0,0.7124,0.9209,1.6333000000000002
5821.0,0.514,0.9103,1.4243000000000001
5822.0,0.8683,0.9042,1.7725
5823.0,0.5765,0.9204,1.4969000000000001
5824.0,0.0157,0.8894,0.9051
5825.0,0.5483,0.9284,1.4767000000000001
5826.0,0.6006,0.9317,1.5323
5827.0,0.5762,0.9068,1.483
5828.0,0.7132,0.9049,1.6181
5829.0,0.9149,0.9014,1.8163
5830.0,0.6402,0.9083,1.5485
5831.0,0.6594,0.92,1.5794000000000001
5832.0,0.8139,0.9171,1.7309999999999999
5833.0,0.7024,0.9262,1.6286
5834.0,0.5592,0.9263,1.4855
5835.0,0.5122,0.9339,1.4461
5836.0,0.5259,0.9026,1.4285
5837.0,0.5641,0.9192,1.4833
5838.0,0.0895,0.8262,0.9157000000000001
5839.0,0.539,0.8999,1.4389
5840.0,0.583,0.8959,1.4788999999999999
5841.0,0.5077,0.8945,1.4022000000000001
5842.0,0.503,0.9252,1.4282
5843.0,0.5336,0.9093,1.4428999999999998
5844.0,0.5104,0.897,1.4074
5845.0,0.5583,0.8825,1.4407999999999999
5846.0,0.5385,0.9205,1.459
5847.0,0.6074,0.9025,1.5099
5848.0,0.6839,0.893,1.5769
5849.0,0.5713,0.8773,1.4485999999999999
5850.0,0.4774,0.8979,1.3753
5851.0,0.6212,0.9193,1.5405
5852.0,0.2146,0.9132,1.1278000000000001
5853.0,0.5459,0.9093,1.4552
5854.0,0.5468,0.9188,1.4655999999999998
5855.0,0.5633,0.9145,1.4778
5856.0,0.5126,0.8973,1.4099
5857.0,0.6543,0.9305,1.5848
5858.0,0.4497,0.891,1.3407
5859.0,0.6334,0.8909,1.5243
5860.0,0.7303,0.8801,1.6103999999999998
5861.0,0.528,0.8947,1.4227
5862.0,0.4916,0.9135,1.4051
5863.0,0.6123,0.9114,1.5236999999999998
5864.0,0.72,0.8967,1.6167
5865.0,0.5249,0.8961,1.421
5866.0,0.0,1.3103,1.3103
5867.0,0.751,0.9199,1.6709
5868.0,0.5492,0.9165,1.4657
5869.0,0.5731,0.899,1.4721000000000002
5870.0,0.5566,0.9164,1.4729999999999999
5871.0,0.5436,0.9366,1.4802
5872.0,0.4593,0.9073,1.3666
5873.0,0.5764,0.9217,1.4981
5874.0,0.511,0.9154,1.4264000000000001
5875.0,0.5275,0.9154,1.4428999999999998
5876.0,0.6246,0.8979,1.5225
5877.0,0.6154,0.9005,1.5158999999999998
5878.0,0.5307,0.9069,1.4376
5879.0,0.6179,0.9243,1.5422
5880.0,0.0001,0.8907,0.8908
5881.0,0.6729,0.931,1.6039
5882.0,0.4988,0.9015,1.4003
5883.0,0.5472,0.9313,1.4785
5884.0,0.5313,0.9186,1.4499
5885.0,0.4397,0.9543,1.3940000000000001
5886.0,0.6842,0.9407,1.6249
5887.0,0.4186,0.938,1.3566
5888.0,0.5535,0.9252,1.4787
5889.0,0.5444,0.9303,1.4747
5890.0,0.5334,0.9036,1.4369999999999998
5891.0,0.6328,0.8975,1.5303
5892.0,0.6333,0.9165,1.5497999999999998
5893.0,0.4751,0.914,1.3891
5894.0,0.2521,1.2616,1.5137
5895.0,0.61,0.9265,1.5365
5896.0,0.4605,0.9275,1.388
5897.0,0.4147,0.9228,1.3375
5898.0,0.5376,0.9028,1.4404
5899.0,0.6407,0.9158,1.5565
5900.0,0.4569,0.9066,1.3635
5901.0,0.6867,0.9265,1.6132
5902.0,0.7981,0.9213,1.7194
5903.0,0.6491,0.8865,1.5356
5904.0,0.5213,0.9282,1.4495
5905.0,0.5232,0.9184,1.4416
5906.0,0.6562,0.8905,1.5467
5907.0,0.5726,0.9272,1.4998
5908.0,0.0003,0.5639,0.5641999999999999
5909.0,0.47,0.9131,1.3831
5910.0,0.5056,0.8891,1.3947
5911.0,0.463,0.9065,1.3695
5912.0,0.5379,0.8924,1.4303
5913.0,0.4022,0.8916,1.2938
5914.0,0.4442,0.8616,1.3058
5915.0,0.5474,0.908,1.4554
5916.0,0.5274,0.9015,1.4289
5917.0,0.5254,0.8765,1.4019
5918.0,0.4638,0.8985,1.3622999999999998
5919.0,0.5804,0.9009,1.4813
5920.0,0.5863,0.9346,1.5209000000000001
5921.0,0.5476,0.9063,1.4539
5922.0,0.9528,1.1034,2.0562
5923.0,0.4999,0.9437,1.4436
5924.0,0.6701,0.9974,1.6675
5925.0,0.5777,0.9675,1.5452
5926.0,0.6243,0.965,1.5893
5927.0,0.525,0.9155,1.4405000000000001
5928.0,0.5239,0.954,1.4779
5929.0,0.5591,0.949,1.5081
5930.0,0.7153,0.9404,1.6557
5931.0,0.4692,0.9346,1.4038
5932.0,0.5088,0.9298,1.4386
5933.0,0.532,0.9158,1.4478
5934.0,0.577,0.9472,1.5242
5935.0,0.5152,0.9254,1.4405999999999999
5936.0,0.0009,1.0691,1.0699999999999998
5937.0,0.5641,0.9245,1.4886
5938.0,0.4865,0.9073,1.3938
5939.0,0.6628,0.9129,1.5756999999999999
5940.0,0.5621,0.9045,1.4666000000000001
5941.0,0.7759,0.9264,1.7023000000000001
5942.0,0.4175,0.9062,1.3237
5943.0,0.4905,0.8974,1.3879
5944.0,0.5047,0.9466,1.4513
5945.0,0.6571,0.9268,1.5838999999999999
5946.0,0.4738,0.9307,1.4045
5947.0,0.4621,0.9234,1.3855
5948.0,0.5456,0.8993,1.4449
5949.0,0.4857,0.9087,1.3944
5950.0,0.2437,0.6195,0.8632000000000001
5951.0,0.6075,0.9159,1.5234
5952.0,0.7498,0.9139,1.6637
5953.0,0.4512,0.9298,1.381
5954.0,0.5047,0.8945,1.3992
5955.0,0.4819,0.8815,1.3634
5956.0,0.4708,0.9089,1.3797000000000001
5957.0,0.5477,0.9117,1.4594
5958.0,0.5187,0.9044,1.4231
5959.0,0.4651,0.9223,1.3874
5960.0,0.489,0.91,1.399
5961.0,0.5443,0.9114,1.4557
5962.0,0.4443,0.8992,1.3435
5963.0,0.5986,0.8954,1.494
5964.0,0.0153,1.5625,1.5778
5965.0,0.9404,0.9069,1.8473000000000002
5966.0,0.5374,0.8856,1.423
5967.0,0.5497,0.8991,1.4487999999999999
5968.0,0.6757,0.9057,1.5814
5969.0,0.4336,0.9173,1.3509
5970.0,0.6027,0.9021,1.5048
5971.0,0.5479,0.9098,1.4577
5972.0,0.5217,0.8964,1.4181
5973.0,0.5475,0.8937,1.4412
5974.0,0.5054,0.9017,1.4070999999999998
5975.0,0.5458,0.8849,1.4306999999999999
5976.0,0.5318,0.8997,1.4315000000000002
5977.0,0.6032,0.8727,1.4759
5978.0,0.2426,0.7328,0.9754
5979.0,0.4126,0.9006,1.3132
5980.0,0.4645,0.8942,1.3587
5981.0,3.8216,0.8947,4.7163
5982.0,0.4716,0.8965,1.3681
5983.0,0.4925,0.8904,1.3829
5984.0,0.5451,0.8923,1.4374
5985.0,0.5917,0.8784,1.4701
5986.0,0.5953,0.8862,1.4815
5987.0,0.6753,0.9091,1.5844
5988.0,0.9771,0.9213,1.8984
5989.0,0.4783,0.9043,1.3826
5990.0,0.585,0.9014,1.4864
5991.0,0.5651,0.8704,1.4355
5992.0,0.1442,0.5993,0.7435
5993.0,0.5883,0.9176,1.5059
5994.0,0.4497,0.9168,1.3664999999999998
5995.0,0.5452,0.9106,1.4558
5996.0,0.5707,0.8813,1.452
5997.0,0.4975,0.8886,1.3860999999999999
5998.0,0.4194,0.8901,1.3094999999999999
5999.0,0.4502,0.8917,1.3419
6000.0,0.5197,0.9043,1.424
6001.0,0.6125,0.8891,1.5016
6002.0,0.7242,0.8802,1.6044
6003.0,0.4864,0.9169,1.4033
6004.0,0.4256,0.9057,1.3313
6005.0,0.7872,0.8914,1.6785999999999999
6006.0,0.1069,0.2773,0.3842
6007.0,0.4897,0.9015,1.3912
6008.0,0.541,0.8693,1.4102999999999999
6009.0,0.4916,0.8806,1.3722
6010.0,0.4739,0.8864,1.3603
6011.0,0.5306,0.9091,1.4397
6012.0,0.4881,0.8951,1.3832
6013.0,0.5503,0.8623,1.4125999999999999
6014.0,0.5931,0.8905,1.4836
6015.0,0.574,0.8861,1.4601
6016.0,0.5035,0.8514,1.3549
6017.0,0.8019,0.8931,1.6949999999999998
6018.0,0.589,0.8761,1.4651
6019.0,0.5145,0.8844,1.3988999999999998
6020.0,0.6493,1.1024,1.7517
6021.0,0.581,0.9226,1.5036
6022.0,0.5929,0.9766,1.5695000000000001
6023.0,0.8228,0.9566,1.7793999999999999
6024.0,0.6239,0.942,1.5659
6025.0,0.5348,0.9453,1.4801000000000002
6026.0,0.5427,0.9229,1.4656
6027.0,0.6902,0.9486,1.6388
6028.0,0.5109,0.9351,1.4460000000000002
6029.0,0.4986,0.9561,1.4546999999999999
6030.0,0.7166,0.952,1.6686
6031.0,0.5205,0.9403,1.4607999999999999
6032.0,0.6936,0.9144,1.608
6033.0,0.4973,0.929,1.4263000000000001
6034.0,0.1451,0.85,0.9951
6035.0,0.6402,0.921,1.5612
6036.0,0.467,0.9585,1.4255
6037.0,0.6376,0.946,1.5836
6038.0,0.5839,0.9345,1.5184
6039.0,0.4845,0.9068,1.3913
6040.0,0.5347,0.944,1.4787
6041.0,0.4425,0.9347,1.3772
6042.0,0.8653,0.9139,1.7792
6043.0,0.5444,0.9145,1.4588999999999999
6044.0,0.6958,0.9095,1.6053
6045.0,0.5391,0.9307,1.4698
6046.0,0.8292,0.9189,1.7481
6047.0,0.6121,0.9085,1.5206
6048.0,0.218,0.5307,0.7486999999999999
6049.0,0.6687,0.931,1.5997
6050.0,0.5642,0.9421,1.5063
6051.0,0.6528,0.9116,1.5644
6052.0,0.822,0.9812,1.8032
6053.0,0.6659,0.9351,1.601
6054.0,0.8742,0.9355,1.8096999999999999
6055.0,0.7219,0.9299,1.6518
6056.0,0.744,0.9418,1.6858
6057.0,0.5718,0.9096,1.4813999999999998
6058.0,0.4997,0.9156,1.4153
6059.0,0.579,0.9322,1.5112
6060.0,0.6777,0.9177,1.5954
6061.0,0.5806,0.9279,1.5085
6062.0,0.2461,0.6506,0.8966999999999999
6063.0,0.637,0.9164,1.5534
6064.0,0.6223,0.9329,1.5552
6065.0,0.5614,0.9164,1.4778
6066.0,0.5185,0.9089,1.4274
6067.0,0.5928,0.9172,1.51
6068.0,0.6561,0.9096,1.5657
6069.0,0.5168,0.9027,1.4195
6070.0,0.5873,0.9111,1.4984000000000002
6071.0,0.7583,0.8974,1.6557
6072.0,0.5264,0.902,1.4284
6073.0,0.5623,0.8731,1.4354
6074.0,0.4223,0.8906,1.3129
6075.0,0.6831,0.8894,1.5725
6076.0,0.0839,1.4342,1.5181
6077.0,0.5222,0.8898,1.412
6078.0,0.6929,0.8429,1.5358
6079.0,0.4493,0.8807,1.33
6080.0,0.4727,0.8786,1.3513000000000002
6081.0,0.5207,0.8306,1.3513000000000002
6082.0,0.7881,0.8267,1.6148
6083.0,0.4823,0.8446,1.3269
6084.0,0.5704,0.8287,1.3991
6085.0,1.1818,0.8054,1.9872
6086.0,0.5186,0.8288,1.3474
6087.0,0.5041,0.8191,1.3232
6088.0,0.5516,0.8446,1.3961999999999999
6089.0,0.6833,0.8139,1.4971999999999999
6090.0,0.0215,0.9265,0.948
6091.0,0.4165,0.9031,1.3195999999999999
6092.0,0.4377,0.9453,1.383
6093.0,0.5052,0.9085,1.4137
6094.0,0.4566,0.8546,1.3112
6095.0,0.4732,0.8442,1.3174
6096.0,0.4132,0.8553,1.2685
6097.0,0.8974,0.8397,1.7370999999999999
6098.0,0.4946,0.8581,1.3527
6099.0,0.5053,0.8043,1.3096
6100.0,0.5728,0.8196,1.3923999999999999
6101.0,0.4291,0.8317,1.2608
6102.0,0.5129,0.7953,1.3082
6103.0,0.458,0.808,1.266
6104.0,0.0088,0.9564,0.9652000000000001
6105.0,0.5559,0.8113,1.3672
6106.0,0.3905,0.8466,1.2371
6107.0,0.3909,0.8698,1.2607
6108.0,0.5753,0.8607,1.436
6109.0,0.4851,0.8614,1.3465
6110.0,0.4376,0.8809,1.3185
6111.0,0.7393,0.8468,1.5861
6112.0,0.4378,0.8704,1.3082
6113.0,0.6423,0.8389,1.4811999999999999
6114.0,0.5054,0.8573,1.3626999999999998
6115.0,0.4907,0.8287,1.3194
6116.0,0.4631,0.8092,1.2723
6117.0,0.6088,0.8154,1.4242
6118.0,0.49,0.8601,1.3500999999999999
6119.0,0.7491,0.8398,1.5889
6120.0,0.4546,0.854,1.3086
6121.0,0.4977,0.8104,1.3081
6122.0,0.4984,0.8529,1.3513
6123.0,0.5678,0.8295,1.3973
6124.0,0.4982,0.8284,1.3266
6125.0,0.5336,0.8156,1.3492
6126.0,0.8252,0.8329,1.6581000000000001
6127.0,0.7128,0.8476,1.5604
6128.0,0.481,0.8017,1.2827
6129.0,0.5561,0.835,1.3911
6130.0,0.6929,0.8297,1.5226
6131.0,0.8328,0.7971,1.6299000000000001
6132.0,0.0054,0.6799,0.6852999999999999
6133.0,0.6415,0.8598,1.5013
6134.0,0.5379,0.9001,1.4380000000000002
6135.0,1.0338,0.897,1.9308
6136.0,0.4113,0.8661,1.2774
6137.0,0.446,0.8487,1.2947
6138.0,0.3865,0.8587,1.2452
6139.0,0.5334,0.875,1.4083999999999999
6140.0,0.4474,0.8594,1.3068
6141.0,0.5043,0.855,1.3593
6142.0,0.4974,0.8148,1.3122
6143.0,0.5371,0.8532,1.3902999999999999
6144.0,0.6985,0.8263,1.5248
6145.0,0.455,0.818,1.273
6146.0,0.138,0.7482,0.8862
6147.0,0.5236,0.8101,1.3336999999999999
6148.0,0.4821,0.8123,1.2944
6149.0,0.6144,0.801,1.4154
6150.0,0.5589,0.8318,1.3906999999999998
6151.0,0.4725,0.8066,1.2791
6152.0,0.3738,0.8073,1.1811
6153.0,0.5635,0.7802,1.3437000000000001
6154.0,0.3851,0.7962,1.1813
6155.0,0.5545,0.7783,1.3328
6156.0,0.5232,0.7833,1.3065
6157.0,0.5143,0.7817,1.2959999999999998
6158.0,0.5435,0.7561,1.2995999999999999
6159.0,0.4193,0.7906,1.2099
6160.0,0.0343,0.3899,0.4242
6161.0,0.5317,0.8232,1.3549
6162.0,0.495,0.8156,1.3106
6163.0,0.5213,0.8161,1.3374000000000001
6164.0,0.5086,0.8372,1.3458
6165.0,0.5598,0.8349,1.3946999999999998
6166.0,0.4737,0.7772,1.2509000000000001
6167.0,0.4389,0.8072,1.2461
6168.0,0.4537,0.7916,1.2452999999999999
6169.0,0.5247,0.7785,1.3032
6170.0,0.6921,0.7986,1.4907
6171.0,0.6142,0.7904,1.4045999999999998
6172.0,0.9796,0.8067,1.7863
6173.0,0.427,0.7778,1.2048
6174.0,0.1294,0.7878,0.9171999999999999
6175.0,0.4311,0.7834,1.2145
6176.0,0.5499,0.7982,1.3481
6177.0,0.4148,0.7899,1.2047
6178.0,0.5531,0.799,1.3521
6179.0,0.3396,0.819,1.1585999999999999
6180.0,0.4632,0.7991,1.2623
6181.0,0.6899,0.7932,1.4830999999999999
6182.0,0.4209,0.8065,1.2274
6183.0,0.4426,0.7847,1.2273
6184.0,0.4606,0.7828,1.2434
6185.0,0.4099,0.7889,1.1988
6186.0,0.3953,0.7854,1.1806999999999999
6187.0,0.5496,0.7632,1.3128
6188.0,0.175,0.9731,1.1481
6189.0,0.4911,0.7767,1.2677999999999998
6190.0,0.5829,0.7552,1.3380999999999998
6191.0,0.3948,0.7603,1.1551
6192.0,0.5729,0.8015,1.3744
6193.0,0.5038,0.8006,1.3044
6194.0,0.419,0.7772,1.1962
6195.0,0.4848,0.7931,1.2779
6196.0,0.6562,0.7838,1.44
6197.0,0.7325,0.7684,1.5009000000000001
6198.0,0.5278,0.7834,1.3112
6199.0,0.4916,0.7757,1.2672999999999999
6200.0,0.4029,0.7413,1.1441999999999999
6201.0,0.5314,0.7183,1.2497
6202.0,0.0038,0.2071,0.2109
6203.0,0.6131,0.7539,1.367
6204.0,0.4359,0.7776,1.2135
6205.0,0.471,0.7619,1.2328999999999999
6206.0,0.4636,0.7747,1.2383000000000002
6207.0,0.6421,0.7719,1.4140000000000001
6208.0,0.559,0.7554,1.3144
6209.0,0.5668,0.7605,1.3273
6210.0,0.428,0.7496,1.1776
6211.0,0.501,0.747,1.248
6212.0,0.4027,0.7406,1.1433
6213.0,0.4736,0.7491,1.2227000000000001
6214.0,0.4636,0.7348,1.1984
6215.0,0.4333,0.7469,1.1802000000000001
6216.0,0.2053,0.3512,0.5565
6217.0,0.4032,0.7398,1.143
6218.0,0.4757,0.7555,1.2311999999999999
6219.0,0.5682,0.7476,1.3158
6220.0,0.4631,0.7405,1.2036
6221.0,0.44,0.7481,1.1881
6222.0,0.4371,0.7515,1.1885999999999999
6223.0,0.4645,0.7239,1.1884000000000001
6224.0,0.4948,0.7474,1.2422
6225.0,0.4835,0.734,1.2175
6226.0,0.4419,0.7242,1.1661
6227.0,0.4618,0.7283,1.1901
6228.0,0.3287,0.7287,1.0574
6229.0,0.6822,0.7176,1.3998
6230.0,0.3412,0.712,1.0532
6231.0,0.4081,0.7577,1.1658
6232.0,0.5736,0.7707,1.3443
6233.0,0.5568,0.7594,1.3161999999999998
6234.0,0.3953,0.7611,1.1564
6235.0,0.4212,0.7595,1.1806999999999999
6236.0,0.4577,0.7692,1.2269
6237.0,0.4872,0.7558,1.243
6238.0,0.3487,0.7611,1.1098
6239.0,0.3922,0.7507,1.1429
6240.0,0.4631,0.7632,1.2263
6241.0,0.5423,0.7124,1.2547000000000001
6242.0,0.5135,0.7567,1.2702
6243.0,0.4103,0.705,1.1153
6244.0,0.0004,1.1929,1.1933
6245.0,0.4322,0.7196,1.1518
6246.0,0.4216,0.7299,1.1515
6247.0,0.5179,0.7481,1.266
6248.0,0.4669,0.7281,1.1949999999999998
6249.0,0.4519,0.7547,1.2066000000000001
6250.0,0.4636,0.7422,1.2058
6251.0,0.4766,0.7347,1.2113
6252.0,0.5387,0.7525,1.2912
6253.0,0.6625,0.7282,1.3906999999999998
6254.0,0.4177,0.7314,1.1491
6255.0,0.5561,0.7419,1.298
6256.0,0.4624,0.7351,1.1975
6257.0,0.4718,0.7252,1.197
6258.0,0.3166,0.437,0.7536
6259.0,0.5026,0.7499,1.2525
6260.0,0.4657,0.7396,1.2053
6261.0,0.398,0.7495,1.1475
6262.0,0.3478,0.7296,1.0774
6263.0,0.4495,0.7487,1.1982
6264.0,0.582,0.7427,1.3247
6265.0,0.4084,0.7369,1.1453
6266.0,0.3328,0.7283,1.0611
6267.0,0.4595,0.7162,1.1757
6268.0,1.0178,0.7431,1.7609
6269.0,0.5017,0.7282,1.2299
6270.0,0.5717,0.6987,1.2704
6271.0,0.4236,0.7224,1.146
6272.0,0.0471,1.0538,1.1009
6273.0,0.5869,0.7816,1.3685
6274.0,0.5302,0.7842,1.3144
6275.0,0.7622,0.7788,1.541
6276.0,0.554,0.7912,1.3452000000000002
6277.0,0.4816,0.792,1.2736
6278.0,0.573,0.756,1.329
6279.0,0.5396,0.7577,1.2973
6280.0,0.4475,0.7586,1.2061000000000002
6281.0,0.4549,0.7471,1.202
6282.0,0.5807,0.7401,1.3208
6283.0,0.4996,0.7358,1.2354
6284.0,1.4691,0.732,2.2011000000000003
6285.0,0.4234,0.7462,1.1696
6286.0,2.2446,0.2824,2.527
6287.0,0.5013,0.7688,1.2701
6288.0,0.5487,0.8769,1.4256
6289.0,0.6397,0.8595,1.4992
6290.0,0.481,0.8183,1.2993000000000001
6291.0,0.6892,0.8321,1.5213
6292.0,0.5017,0.837,1.3387
6293.0,0.4468,0.8145,1.2612999999999999
6294.0,0.5908,0.7911,1.3819
6295.0,0.4397,0.8061,1.2458
6296.0,0.5314,0.8163,1.3477000000000001
6297.0,0.5224,0.8339,1.3563
6298.0,0.4699,0.7883,1.2582
6299.0,0.736,0.7803,1.5163
6300.0,0.0001,0.7543,0.7544
6301.0,0.4663,0.7967,1.263
6302.0,0.513,0.8232,1.3362
6303.0,0.4389,0.8418,1.2807
6304.0,0.397,0.8363,1.2333
6305.0,0.6159,0.8105,1.4264000000000001
6306.0,0.5221,0.8118,1.3338999999999999
6307.0,0.5163,0.8059,1.3222
6308.0,0.7683,0.7819,1.5502
6309.0,0.6122,0.7727,1.3849
6310.0,0.4816,0.7874,1.269
6311.0,0.4753,0.7537,1.229
6312.0,0.5263,0.7835,1.3098
6313.0,0.4401,0.7871,1.2272
6314.0,0.1508,0.455,0.6058
6315.0,0.559,0.8354,1.3944
6316.0,0.4997,0.8606,1.3603
6317.0,0.5039,0.8458,1.3497
6318.0,0.4206,0.7861,1.2067
6319.0,0.5947,0.7841,1.3788
6320.0,0.3905,0.8155,1.206
6321.0,0.4567,0.7887,1.2454
6322.0,0.4366,0.7877,1.2243
6323.0,0.5016,0.7439,1.2455
6324.0,0.5683,0.7494,1.3176999999999999
6325.0,0.4924,0.76,1.2524
6326.0,0.5627,0.7476,1.3103
6327.0,0.469,0.764,1.233
6328.0,0.1169,0.4717,0.5886
6329.0,0.413,0.7676,1.1805999999999999
6330.0,0.4419,0.7921,1.234
6331.0,0.5165,0.7708,1.2873
6332.0,0.4736,0.7569,1.2305000000000001
6333.0,0.7216,0.7806,1.5022
6334.0,0.537,0.7924,1.3294000000000001
6335.0,0.3789,0.7729,1.1518000000000002
6336.0,1.1718,0.7492,1.9209999999999998
6337.0,0.5275,0.7311,1.2586
6338.0,0.643,0.7417,1.3847
6339.0,0.4405,0.7248,1.1653
6340.0,0.4476,0.7512,1.1987999999999999
6341.0,0.6175,0.7514,1.3689
6342.0,0.0818,0.2045,0.2863
6343.0,0.4643,0.7262,1.1905
6344.0,0.5085,0.766,1.2745
6345.0,0.3943,0.7405,1.1348
6346.0,0.5838,0.7607,1.3445
6347.0,0.4568,0.733,1.1898
6348.0,0.6339,0.7182,1.3521
6349.0,0.6074,0.7281,1.3355000000000001
6350.0,0.5901,0.7209,1.311
6351.0,0.4077,0.6906,1.0983
6352.0,0.7598,0.7224,1.4822000000000002
6353.0,0.5339,0.7379,1.2718
6354.0,0.4593,0.7231,1.1824
6355.0,0.5573,0.7236,1.2809
6356.0,0.4578,1.9061,2.3639
6357.0,0.5207,0.7929,1.3136
6358.0,0.547,0.8376,1.3846
6359.0,0.5174,0.7929,1.3103
6360.0,0.655,0.7898,1.4447999999999999
6361.0,0.4168,0.8451,1.2619
6362.0,0.7143,0.8372,1.5515
6363.0,0.4972,0.7706,1.2677999999999998
6364.0,0.5848,0.7749,1.3597000000000001
6365.0,0.6306,0.8108,1.4414
6366.0,0.4986,0.7936,1.2922
6367.0,0.4461,0.7635,1.2096
6368.0,0.5202,0.7616,1.2818
6369.0,0.7026,0.7543,1.4569
6370.0,0.1134,0.3801,0.4935
6371.0,0.3294,0.7718,1.1012
6372.0,0.479,0.787,1.266
6373.0,0.4752,0.8068,1.282
6374.0,0.4781,0.7701,1.2482
6375.0,0.5172,0.7759,1.2931
6376.0,0.4893,0.7701,1.2594
6377.0,0.5549,0.7626,1.3175
6378.0,0.4231,0.765,1.1881
6379.0,0.4483,0.7615,1.2098
6380.0,0.4344,0.7474,1.1818
6381.0,0.4253,0.7548,1.1801
6382.0,0.4483,0.7544,1.2026999999999999
6383.0,0.5926,0.7423,1.3349
6384.0,0.7219,0.5981,1.3199999999999998
6385.0,0.7208,0.7765,1.4973
6386.0,0.6867,0.8206,1.5072999999999999
6387.0,0.9617,0.8236,1.7852999999999999
6388.0,0.5621,0.8404,1.4025
6389.0,0.5589,0.7936,1.3525
6390.0,0.5422,0.799,1.3412000000000002
6391.0,0.4519,0.7931,1.245
6392.0,0.465,0.7715,1.2365
6393.0,0.4746,0.767,1.2416
6394.0,0.6731,0.8122,1.4853
6395.0,0.4342,0.7964,1.2306
6396.0,0.6253,0.7721,1.3974
6397.0,0.4699,0.7636,1.2334999999999998
6398.0,0.0004,0.8883,0.8886999999999999
6399.0,0.5026,0.7949,1.2975
6400.0,0.5533,0.7915,1.3448
6401.0,0.5409,0.7911,1.332
6402.0,0.4061,0.819,1.2250999999999999
6403.0,0.5049,0.799,1.3039
6404.0,0.4634,0.7994,1.2628
6405.0,0.5214,0.7788,1.3002
6406.0,0.5081,0.7755,1.2835999999999999
6407.0,0.6402,0.7263,1.3664999999999998
6408.0,0.5591,0.7463,1.3054000000000001
6409.0,0.5187,0.7592,1.2779
6410.0,0.5311,0.7396,1.2707000000000002
6411.0,0.6606,0.7232,1.3838
6412.0,0.0783,0.5731,0.6514000000000001
6413.0,0.574,0.7926,1.3666
6414.0,0.4991,0.8259,1.325
6415.0,0.4807,0.8059,1.2866
6416.0,0.3647,0.7866,1.1513
6417.0,0.4442,0.7706,1.2147999999999999
6418.0,0.5736,0.7466,1.3202
6419.0,0.4781,0.7764,1.2545
6420.0,0.5827,0.7531,1.3357999999999999
6421.0,0.5235,0.7705,1.294
6422.0,0.5215,0.7619,1.2833999999999999
6423.0,0.4812,0.7402,1.2214
6424.0,0.536,0.7315,1.2675
6425.0,0.4723,0.7654,1.2377
6426.0,0.5832,0.613,1.1962000000000002
6427.0,0.7245,0.8062,1.5307
6428.0,0.5637,0.82,1.3837
6429.0,0.5238,0.8267,1.3505
6430.0,0.6316,0.8174,1.449
6431.0,0.6158,0.7953,1.4111
6432.0,0.7853,0.8154,1.6007
6433.0,0.4438,0.8039,1.2477
6434.0,0.585,0.8138,1.3988
6435.0,0.6609,0.7789,1.4398
6436.0,0.5946,0.7745,1.3691
6437.0,0.5839,0.7855,1.3694
6438.0,0.6491,0.7633,1.4123999999999999
6439.0,0.5939,0.7738,1.3677000000000001
6440.0,0.2441,0.2559,0.5
6441.0,0.475,0.772,1.2469999999999999
6442.0,0.5166,0.8066,1.3232
6443.0,0.5334,0.8237,1.3571
6444.0,0.5525,0.8042,1.3567
6445.0,0.4308,0.7529,1.1837
6446.0,0.4836,0.7847,1.2683
6447.0,0.5283,0.7567,1.2850000000000001
6448.0,0.4838,0.7306,1.2144
6449.0,0.5297,0.7383,1.2679999999999998
6450.0,0.5475,0.7291,1.2766
6451.0,0.4846,0.7488,1.2334
6452.0,0.5616,0.7263,1.2879
6453.0,0.4305,0.7351,1.1656
6454.0,0.0,0.0874,0.0874
6455.0,0.5005,0.7349,1.2353999999999998
6456.0,0.5552,0.7419,1.2971
6457.0,0.5298,0.7482,1.278
6458.0,0.5035,0.7191,1.2226
6459.0,0.4801,0.7367,1.2168
6460.0,0.4384,0.7296,1.1680000000000001
6461.0,1.1608,0.7152,1.876
6462.0,0.4125,0.7252,1.1377
6463.0,0.4768,0.7051,1.1819
6464.0,0.4495,0.7137,1.1632
6465.0,0.4354,0.7256,1.161
6466.0,0.6413,0.7085,1.3498
6467.0,0.5113,0.7147,1.226
6468.0,2.1078,1.066,3.1738
6469.0,0.4409,0.7903,1.2312
6470.0,0.4054,0.8636,1.2690000000000001
6471.0,0.4727,0.8537,1.3264
6472.0,0.6295,0.8059,1.4354
6473.0,0.5131,0.8145,1.3276
6474.0,0.4183,0.8236,1.2419
6475.0,0.5907,0.8035,1.3942
6476.0,0.6402,0.7966,1.4367999999999999
6477.0,0.4245,0.7916,1.2161
6478.0,0.7455,0.7964,1.5419
6479.0,0.4793,0.8084,1.2877
6480.0,0.5472,0.8119,1.3591
6481.0,0.4599,0.7589,1.2187999999999999
6482.0,0.0027,0.8628,0.8655
6483.0,0.5097,0.7942,1.3039
6484.0,0.4349,0.779,1.2139
6485.0,0.5321,0.8054,1.3375
6486.0,0.3987,0.8032,1.2019
6487.0,0.5026,0.7972,1.2998
6488.0,0.4731,0.8046,1.2777
6489.0,0.4449,0.7888,1.2337
6490.0,0.5969,0.77,1.3669
6491.0,0.3876,0.7322,1.1198
6492.0,0.4581,0.7613,1.2194
6493.0,0.4283,0.7446,1.1729
6494.0,0.401,0.76,1.161
6495.0,0.4906,0.7503,1.2409
6496.0,0.0031,0.3356,0.3387
6497.0,0.5343,0.7424,1.2767
6498.0,0.4466,0.7449,1.1915
6499.0,0.5562,0.7554,1.3115999999999999
6500.0,0.513,0.7408,1.2538
6501.0,0.4298,0.7457,1.1755
6502.0,0.4922,0.7311,1.2233
6503.0,0.449,0.7192,1.1682
6504.0,0.5447,0.7486,1.2933
6505.0,0.4569,0.7413,1.1982
6506.0,0.447,0.719,1.166
6507.0,0.4053,0.7644,1.1697
6508.0,0.6148,0.7302,1.345
6509.0,0.3817,0.718,1.0997
6510.0,0.0518,0.636,0.6878
6511.0,0.5413,0.7235,1.2648000000000001
6512.0,0.4979,0.7614,1.2593
6513.0,0.5715,0.7133,1.2848000000000002
6514.0,0.4945,0.7111,1.2056
6515.0,0.4666,0.7243,1.1909
6516.0,0.3786,0.7083,1.0869
6517.0,0.4765,0.7156,1.1921
6518.0,0.3653,0.7452,1.1105
6519.0,0.6811,0.7268,1.4079000000000002
6520.0,0.5245,0.7108,1.2353
6521.0,0.5527,0.7144,1.2671000000000001
6522.0,0.5147,0.7294,1.2441
6523.0,0.4683,0.6994,1.1677
6524.0,0.843,0.2711,1.1141
6525.0,0.4199,0.7419,1.1618
6526.0,0.5945,0.7694,1.3639000000000001
6527.0,0.4647,0.774,1.2387000000000001
6528.0,0.4576,0.7524,1.21
6529.0,0.5392,0.7341,1.2732999999999999
6530.0,0.5754,0.7546,1.33
6531.0,0.5285,0.7401,1.2686
6532.0,0.4654,0.7604,1.2258
6533.0,0.8275,0.736,1.5635
6534.0,0.3829,0.7233,1.1062
6535.0,0.4451,0.7169,1.162
6536.0,0.4926,0.7256,1.2182
6537.0,0.4893,0.7364,1.2257
6538.0,0.0001,1.4277,1.4278
6539.0,0.54,0.7334,1.2734
6540.0,0.4734,0.7448,1.2182
6541.0,0.5252,0.7326,1.2578
6542.0,0.4662,0.7279,1.1941
6543.0,0.5307,0.7413,1.2719999999999998
6544.0,0.4454,0.7425,1.1879
6545.0,0.4858,0.7259,1.2117
6546.0,0.4404,0.7519,1.1923
6547.0,0.6758,0.7286,1.4043999999999999
6548.0,0.4969,0.7344,1.2313
6549.0,0.6449,0.7269,1.3718
6550.0,0.6558,0.7538,1.4096000000000002
6551.0,0.5956,0.7253,1.3209
6552.0,0.0036,0.408,0.41159999999999997
6553.0,0.5286,0.719,1.2475999999999998
6554.0,0.425,0.7374,1.1624
6555.0,0.4424,0.7374,1.1798000000000002
6556.0,0.4981,0.7177,1.2158
6557.0,0.6722,0.705,1.3772
6558.0,0.6728,0.7213,1.3941
6559.0,0.3961,0.7344,1.1305
6560.0,0.5461,0.7217,1.2678
6561.0,0.5373,0.7275,1.2648000000000001
6562.0,0.4645,0.7048,1.1693
6563.0,0.5483,0.7317,1.28
6564.0,0.4813,0.6995,1.1808
6565.0,0.4452,0.7115,1.1567
6566.0,2.6045,0.8568,3.4612999999999996
6567.0,0.6969,0.7411,1.438
6568.0,0.444,0.8039,1.2479
6569.0,0.6615,0.8252,1.4867
6570.0,0.6797,0.8315,1.5112
6571.0,0.754,0.7899,1.5439
6572.0,0.5062,0.7711,1.2772999999999999
6573.0,0.6226,0.7671,1.3897
6574.0,0.7731,0.78,1.5531000000000001
6575.0,0.4747,0.7896,1.2643
6576.0,0.5012,0.7578,1.259
6577.0,0.4372,0.7965,1.2337
6578.0,0.5605,0.7607,1.3212000000000002
6579.0,0.5067,0.7931,1.2998
6580.0,0.0019,0.4306,0.4325
6581.0,0.5739,0.7951,1.369
6582.0,0.5597,0.8001,1.3598
6583.0,0.609,0.7889,1.3979
6584.0,0.6237,0.8127,1.4364
6585.0,0.5807,0.7485,1.3292000000000002
6586.0,0.5132,0.7912,1.3044
6587.0,0.4789,0.7956,1.2745
6588.0,0.5555,0.7876,1.3431
6589.0,0.5737,0.7604,1.3340999999999998
6590.0,0.5807,0.7797,1.3603999999999998
6591.0,0.5933,0.786,1.3793000000000002
6592.0,0.5312,0.7694,1.3006
6593.0,0.4888,0.7409,1.2297
6594.0,0.1491,1.8056,1.9547
6595.0,0.469,0.7511,1.2201
6596.0,0.4631,0.8073,1.2704
6597.0,0.538,0.8272,1.3652000000000002
6598.0,0.5173,0.816,1.3333
6599.0,0.4734,0.7971,1.2705
6600.0,0.5722,0.8233,1.3955000000000002
6601.0,0.6346,0.843,1.4776
6602.0,0.5318,0.7964,1.3282
6603.0,0.5407,0.7819,1.3226
6604.0,0.5714,0.7546,1.326
6605.0,0.521,0.7528,1.2738
6606.0,0.5028,0.7735,1.2763
6607.0,1.0648,0.7555,1.8203
6608.0,0.0946,0.1954,0.29
6609.0,0.6754,0.7602,1.4356
6610.0,0.5872,0.744,1.3312
6611.0,0.6087,0.7503,1.359
6612.0,0.6216,0.7663,1.3879000000000001
6613.0,1.1373,0.7682,1.9055
6614.0,0.4957,0.7914,1.2871
6615.0,0.497,0.7581,1.2551
6616.0,0.4912,0.7331,1.2243
6617.0,0.4947,0.7264,1.2211
6618.0,0.4149,0.7385,1.1534
6619.0,0.8127,0.7546,1.5673
6620.0,0.5327,0.7558,1.2885
6621.0,0.6129,0.7299,1.3428
6622.0,0.1379,1.3904,1.5283
6623.0,0.5943,0.7416,1.3359
6624.0,0.6341,0.7256,1.3597000000000001
6625.0,0.5249,0.7552,1.2801
6626.0,0.4951,0.7424,1.2374999999999998
6627.0,0.4642,0.781,1.2452
6628.0,0.6456,0.7801,1.4257
6629.0,0.5239,0.7464,1.2703
6630.0,0.43,0.7509,1.1809
6631.0,0.6075,0.7456,1.3531
6632.0,0.5738,0.7456,1.3194
6633.0,1.609,0.7427,2.3517
6634.0,0.4601,0.7197,1.1798
6635.0,0.4789,0.7323,1.2111999999999998
6636.0,0.014,0.7665,0.7805
6637.0,0.4525,0.7407,1.1932
6638.0,0.532,0.7289,1.2609
6639.0,0.3739,0.7474,1.1213
6640.0,0.5063,0.7259,1.2322
6641.0,0.3839,0.7227,1.1066
6642.0,0.4928,0.758,1.2508
6643.0,0.488,0.7385,1.2265000000000001
6644.0,1.0177,0.7345,1.7522000000000002
6645.0,0.6316,0.7502,1.3818000000000001
6646.0,0.4838,0.7552,1.2389999999999999
6647.0,0.3819,0.7636,1.1455
6648.0,0.5916,0.7453,1.3369
6649.0,0.5605,0.7523,1.3128
6650.0,0.048,0.5614,0.6094
6651.0,0.5288,0.7232,1.252
6652.0,0.4848,0.7495,1.2343000000000002
6653.0,0.5807,0.7503,1.331
6654.0,0.5483,0.7231,1.2713999999999999
6655.0,0.4014,0.7529,1.1543
6656.0,0.516,0.7383,1.2543
6657.0,0.5874,0.7326,1.32
6658.0,0.4914,0.7301,1.2215
6659.0,0.6005,0.7293,1.3298
6660.0,0.4725,0.7497,1.2222
6661.0,0.518,0.7178,1.2358
6662.0,0.4703,0.7136,1.1839
6663.0,0.4725,0.7239,1.1964
6664.0,0.0719,0.4974,0.5693
6665.0,0.4544,0.7278,1.1822
6666.0,0.4625,0.7575,1.22
6667.0,0.5955,0.7558,1.3513000000000002
6668.0,0.6113,0.7466,1.3578999999999999
6669.0,0.5619,0.734,1.2959
6670.0,0.5102,0.7353,1.2454999999999998
6671.0,0.5117,0.7314,1.2431
6672.0,0.5665,0.7277,1.2942
6673.0,0.5403,0.7272,1.2675
6674.0,0.4474,0.7189,1.1663000000000001
6675.0,0.5005,0.7256,1.2261
6676.0,0.3536,0.7258,1.0794000000000001
6677.0,0.4009,0.6986,1.0995
6678.0,0.0529,0.5958,0.6487
6679.0,0.5389,0.7032,1.2421000000000002
6680.0,0.5189,0.6988,1.2177
6681.0,0.5011,0.7271,1.2282
6682.0,0.3496,0.7034,1.053
6683.0,0.5728,0.7032,1.276
6684.0,0.5773,0.7176,1.2949000000000002
6685.0,0.4913,0.7297,1.221
6686.0,0.4408,0.716,1.1568
6687.0,0.5463,0.7327,1.279
6688.0,0.6108,0.7224,1.3332000000000002
6689.0,0.3735,0.7095,1.083
6690.0,0.3611,0.7325,1.0936
6691.0,0.368,0.6904,1.0584
6692.0,0.1499,0.4874,0.6373
6693.0,0.4912,0.7171,1.2083
6694.0,0.3872,0.6909,1.0781
6695.0,0.4835,0.6821,1.1656
6696.0,0.4917,0.7197,1.2114
6697.0,0.5024,0.7151,1.2174999999999998
6698.0,0.5542,0.691,1.2452
6699.0,0.4069,0.7001,1.107
6700.0,0.4016,0.6897,1.0913
6701.0,0.5068,0.7181,1.2248999999999999
6702.0,0.4842,0.7103,1.1945000000000001
6703.0,0.4755,0.6783,1.1538
6704.0,0.4616,0.6983,1.1599
6705.0,0.4168,0.714,1.1308
6706.0,1.3514,0.399,1.7504
6707.0,0.4497,0.7326,1.1823000000000001
6708.0,0.5587,0.7794,1.3380999999999998
6709.0,0.541,0.7825,1.3235000000000001
6710.0,0.5305,0.7752,1.3056999999999999
6711.0,0.5039,0.7316,1.2355
6712.0,0.6245,0.7546,1.3791000000000002
6713.0,0.4607,0.7538,1.2145000000000001
6714.0,0.4561,0.7525,1.2086
6715.0,0.5679,0.7516,1.3195000000000001
6716.0,0.486,0.7292,1.2151999999999998
6717.0,0.4612,0.7102,1.1714
6718.0,0.4125,0.7573,1.1698
6719.0,0.4934,0.7238,1.2172
6720.0,0.0035,0.6309,0.6344
6721.0,0.6525,0.7031,1.3556
6722.0,0.4732,0.7367,1.2099
6723.0,0.4987,0.7272,1.2259
6724.0,0.6038,0.7169,1.3207
6725.0,0.525,0.7094,1.2344
6726.0,0.4997,0.7278,1.2275
6727.0,0.4706,0.7208,1.1914
6728.0,0.5395,0.7142,1.2536999999999998
6729.0,0.4299,0.693,1.1229
6730.0,0.6227,0.7296,1.3523
6731.0,0.4573,0.7131,1.1703999999999999
6732.0,0.5541,0.7135,1.2676
6733.0,0.6137,0.7112,1.3249
6734.0,0.7559,0.9272,1.6831
6735.0,0.5365,0.7162,1.2527
6736.0,0.4724,0.7673,1.2397
6737.0,0.4479,0.7755,1.2234
6738.0,0.5053,0.756,1.2612999999999999
6739.0,0.533,0.777,1.31
6740.0,0.6348,0.7604,1.3952
6741.0,0.4735,0.7759,1.2494
6742.0,0.5179,0.7825,1.3004
6743.0,0.5219,0.7594,1.2812999999999999
6744.0,0.4194,0.736,1.1554
6745.0,0.5356,0.7377,1.2732999999999999
6746.0,0.6914,0.7442,1.4356
6747.0,0.4918,0.7389,1.2307000000000001
6748.0,0.092,0.2609,0.3529
6749.0,0.3994,0.7389,1.1383
6750.0,0.5275,0.7518,1.2793
6751.0,0.7931,0.7612,1.5543
6752.0,0.5327,0.7512,1.2839
6753.0,0.4723,0.7329,1.2052
6754.0,0.6607,0.7389,1.3996
6755.0,0.4927,0.7417,1.2344
6756.0,0.4678,0.7463,1.2141
6757.0,0.4092,0.7368,1.146
6758.0,0.4965,0.7468,1.2433
6759.0,0.4982,0.7294,1.2276
6760.0,0.5273,0.7398,1.2671000000000001
6761.0,0.5513,0.7117,1.263
6762.0,0.1417,0.6972,0.8389
6763.0,0.5193,0.7159,1.2351999999999999
6764.0,0.4812,0.7263,1.2075
6765.0,0.586,0.7361,1.3220999999999998
6766.0,0.5441,0.7376,1.2817
6767.0,0.6262,0.7337,1.3599
6768.0,0.5512,0.7476,1.2988
6769.0,0.4215,0.7081,1.1296
6770.0,0.4565,0.7041,1.1606
6771.0,0.4151,0.7068,1.1219000000000001
6772.0,0.5081,0.7155,1.2236
6773.0,0.5406,0.7124,1.2530000000000001
6774.0,0.5219,0.7144,1.2363
6775.0,0.5322,0.7013,1.2335
6776.0,0.4028,1.1961,1.5989
6777.0,0.4287,0.7152,1.1439
6778.0,0.5275,0.7204,1.2479
6779.0,0.6651,0.7307,1.3958
6780.0,0.4965,0.7253,1.2218
6781.0,0.4551,0.7285,1.1836
6782.0,0.4426,0.7257,1.1683
6783.0,0.4255,0.7203,1.1458
6784.0,0.4699,0.7242,1.1941
6785.0,0.4433,0.7287,1.1720000000000002
6786.0,0.5162,0.7111,1.2273
6787.0,0.3831,0.7189,1.1019999999999999
6788.0,0.5202,0.7144,1.2346
6789.0,0.3976,0.7195,1.1171
6790.0,0.0397,1.8531,1.8928
6791.0,0.5763,0.7083,1.2846000000000002
6792.0,0.4895,0.7212,1.2106999999999999
6793.0,0.6072,0.7245,1.3317
6794.0,0.3822,0.7407,1.1229
6795.0,0.4415,0.7082,1.1497000000000002
6796.0,0.4935,0.7158,1.2093
6797.0,0.5325,0.7396,1.2721
6798.0,0.6487,0.7176,1.3663
6799.0,0.5126,0.7184,1.2309999999999999
6800.0,0.5317,0.7347,1.2664
6801.0,0.4452,0.7047,1.1499
6802.0,0.6255,0.7379,1.3634
6803.0,0.4579,0.7205,1.1784
6804.0,0.0004,0.82,0.8203999999999999
6805.0,0.5283,0.7057,1.234
6806.0,0.7127,0.719,1.4317
6807.0,0.5521,0.7467,1.2988
6808.0,0.5325,0.7525,1.285
6809.0,0.4536,0.7251,1.1787
6810.0,0.4496,0.7322,1.1818
6811.0,0.4617,0.7273,1.189
6812.0,0.5367,0.7163,1.2530000000000001
6813.0,0.4454,0.7157,1.1611
6814.0,0.4166,0.7278,1.1444
6815.0,0.489,0.7273,1.2163
6816.0,0.5256,0.7055,1.2311
6817.0,0.4262,0.7166,1.1428
6818.0,0.0997,1.4921,1.5917999999999999
6819.0,0.4956,0.7055,1.2011
6820.0,1.013,0.7325,1.7454999999999998
6821.0,0.3631,0.7559,1.119
6822.0,0.4851,0.729,1.2141
6823.0,0.484,0.741,1.225
6824.0,0.5718,0.7091,1.2809
6825.0,0.4903,0.7384,1.2287
6826.0,0.6012,0.7068,1.3079999999999998
6827.0,0.4515,0.722,1.1735
6828.0,0.4501,0.7184,1.1685
6829.0,0.5458,0.726,1.2717999999999998
6830.0,0.6051,0.7112,1.3163
6831.0,0.6456,0.7005,1.3460999999999999
6832.0,0.4441,0.4975,0.9416
6833.0,0.5369,0.6981,1.235
6834.0,0.6878,0.7133,1.4011
6835.0,0.702,0.7358,1.4378
6836.0,0.5697,0.7119,1.2816
6837.0,0.478,0.7407,1.2187000000000001
6838.0,0.4937,0.7615,1.2551999999999999
6839.0,0.5047,0.7519,1.2566000000000002
6840.0,0.4267,0.7484,1.1751
6841.0,0.5306,0.7117,1.2423
6842.0,0.5012,0.721,1.2222
6843.0,0.5483,0.7066,1.2549000000000001
6844.0,0.6484,0.7155,1.3639000000000001
6845.0,0.4687,0.7158,1.1844999999999999
6846.0,0.2904,0.3679,0.6583
6847.0,0.4738,0.7184,1.1922000000000001
6848.0,0.4404,0.7572,1.1976
6849.0,0.6899,0.7789,1.4687999999999999
6850.0,0.4047,0.7578,1.1625
6851.0,0.4951,0.7699,1.2650000000000001
6852.0,0.4481,0.7523,1.2004
6853.0,0.4096,0.739,1.1486
6854.0,0.36,0.7315,1.0915
6855.0,0.4304,0.7326,1.163
6856.0,0.5095,0.7372,1.2467
6857.0,0.5483,0.6922,1.2405
6858.0,0.4527,0.7257,1.1784
6859.0,0.4885,0.7179,1.2064
6860.0,1.0358,0.312,1.3478
6861.0,0.3918,0.7367,1.1285
6862.0,0.4236,0.7443,1.1679
6863.0,0.4197,0.7492,1.1689
6864.0,0.444,0.7719,1.2159
6865.0,0.3561,0.7297,1.0858
6866.0,0.4068,0.7525,1.1593
6867.0,0.4377,0.7641,1.2018
6868.0,0.4214,0.7457,1.1671
6869.0,0.4186,0.7244,1.143
6870.0,0.4668,0.7329,1.1997
6871.0,0.4773,0.6944,1.1717
6872.0,0.5708,0.6891,1.2599
6873.0,0.5107,0.6864,1.1971
6874.0,0.0313,0.4412,0.4725
6875.0,0.4062,0.7055,1.1117
6876.0,0.4343,0.7352,1.1695
6877.0,0.7529,0.7444,1.4973
6878.0,0.4741,0.7281,1.2022
6879.0,0.4936,0.7207,1.2143
6880.0,0.415,0.7022,1.1172
6881.0,0.6415,0.7223,1.3638
6882.0,0.5214,0.7242,1.2456
6883.0,0.5155,0.7182,1.2336999999999998
6884.0,0.6093,0.7023,1.3115999999999999
6885.0,0.4651,0.7144,1.1795
6886.0,0.6658,0.6973,1.3631
6887.0,0.4586,0.6924,1.151
6888.0,4.1801,1.0542,5.2343
6889.0,0.7054,0.7843,1.4897
6890.0,1.071,0.986,2.057
6891.0,1.2868,1.0124,2.2992
6892.0,1.0628,0.9336,1.9964
6893.0,0.7187,0.8596,1.5783
6894.0,0.4249,0.8574,1.2823
6895.0,0.4405,0.8316,1.2721
6896.0,0.5511,0.8352,1.3863
6897.0,0.5292,0.8243,1.3535
6898.0,0.7246,0.8007,1.5253
6899.0,0.4914,0.8403,1.3317
6900.0,0.604,0.8016,1.4056
6901.0,0.6703,0.8208,1.4910999999999999
6902.0,0.0048,0.4813,0.48610000000000003
6903.0,0.4966,0.8424,1.339
6904.0,0.4237,0.8281,1.2518
6905.0,0.605,0.7929,1.3979
6906.0,0.5457,0.7506,1.2963
6907.0,0.5285,0.7623,1.2908
6908.0,0.6707,0.7694,1.4401
6909.0,0.5833,0.7392,1.3225
6910.0,0.5395,0.7481,1.2875999999999999
6911.0,0.5084,0.7476,1.256
6912.0,0.4967,0.7567,1.2534
6913.0,0.4286,0.7495,1.1781000000000001
6914.0,0.4484,0.7383,1.1867
6915.0,0.3689,0.745,1.1139000000000001
6916.0,0.0948,0.7141,0.8089
6917.0,0.4979,0.7521,1.25
6918.0,0.5209,0.7693,1.2902
6919.0,0.8869,0.7523,1.6392
6920.0,0.4672,0.7526,1.2198
6921.0,0.4028,0.7566,1.1594
6922.0,0.6277,0.7384,1.3660999999999999
6923.0,0.5016,0.731,1.2326000000000001
6924.0,0.4887,0.7367,1.2254
6925.0,0.56,0.735,1.295
6926.0,0.5251,0.7573,1.2824
6927.0,0.4811,0.742,1.2231
6928.0,0.4278,0.7103,1.1381000000000001
6929.0,0.4502,0.7289,1.1791
6930.0,0.1556,0.7933,0.9489
6931.0,0.5598,0.7293,1.2891
6932.0,0.5918,0.7264,1.3182
6933.0,0.6,0.7401,1.3401
6934.0,0.5066,0.7145,1.2211
6935.0,0.541,0.7052,1.2462
6936.0,0.5716,0.7323,1.3039
6937.0,0.5097,0.7063,1.2160000000000002
6938.0,0.575,0.7068,1.2818
6939.0,0.5037,0.7266,1.2303000000000002
6940.0,0.5165,0.723,1.2395
6941.0,0.519,0.7195,1.2385000000000002
6942.0,0.6644,0.7013,1.3657
6943.0,0.504,0.6975,1.2015
6944.0,0.0054,0.3246,0.33
6945.0,0.4536,0.7229,1.1764999999999999
6946.0,0.5492,0.7138,1.263
6947.0,0.4903,0.7176,1.2079
6948.0,0.4102,0.7085,1.1187
6949.0,0.5297,0.7081,1.2378
6950.0,0.5065,0.7,1.2065
6951.0,0.486,0.6773,1.1633
6952.0,0.5978,0.6997,1.2974999999999999
6953.0,0.3846,0.715,1.0996
6954.0,0.511,0.7004,1.2114
6955.0,0.3728,0.6869,1.0596999999999999
6956.0,0.8143,0.7172,1.5314999999999999
6957.0,0.4674,0.7004,1.1678
6958.0,0.0002,1.072,1.0722
6959.0,0.4348,0.7146,1.1494
6960.0,0.8556,0.7178,1.5734
6961.0,0.496,0.7144,1.2104
6962.0,0.4034,0.7169,1.1202999999999999
6963.0,0.4912,0.7073,1.1985000000000001
6964.0,0.4158,0.7154,1.1312
6965.0,0.4851,0.6845,1.1696
6966.0,0.6024,0.7057,1.3081
6967.0,0.4471,0.7095,1.1566
6968.0,0.463,0.7045,1.1675
6969.0,0.5386,0.7072,1.2458
6970.0,0.4588,0.6831,1.1419000000000001
6971.0,0.4358,0.7021,1.1379
6972.0,0.0949,0.511,0.6059
6973.0,0.6657,0.698,1.3637
6974.0,0.4793,0.7229,1.2022
6975.0,0.437,0.7456,1.1826
6976.0,0.3991,0.7331,1.1322
6977.0,0.4737,0.7116,1.1853
6978.0,0.4773,0.7095,1.1868
6979.0,0.4831,0.7174,1.2005
6980.0,0.4722,0.6886,1.1608
6981.0,0.464,0.7194,1.1834
6982.0,0.5737,0.7141,1.2877999999999998
6983.0,0.7067,0.7095,1.4162
6984.0,0.5187,0.6949,1.2136
6985.0,0.5346,0.696,1.2306
6986.0,0.2796,0.2193,0.4989
6987.0,0.5203,0.7022,1.2225000000000001
6988.0,0.4355,0.7199,1.1554
6989.0,0.4056,0.7277,1.1333
6990.0,0.6265,0.7529,1.3794
6991.0,0.475,0.744,1.2189999999999999
6992.0,0.4839,0.6974,1.1813
6993.0,0.5846,0.7193,1.3039
6994.0,0.5019,0.7017,1.2036
6995.0,0.4129,0.7146,1.1275
6996.0,0.444,0.7024,1.1464
6997.0,1.2094,0.6757,1.8851
6998.0,0.4961,0.7069,1.2029999999999998
6999.0,0.4396,0.7032,1.1428
7000.0,0.1052,0.8848,0.99
7001.0,0.4571,0.7081,1.1652
7002.0,0.5034,0.725,1.2284
7003.0,0.6438,0.7438,1.3876
7004.0,0.574,0.7296,1.3035999999999999
7005.0,0.6133,0.7194,1.3327
7006.0,0.4122,0.738,1.1502
7007.0,0.3994,0.7286,1.1280000000000001
7008.0,0.5332,0.7412,1.2744
7009.0,0.542,0.7435,1.2855
7010.0,0.4848,0.732,1.2168
7011.0,0.4013,0.7101,1.1114
7012.0,0.5998,0.7101,1.3098999999999998
7013.0,0.5171,0.7099,1.2269999999999999
7014.0,0.0125,0.567,0.5794999999999999
7015.0,0.6253,0.7005,1.3258
7016.0,0.5021,0.7039,1.206
7017.0,0.6049,0.7196,1.3245
7018.0,0.7039,0.7075,1.4114
7019.0,0.3986,0.6921,1.0907
7020.0,0.5991,0.719,1.3180999999999998
7021.0,0.4805,0.7269,1.2074
7022.0,0.4135,0.7292,1.1427
7023.0,0.5772,0.7106,1.2878
7024.0,0.4881,0.689,1.1770999999999998
7025.0,0.4958,0.721,1.2168
7026.0,0.4858,0.7035,1.1893
7027.0,0.3692,0.6673,1.0365
7028.0,0.0251,0.7633,0.7884
7029.0,0.5716,0.6972,1.2688000000000001
7030.0,0.3798,0.7518,1.1316000000000002
7031.0,0.5602,0.725,1.2852000000000001
7032.0,0.6563,0.7066,1.3629
7033.0,0.6949,0.7194,1.4143
7034.0,0.5134,0.6834,1.1968
7035.0,0.426,0.701,1.127
7036.0,0.5774,0.689,1.2664
7037.0,0.3864,0.7193,1.1057000000000001
7038.0,0.5337,0.7059,1.2395999999999998
7039.0,0.4288,0.7045,1.1333
7040.0,0.5631,0.6904,1.2535
7041.0,0.4985,0.689,1.1875
7042.0,1.2117,1.3228,2.5345
7043.0,0.3788,0.7169,1.0957
7044.0,0.575,0.798,1.373
7045.0,0.7758,0.8401,1.6159
7046.0,0.4942,0.8087,1.3029
7047.0,0.5515,0.8005,1.3519999999999999
7048.0,0.5886,0.7976,1.3862
7049.0,0.669,0.7877,1.4567
7050.0,0.6548,0.764,1.4188
7051.0,0.5394,0.8005,1.3399
7052.0,0.6151,0.7567,1.3718
7053.0,0.5485,0.7678,1.3163
7054.0,0.446,0.7904,1.2364
7055.0,0.4689,0.7956,1.2645
7056.0,0.8596,0.81,1.6696
7057.0,0.6655,0.8608,1.5263
7058.0,0.6208,0.9614,1.5822
7059.0,0.5532,0.9373,1.4905
7060.0,0.5809,0.8725,1.4534
7061.0,0.5946,0.8349,1.4295
7062.0,0.6594,0.8365,1.4959
7063.0,0.4321,0.8708,1.3029
7064.0,0.3864,0.8452,1.2316
7065.0,0.4699,0.8518,1.3216999999999999
7066.0,0.5108,0.8416,1.3524
7067.0,0.6255,0.8415,1.467
7068.0,0.4753,0.8186,1.2939
7069.0,0.5762,0.8021,1.3783
7070.0,0.1577,0.3144,0.4721
7071.0,0.6008,0.8207,1.4215
7072.0,0.4724,0.8029,1.2752999999999999
7073.0,0.4307,0.7915,1.2222
7074.0,0.7611,0.8053,1.5664
7075.0,0.4726,0.7757,1.2483
7076.0,0.4488,0.7868,1.2356
7077.0,0.4584,0.7795,1.2379
7078.0,0.7158,0.7703,1.4861
7079.0,0.5005,0.7557,1.2562
7080.0,0.5338,0.7363,1.2701
7081.0,0.5823,0.7477,1.33
7082.0,0.4951,0.7302,1.2252999999999998
7083.0,0.6113,0.7314,1.3427
7084.0,0.1537,0.578,0.7317
7085.0,0.8116,0.7239,1.5354999999999999
7086.0,0.3725,0.7672,1.1397
7087.0,0.7071,0.7185,1.4256
7088.0,0.555,0.7456,1.3006000000000002
7089.0,0.614,0.7165,1.3305
7090.0,0.4819,0.7285,1.2104
7091.0,0.44,0.7414,1.1814
7092.0,0.5074,0.7329,1.2403
7093.0,0.4429,0.7236,1.1665
7094.0,0.5949,0.7135,1.3084
7095.0,0.4229,0.7127,1.1356
7096.0,0.5034,0.7152,1.2186
7097.0,0.4239,0.7337,1.1576
7098.0,0.0098,0.4971,0.5069
7099.0,0.5045,0.745,1.2494999999999998
7100.0,0.4014,0.7485,1.1499000000000001
7101.0,0.7346,0.7087,1.4433
7102.0,0.4856,0.7018,1.1874
7103.0,0.5798,0.719,1.2988
7104.0,0.4106,0.6931,1.1037000000000001
7105.0,0.4502,0.7151,1.1653
7106.0,0.4694,0.6992,1.1686
7107.0,0.4285,0.6978,1.1263
7108.0,0.4377,0.6866,1.1242999999999999
7109.0,0.4099,0.702,1.1118999999999999
7110.0,0.4982,0.6826,1.1808
7111.0,0.4835,0.6939,1.1774
7112.0,4.7465,0.803,5.5495
7113.0,0.5576,0.7522,1.3098
7114.0,0.4466,0.8093,1.2559
7115.0,0.5684,0.8229,1.3913
7116.0,0.544,0.7997,1.3437000000000001
7117.0,0.6279,0.7849,1.4128
7118.0,0.7873,0.8003,1.5876000000000001
7119.0,0.4111,0.7958,1.2069
7120.0,0.4863,0.7642,1.2505
7121.0,0.4814,0.7435,1.2249
7122.0,0.5322,0.735,1.2671999999999999
7123.0,0.4493,0.7512,1.2005
7124.0,0.4773,0.7635,1.2408
7125.0,0.5438,0.7555,1.2993
7126.0,4.4975,0.5189,5.0164
7127.0,0.5911,0.8355,1.4266
7128.0,0.9965,0.9656,1.9621
7129.0,1.2037,0.9963,2.2
7130.0,0.8303,0.9347,1.7650000000000001
7131.0,0.4792,0.9309,1.4101
7132.0,0.4369,0.9462,1.3831
7133.0,0.7644,0.9333,1.6977
7134.0,0.6469,0.92,1.5669
7135.0,0.6313,0.9496,1.5809
7136.0,0.8129,0.919,1.7319
7137.0,0.4637,0.9256,1.3893
7138.0,0.4942,0.9177,1.4119
7139.0,0.4548,0.9129,1.3677000000000001
7140.0,0.0689,0.7112,0.7801
7141.0,0.5317,0.9277,1.4594
7142.0,0.495,0.9144,1.4094
7143.0,0.5289,0.9276,1.4565000000000001
7144.0,0.5327,0.8846,1.4173
7145.0,0.4767,0.8689,1.3456000000000001
7146.0,0.4575,0.8725,1.33
7147.0,0.6269,0.8432,1.4701
7148.0,0.4428,0.8724,1.3152
7149.0,0.3876,0.8435,1.2311
7150.0,0.4001,0.8386,1.2387000000000001
7151.0,0.5954,0.84,1.4354
7152.0,0.5738,0.8232,1.397
7153.0,0.551,0.828,1.379
7154.0,0.0,0.7639,0.7639
7155.0,0.5069,0.8444,1.3513000000000002
7156.0,0.456,0.8274,1.2834
7157.0,0.4543,0.8217,1.276
7158.0,0.6888,0.8047,1.4935
7159.0,0.4424,0.7935,1.2359
7160.0,0.6381,0.7847,1.4228
7161.0,0.4725,0.8014,1.2739
7162.0,0.458,0.805,1.2630000000000001
7163.0,0.5953,0.7921,1.3874
7164.0,0.5226,0.8023,1.3249
7165.0,0.5421,0.7657,1.3078
7166.0,0.753,0.7893,1.5423
7167.0,0.6845,0.7567,1.4412
7168.0,0.2316,0.2967,0.5283
7169.0,0.583,0.7501,1.3331
7170.0,0.4636,0.7708,1.2344
7171.0,0.4866,0.7634,1.25
7172.0,0.4671,0.7662,1.2333
7173.0,0.4925,0.7782,1.2707
7174.0,0.8082,0.7585,1.5667
7175.0,0.6221,0.7664,1.3885
7176.0,0.3972,0.7689,1.1661000000000001
7177.0,0.4732,0.7688,1.242
7178.0,0.6032,0.7619,1.3651
7179.0,0.4911,0.7451,1.2362
7180.0,0.4382,0.7444,1.1825999999999999
7181.0,0.4763,0.7559,1.2322
7182.0,0.0001,1.6967,1.6968
7183.0,0.6257,0.7519,1.3776000000000002
7184.0,0.4372,0.7752,1.2124
7185.0,0.6909,0.7557,1.4466
7186.0,0.4494,0.7963,1.2457
7187.0,0.4219,0.7809,1.2028
7188.0,0.5527,0.7851,1.3378
7189.0,0.5672,0.7656,1.3328
7190.0,0.5643,0.77,1.3343
7191.0,0.5673,0.771,1.3383
7192.0,0.4405,0.7365,1.177
7193.0,0.4225,0.7415,1.1640000000000001
7194.0,0.4782,0.7852,1.2634
7195.0,0.4799,0.7514,1.2313
7196.0,0.2331,0.6128,0.8459
7197.0,0.4084,0.766,1.1743999999999999
7198.0,0.5039,0.7475,1.2514
7199.0,0.5873,0.7686,1.3559
7200.0,0.4577,0.7568,1.2145000000000001
7201.0,0.4514,0.7509,1.2023000000000001
7202.0,0.5584,0.7488,1.3072
7203.0,0.5905,0.7456,1.3361
7204.0,0.4685,0.7278,1.1963
7205.0,0.4927,0.7484,1.2410999999999999
7206.0,0.4614,0.7437,1.2051
7207.0,0.44,0.7832,1.2232
7208.0,0.5156,0.7314,1.2469999999999999
7209.0,0.5743,0.7235,1.2978
7210.0,0.1421,0.5845,0.7266
7211.0,0.5036,0.7259,1.2295
7212.0,0.4814,0.7518,1.2332
7213.0,0.4946,0.7324,1.227
7214.0,0.3777,0.7418,1.1195
7215.0,0.4744,0.7215,1.1959
7216.0,0.4967,0.748,1.2447
7217.0,0.5073,0.7258,1.2330999999999999
7218.0,0.6273,0.7211,1.3483999999999998
7219.0,0.4465,0.7237,1.1702
7220.0,0.473,0.7224,1.1954
7221.0,0.5879,0.7301,1.318
7222.0,0.4049,0.714,1.1189
7223.0,0.5412,0.7322,1.2734
7224.0,0.7465,0.4041,1.1506
7225.0,0.5912,0.7227,1.3138999999999998
7226.0,0.4788,0.7454,1.2242
7227.0,0.4921,0.7835,1.2755999999999998
7228.0,0.323,0.7782,1.1012
7229.0,0.5998,0.7681,1.3679000000000001
7230.0,0.4995,0.7563,1.2558
7231.0,0.5019,0.7426,1.2445
7232.0,0.4976,0.7644,1.262
7233.0,0.4885,0.7463,1.2348
7234.0,0.5051,0.7453,1.2504
7235.0,0.8884,0.7172,1.6056
7236.0,0.5697,0.737,1.3067
7237.0,0.6996,0.7163,1.4159000000000002
7238.0,0.3695,0.5265,0.8959999999999999
7239.0,0.6313,0.7425,1.3738000000000001
7240.0,0.3828,0.7982,1.181
7241.0,0.6454,0.8212,1.4666000000000001
7242.0,0.6198,0.8445,1.4643000000000002
7243.0,0.5488,0.8232,1.3719999999999999
7244.0,0.6947,0.7785,1.4731999999999998
7245.0,0.4932,0.7686,1.2618
7246.0,0.5267,0.7521,1.2788
7247.0,0.4951,0.726,1.2210999999999999
7248.0,0.3843,0.7533,1.1376
7249.0,0.3611,0.7534,1.1145
7250.0,0.4742,0.78,1.2542
7251.0,0.4131,0.7498,1.1629
7252.0,0.2405,0.3668,0.6073
7253.0,0.4425,0.7484,1.1909
7254.0,0.4306,0.7831,1.2137
7255.0,0.4234,0.7649,1.1883
7256.0,0.4675,0.7682,1.2357
7257.0,0.5254,0.7456,1.271
7258.0,1.0988,0.7614,1.8601999999999999
7259.0,0.381,0.7472,1.1282
7260.0,0.4438,0.7491,1.1928999999999998
7261.0,0.4567,0.7568,1.2135
7262.0,0.5284,0.722,1.2504
7263.0,0.5325,0.7091,1.2416
7264.0,0.4949,0.7382,1.2330999999999999
7265.0,0.5148,0.7368,1.2516
7266.0,0.3986,0.3997,0.7983
7267.0,0.5205,0.7451,1.2656
7268.0,0.4277,0.7573,1.185
7269.0,0.4524,0.7515,1.2039
7270.0,0.5742,0.7388,1.3130000000000002
7271.0,0.532,0.7302,1.2622
7272.0,0.5041,0.7234,1.2275
7273.0,0.6024,0.7471,1.3495
7274.0,0.3598,0.7431,1.1029
7275.0,0.478,0.7296,1.2076
7276.0,0.7217,0.739,1.4607
7277.0,0.5459,0.7461,1.292
7278.0,0.467,0.725,1.192
7279.0,0.3877,0.7178,1.1055
7280.0,0.0,0.7898,0.7898
7281.0,0.5032,0.7338,1.237
7282.0,0.4556,0.7305,1.1861000000000002
7283.0,0.6819,0.7459,1.4278
7284.0,0.5479,0.7259,1.2738
7285.0,0.4072,0.7419,1.1491
7286.0,0.4329,0.7467,1.1796
7287.0,0.497,0.7331,1.2301
7288.0,0.4064,0.7401,1.1465
7289.0,0.6368,0.7228,1.3596
7290.0,0.3967,0.7279,1.1246
7291.0,0.4392,0.7167,1.1559
7292.0,0.4152,0.7205,1.1357
7293.0,0.4719,0.7071,1.1789999999999998
7294.0,1.9905,0.5221,2.5126
7295.0,0.6453,0.735,1.3803
7296.0,0.5488,0.7771,1.3258999999999999
7297.0,0.4662,0.8279,1.2941
7298.0,0.5603,0.8412,1.4015
7299.0,0.495,0.805,1.3
7300.0,1.1758,0.78,1.9558
7301.0,0.6246,0.7532,1.3778000000000001
7302.0,0.6678,0.7764,1.4442
7303.0,0.6928,0.7704,1.4632
7304.0,0.5134,0.7668,1.2802
7305.0,0.6032,0.7646,1.3678
7306.0,0.4244,0.7782,1.2026
7307.0,0.4945,0.7838,1.2783
7308.0,0.1053,0.4875,0.5928
7309.0,0.5045,0.7594,1.2639
7310.0,0.5969,0.7777,1.3746
7311.0,0.5376,0.7534,1.291
7312.0,0.3955,0.7537,1.1492
7313.0,0.502,0.7716,1.2736
7314.0,0.5039,0.7666,1.2705
7315.0,0.5496,0.7462,1.2957999999999998
7316.0,0.5776,0.7367,1.3143
7317.0,0.5003,0.7434,1.2437
7318.0,0.4107,0.7354,1.1461000000000001
7319.0,0.409,0.7485,1.1575
7320.0,0.6304,0.7414,1.3718
7321.0,0.4359,0.7266,1.1625
7322.0,0.001,1.0071,1.0081
7323.0,0.6431,0.706,1.3491
7324.0,0.5361,0.7289,1.2650000000000001
7325.0,0.5433,0.7329,1.2762
7326.0,0.5264,0.7429,1.2692999999999999
7327.0,0.3771,0.721,1.0981
7328.0,0.5457,0.749,1.2947
7329.0,0.4313,0.7346,1.1659000000000002
7330.0,0.5178,0.7177,1.2355
7331.0,0.4955,0.736,1.2315
7332.0,0.8654,0.7284,1.5937999999999999
7333.0,0.4544,0.7114,1.1658
7334.0,0.4731,0.7332,1.2063
7335.0,0.4884,0.6924,1.1808
7336.0,0.073,0.4665,0.5395
7337.0,0.518,0.7075,1.2255
7338.0,0.7405,0.7036,1.4441000000000002
7339.0,0.3711,0.7214,1.0925
7340.0,0.6456,0.7276,1.3732
7341.0,0.4403,0.7169,1.1572
7342.0,0.6504,0.7012,1.3516
7343.0,0.9221,0.6941,1.6162
7344.0,0.4484,0.7307,1.1791
7345.0,0.5034,0.7301,1.2334999999999998
7346.0,0.4526,0.7227,1.1753
7347.0,0.5294,0.7074,1.2368000000000001
7348.0,0.4294,0.7088,1.1381999999999999
7349.0,0.5511,0.7342,1.2852999999999999
7350.0,0.0733,0.4441,0.5174
7351.0,0.5018,0.7074,1.2092
7352.0,0.6913,0.6902,1.3815
7353.0,0.4023,0.7487,1.151
7354.0,0.3588,0.7054,1.0642
7355.0,0.5285,0.7081,1.2366
7356.0,0.4993,0.699,1.1983
7357.0,0.4113,0.6955,1.1068
7358.0,0.493,0.7096,1.2026
7359.0,0.4022,0.7221,1.1242999999999999
7360.0,0.5169,0.7079,1.2248
7361.0,0.3681,0.7082,1.0763
7362.0,0.4316,0.7074,1.139
7363.0,0.4123,0.6945,1.1068
7364.0,0.2853,1.3292,1.6145
7365.0,0.4179,0.7072,1.1251
7366.0,0.4174,0.676,1.0934
7367.0,0.5173,0.7167,1.234
7368.0,0.515,0.7324,1.2474
7369.0,0.5706,0.7522,1.3228
7370.0,0.5198,0.7099,1.2297
7371.0,0.5213,0.7199,1.2412
7372.0,0.5745,0.7507,1.3252000000000002
7373.0,0.4916,0.7122,1.2038
7374.0,0.476,0.7241,1.2001
7375.0,0.3888,0.7194,1.1082
7376.0,0.5369,0.7085,1.2454
7377.0,0.4301,0.7053,1.1354
7378.0,0.0023,0.4172,0.41950000000000004
7379.0,0.4656,0.723,1.1886
7380.0,0.5179,0.7199,1.2378
7381.0,0.6209,0.7209,1.3418
7382.0,0.3847,0.7053,1.09
7383.0,0.4957,0.7281,1.2238
7384.0,0.4912,0.7261,1.2173
7385.0,0.4609,0.7069,1.1678
7386.0,0.5207,0.7256,1.2463000000000002
7387.0,0.513,0.705,1.218
7388.0,0.4101,0.7218,1.1319
7389.0,0.4163,0.6954,1.1117
7390.0,0.5978,0.702,1.2997999999999998
7391.0,0.507,0.719,1.226
7392.0,0.0119,0.4611,0.47300000000000003
7393.0,0.5648,0.7202,1.285
7394.0,1.5373,0.7174,2.2547
7395.0,0.4773,0.7266,1.2039
7396.0,0.5564,0.7196,1.276
7397.0,0.5657,0.7163,1.282
7398.0,0.4625,0.6998,1.1623
7399.0,0.5771,0.718,1.2951
7400.0,0.45,0.6873,1.1373
7401.0,0.431,0.7294,1.1604
7402.0,0.6474,0.7128,1.3601999999999999
7403.0,0.4628,0.7234,1.1862
7404.0,0.5555,0.6933,1.2488000000000001
7405.0,0.3763,0.7175,1.0938
7406.0,0.0563,0.4546,0.5109
7407.0,0.3695,0.6918,1.0613
7408.0,0.3651,0.7093,1.0744
7409.0,0.4864,0.716,1.2024
7410.0,0.393,0.7089,1.1019
7411.0,0.4026,0.7042,1.1068
7412.0,0.4663,0.6914,1.1577
7413.0,0.5011,0.711,1.2121
7414.0,0.4994,0.6975,1.1969
7415.0,0.4564,0.6943,1.1507
7416.0,0.3917,0.7091,1.1008
7417.0,0.4202,0.6742,1.0944
7418.0,0.4295,0.7057,1.1352
7419.0,0.4961,0.687,1.1831
7420.0,6.2726,0.2794,6.552
7421.0,0.6184,0.6965,1.3149
7422.0,0.5172,0.7373,1.2545
7423.0,0.4675,0.774,1.2415
7424.0,0.5174,0.7891,1.3065
7425.0,0.5137,0.761,1.2747000000000002
7426.0,0.5821,0.7484,1.3304999999999998
7427.0,0.6583,0.7193,1.3776000000000002
7428.0,0.5107,0.7101,1.2208
7429.0,0.6344,0.7184,1.3528
7430.0,0.4319,0.7178,1.1497
7431.0,0.5044,0.7272,1.2315999999999998
7432.0,0.4855,0.7283,1.2138
7433.0,0.824,0.7025,1.5265
7434.0,0.0,0.1502,0.1502
7435.0,0.5508,0.7489,1.2997
7436.0,0.6199,0.736,1.3559
7437.0,0.4319,0.7238,1.1557
7438.0,0.4889,0.7311,1.22
7439.0,0.4391,0.7233,1.1624
7440.0,0.6575,0.7104,1.3679000000000001
7441.0,0.4468,0.7116,1.1583999999999999
7442.0,0.4784,0.7068,1.1852
7443.0,0.5377,0.706,1.2437
7444.0,0.4318,0.7121,1.1439
7445.0,0.4632,0.6989,1.1621
7446.0,0.6286,0.7169,1.3455
7447.0,0.4644,0.7155,1.1799
7448.0,0.3685,0.6202,0.9886999999999999
7449.0,0.4288,0.7042,1.133
7450.0,0.505,0.7016,1.2066
7451.0,0.6341,0.7104,1.3445
7452.0,0.3715,0.7112,1.0827
7453.0,0.4733,0.723,1.1963
7454.0,0.4167,0.6664,1.0831
7455.0,0.4913,0.698,1.1893
7456.0,0.5107,0.714,1.2247
7457.0,0.6158,0.7005,1.3163
7458.0,0.4205,0.6741,1.0946
7459.0,0.5195,0.6847,1.2042
7460.0,0.6909,0.7017,1.3925999999999998
7461.0,0.4597,0.6766,1.1362999999999999
7462.0,3.0116,1.8433,4.8549
7463.0,0.6206,0.6928,1.3134000000000001
7464.0,0.6317,0.8186,1.4503
7465.0,0.6595,0.8949,1.5544
7466.0,0.7552,0.8672,1.6223999999999998
7467.0,0.7026,0.7846,1.4872
7468.0,0.747,0.7579,1.5049000000000001
7469.0,0.5504,0.7742,1.3246
7470.0,0.5146,0.8113,1.3258999999999999
7471.0,0.5546,0.82,1.3746
7472.0,0.7366,0.802,1.5386000000000002
7473.0,0.4735,0.778,1.2515
7474.0,0.5492,0.7568,1.306
7475.0,0.4711,0.7514,1.2225
7476.0,0.0344,0.8888,0.9232
7477.0,0.6387,0.7755,1.4142000000000001
7478.0,0.6542,0.7847,1.4388999999999998
7479.0,0.5481,0.8073,1.3554
7480.0,0.5468,0.7781,1.3249
7481.0,0.4189,0.758,1.1769
7482.0,0.5145,0.7709,1.2854
7483.0,0.5517,0.77,1.3216999999999999
7484.0,0.4478,0.7386,1.1864
7485.0,0.5207,0.7653,1.286
7486.0,0.4584,0.7462,1.2046
7487.0,0.6699,0.7567,1.4266
7488.0,0.4828,0.7307,1.2135
7489.0,0.4879,0.7301,1.218
7490.0,0.8965,1.2275,2.124
7491.0,0.3746,0.7384,1.113
7492.0,0.5113,0.7259,1.2372
7493.0,0.5065,0.7293,1.2357999999999998
7494.0,0.4238,0.7239,1.1477
7495.0,0.6271,0.7351,1.3622
7496.0,0.4711,0.7078,1.1789
7497.0,0.4751,0.7194,1.1945000000000001
7498.0,0.5337,0.706,1.2397
7499.0,0.4834,0.7276,1.211
7500.0,0.4418,0.7287,1.1705
7501.0,0.466,0.7157,1.1817
7502.0,0.4894,0.7133,1.2027
7503.0,0.5855,0.7514,1.3369
7504.0,0.0909,0.9753,1.0662
7505.0,0.4819,0.6901,1.1720000000000002
7506.0,0.4897,0.712,1.2017
7507.0,0.3698,0.7059,1.0756999999999999
7508.0,0.5169,0.7138,1.2307000000000001
7509.0,0.523,0.6801,1.2031
7510.0,0.4314,0.6885,1.1199
7511.0,0.4575,0.7205,1.178
7512.0,0.427,0.6847,1.1117
7513.0,0.4406,0.6995,1.1401
7514.0,0.5494,0.6977,1.2471
7515.0,0.4656,0.7043,1.1699000000000002
7516.0,0.4213,0.7027,1.124
7517.0,0.5348,0.697,1.2318
7518.0,0.0077,0.5101,0.5178
7519.0,0.4743,0.7037,1.178
7520.0,0.4747,0.7317,1.2064
7521.0,0.504,0.726,1.23
7522.0,0.4122,0.7151,1.1273
7523.0,0.4534,0.715,1.1684
7524.0,0.4602,0.7187,1.1789
7525.0,0.4965,0.714,1.2105
7526.0,0.7312,0.7062,1.4374
7527.0,0.5091,0.6981,1.2072
7528.0,0.5101,0.6953,1.2054
7529.0,0.4366,0.7159,1.1524999999999999
7530.0,0.5039,0.713,1.2168999999999999
7531.0,0.4828,0.7237,1.2065000000000001
7532.0,0.0306,0.4209,0.4515
7533.0,0.479,0.7251,1.2041
7534.0,0.4917,0.6859,1.1776
7535.0,0.4162,0.6981,1.1143
7536.0,0.6083,0.7145,1.3228
7537.0,0.5572,0.6989,1.2561
7538.0,0.4466,0.7116,1.1582
7539.0,0.4847,0.7078,1.1925
7540.0,0.7172,0.7048,1.422
7541.0,0.3639,0.6847,1.0486
7542.0,0.569,0.7181,1.2871
7543.0,0.4312,0.6997,1.1309
7544.0,0.5155,0.7065,1.222
7545.0,0.4005,0.6983,1.0988
7546.0,0.3165,0.8416,1.1581000000000001
7547.0,0.4094,0.716,1.1254
7548.0,0.4404,0.7094,1.1498
7549.0,0.559,0.7108,1.2698
7550.0,0.5142,0.715,1.2292
7551.0,0.4809,0.7305,1.2114
7552.0,0.3768,0.7198,1.0966
7553.0,0.5588,0.7019,1.2607
7554.0,0.5125,0.6976,1.2101
7555.0,0.5926,0.6912,1.2838
7556.0,0.602,0.7099,1.3119
7557.0,0.4193,0.6986,1.1179000000000001
7558.0,0.5601,0.7164,1.2765
7559.0,0.6714,0.7104,1.3818000000000001
7560.0,0.0008,0.177,0.17779999999999999
7561.0,0.5469,0.7071,1.254
7562.0,0.5559,0.7234,1.2793
7563.0,0.5188,0.7042,1.223
7564.0,0.4675,0.709,1.1764999999999999
7565.0,0.4869,0.7061,1.193
7566.0,0.5532,0.7092,1.2624
7567.0,0.4377,0.6794,1.1171
7568.0,0.5451,0.7195,1.2646000000000002
7569.0,0.505,0.7001,1.2050999999999998
7570.0,0.5223,0.6985,1.2208
7571.0,0.5473,0.6791,1.2264
7572.0,0.3795,0.7072,1.0867
7573.0,0.4866,0.7128,1.1994
7574.0,0.681,0.4515,1.1325
7575.0,0.4406,0.6954,1.1360000000000001
7576.0,0.5886,0.6991,1.2877
7577.0,0.4557,0.6787,1.1343999999999999
7578.0,0.3769,0.6782,1.0551
7579.0,0.5395,0.7026,1.2421
7580.0,0.4405,0.6935,1.134
7581.0,0.4293,0.6904,1.1197
7582.0,0.5866,0.702,1.2886
7583.0,0.5511,0.692,1.2431
7584.0,0.5914,0.6839,1.2753
7585.0,0.3749,0.6817,1.0566
7586.0,0.4234,0.6716,1.095
7587.0,0.4717,0.6774,1.1491
7588.0,1.2828,0.7899,2.0727
7589.0,0.472,0.7086,1.1806
7590.0,0.3923,0.6975,1.0897999999999999
7591.0,0.4868,0.7509,1.2377
7592.0,0.5354,0.7693,1.3047
7593.0,0.5745,0.7382,1.3127
7594.0,0.5092,0.7549,1.2641
7595.0,0.5404,0.7337,1.2741
7596.0,1.0116,0.729,1.7406000000000001
7597.0,0.3882,0.7016,1.0897999999999999
7598.0,0.6059,0.7101,1.3159999999999998
7599.0,0.6973,0.7102,1.4075000000000002
7600.0,0.4315,0.7047,1.1362
7601.0,0.4843,0.7222,1.2065
7602.0,0.4491,0.944,1.3931
7603.0,0.5937,0.7301,1.3237999999999999
7604.0,0.552,0.7254,1.2774
7605.0,0.5035,0.7294,1.2328999999999999
7606.0,0.4454,0.7316,1.177
7607.0,0.5187,0.7177,1.2364000000000002
7608.0,1.1402,0.7445,1.8847
7609.0,0.4157,0.7248,1.1405
7610.0,0.5254,0.7019,1.2273
7611.0,0.4679,0.7059,1.1738
7612.0,0.5138,0.6867,1.2005
7613.0,0.3979,0.7017,1.0996
7614.0,0.5864,0.7121,1.2985
7615.0,0.3474,0.7084,1.0558
7616.0,0.3026,0.3852,0.6878
7617.0,1.4061,0.7056,2.1117
7618.0,0.4745,0.727,1.2015
7619.0,0.4446,0.6959,1.1404999999999998
7620.0,0.5827,0.7184,1.3011
7621.0,0.5389,0.7126,1.2515
7622.0,0.4944,0.6969,1.1913
7623.0,0.4778,0.7161,1.1939
7624.0,0.5063,0.6968,1.2031
7625.0,0.6109,0.6978,1.3087
7626.0,0.4183,0.7062,1.1245
7627.0,0.4841,0.7081,1.1922
7628.0,0.5071,0.686,1.1931
7629.0,0.3942,0.6918,1.0859999999999999
7630.0,0.0166,1.2874,1.304
7631.0,0.439,0.6792,1.1182
7632.0,0.4261,0.7213,1.1474
7633.0,0.5864,0.7294,1.3158
7634.0,0.4102,0.7267,1.1369
7635.0,0.44,0.7782,1.2182
7636.0,0.4885,0.7737,1.2622
7637.0,0.4302,0.7596,1.1898
7638.0,0.4179,0.7292,1.1471
7639.0,0.4816,0.742,1.2236
7640.0,0.4068,0.737,1.1438
7641.0,0.4217,0.7232,1.1449
7642.0,0.545,0.6988,1.2438
7643.0,0.3899,0.7226,1.1125
7644.0,0.0002,0.8107,0.8109
7645.0,0.4767,0.7379,1.2146
7646.0,0.5213,0.7614,1.2827
7647.0,0.5447,0.7676,1.3123
7648.0,0.5328,0.7883,1.3211
7649.0,0.3955,0.7937,1.1892
7650.0,0.4248,0.7482,1.173
7651.0,0.4526,0.7535,1.2061
7652.0,0.4612,0.7314,1.1926
7653.0,0.4349,0.7355,1.1704
7654.0,0.8635,0.7232,1.5867
7655.0,0.4565,0.7093,1.1658
7656.0,0.5129,0.709,1.2219
7657.0,0.4843,0.7252,1.2095
7658.0,0.0213,0.4342,0.45549999999999996
7659.0,0.5902,0.7042,1.2944
7660.0,0.3934,0.696,1.0894
7661.0,0.5776,0.6853,1.2629000000000001
7662.0,0.6242,0.709,1.3332
7663.0,0.3929,0.6869,1.0798
7664.0,0.6471,0.7244,1.3715000000000002
7665.0,0.4417,0.7007,1.1423999999999999
7666.0,0.4671,0.6821,1.1492
7667.0,0.4148,0.7,1.1148
7668.0,0.4879,0.6858,1.1737
7669.0,0.4504,0.6836,1.134
7670.0,0.4479,0.678,1.1259000000000001
7671.0,0.5635,0.6922,1.2557
7672.0,0.0471,0.7598,0.8069000000000001
7673.0,0.4324,0.6942,1.1266
7674.0,0.4614,0.7078,1.1692
7675.0,0.3714,0.7005,1.0719
7676.0,0.4434,0.6851,1.1285
7677.0,0.3889,0.6739,1.0628000000000002
7678.0,0.4978,0.724,1.2218
7679.0,0.5371,0.6814,1.2185000000000001
7680.0,0.3724,0.6703,1.0427
7681.0,0.4824,0.679,1.1614
7682.0,0.6384,0.6992,1.3376000000000001
7683.0,0.411,0.6861,1.0971
7684.0,0.5101,0.6796,1.1897
7685.0,0.595,0.6796,1.2746
7686.0,0.0065,0.6444,0.6508999999999999
7687.0,0.5559,0.6808,1.2367
7688.0,0.4131,0.675,1.0881
7689.0,0.5016,0.702,1.2036
7690.0,0.4297,0.6876,1.1173
7691.0,0.3695,0.6812,1.0507
7692.0,0.5778,0.6835,1.2612999999999999
7693.0,0.5038,0.6879,1.1917
7694.0,0.421,0.6923,1.1133
7695.0,0.5537,0.7075,1.2612
7696.0,0.4321,0.6893,1.1214
7697.0,0.6168,0.6825,1.2993000000000001
7698.0,0.4141,0.6836,1.0977000000000001
7699.0,0.4682,0.6968,1.165
7700.0,0.0468,1.0283,1.0751
7701.0,0.4499,0.6894,1.1393
7702.0,0.5307,0.6825,1.2132
7703.0,0.3907,0.6773,1.068
7704.0,0.4038,0.6824,1.0862
7705.0,0.3803,0.672,1.0523
7706.0,0.3756,0.7031,1.0787
7707.0,0.7951,0.7074,1.5025
7708.0,1.1463,0.6672,1.8135000000000001
7709.0,0.6048,0.6771,1.2819
7710.0,0.521,0.6907,1.2117
7711.0,0.4946,0.6657,1.1602999999999999
7712.0,0.5072,0.6907,1.1979
7713.0,0.5923,0.6712,1.2635
7714.0,0.3214,0.2144,0.5358
7715.0,0.5664,0.6733,1.2397
7716.0,0.5142,0.6758,1.19
7717.0,1.2581,0.6704,1.9285
7718.0,0.5961,0.6985,1.2946
7719.0,0.4966,0.7091,1.2057
7720.0,0.6664,0.6949,1.3613
7721.0,0.5175,0.681,1.1985000000000001
7722.0,0.5212,0.6741,1.1953
7723.0,0.4742,0.6945,1.1687
7724.0,0.4301,0.6719,1.102
7725.0,0.4757,0.6756,1.1513
7726.0,0.5875,0.6618,1.2493
7727.0,0.5359,0.6657,1.2016
7728.0,0.2268,0.395,0.6218
7729.0,0.5894,0.6831,1.2725
7730.0,0.4923,0.6756,1.1679
7731.0,0.5192,0.6974,1.2166000000000001
7732.0,0.4291,0.6747,1.1038
7733.0,0.4808,0.6978,1.1785999999999999
7734.0,0.612,0.682,1.294
7735.0,0.4787,0.6468,1.1255000000000002
7736.0,0.51,0.6905,1.2005
7737.0,0.4226,0.6814,1.104
7738.0,0.4787,0.6772,1.1559
7739.0,0.3853,0.6788,1.0640999999999998
7740.0,0.5833,0.6832,1.2665000000000002
7741.0,0.5395,0.6848,1.2243
7742.0,0.0003,0.985,0.9853
7743.0,0.6201,0.662,1.2821
7744.0,0.5218,0.7046,1.2264
7745.0,0.4804,0.7062,1.1866
7746.0,0.4471,0.7189,1.166
7747.0,0.377,0.7327,1.1097000000000001
7748.0,0.4557,0.7156,1.1713
7749.0,0.5049,0.7049,1.2098
7750.0,0.4731,0.6784,1.1515
7751.0,0.5331,0.6955,1.2286000000000001
7752.0,0.4486,0.6779,1.1265
7753.0,0.4874,0.6986,1.186
7754.0,0.4324,0.6985,1.1309
7755.0,0.4912,0.6938,1.185
7756.0,0.0595,0.9681,1.0276
7757.0,0.3138,0.6791,0.9929000000000001
7758.0,0.4896,0.6674,1.157
7759.0,0.5073,0.6825,1.1898
7760.0,0.6784,0.7187,1.3971
7761.0,0.5581,0.703,1.2610999999999999
7762.0,0.4057,0.677,1.0827
7763.0,0.4047,0.6922,1.0969
7764.0,0.6353,0.6918,1.3271
7765.0,0.444,0.6981,1.1421000000000001
7766.0,0.494,0.7011,1.1951
7767.0,0.5428,0.6757,1.2185
7768.0,0.4495,0.6928,1.1423
7769.0,0.523,0.6851,1.2081
7770.0,0.0011,0.786,0.7871
7771.0,0.4199,0.694,1.1139
7772.0,0.4777,0.6966,1.1743000000000001
7773.0,0.5317,0.7196,1.2513
7774.0,0.4269,0.7022,1.1291
7775.0,0.4702,0.6888,1.159
7776.0,0.5348,0.7155,1.2503000000000002
7777.0,0.6113,0.6988,1.3100999999999998
7778.0,0.5195,0.7089,1.2284
7779.0,0.432,0.6971,1.1291
7780.0,0.48,0.6832,1.1632
7781.0,0.3946,0.6828,1.0774
7782.0,0.4453,0.7047,1.15
7783.0,0.515,0.6974,1.2124000000000001
7784.0,0.0422,1.0415,1.0837
7785.0,0.4948,0.6726,1.1674
7786.0,0.4855,0.6934,1.1789
7787.0,0.5017,0.6909,1.1926
7788.0,0.5354,0.7223,1.2577
7789.0,0.4856,0.6929,1.1784999999999999
7790.0,0.5275,0.7146,1.2421
7791.0,0.4679,0.6954,1.1633
7792.0,0.4517,0.6959,1.1476
7793.0,0.4147,0.6843,1.099
7794.0,0.5641,0.6765,1.2406000000000001
7795.0,0.4437,0.689,1.1326999999999998
7796.0,0.4548,0.6698,1.1246
7797.0,0.7775,0.6902,1.4677
7798.0,0.5068,0.1751,0.6819000000000001
7799.0,0.4546,0.6744,1.129
7800.0,0.3688,0.6883,1.0571000000000002
7801.0,0.4432,0.7061,1.1493
7802.0,0.4764,0.6782,1.1546
7803.0,0.5035,0.691,1.1945
7804.0,0.5009,0.7038,1.2046999999999999
7805.0,0.6215,0.6888,1.3103
7806.0,0.4163,0.6997,1.116
7807.0,0.603,0.6719,1.2749000000000001
7808.0,0.5619,0.6782,1.2401
7809.0,0.6403,0.6631,1.3034
7810.0,0.5953,0.6736,1.2689
7811.0,0.8669,0.6883,1.5552000000000001
7812.0,0.0476,0.8779,0.9255
7813.0,0.414,0.6596,1.0735999999999999
7814.0,0.605,0.6697,1.2747
7815.0,0.4094,0.6706,1.08
7816.0,0.5374,0.6692,1.2066
7817.0,0.4621,0.6493,1.1114
7818.0,0.6225,0.6917,1.3142
7819.0,0.502,0.6865,1.1885
7820.0,0.566,0.6585,1.2245
7821.0,0.4459,0.6579,1.1038000000000001
7822.0,0.5933,0.6707,1.264
7823.0,0.7364,0.6625,1.3989
7824.0,0.3973,0.6635,1.0608
7825.0,0.4336,0.6552,1.0888
7826.0,0.3606,0.9991,1.3597
7827.0,0.4143,0.6514,1.0657
7828.0,0.4595,0.6706,1.1301
7829.0,0.4157,0.6923,1.108
7830.0,0.446,0.6902,1.1362
7831.0,0.6411,0.6972,1.3383
7832.0,0.8499,0.6915,1.5413999999999999
7833.0,0.4977,0.6907,1.1884
7834.0,0.6173,0.717,1.3342999999999998
7835.0,0.5094,0.7029,1.2123
7836.0,0.449,0.693,1.142
7837.0,0.446,0.6799,1.1259
7838.0,0.5599,0.6802,1.2401
7839.0,0.5313,0.6794,1.2107
7840.0,0.0288,0.7883,0.8171
7841.0,0.4129,0.6903,1.1032
7842.0,0.4009,0.694,1.0949
7843.0,0.4674,0.6866,1.154
7844.0,0.4595,0.6858,1.1453
7845.0,0.4205,0.7184,1.1389
7846.0,0.4435,0.7128,1.1562999999999999
7847.0,0.4109,0.6963,1.1072
7848.0,0.962,0.6917,1.6537
7849.0,0.5217,0.6942,1.2159
7850.0,0.5171,0.7005,1.2176
7851.0,0.567,0.6872,1.2542
7852.0,0.4167,0.6976,1.1143
7853.0,0.5393,0.6656,1.2048999999999999
7854.0,2.0525,0.6506,2.7031
7855.0,0.6269,0.6984,1.3253
7856.0,0.6326,0.7369,1.3695
7857.0,0.8231,0.777,1.6001
7858.0,0.7694,0.7827,1.5520999999999998
7859.0,0.6527,0.7913,1.444
7860.0,0.5848,0.7692,1.354
7861.0,0.6672,0.7605,1.4277
7862.0,0.579,0.7518,1.3308
7863.0,0.4333,0.7591,1.1924000000000001
7864.0,0.5538,0.7573,1.3111
7865.0,0.6435,0.7527,1.3961999999999999
7866.0,0.5117,0.7421,1.2538
7867.0,0.5567,0.7666,1.3233
7868.0,0.2802,0.5783,0.8585
7869.0,0.4618,0.7439,1.2057
7870.0,0.4532,0.7338,1.187
7871.0,0.7193,0.749,1.4683000000000002
7872.0,0.5689,0.7385,1.3074
7873.0,0.4521,0.7153,1.1674
7874.0,0.5676,0.7292,1.2968
7875.0,0.5333,0.7213,1.2546
7876.0,0.4712,0.7206,1.1918
7877.0,0.5339,0.7114,1.2453
7878.0,0.6152,0.715,1.3302
7879.0,0.4126,0.7311,1.1437
7880.0,0.5658,0.7148,1.2806
7881.0,0.6642,0.7314,1.3956
7882.0,0.0522,0.3118,0.36400000000000005
7883.0,0.5352,0.7137,1.2489
7884.0,0.5858,0.6981,1.2839
7885.0,0.446,0.7121,1.1581
7886.0,0.3948,0.7075,1.1023
7887.0,0.4148,0.694,1.1088
7888.0,0.5955,0.6899,1.2854
7889.0,0.6058,0.7182,1.3239999999999998
7890.0,0.635,0.6904,1.3254000000000001
7891.0,0.4821,0.7008,1.1829
7892.0,0.4489,0.6945,1.1434
7893.0,0.451,0.6791,1.1301
7894.0,0.4016,0.6904,1.092
7895.0,0.4741,0.7048,1.1789
7896.0,0.0035,0.9421,0.9456
7897.0,0.6043,0.688,1.2923
7898.0,0.5174,0.6892,1.2066
7899.0,0.5588,0.6814,1.2402
7900.0,0.6788,0.7077,1.3864999999999998
7901.0,0.5626,0.7204,1.283
7902.0,0.5448,0.6901,1.2349
7903.0,0.4728,0.701,1.1738
7904.0,0.7306,0.7197,1.4503
7905.0,0.72,0.7083,1.4283000000000001
7906.0,0.5788,0.7083,1.2871000000000001
7907.0,0.5627,0.6753,1.238
7908.0,0.5128,0.7087,1.2215
7909.0,0.4979,0.6895,1.1874
7910.0,0.0055,0.3501,0.3556
7911.0,0.5001,0.7034,1.2035
7912.0,0.481,0.6964,1.1774
7913.0,0.5126,0.6946,1.2071999999999998
7914.0,0.5602,0.6761,1.2363
7915.0,0.4575,0.6981,1.1556000000000002
7916.0,0.6162,0.6643,1.2805
7917.0,0.6166,0.6885,1.3051
7918.0,0.4475,0.6782,1.1257000000000001
7919.0,0.5284,0.6646,1.193
7920.0,0.3992,0.7103,1.1095000000000002
7921.0,0.5426,0.6785,1.2210999999999999
7922.0,0.4367,0.676,1.1127
7923.0,0.4184,0.6785,1.0969
7924.0,0.1233,1.0016,1.1249
7925.0,0.4221,0.6741,1.0962
7926.0,0.4934,0.6789,1.1723
7927.0,0.4052,0.71,1.1152
7928.0,0.4807,0.7089,1.1896
7929.0,0.5201,0.6743,1.1944
7930.0,0.5237,0.6785,1.2022
7931.0,0.4787,0.7021,1.1808
7932.0,0.4319,0.6734,1.1053
7933.0,0.56,0.6911,1.2511
7934.0,0.5314,0.6836,1.2149999999999999
7935.0,0.5105,0.654,1.1644999999999999
7936.0,0.4397,0.6839,1.1236
7937.0,0.4996,0.6858,1.1854
7938.0,0.3153,0.4518,0.7671
7939.0,0.4271,0.6914,1.1185
7940.0,0.8471,0.6918,1.5389
7941.0,0.6182,0.7021,1.3203
7942.0,0.4733,0.6828,1.1561
7943.0,0.5564,0.7248,1.2812000000000001
7944.0,0.4393,0.6894,1.1287
7945.0,0.4208,0.7081,1.1289
7946.0,0.5523,0.6877,1.24
7947.0,0.4082,0.6821,1.0903
7948.0,0.6258,0.7027,1.3285
7949.0,0.4444,0.7062,1.1506
7950.0,0.3977,0.6804,1.0781
7951.0,0.4729,0.704,1.1768999999999998
7952.0,0.3993,0.6647,1.064
7953.0,0.5273,0.6863,1.2136
7954.0,0.6265,0.6739,1.3004
7955.0,0.4194,0.6864,1.1058
7956.0,0.4556,0.7236,1.1792
7957.0,0.4278,0.7223,1.1501000000000001
7958.0,0.5161,0.7179,1.234
7959.0,0.5685,0.7047,1.2732
7960.0,0.422,0.6889,1.1109
7961.0,0.5285,0.6957,1.2242
7962.0,0.4017,0.708,1.1097
7963.0,0.5681,0.6995,1.2676
7964.0,0.5408,0.6931,1.2339
7965.0,0.5702,0.6848,1.255
7966.0,0.1609,0.4542,0.6151
7967.0,0.3866,0.6778,1.0644
7968.0,0.5144,0.6862,1.2006000000000001
7969.0,0.4437,0.7008,1.1444999999999999
7970.0,0.475,0.7018,1.1768
7971.0,0.5864,0.6974,1.2838
7972.0,0.4329,0.7056,1.1385
7973.0,0.5446,0.6701,1.2147000000000001
7974.0,0.5623,0.6591,1.2214
7975.0,0.4219,0.6522,1.0741
7976.0,0.485,0.6786,1.1636
7977.0,0.4808,0.6796,1.1604
7978.0,0.4565,0.6688,1.1253
7979.0,0.4398,0.6691,1.1089
7980.0,0.0135,0.4342,0.4477
7981.0,0.4917,0.6806,1.1723
7982.0,0.574,0.6979,1.2719
7983.0,0.5283,0.6614,1.1897
7984.0,0.4013,0.6841,1.0854
7985.0,0.3444,0.6906,1.035
7986.0,0.3831,0.6855,1.0686
7987.0,0.451,0.6773,1.1283
7988.0,0.4315,0.6773,1.1088
7989.0,0.4539,0.6709,1.1248
7990.0,0.3685,0.6759,1.0444
7991.0,0.4671,0.6724,1.1395
7992.0,0.4388,0.6774,1.1162
7993.0,0.5224,0.6706,1.193
7994.0,0.0061,0.8241,0.8302
7995.0,0.4071,0.6502,1.0573000000000001
7996.0,0.4878,0.6471,1.1349
7997.0,0.5268,0.6622,1.189
7998.0,0.4762,0.6804,1.1566
7999.0,0.5159,0.6488,1.1647
8000.0,0.4095,0.6743,1.0838
8001.0,0.568,0.6703,1.2383
8002.0,0.6365,0.6663,1.3028
8003.0,0.5333,0.6748,1.2081
8004.0,0.4926,0.6729,1.1655
8005.0,0.392,0.6562,1.0482
8006.0,0.4869,0.6685,1.1554
8007.0,0.456,0.667,1.123
8008.0,0.5843,0.575,1.1593
8009.0,0.4317,0.6584,1.0901
8010.0,0.5605,0.6733,1.2338
8011.0,0.4475,0.6568,1.1043
8012.0,0.5418,0.6683,1.2101
8013.0,0.3704,0.6552,1.0256
8014.0,0.4127,0.6641,1.0768
8015.0,0.4102,0.6567,1.0669
8016.0,0.4156,0.6546,1.0702
8017.0,0.4384,0.6548,1.0932
8018.0,0.4611,0.6582,1.1193
8019.0,0.4338,0.6874,1.1212
8020.0,0.529,0.6675,1.1965
8021.0,0.4715,0.6584,1.1299
8022.0,0.0004,0.2697,0.2701
8023.0,0.4542,0.6692,1.1234
8024.0,0.5637,0.653,1.2167
8025.0,0.5306,0.6642,1.1947999999999999
8026.0,0.5845,0.634,1.2185000000000001
8027.0,0.4417,0.6685,1.1101999999999999
8028.0,0.4689,0.6649,1.1338
8029.0,0.501,0.6605,1.1615
8030.0,0.4564,0.6576,1.1139999999999999
8031.0,0.4695,0.6678,1.1373
8032.0,0.4711,0.6582,1.1293
8033.0,0.4704,0.6632,1.1336
8034.0,0.5188,0.6592,1.178
8035.0,0.5436,0.6696,1.2132
8036.0,0.2416,0.6525,0.8941
8037.0,0.3591,0.6517,1.0108
8038.0,0.4203,0.6518,1.0721
8039.0,0.6009,0.6769,1.2778
8040.0,0.4846,0.6763,1.1609
8041.0,0.4925,0.6766,1.1691
8042.0,0.4369,0.6722,1.1091
8043.0,0.4609,0.6681,1.129
8044.0,0.4328,0.6709,1.1037000000000001
8045.0,0.5824,0.6654,1.2478
8046.0,0.3882,0.6637,1.0518999999999998
8047.0,0.4603,0.6576,1.1179
8048.0,0.4353,0.6681,1.1034000000000002
8049.0,0.4077,0.6834,1.0911
8050.0,0.1834,0.3553,0.5387
8051.0,0.5403,0.6764,1.2167
8052.0,0.613,0.6612,1.2742
8053.0,0.4797,0.6577,1.1374
8054.0,0.5612,0.6733,1.2345000000000002
8055.0,0.3959,0.6857,1.0816
8056.0,0.5479,0.6419,1.1898
8057.0,0.3331,0.6683,1.0014
8058.0,0.5449,0.6642,1.2091
8059.0,0.4659,0.6739,1.1398000000000001
8060.0,0.7027,0.6765,1.3792
8061.0,0.382,0.6786,1.0606
8062.0,0.4314,0.6588,1.0902
8063.0,0.5715,0.6829,1.2544
8064.0,0.0285,0.2669,0.29540000000000005
8065.0,0.421,0.6757,1.0967
8066.0,0.4604,0.687,1.1474
8067.0,0.449,0.6861,1.1351
8068.0,0.4188,0.6775,1.0963
8069.0,0.5739,0.6799,1.2538
8070.0,0.4566,0.6868,1.1434
8071.0,0.4696,0.688,1.1576
8072.0,0.4292,0.6787,1.1078999999999999
8073.0,0.4339,0.6851,1.119
8074.0,0.4652,0.653,1.1182
8075.0,0.4404,0.6684,1.1088
8076.0,0.8521,0.6671,1.5192
8077.0,0.4474,0.6772,1.1246
8078.0,0.0022,0.6409,0.6431
8079.0,0.507,0.687,1.194
8080.0,0.3886,0.678,1.0666
8081.0,0.6163,0.69,1.3062999999999998
8082.0,0.4298,0.669,1.0988
8083.0,0.5825,0.702,1.2845
8084.0,0.5136,0.6662,1.1798
8085.0,0.5989,0.6644,1.2633
8086.0,0.4361,0.668,1.1041
8087.0,0.4605,0.6684,1.1289
8088.0,0.3609,0.6699,1.0308000000000002
8089.0,0.3689,0.653,1.0219
8090.0,0.524,0.6661,1.1901000000000002
8091.0,0.528,0.659,1.187
8092.0,0.2849,0.3627,0.6476
8093.0,0.4545,0.6811,1.1356000000000002
8094.0,0.6096,0.667,1.2766000000000002
8095.0,0.3239,0.6417,0.9656
8096.0,0.477,0.6773,1.1543
8097.0,0.4104,0.6711,1.0815000000000001
8098.0,0.5733,0.6596,1.2328999999999999
8099.0,0.4318,0.6699,1.1017000000000001
8100.0,0.5273,0.672,1.1993
8101.0,0.6447,0.6518,1.2965
8102.0,0.4782,0.6706,1.1488
8103.0,0.4439,0.6671,1.111
8104.0,0.4321,0.6564,1.0885
8105.0,0.4054,0.6587,1.0640999999999998
8106.0,0.5524,0.2302,0.7826
8107.0,0.3782,0.648,1.0262
8108.0,0.5979,0.6714,1.2692999999999999
8109.0,0.437,0.6439,1.0809
8110.0,0.6018,0.6499,1.2517
8111.0,0.4486,0.6666,1.1152
8112.0,0.4765,0.6509,1.1274
8113.0,0.3829,0.6754,1.0583
8114.0,0.4313,0.6377,1.069
8115.0,0.4167,0.6589,1.0756000000000001
8116.0,0.5105,0.6554,1.1659
8117.0,0.4089,0.6481,1.057
8118.0,0.4947,0.6504,1.1451
8119.0,0.4204,0.6545,1.0749
8120.0,0.0059,1.6466,1.6525
8121.0,0.5424,0.6692,1.2116
8122.0,0.392,0.6682,1.0602
8123.0,0.4081,0.6539,1.062
8124.0,0.4058,0.685,1.0908
8125.0,0.4856,0.6714,1.157
8126.0,0.3727,0.6619,1.0346
8127.0,0.4054,0.6565,1.0619
8128.0,0.5227,0.6556,1.1783000000000001
8129.0,0.473,0.6859,1.1589
8130.0,0.6168,0.6647,1.2814999999999999
8131.0,0.4884,0.6434,1.1318
8132.0,0.6172,0.6732,1.2904
8133.0,0.4799,0.6652,1.1451
8134.0,1.3122,0.4169,1.7291
8135.0,0.4771,0.663,1.1401000000000001
8136.0,0.4157,0.6737,1.0894
8137.0,0.49,0.6752,1.1652
8138.0,0.5003,0.6564,1.1566999999999998
8139.0,0.5504,0.6897,1.2401
8140.0,0.4935,0.6864,1.1799
8141.0,0.4455,0.6749,1.1204
8142.0,0.4335,0.6673,1.1008
8143.0,0.5018,0.6849,1.1867
8144.0,0.4422,0.6805,1.1227
8145.0,0.5304,0.7044,1.2348
8146.0,0.4206,0.675,1.0956000000000001
8147.0,0.4422,0.6768,1.119
8148.0,0.0,0.5011,0.5011
8149.0,0.4825,0.6914,1.1739
8150.0,0.7546,0.6716,1.4262000000000001
8151.0,0.4353,0.6756,1.1109
8152.0,0.457,0.6864,1.1434
8153.0,0.4986,0.6829,1.1815
8154.0,0.6183,0.6897,1.3079999999999998
8155.0,0.5335,0.6633,1.1968
8156.0,0.6918,0.6709,1.3627
8157.0,0.4853,0.672,1.1573
8158.0,0.49,0.6633,1.1533
8159.0,0.7495,0.6796,1.4291
8160.0,0.4695,0.6422,1.1117
8161.0,0.4351,0.647,1.0821
8162.0,0.0127,1.6574,1.6701
8163.0,0.5092,0.6761,1.1853
8164.0,0.4662,0.682,1.1482
8165.0,0.4621,0.6926,1.1547
8166.0,0.4593,0.6669,1.1262
8167.0,0.3826,0.6507,1.0332999999999999
8168.0,0.4071,0.6323,1.0394
8169.0,0.6257,0.6626,1.2883
8170.0,0.4632,0.6606,1.1238
8171.0,0.5419,0.6701,1.2120000000000002
8172.0,0.4588,0.6314,1.0901999999999998
8173.0,0.4608,0.6545,1.1153
8174.0,0.3633,0.6455,1.0088
8175.0,0.5156,0.6671,1.1827
8176.0,1.1093,1.3977,2.5069999999999997
8177.0,0.5894,0.6586,1.248
8178.0,0.4523,0.6533,1.1056
8179.0,0.6415,0.6765,1.318
8180.0,0.4916,0.6967,1.1883
8181.0,0.4185,0.6614,1.0798999999999999
8182.0,0.4207,0.6817,1.1024
8183.0,0.5458,0.6656,1.2113999999999998
8184.0,0.4792,0.6843,1.1635
8185.0,0.5587,0.6682,1.2269
8186.0,0.3785,0.6863,1.0648
8187.0,0.465,0.6695,1.1345
8188.0,0.4505,0.6692,1.1197
8189.0,0.5532,0.6579,1.2111
8190.0,0.1434,0.1596,0.303
8191.0,0.4594,0.6584,1.1178
8192.0,0.3518,0.6302,0.982
8193.0,0.4049,0.6583,1.0632
8194.0,0.5552,0.6616,1.2168
8195.0,0.4164,0.6673,1.0836999999999999
8196.0,0.4629,0.6803,1.1432
8197.0,0.584,0.6725,1.2565
8198.0,0.4612,0.654,1.1152
8199.0,0.4264,0.6536,1.08
8200.0,0.4561,0.645,1.1011
8201.0,0.4575,0.649,1.1065
8202.0,0.4653,0.6474,1.1127
8203.0,0.4972,0.6333,1.1305
8204.0,0.09,0.6399,0.7299
8205.0,0.6662,0.6577,1.3239
8206.0,0.3996,0.6382,1.0378
8207.0,0.5509,0.666,1.2168999999999999
8208.0,0.6347,0.6869,1.3216
8209.0,0.7933,0.6655,1.4588
8210.0,0.3922,0.6418,1.034
8211.0,0.5049,0.6713,1.1762000000000001
8212.0,0.6447,0.649,1.2937
8213.0,0.5078,0.6533,1.1611
8214.0,0.5374,0.6626,1.2
8215.0,0.4065,0.6529,1.0594000000000001
8216.0,0.6107,0.6575,1.2682
8217.0,0.5287,0.665,1.1937
8218.0,0.0695,0.4603,0.5298
8219.0,0.4276,0.6473,1.0749
8220.0,0.4901,0.6526,1.1427
8221.0,0.532,0.6892,1.2212
8222.0,0.4228,0.6483,1.0711
8223.0,0.5116,0.6756,1.1872
8224.0,0.511,0.6781,1.1891
8225.0,0.4628,0.666,1.1288
8226.0,0.5182,0.6472,1.1654
8227.0,0.4273,0.6601,1.0874000000000001
8228.0,0.4951,0.6473,1.1423999999999999
8229.0,0.4681,0.6536,1.1217
8230.0,0.4015,0.6587,1.0602
8231.0,0.4043,0.6647,1.069
8232.0,5.2325,1.1488,6.3812999999999995
8233.0,0.5414,0.6659,1.2073
8234.0,0.4057,0.6822,1.0879
8235.0,0.6015,0.6971,1.2986
8236.0,0.7786,0.6741,1.4527
8237.0,0.6969,0.6858,1.3826999999999998
8238.0,0.3871,0.7005,1.0876000000000001
8239.0,0.4517,0.686,1.1377000000000002
8240.0,0.517,0.6617,1.1787
8241.0,0.5797,0.6749,1.2546
8242.0,0.4145,0.6683,1.0828
8243.0,0.469,0.6553,1.1242999999999999
8244.0,0.5752,0.6543,1.2295
8245.0,0.4038,0.6747,1.0785
8246.0,0.0798,0.7352,0.815
8247.0,0.4945,0.6686,1.1631
8248.0,0.6158,0.6789,1.2947
8249.0,0.4589,0.6805,1.1394
8250.0,0.4953,0.6692,1.1645
8251.0,0.4151,0.6819,1.097
8252.0,0.3941,0.678,1.0721
8253.0,0.478,0.7036,1.1816
8254.0,0.5894,0.6702,1.2596
8255.0,0.4292,0.6672,1.0964
8256.0,0.386,0.6723,1.0583
8257.0,0.5181,0.6778,1.1959
8258.0,0.5071,0.666,1.1731
8259.0,0.5521,0.6745,1.2266
8260.0,0.0119,0.4595,0.47140000000000004
8261.0,0.4987,0.6555,1.1542
8262.0,0.4249,0.6687,1.0936
8263.0,0.4231,0.6599,1.083
8264.0,0.4235,0.6595,1.083
8265.0,0.4302,0.6625,1.0927
8266.0,0.4323,0.6546,1.0869
8267.0,0.4033,0.6599,1.0632000000000001
8268.0,0.4417,0.6497,1.0914000000000001
8269.0,0.466,0.6636,1.1296
8270.0,0.5331,0.6332,1.1663000000000001
8271.0,0.3712,0.6571,1.0283
8272.0,0.4118,0.6612,1.073
8273.0,0.8373,0.647,1.4843000000000002
8274.0,0.0034,0.2157,0.2191
8275.0,0.4225,0.6562,1.0787
8276.0,0.4358,0.6575,1.0933
8277.0,0.4453,0.6537,1.099
8278.0,0.4359,0.6687,1.1046
8279.0,0.4233,0.6456,1.0689
8280.0,0.5373,0.685,1.2223000000000002
8281.0,0.3882,0.6503,1.0385
8282.0,0.4955,0.66,1.1555
8283.0,0.6564,0.655,1.3114
8284.0,0.4713,0.6369,1.1082
8285.0,0.3658,0.6308,0.9966
8286.0,0.4845,0.6455,1.13
8287.0,0.405,0.6335,1.0385
8288.0,0.1519,0.9406,1.0925
8289.0,0.4238,0.6465,1.0703
8290.0,0.4971,0.6397,1.1368
8291.0,0.4537,0.6471,1.1008
8292.0,0.5102,0.6675,1.1777
8293.0,0.4503,0.6503,1.1006
8294.0,0.3884,0.6456,1.034
8295.0,0.5145,0.6742,1.1886999999999999
8296.0,0.4127,0.6471,1.0598
8297.0,0.3553,0.6475,1.0028
8298.0,0.4856,0.6667,1.1522999999999999
8299.0,0.4285,0.6596,1.0880999999999998
8300.0,0.3554,0.6424,0.9978
8301.0,0.559,0.6582,1.2172
8302.0,0.0155,0.2465,0.262
8303.0,0.4055,0.6435,1.049
8304.0,0.4482,0.6609,1.1091
8305.0,0.4043,0.6569,1.0612
8306.0,0.4006,0.6572,1.0578
8307.0,0.4485,0.6484,1.0969
8308.0,0.4827,0.6607,1.1434
8309.0,0.6424,0.6663,1.3087
8310.0,0.4576,0.6559,1.1135000000000002
8311.0,0.4528,0.6433,1.0960999999999999
8312.0,0.4896,0.6485,1.1381
8313.0,0.6977,0.6644,1.3620999999999999
8314.0,0.4802,0.6367,1.1169
8315.0,0.4092,0.6423,1.0514999999999999
8316.0,0.1446,0.1466,0.2912
8317.0,0.6377,0.6725,1.3102
8318.0,0.4891,0.66,1.1491
8319.0,0.5562,0.6653,1.2215
8320.0,0.6126,0.6619,1.2745000000000002
8321.0,0.4391,0.6637,1.1028
8322.0,0.4938,0.6745,1.1683
8323.0,0.5742,0.657,1.2312
8324.0,0.5161,0.649,1.1651
8325.0,0.634,0.6463,1.2803
8326.0,0.5075,0.6663,1.1738
8327.0,0.4777,0.6514,1.1291
8328.0,0.4262,0.6335,1.0596999999999999
8329.0,0.5662,0.657,1.2232
8330.0,0.029,0.4415,0.47050000000000003
8331.0,0.449,0.6599,1.1089
8332.0,0.3644,0.6459,1.0103
8333.0,0.5033,0.6647,1.168
8334.0,0.4383,0.6695,1.1078000000000001
8335.0,0.445,0.6623,1.1073
8336.0,0.4637,0.6395,1.1032
8337.0,0.4449,0.6559,1.1008
8338.0,0.4472,0.663,1.1102
8339.0,0.4772,0.6469,1.1241
8340.0,0.5246,0.6473,1.1719
8341.0,0.4865,0.6488,1.1353
8342.0,0.4025,0.6453,1.0478
8343.0,0.4436,0.66,1.1036000000000001
8344.0,0.0091,0.4262,0.4353
8345.0,0.4294,0.6335,1.0629
8346.0,0.4366,0.6439,1.0805
8347.0,0.453,0.6606,1.1136
8348.0,0.5982,0.6308,1.229
8349.0,0.4247,0.646,1.0707
8350.0,0.5175,0.658,1.1755
8351.0,0.4072,0.6615,1.0687
8352.0,0.5436,0.6462,1.1898
8353.0,0.5111,0.6515,1.1625999999999999
8354.0,0.5298,0.6582,1.1880000000000002
8355.0,0.56,0.6682,1.2282000000000002
8356.0,0.6055,0.6696,1.2751000000000001
8357.0,0.6384,0.6502,1.2886
8358.0,0.3069,0.2753,0.5822
8359.0,0.4883,0.6342,1.1225
8360.0,0.4596,0.6608,1.1204
8361.0,0.4775,0.6687,1.1461999999999999
8362.0,1.0724,0.649,1.7214
8363.0,0.5148,0.6465,1.1613
8364.0,0.4494,0.6388,1.0882
8365.0,0.4906,0.6592,1.1498
8366.0,0.4676,0.6674,1.135
8367.0,0.4604,0.6311,1.0915
8368.0,0.3949,0.6428,1.0377
8369.0,0.4241,0.6425,1.0666
8370.0,0.4974,0.6417,1.1391
8371.0,0.4883,0.6642,1.1525
8372.0,0.0316,0.6173,0.6488999999999999
8373.0,0.609,0.6426,1.2515999999999998
8374.0,0.4027,0.6462,1.0489
8375.0,0.3735,0.6565,1.03
8376.0,0.4066,0.6365,1.0431
8377.0,0.4025,0.6493,1.0518
8378.0,0.5722,0.6525,1.2247
8379.0,0.4195,0.6305,1.0499999999999998
8380.0,0.4905,0.6528,1.1433
8381.0,0.6945,0.6536,1.3481
8382.0,0.4202,0.6577,1.0779
8383.0,0.5881,0.6333,1.2214
8384.0,0.5572,0.6242,1.1814
8385.0,0.5221,0.6331,1.1552
8386.0,1.1443,0.2728,1.4171
8387.0,0.5106,0.6378,1.1484
8388.0,0.6284,0.6636,1.2919999999999998
8389.0,0.4101,0.6602,1.0703
8390.0,0.3221,0.6643,0.9863999999999999
8391.0,0.4316,0.6545,1.0861
8392.0,0.4968,0.6725,1.1693
8393.0,0.5109,0.6663,1.1772
8394.0,0.5849,0.6527,1.2376
8395.0,0.3761,0.6448,1.0209000000000001
8396.0,0.4391,0.6805,1.1196
8397.0,0.5383,0.661,1.1993
8398.0,0.4441,0.6726,1.1167
8399.0,0.6495,0.6782,1.3277
8400.0,0.1475,1.1683,1.3157999999999999
8401.0,0.7728,0.6691,1.4419
8402.0,0.4477,0.6676,1.1153
8403.0,0.4199,0.655,1.0749
8404.0,0.6648,0.6592,1.3239999999999998
8405.0,0.4878,0.6607,1.1484999999999999
8406.0,0.5071,0.6742,1.1813
8407.0,0.4394,0.6405,1.0798999999999999
8408.0,0.3776,0.6403,1.0179
8409.0,0.5072,0.6447,1.1519
8410.0,0.3983,0.6674,1.0657
8411.0,0.5429,0.6346,1.1775000000000002
8412.0,0.3729,0.6511,1.024
8413.0,0.5009,0.6424,1.1433
8414.0,0.0026,0.4529,0.4555
8415.0,0.5212,0.6528,1.174
8416.0,0.4916,0.6657,1.1573
8417.0,0.4602,0.6304,1.0906
8418.0,0.422,0.6622,1.0842
8419.0,0.5651,0.649,1.2141000000000002
8420.0,0.5402,0.6477,1.1879
8421.0,0.6605,0.6321,1.2926
8422.0,0.4229,0.6714,1.0943
8423.0,0.4232,0.625,1.0482
8424.0,0.6416,0.6376,1.2792
8425.0,0.4204,0.6369,1.0573000000000001
8426.0,0.46,0.6381,1.0981
8427.0,0.3964,0.6373,1.0337
8428.0,0.1723,1.1114,1.2837
8429.0,0.4171,0.6468,1.0639
8430.0,0.5336,0.6593,1.1928999999999998
8431.0,0.4206,0.6594,1.08
8432.0,0.4145,0.6597,1.0741999999999998
8433.0,0.4104,0.6676,1.0779999999999998
8434.0,0.424,0.6884,1.1124
8435.0,0.5638,0.6694,1.2332
8436.0,0.4697,0.6521,1.1218
8437.0,0.6592,0.6558,1.315
8438.0,0.4241,0.6327,1.0568
8439.0,0.6777,0.6368,1.3145
8440.0,0.4001,0.6291,1.0292
8441.0,0.5397,0.6685,1.2082
8442.0,1.858,0.4468,2.3048
8443.0,0.5454,0.6636,1.209
8444.0,0.7059,0.6749,1.3808
8445.0,0.3275,0.6712,0.9987
8446.0,0.4193,0.683,1.1023
8447.0,0.4914,0.6654,1.1568
8448.0,0.4438,0.6803,1.1240999999999999
8449.0,0.4853,0.6556,1.1409
8450.0,0.4886,0.6672,1.1558
8451.0,0.4228,0.6766,1.0994
8452.0,0.3746,0.6601,1.0347
8453.0,0.4584,0.6906,1.149
8454.0,0.5086,0.6709,1.1795
8455.0,0.4924,0.6483,1.1407
8456.0,0.0696,0.4959,0.5655
8457.0,0.4605,0.6569,1.1174
8458.0,0.3983,0.6623,1.0606
8459.0,0.5582,0.6835,1.2417
8460.0,0.4081,0.6769,1.085
8461.0,0.7128,0.6664,1.3792
8462.0,0.462,0.6762,1.1382
8463.0,0.4228,0.6745,1.0973
8464.0,0.4904,0.6679,1.1583
8465.0,0.4133,0.6499,1.0632000000000001
8466.0,0.6448,0.6444,1.2892000000000001
8467.0,0.4028,0.657,1.0598
8468.0,0.4106,0.6585,1.0691
8469.0,0.5129,0.6636,1.1764999999999999
8470.0,0.0703,0.5306,0.6009
8471.0,0.3678,0.648,1.0158
8472.0,0.5101,0.6804,1.1905000000000001
8473.0,0.5192,0.6663,1.1855
8474.0,0.4029,0.6605,1.0634
8475.0,0.4955,0.6699,1.1654
8476.0,0.458,0.6547,1.1127
8477.0,0.39,0.6688,1.0588
8478.0,0.7451,0.6591,1.4042
8479.0,0.4683,0.6576,1.1259
8480.0,0.5196,0.651,1.1705999999999999
8481.0,0.4324,0.6414,1.0737999999999999
8482.0,0.4846,0.6583,1.1429
8483.0,0.3988,0.6477,1.0465
8484.0,0.8873,0.3067,1.194
8485.0,0.6495,0.6412,1.2907
8486.0,0.414,0.6611,1.0751
8487.0,0.4798,0.6636,1.1434
8488.0,0.5054,0.6516,1.157
8489.0,0.5048,0.6666,1.1714
8490.0,0.4442,0.6369,1.0811
8491.0,0.4159,0.6386,1.0545
8492.0,0.4192,0.6358,1.0550000000000002
8493.0,0.4427,0.6428,1.0855000000000001
8494.0,0.5093,0.6357,1.145
8495.0,0.5387,0.6596,1.1983
8496.0,0.4625,0.6548,1.1173000000000002
8497.0,0.386,0.6703,1.0563
8498.0,0.4483,0.9109,1.3592
8499.0,0.3981,0.655,1.0531000000000001
8500.0,0.4668,0.6271,1.0939
8501.0,0.3943,0.6409,1.0352000000000001
8502.0,0.4914,0.631,1.1224
8503.0,0.3819,0.6424,1.0243
8504.0,0.531,0.641,1.1720000000000002
8505.0,0.4879,0.6383,1.1261999999999999
8506.0,0.4794,0.6281,1.1075
8507.0,0.3818,0.6735,1.0553
8508.0,0.5485,0.6563,1.2048
8509.0,0.4698,0.6636,1.1334
8510.0,0.5317,0.6414,1.1730999999999998
8511.0,0.3899,0.6213,1.0112
8512.0,0.1694,0.2973,0.4667
8513.0,0.4758,0.6263,1.1021
8514.0,0.4248,0.6565,1.0813
8515.0,0.4028,0.6713,1.0741
8516.0,0.5144,0.6437,1.1581000000000001
8517.0,0.4068,0.6401,1.0469
8518.0,0.5845,0.6645,1.249
8519.0,0.5372,0.6401,1.1773
8520.0,0.5226,0.6466,1.1692
8521.0,0.4653,0.6318,1.0971
8522.0,0.3944,0.6314,1.0257999999999998
8523.0,0.5481,0.6372,1.1853
8524.0,0.4092,0.6293,1.0385
8525.0,0.475,0.6495,1.1244999999999998
8526.0,2.8667,0.841,3.7077
8527.0,0.5085,0.6389,1.1474
8528.0,0.5092,0.6568,1.166
8529.0,0.5066,0.6658,1.1724
8530.0,0.6162,0.6852,1.3014000000000001
8531.0,0.9226,0.6949,1.6175
8532.0,0.6806,0.6982,1.3788
8533.0,0.5407,0.6934,1.2341
8534.0,0.9539,0.6783,1.6322
8535.0,0.4025,0.694,1.0965
8536.0,0.5765,0.6992,1.2757
8537.0,0.4613,0.7188,1.1801
8538.0,0.4904,0.7056,1.196
8539.0,0.4816,0.6691,1.1507
8540.0,0.0007,0.677,0.6777000000000001
8541.0,0.5874,0.6846,1.272
8542.0,0.5299,0.7136,1.2435
8543.0,0.5169,0.6586,1.1755
8544.0,0.6843,0.6974,1.3817
8545.0,0.5531,0.691,1.2441
8546.0,0.4348,0.6908,1.1256
8547.0,0.3962,0.6969,1.0931
8548.0,0.4503,0.6892,1.1395
8549.0,0.4692,0.6684,1.1376
8550.0,0.5632,0.6811,1.2443
8551.0,0.6115,0.6706,1.2821
8552.0,0.4912,0.6644,1.1556
8553.0,0.4933,0.6723,1.1656
8554.0,0.0011,1.3652,1.3663
8555.0,0.4333,0.6874,1.1207
8556.0,0.3926,0.6742,1.0668
8557.0,0.4914,0.6884,1.1798
8558.0,0.5006,0.6978,1.1984
8559.0,0.5311,0.7263,1.2574
8560.0,0.5381,0.7222,1.2603
8561.0,0.4365,0.6966,1.1331
8562.0,0.4419,0.7035,1.1454
8563.0,0.461,0.7171,1.1781
8564.0,0.5272,0.708,1.2351999999999999
8565.0,0.4771,0.6882,1.1653
8566.0,0.439,0.6898,1.1288
8567.0,0.4322,0.684,1.1162
8568.0,0.0386,0.5079,0.5465
8569.0,0.5549,0.6607,1.2155999999999998
8570.0,0.5717,0.6901,1.2618
8571.0,0.5847,0.7074,1.2921
8572.0,0.5455,0.6944,1.2399
8573.0,0.4852,0.6973,1.1825
8574.0,0.4452,0.6824,1.1276
8575.0,0.624,0.6652,1.2892000000000001
8576.0,0.7436,0.6788,1.4224
8577.0,0.4067,0.686,1.0927
8578.0,0.4967,0.6562,1.1529
8579.0,0.5001,0.6652,1.1653
8580.0,0.8235,0.6593,1.4828000000000001
8581.0,0.4352,0.6661,1.1013
8582.0,0.0722,0.4141,0.4863
8583.0,0.6916,0.6569,1.3485
8584.0,0.4078,0.6442,1.052
8585.0,0.46,0.6698,1.1298
8586.0,0.6159,0.6785,1.2944
8587.0,0.564,0.666,1.23
8588.0,0.4148,0.664,1.0788
8589.0,0.4124,0.6358,1.0482
8590.0,0.3579,0.6553,1.0131999999999999
8591.0,0.5637,0.628,1.1917
8592.0,0.5406,0.65,1.1905999999999999
8593.0,0.3891,0.6436,1.0327
8594.0,0.4086,0.6431,1.0517
8595.0,0.3574,0.6373,0.9946999999999999
8596.0,0.0019,0.064,0.0659
8597.0,0.3696,0.6394,1.009
8598.0,0.4754,0.6403,1.1157
8599.0,0.6211,0.6594,1.2805
8600.0,0.5182,0.6369,1.1551
8601.0,0.4516,0.65,1.1016
8602.0,0.4442,0.6569,1.1011
8603.0,0.6976,0.6409,1.3385
8604.0,0.4525,0.6271,1.0796000000000001
8605.0,0.5295,0.646,1.1755
8606.0,0.7617,0.6454,1.4071
8607.0,0.5801,0.6364,1.2165
8608.0,0.4248,0.6262,1.051
8609.0,0.389,0.6474,1.0364
8610.0,0.0075,0.7693,0.7767999999999999
8611.0,0.637,0.6612,1.2982
8612.0,0.5757,0.6325,1.2082
8613.0,0.48,0.6514,1.1314
8614.0,0.5938,0.6609,1.2547000000000001
8615.0,0.4911,0.6789,1.17
8616.0,1.123,0.6462,1.7692
8617.0,0.4389,0.6303,1.0692
8618.0,0.5532,0.6596,1.2128
8619.0,0.3537,0.656,1.0097
8620.0,0.3992,0.6524,1.0516
8621.0,0.6787,0.6655,1.3441999999999998
8622.0,0.457,0.632,1.089
8623.0,0.5371,0.6702,1.2073
8624.0,0.0208,0.6012,0.622
8625.0,0.4782,0.6385,1.1167
8626.0,0.4156,0.6462,1.0618
8627.0,0.5643,0.6776,1.2419
8628.0,0.769,0.6756,1.4445999999999999
8629.0,0.4989,0.6656,1.1644999999999999
8630.0,0.4229,0.6386,1.0614999999999999
8631.0,0.4634,0.6568,1.1202
8632.0,0.6991,0.6149,1.314
8633.0,0.4145,0.6333,1.0478
8634.0,0.4577,0.6534,1.1111
8635.0,0.4109,0.6299,1.0408
8636.0,0.5001,0.6557,1.1558
8637.0,0.4779,0.5949,1.0728
8638.0,0.2462,0.8479,1.0941
8639.0,0.4131,0.6381,1.0512000000000001
8640.0,0.4887,0.6508,1.1395
8641.0,0.3957,0.6465,1.0422
8642.0,0.4993,0.6566,1.1559
8643.0,0.4058,0.6537,1.0594999999999999
8644.0,0.5535,0.6561,1.2096
8645.0,0.4996,0.6473,1.1469
8646.0,0.5269,0.6395,1.1663999999999999
8647.0,0.4759,0.6367,1.1126
8648.0,0.3903,0.6287,1.0190000000000001
8649.0,0.3754,0.6223,0.9977
8650.0,0.4686,0.6322,1.1008
8651.0,0.563,0.6259,1.1888999999999998
8652.0,0.0446,0.2192,0.26380000000000003
8653.0,0.451,0.6306,1.0816000000000001
8654.0,0.4456,0.6375,1.0831
8655.0,0.4192,0.6168,1.036
8656.0,0.5361,0.6472,1.1833
8657.0,0.3852,0.6515,1.0367
8658.0,0.4081,0.6202,1.0283
8659.0,0.4312,0.6053,1.0365
8660.0,0.4337,0.6346,1.0683
8661.0,0.6357,0.6451,1.2808000000000002
8662.0,0.4231,0.6392,1.0623
8663.0,0.4867,0.6206,1.1073
8664.0,0.3931,0.6166,1.0097
8665.0,0.4303,0.6327,1.0630000000000002
8666.0,0.0,0.4531,0.4531
8667.0,0.4896,0.6434,1.133
8668.0,0.4759,0.6589,1.1348
8669.0,0.4731,0.6535,1.1266
8670.0,0.4637,0.6633,1.127
8671.0,0.4567,0.6384,1.0951
8672.0,0.4336,0.6342,1.0678
8673.0,0.4543,0.6593,1.1136
8674.0,0.3974,0.6402,1.0375999999999999
8675.0,0.5476,0.6179,1.1655
8676.0,0.5111,0.6435,1.1545999999999998
8677.0,0.4142,0.6376,1.0518
8678.0,0.5713,0.6331,1.2044000000000001
8679.0,0.4014,0.6182,1.0196
8680.0,0.1376,0.5986,0.7362
8681.0,0.4714,0.6368,1.1082
8682.0,0.4372,0.6352,1.0724
8683.0,0.355,0.6373,0.9923
8684.0,0.4394,0.6323,1.0716999999999999
8685.0,0.374,0.6202,0.9942
8686.0,0.4304,0.628,1.0584
8687.0,0.5085,0.6397,1.1482
8688.0,0.3754,0.6274,1.0028
8689.0,0.555,0.6381,1.1931
8690.0,0.4768,0.6235,1.1003
8691.0,0.4945,0.6434,1.1379
8692.0,0.3979,0.6258,1.0237
8693.0,0.539,0.6319,1.1709
8694.0,0.0719,0.4084,0.4803
8695.0,0.3393,0.6234,0.9626999999999999
8696.0,0.4864,0.6303,1.1167
8697.0,0.3936,0.651,1.0446
8698.0,0.5175,0.6361,1.1536
8699.0,0.4316,0.6422,1.0737999999999999
8700.0,0.4752,0.6441,1.1193
8701.0,0.5256,0.6432,1.1688
8702.0,0.4868,0.6402,1.127
8703.0,0.4296,0.6146,1.0442
8704.0,0.4145,0.6379,1.0524
8705.0,0.4851,0.631,1.1160999999999999
8706.0,0.8083,0.6335,1.4418
8707.0,0.4996,0.6413,1.1409
8708.0,1.1347,0.6748,1.8094999999999999
8709.0,0.4175,0.6296,1.0471
8710.0,0.3437,0.6322,0.9759
8711.0,0.5175,0.6523,1.1698
8712.0,0.472,0.627,1.099
8713.0,0.4977,0.6313,1.129
8714.0,0.3918,0.637,1.0288
8715.0,0.5062,0.6438,1.15
8716.0,0.4437,0.6459,1.0896
8717.0,0.5481,0.6382,1.1863000000000001
8718.0,0.6052,0.6279,1.2330999999999999
8719.0,0.5637,0.6411,1.2048
8720.0,0.514,0.6309,1.1449
8721.0,0.4282,0.6287,1.0569000000000002
8722.0,0.8355,0.4954,1.3309
8723.0,0.3523,0.6378,0.9901
8724.0,0.532,0.6061,1.1381000000000001
8725.0,0.4623,0.6184,1.0807
8726.0,0.5462,0.6285,1.1747
8727.0,0.4645,0.6438,1.1083
8728.0,0.4958,0.6439,1.1397
8729.0,0.4453,0.6322,1.0775
8730.0,0.6879,0.6439,1.3317999999999999
8731.0,0.4083,0.6515,1.0598
8732.0,0.4768,0.6598,1.1366
8733.0,0.4243,0.6519,1.0762
8734.0,0.4617,0.6267,1.0884
8735.0,0.5168,0.6347,1.1515
8736.0,0.0071,1.8144,1.8215000000000001
8737.0,0.3718,0.6464,1.0182
8738.0,0.4163,0.6801,1.0964
8739.0,0.6448,0.6798,1.3246
8740.0,0.4676,0.6922,1.1598000000000002
8741.0,0.4383,0.689,1.1273
8742.0,0.5183,0.6765,1.1947999999999999
8743.0,0.443,0.6518,1.0948
8744.0,0.3988,0.6678,1.0666
8745.0,0.4322,0.6694,1.1016
8746.0,0.5827,0.6622,1.2449
8747.0,0.4348,0.6411,1.0759
8748.0,0.4999,0.6331,1.133
8749.0,0.4921,0.6304,1.1225
8750.0,0.3543,0.5593,0.9136
8751.0,0.3442,0.6333,0.9775
8752.0,0.5224,0.6311,1.1535
8753.0,0.4214,0.6388,1.0602
8754.0,0.4038,0.6675,1.0713
8755.0,0.595,0.6665,1.2614999999999998
8756.0,0.4101,0.638,1.0481
8757.0,0.5411,0.6601,1.2012
8758.0,0.4487,0.6277,1.0764
8759.0,0.588,0.6311,1.2191
8760.0,0.404,0.6342,1.0382
8761.0,0.5095,0.6334,1.1429
8762.0,0.5518,0.628,1.1798
8763.0,0.4914,0.6148,1.1062
8764.0,0.4718,0.8625,1.3343
8765.0,0.3891,0.6088,0.9979
8766.0,0.5398,0.6417,1.1815
8767.0,0.5365,0.6502,1.1867
8768.0,0.47,0.6294,1.0994
8769.0,0.6074,0.6467,1.2541000000000002
8770.0,0.5715,0.6283,1.1998
8771.0,0.433,0.6375,1.0705
8772.0,0.6059,0.6504,1.2563
8773.0,0.4006,0.6371,1.0377
8774.0,0.3719,0.6527,1.0246
8775.0,0.5104,0.653,1.1634
8776.0,0.4814,0.6318,1.1132
8777.0,0.3834,0.6208,1.0042
8778.0,0.0001,0.4492,0.4493
8779.0,0.4311,0.6354,1.0665
8780.0,0.4341,0.6533,1.0874
8781.0,0.3953,0.6599,1.0552000000000001
8782.0,0.3378,0.6609,0.9987
8783.0,0.5139,0.6511,1.165
8784.0,0.4643,0.6654,1.1297
8785.0,0.3901,0.6272,1.0173
8786.0,0.4221,0.6646,1.0867
8787.0,0.4778,0.6527,1.1305
8788.0,0.8342,0.633,1.4672
8789.0,0.4597,0.5988,1.0585
8790.0,0.4347,0.6585,1.0932
8791.0,0.4721,0.6229,1.095
8792.0,0.038,0.8055,0.8435
8793.0,0.4587,0.6336,1.0923
8794.0,0.5242,0.6447,1.1689
8795.0,0.3812,0.6308,1.012
8796.0,0.4247,0.6293,1.054
8797.0,0.3817,0.6323,1.014
8798.0,0.4214,0.6073,1.0287
8799.0,0.5007,0.6044,1.1051000000000002
8800.0,0.4194,0.6188,1.0382
8801.0,0.5133,0.6347,1.1480000000000001
8802.0,0.4632,0.6352,1.0984
8803.0,0.4784,0.6127,1.0911
8804.0,0.377,0.6201,0.9971
8805.0,0.4105,0.6304,1.0409
8806.0,0.0754,0.6257,0.7011000000000001
8807.0,0.4451,0.6358,1.0809
8808.0,0.5027,0.6473,1.15
8809.0,0.4688,0.6669,1.1357
8810.0,0.4583,0.6653,1.1236
8811.0,0.5063,0.6376,1.1439
8812.0,0.4405,0.6197,1.0602
8813.0,0.3756,0.6182,0.9938
8814.0,0.5182,0.6328,1.151
8815.0,0.4763,0.6458,1.1221
8816.0,0.6701,0.6354,1.3054999999999999
8817.0,0.4622,0.6191,1.0813
8818.0,0.4178,0.6217,1.0395
8819.0,0.5641,0.587,1.1511
8820.0,0.0001,0.7018,0.7019
8821.0,0.4879,0.6096,1.0975000000000001
8822.0,0.4526,0.6065,1.0591
8823.0,0.5218,0.6222,1.1440000000000001
8824.0,0.3879,0.6217,1.0096
8825.0,0.4424,0.6305,1.0729
8826.0,0.5029,0.6191,1.1219999999999999
8827.0,0.4575,0.6228,1.0803
8828.0,0.3595,0.6061,0.9656
8829.0,0.3808,0.6124,0.9932000000000001
8830.0,0.3495,0.5971,0.9465999999999999
8831.0,0.7575,0.6148,1.3723
8832.0,0.6516,0.6176,1.2692
8833.0,0.4597,0.6215,1.0812
8834.0,1.0372,0.6872,1.7244
8835.0,0.4275,0.6258,1.0533000000000001
8836.0,0.4403,0.646,1.0863
8837.0,0.4255,0.6559,1.0814
8838.0,0.4412,0.6763,1.1175
8839.0,0.5081,0.6314,1.1395
8840.0,0.528,0.6281,1.1561
8841.0,0.4555,0.6154,1.0709
8842.0,0.4956,0.6365,1.1320999999999999
8843.0,0.4076,0.6498,1.0574000000000001
8844.0,0.4097,0.6547,1.0644
8845.0,0.5739,0.6583,1.2322
8846.0,0.6663,0.6624,1.3287
8847.0,0.4135,0.608,1.0215
8848.0,0.0649,1.2281,1.293
8849.0,0.477,0.6194,1.0964
8850.0,0.443,0.6138,1.0568
8851.0,0.4389,0.6332,1.0721
8852.0,0.3868,0.6455,1.0323
8853.0,0.5754,0.6665,1.2419
8854.0,0.5704,0.6469,1.2173
8855.0,0.4497,0.6427,1.0924
8856.0,0.6225,0.6251,1.2476
8857.0,0.8522,0.6259,1.4781
8858.0,0.5836,0.6424,1.226
8859.0,0.4691,0.6419,1.111
8860.0,0.4945,0.6234,1.1179
8861.0,0.3908,0.6136,1.0044
8862.0,0.9771,0.3945,1.3716
8863.0,0.6913,0.6432,1.3345
8864.0,0.3612,0.6549,1.0161
8865.0,0.552,0.7093,1.2613
8866.0,0.5553,0.6761,1.2314
8867.0,0.5049,0.6921,1.197
8868.0,0.418,0.6725,1.0905
8869.0,0.5258,0.6884,1.2142
8870.0,0.5753,0.6565,1.2318
8871.0,0.5506,0.68,1.2306
8872.0,0.4894,0.6506,1.14
8873.0,0.4867,0.6728,1.1595
8874.0,0.4131,0.6673,1.0804
8875.0,0.4002,0.6686,1.0688
8876.0,0.0055,0.4147,0.4202
8877.0,0.4421,0.679,1.1211
8878.0,0.3802,0.664,1.0442
8879.0,0.4929,0.6734,1.1663000000000001
8880.0,0.6102,0.6504,1.2606
8881.0,0.4739,0.6567,1.1305999999999998
8882.0,0.4846,0.651,1.1356
8883.0,0.4392,0.6475,1.0867
8884.0,0.4778,0.6795,1.1573
8885.0,0.4579,0.6407,1.0986
8886.0,0.5062,0.6373,1.1435
8887.0,0.5075,0.6469,1.1543999999999999
8888.0,0.454,0.6359,1.0899
8889.0,0.4837,0.6523,1.1360000000000001
8890.0,0.053,0.5499,0.6029000000000001
8891.0,0.3741,0.6458,1.0199
8892.0,0.483,0.6414,1.1244
8893.0,0.4076,0.6504,1.058
8894.0,0.4774,0.6255,1.1029
8895.0,0.4597,0.6415,1.1012
8896.0,0.4818,0.6223,1.1040999999999999
8897.0,0.4467,0.639,1.0857
8898.0,0.4654,0.6376,1.103
8899.0,0.5071,0.6552,1.1623
8900.0,0.4374,0.6217,1.0591
8901.0,0.5768,0.6566,1.2334
8902.0,0.373,0.629,1.002
8903.0,0.4316,0.643,1.0746
8904.0,0.201,0.7679,0.9689000000000001
8905.0,0.4979,0.6063,1.1042
8906.0,0.4622,0.6337,1.0959
8907.0,0.5211,0.6364,1.1575
8908.0,0.4923,0.6334,1.1257
8909.0,0.6312,0.6316,1.2628
8910.0,0.4523,0.6289,1.0812
8911.0,0.6063,0.6045,1.2107999999999999
8912.0,0.4648,0.6207,1.0855000000000001
8913.0,0.445,0.6089,1.0539
8914.0,0.4097,0.6199,1.0296
8915.0,0.5213,0.6148,1.1360999999999999
8916.0,0.4179,0.6201,1.038
8917.0,0.4329,0.5984,1.0313
8918.0,0.0785,0.6713,0.7498
8919.0,0.4415,0.5979,1.0394
8920.0,0.3684,0.6014,0.9698
8921.0,0.6651,0.614,1.2791000000000001
8922.0,0.4218,0.6203,1.0421
8923.0,0.3641,0.6187,0.9828
8924.0,0.4447,0.6447,1.0894
8925.0,0.4905,0.6194,1.1098999999999999
8926.0,0.3563,0.6011,0.9574
8927.0,0.4331,0.6165,1.0496
8928.0,0.412,0.6166,1.0286
8929.0,0.445,0.5917,1.0367
8930.0,0.448,0.6226,1.0706
8931.0,0.6054,0.6002,1.2056
8932.0,0.0056,0.0835,0.0891
8933.0,0.6294,0.6123,1.2416999999999998
8934.0,0.5849,0.6098,1.1947
8935.0,0.3848,0.6309,1.0157
8936.0,0.4953,0.6314,1.1267
8937.0,0.3608,0.6087,0.9695
8938.0,0.3896,0.6156,1.0052
8939.0,0.4341,0.6056,1.0397
8940.0,0.4992,0.6132,1.1124
8941.0,0.4731,0.5904,1.0635000000000001
8942.0,0.4697,0.6029,1.0726
8943.0,0.5135,0.605,1.1185
8944.0,0.3779,0.6113,0.9892
8945.0,0.3915,0.6115,1.0030000000000001
8946.0,0.0183,0.1879,0.20620000000000002
8947.0,0.4973,0.5921,1.0894
8948.0,0.4427,0.5989,1.0415999999999999
8949.0,0.4192,0.5893,1.0085000000000002
8950.0,0.4502,0.6023,1.0525
8951.0,0.4475,0.5915,1.0390000000000001
8952.0,0.7903,0.6031,1.3934
8953.0,0.4498,0.6016,1.0514000000000001
8954.0,0.5855,0.6177,1.2032
8955.0,0.3846,0.6076,0.9922
8956.0,0.4476,0.5876,1.0352000000000001
8957.0,0.5043,0.6063,1.1105999999999998
8958.0,0.5876,0.5852,1.1728
8959.0,0.3838,0.5941,0.9779
8960.0,0.2735,0.742,1.0155
8961.0,0.4221,0.6112,1.0332999999999999
8962.0,0.4533,0.6384,1.0917
8963.0,0.4327,0.6584,1.0911
8964.0,0.4423,0.663,1.1053000000000002
8965.0,0.847,0.6316,1.4786000000000001
8966.0,0.5202,0.6399,1.1601
8967.0,0.4495,0.6447,1.0942
8968.0,0.449,0.6333,1.0823
8969.0,0.6777,0.6351,1.3128
8970.0,0.457,0.642,1.099
8971.0,0.4875,0.6355,1.123
8972.0,0.5151,0.6398,1.1549
8973.0,0.4596,0.6282,1.0878
8974.0,0.1101,0.6599,0.77
8975.0,0.5267,0.609,1.1357
8976.0,0.3941,0.6002,0.9943
8977.0,0.4278,0.6243,1.0521
8978.0,0.4419,0.6457,1.0876000000000001
8979.0,0.419,0.632,1.051
8980.0,0.4359,0.6446,1.0805
8981.0,0.379,0.6405,1.0194999999999999
8982.0,0.404,0.6598,1.0638
8983.0,0.6003,0.6232,1.2235
8984.0,0.4009,0.6249,1.0258
8985.0,0.4837,0.6175,1.1012
8986.0,0.4768,0.5911,1.0678999999999998
8987.0,0.4121,0.6054,1.0175
8988.0,1.9459,0.4848,2.4307
8989.0,0.3538,0.6095,0.9633
8990.0,0.5071,0.6096,1.1167
8991.0,0.4789,0.6347,1.1136
8992.0,0.527,0.6326,1.1596000000000002
8993.0,0.6854,0.6432,1.3286
8994.0,0.5355,0.6231,1.1585999999999999
8995.0,0.4476,0.6328,1.0804
8996.0,0.4633,0.668,1.1313
8997.0,0.4069,0.6243,1.0312
8998.0,0.4659,0.6362,1.1021
8999.0,0.5321,0.6403,1.1724
9000.0,0.5735,0.6224,1.1959
9001.0,0.4719,0.6421,1.1139999999999999
9002.0,0.0119,0.9277,0.9396
9003.0,0.4062,0.6295,1.0356999999999998
9004.0,0.4916,0.6,1.0916
9005.0,0.3737,0.6363,1.01
9006.0,0.5376,0.6374,1.1749999999999998
9007.0,0.3782,0.6353,1.0135
9008.0,0.4823,0.6328,1.1151
9009.0,0.5164,0.6347,1.1511
9010.0,0.3818,0.6237,1.0055
9011.0,0.4227,0.6189,1.0416
9012.0,0.6033,0.6126,1.2159
9013.0,0.4427,0.6209,1.0636
9014.0,0.4588,0.6133,1.0720999999999998
9015.0,0.4201,0.6142,1.0343
9016.0,0.0528,0.8584,0.9112
9017.0,0.4814,0.6268,1.1082
9018.0,0.3798,0.6084,0.9882000000000001
9019.0,0.4647,0.6369,1.1016
9020.0,0.3921,0.6052,0.9973
9021.0,0.3631,0.6092,0.9722999999999999
9022.0,0.3643,0.6077,0.972
9023.0,0.6298,0.6235,1.2533
9024.0,0.4386,0.6143,1.0529
9025.0,0.4063,0.5829,0.9892
9026.0,0.4998,0.6067,1.1065
9027.0,0.4663,0.5968,1.0631
9028.0,0.4461,0.6061,1.0522
9029.0,0.3627,0.5991,0.9618
9030.0,17.1058,0.9896,18.095399999999998
9031.0,0.4599,0.6248,1.0847
9032.0,0.571,0.6469,1.2179
9033.0,0.6848,0.6971,1.3819
9034.0,0.8682,0.7144,1.5826
9035.0,0.6413,0.6705,1.3117999999999999
9036.0,0.7913,0.6882,1.4795
9037.0,0.8742,0.6713,1.5455
9038.0,0.4865,0.6817,1.1682
9039.0,0.5098,0.6917,1.2015
9040.0,1.1945,0.6847,1.8792
9041.0,0.5914,0.6958,1.2872
9042.0,0.5762,0.7095,1.2857
9043.0,0.444,0.7218,1.1658
9044.0,30.2404,0.7563,30.9967
9045.0,0.7675,0.7936,1.5611
9046.0,0.6849,0.8981,1.583
9047.0,0.9038,0.9333,1.8371
9048.0,0.7123,0.9214,1.6337000000000002
9049.0,0.6494,0.8954,1.5448
9050.0,0.6817,0.8581,1.5398
9051.0,0.5388,0.8594,1.3982
9052.0,0.4592,0.8593,1.3185
9053.0,0.4432,0.8442,1.2873999999999999
9054.0,0.5268,0.8187,1.3455
9055.0,0.5696,0.8141,1.3837000000000002
9056.0,0.5095,0.8247,1.3342
9057.0,0.5113,0.7906,1.3018999999999998
9058.0,0.0372,0.2283,0.2655
9059.0,0.6216,1.0319,1.6535000000000002
9060.0,0.4679,0.8203,1.2882
9061.0,0.6208,0.775,1.3958
9062.0,0.4819,0.7609,1.2428
9063.0,0.5004,0.7781,1.2785
9064.0,0.4522,0.7746,1.2268
9065.0,0.609,0.7766,1.3856
9066.0,0.7792,0.7659,1.5451000000000001
9067.0,0.5771,0.7277,1.3048
9068.0,0.6479,0.7529,1.4008
9069.0,0.5944,0.7189,1.3133
9070.0,0.4714,0.7326,1.204
9071.0,0.5706,0.7453,1.3159
9072.0,0.0005,0.4753,0.4758
9073.0,0.5112,0.7378,1.249
9074.0,0.4796,0.7388,1.2184
9075.0,0.502,0.7153,1.2173
9076.0,0.5836,0.7331,1.3167
9077.0,0.4929,0.7336,1.2265000000000001
9078.0,0.4536,0.7153,1.1689
9079.0,0.6146,0.7165,1.3311000000000002
9080.0,0.5404,0.6989,1.2393
9081.0,0.4973,0.7248,1.2221
9082.0,0.5258,0.7202,1.246
9083.0,0.5148,0.6848,1.1996
9084.0,0.5751,0.7097,1.2848
9085.0,0.4563,0.6587,1.115
9086.0,0.0128,0.8801,0.8929
9087.0,0.4939,0.6788,1.1726999999999999
9088.0,0.4976,0.7315,1.2291
9089.0,0.493,0.7121,1.2050999999999998
9090.0,0.4971,0.6728,1.1699
9091.0,0.5821,0.6898,1.2719
9092.0,0.4299,0.6863,1.1162
9093.0,0.4443,0.6848,1.1291
9094.0,0.6614,0.6933,1.3547
9095.0,0.4552,0.7011,1.1562999999999999
9096.0,0.3638,0.703,1.0668
9097.0,0.5002,0.7185,1.2187000000000001
9098.0,0.4914,0.7012,1.1926
9099.0,0.5257,0.6947,1.2204
9100.0,0.0863,0.3841,0.4704
9101.0,0.4317,0.7076,1.1393
9102.0,0.4297,0.7047,1.1344
9103.0,0.4859,0.6843,1.1702
9104.0,0.5598,0.6935,1.2532999999999999
9105.0,1.3419,0.7268,2.0687
9106.0,0.4935,0.6972,1.1907
9107.0,0.3457,0.6715,1.0171999999999999
9108.0,0.4694,0.6822,1.1516
9109.0,0.4713,0.7076,1.1789
9110.0,0.4373,0.6682,1.1055000000000001
9111.0,0.4335,0.6832,1.1167
9112.0,0.6498,0.6776,1.3274
9113.0,0.4572,0.6742,1.1314
9114.0,0.0545,0.5284,0.5829
9115.0,0.4892,0.6538,1.143
9116.0,0.7339,0.6535,1.3874
9117.0,0.5499,0.6848,1.2347000000000001
9118.0,1.295,0.6659,1.9609
9119.0,0.5357,0.6821,1.2178
9120.0,0.5198,0.6742,1.194
9121.0,0.5145,0.6842,1.1987
9122.0,0.5743,0.6363,1.2106
9123.0,0.5218,0.6398,1.1616
9124.0,0.5775,0.6621,1.2396
9125.0,0.4455,0.6452,1.0907
9126.0,0.6239,0.6346,1.2585000000000002
9127.0,0.33,0.6307,0.9607000000000001
9128.0,0.016,0.5258,0.5418000000000001
9129.0,0.6314,0.6547,1.2860999999999998
9130.0,0.5137,0.6714,1.1851
9131.0,0.5163,0.6794,1.1957
9132.0,0.4351,0.6701,1.1052
9133.0,0.4467,0.6667,1.1134
9134.0,0.5809,0.6898,1.2707
9135.0,0.4647,0.6776,1.1423
9136.0,0.6028,0.6741,1.2769
9137.0,0.4398,0.6588,1.0986
9138.0,0.7195,0.6767,1.3961999999999999
9139.0,0.4985,0.6636,1.1621
9140.0,0.5442,0.6675,1.2117
9141.0,0.4254,0.6692,1.0946
9142.0,0.0006,0.2328,0.2334
9143.0,0.5907,0.7152,1.3058999999999998
9144.0,0.412,0.7285,1.1405
9145.0,0.5607,0.7177,1.2784
9146.0,0.5657,0.6633,1.229
9147.0,0.4623,0.6756,1.1379
9148.0,0.4198,0.6779,1.0977
9149.0,0.3706,0.6675,1.0381
9150.0,0.4111,0.6519,1.0630000000000002
9151.0,0.4729,0.6815,1.1543999999999999
9152.0,0.4274,0.6563,1.0836999999999999
9153.0,0.6542,0.6617,1.3159
9154.0,0.3782,0.6576,1.0358
9155.0,0.4652,0.6493,1.1145
9156.0,0.0034,0.7952,0.7986
9157.0,0.4592,0.6546,1.1138
9158.0,0.3563,0.6696,1.0259
9159.0,0.4438,0.6426,1.0863999999999998
9160.0,0.4739,0.643,1.1169
9161.0,0.4971,0.6329,1.13
9162.0,0.3811,0.6691,1.0502
9163.0,0.4606,0.6487,1.1093000000000002
9164.0,0.6257,0.6553,1.2810000000000001
9165.0,0.526,0.6315,1.1575
9166.0,0.6742,0.6224,1.2966
9167.0,0.492,0.6328,1.1248
9168.0,0.5198,0.6439,1.1637
9169.0,0.4844,0.6345,1.1189
9170.0,0.0431,0.6893,0.7324
9171.0,0.6786,0.6473,1.3258999999999999
9172.0,0.4255,0.658,1.0835
9173.0,0.557,0.6648,1.2218
9174.0,0.6105,0.666,1.2765
9175.0,0.4687,0.6641,1.1328
9176.0,0.4195,0.6674,1.0869
9177.0,0.5057,0.6704,1.1761
9178.0,0.5973,0.6732,1.2705000000000002
9179.0,0.3871,0.6717,1.0588
9180.0,0.5421,0.6807,1.2227999999999999
9181.0,0.5182,0.6467,1.1649
9182.0,0.5095,0.6329,1.1423999999999999
9183.0,0.5044,0.6559,1.1602999999999999
9184.0,0.0012,0.7112,0.7124
9185.0,0.4637,0.6581,1.1218
9186.0,0.4774,0.6723,1.1497
9187.0,0.4729,0.6694,1.1423
9188.0,0.5936,0.6715,1.2651
9189.0,0.4207,0.6754,1.0961
9190.0,0.4927,0.6544,1.1471
9191.0,0.4979,0.6496,1.1475
9192.0,0.482,0.6583,1.1402999999999999
9193.0,0.4558,0.6583,1.1141
9194.0,0.5119,0.6343,1.1461999999999999
9195.0,0.4638,0.648,1.1118000000000001
9196.0,0.4291,0.6262,1.0553
9197.0,0.4679,0.6152,1.0831
9198.0,0.2364,0.5503,0.7867
9199.0,0.3843,0.651,1.0352999999999999
9200.0,0.4306,0.6821,1.1127
9201.0,0.5284,0.6792,1.2076
9202.0,0.4242,0.6648,1.089
9203.0,0.3772,0.6538,1.0310000000000001
9204.0,0.7081,0.6711,1.3792
9205.0,0.5218,0.6492,1.171
9206.0,0.4706,0.6678,1.1383999999999999
9207.0,0.8143,0.6614,1.4757
9208.0,0.5469,0.635,1.1819000000000002
9209.0,0.4804,0.6505,1.1309
9210.0,0.4506,0.6398,1.0904
9211.0,0.4617,0.6267,1.0884
9212.0,0.0449,0.5354,0.5803
9213.0,0.4243,0.66,1.0843
9214.0,0.4598,0.7214,1.1812
9215.0,0.5904,0.7202,1.3106
9216.0,0.5087,0.7127,1.2214
9217.0,0.5368,0.6539,1.1907
9218.0,0.433,0.6939,1.1269
9219.0,0.3497,0.6981,1.0478
9220.0,0.5941,0.6509,1.245
9221.0,0.4715,0.6534,1.1249
9222.0,0.4366,0.6398,1.0764
9223.0,0.46,0.6344,1.0944
9224.0,0.4538,0.6503,1.1040999999999999
9225.0,0.4035,0.6135,1.0170000000000001
9226.0,0.1271,0.4938,0.6209
9227.0,0.508,0.6375,1.1455
9228.0,0.5277,0.6526,1.1803
9229.0,0.3988,0.6545,1.0533
9230.0,0.3935,0.6553,1.0488
9231.0,0.4357,0.6394,1.0751
9232.0,0.5867,0.6621,1.2488000000000001
9233.0,0.4831,0.6401,1.1232
9234.0,0.3744,0.6432,1.0176
9235.0,0.4003,0.6578,1.0581
9236.0,0.4096,0.6404,1.05
9237.0,0.518,0.6431,1.1611
9238.0,0.5837,0.6361,1.2198
9239.0,0.6138,0.6291,1.2429000000000001
9240.0,0.0223,0.381,0.4033
9241.0,0.4211,0.6358,1.0569
9242.0,0.6179,0.6349,1.2528000000000001
9243.0,0.4025,0.6294,1.0319
9244.0,0.5612,0.6274,1.1886
9245.0,0.429,0.6346,1.0636
9246.0,0.4266,0.6263,1.0529
9247.0,0.4596,0.615,1.0746
9248.0,0.502,0.6329,1.1349
9249.0,0.4997,0.6196,1.1193
9250.0,0.5147,0.6103,1.125
9251.0,0.4301,0.615,1.0451
9252.0,0.5177,0.612,1.1297000000000001
9253.0,0.6031,0.6236,1.2267000000000001
9254.0,0.005,0.5648,0.5698
9255.0,0.416,0.6175,1.0335
9256.0,0.5501,0.6142,1.1643
9257.0,0.5501,0.611,1.1611
9258.0,0.4544,0.628,1.0824
9259.0,0.5299,0.6254,1.1553
9260.0,0.3906,0.6314,1.022
9261.0,0.4053,0.6318,1.0371000000000001
9262.0,0.4251,0.6085,1.0336
9263.0,0.4294,0.6479,1.0773000000000001
9264.0,0.6402,0.6012,1.2414
9265.0,0.6148,0.6093,1.2241
9266.0,0.5463,0.6087,1.155
9267.0,0.46,0.6256,1.0856000000000001
9268.0,0.0258,0.439,0.4648
9269.0,0.4901,0.6161,1.1061999999999999
9270.0,0.5883,0.6074,1.1957
9271.0,0.4186,0.6132,1.0318
9272.0,0.4291,0.6286,1.0577
9273.0,0.5047,0.6301,1.1348
9274.0,0.4609,0.6276,1.0885
9275.0,0.4216,0.6073,1.0289
9276.0,0.4966,0.6256,1.1222
9277.0,0.4658,0.6206,1.0864
9278.0,0.4489,0.6164,1.0653
9279.0,0.4297,0.6042,1.0339
9280.0,0.4458,0.6337,1.0795
9281.0,0.5475,0.6163,1.1638
9282.0,0.1316,0.8646,0.9962
9283.0,0.4654,0.6076,1.073
9284.0,0.5241,0.6343,1.1583999999999999
9285.0,0.4167,0.6318,1.0485
9286.0,0.367,0.6175,0.9845
9287.0,0.4959,0.6127,1.1086
9288.0,0.4513,0.6338,1.0851
9289.0,0.4883,0.6246,1.1129
9290.0,0.4796,0.6158,1.0954000000000002
9291.0,0.4463,0.5981,1.0444
9292.0,0.4856,0.5991,1.0847
9293.0,0.6496,0.6163,1.2658999999999998
9294.0,0.4945,0.6102,1.1047
9295.0,0.4041,0.6137,1.0178
9296.0,0.0009,0.426,0.4269
9297.0,0.5303,0.6212,1.1515
9298.0,0.5226,0.6065,1.1291
9299.0,0.3818,0.6525,1.0343
9300.0,0.5241,0.6284,1.1524999999999999
9301.0,0.4128,0.6273,1.0401
9302.0,0.3932,0.6404,1.0335999999999999
9303.0,0.3987,0.6013,1.0
9304.0,0.4287,0.6196,1.0483
9305.0,0.3733,0.6009,0.9742
9306.0,0.4173,0.6224,1.0396999999999998
9307.0,0.4312,0.6353,1.0665
9308.0,0.4305,0.6202,1.0507
9309.0,0.423,0.6117,1.0347
9310.0,0.2527,1.3243,1.577
9311.0,0.4137,0.6148,1.0285
9312.0,0.4822,0.6249,1.1071
9313.0,0.3817,0.6431,1.0248
9314.0,0.4082,0.6265,1.0347
9315.0,0.4269,0.6192,1.0461
9316.0,0.6359,0.6335,1.2694
9317.0,0.5181,0.6154,1.1335
9318.0,0.4826,0.6275,1.1100999999999999
9319.0,0.6383,0.6053,1.2435999999999998
9320.0,0.547,0.6013,1.1482999999999999
9321.0,0.6531,0.6027,1.2558
9322.0,0.3715,0.5983,0.9698
9323.0,0.5715,0.6135,1.185
9324.0,0.1948,0.2776,0.47240000000000004
9325.0,0.5053,0.6044,1.1097000000000001
9326.0,0.4774,0.6153,1.0927
9327.0,0.5171,0.6442,1.1613
9328.0,0.4759,0.6227,1.0986
9329.0,0.4755,0.6069,1.0824
9330.0,0.4402,0.5741,1.0143
9331.0,0.422,0.6094,1.0314
9332.0,0.5771,0.6072,1.1843
9333.0,0.3965,0.6196,1.0161
9334.0,0.5449,0.6069,1.1518000000000002
9335.0,0.4551,0.5952,1.0503
9336.0,0.5046,0.5922,1.0968
9337.0,0.4492,0.5831,1.0323
9338.0,0.0475,0.4237,0.4712
9339.0,0.4194,0.5744,0.9938
9340.0,0.3771,0.607,0.9841
9341.0,0.3892,0.616,1.0051999999999999
9342.0,0.5339,0.6156,1.1495000000000002
9343.0,0.4548,0.6046,1.0594000000000001
9344.0,0.5688,0.6001,1.1688999999999998
9345.0,0.3685,0.6069,0.9754
9346.0,0.4286,0.603,1.0316
9347.0,0.4191,0.5969,1.016
9348.0,0.5066,0.6152,1.1218
9349.0,0.4437,0.5971,1.0408
9350.0,0.5831,0.598,1.1810999999999998
9351.0,0.4781,0.5911,1.0692
9352.0,0.3576,0.6445,1.0021
9353.0,0.4736,0.6013,1.0749
9354.0,0.5857,0.6147,1.2004000000000001
9355.0,0.7444,0.612,1.3563999999999998
9356.0,0.564,0.6332,1.1972
9357.0,0.4339,0.6392,1.0731
9358.0,0.6503,0.636,1.2863
9359.0,0.4773,0.6477,1.125
9360.0,0.5477,0.6442,1.1919
9361.0,0.8837,0.6688,1.5525
9362.0,0.4952,0.6411,1.1362999999999999
9363.0,0.5102,0.6328,1.143
9364.0,0.4856,0.6597,1.1453
9365.0,0.6031,0.6341,1.2372
9366.0,0.0843,0.2265,0.3108
9367.0,0.4586,0.6366,1.0952000000000002
9368.0,0.572,0.6275,1.1995
9369.0,0.5275,0.6378,1.1653
9370.0,0.4946,0.6492,1.1438
9371.0,0.4613,0.6185,1.0798
9372.0,0.3866,0.618,1.0046
9373.0,0.3974,0.6351,1.0325
9374.0,0.3759,0.5915,0.9674
9375.0,0.4076,0.6111,1.0187
9376.0,0.3923,0.6207,1.013
9377.0,0.4869,0.6318,1.1187
9378.0,0.3969,0.6203,1.0171999999999999
9379.0,0.4667,0.5971,1.0638
9380.0,3.6911,1.0678,4.758900000000001
9381.0,0.4982,0.6155,1.1137000000000001
9382.0,0.5565,0.6401,1.1966
9383.0,0.6122,0.6605,1.2727
9384.0,0.7553,0.6584,1.4137
9385.0,0.681,0.681,1.362
9386.0,0.6058,0.6545,1.2603
9387.0,0.4988,0.6689,1.1677
9388.0,0.6775,0.7006,1.3780999999999999
9389.0,0.5103,0.6903,1.2006000000000001
9390.0,0.4779,0.7001,1.178
9391.0,0.5836,0.6963,1.2799
9392.0,0.5656,0.6944,1.26
9393.0,0.6392,0.6743,1.3135
9394.0,0.0002,0.396,0.3962
9395.0,0.5296,0.6544,1.184
9396.0,0.5061,0.664,1.1701000000000001
9397.0,0.5004,0.6862,1.1865999999999999
9398.0,0.4446,0.6808,1.1254
9399.0,0.5079,0.665,1.1729
9400.0,0.5589,0.659,1.2179
9401.0,0.4729,0.6651,1.138
9402.0,0.4998,0.6565,1.1562999999999999
9403.0,0.5508,0.6438,1.1945999999999999
9404.0,0.4029,0.6452,1.0481
9405.0,0.6559,0.6394,1.2953000000000001
9406.0,0.5023,0.6582,1.1604999999999999
9407.0,0.5487,0.6408,1.1895
9408.0,0.115,0.3552,0.4702
9409.0,0.4449,0.6512,1.0961
9410.0,0.4807,0.6373,1.1179999999999999
9411.0,0.5479,0.6584,1.2063000000000001
9412.0,0.4494,0.6142,1.0636
9413.0,0.6958,0.6157,1.3115
9414.0,0.5298,0.633,1.1628
9415.0,0.4285,0.6336,1.0621
9416.0,0.4464,0.6182,1.0646
9417.0,0.5798,0.6007,1.1804999999999999
9418.0,0.4765,0.627,1.1035
9419.0,0.6378,0.6199,1.2577
9420.0,0.3941,0.6281,1.0222
9421.0,0.4913,0.6034,1.0947
9422.0,0.0001,0.1936,0.19369999999999998
9423.0,0.5325,0.6148,1.1473
9424.0,0.6604,0.6199,1.2803
9425.0,0.4426,0.6213,1.0638999999999998
9426.0,0.3929,0.6085,1.0014
9427.0,0.4176,0.5824,1.0
9428.0,0.4182,0.6123,1.0305
9429.0,0.5278,0.6315,1.1593
9430.0,0.5095,0.594,1.1035
9431.0,0.4693,0.6364,1.1057
9432.0,0.5983,0.6086,1.2069
9433.0,0.5054,0.6371,1.1425
9434.0,0.5151,0.6003,1.1154
9435.0,0.4232,0.5798,1.0030000000000001
9436.0,0.026,0.6999,0.7259
9437.0,0.4578,0.6245,1.0823
9438.0,0.3898,0.6459,1.0357
9439.0,0.4637,0.6628,1.1265
9440.0,0.4998,0.6627,1.1625
9441.0,0.6401,0.6269,1.267
9442.0,0.5648,0.6288,1.1936
9443.0,0.5076,0.6434,1.151
9444.0,0.4578,0.6549,1.1127
9445.0,0.385,0.6478,1.0328
9446.0,0.5545,0.6317,1.1862
9447.0,0.5988,0.6473,1.2461
9448.0,0.4936,0.6155,1.1091
9449.0,0.4572,0.6091,1.0663
9450.0,0.0858,0.1195,0.20529999999999998
9451.0,0.4824,0.6305,1.1129
9452.0,0.3854,0.6109,0.9963
9453.0,0.447,0.601,1.048
9454.0,0.5542,0.6258,1.1800000000000002
9455.0,0.619,0.612,1.2309999999999999
9456.0,0.488,0.6289,1.1169
9457.0,0.4957,0.6345,1.1301999999999999
9458.0,0.6466,0.6115,1.2581
9459.0,0.5032,0.609,1.1122
9460.0,0.4802,0.5945,1.0747
9461.0,0.3531,0.6015,0.9546000000000001
9462.0,0.4077,0.6079,1.0156
9463.0,0.5006,0.6294,1.13
9464.0,0.0007,0.7198,0.7205
9465.0,0.5358,0.6073,1.1431
9466.0,0.4338,0.6201,1.0539
9467.0,0.4971,0.6256,1.1227
9468.0,0.5525,0.6258,1.1783000000000001
9469.0,0.4698,0.6143,1.0840999999999998
9470.0,0.4174,0.613,1.0304
9471.0,0.4052,0.6489,1.0541
9472.0,0.4013,0.6225,1.0238
9473.0,0.4141,0.607,1.0211000000000001
9474.0,0.4359,0.5766,1.0125
9475.0,0.4125,0.6026,1.0151
9476.0,0.4796,0.6213,1.1009
9477.0,0.3693,0.6055,0.9748000000000001
9478.0,0.1483,0.3069,0.4552
9479.0,0.3987,0.6249,1.0236
9480.0,0.4486,0.6144,1.063
9481.0,0.3558,0.6176,0.9734
9482.0,0.4689,0.6424,1.1113
9483.0,0.5023,0.6386,1.1408999999999998
9484.0,0.545,0.6271,1.1721
9485.0,0.5417,0.6133,1.1549999999999998
9486.0,0.626,0.622,1.248
9487.0,0.5055,0.6072,1.1126999999999998
9488.0,0.4286,0.6264,1.055
9489.0,0.5465,0.6349,1.1814
9490.0,0.5875,0.6168,1.2043
9491.0,0.6157,0.6326,1.2483
9492.0,0.0572,1.354,1.4112
9493.0,0.4416,0.6138,1.0554000000000001
9494.0,0.5203,0.6128,1.1331
9495.0,0.4433,0.6587,1.1019999999999999
9496.0,0.3705,0.6284,0.9988999999999999
9497.0,0.4397,0.6448,1.0845
9498.0,0.3429,0.6274,0.9702999999999999
9499.0,0.4419,0.6369,1.0788
9500.0,0.4642,0.6382,1.1024
9501.0,0.3652,0.6023,0.9675
9502.0,0.4064,0.6323,1.0387
9503.0,0.4379,0.617,1.0549
9504.0,0.5058,0.6278,1.1336
9505.0,0.4518,0.6399,1.0917
9506.0,0.004,0.7326,0.7366
9507.0,0.4501,0.6085,1.0586
9508.0,0.4116,0.6156,1.0272000000000001
9509.0,0.8456,0.6525,1.4981
9510.0,0.5872,0.6292,1.2164000000000001
9511.0,0.579,0.625,1.204
9512.0,1.1501,0.5977,1.7477999999999998
9513.0,0.473,0.6103,1.0833
9514.0,0.5799,0.603,1.1829
9515.0,0.4411,0.6047,1.0458
9516.0,0.395,0.6193,1.0143
9517.0,0.5059,0.6151,1.121
9518.0,0.5819,0.5981,1.18
9519.0,0.5057,0.604,1.1097000000000001
9520.0,0.0371,0.2772,0.3143
9521.0,0.358,0.5987,0.9567
9522.0,0.3762,0.5973,0.9735
9523.0,0.5398,0.6069,1.1467
9524.0,0.3601,0.6156,0.9757
9525.0,0.4218,0.6261,1.0479
9526.0,0.4692,0.621,1.0902
9527.0,0.5748,0.617,1.1918
9528.0,0.4432,0.6139,1.0571
9529.0,0.4385,0.6069,1.0453999999999999
9530.0,0.4749,0.6062,1.0811
9531.0,0.4218,0.5942,1.016
9532.0,0.467,0.602,1.069
9533.0,0.5302,0.5914,1.1216
9534.0,0.0326,0.6717,0.7042999999999999
9535.0,0.4443,0.5993,1.0436
9536.0,0.3333,0.5989,0.9321999999999999
9537.0,0.3897,0.6068,0.9964999999999999
9538.0,0.4801,0.6202,1.1003
9539.0,0.4437,0.6007,1.0444
9540.0,0.4211,0.6028,1.0239
9541.0,0.5069,0.6164,1.1233
9542.0,0.4749,0.6166,1.0915
9543.0,0.4398,0.6223,1.0621
9544.0,0.5892,0.6055,1.1947
9545.0,0.5265,0.6125,1.139
9546.0,0.4607,0.6056,1.0663
9547.0,0.6846,0.6093,1.2938999999999998
9548.0,0.6535,1.5527,2.2062
9549.0,0.6638,0.6113,1.2751
9550.0,0.5777,0.6066,1.1843
9551.0,0.4869,0.628,1.1149
9552.0,0.4665,0.6119,1.0784
9553.0,0.4235,0.6294,1.0529
9554.0,0.4013,0.61,1.0112999999999999
9555.0,0.6649,0.6345,1.2993999999999999
9556.0,0.5119,0.6112,1.1231
9557.0,0.6213,0.6113,1.2326
9558.0,0.4029,0.6117,1.0146
9559.0,0.416,0.6116,1.0276
9560.0,0.3662,0.6035,0.9697
9561.0,0.5499,0.6239,1.1738
9562.0,1.1172,0.5565,1.6737
9563.0,0.5817,0.6197,1.2014
9564.0,0.4095,0.6188,1.0283
9565.0,0.4999,0.6442,1.1441
9566.0,0.4857,0.6262,1.1118999999999999
9567.0,0.5665,0.6345,1.201
9568.0,0.4355,0.6433,1.0788
9569.0,0.5768,0.6131,1.1899
9570.0,0.4609,0.6314,1.0922999999999998
9571.0,0.5122,0.63,1.1421999999999999
9572.0,0.4027,0.6171,1.0198
9573.0,0.4687,0.6127,1.0814
9574.0,0.3837,0.6389,1.0226
9575.0,0.4942,0.6108,1.105
9576.0,0.7655,0.8409,1.6063999999999998
9577.0,0.5168,0.6257,1.1425
9578.0,0.5135,0.655,1.1684999999999999
9579.0,0.5091,0.6725,1.1816
9580.0,0.5946,0.6887,1.2833
9581.0,0.5842,0.6762,1.2604000000000002
9582.0,0.4294,0.6761,1.1055000000000001
9583.0,0.5038,0.6586,1.1623999999999999
9584.0,0.5431,0.6664,1.2095
9585.0,0.6643,0.6658,1.3300999999999998
9586.0,0.531,0.6475,1.1785
9587.0,0.4105,0.6378,1.0483
9588.0,0.4288,0.6468,1.0756000000000001
9589.0,0.5015,0.6457,1.1472
9590.0,1.5486,0.3573,1.9059
9591.0,0.449,0.6502,1.0992
9592.0,0.4855,0.6623,1.1478
9593.0,0.6428,0.6884,1.3312
9594.0,0.7192,0.6831,1.4022999999999999
9595.0,0.5168,0.6852,1.202
9596.0,0.5639,0.6635,1.2273999999999998
9597.0,0.4978,0.6585,1.1562999999999999
9598.0,0.3943,0.6408,1.0351
9599.0,0.5371,0.6394,1.1764999999999999
9600.0,0.4279,0.6789,1.1068
9601.0,0.4593,0.6835,1.1428
9602.0,0.5528,0.6533,1.2061
9603.0,0.4005,0.648,1.0485
9604.0,0.112,1.1016,1.2136
9605.0,0.5228,0.6584,1.1812
9606.0,0.5462,0.668,1.2142
9607.0,0.5253,0.6616,1.1869
9608.0,0.4921,0.6747,1.1667999999999998
9609.0,0.7071,0.6606,1.3677
9610.0,0.384,0.6603,1.0443
9611.0,0.3992,0.6568,1.056
9612.0,0.4899,0.6533,1.1432
9613.0,0.5591,0.6425,1.2016
9614.0,0.4599,0.6428,1.1027
9615.0,0.4321,0.6352,1.0673
9616.0,0.4505,0.6291,1.0796000000000001
9617.0,0.494,0.6262,1.1202
9618.0,0.1639,0.5075,0.6714
9619.0,0.4169,0.6295,1.0464
9620.0,0.4223,0.6338,1.0561
9621.0,0.4972,0.6554,1.1526
9622.0,0.5363,0.6548,1.1911
9623.0,0.3846,0.6623,1.0469
9624.0,0.468,0.6394,1.1074
9625.0,0.4445,0.6332,1.0777
9626.0,0.4502,0.6486,1.0988
9627.0,0.5573,0.6477,1.205
9628.0,0.382,0.6259,1.0079
9629.0,0.5365,0.6285,1.165
9630.0,0.6066,0.6153,1.2219
9631.0,1.3004,0.6098,1.9102000000000001
9632.0,0.3086,0.4314,0.74
9633.0,0.3992,0.6293,1.0285
9634.0,0.4807,0.6489,1.1296
9635.0,0.4476,0.6445,1.0920999999999998
9636.0,0.4322,0.6459,1.0781
9637.0,0.4152,0.6531,1.0683
9638.0,0.4684,0.6369,1.1053
9639.0,0.4716,0.636,1.1076000000000001
9640.0,0.4033,0.6465,1.0497999999999998
9641.0,0.4918,0.6281,1.1199
9642.0,0.5148,0.6142,1.129
9643.0,0.5181,0.6249,1.143
9644.0,0.3409,0.6163,0.9571999999999999
9645.0,0.663,0.6517,1.3147
9646.0,0.0047,0.9,0.9047000000000001
9647.0,0.5834,0.6208,1.2042000000000002
9648.0,0.4319,0.6264,1.0583
9649.0,0.5038,0.6405,1.1442999999999999
9650.0,0.4218,0.6177,1.0395
9651.0,0.4767,0.624,1.1007
9652.0,0.5237,0.6232,1.1469
9653.0,0.468,0.6252,1.0932
9654.0,0.3841,0.6223,1.0064
9655.0,0.4242,0.6502,1.0744
9656.0,0.4727,0.6268,1.0995
9657.0,0.4678,0.623,1.0908
9658.0,0.3715,0.6017,0.9732000000000001
9659.0,0.5286,0.611,1.1396
9660.0,1.7947,0.9307,2.7254
9661.0,0.6576,0.6487,1.3063
9662.0,0.7818,0.7202,1.502
9663.0,0.9346,0.7569,1.6915
9664.0,0.9514,0.7375,1.6889
9665.0,0.9652,0.6993,1.6644999999999999
9666.0,0.968,0.7145,1.6825
9667.0,0.7832,0.7049,1.4881
9668.0,0.7531,0.7422,1.4952999999999999
9669.0,0.6791,0.7007,1.3798
9670.0,0.739,0.7412,1.4802
9671.0,0.5843,0.7387,1.323
9672.0,0.5653,0.7131,1.2784
9673.0,0.6413,0.7461,1.3874
9674.0,0.0033,1.3388,1.3421
9675.0,0.4787,0.7011,1.1798
9676.0,0.5152,0.7555,1.2707
9677.0,0.5918,0.7862,1.3780000000000001
9678.0,0.5523,0.7405,1.2928000000000002
9679.0,0.5418,0.7139,1.2557
9680.0,0.7148,0.748,1.4628
9681.0,0.5394,0.7217,1.2610999999999999
9682.0,0.5557,0.7086,1.2643
9683.0,0.4392,0.6992,1.1384
9684.0,0.4414,0.6824,1.1238000000000001
9685.0,0.5027,0.6861,1.1888
9686.0,0.6319,0.6813,1.3132000000000001
9687.0,0.6108,0.6766,1.2873999999999999
9688.0,0.0003,0.977,0.9773
9689.0,0.4675,0.6743,1.1418
9690.0,0.5801,0.6794,1.2595
9691.0,0.8059,0.6811,1.487
9692.0,0.4405,0.677,1.1175000000000002
9693.0,0.4645,0.676,1.1405
9694.0,0.5834,0.6849,1.2683
9695.0,0.5305,0.6344,1.1648999999999998
9696.0,0.4219,0.6648,1.0867
9697.0,0.3834,0.6552,1.0386
9698.0,0.5579,0.6509,1.2088
9699.0,0.5164,0.6315,1.1479
9700.0,0.3633,0.6368,1.0001
9701.0,0.4765,0.6476,1.1240999999999999
9702.0,0.0414,0.3056,0.347
9703.0,0.4635,0.6468,1.1103
9704.0,0.4885,0.6525,1.141
9705.0,0.4607,0.6164,1.0771
9706.0,0.5053,0.6319,1.1372
9707.0,0.5951,0.6193,1.2144
9708.0,0.602,0.6469,1.2489
9709.0,0.5367,0.62,1.1566999999999998
9710.0,0.5514,0.6116,1.163
9711.0,0.4894,0.5964,1.0858
9712.0,0.5022,0.6198,1.1219999999999999
9713.0,0.5254,0.6104,1.1358000000000001
9714.0,0.3643,0.6007,0.9650000000000001
9715.0,0.5871,0.5923,1.1794
9716.0,0.1713,1.1992,1.3705
9717.0,0.4055,0.6102,1.0157
9718.0,0.4903,0.624,1.1143
9719.0,0.6461,0.6537,1.2997999999999998
9720.0,0.4849,0.6362,1.1211
9721.0,0.541,0.6252,1.1662
9722.0,0.4493,0.629,1.0783
9723.0,0.3723,0.6381,1.0104
9724.0,0.5389,0.6504,1.1893
9725.0,0.4135,0.6193,1.0328
9726.0,0.6463,0.5956,1.2419
9727.0,0.5558,0.6188,1.1745999999999999
9728.0,0.5541,0.6231,1.1772
9729.0,0.4666,0.6341,1.1007
9730.0,0.0831,0.5032,0.5862999999999999
9731.0,0.5352,0.6042,1.1394
9732.0,0.4962,0.5926,1.0888
9733.0,0.4474,0.6132,1.0606
9734.0,0.5547,0.5984,1.1531
9735.0,0.5325,0.642,1.1745
9736.0,0.4102,0.6159,1.0261
9737.0,0.5172,0.6123,1.1295
9738.0,0.4317,0.6127,1.0444
9739.0,0.5572,0.626,1.1832
9740.0,0.5091,0.6054,1.1145
9741.0,0.5861,0.6309,1.217
9742.0,0.4673,0.6137,1.081
9743.0,0.4839,0.5967,1.0806
9744.0,0.0868,0.6839,0.7706999999999999
9745.0,0.7916,0.5982,1.3898
9746.0,0.5058,0.6398,1.1456
9747.0,0.401,0.6343,1.0352999999999999
9748.0,0.3805,0.6142,0.9946999999999999
9749.0,0.3942,0.602,0.9962
9750.0,0.5768,0.6069,1.1837
9751.0,0.4048,0.6226,1.0274
9752.0,0.491,0.614,1.105
9753.0,0.4807,0.6127,1.0934
9754.0,0.4874,0.6022,1.0896
9755.0,0.4495,0.5942,1.0436999999999999
9756.0,0.5705,0.6106,1.1811
9757.0,0.5743,0.6052,1.1795
9758.0,0.0676,0.2711,0.3387
9759.0,0.4414,0.59,1.0314
9760.0,0.5252,0.6014,1.1266
9761.0,0.5829,0.6097,1.1926
9762.0,0.577,0.6254,1.2024
9763.0,0.4,0.6038,1.0038
9764.0,0.4893,0.6121,1.1014
9765.0,0.5069,0.616,1.1229
9766.0,0.4308,0.5861,1.0169
9767.0,0.6233,0.5784,1.2017
9768.0,0.4106,0.5805,0.9911000000000001
9769.0,0.6305,0.6006,1.2311
9770.0,0.3891,0.6019,0.991
9771.0,0.4842,0.5874,1.0716
9772.0,0.0223,1.2786,1.3009
9773.0,0.3842,0.6054,0.9896
9774.0,0.4899,0.6066,1.0965
9775.0,0.7269,0.6199,1.3468
9776.0,0.5297,0.6147,1.1444
9777.0,0.6528,0.6221,1.2749000000000001
9778.0,0.4674,0.5922,1.0595999999999999
9779.0,0.5103,0.6051,1.1154
9780.0,0.3563,0.6079,0.9642
9781.0,0.465,0.5832,1.0482
9782.0,0.376,0.5936,0.9696
9783.0,0.4737,0.6073,1.081
9784.0,0.5189,0.5745,1.0934
9785.0,0.5311,0.587,1.1181
9786.0,0.0209,0.81,0.8309000000000001
9787.0,0.4414,0.5906,1.032
9788.0,0.3864,0.6176,1.004
9789.0,0.5619,0.6174,1.1793
9790.0,0.4731,0.5933,1.0664
9791.0,0.5832,0.5944,1.1776
9792.0,0.4248,0.5901,1.0149
9793.0,0.596,0.5919,1.1879
9794.0,0.4884,0.6102,1.0986
9795.0,0.4709,0.5733,1.0442
9796.0,0.3744,0.5775,0.9519
9797.0,0.4497,0.5621,1.0118
9798.0,0.7041,0.5515,1.2555999999999998
9799.0,0.376,0.58,0.956
9800.0,0.091,0.3245,0.4155
9801.0,0.4061,0.5814,0.9875
9802.0,0.4987,0.5798,1.0785
9803.0,0.4809,0.5682,1.0491000000000001
9804.0,0.7356,0.6029,1.3385
9805.0,0.6261,0.5899,1.216
9806.0,0.583,0.5868,1.1698
9807.0,0.3675,0.5804,0.9479
9808.0,0.4505,0.573,1.0234999999999999
9809.0,0.5697,0.5819,1.1516
9810.0,0.452,0.5816,1.0336
9811.0,0.5144,0.5579,1.0722999999999998
9812.0,0.4194,0.5625,0.9819
9813.0,0.5269,0.5551,1.082
9814.0,0.1786,0.1438,0.3224
9815.0,0.4002,0.5652,0.9654
9816.0,0.4624,0.5594,1.0218
9817.0,0.5405,0.5685,1.109
9818.0,0.4793,0.5814,1.0607
9819.0,0.3706,0.5678,0.9383999999999999
9820.0,0.4803,0.5827,1.063
9821.0,0.5291,0.5668,1.0958999999999999
9822.0,0.4889,0.5617,1.0506
9823.0,0.4821,0.5774,1.0594999999999999
9824.0,0.5003,0.5674,1.0676999999999999
9825.0,0.5132,0.5552,1.0684
9826.0,0.4291,0.5721,1.0012
9827.0,0.3999,0.5487,0.9485999999999999
9828.0,0.1097,0.5186,0.6283
9829.0,0.5398,0.5673,1.1071
9830.0,0.3942,0.598,0.9922
9831.0,0.5242,0.5863,1.1105
9832.0,0.4352,0.5912,1.0264
9833.0,0.4527,0.5669,1.0196
9834.0,0.3973,0.574,0.9712999999999999
9835.0,0.3899,0.5682,0.9581000000000001
9836.0,0.45,0.56,1.01
9837.0,0.4107,0.5688,0.9795
9838.0,0.462,0.5818,1.0438
9839.0,0.5542,0.578,1.1322
9840.0,0.4932,0.5617,1.0549
9841.0,0.4127,0.5319,0.9446000000000001
9842.0,19.2592,0.6917,19.9509
9843.0,0.5415,0.6198,1.1613
9844.0,0.8143,0.6829,1.4971999999999999
9845.0,0.7537,0.7403,1.494
9846.0,0.9563,0.739,1.6953
9847.0,1.1026,0.7329,1.8355000000000001
9848.0,0.7944,0.6925,1.4868999999999999
9849.0,0.8337,0.6715,1.5051999999999999
9850.0,0.648,0.695,1.343
9851.0,0.6489,0.716,1.3649
9852.0,0.6595,0.7212,1.3807
9853.0,0.4883,0.758,1.2463
9854.0,0.5505,0.7539,1.3044
9855.0,0.4791,0.7224,1.2015
9856.0,0.0801,0.1834,0.2635
9857.0,0.4442,0.7529,1.1971
9858.0,0.4042,0.7312,1.1354
9859.0,0.5923,0.6929,1.2852000000000001
9860.0,0.6287,0.7126,1.3413
9861.0,0.5171,0.6879,1.205
9862.0,0.5182,0.6815,1.1997
9863.0,0.5432,0.6598,1.203
9864.0,0.5506,0.6775,1.2281
9865.0,0.4897,0.6691,1.1588
9866.0,0.4708,0.6424,1.1132
9867.0,0.4254,0.6449,1.0703
9868.0,0.493,0.6577,1.1507
9869.0,0.4935,0.6381,1.1316
9870.0,0.6921,0.6376,1.3296999999999999
9871.0,0.477,0.683,1.1600000000000001
9872.0,0.5606,0.6416,1.2022
9873.0,0.4256,0.6497,1.0753
9874.0,0.5812,0.6425,1.2237
9875.0,0.6451,0.6691,1.3142
9876.0,0.6141,0.6639,1.278
9877.0,0.564,0.63,1.194
9878.0,0.4706,0.6349,1.1055000000000001
9879.0,0.5716,0.6341,1.2057
9880.0,0.5591,0.6299,1.189
9881.0,0.4693,0.6189,1.0882
9882.0,0.5183,0.6214,1.1397
9883.0,0.4457,0.621,1.0667
9884.0,0.0117,0.1859,0.1976
9885.0,0.5803,0.6077,1.1880000000000002
9886.0,0.532,0.6165,1.1485
9887.0,0.417,0.6103,1.0272999999999999
9888.0,0.4704,0.6217,1.0921
9889.0,0.4643,0.6161,1.0804
9890.0,0.4716,0.6144,1.0859999999999999
9891.0,0.4846,0.6036,1.0882
9892.0,0.4578,0.6247,1.0825
9893.0,0.6455,0.6043,1.2498
9894.0,0.5011,0.5854,1.0865
9895.0,0.4943,0.5879,1.0822
9896.0,0.3623,0.5953,0.9576
9897.0,0.4802,0.5917,1.0719
9898.0,0.2699,0.79,1.0599
9899.0,0.5432,0.631,1.1742
9900.0,0.697,0.6705,1.3675
9901.0,0.67,0.6726,1.3426
9902.0,0.5266,0.7015,1.2281
9903.0,0.6519,0.6918,1.3437000000000001
9904.0,0.6562,0.6841,1.3403
9905.0,0.887,0.6725,1.5594999999999999
9906.0,0.6926,0.6689,1.3615
9907.0,0.618,0.7064,1.3244
9908.0,0.4507,0.6888,1.1395
9909.0,0.4905,0.6767,1.1672
9910.0,0.5143,0.6813,1.1956
9911.0,0.466,0.6777,1.1437
9912.0,0.1483,0.7309,0.8792
9913.0,0.6604,0.6839,1.3443
9914.0,0.4197,0.6629,1.0826
9915.0,0.5801,0.662,1.2421
9916.0,0.6372,0.6518,1.2890000000000001
9917.0,0.4964,0.643,1.1394
9918.0,0.5574,0.6396,1.197
9919.0,0.4781,0.6216,1.0997000000000001
9920.0,0.5446,0.6254,1.17
9921.0,0.5315,0.6268,1.1583
9922.0,0.5306,0.6026,1.1332
9923.0,0.4722,0.5927,1.0649
9924.0,0.7225,0.6044,1.3269000000000002
9925.0,0.6461,0.6077,1.2538
9926.0,0.1616,0.4483,0.6099
9927.0,0.4328,0.6042,1.037
9928.0,0.4101,0.6328,1.0429
9929.0,0.4847,0.6529,1.1376
9930.0,0.5686,0.6537,1.2223
9931.0,0.4983,0.6434,1.1417
9932.0,0.5507,0.6207,1.1714
9933.0,0.4782,0.6187,1.0969
9934.0,0.516,0.6088,1.1248
9935.0,0.43,0.6394,1.0694
9936.0,0.6382,0.6202,1.2584
9937.0,0.5114,0.6092,1.1206
9938.0,0.4407,0.6114,1.0521
9939.0,0.5277,0.588,1.1157
9940.0,0.518,0.7006,1.2186
9941.0,0.4677,0.6161,1.0838
9942.0,0.5547,0.6257,1.1804000000000001
9943.0,0.4592,0.6381,1.0973
9944.0,0.4072,0.6257,1.0329000000000002
9945.0,0.4497,0.6323,1.0819999999999999
9946.0,0.4191,0.62,1.0391
9947.0,0.516,0.6358,1.1518000000000002
9948.0,1.0935,0.6342,1.7277
9949.0,0.4788,0.6036,1.0824
9950.0,0.711,0.5928,1.3037999999999998
9951.0,0.4474,0.6308,1.0782
9952.0,0.6429,0.604,1.2469000000000001
9953.0,0.4376,0.5995,1.0371000000000001
9954.0,0.1289,1.1758,1.3047
9955.0,0.5887,0.5945,1.1832
9956.0,0.4914,0.6049,1.0963
9957.0,0.6641,0.6111,1.2752
9958.0,0.4084,0.5948,1.0032
9959.0,0.7402,0.6042,1.3443999999999998
9960.0,0.4456,0.6184,1.064
9961.0,0.4332,0.6052,1.0384
9962.0,0.3818,0.6108,0.9925999999999999
9963.0,0.4401,0.5984,1.0385
9964.0,0.4879,0.5934,1.0813000000000001
9965.0,0.3622,0.5942,0.9563999999999999
9966.0,0.4894,0.6149,1.1043
9967.0,0.4814,0.5944,1.0758
9968.0,0.8887,0.6931,1.5818
9969.0,0.4929,0.6223,1.1152
9970.0,0.7062,0.6053,1.3115
9971.0,0.7905,0.6382,1.4287
9972.0,0.5748,0.6277,1.2025000000000001
9973.0,0.5302,0.6335,1.1637
9974.0,0.5708,0.6763,1.2471
9975.0,0.4576,0.6682,1.1258
9976.0,0.5312,0.6792,1.2104
9977.0,0.5271,0.6505,1.1776
9978.0,0.5672,0.6713,1.2385000000000002
9979.0,0.7007,0.6574,1.3580999999999999
9980.0,0.5069,0.6401,1.147
9981.0,0.4991,0.6387,1.1378
9982.0,0.0026,0.2175,0.2201
9983.0,0.5072,0.6259,1.1331
9984.0,0.6362,0.6421,1.2783
9985.0,0.7207,0.6408,1.3615
9986.0,0.8204,0.6541,1.4745
9987.0,0.6593,0.6602,1.3195000000000001
9988.0,0.4943,0.6274,1.1217
9989.0,0.4948,0.6236,1.1184
9990.0,0.5088,0.6282,1.137
9991.0,0.5277,0.6204,1.1481
9992.0,0.4443,0.586,1.0303
9993.0,0.4715,0.592,1.0635
9994.0,0.4499,0.606,1.0559
9995.0,0.4762,0.6164,1.0926
9996.0,0.4212,0.6326,1.0538
9997.0,0.4172,0.6123,1.0295
9998.0,0.4832,0.6264,1.1096
9999.0,0.4695,0.6499,1.1194
10000.0,0.6191,0.6137,1.2328000000000001
10001.0,0.5612,0.6297,1.1909
10002.0,0.503,0.6226,1.1256
10003.0,0.4491,0.6097,1.0588
10004.0,0.4297,0.617,1.0467
10005.0,0.5385,0.589,1.1275
10006.0,0.3593,0.6081,0.9674
10007.0,0.6765,0.6229,1.2993999999999999
10008.0,0.436,0.5739,1.0099
10009.0,0.47,0.5987,1.0687
10010.0,0.0004,0.603,0.6033999999999999
10011.0,0.4452,0.5947,1.0399
10012.0,0.5661,0.6517,1.2178
10013.0,0.474,0.6709,1.1449
10014.0,0.7005,0.666,1.3665
10015.0,0.4277,0.6458,1.0735000000000001
10016.0,0.4637,0.64,1.1037
10017.0,0.4709,0.6246,1.0955
10018.0,0.4717,0.6252,1.0969
10019.0,0.5905,0.6322,1.2227000000000001
10020.0,0.4669,0.6319,1.0988
10021.0,0.4372,0.6198,1.057
10022.0,0.4714,0.6222,1.0936
10023.0,0.5388,0.6223,1.1610999999999998
10024.0,0.2477,0.4021,0.6498
10025.0,0.5678,0.6314,1.1991999999999998
10026.0,0.4144,0.6372,1.0516
10027.0,0.4636,0.6173,1.0809
10028.0,0.379,0.6359,1.0149
10029.0,0.5966,0.5996,1.1962000000000002
10030.0,0.5519,0.6053,1.1572
10031.0,0.4767,0.5797,1.0564
10032.0,0.4954,0.5874,1.0828
10033.0,0.4946,0.5914,1.086
10034.0,0.3718,0.5689,0.9407
10035.0,0.515,0.6016,1.1166
10036.0,0.5375,0.5624,1.0998999999999999
10037.0,0.72,0.5817,1.3016999999999999
10038.0,0.2098,0.9248,1.1345999999999998
10039.0,0.4507,0.6155,1.0662
10040.0,0.4077,0.656,1.0637
10041.0,0.553,0.6264,1.1794
10042.0,0.5587,0.6065,1.1652
10043.0,0.5008,0.6017,1.1025
10044.0,0.4108,0.606,1.0168
10045.0,0.3963,0.63,1.0263
10046.0,0.4804,0.5853,1.0657
10047.0,0.4688,0.5913,1.0601
10048.0,0.4389,0.6186,1.0575
10049.0,0.4267,0.6149,1.0416
10050.0,0.4704,0.6114,1.0818
10051.0,0.4109,0.587,0.9979
10052.0,1.3319,0.5756,1.9075000000000002
10053.0,0.4432,0.5907,1.0339
10054.0,0.4128,0.6432,1.056
10055.0,0.5481,0.6571,1.2052
10056.0,0.7301,0.6665,1.3965999999999998
10057.0,0.5323,0.6448,1.1771
10058.0,0.4191,0.6229,1.042
10059.0,0.4496,0.6344,1.084
10060.0,0.4364,0.6524,1.0888
10061.0,0.4342,0.6571,1.0913
10062.0,0.8077,0.6454,1.4531
10063.0,0.4448,0.661,1.1058
10064.0,0.46,0.6497,1.1097000000000001
10065.0,0.4091,0.6539,1.0630000000000002
10066.0,1.3023,0.3305,1.6328
10067.0,0.4618,0.6239,1.0857
10068.0,0.5356,0.6365,1.1721
10069.0,0.5452,0.6372,1.1824
10070.0,0.4609,0.6504,1.1113
10071.0,0.5595,0.6384,1.1979
10072.0,0.7416,0.6158,1.3574000000000002
10073.0,0.4807,0.6021,1.0828
10074.0,0.673,0.6191,1.2921
10075.0,0.5995,0.6229,1.2224
10076.0,0.5319,0.6135,1.1454
10077.0,0.506,0.6116,1.1176
10078.0,0.5004,0.6208,1.1212
10079.0,0.6483,0.6036,1.2519
10080.0,3.9931,0.8329,4.8260000000000005
10081.0,0.3746,0.6365,1.0110999999999999
10082.0,0.4422,0.6458,1.088
10083.0,0.619,0.6521,1.2711000000000001
10084.0,0.5002,0.664,1.1642000000000001
10085.0,0.4838,0.7019,1.1857
10086.0,0.6079,0.6865,1.2944
10087.0,0.6122,0.6886,1.3008
10088.0,0.5583,0.6893,1.2476
10089.0,0.6147,0.718,1.3327
10090.0,0.7303,0.6997,1.43
10091.0,0.5262,0.6757,1.2019
10092.0,0.6795,0.6873,1.3668
10093.0,0.5806,0.6641,1.2447
10094.0,0.0001,0.7422,0.7423
10095.0,0.4227,0.663,1.0857
10096.0,0.5363,0.6921,1.2284000000000002
10097.0,0.5201,0.6779,1.198
10098.0,0.4735,0.6542,1.1277
10099.0,0.5022,0.6618,1.1640000000000001
10100.0,0.5794,0.6427,1.2221000000000002
10101.0,0.6094,0.6743,1.2837
10102.0,0.4472,0.6533,1.1005
10103.0,0.7961,0.6465,1.4426
10104.0,0.6637,0.6521,1.3157999999999999
10105.0,0.5131,0.622,1.1351
10106.0,0.5159,0.6247,1.1406
10107.0,0.5902,0.6352,1.2254
10108.0,0.161,0.42,0.581
10109.0,0.5372,0.6432,1.1804000000000001
10110.0,0.4405,0.6695,1.1099999999999999
10111.0,0.5519,0.6667,1.2186
10112.0,0.4544,0.6666,1.121
10113.0,0.4111,0.6199,1.0310000000000001
10114.0,0.3917,0.6403,1.032
10115.0,0.5044,0.6353,1.1397
10116.0,0.5373,0.6258,1.1631
10117.0,0.5616,0.6473,1.2088999999999999
10118.0,0.438,0.6387,1.0767
10119.0,0.4735,0.6252,1.0987
10120.0,0.5284,0.6148,1.1432
10121.0,0.5171,0.6097,1.1268
10122.0,0.0222,0.3541,0.3763
10123.0,0.4977,0.6211,1.1188
10124.0,0.6658,0.6134,1.2792
10125.0,0.5714,0.6416,1.213
10126.0,0.729,0.6195,1.3485
10127.0,0.4259,0.5984,1.0243
10128.0,0.495,0.598,1.093
10129.0,0.4936,0.6055,1.0991
10130.0,0.5747,0.5861,1.1608
10131.0,0.4353,0.6047,1.04
10132.0,0.4928,0.597,1.0897999999999999
10133.0,0.5156,0.6193,1.1349
10134.0,0.3894,0.6189,1.0083
10135.0,0.568,0.5916,1.1596
10136.0,0.0869,0.2569,0.3438
10137.0,0.5654,0.6036,1.169
10138.0,0.562,0.6139,1.1759
10139.0,0.5012,0.5964,1.0976
10140.0,0.5013,0.581,1.0823
10141.0,0.529,0.6016,1.1306
10142.0,0.4539,0.5863,1.0402
10143.0,0.4596,0.5824,1.042
10144.0,0.5296,0.5966,1.1261999999999999
10145.0,0.6122,0.575,1.1871999999999998
10146.0,0.4854,0.5844,1.0698
10147.0,0.4905,0.5869,1.0774
10148.0,0.403,0.5754,0.9784
10149.0,0.6774,0.5728,1.2502
10150.0,0.1291,0.1235,0.2526
10151.0,0.4382,0.6025,1.0407
10152.0,0.5837,0.5773,1.161
10153.0,0.3717,0.5749,0.9465999999999999
10154.0,0.6665,0.58,1.2465
10155.0,0.5546,0.5838,1.1383999999999999
10156.0,0.5077,0.5856,1.0933000000000002
10157.0,0.526,0.5926,1.1186
10158.0,0.4928,0.5716,1.0644
10159.0,0.5749,0.5686,1.1435
10160.0,0.3985,0.5692,0.9677
10161.0,0.4607,0.5609,1.0215999999999998
10162.0,0.4872,0.582,1.0692
10163.0,0.4742,0.5679,1.0421
10164.0,0.0102,0.2429,0.2531
10165.0,0.5119,0.5736,1.0855000000000001
10166.0,0.425,0.5608,0.9858
10167.0,0.4375,0.5664,1.0039
10168.0,0.4389,0.5781,1.017
10169.0,0.5235,0.5782,1.1017000000000001
10170.0,0.4324,0.5749,1.0072999999999999
10171.0,0.4759,0.5571,1.033
10172.0,0.6117,0.5836,1.1953
10173.0,0.5686,0.57,1.1385999999999998
10174.0,0.5212,0.5691,1.0903
10175.0,0.5384,0.5579,1.0962999999999998
10176.0,0.4183,0.5591,0.9774
10177.0,0.4921,0.5708,1.0629
10178.0,0.0205,0.3524,0.3729
10179.0,0.5216,0.5481,1.0697
10180.0,0.4064,0.5881,0.9944999999999999
10181.0,0.4895,0.6126,1.1021
10182.0,0.4979,0.5957,1.0936
10183.0,0.4927,0.5794,1.0721
10184.0,0.8323,0.5708,1.4031
10185.0,0.5529,0.5671,1.12
10186.0,0.4614,0.5909,1.0523
10187.0,0.3927,0.5657,0.9583999999999999
10188.0,0.586,0.5641,1.1501000000000001
10189.0,0.3928,0.5852,0.978
10190.0,0.4187,0.5619,0.9805999999999999
10191.0,0.4812,0.5677,1.0489
10192.0,1.3497,0.7198,2.0694999999999997
10193.0,0.6,0.5762,1.1762000000000001
10194.0,0.4444,0.5869,1.0312999999999999
10195.0,0.545,0.6021,1.1471
10196.0,0.394,0.6034,0.9974000000000001
10197.0,0.6102,0.6047,1.2149
10198.0,0.5446,0.6236,1.1682000000000001
10199.0,0.5294,0.6034,1.1328
10200.0,0.4635,0.6204,1.0838999999999999
10201.0,0.4568,0.6168,1.0735999999999999
10202.0,0.5357,0.6246,1.1602999999999999
10203.0,0.5758,0.6105,1.1863000000000001
10204.0,0.541,0.616,1.157
10205.0,0.482,0.6015,1.0835
10206.0,1.8138,0.2419,2.0557
10207.0,0.4514,0.6389,1.0903
10208.0,0.6786,0.6867,1.3653
10209.0,0.6181,0.6864,1.3045
10210.0,0.5533,0.6621,1.2154
10211.0,0.582,0.6798,1.2618
10212.0,0.709,0.6796,1.3885999999999998
10213.0,0.4978,0.6759,1.1737
10214.0,0.5572,0.6976,1.2548
10215.0,0.5464,0.6921,1.2385000000000002
10216.0,0.5431,0.671,1.2141000000000002
10217.0,0.5941,0.681,1.2751000000000001
10218.0,0.885,0.666,1.5510000000000002
10219.0,0.5193,0.653,1.1723
10220.0,1.1924,0.6844,1.8767999999999998
10221.0,0.6646,0.7146,1.3792
10222.0,0.7538,0.7247,1.4785
10223.0,0.9349,0.7606,1.6955
10224.0,0.5798,0.7135,1.2933
10225.0,0.5603,0.6971,1.2574
10226.0,0.461,0.7083,1.1693
10227.0,0.6493,0.6989,1.3481999999999998
10228.0,0.683,0.6972,1.3802
10229.0,0.6541,0.6876,1.3417
10230.0,0.5609,0.7124,1.2732999999999999
10231.0,0.6149,0.6894,1.3043
10232.0,0.665,0.693,1.358
10233.0,0.5519,0.6637,1.2155999999999998
10234.0,0.4059,1.5537,1.9596
10235.0,0.763,0.6689,1.4319000000000002
10236.0,0.4226,0.6577,1.0802999999999998
10237.0,0.5929,0.6781,1.271
10238.0,0.3858,0.6663,1.0521
10239.0,0.4533,0.6568,1.1101
10240.0,0.5814,0.6538,1.2352
10241.0,0.5438,0.6158,1.1596
10242.0,0.6112,0.6198,1.2309999999999999
10243.0,0.4949,0.6207,1.1156000000000001
10244.0,0.4457,0.6235,1.0692
10245.0,0.5673,0.6342,1.2015
10246.0,0.5384,0.6052,1.1436
10247.0,0.5614,0.5947,1.1561
10248.0,0.0002,0.1324,0.1326
10249.0,0.5418,0.5903,1.1320999999999999
10250.0,0.627,0.629,1.256
10251.0,0.438,0.6341,1.0721
10252.0,0.5492,0.6317,1.1809
10253.0,0.7631,0.6305,1.3936
10254.0,0.4481,0.6115,1.0596
10255.0,0.4147,0.6148,1.0295
10256.0,0.5003,0.6049,1.1052
10257.0,0.371,0.5856,0.9566
10258.0,0.5843,0.6129,1.1972
10259.0,0.4874,0.5943,1.0817
10260.0,0.4295,0.6183,1.0478
10261.0,0.5829,0.6061,1.189
10262.0,0.7514,1.0195,1.7709000000000001
10263.0,0.4285,0.5924,1.0209000000000001
10264.0,0.6131,0.6082,1.2212999999999998
10265.0,0.5276,0.6455,1.1730999999999998
10266.0,0.4653,0.6574,1.1227
10267.0,0.4586,0.6365,1.0951
10268.0,0.4584,0.6157,1.0741
10269.0,0.4539,0.5903,1.0442
10270.0,0.4461,0.6146,1.0607
10271.0,0.4253,0.6172,1.0425
10272.0,0.4315,0.5991,1.0306
10273.0,0.4752,0.599,1.0742
10274.0,0.4364,0.6012,1.0375999999999999
10275.0,0.5161,0.5993,1.1154000000000002
10276.0,0.0011,0.2389,0.24
10277.0,0.4484,0.5865,1.0349
10278.0,0.4913,0.5916,1.0829
10279.0,0.5615,0.5862,1.1477
10280.0,0.4951,0.5876,1.0827
10281.0,0.5887,0.6032,1.1919
10282.0,0.4352,0.5713,1.0065
10283.0,0.5326,0.5837,1.1162999999999998
10284.0,0.3881,0.5824,0.9705
10285.0,0.4998,0.6088,1.1086
10286.0,0.5435,0.5849,1.1284
10287.0,0.7359,0.5921,1.3279999999999998
10288.0,0.4886,0.6099,1.0985
10289.0,0.4486,0.5725,1.0211000000000001
10290.0,0.6965,0.2552,0.9517
10291.0,0.4097,0.5634,0.9731000000000001
10292.0,0.5558,0.6092,1.165
10293.0,0.4865,0.6131,1.0996
10294.0,0.6067,0.6057,1.2124000000000001
10295.0,0.5253,0.6053,1.1305999999999998
10296.0,0.4582,0.6263,1.0845
10297.0,0.4435,0.6063,1.0497999999999998
10298.0,0.57,0.6249,1.1949
10299.0,0.5683,0.6118,1.1801
10300.0,0.5278,0.6077,1.1355
10301.0,0.4846,0.6013,1.0858999999999999
10302.0,0.4222,0.6096,1.0318
10303.0,0.4146,0.5685,0.9831000000000001
10304.0,0.0002,0.1931,0.1933
10305.0,0.6455,0.6022,1.2477
10306.0,0.4738,0.6201,1.0939
10307.0,0.3964,0.6073,1.0036999999999998
10308.0,0.4397,0.6038,1.0434999999999999
10309.0,0.5936,0.6293,1.2229
10310.0,0.4816,0.6062,1.0877999999999999
10311.0,0.4794,0.6108,1.0902
10312.0,0.5565,0.6095,1.166
10313.0,0.4158,0.6,1.0158
10314.0,0.5759,0.5829,1.1587999999999998
10315.0,0.4067,0.6009,1.0076
10316.0,0.7389,0.602,1.3409
10317.0,0.5119,0.6073,1.1192
10318.0,0.0042,0.3199,0.3241
10319.0,0.4976,0.5995,1.0971
10320.0,0.4443,0.6229,1.0672
10321.0,0.5893,0.6213,1.2106
10322.0,0.6519,0.6206,1.2725
10323.0,0.4313,0.5865,1.0178
10324.0,0.4487,0.5949,1.0436
10325.0,0.5694,0.601,1.1703999999999999
10326.0,0.5014,0.5997,1.1011
10327.0,0.5077,0.6051,1.1128
10328.0,0.4645,0.5761,1.0406
10329.0,0.5211,0.5844,1.1055000000000001
10330.0,0.4781,0.5939,1.072
10331.0,0.4261,0.6,1.0261
10332.0,4.0448,0.9351,4.979900000000001
10333.0,0.5492,0.7344,1.2836
10334.0,0.642,0.8837,1.5257
10335.0,0.7141,0.7985,1.5126
10336.0,0.6461,0.6737,1.3197999999999999
10337.0,0.5094,0.7173,1.2267000000000001
10338.0,0.531,0.7888,1.3197999999999999
10339.0,0.8712,0.8632,1.7344
10340.0,0.6204,0.7634,1.3838
10341.0,0.4862,0.6986,1.1848
10342.0,0.393,0.7165,1.1095000000000002
10343.0,0.6007,0.7374,1.3381
10344.0,0.4613,0.7435,1.2048
10345.0,0.5443,0.7155,1.2598
10346.0,0.1704,0.3957,0.5661
10347.0,0.6778,0.6887,1.3664999999999998
10348.0,0.4446,0.7159,1.1604999999999999
10349.0,0.5429,0.7012,1.2441
10350.0,0.5846,0.7226,1.3072
10351.0,0.5039,0.7007,1.2046000000000001
10352.0,0.8328,0.6591,1.4919
10353.0,0.5373,0.6657,1.2029999999999998
10354.0,0.508,0.6795,1.1875
10355.0,0.4762,0.6561,1.1323
10356.0,0.4868,0.6534,1.1402
10357.0,0.5026,0.6646,1.1672
10358.0,0.5633,0.6692,1.2325
10359.0,0.4968,0.6577,1.1545
10360.0,0.0799,1.2879,1.3678000000000001
10361.0,0.8149,0.6705,1.4853999999999998
10362.0,0.5596,0.721,1.2806
10363.0,0.6118,0.7673,1.3791
10364.0,0.5648,0.7399,1.3047
10365.0,0.4847,0.7435,1.2282000000000002
10366.0,0.5551,0.7093,1.2644000000000002
10367.0,0.4423,0.7087,1.151
10368.0,0.4331,0.6787,1.1118
10369.0,0.6157,0.6764,1.2921
10370.0,0.4255,0.6546,1.0800999999999998
10371.0,0.4182,0.6777,1.0958999999999999
10372.0,0.4009,0.6531,1.054
10373.0,0.5088,0.635,1.1438000000000001
10374.0,0.001,0.8017,0.8027
10375.0,0.442,0.6507,1.0927
10376.0,0.4491,0.6736,1.1227
10377.0,0.4593,0.6696,1.1289
10378.0,0.5927,0.6847,1.2774
10379.0,0.3819,0.6664,1.0483
10380.0,0.4374,0.666,1.1034000000000002
10381.0,0.4868,0.6903,1.1771
10382.0,0.4411,0.6731,1.1142
10383.0,0.4005,0.6453,1.0458
10384.0,0.3809,0.6271,1.008
10385.0,0.4445,0.629,1.0735000000000001
10386.0,0.4043,0.6232,1.0274999999999999
10387.0,0.4218,0.6398,1.0616
10388.0,0.1932,0.3701,0.5633
10389.0,0.7017,0.6467,1.3484
10390.0,1.1276,0.6593,1.7869
10391.0,0.3894,0.6602,1.0496
10392.0,0.4386,0.6503,1.0889
10393.0,0.4877,0.6465,1.1341999999999999
10394.0,0.5179,0.6371,1.155
10395.0,0.5968,0.6446,1.2414
10396.0,0.526,0.6563,1.1823000000000001
10397.0,0.5587,0.6257,1.1844000000000001
10398.0,0.4159,0.6246,1.0405
10399.0,0.3755,0.6276,1.0031
10400.0,0.4487,0.6144,1.0631
10401.0,0.4065,0.6145,1.021
10402.0,0.0054,0.1052,0.1106
10403.0,0.4046,0.6223,1.0269
10404.0,0.4562,0.6265,1.0827
10405.0,0.6251,0.6184,1.2435
10406.0,0.6503,0.5934,1.2437
10407.0,0.4251,0.6137,1.0388
10408.0,0.6343,0.6202,1.2545
10409.0,0.5532,0.625,1.1782
10410.0,0.5847,0.6241,1.2088
10411.0,0.4586,0.6285,1.0871
10412.0,0.5241,0.5958,1.1199
10413.0,0.697,0.6277,1.3247
10414.0,0.3758,0.6024,0.9782000000000001
10415.0,0.5403,0.5929,1.1332
10416.0,0.0827,0.7277,0.8104
10417.0,0.4389,0.5677,1.0066
10418.0,0.4227,0.6059,1.0286
10419.0,0.39,0.6206,1.0106000000000002
10420.0,0.5452,0.6345,1.1797
10421.0,0.4585,0.6197,1.0782
10422.0,0.3884,0.6227,1.0111
10423.0,0.426,0.5997,1.0257
10424.0,0.5172,0.5918,1.109
10425.0,0.5168,0.6029,1.1197
10426.0,0.5383,0.574,1.1122999999999998
10427.0,0.3575,0.5897,0.9472
10428.0,0.6509,0.6145,1.2654
10429.0,0.3769,0.5922,0.9691
10430.0,0.1268,0.4069,0.5337
10431.0,0.4338,0.5995,1.0333
10432.0,0.4261,0.5968,1.0229
10433.0,0.4214,0.576,0.9974
10434.0,0.4355,0.608,1.0434999999999999
10435.0,0.4079,0.5848,0.9926999999999999
10436.0,0.4329,0.6124,1.0453000000000001
10437.0,0.43,0.6017,1.0317
10438.0,0.7006,0.5864,1.287
10439.0,0.4407,0.5884,1.0291000000000001
10440.0,0.4168,0.5935,1.0103
10441.0,0.5831,0.565,1.1481
10442.0,0.3841,0.5792,0.9633
10443.0,0.786,0.5719,1.3578999999999999
10444.0,0.2298,0.3568,0.5866
10445.0,0.4712,0.5916,1.0628
10446.0,0.3927,0.6059,0.9985999999999999
10447.0,0.4107,0.6151,1.0258
10448.0,0.5173,0.6122,1.1295
10449.0,0.4947,0.6026,1.0973
10450.0,0.4281,0.5914,1.0195
10451.0,0.3347,0.6035,0.9382
10452.0,0.4663,0.5969,1.0632
10453.0,0.5433,0.5973,1.1406
10454.0,0.5335,0.6047,1.1381999999999999
10455.0,0.5427,0.5868,1.1295
10456.0,0.5164,0.6022,1.1185999999999998
10457.0,0.4388,0.608,1.0468
10458.0,0.0082,0.4324,0.4406
10459.0,0.3857,0.5833,0.9690000000000001
10460.0,0.4782,0.5834,1.0616
10461.0,0.4381,0.6043,1.0424
10462.0,0.4076,0.5943,1.0019
10463.0,0.4573,0.6056,1.0629
10464.0,0.4379,0.613,1.0509
10465.0,0.6367,0.5833,1.2200000000000002
10466.0,0.4162,0.5879,1.0041
10467.0,0.5503,0.582,1.1322999999999999
10468.0,0.4668,0.5786,1.0453999999999999
10469.0,0.4995,0.5706,1.0701
10470.0,0.4672,0.5933,1.0605
10471.0,0.4652,0.555,1.0202
10472.0,0.0409,1.0874,1.1282999999999999
10473.0,0.6326,0.5823,1.2149
10474.0,0.5289,0.6009,1.1298
10475.0,0.4612,0.5706,1.0318
10476.0,0.3465,0.5836,0.9300999999999999
10477.0,0.4332,0.5929,1.0261
10478.0,0.7964,0.584,1.3803999999999998
10479.0,0.4428,0.5742,1.0170000000000001
10480.0,0.5284,0.5808,1.1092
10481.0,0.5546,0.5988,1.1534
10482.0,0.4174,0.5792,0.9966
10483.0,0.448,0.5976,1.0456
10484.0,0.5012,0.5692,1.0704
10485.0,0.4614,0.5701,1.0315
10486.0,0.0973,1.1095,1.2067999999999999
10487.0,0.5392,0.5604,1.0996000000000001
10488.0,0.5373,0.6011,1.1383999999999999
10489.0,0.4974,0.6011,1.0985
10490.0,0.4286,0.5773,1.0059
10491.0,0.7971,0.5913,1.3884
10492.0,0.4019,0.5828,0.9846999999999999
10493.0,0.6768,0.5727,1.2494999999999998
10494.0,0.9089,0.585,1.4939
10495.0,0.438,0.5838,1.0218
10496.0,0.4117,0.587,0.9986999999999999
10497.0,0.6503,0.5819,1.2322
10498.0,0.4479,0.5803,1.0282
10499.0,0.5462,0.5734,1.1196000000000002
10500.0,0.1609,0.2463,0.4072
10501.0,0.5896,0.5722,1.1618
10502.0,0.4053,0.561,0.9663
10503.0,0.4868,0.5861,1.0729
10504.0,0.4642,0.5591,1.0233
10505.0,0.4189,0.5809,0.9998
10506.0,0.5314,0.5741,1.1055000000000001
10507.0,0.4471,0.56,1.0071
10508.0,0.3739,0.5584,0.9323
10509.0,0.5788,0.542,1.1208
10510.0,0.413,0.5773,0.9903
10511.0,0.3905,0.5759,0.9663999999999999
10512.0,0.5123,0.5605,1.0728
10513.0,0.428,0.5797,1.0077
10514.0,0.0364,0.9045,0.9409
10515.0,0.9471,0.5807,1.5278
10516.0,0.5507,0.6356,1.1863000000000001
10517.0,0.6218,0.644,1.2658
10518.0,0.6722,0.6092,1.2814
10519.0,0.6179,0.6095,1.2274
10520.0,0.6663,0.6209,1.2872
10521.0,0.5117,0.6158,1.1275
10522.0,0.6948,0.6097,1.3045
10523.0,0.4661,0.6174,1.0835
10524.0,0.5014,0.6035,1.1049
10525.0,0.5378,0.6046,1.1423999999999999
10526.0,0.5237,0.5976,1.1213000000000002
10527.0,0.4744,0.5862,1.0606
10528.0,0.1527,0.6798,0.8325
10529.0,0.511,0.5796,1.0906
10530.0,0.5004,0.5772,1.0776
10531.0,0.448,0.5746,1.0226
10532.0,0.5965,0.5739,1.1703999999999999
10533.0,0.5523,0.5873,1.1396000000000002
10534.0,0.4961,0.58,1.0760999999999998
10535.0,0.4443,0.5775,1.0218
10536.0,0.4501,0.5503,1.0004
10537.0,0.5132,0.561,1.0742
10538.0,0.4629,0.5635,1.0264
10539.0,0.4541,0.5734,1.0275
10540.0,0.4372,0.5828,1.02
10541.0,0.4084,0.5554,0.9638
10542.0,1.1406,0.853,1.9936
10543.0,0.5995,0.5747,1.1742
10544.0,0.755,0.6086,1.3636
10545.0,0.7477,0.6144,1.3620999999999999
10546.0,0.8594,0.6253,1.4847000000000001
10547.0,0.5011,0.5886,1.0897000000000001
10548.0,0.6424,0.605,1.2473999999999998
10549.0,0.6205,0.627,1.2475
10550.0,0.5774,0.6179,1.1953
10551.0,0.5161,0.5913,1.1074000000000002
10552.0,0.4473,0.6082,1.0554999999999999
10553.0,0.4416,0.6061,1.0476999999999999
10554.0,0.6285,0.5859,1.2144
10555.0,0.5985,0.6226,1.2211
10556.0,0.0012,1.1249,1.1261
10557.0,0.4786,0.5896,1.0682
10558.0,0.4244,0.6006,1.025
10559.0,0.4915,0.6209,1.1124
10560.0,0.5443,0.6259,1.1702
10561.0,0.6983,0.6234,1.3216999999999999
10562.0,0.4651,0.6154,1.0805
10563.0,0.8003,0.635,1.4353
10564.0,0.4394,0.6207,1.0601
10565.0,0.53,0.6099,1.1399
10566.0,0.4733,0.6218,1.0951
10567.0,0.52,0.5799,1.0998999999999999
10568.0,1.1484,0.5904,1.7388000000000001
10569.0,0.4997,0.5759,1.0756
10570.0,0.0106,0.2873,0.2979
10571.0,0.5361,0.5786,1.1147
10572.0,0.5208,0.583,1.1038000000000001
10573.0,0.4161,0.611,1.0271
10574.0,0.493,0.5894,1.0824
10575.0,0.4605,0.5941,1.0546
10576.0,0.4859,0.5777,1.0636
10577.0,0.5252,0.5794,1.1046
10578.0,0.5312,0.5879,1.1191
10579.0,0.4616,0.5771,1.0387
10580.0,0.3681,0.5538,0.9218999999999999
10581.0,0.3598,0.586,0.9458
10582.0,0.3967,0.5671,0.9638
10583.0,0.4285,0.5868,1.0152999999999999
10584.0,0.6166,0.633,1.2496
10585.0,0.4853,0.5548,1.0401
10586.0,0.8868,0.5886,1.4754
10587.0,0.5745,0.6009,1.1754
10588.0,0.6334,0.6262,1.2595999999999998
10589.0,0.5433,0.6078,1.1511
10590.0,0.4499,0.6134,1.0633
10591.0,0.6675,0.6044,1.2719
10592.0,0.6475,0.6061,1.2536
10593.0,0.3858,0.6107,0.9964999999999999
10594.0,0.5783,0.6131,1.1914
10595.0,0.4442,0.5914,1.0356
10596.0,0.4841,0.5718,1.0558999999999998
10597.0,0.4326,0.5796,1.0122
10598.0,0.0829,0.3218,0.40469999999999995
10599.0,0.4799,0.5858,1.0657
10600.0,0.4189,0.5906,1.0095
10601.0,0.5177,0.5783,1.096
10602.0,0.6373,0.5608,1.1981
10603.0,0.6103,0.5774,1.1877
10604.0,0.4381,0.5817,1.0198
10605.0,0.4477,0.59,1.0377
10606.0,0.5238,0.5814,1.1052
10607.0,0.5067,0.5839,1.0906
10608.0,0.4842,0.5532,1.0374
10609.0,0.5614,0.559,1.1204
10610.0,0.3943,0.5726,0.9669
10611.0,0.815,0.5575,1.3725
10612.0,0.0658,1.8772,1.943
10613.0,0.5431,0.564,1.1071
10614.0,0.435,0.5852,1.0202
10615.0,0.4025,0.5639,0.9663999999999999
10616.0,0.389,0.5824,0.9714
10617.0,0.4183,0.5713,0.9896
10618.0,0.5542,0.5945,1.1487
10619.0,0.3584,0.6087,0.9671000000000001
10620.0,0.4567,0.5716,1.0283
10621.0,0.6324,0.5701,1.2025000000000001
10622.0,0.5854,0.5753,1.1607
10623.0,0.4995,0.5818,1.0813
10624.0,0.4408,0.5858,1.0266
10625.0,0.4252,0.5569,0.9821
10626.0,0.203,0.7199,0.9229
10627.0,0.8316,0.5553,1.3869
10628.0,0.4859,0.5732,1.0591
10629.0,0.6211,0.6097,1.2308
10630.0,0.4657,0.5755,1.0412
10631.0,0.4439,0.557,1.0009000000000001
10632.0,0.5458,0.5664,1.1122
10633.0,0.4651,0.5582,1.0233
10634.0,0.4075,0.5743,0.9818
10635.0,0.5996,0.5822,1.1818
10636.0,0.5704,0.5914,1.1618
10637.0,0.5465,0.5768,1.1233
10638.0,0.5225,0.5663,1.0888
10639.0,0.4696,0.546,1.0156
10640.0,0.3736,0.4048,0.7784
10641.0,0.4263,0.5538,0.9801
10642.0,0.4815,0.5763,1.0578
10643.0,0.4736,0.5934,1.0670000000000002
10644.0,0.6594,0.5694,1.2288000000000001
10645.0,0.4973,0.5744,1.0717
10646.0,0.4303,0.5499,0.9802000000000001
10647.0,0.4355,0.562,0.9975
10648.0,0.4399,0.579,1.0189
10649.0,0.4199,0.5612,0.9811000000000001
10650.0,0.4062,0.5787,0.9849
10651.0,0.4004,0.551,0.9514
10652.0,0.6948,0.5711,1.2659
10653.0,0.4344,0.5878,1.0222
10654.0,0.0122,0.5845,0.5967
10655.0,0.5536,0.5638,1.1174
10656.0,1.1113,0.5788,1.6901
10657.0,0.5672,0.5902,1.1574
10658.0,0.3724,0.6103,0.9826999999999999
10659.0,0.4546,0.5874,1.042
10660.0,0.4832,0.5925,1.0757
10661.0,0.6494,0.5931,1.2425
10662.0,0.3591,0.5736,0.9327
10663.0,0.3635,0.5713,0.9348000000000001
10664.0,0.3805,0.5717,0.9521999999999999
10665.0,0.4911,0.5738,1.0649
10666.0,0.5598,0.5957,1.1555
10667.0,0.5199,0.5749,1.0948
10668.0,0.0501,0.6641,0.7142000000000001
10669.0,0.4508,0.5567,1.0074999999999998
10670.0,0.4352,0.545,0.9802
10671.0,0.5098,0.5867,1.0965
10672.0,0.436,0.5575,0.9935
10673.0,0.5198,0.58,1.0998
10674.0,0.5397,0.5865,1.1261999999999999
10675.0,0.3931,0.5712,0.9643
10676.0,0.4772,0.5629,1.0401
10677.0,0.5335,0.5846,1.1181
10678.0,0.5762,0.5875,1.1637
10679.0,0.5593,0.5625,1.1218
10680.0,0.4488,0.5483,0.9971
10681.0,0.374,0.5306,0.9046
10682.0,0.0159,0.1951,0.211
10683.0,0.4416,0.5598,1.0013999999999998
10684.0,0.4352,0.5403,0.9755
10685.0,0.4405,0.5487,0.9892
10686.0,0.4178,0.5351,0.9529000000000001
10687.0,0.5314,0.5601,1.0915
10688.0,0.4882,0.5408,1.029
10689.0,0.4971,0.5704,1.0675
10690.0,0.5293,0.5679,1.0972
10691.0,0.3927,0.5558,0.9484999999999999
10692.0,0.4236,0.539,0.9626
10693.0,0.4965,0.5699,1.0664
10694.0,0.46,0.5351,0.9951000000000001
10695.0,0.4742,0.5518,1.026
10696.0,0.0187,0.2041,0.2228
10697.0,0.4082,0.5396,0.9478
10698.0,0.3756,0.5418,0.9174
10699.0,0.4406,0.5704,1.0110000000000001
10700.0,0.3398,0.5636,0.9034
10701.0,0.6341,0.5539,1.188
10702.0,0.4161,0.5311,0.9472
10703.0,0.4742,0.5409,1.0151000000000001
10704.0,0.4749,0.5263,1.0011999999999999
10705.0,0.4206,0.5394,0.96
10706.0,0.5064,0.5588,1.0652
10707.0,0.3428,0.5433,0.8861
10708.0,0.6443,0.5509,1.1951999999999998
10709.0,0.5322,0.5468,1.079
10710.0,0.3357,0.1955,0.5312
10711.0,0.498,0.5547,1.0527
10712.0,0.4832,0.5392,1.0224
10713.0,0.5182,0.5748,1.093
10714.0,0.504,0.5946,1.0986
10715.0,0.4133,0.5443,0.9576
10716.0,0.3619,0.5439,0.9058
10717.0,0.5458,0.5227,1.0685
10718.0,0.4686,0.5327,1.0013
10719.0,0.4433,0.5411,0.9844
10720.0,0.4158,0.5349,0.9507000000000001
10721.0,0.622,0.5622,1.1842000000000001
10722.0,0.5893,0.5677,1.157
10723.0,0.4105,0.538,0.9485
10724.0,0.3396,0.6836,1.0232
10725.0,0.5188,0.5434,1.0622
10726.0,0.426,0.5729,0.9988999999999999
10727.0,0.5408,0.5606,1.1014
10728.0,0.4779,0.5691,1.0470000000000002
10729.0,0.4301,0.5728,1.0029
10730.0,0.3438,0.5525,0.8963
10731.0,0.4283,0.5657,0.994
10732.0,0.4646,0.5469,1.0115
10733.0,0.6645,0.5729,1.2374
10734.0,0.5955,0.5557,1.1512
10735.0,0.3581,0.5663,0.9244
10736.0,0.56,0.5289,1.0889000000000002
10737.0,0.3746,0.5407,0.9153
10738.0,0.0313,0.9619,0.9932
10739.0,0.5258,0.571,1.0968
10740.0,0.3707,0.5772,0.9479
10741.0,0.602,0.5942,1.1962
10742.0,0.4378,0.5849,1.0227
10743.0,0.3985,0.5687,0.9672000000000001
10744.0,0.4285,0.5828,1.0112999999999999
10745.0,0.3816,0.5592,0.9408000000000001
10746.0,0.4288,0.5527,0.9815
10747.0,0.3632,0.5261,0.8893
10748.0,0.6518,0.5588,1.2106
10749.0,0.3876,0.541,0.9286000000000001
10750.0,0.4714,0.547,1.0184
10751.0,0.4172,0.5518,0.969
10752.0,0.0111,0.8529,0.864
10753.0,0.4635,0.5385,1.002
10754.0,0.4871,0.5416,1.0287
10755.0,0.4205,0.5463,0.9668
10756.0,0.4669,0.5209,0.9878
10757.0,0.3732,0.5526,0.9258
10758.0,0.4392,0.5403,0.9795
10759.0,0.4079,0.5557,0.9636
10760.0,0.4078,0.5691,0.9769000000000001
10761.0,0.555,0.5521,1.1071
10762.0,0.498,0.5552,1.0532
10763.0,0.484,0.5478,1.0318
10764.0,0.4173,0.5358,0.9531000000000001
10765.0,0.5172,0.5645,1.0817
10766.0,0.3567,0.172,0.5287
10767.0,0.3892,0.5421,0.9313
10768.0,0.6105,0.5511,1.1616
10769.0,0.4369,0.5507,0.9876
10770.0,0.4223,0.5598,0.9821
10771.0,0.4807,0.545,1.0257
10772.0,0.5116,0.539,1.0506000000000002
10773.0,0.5066,0.5666,1.0732
10774.0,0.5022,0.5298,1.032
10775.0,0.4905,0.5347,1.0252
10776.0,0.547,0.5625,1.1095000000000002
10777.0,0.461,0.5356,0.9965999999999999
10778.0,0.4271,0.5471,0.9742
10779.0,0.4627,0.5168,0.9795
10780.0,0.1731,0.2438,0.4169
10781.0,0.4674,0.5322,0.9996
10782.0,0.4839,0.5346,1.0185
10783.0,0.4402,0.5301,0.9702999999999999
10784.0,0.4381,0.5538,0.9919
10785.0,0.468,0.5368,1.0048000000000001
10786.0,0.4958,0.5446,1.0404
10787.0,0.525,0.5377,1.0627
10788.0,0.418,0.5541,0.9721
10789.0,0.4221,0.5279,0.95
10790.0,0.6419,0.5668,1.2086999999999999
10791.0,0.3805,0.5346,0.9151
10792.0,0.3394,0.5136,0.853
10793.0,0.4903,0.5415,1.0318
10794.0,0.0016,0.3842,0.3858
10795.0,0.3969,0.533,0.9299
10796.0,0.5384,0.523,1.0614
10797.0,0.5388,0.5499,1.0887
10798.0,0.6049,0.5338,1.1387
10799.0,0.3949,0.5557,0.9505999999999999
10800.0,0.4373,0.5656,1.0029
10801.0,0.4224,0.5404,0.9628
10802.0,0.4007,0.5359,0.9366000000000001
10803.0,0.4314,0.5497,0.9811
10804.0,0.5647,0.5475,1.1122
10805.0,0.5195,0.5509,1.0703999999999998
10806.0,0.4694,0.5112,0.9805999999999999
10807.0,0.4334,0.5455,0.9789
10808.0,0.0532,0.1476,0.2008
10809.0,0.4456,0.5293,0.9749
10810.0,0.4442,0.5593,1.0035
10811.0,0.4306,0.5371,0.9677
10812.0,0.4927,0.5326,1.0253
10813.0,0.4711,0.5431,1.0142
10814.0,0.6546,0.5433,1.1979
10815.0,0.4154,0.5543,0.9697
10816.0,0.5021,0.5269,1.029
10817.0,0.4559,0.541,0.9969000000000001
10818.0,0.3744,0.5316,0.9059999999999999
10819.0,0.4121,0.5365,0.9486
10820.0,0.3717,0.5466,0.9182999999999999
10821.0,0.6243,0.5408,1.1650999999999998
10822.0,0.0,0.226,0.226
10823.0,0.5074,0.5651,1.0725
10824.0,0.4038,0.5292,0.933
10825.0,0.4159,0.5424,0.9582999999999999
10826.0,0.4356,0.5366,0.9722
10827.0,0.4061,0.5326,0.9387
10828.0,0.6482,0.5351,1.1833
10829.0,0.5082,0.5356,1.0438
10830.0,0.4976,0.5307,1.0283
10831.0,0.5158,0.5225,1.0383
10832.0,0.4505,0.5424,0.9929
10833.0,0.4772,0.5379,1.0151000000000001
10834.0,0.3678,0.541,0.9088
10835.0,0.4563,0.5341,0.9904
10836.0,1.3512,0.4624,1.8135999999999999
10837.0,0.5603,0.5309,1.0912000000000002
10838.0,0.4369,0.5263,0.9632000000000001
10839.0,0.4517,0.5462,0.9979
10840.0,0.8418,0.5711,1.4129
10841.0,0.5957,0.5754,1.1711
10842.0,1.0191,0.5501,1.5692
10843.0,0.6441,0.5586,1.2027
10844.0,0.5328,0.5475,1.0803
10845.0,0.8665,0.5704,1.4369
10846.0,0.5323,0.5534,1.0857
10847.0,0.5909,0.5723,1.1632
10848.0,0.4618,0.5796,1.0413999999999999
10849.0,0.5006,0.564,1.0646
10850.0,0.0035,0.4034,0.4069
10851.0,0.4526,0.5499,1.0025
10852.0,0.4347,0.5668,1.0015
10853.0,0.5402,0.5797,1.1199
10854.0,0.3935,0.5867,0.9802
10855.0,0.7097,0.5735,1.2832
10856.0,0.6276,0.5828,1.2104
10857.0,0.4954,0.5701,1.0655000000000001
10858.0,0.4501,0.5706,1.0207
10859.0,0.7008,0.5571,1.2579
10860.0,0.4533,0.56,1.0133
10861.0,0.5199,0.5657,1.0856
10862.0,0.5179,0.5657,1.0836000000000001
10863.0,0.6257,0.5852,1.2109
10864.0,0.4936,0.5802,1.0738
10865.0,0.5487,0.5592,1.1078999999999999
10866.0,0.4764,0.5666,1.043
10867.0,0.5255,0.5802,1.1057000000000001
10868.0,0.7607,0.5649,1.3256000000000001
10869.0,0.4044,0.5706,0.975
10870.0,0.4773,0.564,1.0413
10871.0,0.4553,0.571,1.0263
10872.0,0.439,0.5701,1.0091
10873.0,0.4788,0.5527,1.0314999999999999
10874.0,0.4165,0.5631,0.9796
10875.0,0.4842,0.5429,1.0271000000000001
10876.0,0.3896,0.5639,0.9535
10877.0,0.4333,0.5498,0.9831
10878.0,0.4698,0.1315,0.6013
10879.0,0.5792,0.5667,1.1459000000000001
10880.0,0.4338,0.5571,0.9909000000000001
10881.0,0.572,0.5632,1.1352
10882.0,0.531,0.5407,1.0716999999999999
10883.0,0.6,0.5473,1.1473
10884.0,0.4894,0.5365,1.0259
10885.0,0.4568,0.5513,1.0081
10886.0,0.4218,0.533,0.9548000000000001
10887.0,0.4686,0.5262,0.9948
10888.0,0.3482,0.5366,0.8848
10889.0,0.6512,0.5635,1.2147000000000001
10890.0,0.5365,0.5407,1.0772
10891.0,0.4971,0.5522,1.0493000000000001
10892.0,0.238,1.3296,1.5675999999999999
10893.0,0.4225,0.5423,0.9648
10894.0,0.3432,0.5681,0.9113
10895.0,0.425,0.5815,1.0065
10896.0,0.5965,0.577,1.1735
10897.0,0.52,0.6165,1.1365
10898.0,0.5502,0.5934,1.1436000000000002
10899.0,0.403,0.5798,0.9828
10900.0,0.5422,0.5757,1.1179000000000001
10901.0,0.4671,0.6038,1.0709
10902.0,0.3901,0.5655,0.9556
10903.0,0.6326,0.5916,1.2242000000000002
10904.0,0.4075,0.5572,0.9647
10905.0,0.4455,0.5554,1.0009000000000001
10906.0,0.358,0.131,0.489
10907.0,0.3647,0.5735,0.9382
10908.0,0.4331,0.583,1.0161
10909.0,0.4084,0.5566,0.965
10910.0,0.8608,0.5499,1.4107
10911.0,0.4327,0.5846,1.0173
10912.0,0.5889,0.5709,1.1598
10913.0,0.4098,0.5498,0.9596
10914.0,0.4966,0.5611,1.0577
10915.0,0.4429,0.558,1.0009000000000001
10916.0,0.4765,0.5592,1.0357
10917.0,0.56,0.5449,1.1049000000000002
10918.0,0.606,0.5577,1.1637
10919.0,0.4171,0.5359,0.9530000000000001
10920.0,0.0818,0.5252,0.607
10921.0,0.4261,0.5349,0.9610000000000001
10922.0,0.5184,0.5647,1.0831
10923.0,0.505,0.5686,1.0735999999999999
10924.0,0.4589,0.591,1.0499
10925.0,0.4239,0.5555,0.9794
10926.0,0.5056,0.5245,1.0301
10927.0,0.4656,0.5601,1.0257
10928.0,0.5741,0.552,1.1261
10929.0,0.4374,0.5482,0.9856
10930.0,0.4138,0.5223,0.9360999999999999
10931.0,0.4056,0.5586,0.9642
10932.0,0.4534,0.5425,0.9959
10933.0,0.4837,0.5502,1.0339
10934.0,12.2814,0.4747,12.7561
10935.0,0.4852,0.5588,1.044
10936.0,0.5743,0.6217,1.1960000000000002
10937.0,0.5846,0.6483,1.2328999999999999
10938.0,0.7051,0.6862,1.3913
10939.0,0.8557,0.6577,1.5133999999999999
10940.0,0.6844,0.6114,1.2958
10941.0,0.6344,0.6427,1.2771
10942.0,0.6994,0.6293,1.3287
10943.0,0.5509,0.655,1.2059
10944.0,0.5221,0.6869,1.209
10945.0,0.6364,0.6841,1.3205
10946.0,0.6418,0.6687,1.3105
10947.0,0.4687,0.6623,1.131
10948.0,0.019,0.3092,0.3282
10949.0,0.5506,0.643,1.1936
10950.0,0.4559,0.6665,1.1224
10951.0,0.4572,0.665,1.1222
10952.0,0.8519,0.6844,1.5363
10953.0,0.5991,0.6762,1.2753
10954.0,0.4838,0.6469,1.1307
10955.0,0.4743,0.6344,1.1087
10956.0,0.7235,0.6459,1.3694000000000002
10957.0,0.5143,0.6301,1.1444
10958.0,0.475,0.6253,1.1002999999999998
10959.0,0.3994,0.618,1.0173999999999999
10960.0,0.7285,0.6022,1.3307
10961.0,0.5027,0.6083,1.111
10962.0,0.0637,0.7214,0.7851
10963.0,0.4566,0.6157,1.0723
10964.0,0.526,0.6011,1.1271
10965.0,0.4291,0.5888,1.0179
10966.0,0.4938,0.6039,1.0977000000000001
10967.0,0.3581,0.5866,0.9447
10968.0,0.4191,0.5791,0.9982
10969.0,0.4427,0.5933,1.036
10970.0,0.4657,0.6042,1.0699
10971.0,0.4695,0.5844,1.0539
10972.0,0.4697,0.586,1.0556999999999999
10973.0,0.5229,0.5666,1.0895000000000001
10974.0,0.4874,0.5726,1.06
10975.0,0.5187,0.5695,1.0882
10976.0,0.0065,0.3877,0.3942
10977.0,0.5431,0.5855,1.1286
10978.0,0.4513,0.6018,1.0531
10979.0,0.3993,0.6116,1.0109
10980.0,0.4415,0.6049,1.0464
10981.0,0.4932,0.5892,1.0824
10982.0,0.6727,0.5976,1.2703
10983.0,0.6248,0.5731,1.1979000000000002
10984.0,0.4779,0.6062,1.0840999999999998
10985.0,0.4657,0.6017,1.0674000000000001
10986.0,0.3861,0.602,0.9881
10987.0,0.5044,0.5895,1.0939
10988.0,0.5334,0.5894,1.1228
10989.0,0.4523,0.5934,1.0457
10990.0,0.8496,0.5628,1.4123999999999999
10991.0,0.4807,0.587,1.0676999999999999
10992.0,0.4593,0.5992,1.0585
10993.0,0.5826,0.5943,1.1769
10994.0,0.5924,0.604,1.1964000000000001
10995.0,0.4431,0.5838,1.0269
10996.0,0.6255,0.5926,1.2181
10997.0,0.741,0.5891,1.3300999999999998
10998.0,0.4294,0.6226,1.052
10999.0,0.7565,0.5753,1.3317999999999999
11000.0,0.6553,0.5946,1.2499
11001.0,0.4854,0.5799,1.0653
11002.0,0.6446,0.5732,1.2178
11003.0,0.5627,0.5928,1.1555
11004.0,0.0228,1.6123,1.6351
11005.0,0.4857,0.5924,1.0781
11006.0,0.502,0.5887,1.0907
11007.0,0.4099,0.5858,0.9957
11008.0,0.4565,0.5888,1.0453000000000001
11009.0,0.4456,0.5763,1.0219
11010.0,0.4107,0.5543,0.9650000000000001
11011.0,0.4572,0.5652,1.0224
11012.0,0.4047,0.5694,0.9741
11013.0,0.4299,0.591,1.0209
11014.0,0.4649,0.5641,1.029
11015.0,0.5902,0.5432,1.1334
11016.0,0.4736,0.5654,1.0390000000000001
11017.0,0.4874,0.5658,1.0532
11018.0,0.058,0.3219,0.3799
11019.0,0.4934,0.5703,1.0637
11020.0,0.401,0.5712,0.9722000000000001
11021.0,0.4941,0.5962,1.0903
11022.0,0.4354,0.5838,1.0192
11023.0,0.5345,0.5726,1.1071
11024.0,0.509,0.5636,1.0726
11025.0,0.4638,0.5597,1.0234999999999999
11026.0,0.554,0.536,1.09
11027.0,0.5978,0.5322,1.13
11028.0,0.5505,0.5458,1.0962999999999998
11029.0,0.5904,0.569,1.1594
11030.0,0.451,0.5694,1.0204
11031.0,0.43,0.5492,0.9792000000000001
11032.0,0.0473,0.6153,0.6626
11033.0,0.4297,0.5504,0.9801
11034.0,0.3775,0.5463,0.9238
11035.0,0.4121,0.5478,0.9599
11036.0,0.4569,0.5708,1.0276999999999998
11037.0,0.4881,0.5515,1.0396
11038.0,0.394,0.5453,0.9393
11039.0,0.4927,0.5532,1.0459
11040.0,0.4336,0.5464,0.98
11041.0,0.5102,0.5491,1.0593
11042.0,0.4724,0.5361,1.0085
11043.0,0.4399,0.5356,0.9755
11044.0,0.4398,0.5666,1.0064
11045.0,0.5328,0.5279,1.0607000000000002
11046.0,0.2383,0.978,1.2163
11047.0,0.5274,0.5344,1.0617999999999999
11048.0,0.428,0.5953,1.0233
11049.0,0.4313,0.6193,1.0506
11050.0,0.3885,0.614,1.0025
11051.0,0.431,0.595,1.026
11052.0,0.5241,0.5889,1.113
11053.0,0.449,0.5773,1.0263
11054.0,0.4418,0.5896,1.0314
11055.0,0.5294,0.5919,1.1213
11056.0,0.4639,0.5662,1.0301
11057.0,0.4597,0.5662,1.0259
11058.0,0.8005,0.5733,1.3738000000000001
11059.0,0.41,0.5537,0.9637
11060.0,0.5125,0.6071,1.1196
11061.0,0.5394,0.5575,1.0969
11062.0,0.4609,0.58,1.0409
11063.0,0.4756,0.6193,1.0949
11064.0,0.5385,0.585,1.1235
11065.0,0.5111,0.5812,1.0923
11066.0,0.6672,0.5911,1.2583
11067.0,0.552,0.6002,1.1522000000000001
11068.0,0.4657,0.6086,1.0743
11069.0,0.4303,0.6171,1.0474
11070.0,0.4247,0.5972,1.0219
11071.0,0.4428,0.5567,0.9995
11072.0,0.612,0.5613,1.1733
11073.0,0.4963,0.5842,1.0805
11074.0,2.4684,0.4771,2.9455
11075.0,0.5743,0.6081,1.1824
11076.0,0.7284,0.7083,1.4367
11077.0,0.9005,0.7034,1.6038999999999999
11078.0,0.7947,0.6985,1.4931999999999999
11079.0,0.797,0.7018,1.4988000000000001
11080.0,0.6778,0.6829,1.3607
11081.0,0.8046,0.7042,1.5088
11082.0,0.6984,0.6736,1.3719999999999999
11083.0,0.514,0.6973,1.2113
11084.0,0.4982,0.7141,1.2123
11085.0,0.4357,0.6822,1.1179000000000001
11086.0,0.4413,0.6706,1.1118999999999999
11087.0,0.483,0.666,1.149
11088.0,0.0001,0.3185,0.3186
11089.0,0.5333,0.6412,1.1745
11090.0,0.765,0.6384,1.4034
11091.0,0.5649,0.6426,1.2075
11092.0,0.5069,0.6265,1.1334
11093.0,0.501,0.6435,1.1444999999999999
11094.0,0.4359,0.6296,1.0655000000000001
11095.0,0.4703,0.6326,1.1029
11096.0,0.5191,0.6229,1.142
11097.0,0.6469,0.6159,1.2628
11098.0,0.4856,0.5924,1.078
11099.0,0.6348,0.628,1.2628
11100.0,0.42,0.6067,1.0267
11101.0,0.5086,0.5959,1.1045
11102.0,0.2467,0.7948,1.0414999999999999
11103.0,0.5908,0.6001,1.1909
11104.0,0.4536,0.5926,1.0462
11105.0,0.4505,0.5824,1.0329000000000002
11106.0,0.4023,0.5917,0.994
11107.0,0.464,0.5868,1.0508
11108.0,0.7092,0.6038,1.3130000000000002
11109.0,0.5259,0.5783,1.1042
11110.0,0.5109,0.5935,1.1044
11111.0,0.6023,0.5844,1.1867
11112.0,0.487,0.5807,1.0676999999999999
11113.0,0.5081,0.5683,1.0764
11114.0,0.4464,0.558,1.0044
11115.0,0.5735,0.5813,1.1548
11116.0,0.4534,0.9308,1.3841999999999999
11117.0,0.4107,0.5872,0.9979
11118.0,0.3626,0.5882,0.9507999999999999
11119.0,0.5808,0.6208,1.2016
11120.0,0.3904,0.625,1.0154
11121.0,0.4184,0.595,1.0133999999999999
11122.0,0.4688,0.563,1.0318
11123.0,0.6949,0.577,1.2719
11124.0,0.6179,0.5823,1.2002000000000002
11125.0,0.5443,0.5983,1.1426
11126.0,0.4809,0.5844,1.0653000000000001
11127.0,0.4414,0.5783,1.0197
11128.0,0.36,0.5837,0.9437
11129.0,0.637,0.5727,1.2097
11130.0,0.0362,0.402,0.43820000000000003
11131.0,0.5646,0.5912,1.1558
11132.0,0.5293,0.5943,1.1236000000000002
11133.0,0.3496,0.5949,0.9445
11134.0,0.4003,0.5811,0.9813999999999999
11135.0,0.4535,0.5829,1.0364
11136.0,0.4314,0.5572,0.9886
11137.0,0.3608,0.5791,0.9399
11138.0,0.5665,0.5837,1.1502
11139.0,0.4355,0.553,0.9885
11140.0,0.4648,0.5689,1.0337
11141.0,0.4963,0.5666,1.0629
11142.0,0.4321,0.5672,0.9993000000000001
11143.0,0.4837,0.556,1.0397
11144.0,0.002,0.4406,0.4426
11145.0,0.5162,0.5643,1.0805
11146.0,0.437,0.5637,1.0007
11147.0,0.6506,0.5671,1.2177
11148.0,0.4216,0.5425,0.9641
11149.0,0.4341,0.5284,0.9624999999999999
11150.0,0.3749,0.5564,0.9313
11151.0,0.3989,0.5412,0.9400999999999999
11152.0,0.4705,0.5346,1.0050999999999999
11153.0,0.5811,0.5408,1.1219
11154.0,0.4163,0.5433,0.9596
11155.0,0.6168,0.5264,1.1432
11156.0,0.4838,0.539,1.0228000000000002
11157.0,0.3908,0.5415,0.9322999999999999
11158.0,0.0199,1.2955,1.3154000000000001
11159.0,0.4282,0.5374,0.9656
11160.0,0.5553,0.5389,1.0942
11161.0,0.3844,0.5332,0.9176
11162.0,0.8184,0.508,1.3264
11163.0,0.4092,0.5231,0.9323
11164.0,0.3447,0.5538,0.8985
11165.0,0.3442,0.5284,0.8726
11166.0,0.4165,0.5083,0.9248
11167.0,0.466,0.5382,1.0042
11168.0,0.5059,0.5144,1.0203
11169.0,0.386,0.5253,0.9113
11170.0,0.5824,0.5315,1.1139000000000001
11171.0,0.4836,0.5101,0.9937
11172.0,0.0451,0.1049,0.15
11173.0,0.5159,0.5435,1.0594000000000001
11174.0,0.4402,0.5286,0.9687999999999999
11175.0,0.434,0.523,0.9570000000000001
11176.0,0.5473,0.5093,1.0566
11177.0,0.4736,0.5475,1.0211000000000001
11178.0,0.5277,0.5125,1.0402
11179.0,0.7578,0.5292,1.287
11180.0,0.365,0.5192,0.8842
11181.0,0.4816,0.4965,0.9781
11182.0,0.6771,0.5138,1.1909
11183.0,0.349,0.5156,0.8645999999999999
11184.0,0.3747,0.528,0.9027000000000001
11185.0,0.5138,0.5243,1.0381
11186.0,0.0026,0.0797,0.0823
11187.0,0.4636,0.5184,0.982
11188.0,0.4801,0.5335,1.0136
11189.0,0.4737,0.5264,1.0001
11190.0,0.4027,0.5087,0.9114
11191.0,0.4131,0.5289,0.9420000000000001
11192.0,0.4255,0.5229,0.9484
11193.0,0.3905,0.5134,0.9038999999999999
11194.0,0.4619,0.5245,0.9863999999999999
11195.0,0.5329,0.5077,1.0406
11196.0,0.355,0.4928,0.8478
11197.0,0.4472,0.4899,0.9371
11198.0,0.3694,0.5105,0.8798999999999999
11199.0,0.4667,0.51,0.9767
11200.0,0.0363,0.295,0.3313
11201.0,0.7094,0.5054,1.2147999999999999
11202.0,0.6971,0.5297,1.2268
11203.0,0.448,0.5309,0.9789000000000001
11204.0,0.4115,0.531,0.9425
11205.0,0.5068,0.5302,1.037
11206.0,0.5561,0.512,1.0681
11207.0,0.4111,0.4951,0.9062
11208.0,1.2365,0.5258,1.7623
11209.0,0.6901,0.5057,1.1958000000000002
11210.0,0.4611,0.5025,0.9636
11211.0,0.4227,0.5082,0.9309000000000001
11212.0,0.4385,0.4903,0.9288000000000001
11213.0,0.5046,0.51,1.0146000000000002
11214.0,0.0545,0.2362,0.2907
11215.0,0.5546,0.5064,1.061
11216.0,0.4436,0.521,0.9646
11217.0,0.5218,0.5166,1.0384
11218.0,0.6093,0.5003,1.1096
11219.0,0.4641,0.509,0.9731000000000001
11220.0,0.41,0.5274,0.9374
11221.0,0.529,0.5097,1.0387
11222.0,0.7757,0.4994,1.2751
11223.0,0.3884,0.5275,0.9158999999999999
11224.0,0.4757,0.5219,0.9976
11225.0,0.5421,0.5178,1.0599
11226.0,0.513,0.5029,1.0159
11227.0,0.3811,0.5007,0.8818
11228.0,0.4747,0.4039,0.8786
11229.0,0.4181,0.5436,0.9617
11230.0,0.6201,0.5613,1.1814
11231.0,0.5543,0.5721,1.1264
11232.0,0.4423,0.5546,0.9969
11233.0,0.5528,0.5515,1.1042999999999998
11234.0,0.4096,0.5506,0.9601999999999999
11235.0,0.4975,0.5355,1.033
11236.0,0.4679,0.5411,1.009
11237.0,0.4518,0.5382,0.99
11238.0,0.364,0.5616,0.9256
11239.0,0.3633,0.5438,0.9071
11240.0,0.4878,0.5329,1.0207000000000002
11241.0,0.4988,0.525,1.0238
11242.0,0.9902,0.4837,1.4739
11243.0,0.4382,0.516,0.9541999999999999
11244.0,0.4791,0.5266,1.0057
11245.0,0.5039,0.5544,1.0583
11246.0,0.486,0.5461,1.0321
11247.0,0.4393,0.5686,1.0079
11248.0,0.7181,0.5487,1.2668
11249.0,0.8114,0.549,1.3604
11250.0,0.4382,0.5175,0.9557
11251.0,0.4076,0.5078,0.9154
11252.0,0.4901,0.5277,1.0177999999999998
11253.0,0.4967,0.5155,1.0122
11254.0,0.4774,0.5181,0.9955
11255.0,0.4852,0.5371,1.0223
11256.0,0.0782,0.7427,0.8209000000000001
11257.0,0.5456,0.5157,1.0613000000000001
11258.0,0.4332,0.5559,0.9890999999999999
11259.0,0.528,0.5637,1.0917
11260.0,0.4133,0.5425,0.9558
11261.0,0.4707,0.5293,1.0
11262.0,0.5021,0.5408,1.0429
11263.0,0.4087,0.5188,0.9275
11264.0,0.5937,0.5059,1.0996000000000001
11265.0,0.4604,0.5117,0.9721
11266.0,0.4701,0.5306,1.0007
11267.0,0.518,0.5193,1.0373
11268.0,0.5723,0.508,1.0803
11269.0,0.4704,0.521,0.9914000000000001
11270.0,0.0789,0.0499,0.1288
11271.0,0.4124,0.4883,0.9007000000000001
11272.0,0.5034,0.5179,1.0213
11273.0,0.4895,0.5186,1.0081
11274.0,0.4903,0.5278,1.0181
11275.0,0.5164,0.4883,1.0047
11276.0,0.4253,0.5075,0.9328
11277.0,0.4181,0.498,0.9161
11278.0,0.3698,0.4917,0.8615
11279.0,0.4091,0.5008,0.9099
11280.0,0.446,0.5254,0.9714
11281.0,0.4388,0.4909,0.9297
11282.0,0.5216,0.4854,1.007
11283.0,0.4406,0.4899,0.9305
11284.0,0.0558,1.1959,1.2517
11285.0,0.5338,0.5213,1.0551
11286.0,0.45,0.5427,0.9926999999999999
11287.0,0.4578,0.5545,1.0123
11288.0,0.4498,0.5513,1.0011
11289.0,0.4892,0.5529,1.0421
11290.0,0.5438,0.5382,1.0819999999999999
11291.0,0.4381,0.5085,0.9465999999999999
11292.0,0.5842,0.5054,1.0896
11293.0,0.3953,0.5386,0.9339
11294.0,0.4482,0.51,0.9581999999999999
11295.0,0.4888,0.5026,0.9914000000000001
11296.0,0.5563,0.5217,1.078
11297.0,0.4245,0.5291,0.9536
11298.0,0.0364,0.5491,0.5855
11299.0,0.4313,0.5075,0.9388
11300.0,0.4295,0.4938,0.9233
11301.0,0.5169,0.5012,1.0181
11302.0,0.4485,0.5245,0.973
11303.0,0.48,0.5257,1.0057
11304.0,0.4394,0.5042,0.9436
11305.0,0.4475,0.5052,0.9527
11306.0,0.4703,0.4988,0.9691000000000001
11307.0,0.3867,0.5369,0.9236
11308.0,0.5136,0.5117,1.0253
11309.0,0.5096,0.501,1.0106000000000002
11310.0,0.4419,0.5378,0.9797
11311.0,0.4427,0.5149,0.9576
11312.0,0.0002,0.6141,0.6143
11313.0,0.4265,0.5252,0.9517
11314.0,0.4587,0.5149,0.9736
11315.0,0.4394,0.505,0.9444
11316.0,0.402,0.5104,0.9124
11317.0,0.5077,0.5016,1.0093
11318.0,0.4131,0.5185,0.9316
11319.0,0.498,0.5161,1.0141
11320.0,0.4059,0.4993,0.9052
11321.0,0.4084,0.5027,0.9111
11322.0,0.3962,0.5215,0.9177
11323.0,0.4413,0.5183,0.9596
11324.0,0.5008,0.5007,1.0015
11325.0,0.5102,0.5041,1.0143
11326.0,0.0,0.7804,0.7804
11327.0,0.4822,0.5261,1.0083
11328.0,0.482,0.5281,1.0101
11329.0,0.3703,0.5063,0.8766
11330.0,0.4076,0.521,0.9286000000000001
11331.0,0.4533,0.5189,0.9722
11332.0,0.6488,0.5155,1.1643
11333.0,0.4577,0.5142,0.9719
11334.0,0.4588,0.523,0.9818
11335.0,0.4287,0.5045,0.9332
11336.0,0.3928,0.525,0.9178
11337.0,0.5173,0.513,1.0303
11338.0,0.6762,0.531,1.2072
11339.0,0.6561,0.5244,1.1804999999999999
11340.0,0.0111,0.5771,0.5882
11341.0,0.5258,0.5359,1.0617
11342.0,0.451,0.5122,0.9632000000000001
11343.0,0.448,0.53,0.978
11344.0,0.4443,0.5228,0.9671000000000001
11345.0,0.4792,0.5196,0.9987999999999999
11346.0,0.4139,0.5144,0.9282999999999999
11347.0,0.4188,0.5007,0.9195
11348.0,0.4194,0.4966,0.9159999999999999
11349.0,0.4702,0.5129,0.9831000000000001
11350.0,0.4216,0.5061,0.9277
11351.0,0.3713,0.5058,0.8771
11352.0,0.4652,0.5183,0.9835
11353.0,0.6567,0.499,1.1557
11354.0,0.0943,0.3958,0.4901
11355.0,0.549,0.4798,1.0288
11356.0,0.4878,0.5214,1.0091999999999999
11357.0,0.505,0.5083,1.0133
11358.0,0.4753,0.4978,0.9731000000000001
11359.0,0.3969,0.502,0.8989
11360.0,0.471,0.4946,0.9656
11361.0,0.5621,0.4787,1.0408
11362.0,0.457,0.5191,0.9761
11363.0,0.4321,0.4805,0.9126
11364.0,0.4722,0.5084,0.9805999999999999
11365.0,0.4514,0.473,0.9244
11366.0,0.5512,0.4759,1.0271
11367.0,0.3748,0.4935,0.8683000000000001
11368.0,0.0063,0.3522,0.35850000000000004
11369.0,0.3768,0.52,0.8968
11370.0,0.4864,0.5318,1.0182
11371.0,0.4955,0.5218,1.0173
11372.0,0.5006,0.534,1.0346000000000002
11373.0,0.489,0.5168,1.0058
11374.0,0.3985,0.5214,0.9198999999999999
11375.0,0.4974,0.5156,1.013
11376.0,0.7211,0.5315,1.2526
11377.0,0.4997,0.5133,1.013
11378.0,0.3733,0.5028,0.8761000000000001
11379.0,0.4033,0.4984,0.9017
11380.0,0.4968,0.4876,0.9843999999999999
11381.0,0.4408,0.4884,0.9292
11382.0,0.0459,0.752,0.7979
11383.0,0.3604,0.5019,0.8623000000000001
11384.0,0.4548,0.5219,0.9767
11385.0,0.5226,0.507,1.0295999999999998
11386.0,0.4081,0.5257,0.9338
11387.0,0.4609,0.5033,0.9642
11388.0,0.3586,0.5074,0.8659999999999999
11389.0,0.4018,0.5031,0.9049
11390.0,0.4306,0.4873,0.9178999999999999
11391.0,0.5575,0.5168,1.0743
11392.0,0.4464,0.4884,0.9348000000000001
11393.0,0.4372,0.5203,0.9575
11394.0,0.5226,0.5195,1.0421
11395.0,0.4252,0.5136,0.9388
11396.0,0.1108,0.3113,0.42210000000000003
11397.0,0.5664,0.5063,1.0727
11398.0,0.6195,0.5184,1.1379000000000001
11399.0,0.5395,0.5324,1.0718999999999999
11400.0,0.4304,0.5147,0.9451
11401.0,0.4966,0.5227,1.0193
11402.0,0.3608,0.5163,0.8771
11403.0,0.6079,0.5059,1.1138
11404.0,0.4073,0.5038,0.9111
11405.0,0.4703,0.5146,0.9848999999999999
11406.0,0.4272,0.4919,0.9191
11407.0,0.4861,0.5267,1.0128
11408.0,0.3524,0.4955,0.8479
11409.0,0.4398,0.5139,0.9537
11410.0,0.0514,0.3697,0.4211
11411.0,0.4426,0.5119,0.9545
11412.0,0.4859,0.5832,1.0691000000000002
11413.0,0.4974,0.5815,1.0789
11414.0,0.4254,0.5586,0.984
11415.0,0.467,0.555,1.022
11416.0,0.5337,0.5184,1.0520999999999998
11417.0,0.6433,0.4848,1.1280999999999999
11418.0,0.5908,0.4997,1.0905
11419.0,0.4639,0.5059,0.9698
11420.0,0.4986,0.522,1.0206
11421.0,0.4734,0.516,0.9894000000000001
11422.0,0.5371,0.508,1.0451000000000001
11423.0,0.4732,0.5029,0.9761
11424.0,0.4117,0.4528,0.8645
11425.0,0.4019,0.5095,0.9114
11426.0,0.4804,0.5393,1.0197
11427.0,0.4394,0.5109,0.9503
11428.0,0.6831,0.5071,1.1902
11429.0,0.5332,0.5284,1.0615999999999999
11430.0,0.4617,0.5078,0.9695
11431.0,0.4346,0.524,0.9586
11432.0,0.4573,0.5244,0.9817
11433.0,0.4318,0.5331,0.9649000000000001
11434.0,0.5183,0.5425,1.0608
11435.0,0.4538,0.5133,0.9671
11436.0,0.71,0.538,1.248
11437.0,0.4404,0.4986,0.9390000000000001
11438.0,0.001,0.3992,0.4002
11439.0,0.5019,0.4876,0.9895
11440.0,0.5179,0.5313,1.0492
11441.0,0.5484,0.521,1.0694
11442.0,0.4905,0.5315,1.022
11443.0,0.5197,0.5182,1.0379
11444.0,0.4563,0.5362,0.9924999999999999
11445.0,0.3627,0.5266,0.8893
11446.0,0.4022,0.5021,0.9043
11447.0,0.4761,0.5005,0.9765999999999999
11448.0,0.4216,0.5213,0.9429
11449.0,0.4684,0.4971,0.9655
11450.0,0.3584,0.5066,0.865
11451.0,0.4286,0.4946,0.9232
11452.0,0.052,0.3651,0.41709999999999997
11453.0,0.4217,0.5135,0.9352
11454.0,0.4473,0.4972,0.9444999999999999
11455.0,0.4611,0.5019,0.9630000000000001
11456.0,0.4222,0.5145,0.9367
11457.0,0.4865,0.5108,0.9973000000000001
11458.0,0.4229,0.5,0.9229
11459.0,0.3972,0.5008,0.898
11460.0,0.5955,0.5036,1.0991
11461.0,0.423,0.4913,0.9143
11462.0,0.4297,0.4976,0.9273
11463.0,0.5813,0.5108,1.0921
11464.0,0.5975,0.4765,1.074
11465.0,0.491,0.5167,1.0077
11466.0,0.0203,0.1701,0.1904
11467.0,0.3845,0.5061,0.8906000000000001
11468.0,0.494,0.4858,0.9798
11469.0,0.4945,0.4932,0.9877
11470.0,0.4712,0.5298,1.0010000000000001
11471.0,0.4141,0.493,0.9071
11472.0,0.5768,0.4857,1.0625
11473.0,0.5355,0.5038,1.0393
11474.0,0.463,0.4779,0.9409000000000001
11475.0,0.415,0.4798,0.8948
11476.0,0.4443,0.4992,0.9435
11477.0,0.4245,0.4764,0.9009
11478.0,0.5706,0.4995,1.0701
11479.0,0.5203,0.4845,1.0048
11480.0,0.0373,0.0538,0.0911
11481.0,0.4236,0.4926,0.9161999999999999
11482.0,0.3325,0.4817,0.8142
11483.0,0.5605,0.4885,1.049
11484.0,0.4535,0.4944,0.9479
11485.0,0.4044,0.4958,0.9002
11486.0,0.4445,0.4788,0.9233
11487.0,0.6261,0.4853,1.1114
11488.0,0.3427,0.4667,0.8094
11489.0,1.1287,0.4858,1.6145
11490.0,0.5432,0.4655,1.0087000000000002
11491.0,0.4648,0.4744,0.9392
11492.0,0.4738,0.4615,0.9353
11493.0,0.3702,0.4633,0.8334999999999999
11494.0,0.0129,0.0413,0.054200000000000005
11495.0,0.4338,0.4596,0.8934
11496.0,0.4466,0.4883,0.9349000000000001
11497.0,0.4153,0.4891,0.9044
11498.0,0.4037,0.4813,0.885
11499.0,0.4163,0.4879,0.9042
11500.0,0.394,0.5147,0.9087000000000001
11501.0,0.3564,0.4887,0.8451
11502.0,0.4662,0.4932,0.9594
11503.0,0.3918,0.4689,0.8607
11504.0,0.4033,0.4751,0.8784000000000001
11505.0,0.4128,0.4747,0.8875
11506.0,0.3801,0.4806,0.8607
11507.0,0.4048,0.4932,0.898
11508.0,0.0028,0.4841,0.4869
11509.0,0.3439,0.4694,0.8132999999999999
11510.0,0.8791,0.4778,1.3569
11511.0,0.4502,0.5132,0.9634
11512.0,0.4431,0.502,0.9451
11513.0,0.4443,0.5039,0.9481999999999999
11514.0,0.3987,0.5103,0.909
11515.0,0.4075,0.4951,0.9026
11516.0,0.4375,0.494,0.9315
11517.0,0.3768,0.506,0.8828
11518.0,0.4185,0.4951,0.9136
11519.0,0.3834,0.4898,0.8732
11520.0,0.4045,0.4958,0.9003000000000001
11521.0,0.3614,0.4632,0.8246
11522.0,0.0232,0.4709,0.4941
11523.0,0.4271,0.488,0.9151
11524.0,0.5288,0.5082,1.037
11525.0,0.3877,0.5078,0.8955
11526.0,0.4855,0.513,0.9984999999999999
11527.0,0.5542,0.4943,1.0485
11528.0,0.5247,0.4969,1.0216
11529.0,0.3694,0.495,0.8644000000000001
11530.0,0.5808,0.4939,1.0747
11531.0,0.4812,0.4783,0.9595
11532.0,0.3416,0.4845,0.8261000000000001
11533.0,0.489,0.4848,0.9738
11534.0,0.4259,0.4641,0.89
11535.0,0.6219,0.4856,1.1075
11536.0,0.0186,0.0738,0.09240000000000001
11537.0,0.4611,0.4881,0.9492
11538.0,0.4832,0.4693,0.9525
11539.0,0.37,0.4781,0.8481000000000001
11540.0,0.4534,0.4794,0.9328000000000001
11541.0,0.3695,0.4903,0.8598
11542.0,0.5057,0.4751,0.9808000000000001
11543.0,0.4573,0.4645,0.9218
11544.0,0.4795,0.4746,0.9541
11545.0,0.5931,0.4839,1.077
11546.0,0.4266,0.4687,0.8953
11547.0,0.3661,0.4622,0.8283
11548.0,0.3662,0.4599,0.8261000000000001
11549.0,0.4866,0.4859,0.9724999999999999
11550.0,0.0343,0.8238,0.8581
11551.0,0.5152,0.4643,0.9795
11552.0,0.5268,0.4794,1.0062
11553.0,0.4281,0.4833,0.9114
11554.0,0.4262,0.4977,0.9238999999999999
11555.0,0.4448,0.4959,0.9407
11556.0,0.4238,0.4959,0.9197
11557.0,0.5728,0.4883,1.0611
11558.0,0.455,0.4936,0.9486
11559.0,0.4343,0.493,0.9273
11560.0,0.4206,0.5096,0.9302
11561.0,0.4213,0.4876,0.9089
11562.0,0.4386,0.4727,0.9113
11563.0,0.3935,0.4977,0.8912
11564.0,0.1136,0.0907,0.2043
11565.0,0.476,0.4765,0.9524999999999999
11566.0,0.3489,0.4913,0.8402000000000001
11567.0,0.398,0.4764,0.8744000000000001
11568.0,0.3589,0.4651,0.8240000000000001
11569.0,0.4854,0.4754,0.9608
11570.0,0.3702,0.4779,0.8481
11571.0,0.4242,0.4587,0.8829
11572.0,0.4714,0.4724,0.9438
11573.0,0.4423,0.4686,0.9109
11574.0,0.3707,0.4815,0.8522
11575.0,0.4789,0.476,0.9549
11576.0,0.5532,0.4972,1.0504
11577.0,0.4001,0.4684,0.8685
11578.0,0.0843,0.1658,0.2501
11579.0,0.6165,0.4706,1.0871
11580.0,0.6338,0.4738,1.1076000000000001
11581.0,0.4432,0.5091,0.9522999999999999
11582.0,0.4929,0.4828,0.9757
11583.0,0.3944,0.4838,0.8782
11584.0,0.3729,0.4779,0.8508
11585.0,0.4547,0.4639,0.9186
11586.0,0.4239,0.4795,0.9034
11587.0,0.5722,0.4678,1.04
11588.0,0.4286,0.4651,0.8936999999999999
11589.0,0.5789,0.4705,1.0493999999999999
11590.0,0.5586,0.4712,1.0298
11591.0,0.437,0.4662,0.9032
11592.0,0.5443,0.4558,1.0001
11593.0,0.4,0.4984,0.8984000000000001
11594.0,0.6261,0.5644,1.1905000000000001
11595.0,0.4599,0.593,1.0529
11596.0,0.3968,0.56,0.9568000000000001
11597.0,0.4306,0.5105,0.9410999999999999
11598.0,0.4601,0.4924,0.9525
11599.0,0.5209,0.4995,1.0204
11600.0,0.4792,0.5395,1.0187
11601.0,0.4038,0.5143,0.9180999999999999
11602.0,0.4923,0.5257,1.018
11603.0,0.5025,0.5253,1.0278
11604.0,0.5064,0.5393,1.0457
11605.0,0.4457,0.5353,0.981
11606.0,0.1098,0.3536,0.46340000000000003
11607.0,0.5658,0.5445,1.1103
11608.0,0.4393,0.5448,0.9841
11609.0,0.4884,0.5529,1.0413
11610.0,0.3927,0.5335,0.9261999999999999
11611.0,0.4163,0.5438,0.9601
11612.0,0.4775,0.5525,1.03
11613.0,0.5055,0.5347,1.0402
11614.0,0.5216,0.5395,1.0611
11615.0,0.3917,0.5332,0.9249
11616.0,0.3894,0.5223,0.9117
11617.0,0.4059,0.5115,0.9174
11618.0,0.3831,0.5208,0.9039
11619.0,0.4628,0.4985,0.9613
11620.0,0.0127,0.2487,0.2614
11621.0,0.4327,0.5049,0.9376
11622.0,0.4073,0.5046,0.9119
11623.0,0.518,0.5173,1.0352999999999999
11624.0,0.4648,0.5069,0.9717
11625.0,0.4951,0.5064,1.0015
11626.0,0.3852,0.5247,0.9099
11627.0,0.4796,0.5006,0.9802000000000001
11628.0,0.3535,0.4922,0.8457
11629.0,0.5292,0.4917,1.0209000000000001
11630.0,0.3908,0.4758,0.8666
11631.0,0.4376,0.5002,0.9378
11632.0,0.4891,0.4814,0.9704999999999999
11633.0,0.3453,0.4956,0.8409
11634.0,0.1659,0.3306,0.4965
11635.0,0.4169,0.5169,0.9338
11636.0,0.5147,0.5175,1.0322
11637.0,0.4282,0.52,0.9482
11638.0,0.5081,0.5038,1.0119
11639.0,0.5634,0.507,1.0704
11640.0,0.3718,0.5043,0.8761
11641.0,0.4552,0.504,0.9592
11642.0,0.4539,0.4978,0.9517
11643.0,0.4281,0.4949,0.923
11644.0,0.5676,0.4983,1.0659
11645.0,0.4304,0.4776,0.908
11646.0,0.4767,0.496,0.9727
11647.0,0.4922,0.5045,0.9966999999999999
11648.0,0.2518,0.7505,1.0023
11649.0,0.5023,0.4945,0.9967999999999999
11650.0,0.4183,0.4876,0.9058999999999999
11651.0,0.6184,0.5134,1.1318
11652.0,0.343,0.53,0.873
11653.0,0.5531,0.5323,1.0854
11654.0,0.3628,0.5191,0.8819
11655.0,0.3959,0.525,0.9209
11656.0,0.5837,0.5387,1.1223999999999998
11657.0,0.4248,0.5002,0.925
11658.0,0.3822,0.5168,0.899
11659.0,0.4728,0.5117,0.9845
11660.0,0.4522,0.5027,0.9549000000000001
11661.0,0.3801,0.5003,0.8804
11662.0,0.0482,1.3364,1.3846
11663.0,0.4828,0.4865,0.9693
11664.0,0.3976,0.4756,0.8732
11665.0,0.4474,0.5078,0.9552
11666.0,0.4549,0.5044,0.9593
11667.0,0.3828,0.4972,0.8799999999999999
11668.0,0.483,0.4801,0.9631000000000001
11669.0,0.4909,0.5,0.9909
11670.0,0.5772,0.4919,1.0691000000000002
11671.0,0.3933,0.4999,0.8932
11672.0,0.3339,0.4913,0.8251999999999999
11673.0,0.4946,0.4928,0.9874
11674.0,0.4727,0.499,0.9717
11675.0,0.5358,0.4826,1.0184
11676.0,9.187,0.2685,9.455499999999999
11677.0,0.6458,0.5125,1.1583
11678.0,0.6153,0.5154,1.1307
11679.0,0.8122,0.5,1.3122
11680.0,0.6601,0.4911,1.1512
11681.0,0.814,0.527,1.341
11682.0,0.7295,0.5118,1.2413
11683.0,0.6301,0.5197,1.1498
11684.0,0.6823,0.514,1.1963
11685.0,0.7474,0.5282,1.2755999999999998
11686.0,0.6776,0.5123,1.1899
11687.0,0.4979,0.5281,1.026
11688.0,0.5564,0.5443,1.1007
11689.0,0.6737,0.5439,1.2176
11690.0,1.6185,0.6159,2.2344
11691.0,0.6599,0.5306,1.1905000000000001
11692.0,0.623,0.5653,1.1883
11693.0,0.5956,0.5596,1.1552
11694.0,0.5987,0.5781,1.1768
11695.0,0.6732,0.5957,1.2689
11696.0,0.7118,0.599,1.3108
11697.0,0.4391,0.5958,1.0349
11698.0,0.5876,0.6105,1.1981000000000002
11699.0,0.4531,0.5861,1.0392
11700.0,0.541,0.5861,1.1271
11701.0,0.6153,0.5756,1.1909
11702.0,0.4244,0.5932,1.0175999999999998
11703.0,0.6485,0.5713,1.2198
11704.0,0.1938,0.6955,0.8893
11705.0,0.4856,0.5808,1.0664
11706.0,0.4189,0.5593,0.9782
11707.0,0.5484,0.579,1.1274
11708.0,1.9538,0.5799,2.5337
11709.0,0.4258,0.5519,0.9777
11710.0,0.8887,0.5617,1.4504000000000001
11711.0,0.4684,0.56,1.0284
11712.0,0.4666,0.5542,1.0208
11713.0,0.5711,0.542,1.1131000000000002
11714.0,0.4211,0.5659,0.9869999999999999
11715.0,0.3988,0.5219,0.9207000000000001
11716.0,0.4631,0.5528,1.0159
11717.0,0.5058,0.5356,1.0413999999999999
11718.0,0.0899,0.5355,0.6254
11719.0,0.5339,0.5445,1.0784
11720.0,0.4791,0.5429,1.022
11721.0,0.3579,0.538,0.8959
11722.0,0.4754,0.5329,1.0083
11723.0,0.7352,0.5364,1.2715999999999998
11724.0,0.4889,0.5304,1.0192999999999999
11725.0,0.5215,0.5334,1.0549
11726.0,0.43,0.5284,0.9583999999999999
11727.0,0.4547,0.5239,0.9786
11728.0,0.5128,0.5308,1.0436
11729.0,0.3721,0.5267,0.8987999999999999
11730.0,0.4502,0.5065,0.9566999999999999
11731.0,0.4232,0.5177,0.9409000000000001
11732.0,0.0,0.4136,0.4136
11733.0,0.5985,0.5284,1.1269
11734.0,0.6707,0.5375,1.2082
11735.0,0.5318,0.5423,1.0741
11736.0,0.4296,0.5574,0.987
11737.0,0.5135,0.5569,1.0703999999999998
11738.0,0.4731,0.551,1.0241
11739.0,0.4429,0.5692,1.0121
11740.0,0.7373,0.5882,1.3255
11741.0,0.4815,0.5262,1.0077
11742.0,0.3916,0.5604,0.952
11743.0,0.4355,0.5312,0.9667
11744.0,0.6068,0.5259,1.1327
11745.0,0.4203,0.5317,0.952
11746.0,0.3058,0.4289,0.7347
11747.0,0.4258,0.5335,0.9593
11748.0,0.5339,0.562,1.0959
11749.0,0.513,0.5539,1.0669
11750.0,0.5799,0.563,1.1429
11751.0,0.4943,0.5753,1.0696
11752.0,0.4073,0.5388,0.9460999999999999
11753.0,0.4963,0.5385,1.0348
11754.0,0.6743,0.5678,1.2421
11755.0,0.487,0.5475,1.0345
11756.0,0.4081,0.5614,0.9695
11757.0,0.4369,0.5476,0.9844999999999999
11758.0,0.4236,0.5132,0.9368
11759.0,0.4305,0.528,0.9585
11760.0,1.2766,0.1658,1.4424
11761.0,0.4521,0.5535,1.0056
11762.0,0.527,0.5714,1.0984
11763.0,0.5096,0.626,1.1356000000000002
11764.0,0.552,0.6536,1.2056
11765.0,0.6799,0.6096,1.2894999999999999
11766.0,0.4946,0.5974,1.092
11767.0,0.5821,0.6082,1.1903
11768.0,0.5456,0.5917,1.1373
11769.0,0.5629,0.6166,1.1795
11770.0,0.5884,0.6062,1.1945999999999999
11771.0,0.5745,0.6022,1.1766999999999999
11772.0,0.5151,0.6161,1.1312
11773.0,0.6046,0.5974,1.202
11774.0,0.1497,0.5421,0.6918
11775.0,0.5961,0.5938,1.1899
11776.0,0.5918,0.607,1.1987999999999999
11777.0,0.5946,0.5761,1.1707
11778.0,0.5333,0.5601,1.0934
11779.0,0.4337,0.5592,0.9929
11780.0,0.4837,0.5946,1.0783
11781.0,0.4961,0.606,1.1021
11782.0,0.498,0.5775,1.0755
11783.0,0.5209,0.5369,1.0578
11784.0,0.3817,0.5306,0.9122999999999999
11785.0,0.5711,0.558,1.1291000000000002
11786.0,0.4794,0.5638,1.0432
11787.0,0.7918,0.5544,1.3462
11788.0,0.001,0.0401,0.0411
11789.0,0.5565,0.5207,1.0772
11790.0,0.4603,0.5419,1.0022
11791.0,0.4821,0.5439,1.026
11792.0,0.4562,0.5491,1.0053
11793.0,0.4971,0.5281,1.0252
11794.0,0.5934,0.5084,1.1018
11795.0,0.4243,0.5124,0.9367
11796.0,0.3771,0.5237,0.9008
11797.0,0.4319,0.5272,0.9591000000000001
11798.0,0.4851,0.5235,1.0086
11799.0,0.4849,0.5218,1.0067
11800.0,0.4737,0.5232,0.9969
11801.0,0.4682,0.5378,1.006
11802.0,0.001,1.3103,1.3113
11803.0,0.5414,0.5239,1.0653000000000001
11804.0,0.4075,0.566,0.9734999999999999
11805.0,0.4523,0.5197,0.972
11806.0,0.438,0.5729,1.0109
11807.0,0.504,0.5507,1.0547
11808.0,0.414,0.5468,0.9607999999999999
11809.0,0.3968,0.5537,0.9504999999999999
11810.0,0.3659,0.5723,0.9382
11811.0,0.5285,0.5415,1.0699999999999998
11812.0,0.4685,0.5484,1.0169000000000001
11813.0,0.6797,0.5696,1.2492999999999999
11814.0,0.5216,0.5175,1.0391
11815.0,0.4429,0.5242,0.9671000000000001
11816.0,0.1711,0.3886,0.5597
11817.0,0.5255,0.526,1.0514999999999999
11818.0,0.4619,0.5592,1.0211000000000001
11819.0,0.6799,0.5768,1.2567
11820.0,0.517,0.525,1.042
11821.0,0.4741,0.5322,1.0063
11822.0,0.4599,0.562,1.0219
11823.0,0.595,0.5236,1.1185999999999998
11824.0,0.5155,0.5327,1.0482
11825.0,0.5099,0.5333,1.0432000000000001
11826.0,0.6323,0.5367,1.169
11827.0,0.5056,0.5155,1.0211000000000001
11828.0,0.4663,0.524,0.9903
11829.0,0.6862,0.5343,1.2205
11830.0,0.1015,0.8571,0.9586
11831.0,0.524,0.5684,1.0924
11832.0,0.5087,0.6095,1.1182
11833.0,0.6918,0.6079,1.2997
11834.0,0.4698,0.5314,1.0011999999999999
11835.0,0.3639,0.5316,0.8955
11836.0,0.5223,0.5626,1.0849
11837.0,0.572,0.586,1.158
11838.0,0.4615,0.5454,1.0069
11839.0,0.6861,0.5511,1.2372
11840.0,0.4305,0.5519,0.9823999999999999
11841.0,0.4536,0.5354,0.989
11842.0,0.4155,0.5336,0.9490999999999999
11843.0,0.572,0.5263,1.0983
11844.0,0.0162,0.1451,0.1613
11845.0,0.4871,0.5443,1.0314
11846.0,0.4831,0.584,1.0671
11847.0,0.4046,0.5654,0.97
11848.0,0.4859,0.5549,1.0408
11849.0,0.442,0.5137,0.9557
11850.0,0.5577,0.5079,1.0655999999999999
11851.0,0.4345,0.5313,0.9658
11852.0,0.5625,0.5374,1.0998999999999999
11853.0,0.4675,0.5594,1.0269
11854.0,0.4931,0.5387,1.0318
11855.0,0.411,0.5022,0.9132
11856.0,0.4511,0.5189,0.97
11857.0,0.5594,0.4885,1.0479
11858.0,0.0013,0.0857,0.087
11859.0,0.4868,0.5092,0.996
11860.0,0.3557,0.4973,0.853
11861.0,0.4528,0.4954,0.9481999999999999
11862.0,0.5498,0.4977,1.0474999999999999
11863.0,0.4925,0.5075,1.0
11864.0,0.5781,0.4927,1.0708
11865.0,0.5138,0.5098,1.0236
11866.0,0.5743,0.5259,1.1002
11867.0,0.5043,0.4893,0.9936
11868.0,0.5504,0.5007,1.0511
11869.0,0.3997,0.5066,0.9063000000000001
11870.0,0.628,0.513,1.141
11871.0,0.3387,0.4845,0.8231999999999999
11872.0,0.0305,1.7935,1.824
11873.0,0.5169,0.4968,1.0137
11874.0,0.4674,0.535,1.0024
11875.0,0.3998,0.5012,0.901
11876.0,0.5828,0.5013,1.0840999999999998
11877.0,0.4102,0.4896,0.8997999999999999
11878.0,0.5805,0.5018,1.0823
11879.0,0.5144,0.504,1.0184
11880.0,0.3815,0.4929,0.8744000000000001
11881.0,0.4995,0.5148,1.0143
11882.0,0.6955,0.4891,1.1846
11883.0,0.4894,0.4932,0.9826
11884.0,0.7154,0.5214,1.2368000000000001
11885.0,0.5007,0.5226,1.0232999999999999
11886.0,0.3785,0.5068,0.8853
11887.0,0.4209,0.4909,0.9117999999999999
11888.0,0.4576,0.5299,0.9875
11889.0,0.55,0.5359,1.0859
11890.0,0.5768,0.5339,1.1107
11891.0,0.4309,0.4991,0.9299999999999999
11892.0,0.5246,0.4901,1.0147
11893.0,0.4525,0.4935,0.946
11894.0,0.3861,0.5056,0.8917
11895.0,0.367,0.5351,0.9021
11896.0,0.6138,0.5367,1.1505
11897.0,0.4531,0.5327,0.9858
11898.0,0.5698,0.5393,1.1091
11899.0,0.4956,0.504,0.9996
11900.0,0.565,1.042,1.607
11901.0,0.5619,0.5192,1.0811
11902.0,0.5375,0.5667,1.1042
11903.0,0.5185,0.5863,1.1048
11904.0,0.5434,0.5712,1.1146
11905.0,0.5438,0.5699,1.1137
11906.0,0.6116,0.53,1.1416
11907.0,0.5473,0.5552,1.1025
11908.0,0.4624,0.5771,1.0394999999999999
11909.0,0.5255,0.5914,1.1169
11910.0,0.5776,0.5704,1.1480000000000001
11911.0,0.3753,0.5635,0.9388000000000001
11912.0,0.4858,0.555,1.0408
11913.0,0.4733,0.5408,1.0141
11914.0,0.0723,0.1609,0.2332
11915.0,0.3538,0.5272,0.881
11916.0,0.4506,0.5388,0.9894
11917.0,0.4519,0.573,1.0249
11918.0,0.3447,0.5547,0.8994
11919.0,0.4275,0.5641,0.9916
11920.0,0.4058,0.5362,0.942
11921.0,0.438,0.5336,0.9716
11922.0,0.4478,0.5201,0.9679
11923.0,0.507,0.5199,1.0269
11924.0,0.4294,0.5293,0.9587
11925.0,0.4065,0.5284,0.9349
11926.0,0.3329,0.5136,0.8464999999999999
11927.0,0.4587,0.5183,0.977
11928.0,0.2066,1.0017,1.2083
11929.0,0.5678,0.5206,1.0884
11930.0,0.4278,0.5289,0.9567000000000001
11931.0,0.7405,0.5373,1.2778
11932.0,0.3903,0.5328,0.9231
11933.0,0.4692,0.5177,0.9869000000000001
11934.0,0.5066,0.5122,1.0188000000000001
11935.0,0.3689,0.5419,0.9108
11936.0,0.5074,0.5022,1.0095999999999998
11937.0,0.4188,0.4949,0.9137
11938.0,0.4638,0.4959,0.9597
11939.0,0.5004,0.511,1.0114
11940.0,0.5016,0.5102,1.0118
11941.0,0.4662,0.5101,0.9763
11942.0,0.0007,0.0677,0.0684
11943.0,0.4578,0.5057,0.9635
11944.0,0.4126,0.4918,0.9044000000000001
11945.0,0.3572,0.5106,0.8678000000000001
11946.0,0.3918,0.5002,0.8919999999999999
11947.0,0.4223,0.533,0.9553
11948.0,0.4644,0.4772,0.9416
11949.0,0.7837,0.4883,1.272
11950.0,0.4442,0.5059,0.9501
11951.0,0.4374,0.4856,0.923
11952.0,0.5264,0.4815,1.0079
11953.0,0.4044,0.4785,0.8829
11954.0,0.5674,0.4938,1.0612
11955.0,0.4115,0.4975,0.909
11956.0,0.2731,0.7836,1.0567
11957.0,0.6028,0.4903,1.0931
11958.0,0.4212,0.4956,0.9168000000000001
11959.0,0.3943,0.527,0.9213
11960.0,0.4769,0.4794,0.9562999999999999
11961.0,0.4433,0.4987,0.942
11962.0,0.6423,0.5291,1.1714
11963.0,0.6429,0.51,1.1529
11964.0,0.4916,0.5269,1.0185
11965.0,0.4961,0.523,1.0191
11966.0,0.4845,0.5233,1.0078
11967.0,0.5391,0.5312,1.0703
11968.0,0.3824,0.503,0.8854
11969.0,0.4223,0.5062,0.9285
11970.0,0.3256,0.2709,0.5965
11971.0,0.3732,0.5008,0.874
11972.0,0.4257,0.5185,0.9441999999999999
11973.0,0.5872,0.5131,1.1003
11974.0,0.7182,0.5027,1.2208999999999999
11975.0,0.4033,0.4896,0.8929
11976.0,0.5029,0.5394,1.0423
11977.0,0.4796,0.5332,1.0128
11978.0,0.3517,0.5281,0.8798
11979.0,0.525,0.5373,1.0623
11980.0,0.3568,0.5201,0.8769
11981.0,0.6795,0.5333,1.2128
11982.0,0.4822,0.4952,0.9774
11983.0,0.4481,0.4975,0.9456
11984.0,1.0756,0.3246,1.4002
11985.0,0.5235,0.5306,1.0541
11986.0,0.6334,0.558,1.1914
11987.0,0.7988,0.575,1.3738
11988.0,1.0045,0.5342,1.5387
11989.0,0.6906,0.5504,1.241
11990.0,0.4934,0.5156,1.009
11991.0,0.4035,0.5214,0.9249
11992.0,0.5952,0.5423,1.1375
11993.0,0.5042,0.5381,1.0423
11994.0,0.4406,0.5358,0.9764
11995.0,0.4633,0.5221,0.9854
11996.0,0.3877,0.5206,0.9082999999999999
11997.0,0.5817,0.5222,1.1038999999999999
11998.0,0.0284,0.7754,0.8038
11999.0,0.5282,0.5229,1.0511
12000.0,0.5668,0.5414,1.1082
12001.0,0.585,0.5447,1.1297
12002.0,0.4294,0.5434,0.9728
12003.0,0.4686,0.5368,1.0054
12004.0,0.414,0.5065,0.9204999999999999
12005.0,0.316,0.5177,0.8337000000000001
12006.0,0.3263,0.5146,0.8409
12007.0,0.3908,0.5282,0.919
12008.0,0.3659,0.5132,0.8791
12009.0,0.5923,0.5125,1.1048
12010.0,0.4532,0.4841,0.9373
12011.0,0.5349,0.5267,1.0615999999999999
12012.0,3.2435,0.813,4.0565
12013.0,0.4009,0.5112,0.9120999999999999
12014.0,0.4766,0.5293,1.0059
12015.0,0.3441,0.5323,0.8764000000000001
12016.0,0.549,0.5368,1.0858
12017.0,0.4498,0.5298,0.9796
12018.0,0.5058,0.5125,1.0183
12019.0,0.4795,0.4931,0.9725999999999999
12020.0,0.3939,0.5085,0.9023999999999999
12021.0,0.5336,0.515,1.0486
12022.0,0.4835,0.5141,0.9976
12023.0,0.4499,0.5227,0.9726000000000001
12024.0,0.5996,0.5153,1.1149
12025.0,0.5007,0.496,0.9967
12026.0,0.1083,0.3176,0.4259
12027.0,0.5463,0.5153,1.0615999999999999
12028.0,0.4373,0.5067,0.9440000000000001
12029.0,0.5806,0.5098,1.0904
12030.0,0.4447,0.5034,0.9480999999999999
12031.0,0.633,0.5032,1.1362
12032.0,0.4883,0.4992,0.9875
12033.0,0.5106,0.5066,1.0172
12034.0,0.5739,0.5006,1.0745
12035.0,0.4569,0.5104,0.9672999999999999
12036.0,0.5115,0.5097,1.0211999999999999
12037.0,0.4479,0.4925,0.9404
12038.0,0.3737,0.4656,0.8392999999999999
12039.0,0.497,0.474,0.971
12040.0,0.0047,0.3045,0.3092
12041.0,0.4188,0.5111,0.9299
12042.0,0.4678,0.5116,0.9794
12043.0,0.3604,0.5183,0.8787
12044.0,0.6006,0.4965,1.0971
12045.0,0.4044,0.5004,0.9047999999999999
12046.0,0.6201,0.5027,1.1228
12047.0,0.3752,0.5003,0.8755
12048.0,0.4498,0.4992,0.949
12049.0,0.4895,0.4819,0.9714
12050.0,0.4084,0.4864,0.8948
12051.0,0.4752,0.4885,0.9637
12052.0,0.4851,0.5041,0.9892
12053.0,0.4167,0.4796,0.8963000000000001
12054.0,0.0074,0.9171,0.9245
12055.0,0.3686,0.4809,0.8494999999999999
12056.0,0.4015,0.5404,0.9419
12057.0,0.4458,0.5624,1.0082
12058.0,0.4567,0.5284,0.9851
12059.0,0.4223,0.5426,0.9649
12060.0,0.4679,0.5034,0.9712999999999999
12061.0,0.3926,0.4992,0.8917999999999999
12062.0,0.4825,0.5257,1.0082
12063.0,0.4209,0.5091,0.9299999999999999
12064.0,0.4605,0.5327,0.9932
12065.0,0.4031,0.5273,0.9304
12066.0,0.4052,0.5207,0.9259000000000001
12067.0,0.4626,0.5178,0.9804
12068.0,0.0069,0.0593,0.0662
12069.0,0.4812,0.489,0.9702
12070.0,0.5,0.4909,0.9909
12071.0,0.5242,0.5283,1.0525
12072.0,0.4536,0.5155,0.9691
12073.0,0.5599,0.5229,1.0828
12074.0,0.4757,0.4663,0.942
12075.0,0.423,0.4924,0.9154
12076.0,0.5565,0.4642,1.0207
12077.0,0.4868,0.4841,0.9709
12078.0,0.9441,0.4913,1.4354
12079.0,0.3879,0.4931,0.881
12080.0,0.439,0.4685,0.9075
12081.0,0.4866,0.4858,0.9723999999999999
12082.0,0.107,1.1237,1.2307
12083.0,0.43,0.4735,0.9035
12084.0,0.4742,0.516,0.9902
12085.0,0.4891,0.5191,1.0082
12086.0,0.4479,0.5058,0.9537
12087.0,0.6037,0.488,1.0917
12088.0,0.5079,0.4778,0.9857
12089.0,0.3301,0.4708,0.8009
12090.0,0.4106,0.4927,0.9033
12091.0,0.4763,0.4802,0.9565
12092.0,0.4221,0.4791,0.9012
12093.0,0.4423,0.4682,0.9105000000000001
12094.0,0.4702,0.4838,0.954
12095.0,0.4445,0.4894,0.9339
12096.0,0.4139,0.686,1.0999
12097.0,0.3362,0.4758,0.812
12098.0,0.4183,0.4875,0.9057999999999999
12099.0,0.36,0.4914,0.8513999999999999
12100.0,0.4778,0.5037,0.9815
12101.0,0.5242,0.5041,1.0283
12102.0,0.3656,0.489,0.8546
12103.0,0.5198,0.4884,1.0082
12104.0,0.6115,0.4817,1.0932
12105.0,0.4941,0.479,0.9731
12106.0,0.3811,0.4888,0.8699
12107.0,0.418,0.4581,0.8761
12108.0,0.4763,0.4806,0.9569000000000001
12109.0,0.3896,0.4781,0.8677
12110.0,0.1134,0.3501,0.4635
12111.0,0.518,0.4597,0.9777
12112.0,0.4347,0.4662,0.9009
12113.0,0.375,0.4775,0.8525
12114.0,0.4058,0.488,0.8937999999999999
12115.0,0.4726,0.4619,0.9345
12116.0,0.3954,0.4686,0.864
12117.0,0.499,0.4719,0.9709
12118.0,0.5464,0.4619,1.0083
12119.0,0.4592,0.475,0.9341999999999999
12120.0,0.5629,0.4685,1.0314
12121.0,0.5374,0.4594,0.9967999999999999
12122.0,0.3855,0.4374,0.8229
12123.0,0.6154,0.4483,1.0636999999999999
12124.0,0.1918,0.2851,0.4769
12125.0,0.4833,0.4668,0.9501
12126.0,0.5246,0.4737,0.9983
12127.0,0.4222,0.4688,0.891
12128.0,0.4529,0.4847,0.9376
12129.0,0.6042,0.4453,1.0494999999999999
12130.0,0.664,0.4777,1.1417000000000002
12131.0,0.6509,0.4695,1.1204
12132.0,0.4007,0.463,0.8637
12133.0,0.4944,0.4479,0.9423
12134.0,0.4562,0.4665,0.9227000000000001
12135.0,0.5389,0.4399,0.9788000000000001
12136.0,0.4186,0.4694,0.888
12137.0,0.5255,0.4678,0.9933
12138.0,0.942,0.6977,1.6397
12139.0,0.41,0.4715,0.8815
12140.0,0.442,0.5019,0.9439
12141.0,0.6504,0.5495,1.1999
12142.0,0.6489,0.5125,1.1614
12143.0,0.5106,0.4789,0.9895
12144.0,0.4998,0.4786,0.9784
12145.0,0.6318,0.4934,1.1252
12146.0,0.4392,0.5081,0.9473
12147.0,0.4842,0.5132,0.9974000000000001
12148.0,0.3949,0.5372,0.9320999999999999
12149.0,0.8421,0.5182,1.3603
12150.0,0.4569,0.5021,0.959
12151.0,0.4243,0.5056,0.9299000000000001
12152.0,0.9144,1.4034,2.3178
12153.0,0.5104,0.5376,1.048
12154.0,0.5711,0.6172,1.1883
12155.0,0.6257,0.6891,1.3148
12156.0,0.5916,0.7066,1.2982
12157.0,0.6775,0.6347,1.3122
12158.0,0.6507,0.5674,1.2181
12159.0,0.4188,0.56,0.9788000000000001
12160.0,0.4304,0.5377,0.9681
12161.0,0.5466,0.5567,1.1033
12162.0,0.6321,0.5321,1.1642000000000001
12163.0,0.7134,0.5653,1.2787000000000002
12164.0,0.4165,0.5827,0.9992
12165.0,0.4608,0.568,1.0288
12166.0,0.1204,0.6578,0.7782
12167.0,0.5806,0.5618,1.1423999999999999
12168.0,0.6359,0.5607,1.1966
12169.0,0.4909,0.5487,1.0396
12170.0,0.4385,0.5442,0.9827
12171.0,0.6224,0.5362,1.1585999999999999
12172.0,0.5895,0.5225,1.112
12173.0,0.4694,0.5372,1.0066
12174.0,0.3527,0.5007,0.8534
12175.0,0.609,0.5113,1.1202999999999999
12176.0,0.5022,0.5172,1.0194
12177.0,0.6087,0.5035,1.1122
12178.0,0.4098,0.5235,0.9333
12179.0,0.3824,0.4979,0.8803000000000001
12180.0,0.1463,0.6725,0.8188
12181.0,0.4839,0.5244,1.0083
12182.0,0.7512,0.5305,1.2816999999999998
12183.0,0.7267,0.5237,1.2504
12184.0,0.4916,0.5225,1.0141
12185.0,0.8274,0.5422,1.3696000000000002
12186.0,0.3481,0.5217,0.8698000000000001
12187.0,0.4829,0.4894,0.9722999999999999
12188.0,0.5273,0.52,1.0473
12189.0,0.4414,0.4975,0.9389000000000001
12190.0,0.4406,0.5,0.9406
12191.0,0.447,0.4963,0.9433
12192.0,0.4689,0.5034,0.9722999999999999
12193.0,0.4789,0.479,0.9579
12194.0,0.1631,0.5914,0.7545000000000001
12195.0,0.5981,0.4669,1.065
12196.0,0.585,0.5029,1.0878999999999999
12197.0,0.5246,0.4982,1.0228
12198.0,0.4654,0.515,0.9803999999999999
12199.0,0.4919,0.4999,0.9918
12200.0,0.5073,0.4948,1.0021
12201.0,0.5752,0.4704,1.0456
12202.0,0.426,0.4956,0.9216
12203.0,0.4312,0.4894,0.9206000000000001
12204.0,0.5833,0.4862,1.0695000000000001
12205.0,0.3804,0.5036,0.8840000000000001
12206.0,0.4548,0.4732,0.9279999999999999
12207.0,0.7543,0.4765,1.2308
12208.0,0.0071,0.2104,0.2175
12209.0,0.4073,0.4722,0.8795
12210.0,0.396,0.5113,0.9073
12211.0,0.5167,0.5256,1.0423
12212.0,0.4791,0.5141,0.9932000000000001
12213.0,0.4352,0.4937,0.9289000000000001
12214.0,0.6075,0.4924,1.0999
12215.0,0.3792,0.4834,0.8626
12216.0,0.5061,0.4698,0.9759
12217.0,0.3841,0.4853,0.8694
12218.0,0.4569,0.4837,0.9406
12219.0,0.4467,0.4865,0.9332
12220.0,0.3906,0.4707,0.8613
12221.0,0.5212,0.4552,0.9763999999999999
12222.0,0.0047,0.0477,0.0524
12223.0,0.4975,0.4716,0.9691000000000001
12224.0,0.4519,0.4734,0.9253
12225.0,0.5433,0.4726,1.0159
12226.0,1.0709,0.4636,1.5345
12227.0,0.7816,0.4818,1.2633999999999999
12228.0,0.6767,0.4702,1.1469
12229.0,0.434,0.4503,0.8843
12230.0,0.5483,0.4591,1.0074
12231.0,0.4218,0.4823,0.9041
12232.0,0.487,0.4443,0.9313
12233.0,0.5174,0.4433,0.9607
12234.0,0.3279,0.4581,0.786
12235.0,0.5043,0.4545,0.9588
12236.0,0.3554,1.4106,1.766
12237.0,0.5996,0.4591,1.0587
12238.0,0.5535,0.4589,1.0124
12239.0,0.5217,0.4913,1.0130000000000001
12240.0,0.4931,0.4751,0.9682
12241.0,0.4702,0.4781,0.9483
12242.0,0.5436,0.4625,1.0061
12243.0,0.5975,0.4807,1.0782
12244.0,0.5834,0.466,1.0494
12245.0,0.4429,0.4705,0.9134
12246.0,0.589,0.4735,1.0625
12247.0,0.555,0.4575,1.0125000000000002
12248.0,1.1613,0.4757,1.637
12249.0,0.4547,0.478,0.9327
12250.0,0.0166,0.0788,0.0954
12251.0,0.4488,0.4996,0.9483999999999999
12252.0,0.5538,0.4793,1.0331
12253.0,0.4351,0.468,0.9031
12254.0,0.5785,0.4873,1.0658
12255.0,0.3961,0.498,0.8941
12256.0,0.407,0.4641,0.8711
12257.0,0.4098,0.4515,0.8613
12258.0,0.5253,0.448,0.9733
12259.0,0.4681,0.4573,0.9254
12260.0,0.4136,0.4586,0.8722000000000001
12261.0,0.4293,0.4643,0.8936
12262.0,0.5009,0.4643,0.9652000000000001
12263.0,0.6279,0.4587,1.0866
12264.0,2.8775,0.6844,3.5619
12265.0,0.4607,0.5005,0.9611999999999999
12266.0,0.5568,0.5388,1.0956
12267.0,0.4967,0.5786,1.0753
12268.0,0.5668,0.5671,1.1339000000000001
12269.0,0.7163,0.5045,1.2208
12270.0,0.6902,0.4934,1.1836
12271.0,0.6418,0.5176,1.1594
12272.0,0.4926,0.542,1.0346
12273.0,0.4964,0.5779,1.0743
12274.0,0.6339,0.5656,1.1995
12275.0,0.4718,0.5809,1.0527
12276.0,0.4951,0.5549,1.0499999999999998
12277.0,0.5794,0.5073,1.0867
12278.0,0.0072,1.0002,1.0074
12279.0,0.4644,0.5252,0.9896
12280.0,0.6482,0.5352,1.1834
12281.0,0.5113,0.5418,1.0531
12282.0,0.5517,0.5416,1.0933
12283.0,0.5498,0.5463,1.0960999999999999
12284.0,0.6828,0.5399,1.2227000000000001
12285.0,0.3947,0.5441,0.9388000000000001
12286.0,0.5026,0.5339,1.0365000000000002
12287.0,0.5063,0.537,1.0433
12288.0,0.4128,0.5433,0.9561
12289.0,0.7142,0.4881,1.2023
12290.0,0.4439,0.5192,0.9631000000000001
12291.0,0.5567,0.5198,1.0765
12292.0,0.1766,0.1553,0.3319
12293.0,0.4203,0.4674,0.8876999999999999
12294.0,0.3945,0.5083,0.9028
12295.0,0.4091,0.517,0.9261
12296.0,0.4266,0.5231,0.9497
12297.0,0.4229,0.4974,0.9203
12298.0,0.4101,0.4793,0.8894
12299.0,0.4483,0.462,0.9103
12300.0,0.4379,0.4889,0.9268000000000001
12301.0,0.5267,0.4936,1.0203
12302.0,0.5195,0.483,1.0025
12303.0,0.4103,0.5046,0.9149
12304.0,0.5582,0.4923,1.0505
12305.0,0.4129,0.4641,0.877
12306.0,0.0452,0.077,0.1222
12307.0,0.4863,0.4853,0.9716
12308.0,0.4595,0.4889,0.9484
12309.0,0.3899,0.4763,0.8662000000000001
12310.0,0.506,0.4727,0.9787
12311.0,0.3696,0.4723,0.8419
12312.0,0.4076,0.4779,0.8855
12313.0,0.5306,0.4776,1.0082
12314.0,0.5071,0.4603,0.9674
12315.0,0.5313,0.4693,1.0006
12316.0,0.5394,0.46,0.9994000000000001
12317.0,0.4443,0.4554,0.8996999999999999
12318.0,0.4563,0.4589,0.9152
12319.0,0.3935,0.4724,0.8659
12320.0,0.0242,0.6558,0.68
12321.0,0.4234,0.4691,0.8925000000000001
12322.0,0.4901,0.4634,0.9535
12323.0,0.4012,0.481,0.8822
12324.0,0.4068,0.4818,0.8886000000000001
12325.0,0.5111,0.4709,0.982
12326.0,0.578,0.4536,1.0316
12327.0,0.4612,0.4449,0.9061
12328.0,0.4373,0.4572,0.8945000000000001
12329.0,0.4862,0.4546,0.9408000000000001
12330.0,0.4759,0.4599,0.9358
12331.0,0.5518,0.4619,1.0137
12332.0,0.4459,0.441,0.8869
12333.0,0.425,0.4651,0.8901
12334.0,0.3197,0.4516,0.7713
12335.0,0.5017,0.4599,0.9616
12336.0,0.5711,0.5176,1.0887
12337.0,0.4048,0.5632,0.968
12338.0,0.5009,0.5419,1.0428000000000002
12339.0,0.4405,0.5271,0.9676
12340.0,0.3753,0.4884,0.8637
12341.0,0.489,0.4821,0.9711
12342.0,0.5296,0.4734,1.003
12343.0,0.4609,0.4702,0.9311
12344.0,0.3847,0.4921,0.8768
12345.0,0.4099,0.5048,0.9147000000000001
12346.0,0.4152,0.5122,0.9274
12347.0,0.3808,0.4719,0.8527
12348.0,0.0296,0.5637,0.5932999999999999
12349.0,0.4837,0.4859,0.9696
12350.0,0.4287,0.5339,0.9626000000000001
12351.0,0.3418,0.5243,0.8661
12352.0,0.343,0.5433,0.8863000000000001
12353.0,0.4476,0.5281,0.9757
12354.0,0.6201,0.5044,1.1244999999999998
12355.0,0.4085,0.506,0.9145
12356.0,0.3697,0.503,0.8727
12357.0,0.6259,0.4897,1.1156000000000001
12358.0,0.5299,0.5036,1.0335
12359.0,0.4435,0.5152,0.9587
12360.0,0.4094,0.4939,0.9033
12361.0,0.4915,0.4923,0.9838
12362.0,0.1419,0.3845,0.5264
12363.0,0.4592,0.4809,0.9400999999999999
12364.0,0.4538,0.5057,0.9595
12365.0,0.5013,0.4965,0.9978
12366.0,0.4277,0.4759,0.9036
12367.0,0.5821,0.4698,1.0518999999999998
12368.0,0.6072,0.462,1.0692
12369.0,0.5122,0.4685,0.9807
12370.0,0.3683,0.4476,0.8159000000000001
12371.0,0.3996,0.4494,0.849
12372.0,0.4409,0.4632,0.9041
12373.0,0.4033,0.4578,0.8611
12374.0,0.4598,0.4726,0.9324
12375.0,0.4189,0.4769,0.8957999999999999
12376.0,0.0,0.0835,0.0835
12377.0,0.5208,0.4518,0.9726
12378.0,0.4538,0.457,0.9108
12379.0,0.5284,0.4608,0.9892
12380.0,0.3565,0.4726,0.8291
12381.0,0.4838,0.4748,0.9586
12382.0,0.4223,0.458,0.8803000000000001
12383.0,0.4429,0.436,0.8789
12384.0,0.3845,0.459,0.8435
12385.0,0.3995,0.4523,0.8518
12386.0,0.4239,0.4505,0.8744000000000001
12387.0,0.6484,0.4713,1.1197
12388.0,0.5668,0.4457,1.0125
12389.0,0.4461,0.4663,0.9124
12390.0,0.0002,0.1454,0.1456
12391.0,0.4622,0.4516,0.9138
12392.0,0.3702,0.4634,0.8335999999999999
12393.0,0.5572,0.4793,1.0365
12394.0,0.5078,0.4674,0.9752000000000001
12395.0,0.516,0.4526,0.9686
12396.0,0.592,0.4694,1.0614
12397.0,0.3897,0.4247,0.8144
12398.0,1.2081,0.4338,1.6419
12399.0,0.3898,0.452,0.8418
12400.0,0.4135,0.4324,0.8459
12401.0,0.4101,0.4608,0.8709
12402.0,0.5667,0.4478,1.0145
12403.0,0.4825,0.4379,0.9204
12404.0,0.0057,0.0688,0.0745
12405.0,0.4351,0.4407,0.8757999999999999
12406.0,0.5106,0.4348,0.9454
12407.0,0.6749,0.4749,1.1498
12408.0,0.6372,0.44,1.0772
12409.0,0.5578,0.4509,1.0087
12410.0,0.3854,0.4393,0.8247
12411.0,0.4107,0.4355,0.8462000000000001
12412.0,0.4194,0.4242,0.8436
12413.0,0.4152,0.4401,0.8553
12414.0,0.4893,0.4249,0.9142
12415.0,0.6347,0.4481,1.0828
12416.0,0.3783,0.4335,0.8118000000000001
12417.0,0.4302,0.4156,0.8458000000000001
12418.0,0.0032,1.3486,1.3518000000000001
12419.0,0.3914,0.4349,0.8263
12420.0,0.4703,0.4267,0.897
12421.0,0.4681,0.4218,0.8899
12422.0,0.3848,0.4538,0.8386
12423.0,0.8062,0.4328,1.239
12424.0,0.4772,0.46,0.9372
12425.0,0.3873,0.4399,0.8271999999999999
12426.0,0.4308,0.4642,0.895
12427.0,0.543,0.4659,1.0089000000000001
12428.0,0.5131,0.4683,0.9814
12429.0,0.3596,0.4381,0.7977
12430.0,0.4244,0.4394,0.8638
12431.0,0.3593,0.4373,0.7966
12432.0,0.1067,0.3117,0.4184
12433.0,0.362,0.4633,0.8252999999999999
12434.0,0.3846,0.4396,0.8242
12435.0,0.4717,0.4511,0.9228000000000001
12436.0,0.3905,0.4439,0.8344
12437.0,0.4609,0.432,0.8929
12438.0,1.0938,0.4495,1.5433000000000001
12439.0,0.4186,0.4261,0.8447
12440.0,0.3798,0.426,0.8058000000000001
12441.0,0.5549,0.4195,0.9743999999999999
12442.0,0.6118,0.4413,1.0531000000000001
12443.0,0.4322,0.4526,0.8848
12444.0,0.4387,0.4254,0.8641
12445.0,0.4939,0.4425,0.9364
12446.0,0.0074,0.0545,0.0619
12447.0,0.5173,0.4558,0.9731
12448.0,0.7286,0.446,1.1746
12449.0,0.4149,0.4369,0.8518
12450.0,0.5102,0.4635,0.9737
12451.0,0.4944,0.4602,0.9546
12452.0,0.3786,0.4266,0.8051999999999999
12453.0,0.372,0.4403,0.8123
12454.0,0.5503,0.4224,0.9727
12455.0,0.6083,0.4599,1.0682
12456.0,0.4805,0.4328,0.9133
12457.0,0.4007,0.4543,0.855
12458.0,0.376,0.4174,0.7934
12459.0,0.431,0.4194,0.8504
12460.0,0.0889,0.7082,0.7971
12461.0,0.361,0.4487,0.8097
12462.0,0.412,0.4314,0.8433999999999999
12463.0,0.4922,0.4349,0.9271
12464.0,0.407,0.427,0.834
12465.0,0.4434,0.4387,0.8821
12466.0,0.4458,0.4494,0.8952
12467.0,0.4833,0.4191,0.9024
12468.0,0.4512,0.4348,0.886
12469.0,0.4932,0.4542,0.9474
12470.0,0.4312,0.4241,0.8553
12471.0,0.4975,0.4242,0.9217
12472.0,0.4265,0.4588,0.8853
12473.0,0.6114,0.424,1.0354
12474.0,0.111,0.0677,0.1787
12475.0,0.5797,0.421,1.0007
12476.0,0.4695,0.4341,0.9036
12477.0,0.4714,0.4234,0.8948
12478.0,0.4402,0.462,0.9022
12479.0,0.5876,0.4309,1.0185
12480.0,0.3717,0.4376,0.8092999999999999
12481.0,0.4728,0.4439,0.9167000000000001
12482.0,0.4415,0.4369,0.8784000000000001
12483.0,0.4068,0.4181,0.8249
12484.0,0.4012,0.4292,0.8304
12485.0,0.4293,0.4724,0.9017
12486.0,0.5734,0.4197,0.9931000000000001
12487.0,0.3756,0.4143,0.7899
12488.0,0.0681,0.2645,0.3326
12489.0,0.4435,0.4386,0.8821
12490.0,0.4822,0.4655,0.9477
12491.0,0.4977,0.4734,0.9711
12492.0,0.4996,0.4701,0.9697
12493.0,0.4039,0.444,0.8479
12494.0,0.4444,0.4449,0.8893
12495.0,0.417,0.4558,0.8728
12496.0,0.533,0.4555,0.9885
12497.0,0.4365,0.4389,0.8754
12498.0,0.544,0.4542,0.9982
12499.0,0.4869,0.438,0.9249
12500.0,0.3858,0.4635,0.8492999999999999
12501.0,0.5801,0.4425,1.0226
12502.0,0.0025,1.7827,1.7852
12503.0,0.422,0.4427,0.8647
12504.0,0.3857,0.4391,0.8248
12505.0,0.4643,0.4786,0.9429000000000001
12506.0,0.3522,0.4648,0.817
12507.0,0.5145,0.4751,0.9896
12508.0,0.4514,0.435,0.8864000000000001
12509.0,0.4521,0.455,0.9071
12510.0,0.4228,0.4501,0.8729
12511.0,0.5443,0.4377,0.982
12512.0,0.5379,0.4521,0.99
12513.0,0.3692,0.4567,0.8259
12514.0,0.3035,0.4443,0.7478
12515.0,0.428,0.4599,0.8878999999999999
12516.0,0.3879,1.1866,1.5745
12517.0,0.5688,0.4402,1.009
12518.0,0.4012,0.4393,0.8405
12519.0,0.3649,0.4531,0.8180000000000001
12520.0,0.4829,0.4565,0.9394
12521.0,0.506,0.4555,0.9615
12522.0,0.5499,0.4508,1.0007000000000001
12523.0,0.4436,0.4595,0.9031
12524.0,0.3988,0.4616,0.8604
12525.0,0.3308,0.4372,0.768
12526.0,0.6221,0.4319,1.054
12527.0,0.6188,0.4706,1.0894
12528.0,0.4121,0.435,0.8471
12529.0,0.5828,0.4423,1.0251000000000001
12530.0,0.2488,0.2971,0.5458999999999999
12531.0,0.5455,0.4516,0.9971
12532.0,0.3608,0.4743,0.8351
12533.0,0.5584,0.4764,1.0348
12534.0,0.3739,0.4878,0.8617
12535.0,0.4875,0.455,0.9425
12536.0,0.3939,0.4613,0.8552
12537.0,0.3696,0.441,0.8106
12538.0,0.4757,0.4503,0.9259999999999999
12539.0,0.4335,0.4397,0.8732
12540.0,0.4029,0.4634,0.8663
12541.0,0.4581,0.4461,0.9042
12542.0,0.4651,0.4539,0.919
12543.0,0.4994,0.434,0.9334
12544.0,0.0304,0.2522,0.28259999999999996
12545.0,0.4815,0.45,0.9315
12546.0,0.3788,0.4485,0.8273
12547.0,0.5313,0.4725,1.0038
12548.0,0.3847,0.4662,0.8509
12549.0,0.4135,0.4393,0.8528
12550.0,0.3846,0.4435,0.8281000000000001
12551.0,0.4524,0.4537,0.9061
12552.0,0.3757,0.4523,0.828
12553.0,0.449,0.4291,0.8781
12554.0,0.4006,0.4322,0.8328
12555.0,0.4868,0.4434,0.9302
12556.0,0.4608,0.4105,0.8713
12557.0,0.4494,0.4437,0.8931
12558.0,0.0032,0.7527,0.7559
12559.0,0.5984,0.4439,1.0423
12560.0,0.4177,0.463,0.8807
12561.0,0.3923,0.4875,0.8797999999999999
12562.0,0.3995,0.4866,0.8861
12563.0,0.4836,0.4754,0.959
12564.0,0.435,0.4949,0.9299
12565.0,0.3608,0.4857,0.8465
12566.0,0.4531,0.467,0.9201
12567.0,0.399,0.4828,0.8818
12568.0,0.472,0.4614,0.9334
12569.0,0.4701,0.4968,0.9669000000000001
12570.0,0.3883,0.448,0.8363
12571.0,0.3407,0.4599,0.8006
12572.0,0.0182,0.4444,0.4626
12573.0,0.4064,0.4489,0.8553
12574.0,0.4519,0.4913,0.9432
12575.0,0.3852,0.4979,0.8831
12576.0,0.3945,0.4801,0.8746
12577.0,0.544,0.4898,1.0338
12578.0,0.4409,0.4612,0.9021
12579.0,0.5431,0.4531,0.9962
12580.0,0.5316,0.4397,0.9712999999999999
12581.0,0.5057,0.4667,0.9724
12582.0,0.4089,0.4759,0.8848
12583.0,0.4317,0.453,0.8847
12584.0,0.3408,0.4662,0.8069999999999999
12585.0,0.3926,0.4746,0.8672
12586.0,0.0692,0.3645,0.4337
12587.0,0.495,0.4333,0.9283
12588.0,0.349,0.4436,0.7926
12589.0,0.4736,0.4443,0.9178999999999999
12590.0,0.5315,0.4254,0.9569
12591.0,0.4293,0.4487,0.878
12592.0,0.4882,0.4501,0.9383
12593.0,0.6102,0.4371,1.0473
12594.0,0.5097,0.4601,0.9698
12595.0,0.5082,0.427,0.9352
12596.0,0.4225,0.4366,0.8591
12597.0,0.3514,0.4302,0.7816000000000001
12598.0,0.5019,0.445,0.9469000000000001
12599.0,0.4139,0.4354,0.8492999999999999
12600.0,0.3575,0.3441,0.7016
12601.0,0.4848,0.4261,0.9109
12602.0,0.3698,0.4355,0.8053
12603.0,0.6185,0.4524,1.0709
12604.0,0.43,0.4618,0.8917999999999999
12605.0,0.3895,0.4206,0.8101
12606.0,0.559,0.4489,1.0079
12607.0,0.4925,0.4356,0.9280999999999999
12608.0,0.5117,0.43,0.9417
12609.0,0.5196,0.4523,0.9719
12610.0,0.5064,0.4492,0.9556
12611.0,0.5527,0.4438,0.9964999999999999
12612.0,0.4258,0.4344,0.8602000000000001
12613.0,0.5542,0.4425,0.9967
12614.0,0.1047,0.0835,0.1882
12615.0,0.493,0.4636,0.9566
12616.0,0.3709,0.4447,0.8156
12617.0,0.4747,0.4484,0.9231
12618.0,0.3694,0.4618,0.8311999999999999
12619.0,0.6169,0.4419,1.0588
12620.0,0.4209,0.4442,0.8651
12621.0,0.4892,0.4455,0.9347000000000001
12622.0,0.5894,0.4441,1.0335
12623.0,0.4586,0.4242,0.8828
12624.0,0.6828,0.4331,1.1159
12625.0,0.4318,0.428,0.8598
12626.0,0.3789,0.4252,0.8041
12627.0,0.4019,0.4451,0.847
12628.0,0.0191,0.6232,0.6423
12629.0,0.6005,0.4417,1.0422
12630.0,0.5538,0.4743,1.0281
12631.0,0.4245,0.4972,0.9217
12632.0,0.4455,0.5077,0.9532
12633.0,0.4354,0.4863,0.9217
12634.0,0.4228,0.4627,0.8855
12635.0,0.4825,0.4531,0.9356
12636.0,0.4447,0.4739,0.9186
12637.0,0.4826,0.4251,0.9077
12638.0,0.3634,0.4665,0.8299000000000001
12639.0,0.4907,0.459,0.9497
12640.0,0.5502,0.4448,0.995
12641.0,0.4398,0.4382,0.878
12642.0,0.0368,0.2154,0.2522
12643.0,0.4945,0.4327,0.9272
12644.0,0.4184,0.4503,0.8687
12645.0,0.4128,0.4452,0.858
12646.0,0.3937,0.4484,0.8421000000000001
12647.0,0.485,0.4469,0.9319
12648.0,0.4236,0.4521,0.8756999999999999
12649.0,0.44,0.4498,0.8897999999999999
12650.0,0.4501,0.4528,0.9029
12651.0,0.5121,0.4379,0.95
12652.0,0.3965,0.4323,0.8288
12653.0,0.5375,0.4417,0.9792
12654.0,0.3452,0.4129,0.7581
12655.0,0.5358,0.4268,0.9626000000000001
12656.0,0.0579,0.3142,0.3721
12657.0,0.3721,0.4254,0.7975
12658.0,0.3915,0.4636,0.8551
12659.0,0.4206,0.4606,0.8812
12660.0,0.4085,0.4753,0.8837999999999999
12661.0,0.6874,0.4803,1.1677
12662.0,0.4566,0.4487,0.9053
12663.0,0.3606,0.4603,0.8209
12664.0,0.4196,0.446,0.8655999999999999
12665.0,0.4467,0.4357,0.8824
12666.0,0.4123,0.4323,0.8446
12667.0,0.4566,0.4379,0.8945000000000001
12668.0,0.3826,0.4541,0.8367
12669.0,0.5645,0.4401,1.0046
12670.0,0.0093,0.1499,0.1592
12671.0,0.499,0.4378,0.9368000000000001
12672.0,0.4277,0.4611,0.8888
12673.0,0.4363,0.4444,0.8807
12674.0,0.5542,0.4674,1.0216
12675.0,0.3814,0.4483,0.8297
12676.0,0.4162,0.459,0.8752
12677.0,0.5863,0.4331,1.0194
12678.0,0.3635,0.4516,0.8150999999999999
12679.0,0.3488,0.4558,0.8046
12680.0,0.5008,0.4544,0.9552
12681.0,0.3635,0.4125,0.776
12682.0,0.5248,0.4389,0.9637
12683.0,0.43,0.4188,0.8488
12684.0,0.722,0.2133,0.9353
12685.0,0.4219,0.4476,0.8694999999999999
12686.0,0.4872,0.4536,0.9408000000000001
12687.0,0.4649,0.4226,0.8875
12688.0,0.5768,0.4423,1.0191
12689.0,0.4724,0.4259,0.8983
12690.0,0.4802,0.4508,0.931
12691.0,0.7064,0.4288,1.1352
12692.0,0.573,0.4377,1.0107
12693.0,0.6012,0.4502,1.0514
12694.0,0.5479,0.4421,0.99
12695.0,0.4118,0.4572,0.869
12696.0,0.383,0.4242,0.8072
12697.0,0.3971,0.4157,0.8128
12698.0,0.005,0.1287,0.1337
12699.0,0.4454,0.4505,0.8959
12700.0,0.4238,0.455,0.8788
12701.0,0.6249,0.4459,1.0708
12702.0,0.4121,0.469,0.8811
12703.0,0.4271,0.4638,0.8909
12704.0,0.5275,0.4372,0.9646999999999999
12705.0,0.4534,0.4329,0.8863000000000001
12706.0,0.4724,0.4202,0.8926000000000001
12707.0,0.4651,0.4543,0.9194
12708.0,0.483,0.4404,0.9234
12709.0,0.3994,0.4332,0.8326
12710.0,0.3697,0.4335,0.8031999999999999
12711.0,0.465,0.4097,0.8747
12712.0,0.3545,0.7458,1.1003
12713.0,0.3809,0.4293,0.8102
12714.0,0.4538,0.4675,0.9213
12715.0,0.421,0.4496,0.8706
12716.0,0.4638,0.4507,0.9145
12717.0,0.4513,0.4272,0.8785000000000001
12718.0,0.4193,0.4671,0.8864000000000001
12719.0,0.4643,0.4473,0.9116
12720.0,0.4773,0.436,0.9133
12721.0,0.4198,0.4397,0.8594999999999999
12722.0,0.4075,0.4241,0.8315999999999999
12723.0,0.4745,0.4183,0.8928
12724.0,0.4159,0.4658,0.8816999999999999
12725.0,0.3873,0.452,0.8392999999999999
12726.0,0.0179,0.0336,0.0515
12727.0,0.58,0.464,1.044
12728.0,0.3989,0.4375,0.8364
12729.0,0.3489,0.433,0.7819
12730.0,0.485,0.4492,0.9341999999999999
12731.0,0.4477,0.4568,0.9045
12732.0,0.3652,0.413,0.7782
12733.0,0.399,0.4379,0.8369
12734.0,0.4046,0.42,0.8246
12735.0,0.3599,0.4068,0.7666999999999999
12736.0,0.4534,0.3924,0.8458000000000001
12737.0,0.9245,0.4244,1.3489
12738.0,0.4529,0.4076,0.8605
12739.0,0.4372,0.4164,0.8535999999999999
12740.0,1.8146,0.6554,2.4699999999999998
12741.0,0.5642,0.4346,0.9988
12742.0,0.4956,0.471,0.9665999999999999
12743.0,0.4934,0.486,0.9794
12744.0,0.4399,0.4864,0.9263
12745.0,0.4859,0.4717,0.9576
12746.0,0.4859,0.4737,0.9596
12747.0,0.4942,0.4631,0.9573
12748.0,0.4246,0.4593,0.8838999999999999
12749.0,0.4291,0.4912,0.9203
12750.0,0.4153,0.4697,0.885
12751.0,0.5078,0.4914,0.9992000000000001
12752.0,0.3836,0.4822,0.8658
12753.0,0.3498,0.4813,0.8311
12754.0,0.2412,0.5115,0.7526999999999999
12755.0,0.4551,0.4809,0.9359999999999999
12756.0,0.3533,0.4912,0.8445
12757.0,0.5281,0.4948,1.0229
12758.0,0.4616,0.5147,0.9763000000000001
12759.0,0.4351,0.483,0.9180999999999999
12760.0,0.4834,0.4814,0.9648
12761.0,0.5047,0.4631,0.9678
12762.0,0.4802,0.458,0.9382
12763.0,0.5087,0.4602,0.9689000000000001
12764.0,0.488,0.4617,0.9497
12765.0,0.5534,0.461,1.0144
12766.0,0.4735,0.4668,0.9402999999999999
12767.0,0.4136,0.4526,0.8662000000000001
12768.0,0.0047,0.8008,0.8055
12769.0,0.4136,0.4441,0.8577
12770.0,0.4502,0.4621,0.9123
12771.0,0.4819,0.4505,0.9324
12772.0,0.4747,0.4572,0.9319
12773.0,0.3473,0.4525,0.7998000000000001
12774.0,0.6484,0.4745,1.1229
12775.0,0.4172,0.4573,0.8745
12776.0,0.561,0.4453,1.0063
12777.0,0.406,0.4413,0.8473
12778.0,0.4016,0.4464,0.8480000000000001
12779.0,0.3743,0.4597,0.8340000000000001
12780.0,0.491,0.4408,0.9318
12781.0,0.5012,0.4363,0.9375
12782.0,0.0001,0.9302,0.9303
12783.0,0.6592,0.4498,1.109
12784.0,0.4019,0.4823,0.8842
12785.0,0.5856,0.5215,1.1071
12786.0,0.4298,0.5425,0.9722999999999999
12787.0,0.3997,0.5337,0.9334
12788.0,0.4025,0.5021,0.9046000000000001
12789.0,0.4716,0.5015,0.9731
12790.0,0.3525,0.4695,0.822
12791.0,0.5403,0.4939,1.0342
12792.0,0.6769,0.4785,1.1554
12793.0,0.364,0.4994,0.8634
12794.0,0.3413,0.4786,0.8199000000000001
12795.0,0.3843,0.4771,0.8613999999999999
12796.0,0.0463,0.6867,0.733
12797.0,0.396,0.4555,0.8515
12798.0,0.4179,0.4903,0.9082
12799.0,0.4162,0.4904,0.9066000000000001
12800.0,0.4818,0.4901,0.9719
12801.0,0.4649,0.4781,0.9430000000000001
12802.0,0.3986,0.4755,0.8741
12803.0,0.3943,0.4532,0.8474999999999999
12804.0,0.3699,0.4514,0.8213
12805.0,0.4895,0.4483,0.9378
12806.0,0.4024,0.4514,0.8538
12807.0,0.4158,0.4707,0.8865000000000001
12808.0,0.3643,0.4736,0.8379000000000001
12809.0,0.4738,0.4555,0.9293
12810.0,0.0381,0.1033,0.1414
12811.0,0.4591,0.4456,0.9047000000000001
12812.0,0.5096,0.4537,0.9633
12813.0,0.5979,0.4582,1.0561
12814.0,0.6014,0.4493,1.0507
12815.0,0.4232,0.4432,0.8664000000000001
12816.0,0.5168,0.45,0.9668000000000001
12817.0,0.4625,0.4661,0.9286000000000001
12818.0,0.4335,0.4255,0.859
12819.0,0.5136,0.4274,0.941
12820.0,0.4387,0.4345,0.8732
12821.0,0.4777,0.4542,0.9319
12822.0,0.366,0.4242,0.7902
12823.0,0.5733,0.447,1.0203
12824.0,0.5474,0.1785,0.7259
12825.0,0.5104,0.436,0.9463999999999999
12826.0,0.4388,0.4481,0.8869
12827.0,0.3807,0.4604,0.8411
12828.0,0.4945,0.4395,0.9339999999999999
12829.0,0.476,0.4458,0.9218
12830.0,0.4391,0.4368,0.8759
12831.0,0.5139,0.4287,0.9426000000000001
12832.0,0.4984,0.447,0.9454
12833.0,0.3708,0.4289,0.7997000000000001
12834.0,0.4297,0.4111,0.8408
12835.0,0.5239,0.4407,0.9646
12836.0,0.4328,0.436,0.8688
12837.0,0.4447,0.4258,0.8705
12838.0,0.4567,0.1573,0.614
12839.0,0.601,0.4236,1.0246
12840.0,0.4741,0.4374,0.9115
12841.0,0.7328,0.4465,1.1793
12842.0,0.54,0.4452,0.9852000000000001
12843.0,0.4249,0.4427,0.8675999999999999
12844.0,0.4142,0.4856,0.8997999999999999
12845.0,0.6098,0.4547,1.0645
12846.0,0.4083,0.4356,0.8439
12847.0,0.3459,0.4444,0.7903
12848.0,0.43,0.4497,0.8796999999999999
12849.0,0.4909,0.4683,0.9592
12850.0,0.3559,0.4237,0.7796000000000001
12851.0,0.5028,0.4326,0.9354
12852.0,0.0333,0.7055,0.7388
12853.0,0.4539,0.4392,0.8931
12854.0,0.4063,0.4661,0.8724000000000001
12855.0,0.3886,0.4801,0.8687
12856.0,0.421,0.4883,0.9093
12857.0,0.3685,0.4788,0.8472999999999999
12858.0,0.6408,0.4428,1.0836000000000001
12859.0,0.5121,0.4309,0.9430000000000001
12860.0,0.4335,0.4348,0.8683000000000001
12861.0,0.4221,0.4521,0.8742
12862.0,0.3466,0.4413,0.7879
12863.0,0.4416,0.485,0.9266
12864.0,0.3785,0.4448,0.8232999999999999
12865.0,0.4657,0.4589,0.9246
12866.0,0.3628,0.3394,0.7021999999999999
12867.0,0.4724,0.4382,0.9106
12868.0,0.5686,0.4419,1.0105
12869.0,0.3185,0.4465,0.765
12870.0,0.4329,0.444,0.8769
12871.0,0.4383,0.4499,0.8882000000000001
12872.0,0.6471,0.4551,1.1022
12873.0,0.516,0.4513,0.9673
12874.0,0.5697,0.4436,1.0133
12875.0,0.4454,0.4391,0.8845000000000001
12876.0,0.4274,0.4583,0.8856999999999999
12877.0,0.4789,0.4594,0.9382999999999999
12878.0,0.458,0.4289,0.8869
12879.0,0.6207,0.44,1.0607
12880.0,0.4122,1.0131,1.4253
12881.0,0.5489,0.4253,0.9742000000000001
12882.0,0.472,0.4581,0.9300999999999999
12883.0,0.4071,0.4729,0.88
12884.0,0.5149,0.4527,0.9676
12885.0,0.5868,0.4589,1.0457
12886.0,0.476,0.4583,0.9342999999999999
12887.0,0.4095,0.4422,0.8516999999999999
12888.0,0.4577,0.4458,0.9035
12889.0,0.3775,0.4577,0.8351999999999999
12890.0,0.4234,0.4675,0.8909
12891.0,0.4198,0.4373,0.8571
12892.0,0.3648,0.4476,0.8124
12893.0,0.3625,0.4655,0.8280000000000001
12894.0,0.9867,0.3224,1.3091
12895.0,0.4442,0.4382,0.8824
12896.0,0.5263,0.4477,0.974
12897.0,0.6973,0.4814,1.1787
12898.0,0.6,0.478,1.0779999999999998
12899.0,0.4687,0.4733,0.942
12900.0,0.3518,0.4474,0.7992
12901.0,0.6764,0.442,1.1184
12902.0,0.3974,0.4422,0.8395999999999999
12903.0,0.4232,0.4452,0.8684000000000001
12904.0,0.4044,0.4512,0.8555999999999999
12905.0,0.4832,0.4607,0.9439
12906.0,0.5402,0.4698,1.01
12907.0,0.4281,0.4334,0.8614999999999999
12908.0,0.0367,0.143,0.1797
12909.0,0.4493,0.4625,0.9117999999999999
12910.0,0.4876,0.4776,0.9652000000000001
12911.0,0.4601,0.4688,0.9289000000000001
12912.0,0.4931,0.4755,0.9685999999999999
12913.0,0.422,0.4775,0.8995
12914.0,0.4075,0.4711,0.8786
12915.0,0.4224,0.4514,0.8738
12916.0,0.4437,0.4324,0.8761
12917.0,0.3969,0.4543,0.8512
12918.0,0.5358,0.4446,0.9804
12919.0,0.5182,0.4395,0.9577
12920.0,0.4677,0.4434,0.9111
12921.0,0.403,0.4448,0.8478
12922.0,0.8407,1.2198,2.0605
12923.0,0.6001,0.4547,1.0548
12924.0,0.574,0.4759,1.0499
12925.0,0.8027,0.4966,1.2993
12926.0,0.6717,0.5071,1.1787999999999998
12927.0,0.7833,0.5093,1.2926
12928.0,0.6078,0.4768,1.0846
12929.0,0.6337,0.4694,1.1031
12930.0,0.5629,0.4924,1.0553
12931.0,0.5563,0.5054,1.0617
12932.0,0.738,0.5311,1.2691
12933.0,0.5645,0.5279,1.0924
12934.0,0.5482,0.5146,1.0628
12935.0,0.6792,0.5029,1.1821000000000002
12936.0,0.0755,0.6933,0.7688
12937.0,0.6622,0.4755,1.1377
12938.0,0.4213,0.4917,0.913
12939.0,0.4965,0.5225,1.019
12940.0,0.4935,0.5338,1.0273
12941.0,0.6106,0.5093,1.1199
12942.0,0.4803,0.4756,0.9559
12943.0,0.4865,0.4932,0.9797
12944.0,0.554,0.4885,1.0425
12945.0,0.4626,0.4705,0.9331
12946.0,0.6059,0.4953,1.1012
12947.0,0.5232,0.4805,1.0037
12948.0,0.4683,0.4774,0.9457
12949.0,0.4092,0.4577,0.8669
12950.0,0.0051,0.8111,0.8162
12951.0,0.4992,0.4646,0.9638
12952.0,0.5682,0.4638,1.032
12953.0,0.4144,0.5042,0.9186
12954.0,0.5395,0.4916,1.0311
12955.0,0.7379,0.4807,1.2186
12956.0,0.4687,0.4722,0.9409000000000001
12957.0,0.5434,0.4525,0.9959
12958.0,0.5495,0.4754,1.0249
12959.0,0.3672,0.4672,0.8344
12960.0,0.5242,0.4572,0.9814
12961.0,0.727,0.4707,1.1977
12962.0,0.4007,0.4628,0.8634999999999999
12963.0,0.4319,0.453,0.8849
12964.0,0.3185,0.1093,0.4278
12965.0,0.5429,0.4702,1.0131000000000001
12966.0,0.4433,0.4452,0.8885000000000001
12967.0,0.4034,0.449,0.8524
12968.0,0.4687,0.4659,0.9346
12969.0,0.4754,0.4475,0.9229
12970.0,0.6389,0.4411,1.08
12971.0,0.5267,0.463,0.9897
12972.0,0.3744,0.4366,0.8109999999999999
12973.0,0.482,0.4554,0.9374
12974.0,0.5294,0.4617,0.9911
12975.0,0.5275,0.4582,0.9857
12976.0,0.4835,0.4329,0.9164
12977.0,0.3868,0.4384,0.8251999999999999
12978.0,2.0346,0.1862,2.2208
12979.0,0.4144,0.4559,0.8703000000000001
12980.0,0.5197,0.4566,0.9763000000000001
12981.0,0.6907,0.4812,1.1719
12982.0,0.537,0.4482,0.9852000000000001
12983.0,0.7061,0.4724,1.1784999999999999
12984.0,0.4438,0.4583,0.9020999999999999
12985.0,0.438,0.4474,0.8854
12986.0,0.5389,0.4691,1.008
12987.0,0.5294,0.4713,1.0007
12988.0,0.5647,0.4715,1.0362
12989.0,0.3387,0.4704,0.8090999999999999
12990.0,0.5809,0.4755,1.0564
12991.0,0.6834,0.442,1.1254
12992.0,0.0343,0.382,0.4163
12993.0,0.5145,0.4612,0.9757
12994.0,0.4338,0.4594,0.8932
12995.0,0.4442,0.4766,0.9208000000000001
12996.0,0.5374,0.4715,1.0089
12997.0,0.4057,0.4802,0.8859
12998.0,0.4689,0.4837,0.9526
12999.0,0.6489,0.4657,1.1146
13000.0,0.4664,0.467,0.9334
13001.0,0.4557,0.4567,0.9124
13002.0,0.6149,0.4487,1.0636
13003.0,0.4636,0.458,0.9216
13004.0,0.5808,0.4472,1.028
13005.0,0.4421,0.4562,0.8983
13006.0,0.0001,0.0589,0.059000000000000004
13007.0,0.5314,0.4533,0.9846999999999999
13008.0,0.6934,0.471,1.1644
13009.0,0.3902,0.4581,0.8483
13010.0,0.4205,0.4643,0.8848
13011.0,0.5486,0.4544,1.0030000000000001
13012.0,0.4103,0.4398,0.8501000000000001
13013.0,0.4973,0.4376,0.9349000000000001
13014.0,0.4687,0.4518,0.9205
13015.0,0.3987,0.4335,0.8322
13016.0,0.3846,0.4207,0.8053
13017.0,0.4197,0.4348,0.8545
13018.0,0.6663,0.4334,1.0997
13019.0,0.4272,0.444,0.8712
13020.0,0.2139,0.7615,0.9753999999999999
13021.0,0.3662,0.4395,0.8057000000000001
13022.0,0.4345,0.4577,0.8922
13023.0,0.4471,0.4669,0.9139999999999999
13024.0,0.5024,0.4407,0.9430999999999999
13025.0,0.5526,0.4456,0.9982
13026.0,0.598,0.4414,1.0394
13027.0,0.4065,0.4461,0.8526
13028.0,0.4422,0.4428,0.885
13029.0,0.4603,0.4335,0.8937999999999999
13030.0,0.4966,0.4431,0.9397
13031.0,0.2989,0.4468,0.7457
13032.0,0.4478,0.4324,0.8802
13033.0,0.7986,0.4481,1.2467
13034.0,0.1723,0.1194,0.2917
13035.0,0.5873,0.432,1.0193
13036.0,0.477,0.4564,0.9334
13037.0,0.4244,0.4719,0.8963
13038.0,0.4091,0.4666,0.8757
13039.0,0.4896,0.4687,0.9582999999999999
13040.0,0.4513,0.451,0.9023
13041.0,0.4676,0.4181,0.8857
13042.0,0.5089,0.462,0.9709000000000001
13043.0,0.3862,0.4284,0.8146
13044.0,0.5031,0.4409,0.944
13045.0,0.4778,0.4467,0.9245
13046.0,0.5494,0.447,0.9964
13047.0,0.4529,0.42,0.8729
13048.0,0.0478,0.4182,0.466
13049.0,0.4563,0.4274,0.8836999999999999
13050.0,0.4519,0.4677,0.9196
13051.0,0.4105,0.4752,0.8856999999999999
13052.0,0.4592,0.4512,0.9104
13053.0,0.3882,0.4455,0.8337
13054.0,0.4109,0.4443,0.8552
13055.0,0.5189,0.433,0.9519
13056.0,0.3658,0.4332,0.7989999999999999
13057.0,0.5545,0.4418,0.9963
13058.0,0.4789,0.414,0.8929
13059.0,0.4315,0.4265,0.858
13060.0,0.4385,0.4357,0.8742
13061.0,0.4677,0.4282,0.8959
13062.0,0.0539,1.2297,1.2836
13063.0,0.4644,0.408,0.8724
13064.0,0.3661,0.43,0.7961
13065.0,0.3904,0.4273,0.8177000000000001
13066.0,0.3677,0.4449,0.8126
13067.0,0.4956,0.4613,0.9569
13068.0,0.4718,0.4348,0.9066000000000001
13069.0,0.4939,0.4453,0.9392
13070.0,0.3739,0.4361,0.81
13071.0,0.4327,0.4241,0.8568
13072.0,0.4091,0.4353,0.8444
13073.0,0.5388,0.4285,0.9672999999999999
13074.0,0.5464,0.4562,1.0026
13075.0,0.427,0.4215,0.8485
13076.0,0.0232,0.1188,0.14200000000000002
13077.0,0.3773,0.4171,0.7944
13078.0,0.5146,0.4638,0.9783999999999999
13079.0,0.3961,0.4494,0.8455
13080.0,0.4475,0.4662,0.9137
13081.0,0.3639,0.4347,0.7986
13082.0,0.4452,0.4334,0.8786
13083.0,0.351,0.4165,0.7675
13084.0,0.4364,0.4219,0.8583000000000001
13085.0,0.4586,0.4474,0.906
13086.0,0.3076,0.4259,0.7335
13087.0,0.4678,0.4513,0.9191
13088.0,0.4712,0.4329,0.9041
13089.0,0.4088,0.4275,0.8363
13090.0,0.0162,0.3889,0.4051
13091.0,0.4334,0.4199,0.8533
13092.0,0.4076,0.4356,0.8432
13093.0,0.3819,0.4635,0.8454
13094.0,0.5831,0.4456,1.0287
13095.0,0.5111,0.4644,0.9755
13096.0,0.4784,0.4494,0.9278
13097.0,0.4164,0.4007,0.8170999999999999
13098.0,0.5706,0.416,0.9865999999999999
13099.0,0.3678,0.4264,0.7942
13100.0,0.3921,0.4346,0.8267
13101.0,0.3904,0.4521,0.8425
13102.0,0.7022,0.4597,1.1619000000000002
13103.0,0.4479,0.4572,0.9051
13104.0,0.2785,0.9538,1.2323
13105.0,0.4239,0.4492,0.8731
13106.0,0.4534,0.4352,0.8886000000000001
13107.0,0.6097,0.4575,1.0672000000000001
13108.0,0.4252,0.4332,0.8584
13109.0,0.5515,0.4486,1.0001
13110.0,0.4389,0.445,0.8839
13111.0,0.4835,0.4598,0.9433
13112.0,0.4544,0.43,0.8844000000000001
13113.0,0.4124,0.4339,0.8463
13114.0,0.4867,0.4359,0.9226000000000001
13115.0,0.4278,0.4284,0.8562000000000001
13116.0,0.4435,0.43,0.8734999999999999
13117.0,0.4151,0.4422,0.8573
13118.0,0.0019,0.0552,0.0571
13119.0,0.5033,0.4292,0.9325
13120.0,0.4905,0.4409,0.9314
13121.0,0.7563,0.4337,1.19
13122.0,0.4138,0.4378,0.8516
13123.0,0.4657,0.4278,0.8935
13124.0,0.4888,0.4295,0.9183
13125.0,0.6619,0.4297,1.0916000000000001
13126.0,0.4554,0.4361,0.8915
13127.0,0.4019,0.4482,0.8501
13128.0,0.3742,0.4263,0.8005
13129.0,0.6058,0.4366,1.0424
13130.0,0.5281,0.4334,0.9615
13131.0,0.4609,0.4461,0.907
13132.0,0.0984,1.0643,1.1627
13133.0,0.3466,0.4159,0.7625
13134.0,0.8207,0.4588,1.2795
13135.0,0.4317,0.4757,0.9074
13136.0,0.4266,0.4854,0.9119999999999999
13137.0,0.4639,0.4918,0.9557
13138.0,0.4374,0.4725,0.9098999999999999
13139.0,0.5322,0.473,1.0051999999999999
13140.0,0.44,0.5042,0.9441999999999999
13141.0,0.4128,0.4881,0.9009
13142.0,0.3814,0.4716,0.853
13143.0,0.4825,0.4786,0.9611000000000001
13144.0,0.4658,0.4582,0.9239999999999999
13145.0,0.4321,0.4635,0.8956
13146.0,0.1316,0.3865,0.5181
13147.0,0.3859,0.4517,0.8376
13148.0,0.6191,0.4793,1.0984
13149.0,0.4495,0.4797,0.9292
13150.0,0.4236,0.5278,0.9514
13151.0,0.4949,0.501,0.9959
13152.0,0.4518,0.5006,0.9524
13153.0,0.4047,0.4625,0.8672
13154.0,0.398,0.463,0.861
13155.0,0.3976,0.4427,0.8403
13156.0,0.4769,0.465,0.9419
13157.0,0.3391,0.4682,0.8073
13158.0,0.6093,0.4492,1.0585
13159.0,0.3831,0.4754,0.8585
13160.0,0.0831,1.0334,1.1165
13161.0,0.5268,0.4724,0.9992000000000001
13162.0,0.4434,0.4615,0.9049
13163.0,0.5231,0.4741,0.9972000000000001
13164.0,0.4235,0.4838,0.9073
13165.0,0.3756,0.458,0.8336
13166.0,0.4456,0.4502,0.8957999999999999
13167.0,0.4228,0.4609,0.8836999999999999
13168.0,0.491,0.4396,0.9306
13169.0,0.4614,0.4221,0.8835
13170.0,0.51,0.4389,0.9489000000000001
13171.0,0.4122,0.447,0.8592
13172.0,0.4353,0.4389,0.8742000000000001
13173.0,0.4126,0.4614,0.874
13174.0,0.0184,0.8047,0.8230999999999999
13175.0,0.3251,0.4329,0.758
13176.0,0.4363,0.4225,0.8588
13177.0,0.6327,0.4293,1.062
13178.0,0.452,0.4406,0.8926000000000001
13179.0,0.341,0.4288,0.7698
13180.0,0.4842,0.4317,0.9158999999999999
13181.0,0.5735,0.4408,1.0143
13182.0,0.4966,0.4326,0.9292
13183.0,0.4618,0.4209,0.8827
13184.0,0.5292,0.426,0.9552
13185.0,0.4139,0.4093,0.8231999999999999
13186.0,0.4218,0.4139,0.8357
13187.0,0.319,0.4202,0.7392000000000001
13188.0,0.1211,0.4554,0.5765
13189.0,0.3804,0.4141,0.7945
13190.0,0.3892,0.4669,0.8561
13191.0,0.3568,0.4762,0.833
13192.0,0.4138,0.4612,0.875
13193.0,0.4764,0.446,0.9224
13194.0,0.6251,0.4183,1.0434
13195.0,0.5479,0.4359,0.9838
13196.0,0.5313,0.4243,0.9556
13197.0,0.5041,0.4358,0.9399
13198.0,0.4282,0.4591,0.8873
13199.0,0.5235,0.4247,0.9481999999999999
13200.0,0.5718,0.4318,1.0036
13201.0,0.4453,0.443,0.8883
13202.0,0.0001,0.1171,0.1172
13203.0,0.3992,0.4437,0.8429
13204.0,0.5077,0.4546,0.9623
13205.0,0.3696,0.4455,0.8150999999999999
13206.0,0.5058,0.4495,0.9553
13207.0,0.5982,0.4506,1.0488
13208.0,0.4163,0.4509,0.8672
13209.0,0.4347,0.4344,0.8691
13210.0,0.4029,0.4473,0.8502
13211.0,0.4134,0.405,0.8184
13212.0,0.4261,0.4218,0.8479
13213.0,0.373,0.4356,0.8086
13214.0,0.4141,0.4397,0.8538
13215.0,0.4258,0.4477,0.8734999999999999
13216.0,0.0862,0.7509,0.8371
13217.0,0.432,0.4252,0.8572
13218.0,0.4135,0.4334,0.8469
13219.0,0.4889,0.4416,0.9305
13220.0,0.4737,0.4626,0.9363
13221.0,0.6284,0.4655,1.0939
13222.0,0.3884,0.4724,0.8608
13223.0,0.5275,0.4507,0.9782
13224.0,0.4173,0.4503,0.8675999999999999
13225.0,0.5017,0.4515,0.9532
13226.0,0.4142,0.4388,0.853
13227.0,0.323,0.4436,0.7666
13228.0,0.4154,0.4395,0.8549
13229.0,0.4258,0.4225,0.8483
13230.0,0.0324,0.5746,0.607
13231.0,0.4994,0.4315,0.9309000000000001
13232.0,0.3725,0.4259,0.7984
13233.0,0.5648,0.4533,1.0181
13234.0,0.4442,0.4547,0.8989
13235.0,0.4117,0.4584,0.8701
13236.0,0.4649,0.4242,0.8891
13237.0,0.4542,0.4203,0.8745
13238.0,0.3165,0.4194,0.7359
13239.0,0.4445,0.4407,0.8852
13240.0,0.477,0.4236,0.9006
13241.0,0.4354,0.4218,0.8572
13242.0,0.4764,0.423,0.8994
13243.0,0.4766,0.4323,0.9089
13244.0,0.0447,0.4536,0.4983
13245.0,0.5426,0.4261,0.9686999999999999
13246.0,0.4661,0.4238,0.8899
13247.0,0.4164,0.4576,0.874
13248.0,0.5566,0.4604,1.017
13249.0,0.5435,0.4586,1.0021
13250.0,0.5081,0.4392,0.9473
13251.0,0.3394,0.4309,0.7703
13252.0,0.6018,0.4397,1.0415
13253.0,0.4824,0.4317,0.9140999999999999
13254.0,0.4539,0.4067,0.8606
13255.0,0.4932,0.4312,0.9244000000000001
13256.0,0.4502,0.4281,0.8783
13257.0,0.3678,0.4324,0.8002
13258.0,0.0275,0.3673,0.39480000000000004
13259.0,0.4228,0.4298,0.8526
13260.0,0.3575,0.4434,0.8009
13261.0,0.4336,0.4411,0.8747
13262.0,0.5336,0.4602,0.9938
13263.0,0.37,0.4343,0.8043
13264.0,0.5298,0.4408,0.9706000000000001
13265.0,0.5572,0.4228,0.98
13266.0,0.3938,0.4382,0.832
13267.0,0.4386,0.426,0.8646
13268.0,0.614,0.427,1.041
13269.0,0.3723,0.4594,0.8317
13270.0,0.3735,0.445,0.8185
13271.0,0.3904,0.4514,0.8418000000000001
13272.0,0.149,0.3221,0.47109999999999996
13273.0,0.5265,0.4358,0.9622999999999999
13274.0,0.5229,0.4353,0.9582
13275.0,0.4765,0.4415,0.9179999999999999
13276.0,0.491,0.4521,0.9431
13277.0,0.4099,0.4445,0.8544
13278.0,0.3763,0.4412,0.8175
13279.0,0.4521,0.4521,0.9042
13280.0,0.4429,0.4501,0.893
13281.0,0.4728,0.4236,0.8964
13282.0,0.4083,0.429,0.8372999999999999
13283.0,0.4666,0.4267,0.8933
13284.0,0.5299,0.4323,0.9622
13285.0,0.4452,0.4294,0.8746
13286.0,0.0001,0.0293,0.0294
13287.0,0.4519,0.406,0.8579000000000001
13288.0,0.4825,0.414,0.8965
13289.0,0.3677,0.4255,0.7932
13290.0,0.5377,0.4327,0.9703999999999999
13291.0,0.5056,0.4132,0.9188000000000001
13292.0,0.3486,0.4247,0.7733000000000001
13293.0,0.4325,0.4126,0.8451
13294.0,0.4874,0.4253,0.9127000000000001
13295.0,0.5362,0.4038,0.94
13296.0,0.4899,0.4119,0.9017999999999999
13297.0,0.3794,0.4204,0.7998000000000001
13298.0,0.3841,0.4223,0.8064
13299.0,0.426,0.4011,0.8271
13300.0,1.2316,0.2673,1.4989
13301.0,0.4276,0.4318,0.8593999999999999
13302.0,0.5937,0.4323,1.026
13303.0,0.5142,0.4792,0.9934000000000001
13304.0,0.5553,0.4555,1.0108000000000001
13305.0,0.5141,0.4662,0.9803
13306.0,0.6255,0.4245,1.0499999999999998
13307.0,0.6066,0.4344,1.041
13308.0,0.4245,0.4197,0.8442000000000001
13309.0,0.6859,0.4656,1.1515
13310.0,0.5069,0.4682,0.9751000000000001
13311.0,0.3855,0.4576,0.8431
13312.0,0.4308,0.4752,0.906
13313.0,0.3476,0.4466,0.7942
13314.0,0.9644,0.1549,1.1193
13315.0,0.6343,0.4584,1.0927
13316.0,0.5348,0.4582,0.9930000000000001
13317.0,0.435,0.4286,0.8635999999999999
13318.0,0.4486,0.4675,0.9161
13319.0,0.4138,0.4593,0.8731
13320.0,0.4046,0.4401,0.8447
13321.0,0.4768,0.4362,0.913
13322.0,0.6734,0.4463,1.1197
13323.0,0.4429,0.4682,0.9111
13324.0,0.4149,0.4419,0.8568
13325.0,0.65,0.4594,1.1094
13326.0,0.452,0.4464,0.8984000000000001
13327.0,0.4516,0.4376,0.8892
13328.0,0.1059,0.2813,0.3872
13329.0,0.3917,0.4441,0.8358
13330.0,0.4654,0.4647,0.9300999999999999
13331.0,0.437,0.449,0.886
13332.0,0.4671,0.4398,0.9069
13333.0,0.485,0.4663,0.9513
13334.0,0.5126,0.4469,0.9595
13335.0,0.5016,0.4509,0.9525000000000001
13336.0,0.495,0.4376,0.9326
13337.0,0.529,0.4272,0.9562
13338.0,0.4624,0.4518,0.9141999999999999
13339.0,0.4252,0.4421,0.8673
13340.0,0.4429,0.4368,0.8797
13341.0,0.4749,0.4364,0.9113
13342.0,0.2056,0.7039,0.9095
13343.0,0.9111,0.4447,1.3558
13344.0,0.4096,0.4529,0.8625
13345.0,0.3804,0.4511,0.8315
13346.0,0.4097,0.4491,0.8588
13347.0,0.4497,0.428,0.8776999999999999
13348.0,0.3684,0.4432,0.8116
13349.0,0.4889,0.4419,0.9308000000000001
13350.0,0.5412,0.437,0.9782
13351.0,0.6002,0.4192,1.0194
13352.0,0.4176,0.4363,0.8539000000000001
13353.0,0.4405,0.4504,0.8909
13354.0,0.5119,0.4514,0.9633
13355.0,0.4444,0.42,0.8644000000000001
13356.0,4.4123,0.6353,5.0476
13357.0,0.4931,0.4522,0.9453
13358.0,0.5121,0.494,1.0061
13359.0,0.5451,0.5168,1.0619
13360.0,0.5543,0.5469,1.1012
13361.0,0.5463,0.5718,1.1181
13362.0,0.6083,0.5502,1.1585
13363.0,0.8694,0.5372,1.4066
13364.0,0.5952,0.543,1.1381999999999999
13365.0,0.6443,0.5469,1.1912
13366.0,0.648,0.5493,1.1973
13367.0,0.4487,0.5504,0.9991
13368.0,0.6351,0.5486,1.1837
13369.0,0.5365,0.5391,1.0756000000000001
13370.0,0.0608,0.4668,0.5276
13371.0,0.4673,0.5271,0.9944
13372.0,0.4825,0.5431,1.0256
13373.0,0.6335,0.5485,1.182
13374.0,0.4532,0.5568,1.01
13375.0,0.5514,0.5352,1.0866
13376.0,0.5939,0.5263,1.1202
13377.0,0.4984,0.5292,1.0276
13378.0,0.5597,0.4999,1.0596
13379.0,0.7054,0.5174,1.2227999999999999
13380.0,0.6386,0.5191,1.1577
13381.0,0.5871,0.5396,1.1267
13382.0,0.517,0.5359,1.0529000000000002
13383.0,0.7464,0.5029,1.2492999999999999
13384.0,2.0017,0.7441,2.7458
13385.0,0.6729,0.521,1.1939000000000002
13386.0,0.4662,0.5321,0.9983
13387.0,0.5694,0.5401,1.1095000000000002
13388.0,0.517,0.5279,1.0449000000000002
13389.0,0.4505,0.5127,0.9632000000000001
13390.0,0.4239,0.5175,0.9414
13391.0,0.4173,0.5104,0.9277
13392.0,0.5607,0.5433,1.104
13393.0,0.4855,0.5217,1.0072
13394.0,0.3959,0.5443,0.9401999999999999
13395.0,0.4622,0.5358,0.998
13396.0,0.7113,0.5196,1.2309
13397.0,0.6215,0.5323,1.1538
13398.0,0.0483,0.1672,0.2155
13399.0,0.6294,0.4898,1.1192
13400.0,0.4007,0.5248,0.9255
13401.0,0.6357,0.5473,1.183
13402.0,0.4145,0.5346,0.9490999999999999
13403.0,0.4967,0.5285,1.0252
13404.0,0.4617,0.4857,0.9474
13405.0,0.4731,0.5108,0.9839
13406.0,0.4769,0.5149,0.9918
13407.0,0.4452,0.4967,0.9419
13408.0,0.5016,0.5057,1.0073
13409.0,0.4703,0.5117,0.982
13410.0,0.3837,0.5038,0.8875
13411.0,0.5448,0.5013,1.0461
13412.0,0.0546,0.3387,0.3933
13413.0,0.5364,0.5198,1.0562
13414.0,0.4518,0.5448,0.9965999999999999
13415.0,0.5822,0.573,1.1552
13416.0,0.5183,0.5521,1.0704
13417.0,0.4026,0.5354,0.938
13418.0,0.5441,0.533,1.0771000000000002
13419.0,0.5373,0.5034,1.0407
13420.0,0.4445,0.4995,0.944
13421.0,0.4635,0.5172,0.9807
13422.0,0.4318,0.4934,0.9252
13423.0,0.9094,0.504,1.4134
13424.0,0.4742,0.4821,0.9562999999999999
13425.0,0.5316,0.4841,1.0156999999999998
13426.0,0.1235,1.0442,1.1677
13427.0,0.4545,0.493,0.9475
13428.0,0.3778,0.5249,0.9027000000000001
13429.0,0.5153,0.5228,1.0381
13430.0,0.5241,0.5361,1.0602
13431.0,0.505,0.5419,1.0469
13432.0,0.4436,0.5337,0.9773
13433.0,0.4265,0.5448,0.9712999999999999
13434.0,0.4574,0.5522,1.0096
13435.0,0.3896,0.5258,0.9154
13436.0,0.3748,0.513,0.8878
13437.0,0.3599,0.4939,0.8538
13438.0,0.5822,0.4961,1.0783
13439.0,0.3978,0.5309,0.9287000000000001
13440.0,0.094,0.9304,1.0244
13441.0,0.5043,0.4788,0.9831
13442.0,0.3918,0.5177,0.9095
13443.0,0.4464,0.5455,0.9919
13444.0,0.3879,0.5255,0.9134
13445.0,0.5195,0.5291,1.0486
13446.0,0.5534,0.523,1.0764
13447.0,0.3867,0.5414,0.9280999999999999
13448.0,0.5399,0.4984,1.0383
13449.0,0.449,0.499,0.948
13450.0,0.699,0.4728,1.1718
13451.0,0.4872,0.4904,0.9776
13452.0,0.413,0.5056,0.9186000000000001
13453.0,0.4413,0.4901,0.9314
13454.0,0.0764,0.5927,0.6691
13455.0,0.5606,0.4922,1.0528
13456.0,0.537,0.5382,1.0752000000000002
13457.0,0.4081,0.548,0.9561000000000001
13458.0,0.3999,0.5552,0.9551000000000001
13459.0,0.4281,0.5223,0.9503999999999999
13460.0,0.4547,0.4922,0.9469000000000001
13461.0,0.5522,0.4969,1.0491000000000001
13462.0,0.4758,0.4975,0.9733
13463.0,0.4285,0.4864,0.9149
13464.0,0.9999,0.5051,1.505
13465.0,0.5139,0.5053,1.0192
13466.0,0.4467,0.4948,0.9415
13467.0,0.4614,0.4949,0.9562999999999999
13468.0,0.0775,0.9633,1.0408
13469.0,1.1493,0.4658,1.6151
13470.0,0.5044,0.5115,1.0158999999999998
13471.0,1.1975,0.5319,1.7294
13472.0,1.3076,0.5366,1.8442
13473.0,0.4382,0.5406,0.9787999999999999
13474.0,0.4264,0.5049,0.9313
13475.0,0.6219,0.505,1.1269
13476.0,0.3564,0.5006,0.857
13477.0,0.5,0.4755,0.9755
13478.0,0.6488,0.5016,1.1504
13479.0,0.4695,0.5075,0.9769999999999999
13480.0,0.4036,0.4811,0.8847
13481.0,0.6509,0.4917,1.1426
13482.0,0.0551,0.9689,1.024
13483.0,0.4917,0.4733,0.9650000000000001
13484.0,0.4282,0.5032,0.9314
13485.0,0.5838,0.5044,1.0882
13486.0,0.3912,0.4943,0.8855
13487.0,0.4545,0.4647,0.9192
13488.0,0.3831,0.4535,0.8366
13489.0,0.4679,0.4729,0.9408
13490.0,0.5272,0.438,0.9652000000000001
13491.0,0.4956,0.4812,0.9768
13492.0,0.4411,0.4663,0.9074
13493.0,0.3869,0.4775,0.8644000000000001
13494.0,1.1534,0.4727,1.6261
13495.0,0.5474,0.4664,1.0138
13496.0,22.569,0.7874,23.3564
13497.0,0.569,0.6219,1.1909
13498.0,1.3699,0.9221,2.292
13499.0,1.6573,0.9389,2.5962
13500.0,1.7323,0.7516,2.4839
13501.0,1.4215,0.6033,2.0248
13502.0,1.311,0.6534,1.9644
13503.0,0.9823,0.7336,1.7159
13504.0,0.7704,0.8175,1.5878999999999999
13505.0,0.5106,0.8176,1.3282
13506.0,0.462,0.8122,1.2742
13507.0,0.5738,0.7863,1.3601
13508.0,0.5014,0.7638,1.2652
13509.0,0.6054,0.7646,1.37
13510.0,0.0335,1.0272,1.0607
13511.0,0.6431,0.7847,1.4278
13512.0,0.57,0.8221,1.3921000000000001
13513.0,0.4409,0.8188,1.2597
13514.0,0.3727,0.8322,1.2049
13515.0,0.5205,0.8328,1.3533
13516.0,0.6423,0.8089,1.4512
13517.0,0.4928,0.8322,1.3250000000000002
13518.0,0.6572,0.8135,1.4707
13519.0,0.4942,0.7833,1.2774999999999999
13520.0,0.5101,0.7837,1.2938
13521.0,0.5846,0.7646,1.3492
13522.0,0.5214,0.7552,1.2766
13523.0,0.5253,0.7376,1.2629000000000001
13524.0,0.091,1.0235,1.1145
13525.0,0.5591,0.7157,1.2748
13526.0,0.4658,0.7325,1.1983000000000001
13527.0,0.4367,0.7354,1.1721
13528.0,0.5262,0.7535,1.2797
13529.0,0.3589,0.7494,1.1082999999999998
13530.0,0.4973,0.7234,1.2207000000000001
13531.0,0.4412,0.705,1.1461999999999999
13532.0,0.7934,0.6748,1.4682
13533.0,0.4592,0.6708,1.13
13534.0,0.4168,0.6586,1.0754
13535.0,0.4533,0.6806,1.1339
13536.0,0.6475,0.6531,1.3006
13537.0,0.4027,0.6864,1.0891
13538.0,0.7183,0.376,1.0943
13539.0,0.6158,0.6416,1.2574
13540.0,0.5078,0.6526,1.1604
13541.0,0.3785,0.6275,1.006
13542.0,0.4466,0.6255,1.0720999999999998
13543.0,0.4225,0.591,1.0135
13544.0,0.5478,0.6012,1.149
13545.0,0.5076,0.6046,1.1122
13546.0,0.4148,0.5755,0.9903
13547.0,0.5718,0.5671,1.1389
13548.0,0.4436,0.5773,1.0209000000000001
13549.0,0.4098,0.567,0.9767999999999999
13550.0,0.4997,0.5546,1.0543
13551.0,0.4268,0.5542,0.9810000000000001
13552.0,0.4721,0.2593,0.7314
13553.0,0.4306,0.553,0.9836
13554.0,0.6788,0.5675,1.2463
13555.0,0.4614,0.5676,1.029
13556.0,0.5396,0.5497,1.0893
13557.0,0.5683,0.5419,1.1102
13558.0,0.4692,0.5327,1.0019
13559.0,0.4727,0.5264,0.9991
13560.0,0.5012,0.5155,1.0167
13561.0,0.6654,0.5324,1.1978
13562.0,0.5152,0.5238,1.0390000000000001
13563.0,0.5584,0.5223,1.0807
13564.0,0.3905,0.5052,0.8956999999999999
13565.0,0.4523,0.5062,0.9584999999999999
13566.0,0.1285,0.2254,0.3539
13567.0,0.4206,0.5044,0.9249999999999999
13568.0,0.4993,0.5068,1.0061
13569.0,0.503,0.5279,1.0309
13570.0,0.5197,0.5189,1.0386000000000002
13571.0,0.4577,0.497,0.9547
13572.0,0.3841,0.5169,0.901
13573.0,0.3427,0.4982,0.8409
13574.0,0.464,0.4922,0.9562
13575.0,0.4026,0.4756,0.8782000000000001
13576.0,0.4355,0.4875,0.923
13577.0,0.4599,0.4925,0.9523999999999999
13578.0,0.6826,0.5059,1.1885
13579.0,0.4607,0.4739,0.9346
13580.0,1.4542,0.3352,1.7893999999999999
13581.0,0.586,0.5014,1.0874
13582.0,0.4668,0.4717,0.9385
13583.0,0.5898,0.4989,1.0887
13584.0,0.5905,0.5112,1.1017000000000001
13585.0,0.7732,0.4934,1.2666
13586.0,1.1363,0.486,1.6223
13587.0,0.4018,0.4761,0.8779
13588.0,0.6749,0.49,1.1649
13589.0,0.4906,0.5017,0.9923
13590.0,0.7975,0.4779,1.2753999999999999
13591.0,0.4584,0.4745,0.9329
13592.0,0.3985,0.4792,0.8777
13593.0,0.6126,0.4809,1.0935000000000001
13594.0,0.0005,0.0799,0.0804
13595.0,0.3383,0.4891,0.8273999999999999
13596.0,0.44,0.4576,0.8976
13597.0,0.447,0.4654,0.9124
13598.0,0.4334,0.4746,0.908
13599.0,0.5099,0.4626,0.9725
13600.0,0.4723,0.4543,0.9266
13601.0,0.5107,0.4663,0.9770000000000001
13602.0,0.425,0.4596,0.8846
13603.0,0.4609,0.4855,0.9463999999999999
13604.0,0.5357,0.4598,0.9954999999999999
13605.0,0.4324,0.4619,0.8943
13606.0,0.4865,0.473,0.9595
13607.0,0.444,0.4715,0.9155
13608.0,0.3612,0.6392,1.0004
13609.0,0.4038,0.4584,0.8622
13610.0,0.3748,0.4938,0.8686
13611.0,0.5404,0.476,1.0164
13612.0,0.5068,0.4548,0.9616
13613.0,0.3488,0.4644,0.8131999999999999
13614.0,0.5137,0.4627,0.9764
13615.0,0.4026,0.4567,0.8593
13616.0,0.6076,0.4811,1.0887
13617.0,0.4907,0.4788,0.9695
13618.0,0.5001,0.4817,0.9818
13619.0,0.7733,0.4871,1.2604
13620.0,0.4066,0.4597,0.8663000000000001
13621.0,0.4104,0.4581,0.8685
13622.0,1.2406,0.5041,1.7447
13623.0,0.6418,0.4646,1.1064
13624.0,0.465,0.4696,0.9346000000000001
13625.0,0.3522,0.4598,0.812
13626.0,0.4838,0.483,0.9668
13627.0,0.8583,0.4998,1.3580999999999999
13628.0,0.495,0.5003,0.9953
13629.0,0.7182,0.5025,1.2207
13630.0,0.4772,0.4831,0.9602999999999999
13631.0,0.4954,0.4921,0.9875
13632.0,0.4822,0.4834,0.9656
13633.0,0.757,0.4915,1.2485
13634.0,0.5529,0.4687,1.0215999999999998
13635.0,0.6114,0.4778,1.0892
13636.0,0.0027,0.0861,0.08879999999999999
13637.0,0.6551,0.4798,1.1349
13638.0,0.5478,0.4857,1.0335
13639.0,0.4851,0.4636,0.9487
13640.0,0.4645,0.4737,0.9382
13641.0,0.381,0.4812,0.8622000000000001
13642.0,0.4871,0.4579,0.945
13643.0,0.4276,0.4713,0.8989
13644.0,0.3532,0.4609,0.8141
13645.0,0.5742,0.4761,1.0503
13646.0,0.5689,0.4507,1.0196
13647.0,0.4221,0.4485,0.8706
13648.0,0.4575,0.4569,0.9144
13649.0,0.4762,0.4473,0.9235
13650.0,0.0947,0.4808,0.5755
13651.0,0.459,0.4711,0.9301
13652.0,0.4777,0.4658,0.9435
13653.0,0.6908,0.4774,1.1682
13654.0,0.4567,0.4944,0.9511000000000001
13655.0,0.6212,0.473,1.0941999999999998
13656.0,0.4991,0.4537,0.9528
13657.0,0.393,0.4434,0.8364
13658.0,0.4907,0.4535,0.9442
13659.0,0.5929,0.477,1.0699
13660.0,0.4746,0.4321,0.9067000000000001
13661.0,0.5231,0.4457,0.9688
13662.0,0.4799,0.46,0.9399
13663.0,0.4021,0.4515,0.8536
13664.0,0.0074,1.0642,1.0716
13665.0,0.6004,0.4639,1.0643
13666.0,0.5015,0.4738,0.9753
13667.0,0.3667,0.4846,0.8513
13668.0,0.413,0.4613,0.8743
13669.0,0.4466,0.4538,0.9004
13670.0,0.5431,0.4692,1.0123
13671.0,0.464,0.4516,0.9156
13672.0,0.4554,0.4509,0.9063000000000001
13673.0,0.4733,0.4584,0.9317
13674.0,0.511,0.4474,0.9584
13675.0,0.5359,0.4674,1.0033
13676.0,0.3641,0.4514,0.8155
13677.0,0.485,0.4635,0.9485
13678.0,0.0541,1.6129,1.667
13679.0,0.4446,0.4986,0.9432
13680.0,0.4803,0.5443,1.0246
13681.0,0.4674,0.6096,1.077
13682.0,0.4523,0.6162,1.0685
13683.0,0.401,0.5293,0.9303
13684.0,0.4354,0.4946,0.9299999999999999
13685.0,0.4495,0.4828,0.9323
13686.0,0.3368,0.5013,0.8381
13687.0,0.6589,0.5124,1.1713
13688.0,0.4841,0.5042,0.9883
13689.0,0.3486,0.5463,0.8949
13690.0,0.4576,0.4857,0.9433
13691.0,0.4826,0.4962,0.9787999999999999
13692.0,0.2858,0.6157,0.9015
13693.0,0.4339,0.5008,0.9347000000000001
13694.0,0.4,0.4916,0.8916
13695.0,0.5048,0.5029,1.0077
13696.0,0.539,0.5258,1.0648
13697.0,0.4232,0.5043,0.9275
13698.0,0.4558,0.4948,0.9506
13699.0,0.4155,0.4855,0.901
13700.0,0.5982,0.4768,1.075
13701.0,0.3342,0.4685,0.8027
13702.0,0.4308,0.4783,0.9091
13703.0,0.4501,0.4722,0.9223
13704.0,0.428,0.4877,0.9157
13705.0,0.7354,0.5028,1.2382
13706.0,0.0212,0.2076,0.2288
13707.0,0.4565,0.4494,0.9059
13708.0,0.4128,0.4833,0.8961
13709.0,0.4045,0.496,0.9005000000000001
13710.0,0.4363,0.5151,0.9514
13711.0,0.3905,0.4847,0.8752
13712.0,0.3958,0.4965,0.8923
13713.0,0.5629,0.4509,1.0138
13714.0,0.4053,0.4527,0.858
13715.0,0.5678,0.4536,1.0213999999999999
13716.0,0.6814,0.4663,1.1477
13717.0,0.5361,0.4758,1.0119
13718.0,0.5032,0.4661,0.9693
13719.0,0.6313,0.4578,1.0891
13720.0,0.0284,0.4191,0.44749999999999995
13721.0,0.4569,0.4507,0.9076
13722.0,0.5501,0.4668,1.0169000000000001
13723.0,0.4257,0.4583,0.884
13724.0,0.4284,0.4615,0.8899
13725.0,0.4273,0.5015,0.9288
13726.0,0.5084,0.4752,0.9836
13727.0,0.3407,0.4747,0.8154
13728.0,0.4104,0.4851,0.8955
13729.0,0.3538,0.4893,0.8431
13730.0,0.4859,0.4698,0.9557
13731.0,0.479,0.4758,0.9548
13732.0,0.5331,0.4464,0.9795
13733.0,0.3688,0.4445,0.8133
13734.0,7.4264,0.6425,8.0689
13735.0,0.4575,0.4796,0.9371
13736.0,0.5429,0.5527,1.0956000000000001
13737.0,0.7337,0.6218,1.3555000000000001
13738.0,0.7252,0.5902,1.3154
13739.0,0.7377,0.5479,1.2856
13740.0,0.7504,0.5085,1.2589
13741.0,0.5157,0.4829,0.9986
13742.0,0.6823,0.5071,1.1894
13743.0,0.5457,0.5348,1.0805
13744.0,0.4892,0.58,1.0692
13745.0,0.4654,0.5928,1.0582
13746.0,0.6207,0.614,1.2347000000000001
13747.0,0.7166,0.6154,1.3319999999999999
13748.0,0.0004,0.2777,0.2781
13749.0,0.5604,0.5759,1.1362999999999999
13750.0,0.4435,0.5956,1.0391
13751.0,0.5302,0.5989,1.1291
13752.0,0.3817,0.5989,0.9805999999999999
13753.0,0.4547,0.5767,1.0314
13754.0,0.401,0.5698,0.9708
13755.0,0.4877,0.587,1.0747
13756.0,0.3815,0.5616,0.9431
13757.0,0.3947,0.5534,0.9480999999999999
13758.0,0.5182,0.5306,1.0488
13759.0,0.816,0.5274,1.3434
13760.0,0.5284,0.5234,1.0518
13761.0,0.479,0.5049,0.9839
13762.0,0.1241,0.7798,0.9039
13763.0,0.4487,0.5001,0.9488
13764.0,0.3833,0.5232,0.9065
13765.0,0.5616,0.5151,1.0767
13766.0,0.4808,0.4783,0.9591000000000001
13767.0,0.445,0.4952,0.9401999999999999
13768.0,0.494,0.515,1.009
13769.0,0.5245,0.4945,1.019
13770.0,0.4067,0.4637,0.8704000000000001
13771.0,0.4468,0.4826,0.9294
13772.0,0.3995,0.4815,0.881
13773.0,0.6028,0.4752,1.078
13774.0,0.5497,0.4728,1.0225
13775.0,0.4841,0.4763,0.9603999999999999
13776.0,0.0664,0.9194,0.9858
13777.0,0.5132,0.4806,0.9938
13778.0,0.4396,0.4948,0.9344
13779.0,0.4421,0.5222,0.9642999999999999
13780.0,0.3859,0.5135,0.8994
13781.0,0.4915,0.5079,0.9994000000000001
13782.0,0.4151,0.5135,0.9286
13783.0,0.4734,0.498,0.9714
13784.0,0.4132,0.4745,0.8876999999999999
13785.0,0.4751,0.4965,0.9716
13786.0,0.4307,0.5032,0.9339
13787.0,0.3287,0.4933,0.8220000000000001
13788.0,0.4491,0.4688,0.9178999999999999
13789.0,0.3952,0.437,0.8322
13790.0,0.1688,0.3255,0.4943
13791.0,0.4408,0.4454,0.8862000000000001
13792.0,0.3584,0.4401,0.7985
13793.0,0.4238,0.4641,0.8879
13794.0,0.5548,0.499,1.0537999999999998
13795.0,0.4349,0.5032,0.9380999999999999
13796.0,0.429,0.4955,0.9245
13797.0,0.534,0.4753,1.0093
13798.0,0.7762,0.4602,1.2364
13799.0,0.5229,0.4878,1.0107
13800.0,0.5571,0.4679,1.025
13801.0,0.322,0.4685,0.7905
13802.0,0.3578,0.4549,0.8127
13803.0,0.3437,0.4615,0.8052
13804.0,0.7809,0.7613,1.5422
13805.0,0.5125,0.4459,0.9583999999999999
13806.0,0.4625,0.4688,0.9313
13807.0,0.583,0.4869,1.0699
13808.0,0.483,0.4941,0.9771
13809.0,0.4048,0.4724,0.8772
13810.0,0.4007,0.4459,0.8466
13811.0,0.4475,0.4595,0.907
13812.0,0.5094,0.4527,0.9621
13813.0,0.4637,0.4586,0.9223
13814.0,0.3592,0.4448,0.804
13815.0,0.4281,0.449,0.8771
13816.0,0.4674,0.4686,0.9359999999999999
13817.0,3.982,0.4681,4.4501
13818.0,0.0246,0.199,0.22360000000000002
13819.0,0.5523,0.4525,1.0048
13820.0,0.5063,0.471,0.9773
13821.0,0.4791,0.4645,0.9436
13822.0,0.4624,0.5053,0.9677
13823.0,0.4434,0.4907,0.9341
13824.0,0.4312,0.4989,0.9301
13825.0,0.5322,0.4519,0.9841
13826.0,0.4093,0.4741,0.8834
13827.0,0.5815,0.4265,1.008
13828.0,0.4674,0.4736,0.9410000000000001
13829.0,0.378,0.4563,0.8343
13830.0,0.368,0.4683,0.8363
13831.0,0.4197,0.4634,0.8831
13832.0,0.006,1.0797,1.0857
13833.0,0.479,0.4606,0.9396
13834.0,0.3757,0.4848,0.8605
13835.0,0.3779,0.4835,0.8613999999999999
13836.0,0.4554,0.5055,0.9609
13837.0,0.3204,0.4804,0.8008
13838.0,0.4352,0.5115,0.9466999999999999
13839.0,0.5866,0.4925,1.0791
13840.0,0.4144,0.5078,0.9222
13841.0,0.4661,0.5165,0.9825999999999999
13842.0,0.5141,0.4742,0.9883
13843.0,0.5528,0.4667,1.0194999999999999
13844.0,0.5399,0.4716,1.0115
13845.0,0.4992,0.5063,1.0055
13846.0,0.0079,1.0246,1.0325
13847.0,0.6445,0.471,1.1155
13848.0,0.3673,0.4674,0.8347
13849.0,0.5533,0.4615,1.0148000000000001
13850.0,0.4798,0.4836,0.9634
13851.0,0.4336,0.4818,0.9154
13852.0,0.4479,0.4875,0.9354
13853.0,0.4743,0.4537,0.9279999999999999
13854.0,0.42,0.4501,0.8701
13855.0,0.4881,0.4513,0.9394
13856.0,0.5172,0.4677,0.9849
13857.0,0.5581,0.4921,1.0502
13858.0,0.4818,0.4785,0.9602999999999999
13859.0,0.4579,0.4459,0.9037999999999999
13860.0,0.0548,0.0997,0.1545
13861.0,0.7002,0.4579,1.1581000000000001
13862.0,0.4002,0.4704,0.8706
13863.0,0.5817,0.4474,1.0291000000000001
13864.0,0.44,0.4592,0.8992
13865.0,0.4535,0.464,0.9175
13866.0,0.5466,0.4593,1.0059
13867.0,0.4697,0.4553,0.925
13868.0,0.5297,0.4302,0.9599
13869.0,0.4228,0.4172,0.8400000000000001
13870.0,0.559,0.4544,1.0134
13871.0,0.3941,0.4305,0.8246
13872.0,0.5929,0.4424,1.0352999999999999
13873.0,0.4159,0.4564,0.8723
13874.0,0.0004,0.1406,0.14100000000000001
13875.0,0.4142,0.4348,0.849
13876.0,0.4376,0.4358,0.8734
13877.0,0.3786,0.4543,0.8329
13878.0,0.3811,0.4761,0.8572
13879.0,0.4361,0.4535,0.8896
13880.0,0.5219,0.436,0.9579
13881.0,0.4695,0.4566,0.9260999999999999
13882.0,0.3661,0.4184,0.7845
13883.0,0.436,0.4383,0.8743000000000001
13884.0,0.5628,0.4472,1.01
13885.0,0.4166,0.4398,0.8564
13886.0,0.4395,0.4474,0.8869
13887.0,0.5019,0.4393,0.9412
13888.0,1.2729,0.2056,1.4785
13889.0,0.4261,0.4515,0.8775999999999999
13890.0,0.4664,0.445,0.9114
13891.0,0.5685,0.469,1.0375
13892.0,0.5922,0.4578,1.0499999999999998
13893.0,0.7287,0.4676,1.1963
13894.0,0.5646,0.4627,1.0272999999999999
13895.0,0.4377,0.4481,0.8857999999999999
13896.0,0.4772,0.4555,0.9327000000000001
13897.0,0.4674,0.4731,0.9405
13898.0,0.5106,0.4782,0.9888000000000001
13899.0,0.5919,0.4502,1.0421
13900.0,0.4955,0.462,0.9575
13901.0,0.4325,0.439,0.8714999999999999
13902.0,0.0313,0.6856,0.7169
13903.0,0.537,0.4422,0.9792000000000001
13904.0,0.5101,0.4558,0.9659
13905.0,0.5859,0.4921,1.0779999999999998
13906.0,0.3267,0.4927,0.8194
13907.0,0.4564,0.4872,0.9436
13908.0,0.371,0.4809,0.8519
13909.0,0.4338,0.4643,0.8981
13910.0,0.3382,0.4365,0.7746999999999999
13911.0,0.4237,0.4583,0.882
13912.0,0.3861,0.4428,0.8289
13913.0,0.4904,0.4511,0.9415
13914.0,0.4616,0.4623,0.9238999999999999
13915.0,0.5197,0.4673,0.9870000000000001
13916.0,0.0358,0.1201,0.15589999999999998
13917.0,0.5561,0.4673,1.0234
13918.0,0.4578,0.4358,0.8936
13919.0,0.5126,0.4476,0.9601999999999999
13920.0,0.357,0.4611,0.8181
13921.0,0.4695,0.448,0.9175
13922.0,0.4879,0.4615,0.9494
13923.0,0.5083,0.4675,0.9758
13924.0,0.3534,0.4676,0.821
13925.0,0.4891,0.438,0.9271
13926.0,0.4239,0.4471,0.871
13927.0,0.4347,0.453,0.8876999999999999
13928.0,0.4393,0.4325,0.8718
13929.0,0.4489,0.4516,0.9005000000000001
13930.0,0.0558,0.5258,0.5816
13931.0,0.4615,0.436,0.8975
13932.0,0.4045,0.4709,0.8754
13933.0,0.6079,0.4738,1.0817
13934.0,0.3715,0.4987,0.8702
13935.0,0.4541,0.4802,0.9343
13936.0,0.4325,0.452,0.8845000000000001
13937.0,0.4176,0.4416,0.8592
13938.0,0.5676,0.4208,0.9884
13939.0,0.4683,0.4354,0.9037
13940.0,0.4943,0.4572,0.9515
13941.0,0.4484,0.4552,0.9036
13942.0,0.4193,0.4537,0.873
13943.0,0.4355,0.4526,0.8881
13944.0,1.4031,1.7439,3.1470000000000002
13945.0,0.4218,0.4382,0.86
13946.0,0.3933,0.4496,0.8429
13947.0,0.5193,0.4567,0.976
13948.0,0.3578,0.4559,0.8137000000000001
13949.0,0.5075,0.4706,0.9781
13950.0,0.5457,0.4609,1.0066
13951.0,0.4495,0.4594,0.9089
13952.0,0.4903,0.47,0.9602999999999999
13953.0,0.4551,0.4636,0.9187000000000001
13954.0,0.4417,0.4786,0.9203
13955.0,0.451,0.4673,0.9183
13956.0,0.5845,0.4892,1.0737
13957.0,0.8538,0.4571,1.3109
13958.0,0.0471,0.2964,0.3435
13959.0,0.8164,0.4576,1.274
13960.0,0.4094,0.4741,0.8835
13961.0,0.4436,0.4889,0.9325
13962.0,0.4946,0.4848,0.9794
13963.0,0.384,0.4612,0.8452
13964.0,0.4164,0.4755,0.8918999999999999
13965.0,0.4537,0.4724,0.9260999999999999
13966.0,0.5793,0.4687,1.048
13967.0,0.5577,0.4682,1.0259
13968.0,0.7457,0.4647,1.2104
13969.0,0.455,0.4656,0.9206000000000001
13970.0,0.566,0.4696,1.0356
13971.0,0.5333,0.4548,0.9881
13972.0,0.3034,0.0619,0.3653
13973.0,0.5134,0.4347,0.9480999999999999
13974.0,0.586,0.4413,1.0272999999999999
13975.0,0.4062,0.4412,0.8473999999999999
13976.0,0.4063,0.4404,0.8467
13977.0,0.5986,0.4417,1.0403
13978.0,0.466,0.4411,0.9071
13979.0,0.4373,0.4236,0.8609
13980.0,0.5828,0.4301,1.0129
13981.0,0.365,0.4501,0.8150999999999999
13982.0,0.5483,0.4512,0.9995
13983.0,0.4872,0.4639,0.9511000000000001
13984.0,0.7725,0.4309,1.2034
13985.0,0.4766,0.4244,0.901
13986.0,0.3411,0.2186,0.5597
13987.0,0.4146,0.4409,0.8555
13988.0,0.3753,0.4451,0.8204
13989.0,0.5225,0.4679,0.9904
13990.0,0.4357,0.4546,0.8903
13991.0,0.4377,0.4491,0.8868
13992.0,0.4286,0.4707,0.8993
13993.0,0.5329,0.4655,0.9984000000000001
13994.0,0.5433,0.4378,0.9811000000000001
13995.0,0.4348,0.4243,0.8591
13996.0,0.3171,0.4654,0.7825
13997.0,0.3563,0.4313,0.7876000000000001
13998.0,0.5839,0.4492,1.0331
13999.0,0.4465,0.4459,0.8924000000000001
14000.0,0.2501,0.2175,0.4676
14001.0,0.5944,0.463,1.0574000000000001
14002.0,0.4862,0.4372,0.9234
14003.0,0.6081,0.4499,1.058
14004.0,0.4801,0.4481,0.9282
14005.0,0.5166,0.4547,0.9712999999999999
14006.0,0.5449,0.4434,0.9883000000000001
14007.0,0.3794,0.4373,0.8167
14008.0,0.7487,0.4337,1.1824
14009.0,0.4016,0.431,0.8326
14010.0,0.4793,0.4452,0.9245
14011.0,0.4163,0.4173,0.8336
14012.0,0.4432,0.4373,0.8805000000000001
14013.0,0.7322,0.4377,1.1699
14014.0,0.066,0.1282,0.1942
14015.0,0.4203,0.4377,0.858
14016.0,0.3969,0.4562,0.8531
14017.0,1.3298,0.4497,1.7795
14018.0,0.4399,0.4616,0.9015
14019.0,0.7113,0.443,1.1543
14020.0,0.4076,0.4471,0.8547
14021.0,0.4989,0.4492,0.9480999999999999
14022.0,0.6299,0.4472,1.0771
14023.0,0.445,0.4345,0.8795
14024.0,0.3735,0.427,0.8005
14025.0,0.4839,0.4503,0.9341999999999999
14026.0,0.4711,0.4289,0.9
14027.0,0.48,0.4101,0.8901
14028.0,0.2984,0.3836,0.6819999999999999
14029.0,0.4177,0.4218,0.8395
14030.0,0.435,0.4723,0.9073
14031.0,0.5382,0.4814,1.0196
14032.0,0.3912,0.4818,0.873
14033.0,0.4686,0.4609,0.9295
14034.0,0.4486,0.435,0.8835999999999999
14035.0,0.6141,0.4391,1.0532
14036.0,0.5538,0.4459,0.9997
14037.0,0.4275,0.445,0.8725
14038.0,0.3766,0.4454,0.8220000000000001
14039.0,0.3666,0.4393,0.8059000000000001
14040.0,0.4564,0.4621,0.9185
14041.0,0.407,0.4509,0.8579
14042.0,0.101,0.154,0.255
14043.0,0.5314,0.4432,0.9745999999999999
14044.0,0.3777,0.462,0.8397
14045.0,0.357,0.4667,0.8237
14046.0,0.4053,0.4683,0.8735999999999999
14047.0,0.4892,0.4592,0.9484
14048.0,0.4209,0.4455,0.8664000000000001
14049.0,0.5635,0.4491,1.0126
14050.0,0.3483,0.4474,0.7957000000000001
14051.0,0.425,0.4576,0.8826
14052.0,0.4516,0.4478,0.8994
14053.0,0.4638,0.4451,0.9089
14054.0,0.6726,0.4643,1.1369
14055.0,0.4412,0.4378,0.879
14056.0,0.8482,0.752,1.6002
14057.0,0.3732,0.4611,0.8343
14058.0,0.6083,0.4607,1.069
14059.0,0.3746,0.4853,0.8599
14060.0,0.4921,0.4643,0.9563999999999999
14061.0,0.4812,0.4768,0.958
14062.0,0.431,0.4453,0.8763
14063.0,0.5236,0.4587,0.9823
14064.0,0.4564,0.459,0.9154
14065.0,0.5423,0.4773,1.0196
14066.0,0.6573,0.4652,1.1225
14067.0,0.4178,0.4501,0.8679
14068.0,0.5625,0.4646,1.0271
14069.0,0.486,0.4515,0.9375
14070.0,1.2604,0.2367,1.4970999999999999
14071.0,0.5576,0.4576,1.0152
14072.0,0.4235,0.4598,0.8833
14073.0,0.4654,0.4777,0.9431
14074.0,0.5274,0.4557,0.9831
14075.0,0.4299,0.4311,0.861
14076.0,0.762,0.4403,1.2023000000000001
14077.0,0.524,0.4516,0.9756
14078.0,0.75,0.4692,1.2192
14079.0,0.4611,0.4507,0.9117999999999999
14080.0,0.9196,0.4494,1.369
14081.0,0.8602,0.4566,1.3168
14082.0,0.437,0.4363,0.8733
14083.0,0.4765,0.4403,0.9168000000000001
14084.0,0.0012,1.0949,1.0961
14085.0,0.5379,0.4259,0.9638
14086.0,0.5338,0.4497,0.9835
14087.0,0.4554,0.4506,0.906
14088.0,0.5185,0.4499,0.9683999999999999
14089.0,0.4744,0.4328,0.9072
14090.0,0.4806,0.4483,0.9289000000000001
14091.0,0.4967,0.4561,0.9528
14092.0,0.3728,0.445,0.8178000000000001
14093.0,0.6057,0.4696,1.0753
14094.0,0.3807,0.4605,0.8412
14095.0,0.4225,0.4525,0.875
14096.0,0.572,0.4279,0.9999
14097.0,0.4212,0.4543,0.8755
14098.0,0.1201,0.3507,0.4708
14099.0,0.3848,0.435,0.8198
14100.0,0.4301,0.4676,0.8976999999999999
14101.0,0.5112,0.4752,0.9863999999999999
14102.0,0.4601,0.4695,0.9296
14103.0,0.3644,0.4703,0.8347
14104.0,0.4236,0.4483,0.8718999999999999
14105.0,0.4189,0.4432,0.8621
14106.0,0.5152,0.4625,0.9777
14107.0,0.413,0.4413,0.8543000000000001
14108.0,0.4227,0.4678,0.8905000000000001
14109.0,0.5,0.4574,0.9574
14110.0,0.4749,0.4596,0.9345
14111.0,0.4718,0.4492,0.921
14112.0,0.0403,0.9487,0.989
14113.0,0.4962,0.4368,0.933
14114.0,0.6941,0.4616,1.1557
14115.0,0.4637,0.4635,0.9272
14116.0,0.4393,0.4956,0.9349000000000001
14117.0,0.4504,0.4791,0.9295
14118.0,0.5041,0.4714,0.9755
14119.0,0.4898,0.4882,0.978
14120.0,0.473,0.4722,0.9452
14121.0,0.366,0.477,0.843
14122.0,0.402,0.4671,0.8691
14123.0,0.4373,0.4587,0.896
14124.0,0.4664,0.4705,0.9369
14125.0,0.417,0.4542,0.8712
14126.0,0.4035,0.5643,0.9678
14127.0,0.4058,0.4405,0.8463
14128.0,0.501,0.4455,0.9465
14129.0,0.3824,0.4641,0.8465
14130.0,0.358,0.4712,0.8291999999999999
14131.0,0.6537,0.4237,1.0774
14132.0,0.4789,0.4547,0.9336
14133.0,0.5586,0.4412,0.9998
14134.0,0.413,0.4638,0.8768
14135.0,0.3895,0.4279,0.8174
14136.0,0.5929,0.4462,1.0391
14137.0,0.3972,0.4588,0.856
14138.0,0.4939,0.44,0.9339
14139.0,0.4047,0.4428,0.8475
14140.0,0.0288,0.3485,0.37729999999999997
14141.0,0.4466,0.4467,0.8933
14142.0,0.5145,0.4625,0.977
14143.0,0.4354,0.475,0.9104
14144.0,0.4201,0.4464,0.8665
14145.0,0.415,0.4526,0.8675999999999999
14146.0,0.6285,0.4366,1.0651
14147.0,0.4675,0.4379,0.9054
14148.0,0.4527,0.4469,0.8996
14149.0,0.5196,0.4402,0.9598
14150.0,0.393,0.4483,0.8412999999999999
14151.0,0.4479,0.4229,0.8708
14152.0,0.4687,0.4344,0.9031
14153.0,0.4078,0.4376,0.8453999999999999
14154.0,0.5234,0.5296,1.053
14155.0,0.5283,0.44,0.9682999999999999
14156.0,0.3839,0.4517,0.8356
14157.0,0.4798,0.4623,0.9420999999999999
14158.0,0.4634,0.4492,0.9126
14159.0,0.3964,0.4497,0.8461
14160.0,0.5018,0.4455,0.9473
14161.0,0.5952,0.4415,1.0367
14162.0,0.4852,0.4353,0.9205000000000001
14163.0,0.3918,0.4111,0.8029
14164.0,0.5555,0.4429,0.9984
14165.0,0.5323,0.4509,0.9832000000000001
14166.0,0.396,0.4417,0.8377
14167.0,0.3837,0.448,0.8317
14168.0,0.1486,0.4057,0.5543
14169.0,0.5783,0.4483,1.0266
14170.0,0.5291,0.4522,0.9813000000000001
14171.0,0.3899,0.4528,0.8427
14172.0,0.4665,0.4658,0.9323
14173.0,0.6135,0.4471,1.0606
14174.0,0.4442,0.4355,0.8796999999999999
14175.0,0.4805,0.438,0.9185
14176.0,0.3481,0.4421,0.7902
14177.0,0.3342,0.4218,0.756
14178.0,0.3314,0.4433,0.7746999999999999
14179.0,0.534,0.4214,0.9554
14180.0,0.3927,0.4512,0.8439
14181.0,0.4473,0.4418,0.8891
14182.0,0.0108,0.9863,0.9971
14183.0,0.3419,0.4367,0.7786
14184.0,0.3954,0.4182,0.8136
14185.0,0.4916,0.4444,0.9359999999999999
14186.0,0.5011,0.4347,0.9358
14187.0,0.4751,0.4483,0.9234
14188.0,0.5202,0.4225,0.9427
14189.0,0.488,0.4554,0.9434
14190.0,0.3875,0.4342,0.8217
14191.0,0.4102,0.4327,0.8429
14192.0,0.3893,0.467,0.8563000000000001
14193.0,0.3736,0.4336,0.8071999999999999
14194.0,0.5952,0.4158,1.011
14195.0,0.4618,0.4338,0.8956
14196.0,0.0024,0.33,0.33240000000000003
14197.0,0.3359,0.421,0.7568999999999999
14198.0,0.4895,0.4485,0.938
14199.0,0.3975,0.44,0.8375
14200.0,0.4088,0.4463,0.8551
14201.0,0.4743,0.4301,0.9044
14202.0,0.4412,0.4491,0.8903
14203.0,0.4546,0.4312,0.8858
14204.0,0.6774,0.4408,1.1182
14205.0,0.5735,0.4475,1.021
14206.0,0.4201,0.4539,0.874
14207.0,0.4157,0.4408,0.8565
14208.0,0.4582,0.4309,0.8891
14209.0,0.4879,0.4402,0.9280999999999999
14210.0,0.9079,0.1392,1.0471
14211.0,0.4712,0.4514,0.9226000000000001
14212.0,0.4413,0.4672,0.9085000000000001
14213.0,0.5351,0.449,0.9841
14214.0,0.4496,0.4503,0.8998999999999999
14215.0,0.5244,0.4455,0.9699
14216.0,0.4493,0.4323,0.8815999999999999
14217.0,0.4444,0.4364,0.8808
14218.0,0.4766,0.4546,0.9312
14219.0,0.6544,0.4521,1.1065
14220.0,0.4573,0.4642,0.9215
14221.0,0.4402,0.4581,0.8983
14222.0,0.4001,0.4665,0.8666
14223.0,0.4423,0.4599,0.9022
14224.0,0.0091,0.432,0.4411
14225.0,0.5094,0.4527,0.9621
14226.0,0.7264,0.4421,1.1685
14227.0,0.7331,0.465,1.1981
14228.0,0.417,0.4728,0.8897999999999999
14229.0,1.0112,0.4717,1.4829
14230.0,0.466,0.4585,0.9245000000000001
14231.0,0.4609,0.432,0.8929
14232.0,0.449,0.4213,0.8703000000000001
14233.0,0.5174,0.4539,0.9713
14234.0,0.6663,0.4248,1.0911
14235.0,0.4052,0.4493,0.8545
14236.0,0.4358,0.4673,0.9031
14237.0,0.4138,0.4528,0.8666
14238.0,0.0876,0.9522,1.0398
14239.0,0.6027,0.4425,1.0452
14240.0,0.4076,0.4739,0.8815
14241.0,0.5756,0.5025,1.0781
14242.0,0.3745,0.5092,0.8836999999999999
14243.0,0.5816,0.5096,1.0912000000000002
14244.0,0.391,0.4988,0.8898
14245.0,0.6208,0.4609,1.0817
14246.0,0.6615,0.4495,1.111
14247.0,0.4881,0.4306,0.9187
14248.0,0.4841,0.4533,0.9374
14249.0,0.6206,0.4685,1.0891000000000002
14250.0,0.3845,0.4676,0.8521000000000001
14251.0,0.8274,0.4697,1.2971
14252.0,0.0096,0.1692,0.1788
14253.0,0.4367,0.437,0.8736999999999999
14254.0,0.4039,0.4407,0.8446
14255.0,0.4531,0.4429,0.896
14256.0,0.4412,0.4499,0.8911
14257.0,0.4678,0.4693,0.9371
14258.0,0.3947,0.4534,0.8481000000000001
14259.0,0.5124,0.4575,0.9699
14260.0,0.508,0.4321,0.9400999999999999
14261.0,0.4383,0.4522,0.8905000000000001
14262.0,0.3859,0.4546,0.8405
14263.0,0.4772,0.4331,0.9103
14264.0,0.3771,0.423,0.8001
14265.0,0.4668,0.4372,0.9039999999999999
14266.0,0.007,1.0508,1.0577999999999999
14267.0,0.4664,0.4298,0.8962
14268.0,0.4858,0.4358,0.9216
14269.0,0.4271,0.4609,0.8879999999999999
14270.0,0.331,0.4522,0.7832
14271.0,0.3961,0.4437,0.8398
14272.0,0.4669,0.4712,0.9380999999999999
14273.0,0.3513,0.4273,0.7786
14274.0,0.3977,0.4594,0.8571
14275.0,0.497,0.4194,0.9164
14276.0,0.6339,0.453,1.0869
14277.0,0.4387,0.4439,0.8826
14278.0,0.4257,0.4383,0.8640000000000001
14279.0,0.7097,0.439,1.1487
14280.0,0.4613,0.6638,1.1251
14281.0,0.4122,0.4264,0.8386
14282.0,0.4489,0.4304,0.8793
14283.0,0.4965,0.4389,0.9354
14284.0,0.4471,0.4459,0.893
14285.0,0.4581,0.4309,0.889
14286.0,0.3141,0.44,0.7541
14287.0,0.4921,0.4618,0.9539
14288.0,0.5616,0.4367,0.9983
14289.0,0.4511,0.4243,0.8754
14290.0,0.4871,0.4396,0.9267
14291.0,0.4871,0.4356,0.9227
14292.0,0.4012,0.4281,0.8292999999999999
14293.0,0.4333,0.4344,0.8677
14294.0,1.6347,0.4921,2.1268000000000002
14295.0,0.4362,0.4277,0.8639
14296.0,0.6655,0.4703,1.1358
14297.0,0.7069,0.4646,1.1715
14298.0,0.6053,0.4807,1.0859999999999999
14299.0,0.6655,0.4671,1.1326
14300.0,0.7813,0.4397,1.221
14301.0,0.5062,0.4666,0.9728
14302.0,0.7701,0.4625,1.2326000000000001
14303.0,0.4649,0.4567,0.9216
14304.0,0.4312,0.4748,0.906
14305.0,0.5446,0.4551,0.9997
14306.0,0.4811,0.4834,0.9645
14307.0,0.5362,0.471,1.0072
14308.0,0.0009,0.0356,0.0365
14309.0,0.6652,0.4414,1.1066
14310.0,1.4831,0.4597,1.9428
14311.0,0.8126,0.4538,1.2664
14312.0,0.3677,0.4442,0.8119000000000001
14313.0,0.7609,0.4508,1.2117
14314.0,0.5211,0.4568,0.9779
14315.0,0.5323,0.456,0.9883
14316.0,0.4653,0.4461,0.9114
14317.0,0.5746,0.458,1.0326
14318.0,0.4781,0.448,0.9261
14319.0,0.5591,0.4625,1.0216
14320.0,0.473,0.4464,0.9194
14321.0,0.4059,0.4205,0.8264
14322.0,0.5171,0.306,0.8230999999999999
14323.0,0.3367,0.4292,0.7659
14324.0,0.4409,0.447,0.8879
14325.0,0.4958,0.4618,0.9576
14326.0,0.475,0.4508,0.9258
14327.0,0.6153,0.4431,1.0584
14328.0,0.4363,0.4699,0.9062
14329.0,0.5094,0.4462,0.9556
14330.0,0.4816,0.4303,0.9118999999999999
14331.0,0.4361,0.4371,0.8732
14332.0,0.4628,0.4419,0.9047000000000001
14333.0,0.4333,0.449,0.8823000000000001
14334.0,0.4699,0.4213,0.8912
14335.0,0.6398,0.4438,1.0836000000000001
14336.0,0.537,0.4809,1.0179
14337.0,0.5344,0.4422,0.9765999999999999
14338.0,0.384,0.445,0.829
14339.0,0.6091,0.4622,1.0713
14340.0,0.6708,0.4658,1.1366
14341.0,0.4037,0.4466,0.8503000000000001
14342.0,0.6202,0.464,1.0842
14343.0,1.3632,0.4531,1.8163
14344.0,0.5225,0.4458,0.9682999999999999
14345.0,0.392,0.4377,0.8297
14346.0,0.4142,0.4675,0.8817
14347.0,0.622,0.4702,1.0922
14348.0,0.481,0.4468,0.9278
14349.0,0.6258,0.4346,1.0604
14350.0,0.6028,0.2019,0.8047
14351.0,0.4806,0.464,0.9446000000000001
14352.0,0.5025,0.464,0.9664999999999999
14353.0,0.568,0.4665,1.0345
14354.0,0.543,0.4441,0.9871000000000001
14355.0,0.4703,0.4532,0.9235
14356.0,0.629,0.4477,1.0767
14357.0,0.5048,0.4379,0.9427000000000001
14358.0,0.5869,0.453,1.0399
14359.0,0.4463,0.4511,0.8974
14360.0,0.5255,0.4262,0.9517
14361.0,0.5595,0.4285,0.988
14362.0,0.4827,0.4189,0.9016
14363.0,0.4296,0.4272,0.8568
14364.0,0.037,0.3846,0.4216
14365.0,0.4577,0.4497,0.9074
14366.0,0.4697,0.4488,0.9185
14367.0,0.4259,0.4451,0.871
14368.0,0.4396,0.4594,0.899
14369.0,0.436,0.4524,0.8884000000000001
14370.0,0.4586,0.4485,0.9071
14371.0,0.4404,0.4586,0.899
14372.0,0.6989,0.4436,1.1425
14373.0,0.343,0.4441,0.7871
14374.0,0.4231,0.4172,0.8403
14375.0,0.3559,0.4356,0.7915
14376.0,0.4297,0.4281,0.8578
14377.0,0.476,0.4252,0.9012
14378.0,0.0148,0.5713,0.5861000000000001
14379.0,0.7427,0.4555,1.1982
14380.0,0.3967,0.4418,0.8385
14381.0,0.5327,0.468,1.0007
14382.0,0.3277,0.4645,0.7922
14383.0,0.558,0.483,1.041
14384.0,0.4907,0.4783,0.9690000000000001
14385.0,0.4656,0.4398,0.9054
14386.0,0.52,0.4355,0.9555
14387.0,0.4488,0.4097,0.8585
14388.0,0.561,0.4419,1.0029000000000001
14389.0,0.5223,0.4522,0.9744999999999999
14390.0,0.4613,0.446,0.9073
14391.0,0.3974,0.4386,0.836
14392.0,0.0431,0.1716,0.2147
14393.0,0.6148,0.4493,1.0641
14394.0,0.5258,0.4314,0.9572
14395.0,0.411,0.4486,0.8595999999999999
14396.0,0.4456,0.4551,0.9007000000000001
14397.0,0.9145,0.4522,1.3667
14398.0,0.4912,0.4278,0.919
14399.0,0.5393,0.4307,0.97
14400.0,0.3962,0.4243,0.8205
14401.0,0.468,0.4285,0.8965000000000001
14402.0,0.476,0.4183,0.8943
14403.0,0.4733,0.4246,0.8978999999999999
14404.0,0.455,0.4294,0.8844000000000001
14405.0,0.4411,0.4262,0.8673
14406.0,0.3965,0.0715,0.468
14407.0,0.49,0.4272,0.9172
14408.0,0.5115,0.4358,0.9473
14409.0,0.4158,0.432,0.8478
14410.0,0.4882,0.4193,0.9075
14411.0,0.4312,0.4267,0.8579000000000001
14412.0,0.4078,0.42,0.8278
14413.0,0.4259,0.4262,0.8521000000000001
14414.0,0.5182,0.4354,0.9536
14415.0,0.5221,0.4253,0.9474
14416.0,0.5651,0.416,0.9811000000000001
14417.0,0.4575,0.4233,0.8808
14418.0,0.4676,0.4204,0.888
14419.0,0.4854,0.4211,0.9065
14420.0,26.5962,0.778,27.3742
14421.0,0.5654,0.4979,1.0633
14422.0,0.8561,0.6634,1.5194999999999999
14423.0,1.3283,0.7534,2.0817
14424.0,1.4157,0.6932,2.1089
14425.0,1.3463,0.6582,2.0045
14426.0,1.0138,0.6072,1.621
14427.0,0.7397,0.6373,1.377
14428.0,0.5291,0.6977,1.2268
14429.0,0.6025,0.7077,1.3102
14430.0,0.7635,0.7058,1.4693
14431.0,0.618,0.6966,1.3146
14432.0,0.6235,0.6652,1.2887
14433.0,0.5973,0.6847,1.282
14434.0,0.0236,2.8203,2.8439
14435.0,0.666,0.6658,1.3317999999999999
14436.0,0.6009,0.6894,1.2903
14437.0,0.4794,0.7029,1.1823
14438.0,0.5601,0.7158,1.2759
14439.0,0.5718,0.6863,1.2581
14440.0,0.6545,0.6938,1.3483
14441.0,0.4144,0.7017,1.1160999999999999
14442.0,0.356,0.7068,1.0628
14443.0,0.394,0.7029,1.0969
14444.0,0.4749,0.6859,1.1608
14445.0,0.6385,0.6755,1.314
14446.0,0.481,0.6625,1.1435
14447.0,0.7563,0.6491,1.4054
14448.0,0.3617,0.5469,0.9086000000000001
14449.0,0.5153,0.6469,1.1622
14450.0,0.4742,0.6227,1.0969
14451.0,0.4397,0.6147,1.0544
14452.0,0.442,0.6372,1.0792
14453.0,0.4878,0.6007,1.0885
14454.0,0.6282,0.5937,1.2219
14455.0,0.548,0.594,1.142
14456.0,0.4972,0.5978,1.095
14457.0,0.5542,0.5899,1.1441
14458.0,0.3869,0.5672,0.9541000000000001
14459.0,0.5245,0.5585,1.083
14460.0,0.7605,0.5788,1.3393
14461.0,0.5708,0.5559,1.1267
14462.0,0.0476,0.1628,0.2104
14463.0,0.508,0.5687,1.0767
14464.0,0.52,0.5509,1.0709
14465.0,0.4351,0.5655,1.0006
14466.0,0.6972,0.5704,1.2676
14467.0,0.4167,0.5449,0.9616
14468.0,0.4958,0.5651,1.0609000000000002
14469.0,0.3604,0.5342,0.8946000000000001
14470.0,0.39,0.5536,0.9436
14471.0,0.56,0.5533,1.1133000000000002
14472.0,0.482,0.5442,1.0262
14473.0,0.3954,0.5251,0.9205
14474.0,0.7216,0.5239,1.2455
14475.0,0.8102,0.5486,1.3588
14476.0,0.0465,0.2171,0.2636
14477.0,0.4813,0.5414,1.0227
14478.0,0.6837,0.5409,1.2246000000000001
14479.0,0.4884,0.5199,1.0083
14480.0,0.4744,0.528,1.0024
14481.0,0.4428,0.5213,0.9641
14482.0,0.5313,0.5333,1.0646
14483.0,0.6064,0.4944,1.1008
14484.0,0.4511,0.5302,0.9813000000000001
14485.0,0.4088,0.5261,0.9349000000000001
14486.0,0.4119,0.5107,0.9226000000000001
14487.0,0.5209,0.5129,1.0338
14488.0,0.4884,0.5147,1.0031
14489.0,0.3744,0.4941,0.8685
14490.0,0.0018,0.1262,0.128
14491.0,0.5267,0.5017,1.0284
14492.0,0.454,0.5005,0.9544999999999999
14493.0,0.4986,0.5149,1.0135
14494.0,0.3539,0.5082,0.8621
14495.0,0.4964,0.5032,0.9996
14496.0,0.5538,0.4919,1.0457
14497.0,0.487,0.4838,0.9708
14498.0,0.5284,0.488,1.0164
14499.0,0.5806,0.5014,1.0819999999999999
14500.0,0.4178,0.512,0.9298
14501.0,0.4757,0.4976,0.9733
14502.0,0.4196,0.4904,0.9099999999999999
14503.0,0.4012,0.5011,0.9023
14504.0,0.0461,0.4288,0.4749
14505.0,0.428,0.4974,0.9254
14506.0,0.4914,0.4977,0.9891
14507.0,0.4339,0.5385,0.9723999999999999
14508.0,0.4889,0.5306,1.0194999999999999
14509.0,0.5643,0.5101,1.0744
14510.0,0.4286,0.4927,0.9213
14511.0,0.3731,0.4889,0.862
14512.0,0.5511,0.4743,1.0254
14513.0,0.473,0.4997,0.9726999999999999
14514.0,0.6213,0.4995,1.1208
14515.0,0.4685,0.4975,0.966
14516.0,0.4265,0.4735,0.8999999999999999
14517.0,0.3806,0.4806,0.8612
14518.0,0.0445,0.0753,0.1198
14519.0,0.4882,0.4879,0.9761
14520.0,0.4234,0.4679,0.8913
14521.0,0.3735,0.4693,0.8428
14522.0,0.4569,0.4901,0.947
14523.0,0.4027,0.4918,0.8945000000000001
14524.0,0.5207,0.4772,0.9979
14525.0,0.4906,0.4619,0.9524999999999999
14526.0,0.5197,0.4778,0.9975
14527.0,0.4807,0.4902,0.9709000000000001
14528.0,0.4,0.4699,0.8699
14529.0,0.5251,0.4589,0.984
14530.0,0.4499,0.4746,0.9245000000000001
14531.0,0.4903,0.4787,0.9690000000000001
14532.0,0.265,0.1555,0.4205
14533.0,0.6032,0.4638,1.067
14534.0,0.518,0.5036,1.0216
14535.0,0.5013,0.4981,0.9994
14536.0,0.5151,0.497,1.0121
14537.0,0.3754,0.4919,0.8673
14538.0,0.6032,0.4577,1.0609
14539.0,0.4615,0.4779,0.9394
14540.0,0.4542,0.4796,0.9338
14541.0,0.367,0.4648,0.8318
14542.0,0.4021,0.4761,0.8782000000000001
14543.0,0.4673,0.4824,0.9497
14544.0,0.5068,0.48,0.9868
14545.0,0.6094,0.4821,1.0915
14546.0,0.0006,1.2788,1.2793999999999999
14547.0,0.388,0.4541,0.8421000000000001
14548.0,0.5044,0.4573,0.9617
14549.0,0.4369,0.4781,0.915
14550.0,0.4925,0.5094,1.0019
14551.0,0.3495,0.5042,0.8536999999999999
14552.0,0.4084,0.5054,0.9138
14553.0,0.5515,0.4962,1.0476999999999999
14554.0,0.5383,0.5,1.0383
14555.0,0.4601,0.5079,0.968
14556.0,0.5022,0.508,1.0102
14557.0,0.4978,0.4886,0.9863999999999999
14558.0,0.3787,0.474,0.8527
14559.0,0.3807,0.4388,0.8195
14560.0,0.0042,0.3447,0.3489
14561.0,0.5325,0.4874,1.0199
14562.0,0.4881,0.5132,1.0013
14563.0,0.408,0.5241,0.9320999999999999
14564.0,0.4352,0.5362,0.9714
14565.0,0.5624,0.5082,1.0706
14566.0,0.4103,0.4597,0.87
14567.0,0.4168,0.4855,0.9023
14568.0,0.5662,0.4965,1.0627
14569.0,0.4973,0.4829,0.9802
14570.0,0.5023,0.512,1.0143
14571.0,0.5845,0.4931,1.0776
14572.0,0.541,0.4723,1.0133
14573.0,0.3983,0.4692,0.8674999999999999
14574.0,0.0034,0.0453,0.0487
14575.0,0.4718,0.4668,0.9386
14576.0,0.3833,0.4641,0.8473999999999999
14577.0,0.4515,0.4834,0.9349000000000001
14578.0,0.5154,0.4767,0.9921
14579.0,0.4604,0.4564,0.9168
14580.0,0.5261,0.4814,1.0075
14581.0,0.42,0.4536,0.8735999999999999
14582.0,0.4341,0.4453,0.8794
14583.0,0.4717,0.4549,0.9266000000000001
14584.0,0.5087,0.471,0.9797
14585.0,0.4273,0.4441,0.8714
14586.0,0.4929,0.4622,0.9551000000000001
14587.0,0.4233,0.4281,0.8513999999999999
14588.0,0.0242,0.2292,0.25339999999999996
14589.0,0.4057,0.4665,0.8722000000000001
14590.0,0.3968,0.4588,0.8555999999999999
14591.0,0.386,0.4679,0.8539
14592.0,0.5335,0.4579,0.9914
14593.0,0.4413,0.475,0.9163
14594.0,0.4856,0.4549,0.9405
14595.0,0.432,0.4701,0.9021
14596.0,0.4875,0.4538,0.9413
14597.0,0.5935,0.4538,1.0473
14598.0,0.548,0.455,1.0030000000000001
14599.0,0.3652,0.4447,0.8099000000000001
14600.0,0.5823,0.4487,1.0310000000000001
14601.0,0.412,0.4351,0.8471
14602.0,0.0276,1.117,1.1446
14603.0,0.4897,0.4381,0.9278
14604.0,0.481,0.4916,0.9725999999999999
14605.0,0.4497,0.4652,0.9149
14606.0,0.6031,0.4775,1.0806
14607.0,0.4229,0.5054,0.9282999999999999
14608.0,0.4546,0.4782,0.9328000000000001
14609.0,0.4728,0.4727,0.9455
14610.0,0.4519,0.4441,0.896
14611.0,0.5271,0.4855,1.0126
14612.0,0.4432,0.4741,0.9173
14613.0,0.4251,0.4715,0.8966
14614.0,0.4102,0.4444,0.8546
14615.0,0.4524,0.4471,0.8995
14616.0,1.7527,0.1105,1.8632
14617.0,0.491,0.4592,0.9501999999999999
14618.0,0.3784,0.4613,0.8397
14619.0,0.6664,0.4817,1.1481
14620.0,0.5452,0.4699,1.0151
14621.0,0.4167,0.4604,0.8771
14622.0,0.5356,0.454,0.9896
14623.0,0.5596,0.4557,1.0152999999999999
14624.0,0.4837,0.4491,0.9328000000000001
14625.0,0.4501,0.4699,0.9199999999999999
14626.0,0.4234,0.4604,0.8837999999999999
14627.0,0.505,0.4785,0.9835
14628.0,0.3791,0.4751,0.8542000000000001
14629.0,0.3579,0.4599,0.8178
14630.0,0.0679,0.3413,0.4092
14631.0,0.4655,0.4559,0.9214
14632.0,0.3535,0.463,0.8165
14633.0,0.4291,0.4774,0.9065
14634.0,0.4348,0.49,0.9248000000000001
14635.0,0.4623,0.481,0.9433
14636.0,0.4579,0.4797,0.9376
14637.0,0.5431,0.4658,1.0089000000000001
14638.0,0.444,0.447,0.891
14639.0,0.5222,0.4505,0.9727
14640.0,0.5118,0.4467,0.9585
14641.0,0.4717,0.4653,0.937
14642.0,0.4413,0.4544,0.8957
14643.0,0.3591,0.4441,0.8031999999999999
14644.0,0.0169,0.2143,0.2312
14645.0,0.4422,0.4419,0.8841
14646.0,0.4426,0.4336,0.8762
14647.0,0.4476,0.4757,0.9233
14648.0,0.4969,0.4619,0.9588
14649.0,0.366,0.4765,0.8425
14650.0,0.4144,0.4676,0.882
14651.0,0.3642,0.4368,0.801
14652.0,0.5092,0.4385,0.9477
14653.0,0.4185,0.4396,0.8581
14654.0,0.4679,0.4377,0.9056
14655.0,0.4786,0.456,0.9346000000000001
14656.0,0.4008,0.4524,0.8532
14657.0,0.4519,0.408,0.8599
14658.0,0.0006,0.3097,0.31029999999999996
14659.0,0.3676,0.4338,0.8014
14660.0,0.4991,0.4678,0.9669
14661.0,0.4791,0.4876,0.9667
14662.0,0.6666,0.4894,1.156
14663.0,0.8768,0.4829,1.3597000000000001
14664.0,0.4874,0.4704,0.9578
14665.0,0.398,0.4443,0.8423
14666.0,0.3739,0.442,0.8159000000000001
14667.0,0.447,0.4578,0.9048
14668.0,0.4741,0.4591,0.9332
14669.0,0.4412,0.4772,0.9184
14670.0,0.5056,0.4438,0.9494
14671.0,0.4605,0.4447,0.9052
14672.0,1.1531,0.4741,1.6272
14673.0,0.5106,0.4614,0.972
14674.0,0.6827,0.4601,1.1428
14675.0,0.5063,0.4785,0.9847999999999999
14676.0,0.7167,0.4892,1.2059
14677.0,0.6599,0.4887,1.1486
14678.0,0.7587,0.4632,1.2219
14679.0,0.5878,0.5006,1.0884
14680.0,0.7409,0.4778,1.2187000000000001
14681.0,0.6603,0.5171,1.1774
14682.0,0.6109,0.51,1.1209
14683.0,0.4339,0.5209,0.9548000000000001
14684.0,0.431,0.4855,0.9165
14685.0,0.7195,0.4798,1.1993
14686.0,0.0098,0.6454,0.6552
14687.0,0.5837,0.5138,1.0975000000000001
14688.0,0.6037,0.4962,1.0998999999999999
14689.0,0.376,0.5324,0.9084
14690.0,0.3774,0.5378,0.9152
14691.0,0.4186,0.5278,0.9464000000000001
14692.0,0.3613,0.5138,0.8751
14693.0,0.4428,0.515,0.9578
14694.0,0.3985,0.5165,0.915
14695.0,0.4386,0.5057,0.9443
14696.0,0.5923,0.5012,1.0935000000000001
14697.0,0.4414,0.506,0.9474
14698.0,0.607,0.4955,1.1025
14699.0,0.8979,0.5044,1.4022999999999999
14700.0,0.0161,0.681,0.6971
14701.0,0.4542,0.5221,0.9763
14702.0,0.4603,0.4879,0.9481999999999999
14703.0,0.4756,0.4872,0.9628000000000001
14704.0,0.3845,0.4898,0.8743000000000001
14705.0,0.5294,0.499,1.0284
14706.0,0.4481,0.4775,0.9256
14707.0,0.6208,0.4886,1.1094
14708.0,0.6198,0.4929,1.1127
14709.0,0.4269,0.4731,0.9
14710.0,0.4454,0.4549,0.9003000000000001
14711.0,0.4796,0.5039,0.9835
14712.0,0.5103,0.4749,0.9852
14713.0,0.4228,0.476,0.8988
14714.0,0.9465,0.5861,1.5326
14715.0,0.4273,0.4836,0.9109
14716.0,0.5003,0.4826,0.9828999999999999
14717.0,0.746,0.49,1.236
14718.0,0.4852,0.4756,0.9608000000000001
14719.0,0.4713,0.4748,0.9460999999999999
14720.0,0.4294,0.4983,0.9277
14721.0,0.5068,0.4782,0.9850000000000001
14722.0,0.7301,0.5022,1.2323
14723.0,0.5016,0.4671,0.9687000000000001
14724.0,0.508,0.4768,0.9848
14725.0,0.3587,0.4557,0.8144
14726.0,0.6313,0.4563,1.0876
14727.0,1.0103,0.4629,1.4731999999999998
14728.0,0.0004,0.0794,0.0798
14729.0,0.5809,0.4597,1.0406
14730.0,0.4687,0.4565,0.9252
14731.0,0.5123,0.4641,0.9763999999999999
14732.0,0.5018,0.4742,0.976
14733.0,0.4702,0.4508,0.921
14734.0,0.6747,0.4479,1.1226
14735.0,0.5041,0.4314,0.9355
14736.0,0.5298,0.444,0.9738
14737.0,0.7357,0.4431,1.1788
14738.0,0.6219,0.4584,1.0803
14739.0,0.368,0.4396,0.8076
14740.0,0.4938,0.4445,0.9383
14741.0,0.4222,0.4453,0.8674999999999999
14742.0,0.0016,0.0503,0.051899999999999995
14743.0,0.3764,0.4354,0.8118000000000001
14744.0,0.4129,0.4588,0.8716999999999999
14745.0,0.4404,0.4476,0.888
14746.0,0.4297,0.4316,0.8613
14747.0,0.4089,0.4482,0.8571
14748.0,0.4161,0.44,0.8561000000000001
14749.0,0.4283,0.4245,0.8528
14750.0,0.4142,0.4301,0.8443
14751.0,0.396,0.4423,0.8383
14752.0,0.4395,0.4478,0.8873
14753.0,0.5209,0.4443,0.9652000000000001
14754.0,0.5319,0.4537,0.9856
14755.0,0.4219,0.4223,0.8442000000000001
14756.0,0.1938,0.1338,0.3276
14757.0,0.4527,0.4365,0.8892
14758.0,0.4963,0.432,0.9283
14759.0,0.4343,0.4687,0.903
14760.0,0.4177,0.4511,0.8688
14761.0,0.5162,0.462,0.9782
14762.0,0.5093,0.4818,0.9911
14763.0,0.3769,0.4314,0.8083
14764.0,0.3559,0.4298,0.7857000000000001
14765.0,0.7831,0.4563,1.2394
14766.0,0.4828,0.4368,0.9196
14767.0,0.5011,0.4375,0.9386
14768.0,0.4723,0.4347,0.907
14769.0,0.3645,0.4632,0.8277
14770.0,0.0029,0.1937,0.1966
14771.0,0.3187,0.4358,0.7545
14772.0,0.5218,0.453,0.9748000000000001
14773.0,0.4013,0.459,0.8603000000000001
14774.0,0.6217,0.4667,1.0884
14775.0,0.4456,0.4374,0.883
14776.0,0.5402,0.4649,1.0051
14777.0,0.4503,0.4555,0.9057999999999999
14778.0,0.3895,0.4485,0.8380000000000001
14779.0,0.4437,0.4593,0.903
14780.0,0.4968,0.4634,0.9601999999999999
14781.0,0.416,0.4514,0.8674
14782.0,0.4195,0.4441,0.8635999999999999
14783.0,0.4369,0.4239,0.8608
14784.0,29.7202,1.5215,31.241699999999998
14785.0,0.6107,0.4514,1.0621
14786.0,0.6251,0.4797,1.1048
14787.0,1.0024,0.5319,1.5343
14788.0,0.8915,0.5824,1.4739
14789.0,1.1739,0.563,1.7368999999999999
14790.0,1.1199,0.5487,1.6685999999999999
14791.0,1.1874,0.5347,1.7221
14792.0,0.7662,0.5399,1.3061
14793.0,0.7789,0.5587,1.3376000000000001
14794.0,0.7052,0.5882,1.2934
14795.0,0.6513,0.6009,1.2522
14796.0,0.8142,0.5978,1.412
14797.0,0.6294,0.5845,1.2139
14798.0,0.7873,1.1834,1.9707
14799.0,0.5494,0.6035,1.1529
14800.0,0.6395,0.6192,1.2587
14801.0,0.6244,0.6631,1.2875
14802.0,0.4793,0.6964,1.1757
14803.0,0.6889,0.6803,1.3692
14804.0,0.6182,0.6848,1.303
14805.0,0.5683,0.6497,1.218
14806.0,0.611,0.5995,1.2105000000000001
14807.0,0.665,0.6071,1.2721
14808.0,0.6147,0.5863,1.201
14809.0,0.6247,0.5976,1.2223000000000002
14810.0,0.7428,0.6442,1.387
14811.0,0.7295,0.6626,1.3921000000000001
14812.0,0.0245,0.7239,0.7484
14813.0,0.487,0.6109,1.0979
14814.0,0.4202,0.6135,1.0337
14815.0,0.4725,0.6248,1.0973
14816.0,0.6939,0.5981,1.2919999999999998
14817.0,0.5641,0.5916,1.1557
14818.0,0.7148,0.5879,1.3027
14819.0,0.559,0.5836,1.1426
14820.0,0.642,0.5791,1.2210999999999999
14821.0,0.5588,0.5751,1.1339
14822.0,0.526,0.5599,1.0859
14823.0,0.3959,0.5745,0.9703999999999999
14824.0,0.5581,0.5608,1.1189
14825.0,0.9032,0.5457,1.4489
14826.0,0.0061,1.0556,1.0617
14827.0,0.4471,0.5355,0.9825999999999999
14828.0,0.5618,0.5805,1.1423
14829.0,0.4527,0.5621,1.0148000000000001
14830.0,0.5719,0.583,1.1549
14831.0,0.388,0.5576,0.9456
14832.0,0.7763,0.581,1.3573
14833.0,0.4106,0.5239,0.9345000000000001
14834.0,0.5812,0.5712,1.1524
14835.0,0.4885,0.5335,1.022
14836.0,0.495,0.5543,1.0493000000000001
14837.0,0.4924,0.5604,1.0528
14838.0,0.6188,0.578,1.1968
14839.0,0.5338,0.5213,1.0551
14840.0,2.2491,0.1614,2.4105
14841.0,0.6002,0.5393,1.1395
14842.0,0.5475,0.5159,1.0634000000000001
14843.0,0.5621,0.5574,1.1195
14844.0,0.4265,0.5032,0.9297
14845.0,0.4382,0.5152,0.9534
14846.0,0.5437,0.5068,1.0505
14847.0,0.7198,0.5391,1.2589000000000001
14848.0,0.4151,0.4776,0.8927
14849.0,0.4537,0.5,0.9537
14850.0,0.707,0.4983,1.2053
14851.0,0.4593,0.4858,0.9451
14852.0,0.4053,0.508,0.9133
14853.0,0.5086,0.4702,0.9788000000000001
14854.0,0.464,0.4337,0.8976999999999999
14855.0,0.5397,0.5089,1.0486
14856.0,0.6257,0.521,1.1467
14857.0,0.4344,0.5477,0.9821
14858.0,0.5547,0.5135,1.0682
14859.0,0.4508,0.525,0.9758
14860.0,0.4543,0.5377,0.992
14861.0,0.5477,0.5144,1.0621
14862.0,0.5271,0.515,1.0421
14863.0,0.3865,0.5309,0.9174
14864.0,0.5914,0.5097,1.1011000000000002
14865.0,0.3995,0.5228,0.9223000000000001
14866.0,0.4531,0.5022,0.9553
14867.0,0.4439,0.4974,0.9413
14868.0,-0.0,0.2581,0.2581
14869.0,0.3544,0.5039,0.8583000000000001
14870.0,0.3981,0.5065,0.9046
14871.0,0.3878,0.5328,0.9206000000000001
14872.0,0.7333,0.5163,1.2496
14873.0,0.5452,0.5456,1.0908
14874.0,0.5062,0.5409,1.0471
14875.0,0.4596,0.5211,0.9807
14876.0,0.4842,0.494,0.9782
14877.0,0.688,0.503,1.1909999999999998
14878.0,0.5205,0.5132,1.0337
14879.0,0.5203,0.4891,1.0093999999999999
14880.0,0.4602,0.4722,0.9324
14881.0,1.1566,0.5137,1.6703000000000001
14882.0,0.0039,0.7164,0.7203
14883.0,0.5442,0.4706,1.0148000000000001
14884.0,0.5038,0.5224,1.0262
14885.0,0.4586,0.5056,0.9642000000000001
14886.0,0.4891,0.5132,1.0023
14887.0,0.5079,0.5019,1.0098
14888.0,0.4864,0.5147,1.0011
14889.0,0.4197,0.4991,0.9188000000000001
14890.0,0.4626,0.4798,0.9424
14891.0,0.5117,0.5093,1.021
14892.0,0.534,0.4811,1.0151000000000001
14893.0,0.443,0.506,0.9490000000000001
14894.0,0.3671,0.4815,0.8486
14895.0,0.3809,0.4997,0.8806
14896.0,0.013,0.3369,0.3499
14897.0,0.4341,0.5117,0.9458
14898.0,0.4711,0.4911,0.9621999999999999
14899.0,0.4171,0.5162,0.9333
14900.0,0.4022,0.5009,0.9031
14901.0,0.463,0.4941,0.9571000000000001
14902.0,0.5508,0.5022,1.053
14903.0,0.4036,0.514,0.9176
14904.0,0.5217,0.4745,0.9962
14905.0,0.3979,0.4757,0.8735999999999999
14906.0,0.4572,0.4728,0.9299999999999999
14907.0,0.4198,0.4565,0.8763000000000001
14908.0,0.4511,0.478,0.9291
14909.0,0.5384,0.5064,1.0448
14910.0,0.0001,0.0849,0.085
14911.0,0.416,0.4733,0.8893
14912.0,0.6471,0.48,1.1271
14913.0,0.4905,0.4697,0.9601999999999999
14914.0,0.4607,0.4917,0.9524
14915.0,0.5678,0.4542,1.022
14916.0,0.4187,0.4555,0.8742000000000001
14917.0,0.4396,0.4774,0.917
14918.0,0.4818,0.4697,0.9515
14919.0,0.5797,0.4784,1.0581
14920.0,0.5194,0.463,0.9823999999999999
14921.0,0.4748,0.4657,0.9405
14922.0,0.4508,0.4529,0.9037
14923.0,0.4607,0.4698,0.9305
14924.0,7.5776,0.5983,8.1759
14925.0,0.503,0.4814,0.9843999999999999
14926.0,0.4928,0.5319,1.0247000000000002
14927.0,0.4695,0.5907,1.0602
14928.0,0.6074,0.6161,1.2235
14929.0,0.5078,0.5868,1.0946
14930.0,0.5093,0.5559,1.0652
14931.0,0.8078,0.5475,1.3553
14932.0,0.5702,0.5377,1.1078999999999999
14933.0,0.5555,0.549,1.1045
14934.0,0.5098,0.5441,1.0539
14935.0,0.668,0.5694,1.2374
14936.0,0.4571,0.5657,1.0228
14937.0,0.539,0.5355,1.0745
14938.0,0.3976,0.145,0.5426
14939.0,0.4338,0.5658,0.9996
14940.0,0.4045,0.539,0.9435
14941.0,0.6831,0.5628,1.2459
14942.0,0.4244,0.5453,0.9697
14943.0,0.5174,0.5231,1.0405
14944.0,0.4614,0.5357,0.9970999999999999
14945.0,0.4986,0.5311,1.0297
14946.0,0.3757,0.5475,0.9232
14947.0,0.8169,0.5405,1.3574
14948.0,0.5355,0.5394,1.0749
14949.0,0.64,0.5206,1.1606
14950.0,0.4101,0.5082,0.9183
14951.0,0.8409,0.5008,1.3417
14952.0,0.0894,0.2196,0.309
14953.0,0.4762,0.525,1.0012
14954.0,0.4651,0.5444,1.0095
14955.0,0.5181,0.5679,1.0859999999999999
14956.0,0.4909,0.5481,1.0390000000000001
14957.0,0.4293,0.5473,0.9766
14958.0,0.4611,0.5172,0.9783
14959.0,0.4294,0.5203,0.9497
14960.0,0.632,0.5154,1.1474
14961.0,0.4539,0.5088,0.9627000000000001
14962.0,0.4762,0.482,0.9581999999999999
14963.0,0.6565,0.5116,1.1681
14964.0,0.5073,0.5075,1.0148
14965.0,0.5242,0.4973,1.0215
14966.0,0.0084,0.8996,0.9079999999999999
14967.0,0.4023,0.5045,0.9067999999999999
14968.0,0.4061,0.5396,0.9457
14969.0,0.4283,0.4928,0.9211
14970.0,0.4524,0.4995,0.9519
14971.0,0.4725,0.4737,0.9461999999999999
14972.0,0.4675,0.506,0.9735
14973.0,0.5506,0.495,1.0455999999999999
14974.0,0.5779,0.498,1.0758999999999999
14975.0,0.4507,0.4877,0.9384
14976.0,0.3197,0.467,0.7867
14977.0,0.6243,0.4848,1.1091
14978.0,0.4828,0.4705,0.9533
14979.0,0.5363,0.5007,1.037
14980.0,0.1266,0.4193,0.5459
14981.0,0.5279,0.4894,1.0173
14982.0,0.6747,0.4706,1.1453
14983.0,0.4078,0.4602,0.868
14984.0,0.3973,0.4704,0.8676999999999999
14985.0,0.5607,0.5001,1.0608
14986.0,0.4454,0.4814,0.9268000000000001
14987.0,0.4232,0.4666,0.8898
14988.0,0.5573,0.4703,1.0276
14989.0,0.5801,0.4535,1.0335999999999999
14990.0,0.3742,0.4742,0.8484
14991.0,0.4641,0.4832,0.9473
14992.0,0.4886,0.4546,0.9432
14993.0,0.3847,0.4736,0.8583000000000001
14994.0,0.0511,0.6366,0.6877000000000001
14995.0,0.4812,0.4721,0.9533
14996.0,0.4699,0.4506,0.9205
14997.0,0.4369,0.476,0.9129
14998.0,0.4196,0.4994,0.919
14999.0,0.3556,0.4686,0.8242
15000.0,0.3928,0.4896,0.8824
15001.0,0.4764,0.478,0.9543999999999999
15002.0,0.6313,0.4655,1.0968
15003.0,0.3867,0.4614,0.8481
15004.0,0.5077,0.4564,0.9641
15005.0,0.5059,0.4725,0.9783999999999999
15006.0,0.4597,0.4653,0.925
15007.0,0.4822,0.4627,0.9449000000000001
15008.0,0.0005,0.0883,0.0888
15009.0,0.4955,0.4771,0.9726
15010.0,0.4185,0.4587,0.8772
15011.0,0.471,0.4608,0.9318
15012.0,0.5045,0.4817,0.9862
15013.0,0.4593,0.4695,0.9288
15014.0,0.5381,0.4751,1.0132
15015.0,0.4013,0.4459,0.8472
15016.0,0.3431,0.4705,0.8136
15017.0,0.5603,0.454,1.0143
15018.0,0.4725,0.4577,0.9301999999999999
15019.0,0.4155,0.4604,0.8758999999999999
15020.0,0.4037,0.4616,0.8653
15021.0,0.5077,0.4572,0.9649000000000001
15022.0,-0.0,0.0474,0.0474
15023.0,0.4357,0.48,0.9157
15024.0,0.4175,0.4791,0.8966000000000001
15025.0,0.4828,0.4651,0.9479
15026.0,0.4967,0.4732,0.9699
15027.0,0.4867,0.4455,0.9322
15028.0,0.353,0.4614,0.8144
15029.0,0.4555,0.4426,0.8981
15030.0,0.4008,0.4555,0.8563000000000001
15031.0,0.4309,0.4474,0.8783000000000001
15032.0,0.457,0.452,0.909
15033.0,0.4627,0.4513,0.9139999999999999
15034.0,0.5205,0.4437,0.9642
15035.0,0.5564,0.4484,1.0048
15036.0,0.0865,0.2566,0.34309999999999996
15037.0,0.6835,0.462,1.1455
15038.0,0.457,0.4538,0.9108
15039.0,0.4202,0.4583,0.8785000000000001
15040.0,0.365,0.4534,0.8184
15041.0,0.4497,0.4552,0.9049
15042.0,0.5674,0.4739,1.0413000000000001
15043.0,0.4468,0.4269,0.8736999999999999
15044.0,0.4492,0.4339,0.8831
15045.0,0.4722,0.4609,0.9331
15046.0,0.5096,0.4504,0.9600000000000001
15047.0,0.4248,0.453,0.8778
15048.0,0.369,0.461,0.8300000000000001
15049.0,0.4411,0.4481,0.8892
15050.0,0.0145,1.3722,1.3867
15051.0,0.4206,0.4551,0.8756999999999999
15052.0,0.3675,0.4678,0.8352999999999999
15053.0,0.4484,0.4841,0.9325
15054.0,0.4354,0.5109,0.9463
15055.0,0.4094,0.4837,0.8931
15056.0,0.4171,0.4834,0.9005000000000001
15057.0,0.4375,0.4581,0.8956
15058.0,0.3604,0.4523,0.8127
15059.0,0.4631,0.4459,0.909
15060.0,0.4159,0.4672,0.8831
15061.0,0.5589,0.4718,1.0307
15062.0,0.4465,0.4925,0.9390000000000001
15063.0,0.4638,0.4442,0.9079999999999999
15064.0,0.0134,0.6896,0.703
15065.0,0.4125,0.4594,0.8718999999999999
15066.0,0.4929,0.4614,0.9542999999999999
15067.0,0.3752,0.4703,0.8454999999999999
15068.0,0.4622,0.4795,0.9417
15069.0,0.4228,0.4767,0.8995
15070.0,0.3592,0.466,0.8252
15071.0,0.6374,0.4672,1.1046
15072.0,0.4304,0.4733,0.9037
15073.0,0.4257,0.4514,0.8771
15074.0,0.4295,0.4625,0.892
15075.0,0.4416,0.4582,0.8997999999999999
15076.0,0.6036,0.4481,1.0517
15077.0,0.392,0.453,0.845
15078.0,0.0019,1.186,1.1879
15079.0,0.5093,0.457,0.9662999999999999
15080.0,0.5744,0.4912,1.0656
15081.0,0.4235,0.5428,0.9662999999999999
15082.0,0.538,0.5074,1.0453999999999999
15083.0,0.4958,0.5488,1.0446
15084.0,0.4487,0.4738,0.9225
15085.0,0.3676,0.4982,0.8657999999999999
15086.0,0.3951,0.4727,0.8678
15087.0,0.45,0.4854,0.9354
15088.0,0.4148,0.4921,0.9069
15089.0,0.4073,0.4896,0.8969
15090.0,0.4633,0.4882,0.9515
15091.0,0.4195,0.4933,0.9128000000000001
15092.0,0.6351,0.1483,0.7834
15093.0,0.7995,0.4798,1.2793
15094.0,0.6071,0.5023,1.1094
15095.0,0.6811,0.5264,1.2075
15096.0,0.5809,0.493,1.0739
15097.0,0.5067,0.4646,0.9713
15098.0,0.3931,0.4856,0.8787
15099.0,0.4604,0.4978,0.9581999999999999
15100.0,0.4428,0.4688,0.9116
15101.0,0.5288,0.4828,1.0116
15102.0,0.4138,0.4931,0.9069
15103.0,0.4266,0.489,0.9156
15104.0,0.4671,0.4593,0.9264
15105.0,0.4816,0.4677,0.9493
15106.0,0.0099,0.7039,0.7138
15107.0,0.5188,0.4888,1.0076
15108.0,0.5313,0.4817,1.013
15109.0,0.6742,0.4729,1.1471
15110.0,0.3875,0.494,0.8815
15111.0,0.4486,0.4719,0.9205
15112.0,0.4829,0.4774,0.9602999999999999
15113.0,0.459,0.4923,0.9513
15114.0,0.5993,0.4861,1.0854
15115.0,0.4752,0.4716,0.9468000000000001
15116.0,0.4877,0.4817,0.9694
15117.0,0.4402,0.4894,0.9296
15118.0,0.5448,0.4502,0.9949999999999999
15119.0,0.4777,0.4859,0.9636
15120.0,0.4462,0.1333,0.5795
15121.0,0.5421,0.4608,1.0029
15122.0,0.47,0.5009,0.9709
15123.0,0.4192,0.4707,0.8899
15124.0,0.5937,0.5016,1.0953
15125.0,0.5213,0.4753,0.9965999999999999
15126.0,0.4719,0.4653,0.9372
15127.0,0.4447,0.4783,0.923
15128.0,0.4709,0.4645,0.9354
15129.0,0.5627,0.4513,1.014
15130.0,0.4429,0.4756,0.9185000000000001
15131.0,0.4615,0.4589,0.9204
15132.0,0.4272,0.484,0.9112
15133.0,0.389,0.465,0.8540000000000001
15134.0,0.4704,0.345,0.8153999999999999
15135.0,0.3923,0.4511,0.8433999999999999
15136.0,0.6341,0.4815,1.1156
15137.0,0.4463,0.4629,0.9092
15138.0,0.9039,0.4676,1.3715000000000002
15139.0,0.4198,0.4791,0.8989
15140.0,0.4352,0.4501,0.8853
15141.0,0.6218,0.4666,1.0884
15142.0,0.467,0.4659,0.9329000000000001
15143.0,0.5409,0.4736,1.0145
15144.0,0.3704,0.4802,0.8506
15145.0,0.4334,0.4574,0.8908
15146.0,0.459,0.4605,0.9195
15147.0,0.5088,0.4571,0.9659
15148.0,0.9393,0.1923,1.1316
15149.0,0.3595,0.4733,0.8328
15150.0,0.5166,0.4919,1.0085
15151.0,0.5906,0.4743,1.0649
15152.0,0.6564,0.4856,1.142
15153.0,0.5812,0.4698,1.0510000000000002
15154.0,0.5888,0.4621,1.0509
15155.0,0.5781,0.4963,1.0744
15156.0,0.4602,0.4747,0.9349000000000001
15157.0,0.5538,0.465,1.0188
15158.0,0.4774,0.4925,0.9699
15159.0,0.5396,0.4719,1.0114999999999998
15160.0,0.4564,0.4999,0.9562999999999999
15161.0,0.4292,0.4981,0.9273
15162.0,-0.0,0.0345,0.0345
15163.0,0.4134,0.4567,0.8701
15164.0,0.4864,0.4539,0.9403
15165.0,0.3919,0.4845,0.8764000000000001
15166.0,0.5154,0.4735,0.9888999999999999
15167.0,0.5115,0.4604,0.9719
15168.0,0.5097,0.4585,0.9682000000000001
15169.0,0.4279,0.453,0.8809
15170.0,0.4452,0.4685,0.9137
15171.0,0.3976,0.4616,0.8592
15172.0,0.3353,0.4692,0.8045
15173.0,0.4648,0.4711,0.9359
15174.0,0.4849,0.4654,0.9502999999999999
15175.0,0.498,0.4786,0.9766
15176.0,0.0106,0.2713,0.2819
15177.0,0.4654,0.4308,0.8962
15178.0,0.363,0.4324,0.7954
15179.0,0.5781,0.4709,1.049
15180.0,0.5235,0.458,0.9815
15181.0,0.453,0.4579,0.9109
15182.0,0.4923,0.4614,0.9537
15183.0,0.4436,0.4587,0.9023
15184.0,0.4917,0.4407,0.9324
15185.0,0.4803,0.4506,0.9309000000000001
15186.0,0.5877,0.4367,1.0244
15187.0,0.4532,0.4654,0.9186
15188.0,0.4677,0.4514,0.9191
15189.0,0.4128,0.449,0.8618
15190.0,0.3237,0.1842,0.5079
15191.0,0.5312,0.4723,1.0035
15192.0,0.4342,0.466,0.9002
15193.0,0.5447,0.4633,1.008
15194.0,0.4393,0.4814,0.9207000000000001
15195.0,0.5393,0.4627,1.002
15196.0,0.6192,0.4438,1.063
15197.0,0.4667,0.457,0.9237
15198.0,0.4303,0.4437,0.874
15199.0,0.4848,0.4466,0.9314
15200.0,0.4171,0.4605,0.8776
15201.0,0.4305,0.4797,0.9102
15202.0,0.705,0.4585,1.1635
15203.0,0.509,0.4723,0.9813000000000001
15204.0,0.031,0.1935,0.2245
15205.0,0.3788,0.4455,0.8243
15206.0,0.5687,0.4558,1.0245
15207.0,0.5036,0.4545,0.9581000000000001
15208.0,0.5514,0.4588,1.0102
15209.0,0.3796,0.4664,0.846
15210.0,0.4186,0.45,0.8686
15211.0,0.504,0.4513,0.9553
15212.0,0.4496,0.4451,0.8947
15213.0,0.4287,0.4554,0.8841000000000001
15214.0,0.438,0.4494,0.8874
15215.0,0.5082,0.4448,0.953
15216.0,0.3838,0.445,0.8288
15217.0,0.5713,0.437,1.0083
15218.0,-0.0,0.09,0.09
15219.0,0.4992,0.4309,0.9300999999999999
15220.0,0.4498,0.4372,0.887
15221.0,0.4412,0.4436,0.8848
15222.0,0.5178,0.4548,0.9726
15223.0,0.4382,0.4498,0.8879999999999999
15224.0,0.459,0.4595,0.9185000000000001
15225.0,0.7186,0.4343,1.1529
15226.0,0.3879,0.4568,0.8447
15227.0,0.3815,0.4248,0.8063
15228.0,0.4032,0.4569,0.8601
15229.0,0.3808,0.436,0.8168
15230.0,0.398,0.4222,0.8202
15231.0,0.5041,0.4256,0.9297
15232.0,0.0739,0.1036,0.1775
15233.0,0.5299,0.4552,0.9851000000000001
15234.0,0.5829,0.461,1.0439
15235.0,0.4704,0.4739,0.9442999999999999
15236.0,0.4813,0.4656,0.9469000000000001
15237.0,0.482,0.4524,0.9344
15238.0,0.4275,0.4228,0.8503000000000001
15239.0,0.4202,0.4221,0.8423
15240.0,0.4509,0.4357,0.8866
15241.0,0.4643,0.4598,0.9240999999999999
15242.0,0.3322,0.4435,0.7757000000000001
15243.0,0.4815,0.43,0.9115
15244.0,0.4905,0.4305,0.921
15245.0,0.393,0.4321,0.8251
15246.0,0.2061,0.2507,0.4568
15247.0,0.3365,0.4434,0.7799
15248.0,0.4029,0.4492,0.8521
15249.0,0.3559,0.4203,0.7762
15250.0,0.5792,0.4462,1.0254
15251.0,0.3865,0.4254,0.8119000000000001
15252.0,0.4445,0.436,0.8805000000000001
15253.0,0.6036,0.449,1.0526
15254.0,0.3788,0.4367,0.8155
15255.0,0.4378,0.441,0.8788
15256.0,0.3762,0.4314,0.8076
15257.0,0.3942,0.4527,0.8469
15258.0,0.4509,0.4524,0.9033
15259.0,0.7316,0.4273,1.1589
15260.0,0.0023,0.1264,0.1287
15261.0,0.3898,0.4408,0.8306
15262.0,0.4994,0.4334,0.9328000000000001
15263.0,0.4726,0.4271,0.8996999999999999
15264.0,0.521,0.4289,0.9499
15265.0,0.4874,0.4451,0.9325
15266.0,0.4316,0.4446,0.8762
15267.0,0.4696,0.4492,0.9188000000000001
15268.0,0.5387,0.4566,0.9953
15269.0,0.3906,0.4186,0.8092
15270.0,0.6027,0.4296,1.0323
15271.0,0.382,0.4332,0.8151999999999999
15272.0,0.4379,0.4315,0.8694
15273.0,0.4824,0.4155,0.8978999999999999
15274.0,0.2029,0.3812,0.5841
15275.0,0.6464,0.4278,1.0742
15276.0,0.3936,0.4435,0.8371
15277.0,0.3798,0.4563,0.8361000000000001
15278.0,0.4506,0.4778,0.9284
15279.0,0.3533,0.4808,0.8341000000000001
15280.0,0.5675,0.4918,1.0593
15281.0,0.3827,0.4482,0.8309
15282.0,0.4561,0.4461,0.9022
15283.0,0.8162,0.431,1.2472
15284.0,0.368,0.4419,0.8099000000000001
15285.0,0.6355,0.4584,1.0938999999999999
15286.0,0.363,0.4475,0.8105
15287.0,0.4223,0.4506,0.8729
15288.0,1.7262,0.3484,2.0745999999999998
15289.0,0.4191,0.442,0.8611
15290.0,0.5742,0.4636,1.0378
15291.0,0.42,0.444,0.864
15292.0,0.3987,0.4538,0.8525
15293.0,0.6353,0.4616,1.0969
15294.0,0.8787,0.4238,1.3025
15295.0,0.5448,0.4331,0.9779
15296.0,0.4308,0.4348,0.8656
15297.0,0.4673,0.4461,0.9134
15298.0,0.5583,0.4489,1.0072
15299.0,0.4548,0.4578,0.9126
15300.0,1.0326,0.4597,1.4923
15301.0,0.5351,0.4525,0.9876
15302.0,0.6353,0.2333,0.8686
15303.0,0.4524,0.4153,0.8677
15304.0,0.4545,0.4358,0.8903000000000001
15305.0,0.4142,0.4727,0.8869
15306.0,0.3643,0.4723,0.8366
15307.0,0.3694,0.4533,0.8227
15308.0,0.4865,0.4516,0.9380999999999999
15309.0,0.4881,0.4561,0.9441999999999999
15310.0,0.6288,0.4646,1.0934
15311.0,0.3638,0.4451,0.8089
15312.0,0.4458,0.4514,0.8972
15313.0,0.8349,0.4578,1.2927
15314.0,0.5411,0.4162,0.9573
15315.0,0.5252,0.4633,0.9884999999999999
15316.0,0.0087,0.3764,0.3851
15317.0,0.4389,0.4467,0.8855999999999999
15318.0,0.6363,0.4733,1.1096
15319.0,0.512,0.4877,0.9997
15320.0,0.6587,0.5038,1.1625
15321.0,0.3901,0.4674,0.8574999999999999
15322.0,0.4957,0.4685,0.9642
15323.0,0.4913,0.463,0.9543
15324.0,0.4117,0.4603,0.872
15325.0,0.5304,0.4673,0.9977
15326.0,0.4427,0.4738,0.9165
15327.0,0.4562,0.4598,0.9159999999999999
15328.0,0.4933,0.4542,0.9475
15329.0,0.3448,0.4482,0.7929999999999999
15330.0,0.0151,0.7274,0.7425
15331.0,0.3992,0.4497,0.8489
15332.0,0.7698,0.4473,1.2171
15333.0,0.5751,0.4768,1.0518999999999998
15334.0,0.5379,0.4526,0.9905
15335.0,0.4484,0.4749,0.9233
15336.0,0.3773,0.4439,0.8212
15337.0,0.3655,0.4607,0.8262
15338.0,0.4872,0.4587,0.9459
15339.0,0.5234,0.4492,0.9725999999999999
15340.0,0.4267,0.4267,0.8534
15341.0,0.4066,0.4475,0.8541000000000001
15342.0,0.4674,0.4498,0.9172
15343.0,0.4234,0.4632,0.8866
15344.0,0.0217,0.6162,0.6379
15345.0,0.4091,0.4546,0.8637
15346.0,0.4194,0.4708,0.8902
15347.0,0.4108,0.4946,0.9054
15348.0,0.3985,0.5165,0.915
15349.0,0.5195,0.5109,1.0304
15350.0,0.5319,0.4675,0.9994000000000001
15351.0,0.4224,0.4704,0.8928
15352.0,0.3822,0.4623,0.8445
15353.0,0.4642,0.4499,0.9141
15354.0,0.3878,0.4451,0.8329
15355.0,0.3524,0.4303,0.7827
15356.0,0.5169,0.4345,0.9514
15357.0,0.4933,0.4408,0.9341
15358.0,0.0017,0.2443,0.246
15359.0,0.4248,0.4722,0.897
15360.0,0.4842,0.4826,0.9668
15361.0,0.3784,0.5269,0.9053
15362.0,0.4528,0.4872,0.94
15363.0,0.4477,0.4971,0.9448
15364.0,0.4095,0.4567,0.8662
15365.0,0.3459,0.4459,0.7918000000000001
15366.0,0.4077,0.4386,0.8463
15367.0,0.3997,0.4565,0.8562000000000001
15368.0,0.4554,0.4402,0.8956
15369.0,0.5538,0.4548,1.0086
15370.0,0.4603,0.4542,0.9145
15371.0,0.4331,0.4682,0.9013
15372.0,0.1018,0.2776,0.3794
15373.0,0.4111,0.4715,0.8826
15374.0,0.4248,0.4652,0.89
15375.0,0.6063,0.4495,1.0558
15376.0,0.3009,0.4606,0.7615000000000001
15377.0,0.4714,0.4525,0.9238999999999999
15378.0,0.5141,0.4531,0.9672000000000001
15379.0,0.4752,0.436,0.9112
15380.0,0.415,0.457,0.872
15381.0,0.5365,0.4316,0.9681
15382.0,0.4584,0.4585,0.9169
15383.0,0.4541,0.4292,0.8833
15384.0,0.3867,0.4455,0.8322
15385.0,0.4635,0.4301,0.8936
15386.0,0.0077,1.2274,1.2351
15387.0,0.4928,0.4238,0.9166000000000001
15388.0,0.6813,0.4328,1.1141
15389.0,0.4917,0.4506,0.9423
15390.0,0.3962,0.413,0.8091999999999999
15391.0,1.2388,0.4615,1.7003
15392.0,0.3977,0.4653,0.863
15393.0,0.6325,0.4532,1.0856999999999999
15394.0,0.3821,0.4351,0.8171999999999999
15395.0,0.5583,0.4473,1.0056
15396.0,0.3343,0.4338,0.7681
15397.0,0.4091,0.4277,0.8368
15398.0,0.4732,0.4332,0.9064
15399.0,0.499,0.4185,0.9175
15400.0,0.1577,1.08,1.2377
15401.0,0.454,0.4379,0.8919
15402.0,0.381,0.4601,0.8411
15403.0,0.3555,0.4733,0.8288
15404.0,0.4254,0.4406,0.866
15405.0,0.4346,0.4678,0.9024
15406.0,0.394,0.472,0.866
15407.0,0.561,0.4528,1.0138
15408.0,0.3901,0.4375,0.8276
15409.0,0.4208,0.4308,0.8516
15410.0,0.3822,0.4286,0.8108
15411.0,0.6376,0.4594,1.097
15412.0,0.5035,0.4459,0.9494
15413.0,0.558,0.4455,1.0035
15414.0,0.0159,0.15,0.1659
15415.0,0.5578,0.4326,0.9904
15416.0,0.3951,0.4571,0.8522000000000001
15417.0,0.5541,0.4727,1.0268000000000002
15418.0,0.4817,0.4656,0.9473
15419.0,0.361,0.4465,0.8075
15420.0,0.4308,0.4339,0.8647
15421.0,0.4616,0.4344,0.896
15422.0,0.3818,0.4404,0.8222
15423.0,0.4124,0.4061,0.8185
15424.0,0.3778,0.4513,0.8291
15425.0,0.4385,0.4245,0.863
15426.0,0.3892,0.4316,0.8208
15427.0,0.5199,0.4385,0.9584
15428.0,0.0004,0.9714,0.9718
15429.0,0.3741,0.4296,0.8037
15430.0,0.4278,0.4499,0.8777
15431.0,0.3891,0.4279,0.817
15432.0,0.461,0.4606,0.9216
15433.0,0.4024,0.4321,0.8345
15434.0,0.3958,0.4391,0.8349
15435.0,0.456,0.4355,0.8915
15436.0,0.4087,0.436,0.8447
15437.0,0.4881,0.4396,0.9277
15438.0,0.4798,0.4438,0.9236
15439.0,0.5607,0.4432,1.0039
15440.0,0.5882,0.4456,1.0337999999999998
15441.0,0.4387,0.4539,0.8926000000000001
15442.0,0.2055,0.4208,0.6263
15443.0,0.3599,0.4509,0.8108
15444.0,0.4463,0.4579,0.9041999999999999
15445.0,0.4227,0.4484,0.8711
15446.0,0.4428,0.4473,0.8901
15447.0,0.5756,0.4484,1.024
15448.0,0.3719,0.4169,0.7888
15449.0,0.606,0.4464,1.0524
15450.0,0.347,0.4339,0.7808999999999999
15451.0,0.4569,0.4343,0.8912
15452.0,0.4565,0.4496,0.9061
15453.0,0.4171,0.4365,0.8536
15454.0,0.5019,0.4127,0.9146000000000001
15455.0,0.4137,0.4351,0.8488
15456.0,0.0836,0.8826,0.9662000000000001
15457.0,0.6399,0.4365,1.0764
15458.0,0.3482,0.4357,0.7839
15459.0,0.5956,0.4506,1.0462
15460.0,0.4693,0.4556,0.9249
15461.0,0.3435,0.452,0.7955000000000001
15462.0,0.444,0.4453,0.8893
15463.0,0.4404,0.4624,0.9028
15464.0,0.467,0.4399,0.9069
15465.0,0.4575,0.4593,0.9168000000000001
15466.0,0.3675,0.4493,0.8168
15467.0,0.4923,0.4429,0.9352
15468.0,0.4177,0.4305,0.8482000000000001
15469.0,0.5294,0.4525,0.9819
15470.0,0.038,0.2145,0.2525
15471.0,0.5828,0.4531,1.0359
15472.0,0.5381,0.4625,1.0006
15473.0,0.4415,0.452,0.8935
15474.0,0.6543,0.4745,1.1288
15475.0,0.3958,0.4487,0.8445
15476.0,0.395,0.4142,0.8092
15477.0,0.4285,0.4354,0.8639
15478.0,0.3982,0.4234,0.8216
15479.0,0.3886,0.4243,0.8129
15480.0,0.543,0.4498,0.9928
15481.0,0.4494,0.4251,0.8745
15482.0,0.4007,0.4233,0.8240000000000001
15483.0,0.3646,0.4234,0.788
15484.0,0.4676,0.4417,0.9093
15485.0,0.3716,0.4444,0.8160000000000001
15486.0,0.4789,0.4286,0.9075
15487.0,0.5006,0.4265,0.9271
15488.0,0.4437,0.4321,0.8757999999999999
15489.0,0.4184,0.4375,0.8559
15490.0,0.7058,0.4632,1.169
15491.0,0.3602,0.4399,0.8001
15492.0,0.4177,0.4412,0.8589
15493.0,0.4126,0.4528,0.8654
15494.0,0.3577,0.4426,0.8003
15495.0,0.4142,0.4222,0.8364
15496.0,0.4143,0.4121,0.8264
15497.0,0.3925,0.4337,0.8262
15498.0,0.0254,0.2601,0.2855
15499.0,0.4479,0.4355,0.8834
15500.0,0.5779,0.4311,1.009
15501.0,0.4407,0.4372,0.8778999999999999
15502.0,0.3801,0.4525,0.8326
15503.0,0.4239,0.4531,0.877
15504.0,0.4628,0.4393,0.9021
15505.0,0.5009,0.4329,0.9338
15506.0,0.381,0.439,0.8200000000000001
15507.0,0.4323,0.4243,0.8566
15508.0,0.48,0.4312,0.9112
15509.0,0.4063,0.4317,0.838
15510.0,0.4151,0.427,0.8421000000000001
15511.0,0.3575,0.4182,0.7757000000000001
15512.0,1.5145,0.8555,2.37
15513.0,0.4139,0.4357,0.8495999999999999
15514.0,0.5785,0.4668,1.0453000000000001
15515.0,0.4522,0.4576,0.9097999999999999
15516.0,0.6259,0.51,1.1359
15517.0,0.5391,0.4875,1.0266
15518.0,0.4477,0.445,0.8927
15519.0,0.6737,0.4436,1.1173
15520.0,0.8252,0.4613,1.2865
15521.0,0.719,0.486,1.205
15522.0,0.5194,0.4618,0.9812
15523.0,0.5245,0.4971,1.0215999999999998
15524.0,0.5132,0.4897,1.0029
15525.0,0.4747,0.4718,0.9465
15526.0,0.1098,1.3538,1.4635999999999998
15527.0,0.375,0.4641,0.8391
15528.0,0.563,0.4895,1.0525
15529.0,0.5977,0.4745,1.0722
15530.0,0.4424,0.4909,0.9333
15531.0,0.4715,0.4797,0.9512
15532.0,0.48,0.4766,0.9566
15533.0,0.5163,0.4751,0.9914000000000001
15534.0,0.4537,0.4613,0.915
15535.0,0.5289,0.448,0.9769000000000001
15536.0,0.6383,0.4536,1.0918999999999999
15537.0,0.4528,0.4742,0.927
15538.0,0.3958,0.468,0.8638
15539.0,0.5062,0.4611,0.9673
15540.0,0.3531,0.079,0.43210000000000004
15541.0,0.4624,0.4506,0.913
15542.0,0.4801,0.4632,0.9433
15543.0,0.5337,0.4496,0.9833
15544.0,0.6635,0.4705,1.134
15545.0,0.4293,0.4451,0.8744000000000001
15546.0,0.4919,0.4312,0.9231
15547.0,0.4874,0.4573,0.9447
15548.0,0.4132,0.4202,0.8334
15549.0,0.5365,0.4182,0.9547
15550.0,0.5005,0.4479,0.9483999999999999
15551.0,0.4692,0.4603,0.9295
15552.0,0.5626,0.4433,1.0059
15553.0,0.8323,0.4458,1.2781
15554.0,0.5047,0.6801,1.1848
15555.0,0.4939,0.4569,0.9508
15556.0,0.4852,0.455,0.9402
15557.0,0.4688,0.4746,0.9434
15558.0,0.6156,0.4857,1.1013000000000002
15559.0,0.4495,0.4668,0.9163
15560.0,0.6744,0.4535,1.1279
15561.0,0.431,0.4501,0.8811
15562.0,0.7563,0.4363,1.1926
15563.0,0.437,0.4346,0.8715999999999999
15564.0,0.4497,0.4476,0.8973
15565.0,0.6662,0.4896,1.1558
15566.0,0.5813,0.4328,1.0141
15567.0,0.5778,0.4582,1.036
15568.0,0.0017,0.3376,0.3393
15569.0,0.407,0.454,0.861
15570.0,0.4047,0.4698,0.8745
15571.0,0.3967,0.4931,0.8897999999999999
15572.0,0.6943,0.4935,1.1878
15573.0,0.4452,0.4986,0.9438
15574.0,0.4189,0.4866,0.9055
15575.0,0.3232,0.4569,0.7801
15576.0,0.4839,0.4671,0.9510000000000001
15577.0,0.4,0.448,0.8480000000000001
15578.0,0.3764,0.4778,0.8542000000000001
15579.0,0.4045,0.4688,0.8733
15580.0,0.4132,0.4709,0.8841
15581.0,0.5733,0.4213,0.9946
15582.0,0.1922,0.3711,0.5633
15583.0,0.468,0.4493,0.9173
15584.0,0.5735,0.4756,1.0491000000000001
15585.0,0.3877,0.4587,0.8464
15586.0,0.4693,0.4672,0.9365
15587.0,0.355,0.4679,0.8229
15588.0,0.4556,0.4178,0.8734
15589.0,0.4626,0.4679,0.9305
15590.0,0.5964,0.4649,1.0613000000000001
15591.0,0.4134,0.4599,0.8733
15592.0,0.5625,0.4498,1.0123
15593.0,0.4884,0.4346,0.923
15594.0,0.4183,0.4455,0.8638
15595.0,0.7556,0.4615,1.2171
15596.0,0.117,0.2619,0.3789
15597.0,0.4052,0.4532,0.8584
15598.0,0.4818,0.4369,0.9187000000000001
15599.0,0.4105,0.4602,0.8707
15600.0,0.3951,0.455,0.8501000000000001
15601.0,0.4541,0.4579,0.9119999999999999
15602.0,0.4643,0.4687,0.933
15603.0,0.6246,0.4619,1.0865
15604.0,0.5685,0.4591,1.0276
15605.0,0.4749,0.4549,0.9298
15606.0,0.5244,0.4548,0.9792
15607.0,0.4342,0.4277,0.8619
15608.0,0.4672,0.4581,0.9253
15609.0,0.5837,0.4432,1.0269
15610.0,0.5493,0.4245,0.9738
15611.0,0.5778,0.4538,1.0316
15612.0,0.517,0.4629,0.9799
15613.0,0.5514,0.4569,1.0083
15614.0,0.5419,0.4673,1.0092
15615.0,0.5393,0.4767,1.016
15616.0,0.416,0.4551,0.8711
15617.0,0.8888,0.4479,1.3367
15618.0,0.6037,0.4403,1.044
15619.0,0.4784,0.436,0.9144
15620.0,0.4866,0.4355,0.9220999999999999
15621.0,0.432,0.4521,0.8841
15622.0,0.5944,0.4255,1.0199
15623.0,0.4406,0.4698,0.9104
15624.0,0.0002,0.0291,0.0293
15625.0,0.3702,0.4418,0.812
15626.0,0.4238,0.4432,0.867
15627.0,0.4038,0.4542,0.858
15628.0,0.5487,0.4581,1.0068
15629.0,0.4071,0.4245,0.8316
15630.0,0.3912,0.4329,0.8241
15631.0,0.576,0.4378,1.0138
15632.0,0.4378,0.4343,0.8721000000000001
15633.0,0.4796,0.4197,0.8993
15634.0,0.4533,0.4438,0.8971
15635.0,0.508,0.4263,0.9343
15636.0,0.424,0.4411,0.8651
15637.0,0.4273,0.4031,0.8304
15638.0,0.001,0.2076,0.2086
15639.0,0.4668,0.4499,0.9167000000000001
15640.0,0.4846,0.4594,0.944
15641.0,0.4889,0.4804,0.9693
15642.0,0.5143,0.4722,0.9864999999999999
15643.0,0.3929,0.471,0.8639
15644.0,0.4625,0.4277,0.8902000000000001
15645.0,0.4059,0.4317,0.8375999999999999
15646.0,0.4877,0.4319,0.9196
15647.0,0.4617,0.4429,0.9046000000000001
15648.0,0.5601,0.4282,0.9883000000000001
15649.0,0.6224,0.4486,1.071
15650.0,0.4432,0.443,0.8862
15651.0,0.4418,0.424,0.8658
15652.0,0.0127,0.4993,0.512
15653.0,0.5188,0.4443,0.9631000000000001
15654.0,0.4598,0.4383,0.8981
15655.0,0.4381,0.4393,0.8774
15656.0,0.4279,0.4451,0.873
15657.0,0.4294,0.4544,0.8838
15658.0,0.4006,0.4305,0.8311
15659.0,0.3831,0.4303,0.8134
15660.0,0.4953,0.4708,0.9661
15661.0,0.4351,0.4531,0.8882
15662.0,0.4842,0.4539,0.9381
15663.0,0.4328,0.4453,0.8781
15664.0,0.3547,0.4323,0.787
15665.0,0.5206,0.4333,0.9539
15666.0,0.0182,0.1076,0.1258
15667.0,0.5355,0.4502,0.9857
15668.0,0.3982,0.4412,0.8393999999999999
15669.0,0.4524,0.4399,0.8923000000000001
15670.0,0.5966,0.4453,1.0419
15671.0,0.4046,0.4352,0.8398
15672.0,0.4817,0.4145,0.8962
15673.0,0.4687,0.4396,0.9083
15674.0,0.4739,0.443,0.9169
15675.0,0.4676,0.4034,0.871
15676.0,0.4757,0.4152,0.8909
15677.0,0.4265,0.4453,0.8717999999999999
15678.0,0.3849,0.4312,0.8161
15679.0,0.4882,0.4369,0.9251
15680.0,0.0042,0.0727,0.0769
15681.0,0.5544,0.4206,0.975
15682.0,0.5375,0.4388,0.9763
15683.0,0.391,0.4343,0.8253
15684.0,0.4425,0.4443,0.8868
15685.0,0.5381,0.4177,0.9558
15686.0,0.4696,0.4287,0.8983000000000001
15687.0,0.3968,0.4175,0.8143
15688.0,0.5244,0.4261,0.9504999999999999
15689.0,0.372,0.4106,0.7826
15690.0,0.438,0.4168,0.8548
15691.0,0.5075,0.4098,0.9173
15692.0,0.4218,0.4311,0.8529
15693.0,0.4296,0.4259,0.8554999999999999
15694.0,0.0969,1.2287,1.3256
15695.0,0.4385,0.4158,0.8543000000000001
15696.0,0.4859,0.4169,0.9028
15697.0,0.4449,0.4768,0.9217
15698.0,0.4803,0.43,0.9103
15699.0,0.3601,0.4417,0.8018
15700.0,0.5781,0.4437,1.0217999999999998
15701.0,0.6417,0.4292,1.0709
15702.0,0.3528,0.4089,0.7617
15703.0,0.4663,0.4158,0.8821
15704.0,0.4736,0.4373,0.9109
15705.0,0.4616,0.4266,0.8882
15706.0,0.4998,0.4285,0.9283
15707.0,0.3806,0.4028,0.7834
15708.0,0.0149,0.7588,0.7737
15709.0,0.5255,0.42,0.9455
15710.0,0.5468,0.4475,0.9943
15711.0,0.4253,0.4643,0.8896
15712.0,0.6216,0.4845,1.1061
15713.0,0.3622,0.4595,0.8217000000000001
15714.0,0.3795,0.4618,0.8412999999999999
15715.0,0.4414,0.4781,0.9195
15716.0,0.525,0.4548,0.9798
15717.0,0.3781,0.4574,0.8354999999999999
15718.0,0.5194,0.4812,1.0006
15719.0,0.4436,0.4724,0.9159999999999999
15720.0,0.3771,0.4293,0.8064
15721.0,0.5226,0.4924,1.015
15722.0,0.035,1.3299,1.3649
15723.0,0.5053,0.4547,0.96
15724.0,0.5299,0.4353,0.9652000000000001
15725.0,0.5019,0.4281,0.9299999999999999
15726.0,0.4783,0.4432,0.9215
15727.0,0.4,0.4546,0.8546
15728.0,0.4458,0.4264,0.8722
15729.0,0.451,0.4156,0.8666
15730.0,0.4247,0.4506,0.8753
15731.0,0.444,0.4163,0.8603000000000001
15732.0,0.4859,0.4355,0.9214
15733.0,0.4159,0.4372,0.8531
15734.0,0.3537,0.4277,0.7814000000000001
15735.0,0.4851,0.4252,0.9103
15736.0,0.0609,0.1448,0.20570000000000002
15737.0,0.3668,0.4141,0.7809
15738.0,0.4618,0.4169,0.8787
15739.0,0.5343,0.4325,0.9668
15740.0,0.5401,0.4356,0.9757
15741.0,0.4642,0.422,0.8862
15742.0,0.4444,0.4295,0.8739
15743.0,0.4878,0.4122,0.9
15744.0,0.5487,0.4347,0.9833999999999999
15745.0,0.4426,0.4146,0.8572
15746.0,0.4114,0.4188,0.8302
15747.0,0.4441,0.4168,0.8609
15748.0,0.4861,0.448,0.9340999999999999
15749.0,0.5351,0.4364,0.9715
15750.0,0.1018,0.0804,0.1822
15751.0,0.4129,0.4284,0.8412999999999999
15752.0,0.4619,0.4155,0.8774
15753.0,0.3521,0.4094,0.7615000000000001
15754.0,0.4197,0.4229,0.8426
15755.0,0.4694,0.425,0.8944
15756.0,0.41,0.4405,0.8505
15757.0,0.4633,0.4351,0.8984
15758.0,0.4938,0.4124,0.9062
15759.0,0.375,0.4098,0.7847999999999999
15760.0,0.3251,0.43,0.7551
15761.0,0.6246,0.4202,1.0448
15762.0,0.4126,0.408,0.8206
15763.0,0.5153,0.4321,0.9474
15764.0,0.0105,0.0688,0.0793
15765.0,0.494,0.4131,0.9071
15766.0,0.4541,0.4298,0.8839
15767.0,0.4665,0.4497,0.9162
15768.0,0.4578,0.4227,0.8805000000000001
15769.0,0.5128,0.4366,0.9494
15770.0,0.3544,0.4426,0.7969999999999999
15771.0,0.4163,0.4401,0.8564
15772.0,0.3709,0.4054,0.7763
15773.0,0.5265,0.4094,0.9359
15774.0,0.351,0.4244,0.7754
15775.0,0.5457,0.4237,0.9694
15776.0,0.4329,0.4392,0.8721
15777.0,0.4356,0.4428,0.8784000000000001
15778.0,0.1798,1.8295,2.0093
15779.0,0.5041,0.4405,0.9446
15780.0,0.4785,0.5032,0.9817
15781.0,0.5093,0.5446,1.0539
15782.0,0.5417,0.5458,1.0875
15783.0,0.3403,0.5477,0.8879999999999999
15784.0,0.495,0.4781,0.9731000000000001
15785.0,0.5165,0.4494,0.9659
15786.0,0.3766,0.4696,0.8462000000000001
15787.0,0.4603,0.4901,0.9503999999999999
15788.0,0.3705,0.4709,0.8413999999999999
15789.0,0.5221,0.4769,0.999
15790.0,0.484,0.4889,0.9729
15791.0,0.4261,0.4781,0.9042
15792.0,0.0858,0.3007,0.3865
15793.0,0.4364,0.4781,0.9145000000000001
15794.0,0.4411,0.4708,0.9118999999999999
15795.0,0.4082,0.4586,0.8668
15796.0,0.379,0.4683,0.8472999999999999
15797.0,0.4053,0.4496,0.8549
15798.0,0.5675,0.4556,1.0231
15799.0,0.4606,0.4409,0.9015
15800.0,0.4209,0.4534,0.8743000000000001
15801.0,0.4614,0.4532,0.9146
15802.0,0.4912,0.4465,0.9377
15803.0,0.4403,0.4372,0.8775
15804.0,0.5249,0.4315,0.9564
15805.0,0.376,0.4253,0.8013
15806.0,0.0164,0.4576,0.47400000000000003
15807.0,0.4883,0.443,0.9313
15808.0,0.5211,0.4476,0.9687
15809.0,0.3536,0.443,0.7966
15810.0,0.3381,0.4584,0.7965
15811.0,0.3998,0.451,0.8508
15812.0,0.4794,0.4614,0.9408
15813.0,0.4805,0.4611,0.9416
15814.0,0.4287,0.4335,0.8622000000000001
15815.0,0.5445,0.4489,0.9934000000000001
15816.0,0.4757,0.4425,0.9182
15817.0,0.3885,0.4278,0.8163
15818.0,0.3486,0.4337,0.7823
15819.0,0.7722,0.4182,1.1904
15820.0,0.0257,0.0524,0.0781
15821.0,0.3676,0.4455,0.8130999999999999
15822.0,0.4812,0.4397,0.9209
15823.0,0.5246,0.4283,0.9529
15824.0,0.5059,0.4205,0.9264
15825.0,0.4465,0.4301,0.8766
15826.0,0.4191,0.4265,0.8455999999999999
15827.0,0.4228,0.4304,0.8532
15828.0,0.4439,0.4352,0.8791
15829.0,0.4172,0.4252,0.8424
15830.0,0.5974,0.433,1.0304
15831.0,0.4707,0.4212,0.8919
15832.0,0.3394,0.4146,0.754
15833.0,0.3908,0.4365,0.8272999999999999
15834.0,0.0001,0.1308,0.1309
15835.0,0.4239,0.4292,0.8531
15836.0,0.4701,0.4301,0.9002
15837.0,0.5333,0.4149,0.9481999999999999
15838.0,0.3409,0.4583,0.7991999999999999
15839.0,0.5004,0.4174,0.9178
15840.0,0.3611,0.4188,0.7799
15841.0,0.4985,0.4126,0.9111
15842.0,0.4489,0.4214,0.8703000000000001
15843.0,0.4242,0.4331,0.8573
15844.0,0.5037,0.4113,0.915
15845.0,0.4843,0.4071,0.8914
15846.0,0.4024,0.4391,0.8414999999999999
15847.0,0.3488,0.4314,0.7802
15848.0,0.0911,0.8489,0.94
15849.0,0.4721,0.4253,0.8974
15850.0,0.4968,0.4367,0.9335
15851.0,0.4931,0.4403,0.9334
15852.0,0.3839,0.4318,0.8157000000000001
15853.0,0.4119,0.4248,0.8367
15854.0,0.3348,0.4413,0.7761
15855.0,0.3551,0.4162,0.7713000000000001
15856.0,0.4612,0.435,0.8962
15857.0,0.3222,0.4392,0.7614
15858.0,0.3853,0.4327,0.818
15859.0,0.4992,0.4262,0.9254
15860.0,0.512,0.4591,0.9711000000000001
15861.0,0.4318,0.4186,0.8504
15862.0,0.0091,0.2211,0.2302
15863.0,0.4976,0.4281,0.9257
15864.0,0.4233,0.4586,0.8819
15865.0,0.4668,0.4411,0.9078999999999999
15866.0,0.482,0.4202,0.9022
15867.0,0.3411,0.4427,0.7838
15868.0,0.409,0.44,0.849
15869.0,0.4542,0.452,0.9062
15870.0,0.4972,0.4547,0.9519
15871.0,0.4103,0.4445,0.8548
15872.0,0.5578,0.4376,0.9954
15873.0,0.565,0.4392,1.0042
15874.0,0.4511,0.441,0.8921
15875.0,0.4615,0.4176,0.8791
15876.0,0.0192,0.0659,0.0851
15877.0,0.4499,0.4076,0.8575
15878.0,0.333,0.4333,0.7663
15879.0,0.6671,0.4295,1.0966
15880.0,0.3612,0.4577,0.8189
15881.0,0.5502,0.4365,0.9867
15882.0,0.4466,0.4516,0.8982
15883.0,0.3965,0.3988,0.7953
15884.0,0.5481,0.4256,0.9737
15885.0,0.4504,0.4105,0.8609
15886.0,0.3649,0.4262,0.7911
15887.0,0.3741,0.4329,0.8069999999999999
15888.0,0.3583,0.4198,0.7781
15889.0,0.5435,0.4039,0.9474
15890.0,0.357,0.1793,0.5363
15891.0,0.4323,0.4437,0.876
15892.0,0.4043,0.4414,0.8457
15893.0,0.4772,0.4429,0.9201
15894.0,0.4381,0.4421,0.8802
15895.0,0.6503,0.458,1.1083
15896.0,0.5151,0.4274,0.9425
15897.0,0.3818,0.43,0.8118
15898.0,0.4128,0.4237,0.8365
15899.0,0.512,0.43,0.942
15900.0,0.3469,0.42,0.7668999999999999
15901.0,0.3834,0.4447,0.8281000000000001
15902.0,0.4893,0.4152,0.9045000000000001
15903.0,0.4296,0.4313,0.8609
15904.0,0.0254,0.1351,0.1605
15905.0,0.3765,0.4253,0.8018000000000001
15906.0,0.4723,0.4347,0.907
15907.0,0.6028,0.4446,1.0474
15908.0,0.4926,0.444,0.9366
15909.0,0.4295,0.4167,0.8462000000000001
15910.0,0.4685,0.427,0.8955
15911.0,0.3621,0.4053,0.7674
15912.0,0.3274,0.4165,0.7439
15913.0,0.5505,0.4265,0.977
15914.0,0.4623,0.4276,0.8898999999999999
15915.0,0.4314,0.4332,0.8646
15916.0,0.4759,0.4252,0.9011
15917.0,0.4398,0.4072,0.847
15918.0,0.111,0.8702,0.9812
15919.0,0.4672,0.4262,0.8934
15920.0,0.535,0.4208,0.9558
15921.0,0.4485,0.4365,0.885
15922.0,0.4573,0.4291,0.8864
15923.0,0.5236,0.446,0.9696
15924.0,0.4093,0.4368,0.8461000000000001
15925.0,0.5977,0.4409,1.0386
15926.0,0.9151,0.4342,1.3493
15927.0,0.5771,0.4133,0.9904
15928.0,0.585,0.4403,1.0253
15929.0,0.3599,0.4321,0.792
15930.0,0.4114,0.4427,0.8541
15931.0,0.5455,0.4351,0.9805999999999999
15932.0,0.0261,0.0888,0.1149
15933.0,0.4528,0.4268,0.8795999999999999
15934.0,0.5185,0.4232,0.9417
15935.0,0.5325,0.4236,0.9561
15936.0,0.416,0.4236,0.8395999999999999
15937.0,0.3543,0.4478,0.8021
15938.0,0.93,0.4258,1.3558000000000001
15939.0,0.3899,0.3896,0.7795000000000001
15940.0,0.4321,0.3964,0.8285
15941.0,1.033,0.4115,1.4445
15942.0,0.624,0.4244,1.0484
15943.0,0.4256,0.4192,0.8448
15944.0,0.4216,0.4102,0.8318
15945.0,0.4315,0.4149,0.8464
15946.0,0.0143,0.0798,0.09409999999999999
15947.0,0.4562,0.4116,0.8678
15948.0,0.4755,0.4254,0.9009
15949.0,0.4417,0.4386,0.8803
15950.0,0.3766,0.4191,0.7957
15951.0,0.3941,0.4337,0.8278
15952.0,0.4666,0.4214,0.888
15953.0,0.4459,0.4174,0.8633
15954.0,0.6532,0.4237,1.0769
15955.0,0.4242,0.4011,0.8253
15956.0,0.503,0.4206,0.9236
15957.0,0.3389,0.432,0.7708999999999999
15958.0,0.3949,0.4229,0.8178
15959.0,0.3725,0.409,0.7815
15960.0,0.0953,0.4344,0.5297000000000001
15961.0,0.3802,0.4329,0.8130999999999999
15962.0,0.3676,0.4179,0.7855
15963.0,0.4709,0.4515,0.9224
15964.0,0.3294,0.4486,0.778
15965.0,0.4653,0.4418,0.9071
15966.0,0.3601,0.414,0.7741
15967.0,0.4224,0.4021,0.8245
15968.0,0.4666,0.4321,0.8987
15969.0,0.4036,0.4147,0.8183
15970.0,0.4959,0.4422,0.9380999999999999
15971.0,0.4363,0.4439,0.8802000000000001
15972.0,0.4737,0.4224,0.8961
15973.0,0.658,0.4394,1.0974
15974.0,0.0856,0.0428,0.1284
15975.0,0.3945,0.4049,0.7994
15976.0,0.4867,0.4253,0.912
15977.0,0.4015,0.4074,0.8089
15978.0,0.438,0.4188,0.8568
15979.0,0.5775,0.4152,0.9927
15980.0,0.3851,0.4027,0.7878000000000001
15981.0,0.4704,0.4034,0.8737999999999999
15982.0,0.3694,0.4137,0.7831
15983.0,0.5563,0.4128,0.9691000000000001
15984.0,0.375,0.4214,0.7964
15985.0,0.5222,0.4415,0.9637
15986.0,0.352,0.4256,0.7776
15987.0,0.4529,0.4126,0.8655
15988.0,0.0001,0.0218,0.0219
15989.0,0.3639,0.4134,0.7773
15990.0,0.3219,0.4206,0.7424999999999999
15991.0,0.4082,0.4163,0.8245
15992.0,0.3918,0.4113,0.8030999999999999
15993.0,0.4847,0.4284,0.9131
15994.0,0.4207,0.4207,0.8414
15995.0,0.509,0.411,0.9199999999999999
15996.0,0.3372,0.4272,0.7644
15997.0,0.4098,0.4164,0.8262
15998.0,0.3016,0.4095,0.7111
15999.0,0.4114,0.4028,0.8142
16000.0,0.3531,0.406,0.7591000000000001
16001.0,0.5076,0.4108,0.9184000000000001
16002.0,0.0416,0.203,0.2446
16003.0,0.4324,0.4218,0.8542000000000001
16004.0,0.4993,0.4219,0.9212
16005.0,0.4235,0.4376,0.8611
16006.0,0.7599,0.4237,1.1836
16007.0,0.5105,0.4197,0.9301999999999999
16008.0,0.4047,0.3961,0.8008
16009.0,0.5165,0.4146,0.9311
16010.0,0.5571,0.4116,0.9687000000000001
16011.0,0.5729,0.4084,0.9813
16012.0,0.3833,0.3888,0.7721
16013.0,0.4782,0.425,0.9032
16014.0,0.3969,0.4089,0.8058
16015.0,0.4158,0.4269,0.8427
16016.0,0.0571,0.0969,0.154
16017.0,0.4702,0.4182,0.8884000000000001
16018.0,0.4345,0.4136,0.8481000000000001
16019.0,0.4269,0.4293,0.8562000000000001
16020.0,0.3524,0.4104,0.7627999999999999
16021.0,0.4809,0.4227,0.9036
16022.0,0.5996,0.4423,1.0419
16023.0,0.4316,0.385,0.8166
16024.0,0.6653,0.3998,1.0651
16025.0,0.4305,0.3982,0.8287
16026.0,0.4482,0.3798,0.8280000000000001
16027.0,0.3629,0.42,0.7828999999999999
16028.0,0.5678,0.3955,0.9633
16029.0,0.4154,0.4047,0.8201
16030.0,0.0685,0.2348,0.3033
16031.0,0.3495,0.3986,0.7481
16032.0,0.3587,0.4026,0.7613000000000001
16033.0,0.5764,0.4444,1.0208
16034.0,0.4046,0.4265,0.8311
16035.0,0.3722,0.3982,0.7704
16036.0,0.4075,0.4341,0.8415999999999999
16037.0,0.3418,0.3995,0.7413000000000001
16038.0,0.4258,0.4063,0.8321000000000001
16039.0,0.4512,0.4053,0.8565
16040.0,0.5852,0.4074,0.9926
16041.0,0.5007,0.4314,0.9321
16042.0,0.4774,0.4099,0.8873
16043.0,0.4823,0.4228,0.9051
16044.0,0.0,0.016,0.016
16045.0,0.4786,0.3982,0.8768
16046.0,0.3721,0.4163,0.7884
16047.0,0.4498,0.4002,0.85
16048.0,0.4211,0.4002,0.8212999999999999
16049.0,0.4253,0.3923,0.8176
16050.0,0.5072,0.3989,0.9060999999999999
16051.0,0.337,0.3976,0.7346
16052.0,0.3724,0.4027,0.7751
16053.0,0.4874,0.4342,0.9216
16054.0,0.4905,0.4004,0.8909
16055.0,0.9444,0.4221,1.3665
16056.0,0.4618,0.4138,0.8755999999999999
16057.0,0.4879,0.418,0.9058999999999999
16058.0,2.0503,0.3867,2.437
16059.0,0.3668,0.417,0.7838
16060.0,0.4964,0.4455,0.9419
16061.0,0.5282,0.4754,1.0036
16062.0,0.4218,0.5013,0.9231
16063.0,0.5221,0.4956,1.0177
16064.0,0.5596,0.4524,1.012
16065.0,0.412,0.4499,0.8619
16066.0,0.5266,0.4447,0.9712999999999999
16067.0,0.4187,0.4499,0.8686
16068.0,0.4909,0.4838,0.9747
16069.0,0.4711,0.4897,0.9608000000000001
16070.0,0.4039,0.4416,0.8454999999999999
16071.0,0.3984,0.4589,0.8573
16072.0,0.2476,0.444,0.6916
16073.0,0.5554,0.4347,0.9901
16074.0,0.4562,0.4523,0.9085
16075.0,0.3355,0.4563,0.7918000000000001
16076.0,0.4203,0.4516,0.8719
16077.0,0.43,0.4519,0.8819
16078.0,0.4176,0.4408,0.8584
16079.0,0.3988,0.4438,0.8426
16080.0,0.4651,0.4484,0.9135
16081.0,0.4115,0.4407,0.8522
16082.0,0.4057,0.426,0.8317
16083.0,0.5097,0.4261,0.9358
16084.0,0.4807,0.4409,0.9216
16085.0,0.4524,0.4358,0.8882000000000001
16086.0,0.3108,1.9485,2.2593
16087.0,0.4653,0.4403,0.9056
16088.0,0.5732,0.4391,1.0123
16089.0,0.5799,0.459,1.0389
16090.0,0.5106,0.4742,0.9848000000000001
16091.0,0.4757,0.4534,0.9291
16092.0,0.5464,0.4454,0.9918
16093.0,0.3384,0.4468,0.7851999999999999
16094.0,0.4461,0.4332,0.8793
16095.0,0.3596,0.4208,0.7804
16096.0,0.4069,0.4571,0.864
16097.0,0.4737,0.4432,0.9169
16098.0,0.4139,0.4289,0.8428
16099.0,0.3777,0.4602,0.8379
16100.0,0.0275,0.0724,0.0999
16101.0,0.4036,0.4424,0.8460000000000001
16102.0,0.5307,0.4428,0.9735
16103.0,0.573,0.4643,1.0372999999999999
16104.0,0.4611,0.4575,0.9186000000000001
16105.0,0.3877,0.4443,0.832
16106.0,0.4172,0.4379,0.8551
16107.0,0.3967,0.4107,0.8074
16108.0,0.467,0.4343,0.9013
16109.0,0.4129,0.4245,0.8373999999999999
16110.0,0.3893,0.4307,0.8200000000000001
16111.0,0.3913,0.4406,0.8319
16112.0,0.4434,0.4347,0.8781
16113.0,0.4398,0.4181,0.8579000000000001
16114.0,0.0026,0.0831,0.0857
16115.0,0.4266,0.4119,0.8385
16116.0,0.3784,0.4384,0.8168
16117.0,0.7275,0.4216,1.1491
16118.0,0.469,0.4291,0.8980999999999999
16119.0,0.351,0.4201,0.7710999999999999
16120.0,0.4299,0.4399,0.8698
16121.0,0.4764,0.4278,0.9042
16122.0,0.3725,0.4152,0.7877000000000001
16123.0,0.6981,0.4138,1.1119
16124.0,0.5732,0.4213,0.9945
16125.0,0.399,0.412,0.8109999999999999
16126.0,0.4251,0.4376,0.8627
16127.0,0.5428,0.439,0.9818
16128.0,0.0009,1.2567,1.2575999999999998
16129.0,0.4199,0.4422,0.8621
16130.0,0.5066,0.4871,0.9937
16131.0,0.4786,0.54,1.0186000000000002
16132.0,0.4992,0.5304,1.0295999999999998
16133.0,0.5064,0.5229,1.0293
16134.0,0.526,0.5111,1.0371000000000001
16135.0,0.4588,0.463,0.9218
16136.0,0.6993,0.4511,1.1504
16137.0,0.6574,0.4618,1.1192
16138.0,0.3708,0.447,0.8178000000000001
16139.0,0.5065,0.4646,0.9711
16140.0,0.3816,0.4909,0.8725
16141.0,0.5157,0.4667,0.9824
16142.0,0.0398,0.2239,0.2637
16143.0,0.4858,0.4344,0.9202
16144.0,0.5243,0.4654,0.9897
16145.0,0.3875,0.4802,0.8677
16146.0,0.51,0.4726,0.9826
16147.0,0.4311,0.4402,0.8713
16148.0,0.3647,0.4699,0.8346
16149.0,0.3624,0.4541,0.8165
16150.0,0.3342,0.4395,0.7737
16151.0,1.9824,0.4351,2.4175
16152.0,0.62,0.437,1.057
16153.0,0.4558,0.4455,0.9013
16154.0,0.5763,0.4535,1.0298
16155.0,0.6359,0.4261,1.062
16156.0,0.0539,0.414,0.4679
16157.0,0.4502,0.4342,0.8844
16158.0,0.6432,0.4419,1.0851
16159.0,0.5959,0.4717,1.0676
16160.0,0.478,0.4717,0.9497
16161.0,0.4163,0.491,0.9073
16162.0,0.4009,0.4539,0.8548
16163.0,0.3872,0.4427,0.8299
16164.0,0.7154,0.4632,1.1786
16165.0,0.4334,0.4309,0.8643000000000001
16166.0,0.4589,0.4302,0.8891
16167.0,0.4147,0.4621,0.8768
16168.0,0.4562,0.4562,0.9124
16169.0,0.4636,0.4539,0.9175
16170.0,0.0085,0.8394,0.8479
16171.0,0.4903,0.4546,0.9449000000000001
16172.0,0.3884,0.4509,0.8393
16173.0,0.3441,0.4906,0.8347
16174.0,0.3023,0.4751,0.7774000000000001
16175.0,0.473,0.4805,0.9535
16176.0,0.5314,0.4691,1.0005
16177.0,0.543,0.4733,1.0163
16178.0,0.4241,0.4613,0.8854
16179.0,0.7111,0.4431,1.1542
16180.0,0.4467,0.4351,0.8817999999999999
16181.0,0.3707,0.4527,0.8233999999999999
16182.0,0.6031,0.4299,1.033
16183.0,0.4029,0.4519,0.8548
16184.0,0.0003,0.028,0.028300000000000002
16185.0,0.5811,0.4727,1.0537999999999998
16186.0,0.4901,0.4327,0.9228
16187.0,0.5936,0.445,1.0386
16188.0,0.4826,0.4291,0.9117
16189.0,0.4812,0.4451,0.9263
16190.0,0.5491,0.4501,0.9992000000000001
16191.0,0.4783,0.449,0.9273
16192.0,0.4397,0.4197,0.8593999999999999
16193.0,0.3803,0.4272,0.8075000000000001
16194.0,0.3658,0.3986,0.7644
16195.0,0.3793,0.4374,0.8167
16196.0,0.4822,0.4334,0.9156
16197.0,0.467,0.442,0.909
16198.0,0.2566,0.7394,0.996
16199.0,0.4039,0.43,0.8339
16200.0,0.4739,0.4249,0.8988
16201.0,0.5114,0.4618,0.9732
16202.0,0.4752,0.4174,0.8926000000000001
16203.0,0.477,0.4202,0.8972
16204.0,0.3809,0.4405,0.8214
16205.0,0.4188,0.4379,0.8567
16206.0,0.6764,0.4139,1.0903
16207.0,0.5137,0.4267,0.9404000000000001
16208.0,0.4296,0.4314,0.861
16209.0,0.4551,0.4339,0.889
16210.0,0.6722,0.4333,1.1055000000000001
16211.0,0.4021,0.4265,0.8286
16212.0,0.0392,0.0855,0.1247
16213.0,0.4681,0.4349,0.903
16214.0,0.3866,0.4092,0.7958000000000001
16215.0,0.5443,0.4443,0.9885999999999999
16216.0,0.4778,0.4241,0.9018999999999999
16217.0,0.4301,0.4242,0.8543000000000001
16218.0,0.426,0.4313,0.8573
16219.0,0.4459,0.3966,0.8425
16220.0,0.397,0.4141,0.8111
16221.0,0.5317,0.4289,0.9605999999999999
16222.0,0.393,0.4071,0.8001
16223.0,0.4711,0.422,0.8931
16224.0,0.4495,0.4192,0.8687
16225.0,0.4277,0.3954,0.8230999999999999
16226.0,0.0073,0.0858,0.0931
16227.0,0.5007,0.4161,0.9168000000000001
16228.0,0.5872,0.415,1.0022
16229.0,0.5122,0.4347,0.9469
16230.0,0.4756,0.4231,0.8987
16231.0,0.3606,0.4155,0.7761
16232.0,0.4703,0.3949,0.8652
16233.0,0.4022,0.4266,0.8288
16234.0,0.4956,0.4321,0.9277
16235.0,0.3905,0.4136,0.8041
16236.0,0.2936,0.4187,0.7123
16237.0,0.42,0.407,0.827
16238.0,0.4858,0.4136,0.8994
16239.0,0.4566,0.4495,0.9061
16240.0,0.101,0.4636,0.5646
16241.0,0.4005,0.4196,0.8201
16242.0,0.3734,0.4241,0.7975
16243.0,0.587,0.4288,1.0158
16244.0,0.4172,0.4436,0.8608
16245.0,0.5199,0.4223,0.9422
16246.0,0.4328,0.4553,0.8881
16247.0,0.4068,0.4322,0.839
16248.0,0.5308,0.425,0.9558
16249.0,0.4206,0.414,0.8346
16250.0,0.4219,0.4193,0.8412
16251.0,0.4361,0.4209,0.857
16252.0,0.3366,0.4262,0.7628
16253.0,0.4082,0.4229,0.8311
16254.0,0.0504,0.8619,0.9123
16255.0,0.5599,0.4295,0.9894
16256.0,0.4066,0.439,0.8456
16257.0,0.3747,0.4495,0.8242
16258.0,0.5483,0.4455,0.9938
16259.0,0.3628,0.4266,0.7894
16260.0,0.4233,0.4297,0.853
16261.0,0.4985,0.4257,0.9242
16262.0,0.4631,0.4002,0.8633
16263.0,0.3718,0.4138,0.7856000000000001
16264.0,0.4361,0.4251,0.8612
16265.0,0.3703,0.3983,0.7686
16266.0,0.4226,0.4256,0.8482
16267.0,0.8647,0.4271,1.2918
16268.0,0.0869,0.6763,0.7632
16269.0,0.5119,0.4157,0.9276
16270.0,0.4248,0.4122,0.837
16271.0,0.3542,0.404,0.7582
16272.0,0.3278,0.4239,0.7517
16273.0,0.4536,0.4135,0.8671
16274.0,0.4278,0.4039,0.8317
16275.0,0.4043,0.4015,0.8058000000000001
16276.0,0.4292,0.4111,0.8403
16277.0,0.5763,0.4246,1.0009000000000001
16278.0,0.3911,0.4097,0.8008
16279.0,0.416,0.4121,0.8281000000000001
16280.0,0.3784,0.419,0.7974
16281.0,0.3568,0.3984,0.7552
16282.0,0.3752,0.2068,0.582
16283.0,0.4801,0.4105,0.8906000000000001
16284.0,0.528,0.3951,0.9231
16285.0,0.5254,0.4164,0.9418
16286.0,0.528,0.4171,0.9451
16287.0,0.4432,0.4114,0.8546
16288.0,0.4103,0.4299,0.8402000000000001
16289.0,0.4326,0.4098,0.8424
16290.0,0.4124,0.4305,0.8429
16291.0,0.3921,0.4042,0.7963
16292.0,0.4115,0.4026,0.8141
16293.0,0.4533,0.4272,0.8805000000000001
16294.0,0.4454,0.4142,0.8596
16295.0,0.5566,0.4389,0.9955
16296.0,3.6676,0.3492,4.0168
16297.0,0.4183,0.4332,0.8514999999999999
16298.0,0.4022,0.4442,0.8464
16299.0,0.5939,0.463,1.0569
16300.0,0.9602,0.4586,1.4188
16301.0,0.4903,0.4695,0.9598
16302.0,0.5745,0.4655,1.04
16303.0,0.6884,0.4606,1.149
16304.0,0.6809,0.4283,1.1092
16305.0,0.471,0.4642,0.9352
16306.0,0.8905,0.4531,1.3436
16307.0,0.5709,0.4756,1.0465
16308.0,0.4096,0.4681,0.8777
16309.0,0.4539,0.4586,0.9125000000000001
16310.0,0.0675,0.4341,0.5016
16311.0,0.5149,0.445,0.9599
16312.0,0.4839,0.4647,0.9486
16313.0,0.4437,0.489,0.9327
16314.0,0.4685,0.4634,0.9319
16315.0,0.485,0.4457,0.9307
16316.0,0.4744,0.4552,0.9296
16317.0,0.4245,0.4412,0.8656999999999999
16318.0,0.4224,0.4328,0.8552
16319.0,0.4635,0.4587,0.9222
16320.0,0.4152,0.4363,0.8515
16321.0,0.5208,0.4415,0.9623
16322.0,1.7901,0.4443,2.2344
16323.0,0.4107,0.4553,0.866
16324.0,0.0,0.0205,0.0205
16325.0,0.5146,0.4467,0.9612999999999999
16326.0,0.3691,0.4369,0.806
16327.0,0.4451,0.439,0.8841
16328.0,0.5118,0.4552,0.9670000000000001
16329.0,0.4816,0.4215,0.9031
16330.0,0.4383,0.4503,0.8886000000000001
16331.0,0.4239,0.418,0.8419
16332.0,0.509,0.4403,0.9493
16333.0,0.3983,0.4319,0.8302
16334.0,0.3873,0.4256,0.8129
16335.0,0.401,0.4295,0.8305
16336.0,0.5575,0.4285,0.986
16337.0,0.3511,0.4247,0.7758
16338.0,0.0464,0.8452,0.8916
16339.0,0.597,0.428,1.025
16340.0,0.4448,0.4199,0.8647
16341.0,0.4515,0.4418,0.8933
16342.0,0.5507,0.4444,0.9951
16343.0,0.3693,0.432,0.8013
16344.0,0.4477,0.427,0.8747
16345.0,0.4574,0.4261,0.8835
16346.0,0.4015,0.4194,0.8209
16347.0,0.3717,0.4225,0.7942
16348.0,0.504,0.4558,0.9598
16349.0,0.3688,0.4113,0.7801
16350.0,0.533,0.4187,0.9517
16351.0,0.5381,0.4039,0.942
16352.0,0.2453,0.134,0.37929999999999997
16353.0,0.3958,0.4538,0.8495999999999999
16354.0,0.5144,0.4217,0.9360999999999999
16355.0,0.4122,0.4378,0.8500000000000001
16356.0,0.4342,0.4513,0.8855
16357.0,0.3767,0.4347,0.8113999999999999
16358.0,0.5473,0.4278,0.9751000000000001
16359.0,0.8129,0.4243,1.2372
16360.0,0.3684,0.4118,0.7802
16361.0,0.6429,0.4356,1.0785
16362.0,0.4604,0.4145,0.8749
16363.0,0.4652,0.4261,0.8913
16364.0,0.4709,0.4168,0.8876999999999999
16365.0,0.4721,0.433,0.9051
16366.0,0.3549,0.1485,0.5034
16367.0,0.3027,0.4217,0.7244
16368.0,0.379,0.4148,0.7938000000000001
16369.0,0.4642,0.4474,0.9116
16370.0,0.4028,0.4422,0.845
16371.0,0.4363,0.4329,0.8692
16372.0,0.3475,0.4314,0.7788999999999999
16373.0,0.3862,0.4331,0.8192999999999999
16374.0,0.3567,0.4285,0.7852
16375.0,0.4385,0.4309,0.8694
16376.0,0.4846,0.4482,0.9328
16377.0,0.4588,0.4382,0.897
16378.0,0.5136,0.4266,0.9401999999999999
16379.0,0.4285,0.4418,0.8703000000000001
16380.0,0.0247,0.6463,0.671
16381.0,0.5221,0.4145,0.9366
16382.0,0.567,0.4393,1.0063
16383.0,0.5788,0.4376,1.0164
16384.0,0.3777,0.4687,0.8464
16385.0,1.5317,0.4529,1.9846000000000001
16386.0,0.3899,0.4423,0.8322
16387.0,0.3879,0.4227,0.8106
16388.0,0.3784,0.4413,0.8197000000000001
16389.0,0.4541,0.4298,0.8839
16390.0,0.4779,0.427,0.9049
16391.0,0.4153,0.4236,0.8389
16392.0,0.3792,0.449,0.8282
16393.0,0.3752,0.4489,0.8241
16394.0,0.0067,0.1301,0.1368
16395.0,0.4611,0.4179,0.879
16396.0,0.3629,0.4469,0.8098000000000001
16397.0,0.4373,0.4407,0.878
16398.0,0.4726,0.4394,0.912
16399.0,0.8507,0.4462,1.2969
16400.0,0.3409,0.462,0.8029
16401.0,0.4371,0.4207,0.8578
16402.0,0.3993,0.4462,0.8454999999999999
16403.0,0.4719,0.4227,0.8946000000000001
16404.0,0.4428,0.4169,0.8597
16405.0,0.552,0.4403,0.9923000000000001
16406.0,0.5196,0.4314,0.951
16407.0,0.5036,0.42,0.9236
16408.0,0.0007,0.041,0.0417
16409.0,0.421,0.4304,0.8513999999999999
16410.0,0.427,0.4252,0.8522000000000001
16411.0,0.6031,0.4243,1.0274
16412.0,0.4897,0.4315,0.9212
16413.0,0.4348,0.4323,0.8671
16414.0,0.4951,0.4495,0.9446
16415.0,0.461,0.3892,0.8502000000000001
16416.0,0.3904,0.4426,0.833
16417.0,0.4447,0.4007,0.8453999999999999
16418.0,0.5219,0.4206,0.9425
16419.0,0.4918,0.4349,0.9267000000000001
16420.0,0.365,0.4186,0.7836000000000001
16421.0,1.4413,0.4018,1.8431
16422.0,0.1276,0.9473,1.0749
16423.0,0.5887,0.4449,1.0336
16424.0,0.4032,0.4387,0.8419
16425.0,0.5743,0.4387,1.013
16426.0,0.3919,0.4373,0.8292
16427.0,0.4547,0.4078,0.8625
16428.0,0.3745,0.4117,0.7862
16429.0,0.439,0.4341,0.8731
16430.0,0.5299,0.4164,0.9463
16431.0,0.5256,0.4067,0.9322999999999999
16432.0,0.3963,0.4278,0.8241
16433.0,0.4697,0.3947,0.8644000000000001
16434.0,0.6596,0.4487,1.1082999999999998
16435.0,0.438,0.4352,0.8732
16436.0,0.3965,0.4408,0.8373
16437.0,0.5887,0.4139,1.0026
16438.0,0.4664,0.4359,0.9023
16439.0,0.4206,0.4344,0.855
16440.0,0.4611,0.4408,0.9019
16441.0,0.3963,0.4269,0.8231999999999999
16442.0,0.5574,0.4468,1.0042
16443.0,0.5137,0.4435,0.9572
16444.0,0.4752,0.4301,0.9053
16445.0,0.4087,0.4093,0.8180000000000001
16446.0,0.4904,0.4185,0.9089
16447.0,0.5954,0.4287,1.0241
16448.0,0.3724,0.4306,0.8029999999999999
16449.0,0.4342,0.4322,0.8664
16450.0,0.0137,0.0798,0.0935
16451.0,0.4884,0.428,0.9164
16452.0,0.467,0.4286,0.8956
16453.0,0.6786,0.4357,1.1143
16454.0,0.3884,0.4169,0.8053
16455.0,0.4801,0.4222,0.9023000000000001
16456.0,0.447,0.4395,0.8865000000000001
16457.0,0.4483,0.4221,0.8704
16458.0,0.4295,0.4087,0.8382000000000001
16459.0,0.4634,0.4244,0.8877999999999999
16460.0,0.3544,0.4386,0.7929999999999999
16461.0,0.4164,0.4043,0.8207
16462.0,0.3903,0.405,0.7953
16463.0,0.5147,0.4144,0.9291
16464.0,0.0333,0.5199,0.5532
16465.0,0.4494,0.432,0.8814
16466.0,0.4313,0.4267,0.8580000000000001
16467.0,0.5434,0.4169,0.9602999999999999
16468.0,0.5595,0.4356,0.9951
16469.0,0.4464,0.4432,0.8896
16470.0,0.3982,0.4299,0.8281000000000001
16471.0,0.4504,0.394,0.8444
16472.0,0.3842,0.4151,0.7993
16473.0,0.4483,0.4235,0.8717999999999999
16474.0,0.3671,0.4098,0.7768999999999999
16475.0,0.4706,0.4166,0.8872
16476.0,0.4216,0.4034,0.825
16477.0,0.4437,0.4129,0.8566
16478.0,0.0224,0.5815,0.6039
16479.0,0.3909,0.439,0.8299000000000001
16480.0,0.4982,0.3961,0.8943
16481.0,0.3741,0.417,0.7910999999999999
16482.0,0.3656,0.4594,0.825
16483.0,0.4123,0.4363,0.8486
16484.0,0.4054,0.4323,0.8377
16485.0,0.4882,0.4328,0.921
16486.0,0.4443,0.4131,0.8573999999999999
16487.0,0.4472,0.4295,0.8767
16488.0,0.4407,0.4527,0.8934
16489.0,0.3441,0.4302,0.7743
16490.0,0.4539,0.4131,0.867
16491.0,0.6776,0.4027,1.0803
16492.0,0.1848,0.2358,0.4206
16493.0,0.4089,0.4221,0.831
16494.0,0.4131,0.4333,0.8464
16495.0,0.4577,0.4268,0.8845000000000001
16496.0,0.3724,0.4543,0.8267
16497.0,0.359,0.4367,0.7957
16498.0,0.6533,0.42,1.0733
16499.0,0.4088,0.4299,0.8387
16500.0,0.471,0.4041,0.8751
16501.0,0.4411,0.4085,0.8495999999999999
16502.0,0.3822,0.3971,0.7793
16503.0,0.4853,0.4226,0.9078999999999999
16504.0,0.4474,0.4217,0.8691
16505.0,0.4659,0.4155,0.8814
16506.0,0.0022,0.6431,0.6453
16507.0,0.3598,0.408,0.7678
16508.0,0.3402,0.4468,0.7869999999999999
16509.0,0.4274,0.4491,0.8765000000000001
16510.0,0.5094,0.4512,0.9605999999999999
16511.0,0.4229,0.434,0.8569
16512.0,0.466,0.4467,0.9127000000000001
16513.0,0.4452,0.4261,0.8713
16514.0,0.3353,0.441,0.7763
16515.0,0.4949,0.4433,0.9382
16516.0,0.3825,0.4143,0.7968
16517.0,0.8591,0.4182,1.2772999999999999
16518.0,0.6559,0.4221,1.078
16519.0,0.4328,0.4002,0.833
16520.0,0.0413,0.0533,0.0946
16521.0,0.425,0.4198,0.8448
16522.0,0.375,0.4024,0.7774
16523.0,0.6193,0.4401,1.0594
16524.0,0.4956,0.415,0.9106
16525.0,0.3992,0.4259,0.8251
16526.0,0.3425,0.4362,0.7787
16527.0,0.4189,0.4273,0.8462000000000001
16528.0,0.7644,0.3876,1.152
16529.0,0.4531,0.4135,0.8666
16530.0,0.3875,0.4153,0.8028
16531.0,0.337,0.4034,0.7404
16532.0,0.4729,0.4144,0.8873
16533.0,0.4462,0.424,0.8702
16534.0,0.0231,0.3065,0.3296
16535.0,0.4626,0.4098,0.8724000000000001
16536.0,0.422,0.4237,0.8457
16537.0,0.4193,0.4152,0.8345
16538.0,0.5888,0.4185,1.0072999999999999
16539.0,0.3832,0.4258,0.8089999999999999
16540.0,0.5548,0.4266,0.9813999999999999
16541.0,0.3958,0.4244,0.8202
16542.0,0.4633,0.43,0.8933
16543.0,0.5216,0.4273,0.9489
16544.0,0.4452,0.417,0.8622
16545.0,0.5647,0.4302,0.9949
16546.0,0.4461,0.4271,0.8732
16547.0,0.3764,0.4282,0.8046
16548.0,0.1579,0.3441,0.502
16549.0,0.4028,0.4173,0.8201
16550.0,0.391,0.4192,0.8102
16551.0,0.4841,0.438,0.9220999999999999
16552.0,0.3484,0.4553,0.8037
16553.0,0.4138,0.4282,0.8420000000000001
16554.0,0.3976,0.4145,0.8121
16555.0,0.4724,0.4114,0.8837999999999999
16556.0,0.3543,0.4223,0.7766
16557.0,0.4988,0.4087,0.9075
16558.0,0.5511,0.4113,0.9624
16559.0,0.5065,0.3915,0.8979999999999999
16560.0,0.4574,0.419,0.8764
16561.0,0.4438,0.3963,0.8401
16562.0,0.4461,0.0899,0.536
16563.0,0.5668,0.4202,0.987
16564.0,0.394,0.4089,0.8029
16565.0,0.4219,0.4075,0.8293999999999999
16566.0,0.5079,0.4389,0.9468000000000001
16567.0,0.4467,0.4397,0.8864
16568.0,0.5557,0.4135,0.9692
16569.0,0.5479,0.4075,0.9554
16570.0,0.3691,0.4222,0.7913
16571.0,0.3584,0.3955,0.7539
16572.0,0.3518,0.4133,0.7651
16573.0,0.4135,0.4096,0.8230999999999999
16574.0,0.4692,0.3906,0.8598
16575.0,0.3735,0.4047,0.7782
16576.0,0.0002,0.5569,0.5570999999999999
16577.0,0.4912,0.4053,0.8965000000000001
16578.0,0.3937,0.4081,0.8018000000000001
16579.0,0.4028,0.4209,0.8237
16580.0,0.3994,0.4293,0.8287
16581.0,0.5217,0.4267,0.9484000000000001
16582.0,0.3777,0.4212,0.7988999999999999
16583.0,0.572,0.4389,1.0109
16584.0,0.3942,0.4375,0.8317
16585.0,0.388,0.4451,0.8331
16586.0,0.3967,0.4215,0.8182
16587.0,0.3591,0.4338,0.7928999999999999
16588.0,0.4201,0.4397,0.8597999999999999
16589.0,0.4214,0.4508,0.8722
16590.0,0.0001,0.109,0.1091
16591.0,0.4313,0.4256,0.8569
16592.0,0.5397,0.4461,0.9858
16593.0,0.4447,0.43,0.8747
16594.0,0.4215,0.459,0.8805000000000001
16595.0,0.4327,0.4514,0.8841
16596.0,0.4032,0.4202,0.8234
16597.0,0.4599,0.445,0.9049
16598.0,0.403,0.4177,0.8207
16599.0,0.3625,0.4255,0.788
16600.0,0.5467,0.4274,0.9741
16601.0,0.6715,0.4232,1.0947
16602.0,0.4202,0.4291,0.8492999999999999
16603.0,0.4574,0.4324,0.8897999999999999
16604.0,0.0792,0.6851,0.7643000000000001
16605.0,0.3618,0.4133,0.7751
16606.0,0.3799,0.4159,0.7958000000000001
16607.0,0.3905,0.4255,0.8160000000000001
16608.0,0.3959,0.4351,0.831
16609.0,0.454,0.4161,0.8701000000000001
16610.0,0.3632,0.4174,0.7806
16611.0,0.3744,0.4287,0.8031
16612.0,0.5961,0.408,1.0041
16613.0,0.3955,0.3966,0.7921
16614.0,0.521,0.412,0.933
16615.0,0.4747,0.395,0.8697
16616.0,0.4271,0.4208,0.8479
16617.0,0.4316,0.4224,0.854
16618.0,0.0317,0.2736,0.3053
16619.0,0.4143,0.4131,0.8274
16620.0,0.5449,0.4172,0.9621000000000001
16621.0,0.41,0.4146,0.8246
16622.0,0.3807,0.4308,0.8115
16623.0,0.4316,0.4137,0.8452999999999999
16624.0,0.4384,0.4325,0.8709
16625.0,0.6881,0.4371,1.1252
16626.0,0.3929,0.414,0.8069
16627.0,0.4421,0.4256,0.8676999999999999
16628.0,0.4712,0.3979,0.8691
16629.0,0.51,0.4337,0.9437
16630.0,0.4207,0.4105,0.8311999999999999
16631.0,0.5106,0.4112,0.9218000000000001
16632.0,0.5837,0.6712,1.2549000000000001
16633.0,0.5003,0.4062,0.9065
16634.0,0.3855,0.4161,0.8016000000000001
16635.0,0.6082,0.414,1.0222
16636.0,0.3608,0.428,0.7888
16637.0,0.6248,0.4182,1.0430000000000001
16638.0,0.3991,0.4071,0.8062
16639.0,0.3762,0.4247,0.8009
16640.0,0.5893,0.4147,1.004
16641.0,0.4802,0.4231,0.9033
16642.0,0.3647,0.436,0.8007
16643.0,0.4522,0.4349,0.8871
16644.0,0.472,0.4143,0.8863
16645.0,0.4201,0.4276,0.8476999999999999
16646.0,0.0264,0.4452,0.47159999999999996
16647.0,0.587,0.4207,1.0077
16648.0,0.3928,0.4307,0.8235
16649.0,0.5957,0.4339,1.0296
16650.0,0.4886,0.4305,0.9191
16651.0,0.4334,0.4348,0.8682000000000001
16652.0,0.4697,0.4539,0.9236
16653.0,0.4122,0.4315,0.8437
16654.0,0.4287,0.4351,0.8638
16655.0,0.4396,0.4616,0.9012
16656.0,0.5877,0.4338,1.0215
16657.0,0.5559,0.4374,0.9933
16658.0,0.3232,0.4186,0.7418
16659.0,0.5248,0.4215,0.9463
16660.0,0.0944,1.7281,1.8225
16661.0,0.4143,0.4342,0.8485
16662.0,0.4434,0.4285,0.8719
16663.0,0.3981,0.4276,0.8257
16664.0,0.3847,0.4489,0.8336
16665.0,0.4836,0.4284,0.9119999999999999
16666.0,0.3426,0.4245,0.7671
16667.0,0.5017,0.4436,0.9453
16668.0,0.4144,0.4537,0.8681
16669.0,0.3836,0.424,0.8076
16670.0,0.5093,0.4276,0.9369
16671.0,0.4277,0.4625,0.8902000000000001
16672.0,0.4955,0.4454,0.9409000000000001
16673.0,0.6031,0.4635,1.0666
16674.0,0.2461,1.1031,1.3492
16675.0,0.4197,0.4299,0.8496
16676.0,0.348,0.4521,0.8001
16677.0,0.3965,0.4566,0.8531
16678.0,0.461,0.4766,0.9376
16679.0,0.7217,0.4516,1.1733
16680.0,0.5429,0.4401,0.9830000000000001
16681.0,0.4946,0.4452,0.9398
16682.0,0.3947,0.4328,0.8275
16683.0,0.39,0.4252,0.8152
16684.0,0.5625,0.4389,1.0014
16685.0,0.5846,0.427,1.0116
16686.0,0.4344,0.441,0.8754
16687.0,0.6404,0.4285,1.0689
16688.0,0.0679,0.7247,0.7926
16689.0,0.4165,0.4213,0.8378
16690.0,0.4538,0.4342,0.8879999999999999
16691.0,0.4661,0.4379,0.904
16692.0,0.3972,0.4469,0.8441000000000001
16693.0,0.4471,0.433,0.8801
16694.0,0.5435,0.4364,0.9799
16695.0,0.5682,0.4142,0.9824
16696.0,0.3669,0.4334,0.8003
16697.0,0.6062,0.4434,1.0495999999999999
16698.0,0.3705,0.4293,0.7998000000000001
16699.0,0.5028,0.4347,0.9375
16700.0,0.4893,0.4365,0.9258
16701.0,0.3972,0.4345,0.8317
16702.0,0.0327,0.6169,0.6496
16703.0,0.4246,0.4168,0.8413999999999999
16704.0,0.3868,0.4256,0.8124
16705.0,0.4853,0.4295,0.9148000000000001
16706.0,0.4691,0.4116,0.8807
16707.0,0.459,0.4258,0.8848
16708.0,0.4913,0.4408,0.9321
16709.0,0.5485,0.4519,1.0004
16710.0,0.4799,0.4104,0.8903
16711.0,0.3968,0.4091,0.8059000000000001
16712.0,0.5133,0.4069,0.9201999999999999
16713.0,0.3851,0.4098,0.7948999999999999
16714.0,0.4949,0.4348,0.9297
16715.0,0.4881,0.4072,0.8953
16716.0,0.3255,0.3097,0.6352
16717.0,0.4339,0.4445,0.8784000000000001
16718.0,0.3378,0.4084,0.7462
16719.0,0.5059,0.4233,0.9292
16720.0,0.4241,0.4382,0.8623
16721.0,0.4781,0.4449,0.923
16722.0,0.3583,0.4072,0.7655000000000001
16723.0,0.4641,0.4307,0.8948
16724.0,0.3885,0.4263,0.8148
16725.0,0.7218,0.4293,1.1511
16726.0,0.4629,0.4212,0.8841
16727.0,0.4899,0.4294,0.9193
16728.0,0.6332,0.4255,1.0587
16729.0,0.4127,0.4331,0.8458
16730.0,0.0996,0.0725,0.17209999999999998
16731.0,0.8245,0.4413,1.2658
16732.0,0.3862,0.4157,0.8019000000000001
16733.0,0.5408,0.4303,0.9711
16734.0,0.5142,0.418,0.9321999999999999
16735.0,0.5205,0.4172,0.9377
16736.0,0.4876,0.4303,0.9178999999999999
16737.0,0.3644,0.3972,0.7616
16738.0,0.3672,0.4139,0.7811
16739.0,0.5182,0.404,0.9222
16740.0,0.3916,0.4329,0.8245
16741.0,0.488,0.4076,0.8956
16742.0,0.5061,0.4081,0.9142
16743.0,0.4266,0.4082,0.8348
16744.0,0.2273,0.5223,0.7496
16745.0,0.4294,0.4406,0.87
16746.0,0.4719,0.403,0.8749
16747.0,0.4585,0.4381,0.8966000000000001
16748.0,0.3891,0.4186,0.8077000000000001
16749.0,0.4282,0.4128,0.841
16750.0,0.538,0.4121,0.9501000000000001
16751.0,0.4248,0.4154,0.8402000000000001
16752.0,0.5688,0.4216,0.9904
16753.0,0.8032,0.4073,1.2105000000000001
16754.0,0.6501,0.4023,1.0524
16755.0,0.3842,0.42,0.8042
16756.0,0.6451,0.4254,1.0705
16757.0,0.5808,0.4119,0.9926999999999999
16758.0,0.0158,0.4288,0.4446
16759.0,0.3724,0.4192,0.7916000000000001
16760.0,0.4559,0.4353,0.8912
16761.0,0.4028,0.4314,0.8342
16762.0,0.5307,0.4138,0.9444999999999999
16763.0,0.3725,0.4236,0.7961
16764.0,0.4667,0.4145,0.8812
16765.0,0.4197,0.4187,0.8384
16766.0,0.4523,0.4037,0.856
16767.0,0.3676,0.4082,0.7758
16768.0,0.4163,0.4027,0.819
16769.0,0.4313,0.4233,0.8546
16770.0,0.4456,0.4115,0.8571
16771.0,0.3941,0.4279,0.8220000000000001
16772.0,0.6404,0.6416,1.282
16773.0,0.5409,0.4267,0.9676
16774.0,0.4172,0.419,0.8362
16775.0,0.5066,0.4563,0.9629000000000001
16776.0,0.4159,0.4526,0.8685
16777.0,0.3842,0.4458,0.83
16778.0,0.6905,0.4477,1.1381999999999999
16779.0,0.3695,0.4359,0.8054
16780.0,0.4309,0.4237,0.8546
16781.0,0.5201,0.4158,0.9359
16782.0,0.4229,0.4424,0.8653
16783.0,0.4367,0.4406,0.8773
16784.0,0.5653,0.4278,0.9931000000000001
16785.0,0.6858,0.4196,1.1054
16786.0,1.0796,0.3118,1.3914
16787.0,0.5006,0.4214,0.922
16788.0,0.503,0.4226,0.9256
16789.0,0.5132,0.4266,0.9398
16790.0,0.5044,0.4511,0.9555
16791.0,0.4469,0.4431,0.89
16792.0,0.498,0.4023,0.9003
16793.0,0.4482,0.4174,0.8655999999999999
16794.0,0.5106,0.4255,0.9361
16795.0,0.4913,0.4484,0.9397
16796.0,0.5004,0.4415,0.9419
16797.0,0.4664,0.4376,0.9039999999999999
16798.0,0.4648,0.4317,0.8965
16799.0,0.3491,0.4453,0.7944
16800.0,1.6722,0.4913,2.1635
16801.0,0.4384,0.4292,0.8676
16802.0,0.5054,0.4588,0.9642
16803.0,0.4995,0.4486,0.9480999999999999
16804.0,0.4527,0.4599,0.9126
16805.0,0.6048,0.4598,1.0646
16806.0,0.4992,0.4617,0.9609
16807.0,0.5509,0.4452,0.9961
16808.0,0.4728,0.445,0.9178
16809.0,0.4957,0.4618,0.9575
16810.0,0.6797,0.4556,1.1353
16811.0,0.4193,0.4618,0.8811
16812.0,0.4683,0.4446,0.9129
16813.0,0.4976,0.4279,0.9255
16814.0,0.001,0.0216,0.022600000000000002
16815.0,0.49,0.4273,0.9173
16816.0,0.4636,0.403,0.8666
16817.0,0.4161,0.4339,0.8500000000000001
16818.0,0.4327,0.4446,0.8773
16819.0,0.468,0.4379,0.9059
16820.0,0.3974,0.4402,0.8375999999999999
16821.0,0.3582,0.4437,0.8019000000000001
16822.0,0.6746,0.44,1.1146
16823.0,0.499,0.4343,0.9333
16824.0,0.4877,0.4179,0.9056
16825.0,0.4358,0.4481,0.8839
16826.0,0.4651,0.444,0.9091
16827.0,0.5019,0.4295,0.9314
16828.0,0.0,0.4776,0.4776
16829.0,0.4201,0.4393,0.8593999999999999
16830.0,0.5151,0.4458,0.9609
16831.0,0.456,0.4391,0.8951
16832.0,0.4658,0.4474,0.9132
16833.0,0.4086,0.4506,0.8592
16834.0,0.3929,0.4555,0.8484
16835.0,0.6007,0.5059,1.1066
16836.0,0.3807,0.4559,0.8366
16837.0,0.6081,0.4603,1.0684
16838.0,0.5214,0.446,0.9674
16839.0,0.5448,0.4388,0.9836
16840.0,0.4276,0.4542,0.8817999999999999
16841.0,0.3925,0.4541,0.8466
16842.0,0.0031,0.0265,0.029599999999999998
16843.0,0.3862,0.4438,0.83
16844.0,0.4762,0.4432,0.9194
16845.0,0.462,0.4428,0.9048
16846.0,0.4565,0.4547,0.9112
16847.0,0.3491,0.4501,0.7992
16848.0,0.3695,0.4233,0.7928
16849.0,0.387,0.4267,0.8137000000000001
16850.0,0.4359,0.4167,0.8526
16851.0,0.4217,0.4135,0.8351999999999999
16852.0,0.4446,0.4429,0.8875
16853.0,0.5582,0.4039,0.9621
16854.0,0.5028,0.41,0.9128000000000001
16855.0,0.4293,0.4206,0.8499
16856.0,0.9655,0.3797,1.3452
16857.0,0.4396,0.4212,0.8608
16858.0,0.5293,0.4202,0.9495
16859.0,0.4382,0.4565,0.8947
16860.0,0.3936,0.4546,0.8482000000000001
16861.0,0.4317,0.4315,0.8632
16862.0,0.4603,0.4303,0.8906000000000001
16863.0,0.5113,0.431,0.9422999999999999
16864.0,0.7589,0.4325,1.1914
16865.0,0.4771,0.4316,0.9087000000000001
16866.0,0.6025,0.4254,1.0279
16867.0,0.3946,0.4456,0.8402000000000001
16868.0,0.4736,0.4538,0.9274
16869.0,0.3638,0.4353,0.7991
16870.0,0.0713,0.1214,0.19269999999999998
16871.0,0.523,0.4467,0.9697
16872.0,0.4809,0.4218,0.9027000000000001
16873.0,0.4285,0.4518,0.8803
16874.0,0.4898,0.4212,0.911
16875.0,0.4729,0.4216,0.8945
16876.0,0.5687,0.4247,0.9934000000000001
16877.0,0.5108,0.4247,0.9355
16878.0,0.5867,0.4526,1.0393
16879.0,0.3904,0.4094,0.7998000000000001
16880.0,0.4659,0.4546,0.9205
16881.0,0.3574,0.431,0.7884
16882.0,0.4673,0.4204,0.8876999999999999
16883.0,0.4147,0.4293,0.8440000000000001
16884.0,0.8428,0.1282,0.971
16885.0,0.49,0.4179,0.9078999999999999
16886.0,0.5263,0.4543,0.9805999999999999
16887.0,0.381,0.4608,0.8418
16888.0,0.5755,0.4406,1.0161
16889.0,0.4973,0.4284,0.9257
16890.0,0.4509,0.43,0.8809
16891.0,0.5719,0.4154,0.9873
16892.0,0.4111,0.4374,0.8485
16893.0,0.7051,0.4371,1.1421999999999999
16894.0,0.4571,0.4396,0.8967
16895.0,0.4733,0.4339,0.9072
16896.0,0.7355,0.4438,1.1793
16897.0,0.6171,0.4359,1.053
16898.0,0.0229,0.1974,0.2203
16899.0,0.4654,0.423,0.8884
16900.0,0.4976,0.46,0.9576
16901.0,0.4025,0.4515,0.8540000000000001
16902.0,0.4652,0.4532,0.9184
16903.0,0.5886,0.439,1.0276
16904.0,0.3746,0.4346,0.8091999999999999
16905.0,0.4308,0.4343,0.8651
16906.0,0.3659,0.4122,0.7781
16907.0,0.4534,0.4043,0.8577
16908.0,0.3922,0.4284,0.8206
16909.0,0.3928,0.4152,0.808
16910.0,0.3885,0.4241,0.8126
16911.0,0.4659,0.4254,0.8913
16912.0,2.2315,0.17,2.4015
16913.0,0.3648,0.4353,0.8001
16914.0,0.5146,0.4575,0.9721
16915.0,0.6342,0.4957,1.1299
16916.0,0.5337,0.4959,1.0295999999999998
16917.0,0.5447,0.4847,1.0293999999999999
16918.0,0.4728,0.4726,0.9454
16919.0,0.5356,0.4687,1.0043
16920.0,0.5125,0.4536,0.9661
16921.0,0.6218,0.4556,1.0774
16922.0,0.5637,0.4796,1.0433
16923.0,0.5002,0.4617,0.9619
16924.0,0.6509,0.4848,1.1357
16925.0,0.5099,0.4836,0.9935
16926.0,0.2093,0.2206,0.4299
16927.0,0.4884,0.4554,0.9438
16928.0,0.5914,0.4752,1.0666
16929.0,0.471,0.4774,0.9483999999999999
16930.0,0.4296,0.4665,0.8961
16931.0,0.4292,0.4829,0.9121
16932.0,0.493,0.4553,0.9482999999999999
16933.0,0.3768,0.4483,0.8251
16934.0,0.6096,0.4227,1.0323
16935.0,0.4921,0.4277,0.9198
16936.0,0.47,0.4636,0.9336
16937.0,0.4098,0.4657,0.8755
16938.0,0.4571,0.4357,0.8928
16939.0,0.4711,0.4365,0.9076
16940.0,1.0256,0.3783,1.4039000000000001
16941.0,0.5144,0.4475,0.9619
16942.0,0.5201,0.4489,0.9690000000000001
16943.0,0.4548,0.4702,0.925
16944.0,0.4722,0.4593,0.9315
16945.0,0.4221,0.4662,0.8883
16946.0,0.5266,0.4748,1.0013999999999998
16947.0,0.4736,0.4629,0.9365
16948.0,0.4242,0.4693,0.8935
16949.0,0.5931,0.4631,1.0562
16950.0,0.4418,0.4672,0.909
16951.0,0.5893,0.4467,1.036
16952.0,0.5013,0.4697,0.971
16953.0,0.474,0.4403,0.9143
16954.0,0.1508,1.3366,1.4874
16955.0,0.4304,0.4606,0.891
16956.0,0.4774,0.4547,0.9320999999999999
16957.0,0.3916,0.4448,0.8364
16958.0,0.4588,0.4638,0.9226
16959.0,0.3925,0.4545,0.847
16960.0,0.4522,0.4692,0.9214
16961.0,0.5176,0.4569,0.9744999999999999
16962.0,0.5395,0.4553,0.9947999999999999
16963.0,0.4225,0.4431,0.8655999999999999
16964.0,0.5218,0.4558,0.9776
16965.0,0.4137,0.4582,0.8719
16966.0,0.6916,0.4319,1.1235
16967.0,0.3707,0.4435,0.8142
16968.0,0.1525,0.1585,0.311
16969.0,0.4522,0.4669,0.9191
16970.0,0.437,0.4551,0.8921
16971.0,0.3898,0.4137,0.8035
16972.0,0.579,0.4501,1.0291
16973.0,0.5357,0.4527,0.9884
16974.0,0.5347,0.4576,0.9923
16975.0,0.3925,0.4542,0.8467
16976.0,0.5107,0.4375,0.9482
16977.0,0.4611,0.4499,0.911
16978.0,0.4172,0.414,0.8311999999999999
16979.0,0.47,0.4531,0.9231
16980.0,0.4359,0.4328,0.8687
16981.0,0.4701,0.418,0.8881
16982.0,0.0001,0.1217,0.1218
16983.0,0.4717,0.4461,0.9178
16984.0,0.5809,0.4128,0.9937
16985.0,0.4403,0.4482,0.8885000000000001
16986.0,0.5497,0.4177,0.9674
16987.0,0.4476,0.4364,0.884
16988.0,0.616,0.4328,1.0488
16989.0,0.3733,0.4229,0.7962
16990.0,0.4516,0.427,0.8786
16991.0,0.5452,0.4154,0.9606
16992.0,0.4049,0.43,0.8349
16993.0,0.4852,0.4252,0.9104000000000001
16994.0,0.4349,0.4223,0.8572
16995.0,0.4996,0.4262,0.9258
16996.0,0.0005,0.1522,0.1527
16997.0,0.5728,0.4102,0.983
16998.0,0.5811,0.4222,1.0032999999999999
16999.0,0.4906,0.4272,0.9178
17000.0,0.4034,0.4463,0.8496999999999999
17001.0,0.4445,0.449,0.8935
17002.0,0.5483,0.4347,0.983
17003.0,0.3922,0.4129,0.8050999999999999
17004.0,0.5872,0.4117,0.9989000000000001
17005.0,0.5288,0.4138,0.9426000000000001
17006.0,0.5413,0.4177,0.9590000000000001
17007.0,0.4553,0.431,0.8863
17008.0,0.4286,0.4364,0.865
17009.0,0.4673,0.446,0.9133
17010.0,0.0095,0.0541,0.0636
17011.0,0.4112,0.4136,0.8248
17012.0,0.49,0.4021,0.8921
17013.0,0.4329,0.4293,0.8622000000000001
17014.0,0.4389,0.4275,0.8664000000000001
17015.0,0.4746,0.4261,0.9007000000000001
17016.0,0.4198,0.4033,0.8230999999999999
17017.0,0.5726,0.4117,0.9843
17018.0,0.4094,0.4167,0.8261000000000001
17019.0,0.4063,0.4499,0.8562000000000001
17020.0,0.4732,0.3979,0.8711
17021.0,0.476,0.4247,0.9007000000000001
17022.0,0.3998,0.4088,0.8086
17023.0,0.476,0.4356,0.9116
17024.0,0.7719,0.0578,0.8297
17025.0,0.4144,0.4381,0.8525
17026.0,0.5783,0.4196,0.9979
17027.0,0.4772,0.4189,0.8961
17028.0,0.4879,0.4166,0.9045000000000001
17029.0,0.4947,0.4292,0.9238999999999999
17030.0,0.4541,0.4301,0.8842
17031.0,0.3841,0.4167,0.8008
17032.0,0.5318,0.4045,0.9363000000000001
17033.0,0.6667,0.4228,1.0895
17034.0,0.438,0.4245,0.8625
17035.0,0.3899,0.4157,0.8056000000000001
17036.0,0.4124,0.4262,0.8386
17037.0,0.4302,0.4285,0.8587
17038.0,0.5014,0.1795,0.6809
17039.0,0.4227,0.4229,0.8456
17040.0,0.5742,0.4072,0.9814
17041.0,0.3669,0.4474,0.8143
17042.0,0.3869,0.4239,0.8108
17043.0,0.5709,0.4257,0.9965999999999999
17044.0,0.6094,0.4056,1.0150000000000001
17045.0,0.5231,0.401,0.9241
17046.0,0.5076,0.408,0.9156
17047.0,0.3843,0.3971,0.7814
17048.0,0.4121,0.4224,0.8345
17049.0,0.3821,0.4245,0.8066
17050.0,0.4331,0.408,0.8411
17051.0,0.3806,0.4123,0.7928999999999999
17052.0,0.5988,0.4978,1.0966
17053.0,0.4062,0.4238,0.8300000000000001
17054.0,0.4616,0.44,0.9016
17055.0,0.5808,0.4519,1.0327
17056.0,0.4844,0.4615,0.9459
17057.0,0.4441,0.4511,0.8952
17058.0,0.5391,0.4577,0.9968
17059.0,0.5747,0.4443,1.019
17060.0,0.6064,0.4455,1.0519
17061.0,0.5788,0.4415,1.0203
17062.0,0.4405,0.4504,0.8909
17063.0,0.9181,0.4496,1.3677000000000001
17064.0,0.61,0.4425,1.0525
17065.0,0.5043,0.4677,0.972
17066.0,0.0216,0.537,0.5586
17067.0,0.463,0.445,0.908
17068.0,0.4367,0.4617,0.8984
17069.0,0.5508,0.442,0.9927999999999999
17070.0,0.6947,0.4595,1.1542
17071.0,0.5378,0.4509,0.9886999999999999
17072.0,0.4557,0.4529,0.9086000000000001
17073.0,0.3838,0.4415,0.8252999999999999
17074.0,0.446,0.4416,0.8876
17075.0,0.4872,0.4315,0.9187000000000001
17076.0,0.4071,0.4226,0.8297
17077.0,0.623,0.4403,1.0633
17078.0,0.4921,0.408,0.9000999999999999
17079.0,0.3639,0.4311,0.7949999999999999
17080.0,0.0007,0.1138,0.1145
17081.0,0.4207,0.4193,0.8400000000000001
17082.0,0.3731,0.4568,0.8299
17083.0,0.4316,0.4386,0.8702
17084.0,0.4882,0.4421,0.9303
17085.0,0.4532,0.4492,0.9024
17086.0,0.4984,0.4473,0.9457
17087.0,0.3903,0.4119,0.8022
17088.0,0.4115,0.4111,0.8226
17089.0,0.489,0.4191,0.9080999999999999
17090.0,0.4711,0.4338,0.9049
17091.0,0.3316,0.4005,0.7321
17092.0,0.4118,0.4202,0.8320000000000001
17093.0,0.4862,0.396,0.8822000000000001
17094.0,0.1073,0.411,0.5183
17095.0,0.4267,0.4345,0.8612
17096.0,0.4289,0.4038,0.8327
17097.0,0.4188,0.4165,0.8352999999999999
17098.0,0.4777,0.419,0.8967
17099.0,0.3842,0.4321,0.8163
17100.0,0.453,0.4234,0.8764000000000001
17101.0,0.4018,0.4233,0.8251
17102.0,0.4036,0.4188,0.8224
17103.0,0.3922,0.4257,0.8179000000000001
17104.0,0.3899,0.4206,0.8105
17105.0,0.3989,0.4036,0.8025
17106.0,0.4379,0.4223,0.8602000000000001
17107.0,0.5679,0.4061,0.974
17108.0,0.0385,0.1558,0.1943
17109.0,0.5187,0.4034,0.9221
17110.0,0.541,0.4291,0.9701
17111.0,0.3926,0.4269,0.8195
17112.0,0.4475,0.4427,0.8902
17113.0,0.3948,0.4152,0.81
17114.0,0.4121,0.4265,0.8386
17115.0,0.3724,0.4267,0.7991
17116.0,0.3801,0.4073,0.7874
17117.0,0.3632,0.4235,0.7867
17118.0,0.4074,0.4081,0.8155
17119.0,0.5286,0.406,0.9346
17120.0,0.3647,0.4204,0.7851
17121.0,0.4073,0.4333,0.8406
17122.0,0.6991,0.4497,1.1488
17123.0,0.4237,0.4278,0.8515
17124.0,0.5139,0.4267,0.9406000000000001
17125.0,0.4442,0.4305,0.8747
17126.0,0.538,0.4252,0.9632000000000001
17127.0,0.4556,0.4259,0.8815
17128.0,0.383,0.4064,0.7894
17129.0,0.4398,0.4065,0.8463
17130.0,0.3692,0.4219,0.7910999999999999
17131.0,0.4664,0.4278,0.8942
17132.0,0.4344,0.4252,0.8596
17133.0,0.4153,0.4242,0.8395
17134.0,0.4769,0.419,0.8958999999999999
17135.0,0.3291,0.4063,0.7354
17136.0,1.0668,0.5388,1.6056
17137.0,0.7752,0.4185,1.1937
17138.0,0.5082,0.4246,0.9328
17139.0,0.5252,0.417,0.9421999999999999
17140.0,0.5295,0.4323,0.9618
17141.0,0.6721,0.4256,1.0977000000000001
17142.0,0.588,0.4369,1.0249
17143.0,0.4888,0.4611,0.9499
17144.0,0.6467,0.4376,1.0843
17145.0,0.8485,0.4496,1.2981
17146.0,0.542,0.431,0.9730000000000001
17147.0,0.5667,0.4451,1.0118
17148.0,0.4338,0.4269,0.8607
17149.0,0.5557,0.4362,0.9919
17150.0,0.0019,0.0774,0.0793
17151.0,0.382,0.4737,0.8557
17152.0,0.6055,0.4367,1.0422
17153.0,0.4973,0.435,0.9323
17154.0,0.3884,0.427,0.8154
17155.0,0.4821,0.4104,0.8925
17156.0,0.4551,0.4182,0.8733
17157.0,0.4056,0.4166,0.8222
17158.0,0.4477,0.4229,0.8706
17159.0,0.4183,0.4253,0.8436
17160.0,0.5769,0.4242,1.0011
17161.0,0.6074,0.4347,1.0421
17162.0,0.524,0.4321,0.9561
17163.0,0.5458,0.4154,0.9611999999999999
17164.0,0.0023,0.0378,0.0401
17165.0,0.406,0.4283,0.8343
17166.0,0.432,0.4167,0.8487
17167.0,0.4148,0.4182,0.833
17168.0,0.4348,0.4279,0.8627
17169.0,0.4798,0.4088,0.8886000000000001
17170.0,0.3922,0.426,0.8182
17171.0,0.3949,0.4136,0.8085
17172.0,0.4146,0.4157,0.8303
17173.0,0.5431,0.4228,0.9659
17174.0,0.5439,0.432,0.9759
17175.0,0.5939,0.4229,1.0168
17176.0,0.4688,0.3922,0.861
17177.0,0.5076,0.4044,0.912
17178.0,0.0049,1.3508,1.3557
17179.0,0.4421,0.4198,0.8619
17180.0,0.7902,0.433,1.2232
17181.0,0.5171,0.4493,0.9663999999999999
17182.0,0.2927,0.4497,0.7424
17183.0,0.5303,0.4294,0.9597
17184.0,0.316,0.4444,0.7604
17185.0,0.4512,0.4311,0.8823
17186.0,0.3673,0.4407,0.808
17187.0,0.6603,0.414,1.0743
17188.0,0.4769,0.4395,0.9164
17189.0,0.4787,0.4245,0.9032
17190.0,0.5161,0.4387,0.9548
17191.0,0.4569,0.4413,0.8982
17192.0,0.0457,1.8673,1.913
17193.0,0.4392,0.4353,0.8745
17194.0,0.4452,0.4466,0.8917999999999999
17195.0,0.423,0.4765,0.8995
17196.0,1.0851,0.4792,1.5643
17197.0,0.3145,0.4573,0.7718
17198.0,0.4814,0.4719,0.9533
17199.0,0.4286,0.4801,0.9087000000000001
17200.0,0.4231,0.448,0.8711
17201.0,0.6118,0.4555,1.0673
17202.0,0.3419,0.4711,0.813
17203.0,0.3817,0.458,0.8397
17204.0,0.4688,0.4564,0.9252
17205.0,0.3767,0.4739,0.8506
17206.0,0.1244,0.0863,0.2107
17207.0,0.4394,0.4666,0.906
17208.0,0.5631,0.4249,0.988
17209.0,0.4873,0.4559,0.9432
17210.0,0.3911,0.4543,0.8453999999999999
17211.0,0.4391,0.4716,0.9107000000000001
17212.0,0.4512,0.4434,0.8946000000000001
17213.0,0.4693,0.418,0.8873
17214.0,0.444,0.4496,0.8936
17215.0,0.4599,0.4291,0.889
17216.0,0.6185,0.442,1.0605
17217.0,0.5795,0.4565,1.036
17218.0,0.5504,0.4217,0.9721
17219.0,0.475,0.4215,0.8965
17220.0,0.1059,0.3552,0.4611
17221.0,0.3799,0.4277,0.8076000000000001
17222.0,0.5653,0.4377,1.0030000000000001
17223.0,0.4393,0.4162,0.8555
17224.0,0.523,0.4324,0.9554
17225.0,0.391,0.4409,0.8319000000000001
17226.0,0.55,0.4337,0.9837
17227.0,0.4725,0.428,0.9005
17228.0,0.5304,0.4217,0.9521
17229.0,0.4573,0.4139,0.8712
17230.0,0.461,0.4479,0.9089
17231.0,0.3488,0.422,0.7707999999999999
17232.0,0.442,0.4211,0.8631
17233.0,0.3719,0.4058,0.7777000000000001
17234.0,0.524,0.5973,1.1213000000000002
17235.0,0.467,0.414,0.881
17236.0,0.437,0.4105,0.8474999999999999
17237.0,0.6576,0.4434,1.101
17238.0,0.4418,0.4447,0.8865000000000001
17239.0,0.3471,0.4392,0.7863
17240.0,0.4404,0.4274,0.8678
17241.0,0.4172,0.4196,0.8368
17242.0,0.4051,0.427,0.8321000000000001
17243.0,0.5415,0.3996,0.9411
17244.0,0.368,0.4102,0.7782
17245.0,0.5495,0.4364,0.9859
17246.0,0.3298,0.4009,0.7306999999999999
17247.0,0.4746,0.4361,0.9107000000000001
17248.0,0.0477,0.1963,0.244
17249.0,0.4722,0.4128,0.885
17250.0,0.587,0.4174,1.0044
17251.0,0.5256,0.4201,0.9457
17252.0,0.5725,0.4263,0.9988
17253.0,0.4491,0.4104,0.8594999999999999
17254.0,0.3801,0.409,0.7890999999999999
17255.0,0.4529,0.4303,0.8832
17256.0,0.4467,0.4035,0.8502000000000001
17257.0,0.456,0.43,0.886
17258.0,0.5243,0.4217,0.946
17259.0,0.4733,0.4137,0.887
17260.0,0.3382,0.4399,0.7781
17261.0,0.4358,0.4097,0.8455
17262.0,0.0031,0.0514,0.0545
17263.0,0.4221,0.4285,0.8506
17264.0,0.43,0.4146,0.8446
17265.0,0.4002,0.4173,0.8175
17266.0,0.3936,0.4284,0.8220000000000001
17267.0,0.4028,0.4052,0.808
17268.0,0.4088,0.4324,0.8412
17269.0,0.5552,0.4018,0.9570000000000001
17270.0,0.3907,0.4267,0.8174
17271.0,0.4232,0.4066,0.8298000000000001
17272.0,0.3274,0.4005,0.7279
17273.0,0.4652,0.4108,0.876
17274.0,0.461,0.4087,0.8697
17275.0,0.368,0.4183,0.7863
17276.0,0.0287,1.3365,1.3652
17277.0,0.4114,0.4187,0.8301000000000001
17278.0,0.3852,0.415,0.8002
17279.0,0.4132,0.4178,0.831
17280.0,0.5126,0.4084,0.9209999999999999
17281.0,0.6158,0.444,1.0598
17282.0,0.3759,0.4134,0.7893
17283.0,0.552,0.4367,0.9887
17284.0,0.4655,0.4196,0.8851
17285.0,0.58,0.435,1.015
17286.0,0.4904,0.4521,0.9425
17287.0,0.3857,0.4484,0.8341000000000001
17288.0,0.4044,0.4144,0.8188
17289.0,0.5506,0.4128,0.9634
17290.0,0.1058,0.1123,0.21810000000000002
17291.0,0.4481,0.4052,0.8533
17292.0,0.4205,0.4109,0.8313999999999999
17293.0,0.5039,0.3945,0.8984000000000001
17294.0,0.5544,0.4199,0.9742999999999999
17295.0,0.4181,0.432,0.8501000000000001
17296.0,0.5093,0.429,0.9382999999999999
17297.0,0.4316,0.4101,0.8417
17298.0,0.3958,0.3999,0.7957
17299.0,0.4513,0.3895,0.8408
17300.0,0.4874,0.4153,0.9027000000000001
17301.0,0.4639,0.4169,0.8808
17302.0,0.4514,0.4149,0.8663000000000001
17303.0,0.3748,0.4087,0.7835000000000001
17304.0,0.1478,0.1741,0.32189999999999996
17305.0,0.3742,0.4044,0.7786
17306.0,0.4383,0.4187,0.857
17307.0,1.344,0.4212,1.7652
17308.0,0.4734,0.4336,0.907
17309.0,0.4628,0.425,0.8877999999999999
17310.0,0.3622,0.4286,0.7908
17311.0,0.4338,0.4251,0.8589
17312.0,0.6245,0.4091,1.0336
17313.0,0.6596,0.4052,1.0648
17314.0,0.4066,0.3971,0.8037000000000001
17315.0,0.3679,0.4252,0.7931
17316.0,0.2885,0.3996,0.6880999999999999
17317.0,0.3957,0.4083,0.804
17318.0,0.3057,1.2866,1.5923
17319.0,0.3999,0.4054,0.8052999999999999
17320.0,0.3359,0.4458,0.7817
17321.0,0.4577,0.4419,0.8996
17322.0,0.4159,0.4488,0.8647
17323.0,0.4167,0.4451,0.8618
17324.0,0.5493,0.4218,0.9711000000000001
17325.0,0.4052,0.4235,0.8287
17326.0,0.447,0.4017,0.8487
17327.0,0.3299,0.4214,0.7513000000000001
17328.0,0.5945,0.4262,1.0207000000000002
17329.0,0.4549,0.4173,0.8722000000000001
17330.0,0.4924,0.4422,0.9346
17331.0,0.3686,0.4213,0.7899
17332.0,0.0056,0.0796,0.0852
17333.0,0.3724,0.4223,0.7947
17334.0,0.4591,0.4034,0.8625
17335.0,0.4911,0.426,0.9171
17336.0,0.4312,0.4317,0.8629
17337.0,0.4549,0.4441,0.899
17338.0,0.3765,0.4376,0.8141
17339.0,0.3835,0.4185,0.802
17340.0,0.4914,0.4299,0.9213
17341.0,0.447,0.4076,0.8546
17342.0,0.3431,0.4106,0.7537
17343.0,0.4996,0.4141,0.9137
17344.0,0.4153,0.4035,0.8188
17345.0,0.4571,0.4021,0.8592
17346.0,1.1784,0.6759,1.8542999999999998
17347.0,0.4214,0.414,0.8353999999999999
17348.0,0.4606,0.4356,0.8962
17349.0,0.574,0.4252,0.9992
17350.0,0.5942,0.4231,1.0172999999999999
17351.0,0.5567,0.4381,0.9947999999999999
17352.0,0.4744,0.4449,0.9193
17353.0,0.4909,0.4509,0.9418
17354.0,0.4563,0.4019,0.8582
17355.0,0.5526,0.3955,0.9480999999999999
17356.0,0.5193,0.42,0.9393
17357.0,0.4819,0.4399,0.9218
17358.0,0.4022,0.4319,0.8341000000000001
17359.0,0.4504,0.4274,0.8778
17360.0,0.0412,0.3915,0.43270000000000003
17361.0,0.5326,0.4335,0.9661
17362.0,0.5649,0.4248,0.9897
17363.0,0.4496,0.4575,0.9071
17364.0,0.4329,0.4734,0.9063
17365.0,0.44,0.4704,0.9104
17366.0,0.689,0.4289,1.1179
17367.0,0.5125,0.4233,0.9358
17368.0,0.4783,0.4047,0.883
17369.0,0.45,0.4228,0.8728
17370.0,0.4368,0.4421,0.8789
17371.0,0.5675,0.4293,0.9968
17372.0,0.3857,0.4476,0.8332999999999999
17373.0,0.4981,0.4134,0.9115
17374.0,0.1,0.153,0.253
17375.0,0.3931,0.4397,0.8328
17376.0,0.6685,0.4291,1.0976
17377.0,0.404,0.4262,0.8302
17378.0,0.5033,0.4507,0.954
17379.0,0.3964,0.4469,0.8432999999999999
17380.0,0.4075,0.4584,0.8658999999999999
17381.0,0.397,0.4304,0.8274
17382.0,0.4501,0.423,0.8731
17383.0,0.5393,0.4334,0.9727
17384.0,0.4451,0.4134,0.8585
17385.0,0.4608,0.4299,0.8907
17386.0,0.5245,0.4235,0.948
17387.0,0.3305,0.427,0.7575000000000001
17388.0,0.0023,0.4871,0.4894
17389.0,0.413,0.4519,0.8649
17390.0,0.398,0.4695,0.8674999999999999
17391.0,0.479,0.4584,0.9374
17392.0,0.4346,0.4864,0.921
17393.0,0.4429,0.4597,0.9026000000000001
17394.0,0.382,0.4348,0.8168
17395.0,0.3224,0.4166,0.7390000000000001
17396.0,0.5322,0.4244,0.9566
17397.0,0.5001,0.4292,0.9293
17398.0,0.7574,0.4283,1.1857
17399.0,0.5006,0.4378,0.9384000000000001
17400.0,0.3369,0.4253,0.7622
17401.0,0.3727,0.4285,0.8011999999999999
17402.0,0.0944,0.5353,0.6297
17403.0,0.4647,0.4048,0.8694999999999999
17404.0,0.4351,0.4382,0.8733
17405.0,0.4878,0.4431,0.9309000000000001
17406.0,0.4643,0.4255,0.8897999999999999
17407.0,0.4548,0.4362,0.891
17408.0,0.4747,0.4282,0.9029
17409.0,0.4389,0.4182,0.8571
17410.0,0.4325,0.3968,0.8292999999999999
17411.0,0.452,0.3989,0.8509
17412.0,0.4906,0.4304,0.921
17413.0,0.9695,0.429,1.3985
17414.0,0.4829,0.4296,0.9125
17415.0,0.5257,0.4324,0.9581
17416.0,0.1144,0.5406,0.655
17417.0,0.6418,0.4418,1.0836000000000001
17418.0,0.4327,0.4253,0.858
17419.0,0.4695,0.4092,0.8787
17420.0,0.4998,0.4238,0.9236
17421.0,0.7412,0.4149,1.1561
17422.0,0.4253,0.4105,0.8358
17423.0,0.4021,0.4012,0.8033
17424.0,0.6563,0.4409,1.0972
17425.0,0.4804,0.3836,0.864
17426.0,0.3645,0.4192,0.7837000000000001
17427.0,0.4364,0.4175,0.8539
17428.0,0.4489,0.4011,0.8500000000000001
17429.0,0.4886,0.4148,0.9034
17430.0,0.7,1.0993,1.7993
17431.0,0.4067,0.4135,0.8202
17432.0,0.7048,0.3923,1.0971
17433.0,0.4657,0.4423,0.908
17434.0,0.573,0.4142,0.9872
17435.0,0.3711,0.4095,0.7806
17436.0,0.4625,0.422,0.8845000000000001
17437.0,0.5754,0.4126,0.988
17438.0,0.3688,0.4132,0.782
17439.0,0.4618,0.4038,0.8655999999999999
17440.0,0.4923,0.4089,0.9012
17441.0,0.4003,0.4166,0.8169
17442.0,0.5475,0.4284,0.9759
17443.0,0.3734,0.4104,0.7838
17444.0,0.0093,0.1108,0.1201
17445.0,0.4696,0.421,0.8906000000000001
17446.0,0.3833,0.4252,0.8085
17447.0,0.3212,0.4382,0.7594
17448.0,0.3438,0.414,0.7578
17449.0,0.4226,0.428,0.8506
17450.0,0.4325,0.4297,0.8622000000000001
17451.0,0.4336,0.3999,0.8334999999999999
17452.0,0.4602,0.4194,0.8795999999999999
17453.0,0.4796,0.4091,0.8887
17454.0,0.3733,0.4025,0.7758
17455.0,0.5502,0.4318,0.982
17456.0,0.6893,0.4295,1.1188
17457.0,0.4129,0.4113,0.8242
17458.0,0.9458,0.1835,1.1293
17459.0,0.4531,0.4133,0.8664000000000001
17460.0,0.4098,0.4191,0.8289
17461.0,0.4848,0.4307,0.9155
17462.0,0.4567,0.4185,0.8752
17463.0,0.5361,0.4174,0.9535
17464.0,0.4372,0.4177,0.8549
17465.0,0.543,0.423,0.966
17466.0,0.4404,0.379,0.8194
17467.0,0.448,0.4041,0.8521000000000001
17468.0,0.4087,0.4014,0.8101
17469.0,0.5454,0.4129,0.9582999999999999
17470.0,0.4043,0.4052,0.8095
17471.0,0.4797,0.4083,0.888
17472.0,0.0381,0.6302,0.6683
17473.0,0.6443,0.4113,1.0556
17474.0,0.4201,0.4042,0.8243
17475.0,0.4439,0.4461,0.89
17476.0,0.4808,0.4297,0.9105000000000001
17477.0,0.4731,0.421,0.8941
17478.0,0.4222,0.4049,0.8271
17479.0,0.3516,0.4123,0.7639
17480.0,0.4743,0.4245,0.8988
17481.0,0.4493,0.3966,0.8459
17482.0,0.4015,0.4236,0.8251
17483.0,0.4639,0.4173,0.8812
17484.0,0.3464,0.4127,0.7591
17485.0,0.4355,0.4053,0.8408
17486.0,0.0472,0.0146,0.0618
17487.0,0.5329,0.4152,0.9481
17488.0,0.4181,0.4118,0.8299000000000001
17489.0,0.5043,0.4014,0.9057
17490.0,0.3807,0.4152,0.7959
17491.0,0.4164,0.4187,0.8351
17492.0,0.3605,0.4042,0.7646999999999999
17493.0,0.4009,0.4061,0.8069999999999999
17494.0,0.4087,0.408,0.8167
17495.0,0.4944,0.4048,0.8992
17496.0,0.3965,0.4302,0.8267
17497.0,0.4105,0.4055,0.8160000000000001
17498.0,0.4764,0.3838,0.8602
17499.0,0.421,0.3998,0.8208
17500.0,0.0003,0.5816,0.5819
17501.0,0.4891,0.3988,0.8878999999999999
17502.0,0.8104,0.4286,1.2389999999999999
17503.0,0.8381,0.4292,1.2673
17504.0,0.4943,0.4279,0.9222
17505.0,0.5181,0.4434,0.9615
17506.0,0.452,0.4278,0.8798
17507.0,0.4374,0.4359,0.8733
17508.0,0.6685,0.4144,1.0829
17509.0,0.3823,0.4305,0.8128
17510.0,0.4983,0.4164,0.9147000000000001
17511.0,0.486,0.4399,0.9259
17512.0,0.4785,0.4405,0.919
17513.0,0.4163,0.4204,0.8367
17514.0,1.4312,0.1446,1.5758
17515.0,0.4406,0.4237,0.8643000000000001
17516.0,0.6554,0.4571,1.1125
17517.0,0.5248,0.4306,0.9554
17518.0,0.3646,0.4412,0.8058
17519.0,0.4497,0.4303,0.88
17520.0,0.5459,0.4198,0.9657
17521.0,0.558,0.4199,0.9779
17522.0,0.42,0.4234,0.8433999999999999
17523.0,0.4579,0.412,0.8698999999999999
17524.0,0.3303,0.4105,0.7407999999999999
17525.0,0.5685,0.4117,0.9802
17526.0,0.5254,0.4147,0.9400999999999999
17527.0,0.5959,0.4127,1.0086
17528.0,0.1198,0.9635,1.0833
17529.0,0.3569,0.3958,0.7526999999999999
17530.0,0.456,0.3981,0.8541000000000001
17531.0,0.5095,0.4251,0.9345999999999999
17532.0,0.5087,0.4366,0.9453
17533.0,0.3646,0.4283,0.7928999999999999
17534.0,0.4895,0.4096,0.8991
17535.0,0.4145,0.4113,0.8258
17536.0,0.4559,0.4053,0.8612
17537.0,0.5033,0.4217,0.925
17538.0,0.4145,0.4317,0.8462
17539.0,0.4717,0.4253,0.897
17540.0,0.5877,0.4163,1.004
17541.0,0.6025,0.415,1.0175
17542.0,0.0179,0.1297,0.1476
17543.0,0.4152,0.4317,0.8469
17544.0,0.433,0.4287,0.8617
17545.0,0.385,0.4183,0.8033
17546.0,0.4058,0.4222,0.8280000000000001
17547.0,0.5311,0.4314,0.9625
17548.0,0.7277,0.405,1.1327
17549.0,0.7029,0.414,1.1169
17550.0,0.338,0.4136,0.7516
17551.0,0.446,0.3937,0.8397
17552.0,0.4702,0.4028,0.873
17553.0,0.4055,0.4118,0.8173
17554.0,0.4859,0.4097,0.8956
17555.0,0.3576,0.4197,0.7773
17556.0,0.1603,0.0899,0.2502
17557.0,0.428,0.4332,0.8612
17558.0,0.552,0.4236,0.9756
17559.0,0.4252,0.4109,0.8361000000000001
17560.0,0.3698,0.4252,0.795
17561.0,0.5555,0.4255,0.981
17562.0,0.3607,0.4098,0.7705
17563.0,0.3978,0.4027,0.8005
17564.0,0.4507,0.4052,0.8559
17565.0,0.3445,0.4169,0.7614
17566.0,0.341,0.3811,0.7221
17567.0,0.4379,0.4071,0.845
17568.0,0.4668,0.4164,0.8832
17569.0,0.4524,0.4102,0.8626
17570.0,0.0122,0.3169,0.3291
17571.0,0.4125,0.4016,0.8141
17572.0,0.5542,0.4145,0.9687
17573.0,0.5092,0.4139,0.9231
17574.0,0.4798,0.424,0.9037999999999999
17575.0,0.385,0.4064,0.7914
17576.0,0.4769,0.4008,0.8776999999999999
17577.0,0.3929,0.4026,0.7955000000000001
17578.0,0.3418,0.3946,0.7363999999999999
17579.0,0.475,0.4213,0.8963
17580.0,0.3343,0.4096,0.7439
17581.0,0.3604,0.4284,0.7888
17582.0,0.4992,0.4198,0.919
17583.0,0.4066,0.3969,0.8035
17584.0,0.1103,0.5243,0.6345999999999999
17585.0,0.4979,0.4112,0.9091
17586.0,0.4997,0.4426,0.9422999999999999
17587.0,0.4086,0.436,0.8446
17588.0,0.4519,0.439,0.8909
17589.0,0.4043,0.4176,0.8219000000000001
17590.0,0.43,0.4241,0.8541
17591.0,0.4295,0.4007,0.8302
17592.0,0.3279,0.3996,0.7275
17593.0,0.4977,0.4204,0.9180999999999999
17594.0,0.368,0.4095,0.7775
17595.0,0.4042,0.4211,0.8252999999999999
17596.0,0.4155,0.4175,0.833
17597.0,0.5472,0.4394,0.9866
17598.0,0.0284,0.6892,0.7176
17599.0,0.3783,0.4016,0.7799
17600.0,0.451,0.4064,0.8573999999999999
17601.0,0.6561,0.4195,1.0756000000000001
17602.0,0.4265,0.415,0.8414999999999999
17603.0,0.3944,0.4024,0.7968
17604.0,0.4101,0.4203,0.8304
17605.0,0.4879,0.3926,0.8805000000000001
17606.0,0.4166,0.4326,0.8492
17607.0,0.3944,0.4019,0.7963
17608.0,0.4786,0.417,0.8956
17609.0,0.4822,0.3976,0.8798
17610.0,0.4066,0.4288,0.8354
17611.0,0.4185,0.4009,0.8193999999999999
17612.0,0.0086,1.2809,1.2894999999999999
17613.0,0.3417,0.4182,0.7599
17614.0,0.4242,0.4404,0.8646
17615.0,0.4604,0.456,0.9164
17616.0,0.4195,0.4568,0.8763
17617.0,0.4521,0.4462,0.8983
17618.0,0.4137,0.4138,0.8275
17619.0,0.5757,0.4286,1.0043
17620.0,0.4379,0.4162,0.8541000000000001
17621.0,0.3838,0.4083,0.7921
17622.0,0.3498,0.4247,0.7745
17623.0,0.5156,0.4233,0.9389
17624.0,0.3506,0.4194,0.77
17625.0,0.4923,0.4441,0.9364
17626.0,0.0449,0.0945,0.1394
17627.0,0.3385,0.4329,0.7714000000000001
17628.0,0.3865,0.4195,0.806
17629.0,0.4211,0.4348,0.8559
17630.0,0.3694,0.4136,0.783
17631.0,0.5403,0.4356,0.9759
17632.0,0.477,0.421,0.8979999999999999
17633.0,0.5772,0.4052,0.9824
17634.0,0.4266,0.4168,0.8433999999999999
17635.0,0.4197,0.4048,0.8245
17636.0,0.4321,0.4032,0.8352999999999999
17637.0,0.4428,0.4064,0.8492
17638.0,0.9467,0.41,1.3567
17639.0,0.5155,0.4069,0.9223999999999999
17640.0,0.0452,0.2768,0.322
17641.0,0.3953,0.401,0.7963
17642.0,0.4664,0.4206,0.887
17643.0,0.3757,0.4041,0.7798
17644.0,0.4539,0.4223,0.8762000000000001
17645.0,0.3313,0.4341,0.7654
17646.0,0.3983,0.4292,0.8275
17647.0,0.5009,0.4206,0.9215
17648.0,0.3904,0.4087,0.7991
17649.0,0.4199,0.4259,0.8458
17650.0,0.5511,0.4227,0.9738
17651.0,0.5662,0.4353,1.0015
17652.0,0.3682,0.4256,0.7938000000000001
17653.0,0.5602,0.4089,0.9691000000000001
17654.0,0.1752,0.2291,0.4043
17655.0,0.4258,0.4115,0.8372999999999999
17656.0,0.3639,0.4401,0.804
17657.0,0.3794,0.4049,0.7843
17658.0,0.3386,0.411,0.7496
17659.0,0.3806,0.3995,0.7801
17660.0,0.4629,0.4005,0.8634
17661.0,0.4575,0.3978,0.8553
17662.0,0.3768,0.4147,0.7915000000000001
17663.0,0.5703,0.4255,0.9958
17664.0,0.4185,0.4118,0.8303
17665.0,0.4525,0.3971,0.8496
17666.0,0.4054,0.4043,0.8097
17667.0,0.5587,0.4272,0.9859
17668.0,2.3228,0.6999,3.0227
17669.0,0.4301,0.4023,0.8324
17670.0,0.4853,0.4293,0.9146000000000001
17671.0,0.6017,0.447,1.0487
17672.0,0.4701,0.4329,0.903
17673.0,0.6356,0.4612,1.0968
17674.0,0.6357,0.4292,1.0649000000000002
17675.0,0.5557,0.4031,0.9588
17676.0,0.6123,0.4286,1.0409
17677.0,0.5265,0.4241,0.9505999999999999
17678.0,0.5835,0.4469,1.0304
17679.0,0.5121,0.4275,0.9396
17680.0,0.5055,0.451,0.9564999999999999
17681.0,0.4974,0.4403,0.9377
17682.0,3.1942,0.352,3.5462
17683.0,0.6319,0.4511,1.083
17684.0,0.5522,0.4491,1.0013
17685.0,0.5923,0.4403,1.0326
17686.0,0.4555,0.4687,0.9242
17687.0,0.4964,0.4434,0.9398
17688.0,0.6836,0.4515,1.1351
17689.0,0.516,0.4487,0.9647
17690.0,0.5097,0.4454,0.9551000000000001
17691.0,0.4241,0.4365,0.8606
17692.0,0.4367,0.4375,0.8742
17693.0,0.522,0.4522,0.9742
17694.0,0.528,0.4306,0.9586
17695.0,0.5273,0.4486,0.9759
17696.0,1.1401,0.339,1.4790999999999999
17697.0,0.4076,0.4345,0.8421000000000001
17698.0,0.4704,0.4625,0.9329000000000001
17699.0,0.3846,0.4749,0.8594999999999999
17700.0,0.7338,0.4789,1.2127
17701.0,0.4357,0.4714,0.9071
17702.0,0.544,0.474,1.018
17703.0,0.4664,0.4707,0.9371
17704.0,0.5528,0.4549,1.0077
17705.0,0.4709,0.4377,0.9086
17706.0,0.5603,0.4565,1.0168
17707.0,0.4925,0.4371,0.9296
17708.0,0.3959,0.4584,0.8543
17709.0,0.5132,0.4547,0.9679
17710.0,0.0121,0.1037,0.1158
17711.0,0.43,0.4624,0.8924
17712.0,0.5131,0.4553,0.9683999999999999
17713.0,0.4699,0.4514,0.9213
17714.0,0.4669,0.4555,0.9224
17715.0,0.4688,0.422,0.8908
17716.0,0.4815,0.4022,0.8836999999999999
17717.0,0.4305,0.4401,0.8706
17718.0,0.5389,0.4449,0.9838
17719.0,0.556,0.4426,0.9986
17720.0,0.4473,0.4404,0.8876999999999999
17721.0,0.5404,0.4416,0.982
17722.0,0.57,0.4264,0.9964
17723.0,0.4936,0.4304,0.9239999999999999
17724.0,0.0021,0.1932,0.1953
17725.0,0.5246,0.4178,0.9423999999999999
17726.0,0.5692,0.4189,0.9881
17727.0,0.5972,0.4449,1.0421
17728.0,0.5912,0.4325,1.0236999999999998
17729.0,0.4528,0.4368,0.8896
17730.0,0.9249,0.4219,1.3468
17731.0,0.4493,0.4506,0.8998999999999999
17732.0,0.41,0.4348,0.8448
17733.0,0.6122,0.446,1.0582
17734.0,0.4536,0.4275,0.8811
17735.0,0.5555,0.4356,0.9911
17736.0,0.7727,0.4473,1.22
17737.0,0.4048,0.4296,0.8344
17738.0,0.0006,0.2078,0.2084
17739.0,0.3674,0.4108,0.7782
17740.0,0.637,0.4558,1.0928
17741.0,0.4313,0.443,0.8743000000000001
17742.0,0.4998,0.4393,0.9391
17743.0,0.417,0.4105,0.8274999999999999
17744.0,0.5803,0.4332,1.0135
17745.0,0.5658,0.4454,1.0112
17746.0,0.4541,0.4464,0.9005000000000001
17747.0,0.4416,0.4301,0.8716999999999999
17748.0,0.5681,0.4296,0.9977
17749.0,0.69,0.3882,1.0781999999999998
17750.0,0.5331,0.4225,0.9556
17751.0,0.4863,0.4046,0.8909
17752.0,0.1186,0.2541,0.3727
17753.0,0.4636,0.4013,0.8649
17754.0,0.3942,0.4088,0.8029999999999999
17755.0,0.9714,0.4232,1.3946
17756.0,0.4842,0.4228,0.907
17757.0,0.516,0.4138,0.9298
17758.0,0.5233,0.4152,0.9385
17759.0,0.4784,0.4126,0.891
17760.0,0.4267,0.4239,0.8506
17761.0,0.4349,0.4136,0.8485
17762.0,0.455,0.4406,0.8956
17763.0,0.3855,0.3912,0.7767
17764.0,0.5337,0.4174,0.9511
17765.0,0.5586,0.4293,0.9879
17766.0,13.9666,0.6062,14.572799999999999
17767.0,0.3875,0.436,0.8235
17768.0,0.5107,0.4742,0.9849000000000001
17769.0,0.6428,0.5314,1.1742
17770.0,0.8888,0.5599,1.4487
17771.0,0.9647,0.5625,1.5272000000000001
17772.0,0.9111,0.5337,1.4447999999999999
17773.0,0.9034,0.494,1.3974
17774.0,0.7761,0.4697,1.2458
17775.0,0.7496,0.4788,1.2284000000000002
17776.0,0.7534,0.4873,1.2407
17777.0,0.6236,0.5451,1.1687
17778.0,0.5019,0.5246,1.0265
17779.0,0.5633,0.5347,1.0979999999999999
17780.0,0.0332,0.1556,0.1888
17781.0,0.4499,0.559,1.0089000000000001
17782.0,0.5575,0.5504,1.1078999999999999
17783.0,0.4749,0.5352,1.0101
17784.0,0.4094,0.5513,0.9607
17785.0,0.5872,0.5696,1.1568
17786.0,0.4715,0.5467,1.0182
17787.0,0.4853,0.5197,1.0050000000000001
17788.0,0.4049,0.5247,0.9296
17789.0,0.4576,0.5441,1.0017
17790.0,0.3869,0.5189,0.9058
17791.0,0.5139,0.5154,1.0293
17792.0,0.3493,0.5276,0.8769
17793.0,0.5659,0.5153,1.0812
17794.0,0.0313,0.1997,0.23099999999999998
17795.0,0.5927,0.5075,1.1002
17796.0,0.4607,0.4859,0.9466
17797.0,0.4477,0.4896,0.9373
17798.0,0.4407,0.4865,0.9272
17799.0,0.5051,0.4964,1.0015
17800.0,0.4178,0.4986,0.9164
17801.0,0.4643,0.5116,0.9759
17802.0,0.4149,0.4892,0.9041
17803.0,0.555,0.4876,1.0426
17804.0,0.6446,0.4851,1.1297
17805.0,0.4962,0.4589,0.9551
17806.0,0.4869,0.4551,0.942
17807.0,0.5894,0.4648,1.0542
17808.0,0.0489,0.1891,0.238
17809.0,0.4614,0.4541,0.9155
17810.0,0.5415,0.4582,0.9997
17811.0,0.5638,0.476,1.0398
17812.0,0.528,0.4496,0.9776
17813.0,0.4541,0.4413,0.8954
17814.0,0.3309,0.4473,0.7782
17815.0,0.3828,0.4515,0.8343
17816.0,0.3333,0.4396,0.7728999999999999
17817.0,0.4168,0.4377,0.8545
17818.0,0.3406,0.4373,0.7779
17819.0,0.4567,0.4433,0.9
17820.0,0.4275,0.457,0.8845000000000001
17821.0,0.3434,0.4352,0.7786
17822.0,0.0074,1.4905,1.4979
17823.0,0.444,0.4502,0.8942
17824.0,0.4529,0.4577,0.9106000000000001
17825.0,0.528,0.4774,1.0054
17826.0,0.524,0.4672,0.9912000000000001
17827.0,0.4064,0.4887,0.8951
17828.0,0.4257,0.4799,0.9056
17829.0,0.502,0.4567,0.9587
17830.0,0.3814,0.478,0.8593999999999999
17831.0,0.4703,0.4419,0.9122
17832.0,0.3512,0.4461,0.7973
17833.0,0.4134,0.4555,0.8689
17834.0,0.4385,0.4566,0.8951
17835.0,0.42,0.4434,0.8634
17836.0,0.021,0.2568,0.2778
17837.0,0.3807,0.4332,0.8139
17838.0,0.4294,0.4421,0.8714999999999999
17839.0,0.5187,0.4566,0.9753000000000001
17840.0,0.4993,0.4546,0.9539
17841.0,0.4453,0.4678,0.9131
17842.0,0.4382,0.4469,0.8851
17843.0,0.5688,0.4291,0.9979
17844.0,0.3541,0.4307,0.7848
17845.0,0.5583,0.4215,0.9798
17846.0,0.4248,0.4209,0.8457
17847.0,0.476,0.4291,0.9051
17848.0,0.3645,0.3946,0.7591
17849.0,0.3602,0.4035,0.7637
17850.0,0.0106,0.422,0.4326
17851.0,0.4321,0.4316,0.8636999999999999
17852.0,0.3833,0.4135,0.7968
17853.0,0.3615,0.4351,0.7966
17854.0,0.3629,0.4197,0.7826
17855.0,0.6209,0.4406,1.0615
17856.0,0.4526,0.4014,0.854
17857.0,0.4843,0.4246,0.9089
17858.0,0.4054,0.4388,0.8442000000000001
17859.0,0.6849,0.4338,1.1187
17860.0,0.4012,0.4336,0.8348
17861.0,0.4587,0.4161,0.8748
17862.0,0.4033,0.4434,0.8467
17863.0,0.4468,0.4262,0.873
17864.0,0.0218,0.5985,0.6203000000000001
17865.0,0.4502,0.4414,0.8916
17866.0,0.3643,0.4392,0.8035
17867.0,0.4773,0.4707,0.948
17868.0,0.3928,0.4279,0.8207
17869.0,0.7046,0.4582,1.1628
17870.0,0.5,0.4423,0.9423
17871.0,0.461,0.4454,0.9064000000000001
17872.0,0.5437,0.4218,0.9655
17873.0,0.5038,0.4358,0.9396
17874.0,0.4596,0.4315,0.8911
17875.0,0.3591,0.4164,0.7755
17876.0,0.353,0.4173,0.7703
17877.0,0.3859,0.4384,0.8243
17878.0,0.0304,0.1267,0.15710000000000002
17879.0,0.5912,0.4233,1.0145
17880.0,0.4525,0.4228,0.8753
17881.0,0.4013,0.4191,0.8204
17882.0,0.4705,0.4083,0.8788
17883.0,0.3626,0.3991,0.7617
17884.0,0.4599,0.4094,0.8693
17885.0,0.4163,0.4432,0.8594999999999999
17886.0,0.5313,0.4301,0.9614
17887.0,0.3822,0.4177,0.7999
17888.0,0.5353,0.4122,0.9475
17889.0,0.5392,0.4152,0.9544
17890.0,0.3895,0.4438,0.8332999999999999
17891.0,0.4885,0.3958,0.8843
17892.0,0.0001,0.0238,0.0239
17893.0,0.4251,0.4104,0.8354999999999999
17894.0,0.4352,0.4327,0.8678999999999999
17895.0,0.5239,0.4239,0.9478
17896.0,0.4363,0.4245,0.8608
17897.0,0.3751,0.4105,0.7856
17898.0,0.4484,0.4222,0.8706
17899.0,0.3475,0.413,0.7605
17900.0,0.4685,0.3971,0.8656
17901.0,0.3912,0.3932,0.7844
17902.0,0.5253,0.4155,0.9408
17903.0,0.4398,0.4094,0.8492
17904.0,0.4176,0.3946,0.8122
17905.0,0.6212,0.4234,1.0446
17906.0,0.1017,0.9762,1.0778999999999999
17907.0,0.3253,0.4074,0.7326999999999999
17908.0,0.559,0.4337,0.9927
17909.0,0.3485,0.406,0.7545
17910.0,0.4545,0.4277,0.8822000000000001
17911.0,0.5559,0.4343,0.9902
17912.0,0.391,0.3987,0.7897000000000001
17913.0,0.4301,0.4186,0.8487
17914.0,0.4967,0.4107,0.9074
17915.0,0.3808,0.4279,0.8087
17916.0,0.3973,0.4017,0.7989999999999999
17917.0,0.4467,0.4305,0.8772
17918.0,0.5597,0.4287,0.9884
17919.0,0.3566,0.4222,0.7787999999999999
17920.0,0.0249,0.199,0.22390000000000002
17921.0,0.4009,0.4077,0.8086
17922.0,0.5165,0.4172,0.9337
17923.0,0.4075,0.4165,0.824
17924.0,0.4724,0.4541,0.9265
17925.0,0.4052,0.422,0.8271999999999999
17926.0,0.4805,0.433,0.9135
17927.0,0.4902,0.4092,0.8994
17928.0,0.4384,0.4043,0.8427
17929.0,0.4255,0.408,0.8334999999999999
17930.0,0.4155,0.4184,0.8339
17931.0,0.4057,0.4191,0.8248
17932.0,0.4586,0.3911,0.8497
17933.0,0.5478,0.421,0.9687999999999999
17934.0,0.0827,0.2315,0.31420000000000003
17935.0,0.4021,0.4149,0.817
17936.0,0.5349,0.4189,0.9538
17937.0,0.4146,0.4508,0.8654
17938.0,0.4103,0.4547,0.865
17939.0,0.5001,0.4471,0.9472
17940.0,0.441,0.4292,0.8702000000000001
17941.0,0.3617,0.4332,0.7948999999999999
17942.0,0.4586,0.4196,0.8782
17943.0,0.4616,0.4105,0.8721
17944.0,0.6137,0.4166,1.0303
17945.0,0.3911,0.4221,0.8131999999999999
17946.0,0.396,0.4277,0.8237000000000001
17947.0,0.3244,0.4194,0.7438
17948.0,0.0393,0.6039,0.6432
17949.0,0.5497,0.4295,0.9792
17950.0,0.3814,0.4166,0.798
17951.0,0.3203,0.4309,0.7512
17952.0,0.3736,0.4035,0.7771
17953.0,0.3379,0.3946,0.7324999999999999
17954.0,0.618,0.3997,1.0177
17955.0,0.4581,0.4387,0.8968
17956.0,0.5202,0.4417,0.9619
17957.0,0.4498,0.4323,0.8821
17958.0,0.4706,0.4034,0.874
17959.0,0.3847,0.4546,0.8392999999999999
17960.0,0.598,0.4109,1.0089
17961.0,0.5515,0.42,0.9715
17962.0,0.0049,0.1993,0.2042
17963.0,0.6278,0.4141,1.0419
17964.0,0.4912,0.424,0.9152
17965.0,0.5013,0.4008,0.9020999999999999
17966.0,0.4313,0.4072,0.8385
17967.0,0.4953,0.3954,0.8907
17968.0,0.6392,0.4276,1.0668
17969.0,0.5392,0.4286,0.9678
17970.0,0.4356,0.4024,0.838
17971.0,0.3658,0.4072,0.773
17972.0,0.4351,0.4214,0.8565
17973.0,0.5365,0.4018,0.9382999999999999
17974.0,0.4412,0.3941,0.8352999999999999
17975.0,0.4779,0.4022,0.8801
17976.0,0.044,0.0397,0.0837
17977.0,0.4124,0.4148,0.8271999999999999
17978.0,0.3878,0.4191,0.8069
17979.0,0.6726,0.398,1.0706
17980.0,0.3947,0.4064,0.8010999999999999
17981.0,0.4326,0.4075,0.8401
17982.0,0.5154,0.4106,0.9259999999999999
17983.0,0.3658,0.4023,0.7681
17984.0,0.4133,0.4002,0.8135
17985.0,0.3959,0.4179,0.8138
17986.0,0.6269,0.4256,1.0525
17987.0,0.4614,0.4121,0.8734999999999999
17988.0,0.4113,0.385,0.7963
17989.0,0.46,0.416,0.876
17990.0,0.1944,0.2338,0.4282
17991.0,0.4098,0.3988,0.8086
17992.0,0.4074,0.4129,0.8203
17993.0,0.4776,0.4402,0.9178
17994.0,0.5225,0.4276,0.9501
17995.0,0.5619,0.4375,0.9994
17996.0,0.4142,0.4223,0.8365
17997.0,0.4094,0.4155,0.8249
17998.0,0.3793,0.3927,0.772
17999.0,0.4144,0.4065,0.8209
18000.0,0.3327,0.3966,0.7293000000000001
18001.0,0.5073,0.4354,0.9427
18002.0,0.449,0.4342,0.8832
18003.0,0.4047,0.4313,0.8360000000000001
18004.0,6.4813,0.1529,6.6342
18005.0,0.6393,0.4583,1.0976
18006.0,0.6424,0.4667,1.1091
18007.0,0.8079,0.5106,1.3185
18008.0,1.0618,0.507,1.5688
18009.0,1.3358,0.5256,1.8614000000000002
18010.0,0.9965,0.4798,1.4763000000000002
18011.0,0.868,0.4948,1.3628
18012.0,0.8528,0.5092,1.362
18013.0,0.6117,0.5687,1.1804000000000001
18014.0,0.6958,0.5655,1.2612999999999999
18015.0,0.4811,0.5896,1.0707
18016.0,0.4897,0.5705,1.0602
18017.0,0.5707,0.564,1.1347
18018.0,0.2018,0.4553,0.6571
18019.0,0.6096,0.5558,1.1654
18020.0,0.6339,0.5579,1.1918
18021.0,0.4761,0.5534,1.0295
18022.0,0.4159,0.5461,0.962
18023.0,0.5564,0.5761,1.1324999999999998
18024.0,0.6957,0.571,1.2667
18025.0,0.6267,0.5472,1.1739000000000002
18026.0,0.5489,0.5524,1.1013000000000002
18027.0,0.5408,0.567,1.1078
18028.0,0.4857,0.5515,1.0372
18029.0,0.5238,0.5249,1.0487000000000002
18030.0,0.7723,0.5764,1.3487
18031.0,0.364,0.5659,0.9299
18032.0,0.0421,0.6149,0.657
18033.0,0.5088,0.5372,1.046
18034.0,0.6123,0.5324,1.1446999999999998
18035.0,0.4011,0.538,0.9391
18036.0,0.4556,0.5301,0.9857
18037.0,0.6959,0.5039,1.1998
18038.0,0.4522,0.5123,0.9644999999999999
18039.0,0.4702,0.511,0.9812000000000001
18040.0,0.3339,0.4753,0.8091999999999999
18041.0,0.5105,0.501,1.0114999999999998
18042.0,0.4954,0.5056,1.0010000000000001
18043.0,0.6018,0.5128,1.1146
18044.0,0.4563,0.4911,0.9474
18045.0,0.4687,0.4901,0.9588
18046.0,0.2013,0.1184,0.3197
18047.0,0.5166,0.4836,1.0002
18048.0,0.5414,0.4975,1.0389
18049.0,0.5109,0.4819,0.9928
18050.0,0.5043,0.4949,0.9992
18051.0,0.4782,0.4866,0.9648
18052.0,0.4052,0.4664,0.8715999999999999
18053.0,0.3981,0.4782,0.8763000000000001
18054.0,0.474,0.4674,0.9414
18055.0,0.4367,0.4596,0.8963
18056.0,0.54,0.4739,1.0139
18057.0,0.3651,0.4453,0.8104
18058.0,0.508,0.4768,0.9848
18059.0,0.5343,0.4678,1.0021
18060.0,0.0313,0.7938,0.8251
18061.0,0.4402,0.4741,0.9143
18062.0,0.4209,0.4624,0.8833
18063.0,0.5162,0.4594,0.9756
18064.0,0.4435,0.485,0.9285
18065.0,0.4237,0.4444,0.8681000000000001
18066.0,0.5295,0.4695,0.9989999999999999
18067.0,0.5798,0.4596,1.0394
18068.0,0.7192,0.4638,1.1829999999999998
18069.0,0.4609,0.4541,0.915
18070.0,0.4595,0.4509,0.9104000000000001
18071.0,0.516,0.4509,0.9669000000000001
18072.0,0.4701,0.4413,0.9114
18073.0,0.4651,0.4513,0.9164
18074.0,0.0,0.0409,0.0409
18075.0,0.4122,0.4631,0.8753
18076.0,0.6955,0.4627,1.1582
18077.0,0.4679,0.4515,0.9194
18078.0,0.4936,0.4364,0.9299999999999999
18079.0,0.458,0.445,0.903
18080.0,0.447,0.4356,0.8826
18081.0,0.5299,0.4409,0.9708000000000001
18082.0,0.5042,0.4306,0.9348
18083.0,0.6175,0.4355,1.053
18084.0,0.6283,0.4455,1.0737999999999999
18085.0,0.508,0.4375,0.9455
18086.0,0.4817,0.4259,0.9076
18087.0,0.4212,0.4131,0.8343
18088.0,0.5341,0.2623,0.7964
18089.0,0.5043,0.4366,0.9409
18090.0,0.5451,0.479,1.0241
18091.0,0.4687,0.4365,0.9052
18092.0,0.4642,0.4443,0.9085
18093.0,0.4827,0.4428,0.9255
18094.0,0.4887,0.4418,0.9305000000000001
18095.0,0.4828,0.4482,0.931
18096.0,0.4757,0.4347,0.9104
18097.0,0.4124,0.4354,0.8478
18098.0,0.5108,0.4423,0.9531000000000001
18099.0,0.3934,0.4467,0.8401000000000001
18100.0,0.4881,0.4414,0.9295
18101.0,0.4105,0.4569,0.8674
18102.0,0.0012,1.3394,1.3406
18103.0,0.4635,0.4453,0.9088
18104.0,0.5542,0.4488,1.0030000000000001
18105.0,0.5045,0.4879,0.9924
18106.0,0.5484,0.515,1.0634000000000001
18107.0,0.4584,0.4912,0.9496
18108.0,0.6852,0.5006,1.1858
18109.0,0.4455,0.4784,0.9238999999999999
18110.0,0.4312,0.4611,0.8923000000000001
18111.0,0.445,0.4632,0.9082
18112.0,0.5411,0.4529,0.994
18113.0,0.3615,0.4417,0.8031999999999999
18114.0,0.4333,0.4676,0.9009
18115.0,0.5469,0.463,1.0099
18116.0,0.0002,0.479,0.47919999999999996
18117.0,0.507,0.4618,0.9688
18118.0,0.3951,0.4591,0.8542000000000001
18119.0,0.5828,0.4664,1.0492
18120.0,0.5293,0.465,0.9943
18121.0,0.4945,0.4708,0.9653
18122.0,0.3823,0.4409,0.8231999999999999
18123.0,0.3562,0.4541,0.8103
18124.0,0.3911,0.4433,0.8344
18125.0,0.5194,0.4685,0.9879
18126.0,0.4104,0.4476,0.858
18127.0,0.4276,0.4714,0.899
18128.0,0.4064,0.4448,0.8512
18129.0,0.4194,0.4665,0.8859
18130.0,0.1889,0.9857,1.1746
18131.0,0.4482,0.4474,0.8956
18132.0,0.5843,0.4559,1.0402
18133.0,0.4645,0.45,0.9145000000000001
18134.0,0.4231,0.4409,0.864
18135.0,0.4702,0.4416,0.9117999999999999
18136.0,0.5258,0.4431,0.9689000000000001
18137.0,0.5283,0.4517,0.98
18138.0,0.488,0.464,0.952
18139.0,0.5023,0.4431,0.9454
18140.0,0.5233,0.4604,0.9837
18141.0,0.3985,0.435,0.8335
18142.0,0.5138,0.4565,0.9703
18143.0,0.4706,0.4179,0.8885000000000001
18144.0,0.2095,0.5267,0.7362
18145.0,0.4401,0.463,0.9031
18146.0,0.439,0.414,0.853
18147.0,0.3487,0.4658,0.8145
18148.0,0.6162,0.4569,1.0731
18149.0,0.4587,0.4378,0.8965000000000001
18150.0,0.4306,0.425,0.8555999999999999
18151.0,0.3716,0.4452,0.8168
18152.0,0.4285,0.4306,0.8591
18153.0,0.4115,0.4226,0.8341
18154.0,0.4409,0.414,0.8549
18155.0,0.3315,0.4471,0.7786
18156.0,0.4724,0.4453,0.9177
18157.0,0.4544,0.4368,0.8912
18158.0,1.4434,0.2431,1.6865
18159.0,0.4584,0.4409,0.8993
18160.0,0.5733,0.4384,1.0117
18161.0,0.6377,0.4773,1.115
18162.0,0.5788,0.4865,1.0653
18163.0,0.8222,0.4538,1.276
18164.0,0.5424,0.4414,0.9838
18165.0,0.7616,0.4675,1.2291
18166.0,0.6848,0.471,1.1558
18167.0,0.6244,0.4456,1.0699999999999998
18168.0,0.7326,0.4609,1.1935
18169.0,0.3801,0.497,0.8771
18170.0,0.8958,0.4575,1.3533
18171.0,0.5897,0.4619,1.0516
18172.0,0.0006,1.3355,1.3360999999999998
18173.0,0.4349,0.4872,0.9221
18174.0,0.4328,0.5062,0.9390000000000001
18175.0,0.5506,0.5493,1.0998999999999999
18176.0,0.5651,0.5317,1.0968
18177.0,0.5568,0.5058,1.0626
18178.0,0.8335,0.5057,1.3392
18179.0,0.7364,0.509,1.2454
18180.0,0.5151,0.4813,0.9964
18181.0,0.5458,0.486,1.0318
18182.0,0.4167,0.4906,0.9073
18183.0,0.5048,0.4708,0.9756
18184.0,0.4606,0.4617,0.9223
18185.0,0.4902,0.4687,0.9589000000000001
18186.0,0.0215,0.5403,0.5618
18187.0,0.4232,0.4728,0.896
18188.0,0.3882,0.4799,0.8681
18189.0,0.5127,0.4927,1.0054
18190.0,0.5394,0.4852,1.0246
18191.0,0.5436,0.4929,1.0365
18192.0,0.6322,0.4568,1.089
18193.0,0.5306,0.4483,0.9788999999999999
18194.0,0.392,0.4682,0.8602000000000001
18195.0,0.3888,0.4747,0.8634999999999999
18196.0,0.3826,0.4539,0.8365
18197.0,0.5154,0.4542,0.9696
18198.0,0.52,0.4612,0.9812000000000001
18199.0,0.5874,0.4639,1.0513
18200.0,0.4848,0.7243,1.2091
18201.0,0.6682,0.4467,1.1149
18202.0,0.4135,0.474,0.8875
18203.0,0.4846,0.4469,0.9315
18204.0,0.4541,0.479,0.9331
18205.0,0.5687,0.4874,1.0561
18206.0,0.4749,0.4601,0.935
18207.0,0.5623,0.4803,1.0426
18208.0,0.4155,0.4297,0.8452
18209.0,0.5036,0.4602,0.9638
18210.0,0.4704,0.4667,0.9371
18211.0,0.376,0.4434,0.8194
18212.0,0.5027,0.4365,0.9392
18213.0,0.5304,0.4612,0.9916
18214.0,0.0486,0.8795,0.9280999999999999
18215.0,0.4585,0.4493,0.9077999999999999
18216.0,0.5393,0.4568,0.9961
18217.0,0.5593,0.4408,1.0001
18218.0,0.4005,0.4409,0.8414
18219.0,0.4394,0.4303,0.8697
18220.0,0.3682,0.4275,0.7957000000000001
18221.0,0.3718,0.4591,0.8309
18222.0,0.4633,0.4497,0.913
18223.0,0.4248,0.442,0.8668
18224.0,0.4569,0.4378,0.8947
18225.0,0.4746,0.4485,0.9231
18226.0,0.4062,0.4316,0.8378
18227.0,0.449,0.4205,0.8694999999999999
18228.0,0.188,0.1433,0.33130000000000004
18229.0,0.4375,0.4624,0.8998999999999999
18230.0,0.5803,0.4354,1.0157
18231.0,0.4984,0.4528,0.9512
18232.0,0.6044,0.4493,1.0537
18233.0,0.5716,0.449,1.0206
18234.0,0.5332,0.4409,0.9741
18235.0,0.5227,0.4193,0.9420000000000001
18236.0,0.4413,0.4326,0.8739
18237.0,0.3629,0.4135,0.7764
18238.0,0.4184,0.4387,0.8571
18239.0,0.5336,0.4327,0.9662999999999999
18240.0,0.3804,0.4087,0.7891
18241.0,0.4441,0.4478,0.8918999999999999
18242.0,0.0289,0.1023,0.1312
18243.0,0.5265,0.4267,0.9532
18244.0,0.5106,0.4347,0.9453
18245.0,0.3607,0.4274,0.7881
18246.0,0.477,0.4168,0.8937999999999999
18247.0,0.3659,0.4372,0.8030999999999999
18248.0,0.4694,0.4391,0.9085
18249.0,0.4901,0.4244,0.9145
18250.0,0.4403,0.4229,0.8632
18251.0,0.3539,0.423,0.7768999999999999
18252.0,0.4694,0.4056,0.875
18253.0,0.4357,0.4144,0.8501
18254.0,0.4134,0.4275,0.8409
18255.0,0.4496,0.4298,0.8794
18256.0,0.7641,0.3002,1.0643
18257.0,0.4397,0.4194,0.8591
18258.0,0.5007,0.455,0.9557
18259.0,0.4378,0.443,0.8808
18260.0,0.5057,0.4261,0.9318
18261.0,0.4205,0.4148,0.8352999999999999
18262.0,0.5061,0.4519,0.958
18263.0,0.379,0.4446,0.8236
18264.0,0.414,0.4645,0.8785000000000001
18265.0,0.5441,0.4584,1.0025
18266.0,0.6394,0.4549,1.0943
18267.0,0.8336,0.4348,1.2684
18268.0,0.4829,0.442,0.9249
18269.0,0.5398,0.4141,0.9539
18270.0,0.3075,0.253,0.5605
18271.0,0.404,0.4597,0.8637
18272.0,0.3956,0.4274,0.823
18273.0,0.3971,0.434,0.8311
18274.0,0.4907,0.434,0.9247000000000001
18275.0,0.6401,0.4131,1.0532
18276.0,0.461,0.4315,0.8925000000000001
18277.0,0.5222,0.4259,0.9480999999999999
18278.0,0.633,0.4494,1.0824
18279.0,0.4612,0.4433,0.9045000000000001
18280.0,0.4809,0.4226,0.9035
18281.0,0.4601,0.4204,0.8805000000000001
18282.0,0.4145,0.4223,0.8368
18283.0,0.4092,0.4179,0.8271
18284.0,0.208,0.5381,0.7461
18285.0,0.4723,0.4295,0.9017999999999999
18286.0,0.4469,0.4508,0.8976999999999999
18287.0,0.4313,0.4711,0.9024000000000001
18288.0,0.4491,0.4598,0.9089
18289.0,0.5429,0.4714,1.0143
18290.0,0.4644,0.4601,0.9245
18291.0,0.4732,0.4398,0.913
18292.0,0.4232,0.4406,0.8638
18293.0,0.3411,0.413,0.7541
18294.0,0.4668,0.4208,0.8876
18295.0,0.5584,0.4302,0.9886
18296.0,0.5885,0.4451,1.0336
18297.0,0.5896,0.4347,1.0243
18298.0,6.438,1.2468,7.684799999999999
18299.0,0.5654,0.4498,1.0152
18300.0,0.6366,0.4585,1.0951
18301.0,0.4328,0.4586,0.8914
18302.0,0.8087,0.4758,1.2845
18303.0,0.7167,0.4763,1.193
18304.0,0.5495,0.4369,0.9863999999999999
18305.0,0.5125,0.4541,0.9665999999999999
18306.0,0.5336,0.4616,0.9952
18307.0,0.5602,0.4459,1.0061
18308.0,0.5448,0.4668,1.0116
18309.0,0.757,0.4787,1.2357
18310.0,0.445,0.4672,0.9122
18311.0,0.6126,0.4569,1.0695000000000001
18312.0,0.2522,0.1953,0.4475
18313.0,0.5427,0.4669,1.0095999999999998
18314.0,0.5771,0.4851,1.0621999999999998
18315.0,0.4492,0.4695,0.9187
18316.0,0.6372,0.4869,1.1240999999999999
18317.0,0.4912,0.4722,0.9634
18318.0,0.5011,0.4629,0.964
18319.0,0.3887,0.4706,0.8593
18320.0,0.43,0.4331,0.8631
18321.0,0.414,0.4485,0.8625
18322.0,0.3906,0.4607,0.8513
18323.0,0.3967,0.4428,0.8395
18324.0,0.5425,0.4529,0.9954000000000001
18325.0,0.3688,0.4484,0.8172
18326.0,0.5879,0.1376,0.7255
18327.0,0.3786,0.4565,0.8351
18328.0,0.4332,0.428,0.8612
18329.0,0.6107,0.4434,1.0541
18330.0,0.47,0.4645,0.9345
18331.0,0.4888,0.4344,0.9232
18332.0,0.5513,0.4354,0.9867
18333.0,0.6455,0.4343,1.0798
18334.0,0.5768,0.4474,1.0242
18335.0,0.5063,0.4523,0.9585999999999999
18336.0,0.4072,0.4453,0.8525
18337.0,0.5463,0.4051,0.9514
18338.0,0.4632,0.4567,0.9198999999999999
18339.0,0.4775,0.4453,0.9228
18340.0,0.1517,0.7842,0.9359
18341.0,0.537,0.4646,1.0016
18342.0,0.3897,0.4514,0.8411
18343.0,0.4788,0.4455,0.9243
18344.0,0.5378,0.4697,1.0074999999999998
18345.0,0.5088,0.4676,0.9764
18346.0,0.4135,0.4374,0.8509
18347.0,0.4407,0.4377,0.8784
18348.0,0.3973,0.4287,0.8260000000000001
18349.0,0.489,0.4181,0.9071
18350.0,0.4965,0.4145,0.911
18351.0,0.4063,0.4222,0.8285
18352.0,0.3523,0.4384,0.7907
18353.0,0.6041,0.4414,1.0455
18354.0,0.5617,0.151,0.7127
18355.0,0.4461,0.4406,0.8867
18356.0,0.4354,0.4255,0.8609
18357.0,0.3855,0.4445,0.8300000000000001
18358.0,0.4099,0.4418,0.8517
18359.0,0.5162,0.4364,0.9526
18360.0,0.3991,0.4465,0.8456
18361.0,0.4022,0.4207,0.8229
18362.0,0.4216,0.4331,0.8547
18363.0,0.4646,0.4196,0.8842
18364.0,0.4586,0.4411,0.8996999999999999
18365.0,0.3734,0.4234,0.7968
18366.0,0.5201,0.4091,0.9292
18367.0,0.7777,0.4356,1.2132999999999998
18368.0,0.2033,0.8815,1.0848
18369.0,0.4629,0.4282,0.8911
18370.0,0.507,0.4383,0.9453
18371.0,0.408,0.4346,0.8426
18372.0,0.367,0.4458,0.8128
18373.0,0.461,0.4559,0.9169
18374.0,0.3795,0.43,0.8095
18375.0,0.4067,0.4309,0.8376
18376.0,0.3656,0.4377,0.8032999999999999
18377.0,0.6615,0.4438,1.1053
18378.0,0.5819,0.4402,1.0221
18379.0,0.6816,0.4406,1.1221999999999999
18380.0,0.4266,0.4104,0.837
18381.0,0.4572,0.4186,0.8758
18382.0,0.0203,0.7951,0.8154
18383.0,0.3896,0.4396,0.8291999999999999
18384.0,0.6148,0.4141,1.0289000000000001
18385.0,0.4776,0.4231,0.9007000000000001
18386.0,0.4122,0.4256,0.8378
18387.0,0.4689,0.4422,0.9111
18388.0,0.5162,0.442,0.9581999999999999
18389.0,0.4126,0.4347,0.8472999999999999
18390.0,0.3788,0.4286,0.8074
18391.0,0.3807,0.426,0.8067
18392.0,0.5565,0.4303,0.9868
18393.0,0.4194,0.4445,0.8639
18394.0,0.5289,0.426,0.9549000000000001
18395.0,0.4812,0.4226,0.9037999999999999
18396.0,0.0567,0.2966,0.35329999999999995
18397.0,0.4266,0.4032,0.8298
18398.0,0.5202,0.4331,0.9533
18399.0,0.3876,0.404,0.7916000000000001
18400.0,0.5693,0.4066,0.9759
18401.0,0.4376,0.4078,0.8453999999999999
18402.0,0.3798,0.4056,0.7854000000000001
18403.0,0.4381,0.4356,0.8736999999999999
18404.0,0.3811,0.4158,0.7968999999999999
18405.0,0.5721,0.4048,0.9769000000000001
18406.0,0.552,0.4204,0.9724
18407.0,0.395,0.4229,0.8179000000000001
18408.0,0.4504,0.4217,0.8721000000000001
18409.0,0.392,0.3956,0.7876000000000001
18410.0,0.3101,0.1094,0.4195
18411.0,0.6384,0.4169,1.0553
18412.0,0.4921,0.4231,0.9152
18413.0,0.6675,0.4172,1.0847
18414.0,0.4823,0.4129,0.8952
18415.0,0.4449,0.4547,0.8996
18416.0,0.3794,0.4403,0.8197000000000001
18417.0,0.4877,0.4226,0.9103
18418.0,0.5339,0.4154,0.9493
18419.0,0.414,0.4103,0.8243
18420.0,0.4322,0.4021,0.8343
18421.0,0.3778,0.4063,0.7841
18422.0,0.5278,0.402,0.9298000000000001
18423.0,0.4641,0.4084,0.8725
18424.0,0.0664,2.1553,2.2217
18425.0,0.453,0.4216,0.8746
18426.0,0.4016,0.3956,0.7972
18427.0,0.4157,0.4322,0.8479
18428.0,0.3648,0.4264,0.7912
18429.0,0.4891,0.4151,0.9042
18430.0,0.414,0.4216,0.8355999999999999
18431.0,0.4647,0.4015,0.8662000000000001
18432.0,0.4047,0.4242,0.8289
18433.0,0.4595,0.3989,0.8584
18434.0,0.3863,0.4343,0.8206
18435.0,0.3564,0.4246,0.7809999999999999
18436.0,0.3678,0.3995,0.7673000000000001
18437.0,0.4182,0.3874,0.8056000000000001
18438.0,0.0244,0.2756,0.3
18439.0,0.4425,0.4252,0.8677
18440.0,0.4521,0.4433,0.8954
18441.0,0.45,0.4175,0.8674999999999999
18442.0,0.3645,0.4134,0.7779
18443.0,0.3957,0.405,0.8007
18444.0,0.4255,0.439,0.8645
18445.0,0.6663,0.4059,1.0722
18446.0,0.4342,0.414,0.8482
18447.0,0.4448,0.4269,0.8716999999999999
18448.0,0.5116,0.4172,0.9288000000000001
18449.0,0.4132,0.3969,0.8101
18450.0,0.4105,0.417,0.8274999999999999
18451.0,0.5398,0.4435,0.9833
18452.0,0.1259,0.2278,0.3537
18453.0,0.4842,0.4151,0.8993
18454.0,0.7472,0.4411,1.1883
18455.0,0.4974,0.4257,0.9231
18456.0,0.9227,0.4413,1.3639999999999999
18457.0,0.3194,0.444,0.7634000000000001
18458.0,0.5012,0.4233,0.9245
18459.0,0.4977,0.4414,0.9391
18460.0,0.4993,0.434,0.9333
18461.0,0.4446,0.4055,0.8501000000000001
18462.0,0.5705,0.4205,0.991
18463.0,0.6462,0.4041,1.0503
18464.0,0.4592,0.4208,0.88
18465.0,0.4684,0.421,0.8894
18466.0,0.5873,0.3209,0.9082000000000001
18467.0,0.467,0.4097,0.8767
18468.0,0.6555,0.4131,1.0686
18469.0,0.505,0.4314,0.9364
18470.0,0.4389,0.4264,0.8653
18471.0,0.4003,0.4375,0.8378
18472.0,0.4025,0.4292,0.8317000000000001
18473.0,0.5216,0.4101,0.9317
18474.0,0.3749,0.4187,0.7936000000000001
18475.0,0.421,0.4115,0.8325
18476.0,0.3924,0.4429,0.8353
18477.0,0.3967,0.4209,0.8176
18478.0,0.4868,0.4271,0.9138999999999999
18479.0,0.3661,0.4016,0.7677
18480.0,0.1074,0.3547,0.4621
18481.0,0.4247,0.4323,0.857
18482.0,0.4244,0.4309,0.8553
18483.0,0.3573,0.4205,0.7778
18484.0,0.323,0.423,0.746
18485.0,0.3552,0.432,0.7872
18486.0,0.5315,0.4165,0.948
18487.0,0.4135,0.4151,0.8286
18488.0,0.309,0.4151,0.7241
18489.0,0.4765,0.416,0.8925
18490.0,0.4591,0.4223,0.8814
18491.0,0.3756,0.4062,0.7818
18492.0,0.4381,0.4214,0.8594999999999999
18493.0,0.3911,0.4113,0.8024
18494.0,0.2613,0.1051,0.36639999999999995
18495.0,0.3941,0.4269,0.821
18496.0,0.3666,0.4038,0.7704
18497.0,0.6503,0.4377,1.088
18498.0,0.3828,0.4118,0.7946
18499.0,0.3873,0.4129,0.8002
18500.0,0.5471,0.4007,0.9478
18501.0,0.3954,0.4015,0.7968999999999999
18502.0,0.4429,0.4129,0.8558
18503.0,0.4822,0.402,0.8842000000000001
18504.0,0.3984,0.4081,0.8065
18505.0,0.5756,0.4189,0.9944999999999999
18506.0,0.4246,0.3968,0.8213999999999999
18507.0,0.4184,0.4016,0.8200000000000001
18508.0,0.0002,0.0143,0.0145
18509.0,0.439,0.4155,0.8545
18510.0,0.659,0.4227,1.0817
18511.0,0.423,0.4109,0.8339
18512.0,0.3431,0.387,0.7301
18513.0,0.4912,0.4244,0.9156
18514.0,0.4195,0.4103,0.8298
18515.0,0.3823,0.3866,0.7688999999999999
18516.0,0.5287,0.4093,0.938
18517.0,0.456,0.4038,0.8598
18518.0,0.5658,0.4142,0.98
18519.0,0.3617,0.4165,0.7782
18520.0,0.3962,0.4285,0.8247
18521.0,0.3416,0.4136,0.7552000000000001
18522.0,0.0938,0.0442,0.138
18523.0,0.4405,0.4011,0.8416
18524.0,0.4199,0.4198,0.8397
18525.0,0.3175,0.4208,0.7383
18526.0,0.4352,0.4134,0.8486
18527.0,0.402,0.4054,0.8074
18528.0,0.5803,0.396,0.9763000000000001
18529.0,0.3948,0.4182,0.813
18530.0,0.4553,0.4266,0.8818999999999999
18531.0,0.4305,0.406,0.8365
18532.0,0.4401,0.4086,0.8487
18533.0,0.3966,0.4035,0.8001
18534.0,0.5351,0.3893,0.9244
18535.0,0.3079,0.3881,0.696
18536.0,0.3006,0.4496,0.7502
18537.0,0.4225,0.4109,0.8333999999999999
18538.0,0.3957,0.4266,0.8223
18539.0,0.4482,0.4069,0.8551
18540.0,0.5545,0.425,0.9795
18541.0,0.4374,0.4074,0.8448
18542.0,0.3797,0.4255,0.8051999999999999
18543.0,0.4153,0.4182,0.8335
18544.0,0.4306,0.3991,0.8297
18545.0,0.4266,0.3968,0.8233999999999999
18546.0,0.4033,0.3971,0.8004
18547.0,0.3663,0.4085,0.7747999999999999
18548.0,0.3689,0.3896,0.7585
18549.0,0.5588,0.4036,0.9623999999999999
18550.0,0.0278,1.5306,1.5584
18551.0,0.4505,0.4181,0.8686
18552.0,0.3686,0.4114,0.78
18553.0,2.3702,0.3975,2.7677
18554.0,0.3388,0.4027,0.7415
18555.0,0.3902,0.4144,0.8046
18556.0,0.4626,0.4345,0.8971
18557.0,0.4373,0.4235,0.8608
18558.0,0.3763,0.4096,0.7859
18559.0,0.4837,0.4163,0.9
18560.0,0.5679,0.4455,1.0133999999999999
18561.0,0.3748,0.4285,0.8033
18562.0,0.3748,0.4185,0.7933
18563.0,0.4678,0.3955,0.8633
18564.0,0.0703,0.4086,0.4789
18565.0,0.4251,0.4207,0.8458
18566.0,0.6471,0.4065,1.0535999999999999
18567.0,0.4187,0.4216,0.8403
18568.0,0.3695,0.4568,0.8263
18569.0,0.5825,0.442,1.0245
18570.0,0.414,0.4002,0.8142
18571.0,0.3715,0.4162,0.7877000000000001
18572.0,0.5161,0.42,0.9360999999999999
18573.0,0.5183,0.4189,0.9372
18574.0,0.4671,0.4071,0.8742000000000001
18575.0,0.483,0.439,0.9219999999999999
18576.0,0.4706,0.4235,0.8941
18577.0,0.3883,0.417,0.8052999999999999
18578.0,0.2113,0.1103,0.3216
18579.0,0.4172,0.4261,0.8432999999999999
18580.0,0.5284,0.4118,0.9401999999999999
18581.0,0.3768,0.4166,0.7934000000000001
18582.0,0.421,0.4195,0.8405
18583.0,0.4389,0.4286,0.8674999999999999
18584.0,0.3758,0.4177,0.7935000000000001
18585.0,0.3914,0.4031,0.7945
18586.0,0.4441,0.4152,0.8593
18587.0,0.4726,0.3939,0.8665
18588.0,0.425,0.4143,0.8392999999999999
18589.0,0.3626,0.4099,0.7725
18590.0,0.3858,0.407,0.7928
18591.0,0.3963,0.4223,0.8186
18592.0,0.0299,0.168,0.19790000000000002
18593.0,0.3506,0.4192,0.7698
18594.0,0.352,0.4261,0.7781
18595.0,0.7186,0.4224,1.141
18596.0,0.4102,0.4336,0.8438
18597.0,0.4924,0.4119,0.9043
18598.0,0.3175,0.4005,0.718
18599.0,0.6852,0.4068,1.092
18600.0,0.4085,0.4181,0.8266
18601.0,0.358,0.3964,0.7544
18602.0,0.4562,0.3943,0.8505
18603.0,0.4723,0.3998,0.8721
18604.0,0.4485,0.4322,0.8807
18605.0,0.4655,0.4027,0.8682000000000001
18606.0,0.2567,0.9887,1.2454
18607.0,0.3211,0.4153,0.7363999999999999
18608.0,0.3582,0.4327,0.7908999999999999
18609.0,0.5545,0.4143,0.9688
18610.0,0.4843,0.4036,0.8879
18611.0,0.4335,0.4011,0.8346
18612.0,0.4169,0.4158,0.8327
18613.0,0.531,0.4161,0.9471
18614.0,0.3937,0.4184,0.8121
18615.0,0.5086,0.4329,0.9415
18616.0,0.386,0.4164,0.8024
18617.0,0.4973,0.4162,0.9135
18618.0,0.6281,0.4397,1.0678
18619.0,0.49,0.4145,0.9045
18620.0,0.0,0.634,0.634
18621.0,0.4185,0.4324,0.8509
18622.0,0.4209,0.4377,0.8586
18623.0,0.5436,0.4527,0.9963
18624.0,0.4738,0.4747,0.9485
18625.0,0.4592,0.4676,0.9268000000000001
18626.0,0.4639,0.4632,0.9271
18627.0,0.3891,0.4343,0.8234
18628.0,0.4987,0.4445,0.9432
18629.0,0.4199,0.4445,0.8644000000000001
18630.0,0.3783,0.4571,0.8354
18631.0,0.4378,0.4445,0.8823000000000001
18632.0,0.381,0.455,0.8360000000000001
18633.0,0.4842,0.431,0.9152
18634.0,0.0404,0.0261,0.0665
18635.0,0.3697,0.4211,0.7908
18636.0,0.4598,0.421,0.8808
18637.0,0.384,0.4236,0.8076
18638.0,0.4369,0.4422,0.8791
18639.0,0.5156,0.4385,0.9541
18640.0,0.4669,0.4295,0.8964
18641.0,0.4094,0.4378,0.8472
18642.0,0.4875,0.4298,0.9173
18643.0,0.5041,0.4399,0.944
18644.0,0.4351,0.4215,0.8566
18645.0,0.4351,0.4239,0.859
18646.0,0.4641,0.4116,0.8757
18647.0,0.4343,0.3901,0.8244
18648.0,0.0604,0.6372,0.6976
18649.0,0.3921,0.4254,0.8175
18650.0,0.4406,0.4226,0.8632
18651.0,0.3746,0.4234,0.798
18652.0,0.3578,0.4162,0.774
18653.0,0.3679,0.4075,0.7754
18654.0,0.3863,0.432,0.8183
18655.0,0.5968,0.4063,1.0030999999999999
18656.0,0.441,0.4087,0.8497
18657.0,0.447,0.4377,0.8847
18658.0,1.2991,0.4227,1.7218
18659.0,0.5345,0.3933,0.9278
18660.0,0.3706,0.419,0.7896
18661.0,0.4076,0.4161,0.8237000000000001
18662.0,0.09,0.0989,0.1889
18663.0,0.7138,0.4225,1.1362999999999999
18664.0,0.4183,0.4177,0.8360000000000001
18665.0,0.4591,0.4246,0.8836999999999999
18666.0,0.5325,0.4229,0.9554
18667.0,0.3826,0.4459,0.8285
18668.0,0.3909,0.3931,0.784
18669.0,0.6639,0.4254,1.0893000000000002
18670.0,0.4965,0.402,0.8985000000000001
18671.0,0.4289,0.4072,0.8361000000000001
18672.0,0.5325,0.4106,0.9431
18673.0,0.3616,0.4296,0.7911999999999999
18674.0,0.376,0.3924,0.7684
18675.0,0.4385,0.4113,0.8498
18676.0,0.1398,0.1803,0.3201
18677.0,0.3392,0.3941,0.7333000000000001
18678.0,0.3557,0.4253,0.781
18679.0,0.5135,0.4069,0.9203999999999999
18680.0,0.4374,0.4276,0.865
18681.0,0.3901,0.4104,0.8005
18682.0,0.6529,0.428,1.0809
18683.0,0.455,0.4213,0.8763000000000001
18684.0,0.4123,0.3917,0.804
18685.0,0.4524,0.3882,0.8406
18686.0,0.4199,0.4109,0.8308
18687.0,0.4163,0.426,0.8423
18688.0,0.47,0.4058,0.8757999999999999
18689.0,0.4368,0.3824,0.8192
18690.0,0.0107,0.1529,0.1636
18691.0,0.5243,0.4106,0.9349000000000001
18692.0,0.3918,0.4146,0.8064
18693.0,0.5639,0.4305,0.9944
18694.0,0.4032,0.4384,0.8416
18695.0,0.4527,0.4393,0.892
18696.0,0.4934,0.431,0.9244
18697.0,0.4331,0.4175,0.8506
18698.0,0.4996,0.4068,0.9064
18699.0,0.4753,0.4318,0.9071
18700.0,0.4043,0.3949,0.7991999999999999
18701.0,0.3144,0.3895,0.7039
18702.0,0.3616,0.4051,0.7666999999999999
18703.0,0.5599,0.3937,0.9536
18704.0,0.1008,0.1142,0.215
18705.0,0.3183,0.3759,0.6942
18706.0,0.3858,0.42,0.8058
18707.0,0.4568,0.4064,0.8632
18708.0,0.377,0.4141,0.7911
18709.0,0.369,0.4043,0.7733
18710.0,0.3608,0.43,0.7908
18711.0,0.435,0.4116,0.8466
18712.0,0.3999,0.4084,0.8083
18713.0,0.4955,0.3865,0.882
18714.0,0.4937,0.412,0.9057
18715.0,0.4576,0.402,0.8596
18716.0,0.378,0.3989,0.7768999999999999
18717.0,0.4485,0.4033,0.8518
18718.0,0.0001,0.003,0.0031
18719.0,0.5327,0.4214,0.9541
18720.0,0.6076,0.3979,1.0055
18721.0,0.3886,0.4091,0.7977000000000001
18722.0,0.4066,0.3838,0.7904
18723.0,0.3861,0.3957,0.7818
18724.0,0.4753,0.411,0.8863
18725.0,0.5724,0.4124,0.9848
18726.0,0.4532,0.3841,0.8372999999999999
18727.0,0.4745,0.3991,0.8735999999999999
18728.0,0.4994,0.4192,0.9186000000000001
18729.0,0.4388,0.383,0.8218000000000001
18730.0,0.4051,0.3909,0.796
18731.0,0.416,0.3978,0.8138
18732.0,0.0793,0.0904,0.1697
18733.0,0.4058,0.3854,0.7912
18734.0,0.4426,0.3916,0.8342
18735.0,0.4598,0.3976,0.8573999999999999
18736.0,0.3676,0.4222,0.7898000000000001
18737.0,0.5114,0.3937,0.9051
18738.0,0.4371,0.3892,0.8263
18739.0,0.4878,0.4177,0.9055
18740.0,0.5659,0.4079,0.9738
18741.0,0.5275,0.4017,0.9292
18742.0,0.4396,0.4249,0.8645
18743.0,0.688,0.4159,1.1038999999999999
18744.0,0.3179,0.4017,0.7196
18745.0,0.4089,0.4017,0.8106
18746.0,0.0886,0.2059,0.2945
18747.0,0.4236,0.4131,0.8367
18748.0,0.4921,0.3997,0.8917999999999999
18749.0,0.5198,0.4286,0.9484
18750.0,0.4092,0.4099,0.8190999999999999
18751.0,0.5416,0.4071,0.9487
18752.0,0.4277,0.4154,0.8431
18753.0,0.3662,0.4032,0.7694000000000001
18754.0,0.4332,0.3884,0.8216
18755.0,0.3787,0.3962,0.7748999999999999
18756.0,0.5937,0.391,0.9847
18757.0,0.3558,0.3918,0.7476
18758.0,0.3461,0.3871,0.7332000000000001
18759.0,0.5917,0.4261,1.0178
18760.0,0.2167,0.1285,0.3452
18761.0,0.3925,0.423,0.8155
18762.0,0.4645,0.3908,0.8553
18763.0,0.3934,0.4114,0.8048
18764.0,0.3959,0.4159,0.8118
18765.0,0.6665,0.4076,1.0741
18766.0,0.5056,0.4141,0.9197000000000001
18767.0,0.4948,0.4141,0.9089
18768.0,0.3666,0.4085,0.7750999999999999
18769.0,0.4286,0.4028,0.8313999999999999
18770.0,0.4884,0.4107,0.8991
18771.0,0.6328,0.407,1.0398
18772.0,0.4632,0.3859,0.8491
18773.0,0.4395,0.401,0.8405
18774.0,0.8579,0.9103,1.7682
18775.0,0.7119,0.417,1.1289
18776.0,0.4088,0.4271,0.8359
18777.0,0.486,0.4423,0.9283
18778.0,0.4134,0.4607,0.8741
18779.0,0.4942,0.4474,0.9416
18780.0,0.4117,0.4494,0.8611
18781.0,0.5487,0.4654,1.0141
18782.0,0.4665,0.456,0.9225000000000001
18783.0,0.6421,0.4851,1.1272
18784.0,0.55,0.4643,1.0143
18785.0,0.5367,0.469,1.0057
18786.0,0.5492,0.4985,1.0477
18787.0,0.5653,0.4749,1.0402
18788.0,0.1678,0.0487,0.2165
18789.0,0.5436,0.4449,0.9884999999999999
18790.0,1.0259,0.4516,1.4775
18791.0,0.6241,0.4784,1.1025
18792.0,0.4543,0.4593,0.9136
18793.0,0.4752,0.4506,0.9258
18794.0,0.5665,0.4654,1.0319
18795.0,0.5515,0.4512,1.0027
18796.0,0.4056,0.4483,0.8539
18797.0,0.3566,0.4299,0.7865
18798.0,0.3334,0.4539,0.7873
18799.0,0.4079,0.4353,0.8432
18800.0,0.5282,0.4511,0.9793000000000001
18801.0,0.3902,0.4397,0.8299
18802.0,0.3068,0.2672,0.5740000000000001
18803.0,0.5159,0.4423,0.9582
18804.0,0.3641,0.4376,0.8017
18805.0,0.5259,0.4593,0.9852000000000001
18806.0,0.667,0.4301,1.0971
18807.0,0.4471,0.4541,0.9012
18808.0,0.4868,0.4527,0.9395
18809.0,0.4351,0.435,0.8701
18810.0,0.512,0.4274,0.9394
18811.0,0.422,0.4313,0.8533
18812.0,0.4384,0.4231,0.8614999999999999
18813.0,0.4696,0.4254,0.895
18814.0,0.5116,0.397,0.9086000000000001
18815.0,0.5728,0.4123,0.9851
18816.0,0.0,0.1936,0.1936
18817.0,0.4606,0.4257,0.8863000000000001
18818.0,0.4701,0.3995,0.8696
18819.0,0.4996,0.4469,0.9465
18820.0,0.4708,0.4196,0.8904
18821.0,0.438,0.434,0.872
18822.0,0.5777,0.427,1.0047
18823.0,0.5335,0.4537,0.9872
18824.0,0.441,0.4157,0.8567
18825.0,0.4323,0.4188,0.8511
18826.0,0.4506,0.4229,0.8734999999999999
18827.0,0.4895,0.4244,0.9138999999999999
18828.0,0.388,0.3949,0.7828999999999999
18829.0,0.4679,0.425,0.8929
18830.0,0.0177,0.2515,0.2692
18831.0,0.543,0.3899,0.9329000000000001
18832.0,0.4173,0.4361,0.8533999999999999
18833.0,0.4162,0.4239,0.8401000000000001
18834.0,0.3922,0.4522,0.8444
18835.0,0.4531,0.4319,0.885
18836.0,0.418,0.4272,0.8452
18837.0,0.4103,0.4261,0.8364
18838.0,0.386,0.4139,0.7999
18839.0,0.3605,0.4175,0.778
18840.0,0.4905,0.3915,0.882
18841.0,0.3667,0.4378,0.8045
18842.0,0.4836,0.4159,0.8995
18843.0,0.4294,0.4007,0.8301000000000001
18844.0,0.0509,0.0709,0.1218
18845.0,0.5989,0.4366,1.0354999999999999
18846.0,0.3886,0.4226,0.8111999999999999
18847.0,0.5151,0.4076,0.9227000000000001
18848.0,0.3788,0.4144,0.7932
18849.0,0.3769,0.4151,0.792
18850.0,0.474,0.4197,0.8936999999999999
18851.0,0.4189,0.4101,0.829
18852.0,0.5064,0.405,0.9114
18853.0,0.779,0.3951,1.1741000000000001
18854.0,0.4112,0.4143,0.8255
18855.0,0.542,0.4146,0.9566000000000001
18856.0,0.4373,0.4,0.8373
18857.0,0.4089,0.41,0.8189
18858.0,0.0005,0.7636,0.7640999999999999
18859.0,0.3728,0.4129,0.7857000000000001
18860.0,0.4097,0.4227,0.8324
18861.0,0.3881,0.4258,0.8139000000000001
18862.0,0.6748,0.4454,1.1202
18863.0,0.4471,0.4512,0.8983
18864.0,0.522,0.4666,0.9886
18865.0,0.3738,0.4606,0.8344
18866.0,0.3527,0.4265,0.7792
18867.0,0.4473,0.423,0.8703
18868.0,0.4418,0.4201,0.8619
18869.0,0.5327,0.4332,0.9659
18870.0,0.4874,0.4373,0.9247000000000001
18871.0,0.366,0.4278,0.7938000000000001
18872.0,3.2998,0.7411,4.0409
18873.0,0.5797,0.4428,1.0225
18874.0,0.3766,0.459,0.8356
18875.0,0.6164,0.5039,1.1202999999999999
18876.0,0.5683,0.5252,1.0935000000000001
18877.0,0.5785,0.5471,1.1256
18878.0,0.6844,0.5172,1.2016
18879.0,0.5574,0.5253,1.0827
18880.0,0.6325,0.4963,1.1288
18881.0,0.5176,0.5083,1.0259
18882.0,0.5254,0.5092,1.0346
18883.0,0.4805,0.4761,0.9566
18884.0,0.4457,0.4903,0.9359999999999999
18885.0,0.5102,0.5007,1.0109
18886.0,0.0141,0.0955,0.1096
18887.0,0.4622,0.5151,0.9773000000000001
18888.0,0.6569,0.5322,1.1891
18889.0,0.5244,0.5328,1.0572
18890.0,0.5313,0.5133,1.0446
18891.0,0.5443,0.5213,1.0655999999999999
18892.0,0.6569,0.5172,1.1741000000000001
18893.0,0.6515,0.4992,1.1507
18894.0,0.3754,0.5002,0.8755999999999999
18895.0,0.5078,0.49,0.9978
18896.0,0.4264,0.4712,0.8976
18897.0,0.5365,0.4921,1.0286
18898.0,0.5346,0.4807,1.0152999999999999
18899.0,0.4009,0.4745,0.8754
18900.0,0.2566,0.4673,0.7239
18901.0,0.5833,0.4873,1.0706
18902.0,0.4855,0.4931,0.9785999999999999
18903.0,0.5113,0.4971,1.0084
18904.0,0.5282,0.489,1.0171999999999999
18905.0,0.4753,0.4637,0.9390000000000001
18906.0,0.4839,0.4491,0.933
18907.0,0.4471,0.4961,0.9432
18908.0,0.5686,0.483,1.0516
18909.0,0.5288,0.4696,0.9984000000000001
18910.0,0.4306,0.4798,0.9104
18911.0,0.4211,0.4983,0.9194
18912.0,0.4954,0.4741,0.9695
18913.0,0.4265,0.4864,0.9129
18914.0,0.1703,0.439,0.6093
18915.0,0.4488,0.4583,0.9071
18916.0,0.65,0.4574,1.1074
18917.0,0.3709,0.4947,0.8655999999999999
18918.0,0.4434,0.4753,0.9187000000000001
18919.0,0.774,0.4848,1.2588
18920.0,0.4782,0.4781,0.9563
18921.0,0.4472,0.5072,0.9543999999999999
18922.0,0.4885,0.4587,0.9472
18923.0,0.4275,0.474,0.9015
18924.0,0.4116,0.4404,0.8520000000000001
18925.0,0.3953,0.4606,0.8559
18926.0,0.6226,0.4556,1.0782
18927.0,0.3381,0.4433,0.7814000000000001
18928.0,0.0813,0.5523,0.6336
18929.0,0.4637,0.4699,0.9336
18930.0,0.4088,0.4648,0.8735999999999999
18931.0,0.5696,0.4534,1.0230000000000001
18932.0,0.3575,0.4677,0.8251999999999999
18933.0,0.4677,0.4703,0.938
18934.0,0.5187,0.4555,0.9742000000000001
18935.0,0.4168,0.4399,0.8567
18936.0,0.4039,0.4475,0.8513999999999999
18937.0,0.7263,0.4542,1.1804999999999999
18938.0,0.4662,0.4306,0.8968
18939.0,0.4623,0.4599,0.9221999999999999
18940.0,0.5404,0.4682,1.0086
18941.0,0.4583,0.4435,0.9017999999999999
18942.0,1.6319,0.3933,2.0252
18943.0,0.5362,0.4567,0.9929
18944.0,0.449,0.4602,0.9092
18945.0,0.4738,0.4803,0.9541
18946.0,0.5124,0.4913,1.0037
18947.0,0.4022,0.467,0.8692
18948.0,0.5295,0.4788,1.0083
18949.0,0.3904,0.4559,0.8463
18950.0,0.742,0.462,1.204
18951.0,0.619,0.4628,1.0817999999999999
18952.0,0.4379,0.4662,0.9041
18953.0,0.4867,0.4799,0.9666
18954.0,0.3931,0.4752,0.8683000000000001
18955.0,0.4075,0.4577,0.8652
18956.0,0.1841,0.1628,0.3469
18957.0,0.4983,0.4607,0.9590000000000001
18958.0,0.4375,0.4659,0.9034
18959.0,0.46,0.4538,0.9138
18960.0,0.3751,0.4614,0.8365
18961.0,0.4167,0.4453,0.862
18962.0,1.0437,0.4391,1.4828000000000001
18963.0,0.4891,0.468,0.9571000000000001
18964.0,0.4043,0.4276,0.8319
18965.0,0.3973,0.441,0.8383
18966.0,0.5635,0.4617,1.0252
18967.0,0.4021,0.4369,0.839
18968.0,0.4668,0.4644,0.9312
18969.0,0.6507,0.4261,1.0768
18970.0,0.0146,0.5385,0.5530999999999999
18971.0,0.5094,0.454,0.9634
18972.0,0.48,0.4513,0.9313
18973.0,0.9329,0.4781,1.411
18974.0,0.4522,0.495,0.9472
18975.0,0.4174,0.496,0.9134
18976.0,0.3948,0.4907,0.8855
18977.0,0.6008,0.4884,1.0892
18978.0,0.4335,0.4749,0.9084
18979.0,0.5485,0.46,1.0085
18980.0,0.5393,0.458,0.9973000000000001
18981.0,0.4745,0.4749,0.9494
18982.0,0.4984,0.4627,0.9611000000000001
18983.0,0.4588,0.4584,0.9172
18984.0,0.0647,0.263,0.3277
18985.0,0.6171,0.4469,1.064
18986.0,0.3948,0.4355,0.8303
18987.0,0.3609,0.4683,0.8291999999999999
18988.0,0.443,0.4864,0.9294
18989.0,0.4505,0.4483,0.8988
18990.0,0.4691,0.4462,0.9153
18991.0,0.4741,0.4399,0.914
18992.0,0.4474,0.4662,0.9136
18993.0,0.3586,0.4399,0.7985
18994.0,0.4927,0.4441,0.9368000000000001
18995.0,0.4856,0.4303,0.9158999999999999
18996.0,0.4392,0.4289,0.8681
18997.0,0.4091,0.4044,0.8135
18998.0,0.1341,0.2327,0.3668
18999.0,0.4179,0.4505,0.8684000000000001
19000.0,0.4302,0.4461,0.8763000000000001
19001.0,0.3891,0.4645,0.8536
19002.0,0.5153,0.4416,0.9569
19003.0,0.3638,0.4485,0.8123
19004.0,0.3849,0.4235,0.8084
19005.0,0.4356,0.4556,0.8912
19006.0,0.5817,0.4452,1.0269
19007.0,0.4038,0.4327,0.8365
19008.0,0.4109,0.4225,0.8333999999999999
19009.0,0.4882,0.4077,0.8959
19010.0,0.5965,0.4276,1.0241
19011.0,0.4657,0.4195,0.8852
19012.0,0.003,0.3752,0.3782
19013.0,0.4082,0.4532,0.8613999999999999
19014.0,0.5143,0.4215,0.9358
19015.0,0.4025,0.4517,0.8542000000000001
19016.0,0.4074,0.4746,0.882
19017.0,0.4859,0.4742,0.9601
19018.0,0.4126,0.4896,0.9022
19019.0,0.5024,0.4258,0.9281999999999999
19020.0,0.4539,0.4448,0.8987
19021.0,0.3418,0.4229,0.7646999999999999
19022.0,0.4802,0.4282,0.9084000000000001
19023.0,0.3643,0.4563,0.8206
19024.0,0.4441,0.4345,0.8786
19025.0,0.3833,0.4358,0.8190999999999999
19026.0,0.0002,0.808,0.8082
19027.0,0.5141,0.4268,0.9409000000000001
19028.0,0.4898,0.4592,0.9490000000000001
19029.0,0.4541,0.4716,0.9257
19030.0,0.5695,0.4697,1.0392000000000001
19031.0,0.5638,0.497,1.0608
19032.0,0.3885,0.4662,0.8547
19033.0,0.41,0.4772,0.8872
19034.0,0.5614,0.4667,1.0281
19035.0,0.4232,0.4956,0.9188000000000001
19036.0,0.3866,0.4705,0.8571
19037.0,1.0892,0.4905,1.5796999999999999
19038.0,0.4122,0.478,0.8902
19039.0,0.367,0.4884,0.8553999999999999
19040.0,0.0013,0.0443,0.0456
19041.0,0.5216,0.4459,0.9675
19042.0,0.4417,0.4644,0.9060999999999999
19043.0,0.6199,0.4609,1.0808
19044.0,0.4389,0.4564,0.8953
19045.0,0.5439,0.437,0.9809000000000001
19046.0,0.4897,0.4647,0.9544
19047.0,0.6503,0.453,1.1033
19048.0,0.4948,0.4396,0.9344
19049.0,0.7672,0.4423,1.2095
19050.0,0.3829,0.439,0.8219000000000001
19051.0,0.398,0.4529,0.8509
19052.0,0.5003,0.4167,0.917
19053.0,0.4985,0.4382,0.9367
19054.0,0.0001,0.4169,0.417
19055.0,0.5329,0.4277,0.9606000000000001
19056.0,0.3928,0.4366,0.8293999999999999
19057.0,0.4025,0.4492,0.8517
19058.0,0.4505,0.4735,0.9239999999999999
19059.0,0.3784,0.4703,0.8487
19060.0,0.4281,0.4195,0.8475999999999999
19061.0,0.4361,0.4388,0.8749
19062.0,0.4225,0.442,0.8645
19063.0,0.4771,0.449,0.9261
19064.0,0.6581,0.4265,1.0846
19065.0,0.4211,0.4369,0.858
19066.0,0.5493,0.4573,1.0066
19067.0,0.3672,0.418,0.7852
19068.0,0.0118,0.8976,0.9094
19069.0,0.3463,0.4415,0.7878000000000001
19070.0,0.6284,0.4507,1.0791
19071.0,0.483,0.4573,0.9402999999999999
19072.0,0.4924,0.459,0.9514
19073.0,0.4622,0.4358,0.898
19074.0,0.5051,0.4438,0.9489
19075.0,0.5355,0.4446,0.9801
19076.0,0.4795,0.4132,0.8927
19077.0,0.3434,0.4471,0.7905
19078.0,0.444,0.4299,0.8739
19079.0,0.5031,0.4106,0.9137
19080.0,0.6701,0.4153,1.0854
19081.0,0.4506,0.4255,0.8761
19082.0,0.0374,0.8343,0.8717
19083.0,0.5976,0.4244,1.022
19084.0,0.4566,0.4374,0.894
19085.0,0.4915,0.4116,0.9031
19086.0,0.4022,0.4102,0.8124
19087.0,0.4293,0.4341,0.8634
19088.0,0.6292,0.4372,1.0664
19089.0,0.4466,0.4141,0.8607
19090.0,0.438,0.4263,0.8643000000000001
19091.0,0.5018,0.4223,0.9241
19092.0,0.5323,0.4308,0.9631000000000001
19093.0,0.316,0.4225,0.7384999999999999
19094.0,0.482,0.4279,0.9098999999999999
19095.0,0.3866,0.4283,0.8149
19096.0,0.835,0.1645,0.9994999999999999
19097.0,0.4565,0.4179,0.8744000000000001
19098.0,0.4534,0.437,0.8904000000000001
19099.0,0.4695,0.4264,0.8958999999999999
19100.0,0.4732,0.4338,0.907
19101.0,0.4527,0.4348,0.8875
19102.0,0.4457,0.4276,0.8733
19103.0,0.5381,0.4341,0.9722
19104.0,0.4532,0.406,0.8592
19105.0,0.532,0.4235,0.9555
19106.0,0.533,0.4384,0.9714
19107.0,0.4186,0.4143,0.8329
19108.0,0.4766,0.4363,0.9129
19109.0,0.5543,0.413,0.9673
19110.0,0.151,0.8382,0.9892
19111.0,0.4478,0.4078,0.8555999999999999
19112.0,0.503,0.3918,0.8948
19113.0,0.3528,0.4225,0.7753
19114.0,0.4194,0.4364,0.8558
19115.0,0.5163,0.4365,0.9528
19116.0,0.4352,0.4198,0.855
19117.0,0.6899,0.4319,1.1218
19118.0,0.4736,0.4073,0.8809
19119.0,0.5568,0.4316,0.9884
19120.0,0.6147,0.4041,1.0188000000000001
19121.0,0.4688,0.3973,0.8661
19122.0,0.4301,0.407,0.8371
19123.0,0.5854,0.4191,1.0045
19124.0,0.04,0.2743,0.31429999999999997
19125.0,0.4158,0.4084,0.8242
19126.0,0.4269,0.4245,0.8513999999999999
19127.0,0.5256,0.4704,0.996
19128.0,0.4649,0.451,0.9158999999999999
19129.0,0.4493,0.4229,0.8722
19130.0,0.5754,0.4208,0.9962
19131.0,0.4391,0.4312,0.8703000000000001
19132.0,0.4521,0.4432,0.8953
19133.0,0.7454,0.4388,1.1842
19134.0,0.5877,0.4337,1.0213999999999999
19135.0,0.4189,0.4086,0.8275
19136.0,0.473,0.4177,0.8907
19137.0,0.3999,0.4214,0.8212999999999999
19138.0,0.03,0.3548,0.38480000000000003
19139.0,0.3752,0.4366,0.8118
19140.0,0.4504,0.4185,0.8689
19141.0,0.507,0.428,0.935
19142.0,0.5053,0.4307,0.9359999999999999
19143.0,0.4302,0.4018,0.8320000000000001
19144.0,0.439,0.4325,0.8714999999999999
19145.0,0.4292,0.4103,0.8395
19146.0,0.5419,0.4005,0.9424000000000001
19147.0,0.4146,0.4102,0.8248
19148.0,0.4009,0.399,0.7999
19149.0,0.4983,0.4147,0.913
19150.0,0.4441,0.3937,0.8378
19151.0,0.3804,0.4203,0.8007
19152.0,1.0896,0.179,1.2686
19153.0,0.468,0.3969,0.8649
19154.0,0.5413,0.4246,0.9659
19155.0,0.4487,0.4568,0.9055
19156.0,0.6002,0.426,1.0262
19157.0,0.4946,0.4357,0.9302999999999999
19158.0,0.4053,0.4062,0.8115
19159.0,0.4372,0.434,0.8712
19160.0,0.6629,0.4051,1.068
19161.0,0.4398,0.4232,0.863
19162.0,0.5383,0.4234,0.9617
19163.0,0.5911,0.4398,1.0309
19164.0,0.5165,0.4158,0.9322999999999999
19165.0,0.3933,0.4231,0.8164
19166.0,0.2089,0.3599,0.5688
19167.0,0.4787,0.4433,0.922
19168.0,0.4213,0.4265,0.8478
19169.0,0.4335,0.4084,0.8419
19170.0,0.4078,0.4255,0.8332999999999999
19171.0,0.4202,0.4138,0.8340000000000001
19172.0,0.4815,0.4339,0.9154
19173.0,0.376,0.4029,0.7788999999999999
19174.0,0.3866,0.4273,0.8139000000000001
19175.0,0.4954,0.4327,0.9280999999999999
19176.0,0.3798,0.4025,0.7823
19177.0,0.553,0.4055,0.9585000000000001
19178.0,0.4986,0.4093,0.9078999999999999
19179.0,0.4241,0.4349,0.859
19180.0,0.0311,0.4889,0.52
19181.0,0.4284,0.4065,0.8349
19182.0,0.3328,0.4144,0.7472
19183.0,0.4735,0.4198,0.8933
19184.0,0.4676,0.3988,0.8664000000000001
19185.0,0.5762,0.4001,0.9763000000000001
19186.0,0.4751,0.4276,0.9027000000000001
19187.0,0.535,0.4227,0.9577
19188.0,0.3908,0.3885,0.7793
19189.0,0.4168,0.4034,0.8202
19190.0,0.3871,0.4041,0.7912
19191.0,0.4784,0.4014,0.8797999999999999
19192.0,0.3583,0.4181,0.7764
19193.0,0.8846,0.4175,1.3021
19194.0,0.0015,0.0276,0.0291
19195.0,0.4943,0.4096,0.9039
19196.0,0.42,0.402,0.8220000000000001
19197.0,0.3776,0.4231,0.8007
19198.0,0.4235,0.4118,0.8352999999999999
19199.0,0.7164,0.423,1.1394
19200.0,0.3898,0.4033,0.7930999999999999
19201.0,1.0111,0.4171,1.4282000000000001
19202.0,0.3923,0.4178,0.8101
19203.0,0.4736,0.4084,0.882
19204.0,0.5526,0.4151,0.9677
19205.0,0.5545,0.3945,0.9490000000000001
19206.0,0.4841,0.4088,0.8929
19207.0,0.3713,0.381,0.7523
19208.0,0.1498,0.1551,0.30489999999999995
19209.0,0.4674,0.4005,0.8679
19210.0,0.5304,0.3904,0.9208000000000001
19211.0,0.5189,0.4282,0.9471
19212.0,0.4194,0.3949,0.8143
19213.0,0.4522,0.4326,0.8848
19214.0,0.4171,0.4211,0.8382000000000001
19215.0,0.3975,0.3983,0.7958000000000001
19216.0,0.4658,0.4131,0.8789
19217.0,0.483,0.4079,0.8909
19218.0,0.4139,0.4087,0.8226
19219.0,0.4795,0.4107,0.8902
19220.0,0.4802,0.4151,0.8953
19221.0,0.372,0.4197,0.7917000000000001
19222.0,0.2017,0.3451,0.5468
19223.0,0.5048,0.4041,0.9089
19224.0,0.5535,0.4197,0.9732000000000001
19225.0,0.4374,0.4356,0.873
19226.0,0.5079,0.4458,0.9537
19227.0,0.3779,0.4563,0.8342
19228.0,0.4225,0.4141,0.8366
19229.0,0.5792,0.4096,0.9888000000000001
19230.0,0.4123,0.3968,0.8090999999999999
19231.0,0.5237,0.4051,0.9288000000000001
19232.0,0.4677,0.4329,0.9006000000000001
19233.0,0.4158,0.4213,0.8371
19234.0,0.3857,0.4316,0.8172999999999999
19235.0,0.5088,0.4078,0.9166000000000001
19236.0,0.0177,0.7453,0.763
19237.0,0.4032,0.4248,0.8280000000000001
19238.0,0.4093,0.426,0.8352999999999999
19239.0,0.5703,0.4335,1.0038
19240.0,0.6609,0.4707,1.1316000000000002
19241.0,0.527,0.4632,0.9902
19242.0,0.5076,0.4406,0.9482
19243.0,0.4557,0.4179,0.8735999999999999
19244.0,0.4256,0.423,0.8486
19245.0,0.428,0.4153,0.8432999999999999
19246.0,0.4814,0.4009,0.8823
19247.0,0.4763,0.4112,0.8875
19248.0,0.4638,0.4281,0.8918999999999999
19249.0,0.4482,0.4262,0.8744000000000001
19250.0,0.2471,0.5027,0.7498
19251.0,0.3596,0.4144,0.774
19252.0,0.4457,0.4237,0.8694
19253.0,0.5069,0.4045,0.9114
19254.0,0.5252,0.4401,0.9653
19255.0,0.4394,0.4419,0.8813
19256.0,0.5224,0.4233,0.9457
19257.0,0.3817,0.4256,0.8072999999999999
19258.0,0.6525,0.4557,1.1082
19259.0,0.4197,0.4218,0.8415
19260.0,0.525,0.4206,0.9456
19261.0,0.512,0.4258,0.9378
19262.0,0.4724,0.4524,0.9248000000000001
19263.0,0.4591,0.4479,0.907
19264.0,0.0184,0.0664,0.0848
19265.0,0.4953,0.4199,0.9152
19266.0,0.4758,0.4183,0.8941
19267.0,0.3911,0.3961,0.7872
19268.0,0.5911,0.4085,0.9995999999999999
19269.0,0.3906,0.4126,0.8032
19270.0,0.4295,0.41,0.8394999999999999
19271.0,0.5064,0.4294,0.9358
19272.0,0.3296,0.4205,0.7501
19273.0,0.3756,0.4145,0.7901
19274.0,0.3896,0.4039,0.7935
19275.0,0.4519,0.4184,0.8703000000000001
19276.0,0.3802,0.4125,0.7927
19277.0,0.3491,0.3961,0.7452000000000001
19278.0,0.1004,1.0607,1.1611
19279.0,0.3646,0.4388,0.8034
19280.0,0.4684,0.4099,0.8783
19281.0,0.5178,0.4317,0.9495
19282.0,0.4867,0.418,0.9047000000000001
19283.0,0.432,0.4051,0.8371
19284.0,0.4611,0.4141,0.8752
19285.0,0.4269,0.4059,0.8328
19286.0,0.3876,0.4197,0.8073
19287.0,0.5002,0.4388,0.9390000000000001
19288.0,0.4905,0.4241,0.9146
19289.0,0.5885,0.4336,1.0221
19290.0,0.4718,0.4055,0.8773
19291.0,0.4219,0.4195,0.8413999999999999
19292.0,0.0102,0.1369,0.1471
19293.0,0.4456,0.4142,0.8598
19294.0,0.7831,0.404,1.1871
19295.0,0.3794,0.4072,0.7866
19296.0,0.3942,0.4062,0.8004
19297.0,0.3857,0.4098,0.7955
19298.0,0.4364,0.4384,0.8748
19299.0,0.4283,0.4252,0.8535
19300.0,0.403,0.417,0.8200000000000001
19301.0,0.3821,0.4096,0.7917000000000001
19302.0,0.4339,0.422,0.8559
19303.0,0.4253,0.4101,0.8354
19304.0,0.3918,0.3936,0.7854
19305.0,0.4043,0.404,0.8083
19306.0,0.0008,0.0575,0.058300000000000005
19307.0,0.4781,0.4072,0.8853
19308.0,0.4679,0.4055,0.8734
19309.0,0.4333,0.3793,0.8126
19310.0,0.4018,0.4139,0.8157
19311.0,0.3431,0.4164,0.7595000000000001
19312.0,0.3165,0.4,0.7165
19313.0,0.5872,0.4016,0.9888000000000001
19314.0,0.4507,0.3949,0.8455999999999999
19315.0,0.3421,0.4027,0.7448
19316.0,0.4619,0.4051,0.867
19317.0,0.6679,0.4222,1.0901
19318.0,0.3637,0.4025,0.7662
19319.0,0.5018,0.4098,0.9116
19320.0,0.1499,0.2463,0.3962
19321.0,0.379,0.4112,0.7902
19322.0,0.4389,0.401,0.8399000000000001
19323.0,0.4062,0.4249,0.8311
19324.0,0.6024,0.3997,1.0021
19325.0,0.4269,0.4253,0.8522000000000001
19326.0,0.4567,0.4122,0.8689
19327.0,0.5811,0.4196,1.0007
19328.0,0.3751,0.413,0.7881
19329.0,0.4484,0.3916,0.8400000000000001
19330.0,0.4513,0.4126,0.8639
19331.0,0.4092,0.4084,0.8176
19332.0,0.4517,0.3939,0.8455999999999999
19333.0,0.3845,0.4068,0.7913
19334.0,0.0014,0.5564,0.5578
19335.0,0.4463,0.4125,0.8588
19336.0,0.473,0.424,0.897
19337.0,0.3911,0.4471,0.8382000000000001
19338.0,0.3705,0.4405,0.8109999999999999
19339.0,0.4578,0.4214,0.8792
19340.0,0.3492,0.4243,0.7735000000000001
19341.0,0.4241,0.4017,0.8258
19342.0,0.4381,0.4309,0.869
19343.0,0.3245,0.4146,0.7391000000000001
19344.0,0.5378,0.415,0.9527999999999999
19345.0,0.4259,0.4208,0.8467
19346.0,0.4158,0.4109,0.8267
19347.0,1.2885,0.4192,1.7077
19348.0,0.0729,0.3,0.3729
19349.0,0.5225,0.4265,0.949
19350.0,0.5544,0.4105,0.9649
19351.0,0.5036,0.4226,0.9262
19352.0,0.4073,0.4027,0.81
19353.0,0.4206,0.3999,0.8205
19354.0,0.4783,0.4258,0.9041
19355.0,0.4207,0.4136,0.8343
19356.0,0.3776,0.4232,0.8008
19357.0,0.4525,0.4005,0.853
19358.0,0.3717,0.4239,0.7956
19359.0,0.4592,0.4115,0.8707
19360.0,0.4034,0.4331,0.8365
19361.0,0.4871,0.4045,0.8916
19362.0,1.2135,0.2773,1.4908000000000001
19363.0,0.3215,0.4222,0.7437
19364.0,0.4843,0.3953,0.8795999999999999
19365.0,0.7134,0.4002,1.1136
19366.0,1.0953,0.4163,1.5116
19367.0,0.5345,0.4145,0.949
19368.0,0.5683,0.4069,0.9752000000000001
19369.0,0.5238,0.4072,0.931
19370.0,0.4606,0.3945,0.8551
19371.0,0.6368,0.4136,1.0504
19372.0,0.4627,0.436,0.8987
19373.0,0.3604,0.4325,0.7928999999999999
19374.0,0.3338,0.4213,0.7551
19375.0,0.6199,0.4103,1.0302
19376.0,0.0265,0.3697,0.3962
19377.0,0.5217,0.4132,0.9349000000000001
19378.0,0.4624,0.4188,0.8812
19379.0,0.4109,0.4043,0.8151999999999999
19380.0,0.4517,0.4261,0.8777999999999999
19381.0,0.5701,0.4329,1.0030000000000001
19382.0,0.4792,0.4176,0.8968
19383.0,0.4594,0.4287,0.8881
19384.0,0.3903,0.4154,0.8057
19385.0,0.4328,0.4294,0.8622000000000001
19386.0,0.4019,0.4315,0.8333999999999999
19387.0,0.4539,0.4263,0.8802000000000001
19388.0,0.7596,0.4184,1.178
19389.0,0.6008,0.4083,1.0091
19390.0,0.2385,0.0813,0.3198
19391.0,0.4181,0.3933,0.8114
19392.0,0.41,0.4012,0.8111999999999999
19393.0,0.5435,0.4282,0.9717
19394.0,0.4897,0.4279,0.9176
19395.0,0.4891,0.4055,0.8946000000000001
19396.0,0.4578,0.3865,0.8443
19397.0,0.3844,0.4015,0.7859
19398.0,0.4731,0.4062,0.8793
19399.0,0.5019,0.4024,0.9043
19400.0,0.4983,0.4029,0.9012
19401.0,0.414,0.4263,0.8403
19402.0,0.4875,0.3952,0.8827
19403.0,0.4921,0.4189,0.911
19404.0,0.0009,0.0262,0.027100000000000003
19405.0,0.4635,0.4094,0.8729
19406.0,0.5584,0.3851,0.9435
19407.0,0.4694,0.4012,0.8706
19408.0,0.5238,0.4146,0.9384000000000001
19409.0,0.4127,0.3964,0.8090999999999999
19410.0,0.3892,0.3861,0.7753
19411.0,0.455,0.3989,0.8539
19412.0,0.3509,0.4288,0.7797000000000001
19413.0,0.4009,0.4029,0.8038
19414.0,0.3414,0.4049,0.7463
19415.0,0.4687,0.4021,0.8708
19416.0,0.3767,0.3975,0.7742
19417.0,0.4184,0.4049,0.8232999999999999
19418.0,0.0085,0.1449,0.1534
19419.0,0.5922,0.4049,0.9970999999999999
19420.0,0.4188,0.4025,0.8213
19421.0,0.4034,0.4295,0.8329
19422.0,0.4166,0.4232,0.8398000000000001
19423.0,0.6071,0.4245,1.0316
19424.0,0.4629,0.4182,0.8811
19425.0,0.4549,0.4147,0.8696
19426.0,0.4159,0.3903,0.8062
19427.0,0.3634,0.3901,0.7535000000000001
19428.0,0.3396,0.3841,0.7237
19429.0,0.4833,0.4083,0.8916
19430.0,0.5441,0.4243,0.9684
19431.0,0.7862,0.3732,1.1594
19432.0,0.001,0.0672,0.0682
19433.0,0.5659,0.379,0.9449
19434.0,0.412,0.4052,0.8171999999999999
19435.0,0.5632,0.3879,0.9511000000000001
19436.0,0.4775,0.4101,0.8876
19437.0,0.5949,0.4256,1.0205
19438.0,0.4573,0.4091,0.8664000000000001
19439.0,0.4257,0.3929,0.8186
19440.0,0.5745,0.421,0.9955
19441.0,0.6009,0.3965,0.9974000000000001
19442.0,0.4414,0.4095,0.8509
19443.0,0.3835,0.3691,0.7525999999999999
19444.0,0.3647,0.3953,0.76
19445.0,0.5119,0.3978,0.9097
19446.0,0.0237,0.0951,0.1188
19447.0,0.4833,0.4047,0.888
19448.0,0.412,0.4083,0.8203
19449.0,0.4917,0.4082,0.8999
19450.0,0.337,0.3912,0.7282
19451.0,0.3844,0.4001,0.7845
19452.0,0.5701,0.4307,1.0008000000000001
19453.0,0.4645,0.4001,0.8646
19454.0,0.4085,0.3953,0.8038
19455.0,0.43,0.409,0.839
19456.0,0.3485,0.395,0.7435
19457.0,0.3944,0.3962,0.7906
19458.0,0.4068,0.3993,0.8061
19459.0,0.5216,0.4161,0.9377
19460.0,0.0012,0.3901,0.3913
19461.0,0.4213,0.3888,0.8101
19462.0,0.4779,0.4114,0.8893
19463.0,0.5728,0.4268,0.9996
19464.0,0.5129,0.4098,0.9227000000000001
19465.0,0.3195,0.4135,0.733
19466.0,0.3899,0.4101,0.8
19467.0,0.51,0.4212,0.9312
19468.0,0.4209,0.4151,0.8360000000000001
19469.0,0.5864,0.432,1.0184
19470.0,0.3389,0.4412,0.7801
19471.0,0.4119,0.4331,0.845
19472.0,0.4189,0.4104,0.8292999999999999
19473.0,0.492,0.4219,0.9138999999999999
19474.0,0.0626,0.6515,0.7141
19475.0,0.3254,0.4075,0.7329
19476.0,0.4747,0.4108,0.8855
19477.0,0.431,0.4058,0.8368
19478.0,0.4694,0.4346,0.9039999999999999
19479.0,0.3718,0.4153,0.7871
19480.0,0.3603,0.3972,0.7575000000000001
19481.0,0.3936,0.3976,0.7912
19482.0,0.4821,0.4256,0.9077
19483.0,0.4229,0.4026,0.8255
19484.0,0.3854,0.4023,0.7877000000000001
19485.0,0.4535,0.3949,0.8484
19486.0,0.3649,0.4115,0.7764
19487.0,0.3584,0.4082,0.7666
19488.0,0.1602,0.3965,0.5567
19489.0,0.4328,0.3868,0.8196
19490.0,0.4416,0.3855,0.8271
19491.0,0.4287,0.4342,0.8629
19492.0,0.515,0.4173,0.9323
19493.0,0.3956,0.4117,0.8073
19494.0,0.5064,0.3945,0.9009
19495.0,0.382,0.4023,0.7843
19496.0,0.3961,0.3889,0.785
19497.0,0.4402,0.4273,0.8674999999999999
19498.0,0.3554,0.4173,0.7726999999999999
19499.0,0.3229,0.3896,0.7125
19500.0,0.4764,0.3936,0.87
19501.0,0.465,0.4002,0.8652
19502.0,0.017,0.7144,0.7314
19503.0,0.3852,0.4189,0.8041
19504.0,0.6288,0.4279,1.0567
19505.0,0.5055,0.4202,0.9257
19506.0,0.3486,0.4092,0.7578
19507.0,0.6999,0.4068,1.1067
19508.0,0.5433,0.4283,0.9716
19509.0,0.4584,0.4089,0.8673
19510.0,0.4042,0.3764,0.7806
19511.0,0.4181,0.4035,0.8216000000000001
19512.0,0.3204,0.3986,0.7190000000000001
19513.0,0.5966,0.4154,1.012
19514.0,0.4176,0.3949,0.8125
19515.0,0.3822,0.4115,0.7937
19516.0,0.0025,0.1788,0.1813
19517.0,0.5183,0.4085,0.9268
19518.0,0.4288,0.4223,0.8511
19519.0,0.312,0.4034,0.7154
19520.0,0.3758,0.4158,0.7916000000000001
19521.0,0.42,0.4187,0.8387
19522.0,0.3661,0.4161,0.7822
19523.0,0.4105,0.4218,0.8323
19524.0,0.3649,0.3826,0.7475
19525.0,0.4111,0.4267,0.8378000000000001
19526.0,0.3954,0.3974,0.7928
19527.0,0.4406,0.4191,0.8596999999999999
19528.0,0.4626,0.4226,0.8852
19529.0,0.4847,0.3994,0.8841
19530.0,0.3405,0.2899,0.6304000000000001
19531.0,0.4266,0.4188,0.8453999999999999
19532.0,0.36,0.406,0.766
19533.0,0.6299,0.4239,1.0538
19534.0,0.5107,0.4111,0.9218000000000001
19535.0,0.4265,0.4277,0.8542000000000001
19536.0,0.3226,0.4258,0.7484
19537.0,0.4045,0.3852,0.7897000000000001
19538.0,0.5248,0.4158,0.9406000000000001
19539.0,0.4001,0.4184,0.8185
19540.0,0.4698,0.4215,0.8913
19541.0,0.4167,0.3935,0.8102
19542.0,0.4417,0.3795,0.8211999999999999
19543.0,0.4712,0.409,0.8802
19544.0,0.0651,0.2655,0.3306
19545.0,0.4223,0.4078,0.8301000000000001
19546.0,0.3721,0.3922,0.7643
19547.0,0.4238,0.3983,0.8221
19548.0,0.3613,0.4099,0.7712
19549.0,0.4341,0.436,0.8701
19550.0,0.5423,0.4152,0.9575
19551.0,0.594,0.3872,0.9812
19552.0,0.411,0.398,0.8089999999999999
19553.0,0.3478,0.3858,0.7336
19554.0,0.466,0.4,0.8660000000000001
19555.0,0.3857,0.4063,0.792
19556.0,0.5528,0.3964,0.9491999999999999
19557.0,0.4588,0.4082,0.867
19558.0,0.0087,0.105,0.1137
19559.0,0.7119,0.4149,1.1268
19560.0,0.5553,0.3865,0.9418
19561.0,0.3899,0.3954,0.7853
19562.0,0.5806,0.3923,0.9729
19563.0,0.4255,0.3966,0.8221
19564.0,0.5186,0.3886,0.9072
19565.0,0.3279,0.3808,0.7087000000000001
19566.0,0.4453,0.3976,0.8429
19567.0,0.4746,0.4075,0.8821
19568.0,0.4177,0.403,0.8207
19569.0,0.5096,0.3913,0.9009
19570.0,0.4188,0.3989,0.8177
19571.0,0.9585,0.3866,1.3451
19572.0,0.3869,0.6239,1.0108000000000001
19573.0,0.3868,0.3981,0.7848999999999999
19574.0,0.4283,0.402,0.8303
19575.0,0.9869,0.3947,1.3816
19576.0,0.446,0.4283,0.8743000000000001
19577.0,0.4457,0.4072,0.8529
19578.0,0.5047,0.4309,0.9356
19579.0,0.405,0.4151,0.8201
19580.0,0.4928,0.396,0.8888
19581.0,0.638,0.4131,1.0511
19582.0,0.6775,0.4295,1.107
19583.0,0.4895,0.4044,0.8938999999999999
19584.0,0.4319,0.4031,0.835
19585.0,0.4784,0.4185,0.8969
19586.0,0.0006,0.5688,0.5694
19587.0,0.4044,0.4231,0.8274999999999999
19588.0,0.4629,0.3973,0.8602
19589.0,0.3955,0.4204,0.8159000000000001
19590.0,0.5335,0.4067,0.9401999999999999
19591.0,0.3593,0.4158,0.7751
19592.0,0.5662,0.4133,0.9795
19593.0,0.4399,0.4066,0.8465
19594.0,0.3725,0.4178,0.7903
19595.0,0.377,0.4134,0.7904
19596.0,0.5074,0.3939,0.9013
19597.0,0.3806,0.4293,0.8099000000000001
19598.0,0.5569,0.4109,0.9678
19599.0,0.3956,0.3952,0.7908
19600.0,0.9974,0.2582,1.2555999999999998
19601.0,0.4314,0.4168,0.8482000000000001
19602.0,0.4068,0.3965,0.8033
19603.0,0.468,0.4256,0.8936
19604.0,0.445,0.4276,0.8726
19605.0,0.4898,0.4153,0.9051
19606.0,0.5006,0.4337,0.9343
19607.0,0.5887,0.4091,0.9978
19608.0,0.388,0.4177,0.8057000000000001
19609.0,0.555,0.4269,0.9819
19610.0,0.4435,0.403,0.8465
19611.0,0.4606,0.4336,0.8942
19612.0,0.4899,0.3933,0.8832
19613.0,0.4181,0.4165,0.8346
19614.0,0.0912,0.1102,0.20140000000000002
19615.0,0.5751,0.4225,0.9975999999999999
19616.0,0.5747,0.4208,0.9955
19617.0,0.4513,0.399,0.8503000000000001
19618.0,0.4986,0.4066,0.9052
19619.0,0.5062,0.4115,0.9177
19620.0,0.7524,0.3923,1.1446999999999998
19621.0,0.3957,0.3993,0.7949999999999999
19622.0,0.4592,0.4071,0.8663000000000001
19623.0,0.4408,0.4017,0.8425
19624.0,0.3924,0.41,0.8024
19625.0,0.4237,0.3954,0.8190999999999999
19626.0,0.4632,0.4016,0.8648
19627.0,0.5166,0.4095,0.9260999999999999
19628.0,0.0,0.0542,0.0542
19629.0,0.3943,0.4131,0.8074
19630.0,0.3724,0.3925,0.7649
19631.0,0.5312,0.4032,0.9344
19632.0,0.4701,0.4155,0.8855999999999999
19633.0,0.547,0.4093,0.9563
19634.0,0.8228,0.4055,1.2283
19635.0,0.5116,0.4187,0.9303000000000001
19636.0,0.4723,0.4323,0.9046000000000001
19637.0,0.3769,0.4156,0.7925
19638.0,0.4351,0.4038,0.8389
19639.0,0.4726,0.4318,0.9044000000000001
19640.0,0.5348,0.4044,0.9392
19641.0,0.4467,0.4156,0.8623000000000001
19642.0,0.0027,0.2656,0.2683
19643.0,0.4071,0.3956,0.8027
19644.0,0.4045,0.4233,0.8278000000000001
19645.0,0.4295,0.4209,0.8504
19646.0,0.4978,0.4351,0.9329000000000001
19647.0,0.5758,0.4108,0.9865999999999999
19648.0,0.4492,0.4136,0.8628
19649.0,0.4634,0.4029,0.8663
19650.0,0.4304,0.4139,0.8443
19651.0,0.3852,0.3875,0.7726999999999999
19652.0,0.3723,0.3912,0.7635000000000001
19653.0,0.3635,0.3975,0.761
19654.0,0.543,0.419,0.962
19655.0,0.4451,0.4353,0.8804000000000001
19656.0,0.0071,0.1743,0.1814
19657.0,0.35,0.4194,0.7694
19658.0,0.4633,0.4209,0.8842
19659.0,0.5433,0.4376,0.9809
19660.0,0.4316,0.4224,0.854
19661.0,0.56,0.3991,0.9591000000000001
19662.0,0.3958,0.3998,0.7956
19663.0,0.5229,0.4095,0.9324
19664.0,0.4232,0.3846,0.8078000000000001
19665.0,0.4944,0.4173,0.9117
19666.0,0.3934,0.4171,0.8105
19667.0,0.4337,0.4048,0.8385
19668.0,0.4322,0.4037,0.8359
19669.0,0.4346,0.4271,0.8616999999999999
19670.0,0.0089,0.0848,0.0937
19671.0,0.5457,0.3911,0.9368
19672.0,0.412,0.4031,0.8150999999999999
19673.0,0.4202,0.4062,0.8264
19674.0,0.4312,0.4266,0.8578
19675.0,0.5613,0.4173,0.9786
19676.0,0.406,0.4089,0.8149
19677.0,0.4641,0.3993,0.8634
19678.0,0.4054,0.4076,0.813
19679.0,0.396,0.3954,0.7914
19680.0,0.5169,0.4011,0.918
19681.0,0.3823,0.4017,0.784
19682.0,0.379,0.4125,0.7915
19683.0,0.3185,0.4113,0.7298
19684.0,0.0164,0.2629,0.27930000000000005
19685.0,0.4886,0.4219,0.9105
19686.0,0.347,0.405,0.752
19687.0,0.4189,0.4211,0.84
19688.0,0.3917,0.4045,0.7962
19689.0,0.3932,0.391,0.7842
19690.0,0.4216,0.4057,0.8272999999999999
19691.0,0.4412,0.3904,0.8316
19692.0,0.5113,0.391,0.9023
19693.0,0.4566,0.3849,0.8415
19694.0,0.4738,0.4008,0.8746
19695.0,0.4976,0.3765,0.8741
19696.0,0.4345,0.3979,0.8324
19697.0,0.3885,0.3969,0.7854
19698.0,0.0178,1.6365,1.6543
19699.0,0.4998,0.4153,0.9151
19700.0,0.4812,0.4076,0.8888
19701.0,0.4432,0.4139,0.8571
19702.0,0.4359,0.4312,0.8671
19703.0,0.4655,0.4211,0.8866
19704.0,0.3947,0.4156,0.8103
19705.0,0.7053,0.4171,1.1224
19706.0,0.346,0.4142,0.7602
19707.0,0.4672,0.4224,0.8896
19708.0,0.3629,0.4057,0.7686
19709.0,0.3898,0.4252,0.815
19710.0,0.4342,0.4144,0.8486
19711.0,0.4348,0.3971,0.8319000000000001
19712.0,0.0218,1.1698,1.1916
19713.0,0.5617,0.3975,0.9592
19714.0,0.3509,0.4077,0.7585999999999999
19715.0,0.3648,0.4617,0.8265
19716.0,0.504,0.4273,0.9313
19717.0,0.416,0.4187,0.8347
19718.0,0.4351,0.4367,0.8717999999999999
19719.0,0.4636,0.4304,0.894
19720.0,0.4637,0.4223,0.886
19721.0,0.4401,0.4052,0.8452999999999999
19722.0,0.4524,0.4201,0.8725
19723.0,0.428,0.3974,0.8253999999999999
19724.0,0.3639,0.4291,0.7929999999999999
19725.0,0.3316,0.4291,0.7606999999999999
19726.0,1.1489,1.2365,2.3853999999999997
19727.0,0.4245,0.4247,0.8492
19728.0,0.4469,0.4282,0.8751
19729.0,0.4608,0.4479,0.9087000000000001
19730.0,0.4959,0.4365,0.9324
19731.0,0.6118,0.4521,1.0639
19732.0,0.5863,0.4226,1.0089000000000001
19733.0,0.4208,0.4097,0.8305
19734.0,0.6438,0.4278,1.0716
19735.0,0.557,0.4145,0.9715
19736.0,0.4736,0.4092,0.8828
19737.0,0.5557,0.4533,1.009
19738.0,0.4196,0.4506,0.8702
19739.0,0.5927,0.4304,1.0231
19740.0,0.0001,0.0356,0.0357
19741.0,0.6654,0.4228,1.0882
19742.0,0.4111,0.4322,0.8432999999999999
19743.0,0.4572,0.4128,0.87
19744.0,0.3582,0.4138,0.772
19745.0,0.4937,0.4055,0.8992
19746.0,0.5362,0.4116,0.9478
19747.0,0.4521,0.4137,0.8658
19748.0,0.4324,0.3924,0.8248
19749.0,0.3795,0.4013,0.7807999999999999
19750.0,0.3994,0.3925,0.7919
19751.0,0.3559,0.412,0.7679
19752.0,0.4718,0.4129,0.8847
19753.0,0.4376,0.4123,0.8499
19754.0,1.8005,0.5066,2.3071
19755.0,0.4007,0.3963,0.7969999999999999
19756.0,0.3707,0.4271,0.7978
19757.0,0.4175,0.4344,0.8519
19758.0,0.3057,0.4295,0.7352000000000001
19759.0,0.4188,0.4297,0.8485
19760.0,0.4673,0.4329,0.9002
19761.0,0.5298,0.4117,0.9415
19762.0,0.5233,0.4478,0.9711
19763.0,0.4364,0.4229,0.8593
19764.0,0.3515,0.4166,0.7681
19765.0,0.5717,0.4401,1.0118
19766.0,0.4577,0.424,0.8816999999999999
19767.0,0.3739,0.4141,0.788
19768.0,0.2152,0.3567,0.5719000000000001
19769.0,0.3731,0.426,0.7990999999999999
19770.0,0.5433,0.4416,0.9849
19771.0,0.4193,0.4157,0.835
19772.0,0.4109,0.4231,0.834
19773.0,0.4562,0.4122,0.8684000000000001
19774.0,0.4193,0.4112,0.8305
19775.0,0.3716,0.4067,0.7783
19776.0,0.4645,0.4302,0.8947
19777.0,0.4221,0.4171,0.8392
19778.0,0.5083,0.4208,0.9291
19779.0,0.6544,0.4188,1.0732
19780.0,0.4831,0.4228,0.9058999999999999
19781.0,0.584,0.4192,1.0032
19782.0,0.1671,0.0659,0.23299999999999998
19783.0,0.4394,0.4074,0.8468
19784.0,0.4585,0.4095,0.868
19785.0,0.3575,0.4074,0.7648999999999999
19786.0,0.4362,0.4009,0.8371
19787.0,0.4805,0.4037,0.8842
19788.0,0.5072,0.4161,0.9233
19789.0,0.4925,0.4049,0.8974
19790.0,0.4207,0.4143,0.835
19791.0,0.3275,0.4137,0.7412000000000001
19792.0,0.4706,0.3733,0.8439000000000001
19793.0,0.4644,0.405,0.8694
19794.0,0.4219,0.4064,0.8283
19795.0,0.3983,0.4222,0.8205
19796.0,0.0296,0.3673,0.39690000000000003
19797.0,0.5066,0.4346,0.9412
19798.0,0.4017,0.4242,0.8259000000000001
19799.0,0.3888,0.4151,0.8039000000000001
19800.0,0.4638,0.4175,0.8813
19801.0,0.5178,0.4093,0.9271
19802.0,0.429,0.4118,0.8408
19803.0,0.3995,0.4105,0.81
19804.0,0.3822,0.3989,0.7810999999999999
19805.0,0.5426,0.4023,0.9449
19806.0,0.4027,0.393,0.7957000000000001
19807.0,0.449,0.4134,0.8624
19808.0,0.4688,0.3959,0.8647
19809.0,0.3904,0.3919,0.7823
19810.0,0.1193,0.326,0.44530000000000003
19811.0,0.4068,0.4256,0.8324
19812.0,0.454,0.4213,0.8753
19813.0,0.3493,0.3968,0.7461
19814.0,0.4497,0.418,0.8676999999999999
19815.0,0.3964,0.4131,0.8095
19816.0,0.6207,0.4133,1.034
19817.0,0.4587,0.3948,0.8534999999999999
19818.0,0.7184,0.3859,1.1043
19819.0,0.4902,0.4151,0.9053
19820.0,0.3471,0.404,0.7511000000000001
19821.0,0.5015,0.4094,0.9108999999999999
19822.0,0.581,0.4175,0.9984999999999999
19823.0,0.4917,0.413,0.9047000000000001
19824.0,0.0303,1.5631,1.5934
19825.0,0.389,0.415,0.804
19826.0,0.4552,0.4096,0.8648
19827.0,0.4443,0.4006,0.8449
19828.0,0.3358,0.4093,0.7451
19829.0,0.4358,0.4204,0.8562000000000001
19830.0,0.4284,0.4127,0.8411
19831.0,0.4542,0.4216,0.8757999999999999
19832.0,0.4532,0.3827,0.8359
19833.0,0.4056,0.3895,0.7951
19834.0,0.5651,0.4022,0.9673
19835.0,0.4979,0.4009,0.8988
19836.0,0.7049,0.4062,1.1111
19837.0,0.3805,0.3929,0.7734000000000001
19838.0,0.0023,0.4553,0.4576
19839.0,0.4885,0.4005,0.889
19840.0,0.5241,0.4007,0.9248000000000001
19841.0,0.3201,0.4212,0.7413000000000001
19842.0,0.3894,0.4097,0.7991
19843.0,0.4463,0.4021,0.8484
19844.0,0.4971,0.3984,0.8955
19845.0,0.437,0.4017,0.8387
19846.0,0.3989,0.3995,0.7984
19847.0,0.4357,0.3972,0.8329
19848.0,0.3932,0.3851,0.7783
19849.0,0.345,0.3823,0.7273
19850.0,0.441,0.403,0.8440000000000001
19851.0,0.4486,0.4025,0.8511
19852.0,0.2944,0.3576,0.6519999999999999
19853.0,0.4934,0.39,0.8834
19854.0,0.5371,0.4192,0.9563
19855.0,0.4636,0.4035,0.8671
19856.0,0.5038,0.4005,0.9043000000000001
19857.0,0.481,0.4151,0.8961
19858.0,0.4821,0.399,0.8811
19859.0,0.5292,0.3891,0.9183
19860.0,0.3937,0.406,0.7997000000000001
19861.0,0.5708,0.3856,0.9563999999999999
19862.0,0.4116,0.4219,0.8335
19863.0,0.4945,0.4241,0.9186
19864.0,0.445,0.4063,0.8513
19865.0,0.5433,0.4033,0.9466
19866.0,1.9835,0.3663,2.3498
19867.0,0.4012,0.4051,0.8063
19868.0,0.401,0.4134,0.8144
19869.0,0.4841,0.4027,0.8868
19870.0,0.4288,0.3968,0.8256
19871.0,0.4525,0.4205,0.873
19872.0,0.5073,0.4153,0.9226
19873.0,0.5346,0.404,0.9386
19874.0,0.5435,0.4203,0.9638
19875.0,0.5864,0.4004,0.9868
19876.0,0.3912,0.402,0.7932
19877.0,0.4724,0.4059,0.8783
19878.0,0.4011,0.4206,0.8217
19879.0,0.414,0.4315,0.8454999999999999
19880.0,0.1754,0.2807,0.4561
19881.0,0.3507,0.3996,0.7503
19882.0,0.4307,0.3933,0.8240000000000001
19883.0,0.4328,0.4263,0.8591
19884.0,0.3515,0.4267,0.7782
19885.0,0.3633,0.4094,0.7726999999999999
19886.0,0.4478,0.4209,0.8687
19887.0,0.4992,0.386,0.8852
19888.0,0.5086,0.4079,0.9165000000000001
19889.0,0.5131,0.4049,0.9179999999999999
19890.0,0.3756,0.4049,0.7805
19891.0,0.373,0.3845,0.7575000000000001
19892.0,0.4829,0.4107,0.8936
19893.0,0.9521,0.4027,1.3548
19894.0,0.0211,0.1255,0.1466
19895.0,0.5711,0.3938,0.9649000000000001
19896.0,0.4946,0.3934,0.888
19897.0,0.494,0.3985,0.8925000000000001
19898.0,0.3566,0.4183,0.7748999999999999
19899.0,0.4416,0.4151,0.8567
19900.0,0.3855,0.4101,0.7956000000000001
19901.0,0.5847,0.3966,0.9813000000000001
19902.0,0.4784,0.4193,0.8976999999999999
19903.0,0.3834,0.3942,0.7776000000000001
19904.0,0.4151,0.4003,0.8154
19905.0,0.5253,0.4001,0.9254
19906.0,0.3786,0.402,0.7806
19907.0,0.5,0.4079,0.9078999999999999
19908.0,0.5714,0.4934,1.0648
19909.0,0.5422,0.4158,0.958
19910.0,0.4913,0.4184,0.9097
19911.0,0.4351,0.4115,0.8466
19912.0,0.4865,0.392,0.8785000000000001
19913.0,0.4425,0.4078,0.8503000000000001
19914.0,0.4719,0.4278,0.8996999999999999
19915.0,0.4628,0.4059,0.8687
19916.0,0.3205,0.3923,0.7128
19917.0,0.4593,0.4071,0.8664000000000001
19918.0,0.3479,0.3946,0.7424999999999999
19919.0,0.4687,0.4008,0.8694999999999999
19920.0,1.2488,0.4095,1.6582999999999999
19921.0,0.4687,0.4176,0.8863000000000001
19922.0,0.0372,0.7494,0.7866
19923.0,0.4289,0.3958,0.8247
19924.0,0.3866,0.4093,0.7959
19925.0,0.4648,0.4131,0.8779
19926.0,0.4594,0.4055,0.8649
19927.0,0.4816,0.4092,0.8908
19928.0,0.4016,0.3959,0.7975
19929.0,0.4189,0.4301,0.849
19930.0,0.3925,0.3935,0.786
19931.0,0.5066,0.419,0.9256
19932.0,0.3932,0.4363,0.8295
19933.0,0.4238,0.4272,0.851
19934.0,0.3958,0.4133,0.8090999999999999
19935.0,0.3505,0.3938,0.7443
19936.0,0.0012,1.6184,1.6196000000000002
19937.0,0.3891,0.3989,0.788
19938.0,0.4037,0.3995,0.8032
19939.0,0.4535,0.4136,0.8671
19940.0,0.4468,0.4173,0.8641
19941.0,0.4303,0.4361,0.8664000000000001
19942.0,0.3812,0.4312,0.8124
19943.0,0.4876,0.4156,0.9032
19944.0,0.4525,0.4257,0.8782000000000001
19945.0,0.3973,0.425,0.8223
19946.0,0.353,0.4262,0.7792
19947.0,0.3735,0.4309,0.8044
19948.0,0.4609,0.4325,0.8934
19949.0,0.486,0.4112,0.8972
19950.0,0.2497,0.0702,0.3199
19951.0,0.4702,0.3824,0.8526
19952.0,0.3764,0.3921,0.7685
19953.0,0.3982,0.4188,0.817
19954.0,0.3676,0.401,0.7686
19955.0,0.3954,0.4104,0.8058
19956.0,0.4577,0.4176,0.8753
19957.0,0.4782,0.4052,0.8834
19958.0,0.4998,0.4035,0.9033
19959.0,0.4485,0.412,0.8605
19960.0,0.3772,0.4035,0.7807
19961.0,0.9535,0.4269,1.3804
19962.0,0.4483,0.4143,0.8626
19963.0,0.4603,0.3965,0.8568
19964.0,0.2962,0.8937,1.1899000000000002
19965.0,0.5241,0.4079,0.9319999999999999
19966.0,0.5131,0.4047,0.9178
19967.0,0.372,0.3956,0.7676000000000001
19968.0,0.4779,0.4022,0.8801
19969.0,0.6034,0.4315,1.0349
19970.0,0.621,0.3921,1.0131000000000001
19971.0,0.4368,0.3815,0.8183
19972.0,0.4282,0.3922,0.8204
19973.0,0.4121,0.3968,0.8089
19974.0,0.3967,0.406,0.8027
19975.0,0.3947,0.4072,0.8019000000000001
19976.0,0.4736,0.3935,0.8671
19977.0,0.5714,0.3889,0.9603
19978.0,0.0377,0.0615,0.0992
19979.0,0.5219,0.4008,0.9227000000000001
19980.0,0.4974,0.3969,0.8943
19981.0,0.386,0.3973,0.7833
19982.0,0.3847,0.4056,0.7903
19983.0,0.4586,0.4037,0.8623000000000001
19984.0,0.3861,0.4184,0.8045
19985.0,0.3641,0.4149,0.7789999999999999
19986.0,0.3998,0.4149,0.8147
19987.0,0.4364,0.399,0.8354
19988.0,0.4473,0.4087,0.856
19989.0,0.41,0.3811,0.7910999999999999
19990.0,0.3921,0.3888,0.7808999999999999
19991.0,0.5281,0.3905,0.9186000000000001
19992.0,0.1065,0.1193,0.2258
19993.0,0.4786,0.3883,0.8669
19994.0,0.4107,0.3961,0.8068
19995.0,0.3363,0.3997,0.736
19996.0,0.3891,0.3847,0.7738
19997.0,0.7329,0.3882,1.1211
19998.0,0.4109,0.401,0.8119000000000001
19999.0,0.3051,0.3909,0.696
20000.0,0.5103,0.376,0.8863
20001.0,0.3844,0.385,0.7694000000000001
20002.0,0.5711,0.428,0.9991000000000001
20003.0,0.6266,0.4022,1.0288
20004.0,0.4172,0.4197,0.8369
20005.0,0.3915,0.3895,0.781
20006.0,0.1316,2.108,2.2396000000000003
20007.0,0.426,0.4171,0.8431
20008.0,0.4833,0.3921,0.8754
20009.0,0.3989,0.3985,0.7974
20010.0,0.4546,0.4187,0.8733
20011.0,0.4114,0.4025,0.8139000000000001
20012.0,0.6153,0.4062,1.0215
20013.0,0.4523,0.4088,0.8611
20014.0,0.5202,0.3926,0.9128000000000001
20015.0,0.5374,0.4105,0.9479
20016.0,0.3827,0.3985,0.7812
20017.0,0.4984,0.4189,0.9173
20018.0,0.4556,0.4137,0.8693
20019.0,0.3945,0.4227,0.8172
20020.0,0.0255,0.0809,0.1064
20021.0,0.4865,0.4107,0.8972
20022.0,0.4363,0.4167,0.853
20023.0,1.3167,0.4205,1.7372
20024.0,0.3212,0.4174,0.7385999999999999
20025.0,0.6617,0.4094,1.0711
20026.0,0.4036,0.3969,0.8005
20027.0,0.6145,0.4212,1.0357
20028.0,0.4853,0.4064,0.8916999999999999
20029.0,0.3625,0.4019,0.7644
20030.0,0.3711,0.399,0.7701
20031.0,0.4193,0.3894,0.8087
20032.0,0.4714,0.3953,0.8667
20033.0,0.4853,0.388,0.8733
20034.0,0.1193,0.1215,0.24080000000000001
20035.0,0.4036,0.4095,0.8130999999999999
20036.0,0.5804,0.3989,0.9793000000000001
20037.0,0.4464,0.4183,0.8647
20038.0,0.4203,0.408,0.8283
20039.0,0.4975,0.4028,0.9003
20040.0,0.4401,0.3759,0.8160000000000001
20041.0,0.3862,0.4021,0.7883
20042.0,0.4478,0.3794,0.8271999999999999
20043.0,0.5547,0.3817,0.9363999999999999
20044.0,0.3722,0.4113,0.7835
20045.0,0.3886,0.3951,0.7837000000000001
20046.0,0.3988,0.4029,0.8017
20047.0,0.3986,0.3938,0.7924
20048.0,0.4078,1.0642,1.472
20049.0,0.4634,0.4025,0.8659
20050.0,0.3976,0.4157,0.8133
20051.0,0.4693,0.4169,0.8862
20052.0,0.4609,0.3877,0.8486
20053.0,0.5168,0.4175,0.9343
20054.0,0.4575,0.4266,0.8841
20055.0,0.369,0.4193,0.7883
20056.0,0.6665,0.4055,1.072
20057.0,0.3886,0.3858,0.7744
20058.0,0.3842,0.3922,0.7764
20059.0,0.4502,0.3956,0.8458
20060.0,0.4104,0.4073,0.8177
20061.0,0.4571,0.4002,0.8573
20062.0,0.1427,0.1326,0.2753
20063.0,0.3136,0.4086,0.7222
20064.0,0.4674,0.4038,0.8712
20065.0,0.455,0.4019,0.8569
20066.0,0.5851,0.429,1.0141
20067.0,0.3,0.4074,0.7074
20068.0,0.3982,0.4048,0.8029999999999999
20069.0,0.5775,0.4175,0.995
20070.0,0.3789,0.3993,0.7782
20071.0,0.5287,0.4209,0.9496
20072.0,0.371,0.3918,0.7627999999999999
20073.0,0.3954,0.4167,0.8121
20074.0,0.4412,0.411,0.8522
20075.0,0.5385,0.3879,0.9264
20076.0,0.0457,0.4021,0.44780000000000003
20077.0,0.6288,0.4158,1.0446
20078.0,0.4541,0.4246,0.8787
20079.0,0.4216,0.4081,0.8297
20080.0,0.4806,0.431,0.9116
20081.0,0.4511,0.4323,0.8834
20082.0,0.3735,0.4128,0.7863
20083.0,0.4152,0.4259,0.8411
20084.0,0.4956,0.4011,0.8967
20085.0,0.4077,0.3902,0.7979
20086.0,0.3628,0.3905,0.7533000000000001
20087.0,0.5183,0.4298,0.9480999999999999
20088.0,0.4527,0.411,0.8636999999999999
20089.0,0.5072,0.3886,0.8957999999999999
20090.0,0.0007,0.9396,0.9403
20091.0,0.3474,0.4175,0.7648999999999999
20092.0,0.4661,0.4007,0.8668
20093.0,0.4403,0.4397,0.88
20094.0,0.4113,0.4487,0.86
20095.0,0.4703,0.4603,0.9306
20096.0,0.8764,0.4295,1.3058999999999998
20097.0,0.5837,0.4247,1.0084
20098.0,0.5006,0.4181,0.9187000000000001
20099.0,0.4905,0.3992,0.8896999999999999
20100.0,0.419,0.4141,0.8331
20101.0,0.3361,0.4323,0.7684
20102.0,0.4316,0.4229,0.8545
20103.0,0.4407,0.4317,0.8724
20104.0,0.3349,0.3671,0.702
20105.0,0.3575,0.4193,0.7767999999999999
20106.0,0.4783,0.4205,0.8988
20107.0,0.4395,0.4177,0.8572
20108.0,0.5084,0.4203,0.9287
20109.0,0.5161,0.4357,0.9518
20110.0,0.5022,0.4292,0.9314
20111.0,0.3879,0.4238,0.8117000000000001
20112.0,0.4194,0.4193,0.8387
20113.0,0.3783,0.3979,0.7762
20114.0,0.3263,0.4036,0.7299
20115.0,0.5936,0.4287,1.0223
20116.0,0.4385,0.3979,0.8364
20117.0,0.3687,0.4027,0.7714000000000001
20118.0,-0.0,0.0182,0.0182
20119.0,0.6573,0.4228,1.0801
20120.0,0.5379,0.4082,0.9461
20121.0,0.4112,0.4008,0.812
20122.0,0.3829,0.3979,0.7807999999999999
20123.0,0.4222,0.3956,0.8178000000000001
20124.0,0.5117,0.4137,0.9254
20125.0,0.4072,0.4285,0.8357
20126.0,0.5292,0.4035,0.9327000000000001
20127.0,0.4463,0.4007,0.847
20128.0,0.3874,0.3964,0.7838
20129.0,0.3881,0.4022,0.7903
20130.0,0.4017,0.3925,0.7942
20131.0,0.4674,0.3952,0.8626
20132.0,0.5879,0.8431,1.431
20133.0,0.5083,0.4069,0.9152
20134.0,0.5223,0.4095,0.9318
20135.0,0.412,0.4299,0.8419
20136.0,0.4075,0.4341,0.8415999999999999
20137.0,0.4958,0.418,0.9138
20138.0,0.4194,0.4259,0.8452999999999999
20139.0,0.489,0.4062,0.8952
20140.0,0.4507,0.4079,0.8586
20141.0,0.439,0.4094,0.8484
20142.0,0.426,0.3981,0.8241
20143.0,0.4407,0.4133,0.854
20144.0,0.4497,0.4108,0.8605
20145.0,0.4226,0.4144,0.837
20146.0,0.043,0.3725,0.4155
20147.0,0.4456,0.4416,0.8872
20148.0,0.4103,0.4207,0.831
20149.0,0.477,0.4308,0.9077999999999999
20150.0,0.8279,0.4258,1.2537
20151.0,0.4353,0.414,0.8492999999999999
20152.0,0.4486,0.4084,0.857
20153.0,1.0747,0.4107,1.4854
20154.0,0.4537,0.4145,0.8682
20155.0,0.4114,0.4051,0.8165
20156.0,0.3649,0.4035,0.7684
20157.0,0.3869,0.3986,0.7855000000000001
20158.0,0.3637,0.4181,0.7818
20159.0,0.3499,0.4049,0.7547999999999999
20160.0,0.0008,0.0483,0.049100000000000005
20161.0,0.4201,0.4129,0.833
20162.0,0.504,0.4065,0.9105
20163.0,0.3523,0.4069,0.7592
20164.0,0.4645,0.4192,0.8837
20165.0,0.5355,0.3933,0.9288
20166.0,0.4217,0.4122,0.8339000000000001
20167.0,0.5,0.4231,0.9231
20168.0,0.3859,0.4212,0.8071
20169.0,0.5285,0.3986,0.9271
20170.0,0.3788,0.4045,0.7833000000000001
20171.0,0.3868,0.4082,0.7949999999999999
20172.0,0.3762,0.4057,0.7819
20173.0,0.5023,0.3868,0.8891
20174.0,0.0002,0.0284,0.0286
20175.0,0.3851,0.4005,0.7856000000000001
20176.0,0.4335,0.4032,0.8367
20177.0,0.3581,0.3901,0.7482
20178.0,0.4657,0.3869,0.8526
20179.0,0.3885,0.4109,0.7994
20180.0,0.3498,0.3999,0.7497
20181.0,0.3482,0.3857,0.7339
20182.0,0.4863,0.401,0.8873
20183.0,0.3362,0.4029,0.7391
20184.0,0.4173,0.4154,0.8327
20185.0,0.4474,0.3903,0.8377
20186.0,0.5258,0.3969,0.9227000000000001
20187.0,0.5609,0.401,0.9619
20188.0,0.0057,0.0138,0.0195
20189.0,0.3465,0.388,0.7344999999999999
20190.0,0.3622,0.3936,0.7558
20191.0,0.4386,0.3827,0.8212999999999999
20192.0,0.4609,0.3901,0.851
20193.0,0.5373,0.3886,0.9259
20194.0,0.5585,0.3849,0.9434
20195.0,0.4965,0.3924,0.8889
20196.0,0.3712,0.395,0.7662
20197.0,0.3765,0.3932,0.7697
20198.0,0.4365,0.4147,0.8512
20199.0,0.374,0.3945,0.7685
20200.0,0.3415,0.396,0.7375
20201.0,0.4511,0.3898,0.8409
20202.0,0.0067,0.0354,0.0421
20203.0,0.4469,0.3966,0.8435
20204.0,0.5235,0.3715,0.895
20205.0,0.4776,0.3788,0.8564
20206.0,0.4059,0.3923,0.7982
20207.0,0.6326,0.3901,1.0227
20208.0,0.3301,0.3733,0.7034
20209.0,0.3958,0.3682,0.764
20210.0,0.5767,0.3623,0.9390000000000001
20211.0,0.4788,0.4198,0.8986000000000001
20212.0,0.5949,0.3734,0.9682999999999999
20213.0,0.3798,0.3805,0.7603
20214.0,0.4775,0.4076,0.8851
20215.0,0.3506,0.4038,0.7544
20216.0,0.0452,0.1971,0.2423
20217.0,0.4012,0.3996,0.8008
20218.0,0.3562,0.3941,0.7503
20219.0,0.4354,0.4252,0.8606
20220.0,0.4823,0.4056,0.8879
20221.0,0.411,0.3756,0.7866
20222.0,0.381,0.4131,0.7941
20223.0,0.4285,0.39,0.8185
20224.0,0.5989,0.3968,0.9957
20225.0,0.398,0.3986,0.7966
20226.0,0.5183,0.4189,0.9372
20227.0,0.5437,0.4002,0.9439
20228.0,0.4607,0.3932,0.8539
20229.0,0.5044,0.3828,0.8872
20230.0,0.163,0.0754,0.2384
20231.0,0.5022,0.382,0.8842
20232.0,0.3348,0.4038,0.7385999999999999
20233.0,0.5123,0.4187,0.931
20234.0,0.4605,0.4043,0.8648
20235.0,0.8071,0.4091,1.2162000000000002
20236.0,0.3967,0.406,0.8027
20237.0,0.3964,0.3945,0.7908999999999999
20238.0,0.441,0.395,0.8360000000000001
20239.0,0.4259,0.3952,0.8210999999999999
20240.0,0.4968,0.4072,0.904
20241.0,0.3907,0.3867,0.7774
20242.0,0.4452,0.3881,0.8332999999999999
20243.0,0.4186,0.4086,0.8272
20244.0,0.8166,0.2176,1.0342
20245.0,0.5231,0.4101,0.9332
20246.0,0.4521,0.4061,0.8582000000000001
20247.0,0.3598,0.407,0.7667999999999999
20248.0,0.3962,0.4218,0.8180000000000001
20249.0,0.4071,0.395,0.8021
20250.0,0.4948,0.4082,0.903
20251.0,0.4567,0.4019,0.8586
20252.0,0.4992,0.4058,0.905
20253.0,0.5489,0.3848,0.9337
20254.0,0.3729,0.3781,0.751
20255.0,0.3552,0.3931,0.7483
20256.0,0.5764,0.4166,0.9930000000000001
20257.0,0.3712,0.3975,0.7686999999999999
20258.0,0.0143,0.1386,0.1529
20259.0,0.6148,0.4132,1.028
20260.0,0.4716,0.3869,0.8585
20261.0,0.3826,0.4206,0.8031999999999999
20262.0,0.5736,0.4103,0.9839
20263.0,0.3993,0.4011,0.8004
20264.0,0.351,0.4173,0.7683
20265.0,0.4278,0.4077,0.8355
20266.0,0.5947,0.4093,1.004
20267.0,0.4465,0.4231,0.8695999999999999
20268.0,0.4127,0.3975,0.8102
20269.0,0.3887,0.3963,0.7849999999999999
20270.0,0.3149,0.3645,0.6794
20271.0,0.3889,0.4076,0.7965
20272.0,0.4491,0.1002,0.5493
20273.0,0.4968,0.3828,0.8795999999999999
20274.0,0.4199,0.3796,0.7995
20275.0,0.5359,0.4047,0.9406000000000001
20276.0,0.5731,0.4051,0.9782000000000001
20277.0,0.4788,0.3895,0.8683000000000001
20278.0,0.4223,0.3874,0.8097000000000001
20279.0,0.4845,0.4233,0.9077999999999999
20280.0,0.3966,0.3803,0.7769
20281.0,0.3867,0.4024,0.7890999999999999
20282.0,0.4162,0.3822,0.7984
20283.0,0.4231,0.3825,0.8056
20284.0,0.4332,0.4023,0.8354999999999999
20285.0,0.4636,0.3946,0.8582000000000001
20286.0,0.3366,0.2091,0.5457000000000001
20287.0,0.3828,0.4173,0.8001
20288.0,0.6403,0.3803,1.0206
20289.0,0.4461,0.415,0.8611
20290.0,0.4532,0.4111,0.8643000000000001
20291.0,0.3531,0.389,0.7421
20292.0,0.4649,0.3939,0.8588
20293.0,0.4533,0.3881,0.8413999999999999
20294.0,0.4156,0.3853,0.8009
20295.0,0.4221,0.3734,0.7955
20296.0,0.358,0.367,0.725
20297.0,0.3873,0.3846,0.7719
20298.0,0.3915,0.3918,0.7833
20299.0,0.4495,0.4028,0.8523000000000001
20300.0,0.0,0.0372,0.0372
20301.0,0.3507,0.3959,0.7465999999999999
20302.0,0.4138,0.3951,0.8089
20303.0,0.4353,0.3761,0.8114
20304.0,0.4213,0.3789,0.8002
20305.0,0.3816,0.3773,0.7589
20306.0,0.3932,0.4066,0.7998000000000001
20307.0,0.4056,0.3938,0.7994
20308.0,0.4167,0.3867,0.8034
20309.0,0.4348,0.3747,0.8095
20310.0,0.4347,0.4176,0.8523000000000001
20311.0,0.6152,0.3882,1.0034
20312.0,0.4329,0.3934,0.8263
20313.0,0.4921,0.4062,0.8983
20314.0,0.002,0.3567,0.3587
20315.0,0.4919,0.4074,0.8993
20316.0,0.3316,0.407,0.7385999999999999
20317.0,0.4616,0.384,0.8456
20318.0,0.3642,0.427,0.7912
20319.0,0.4482,0.3957,0.8439
20320.0,0.4122,0.4013,0.8135
20321.0,0.4287,0.3808,0.8095000000000001
20322.0,0.3603,0.4094,0.7697
20323.0,0.9787,0.4025,1.3812
20324.0,0.5594,0.4024,0.9618
20325.0,0.4343,0.364,0.7983
20326.0,0.3993,0.4018,0.8010999999999999
20327.0,0.429,0.3928,0.8218
20328.0,0.6695,0.0981,0.7676
20329.0,0.4139,0.4001,0.8140000000000001
20330.0,0.4525,0.3935,0.8460000000000001
20331.0,0.3696,0.4024,0.772
20332.0,0.4886,0.4051,0.8936999999999999
20333.0,0.4291,0.4026,0.8317
20334.0,0.4326,0.4001,0.8327
20335.0,0.4223,0.3911,0.8134
20336.0,0.4112,0.3869,0.7981
20337.0,0.397,0.4041,0.8011
20338.0,0.4768,0.3932,0.87
20339.0,0.3779,0.3813,0.7592
20340.0,0.453,0.3917,0.8447
20341.0,0.4388,0.3914,0.8302
20342.0,1.636,0.4544,2.0904
20343.0,0.4258,0.4022,0.8280000000000001
20344.0,0.4062,0.41,0.8162
20345.0,0.4727,0.4031,0.8758
20346.0,0.5068,0.4082,0.915
20347.0,0.3906,0.4119,0.8025
20348.0,0.4882,0.4007,0.8889
20349.0,0.4861,0.3989,0.885
20350.0,0.5187,0.4061,0.9248000000000001
20351.0,0.5087,0.419,0.9277
20352.0,0.4092,0.4215,0.8307
20353.0,0.4505,0.4207,0.8712
20354.0,0.4615,0.4161,0.8776
20355.0,0.4822,0.3999,0.8821
20356.0,0.9133,0.2384,1.1517
20357.0,0.9058,0.3745,1.2803
20358.0,0.4347,0.4152,0.8499
20359.0,0.4141,0.4344,0.8485
20360.0,0.5158,0.4046,0.9204000000000001
20361.0,0.5456,0.3981,0.9437
20362.0,0.4793,0.4233,0.9026000000000001
20363.0,0.5157,0.4111,0.9268000000000001
20364.0,0.4516,0.4005,0.8521000000000001
20365.0,0.2796,0.4068,0.6864
20366.0,0.469,0.4148,0.8837999999999999
20367.0,0.3098,0.3959,0.7057
20368.0,0.3992,0.42,0.8191999999999999
20369.0,0.4619,0.3998,0.8616999999999999
20370.0,0.3926,0.0793,0.4719
20371.0,0.5075,0.395,0.9025
20372.0,0.5942,0.4105,1.0047
20373.0,0.4104,0.4385,0.8489
20374.0,0.4082,0.4012,0.8094
20375.0,0.4896,0.3875,0.8771
20376.0,0.3197,0.3978,0.7175
20377.0,0.3713,0.4076,0.7789
20378.0,0.4516,0.4079,0.8594999999999999
20379.0,0.4145,0.3993,0.8138
20380.0,0.4033,0.3909,0.7942
20381.0,0.5171,0.3931,0.9102
20382.0,0.4048,0.4245,0.8292999999999999
20383.0,0.4239,0.4075,0.8313999999999999
20384.0,0.0047,0.0144,0.0191
20385.0,0.4367,0.3706,0.8072999999999999
20386.0,0.4518,0.3946,0.8464
20387.0,0.3649,0.4025,0.7674000000000001
20388.0,0.5418,0.4052,0.947
20389.0,0.4557,0.4139,0.8695999999999999
20390.0,0.4526,0.3946,0.8472
20391.0,0.3778,0.4009,0.7787
20392.0,0.3358,0.3879,0.7237
20393.0,0.5262,0.3977,0.9238999999999999
20394.0,0.5399,0.4045,0.9444000000000001
20395.0,0.3752,0.3826,0.7578
20396.0,0.6449,0.4183,1.0632000000000001
20397.0,0.4518,0.4036,0.8553999999999999
20398.0,0.2094,0.8944,1.1038
20399.0,0.5561,0.3789,0.935
20400.0,0.4285,0.3978,0.8263
20401.0,0.4113,0.3764,0.7877000000000001
20402.0,0.3733,0.3753,0.7486
20403.0,0.4856,0.3869,0.8725
20404.0,0.3991,0.3747,0.7738
20405.0,0.4061,0.3916,0.7977000000000001
20406.0,0.4146,0.3873,0.8019000000000001
20407.0,0.3796,0.398,0.7776000000000001
20408.0,0.4469,0.3854,0.8323
20409.0,0.4945,0.3979,0.8924
20410.0,0.3738,0.3817,0.7555000000000001
20411.0,0.4077,0.406,0.8137000000000001
20412.0,-0.0,0.015,0.015
20413.0,0.4272,0.3934,0.8206
20414.0,0.4902,0.4003,0.8905000000000001
20415.0,0.4056,0.3855,0.7911
20416.0,0.4538,0.387,0.8408
20417.0,0.4659,0.3994,0.8653
20418.0,0.3776,0.386,0.7636000000000001
20419.0,0.423,0.3977,0.8207
20420.0,0.6929,0.414,1.1069
20421.0,0.4139,0.3844,0.7983
20422.0,0.4642,0.3802,0.8444
20423.0,0.4299,0.386,0.8159000000000001
20424.0,0.4567,0.3976,0.8543000000000001
20425.0,0.4621,0.3587,0.8208
20426.0,0.0023,0.6665,0.6688
20427.0,0.3781,0.3852,0.7633
20428.0,0.3819,0.4055,0.7874000000000001
20429.0,0.527,0.4056,0.9326000000000001
20430.0,0.3989,0.4123,0.8111999999999999
20431.0,0.5406,0.4082,0.9488
20432.0,0.3909,0.369,0.7599
20433.0,2.0826,0.4071,2.4897
20434.0,0.4737,0.3967,0.8704000000000001
20435.0,0.5354,0.3677,0.9031
20436.0,0.361,0.4038,0.7647999999999999
20437.0,0.3622,0.3728,0.7350000000000001
20438.0,0.7063,0.3884,1.0947
20439.0,0.4682,0.3999,0.8681
20440.0,0.0397,0.93,0.9697
20441.0,0.366,0.384,0.75
20442.0,0.3468,0.3848,0.7316
20443.0,0.3977,0.4029,0.8006
20444.0,0.424,0.3972,0.8211999999999999
20445.0,0.4165,0.4217,0.8382000000000001
20446.0,0.4733,0.409,0.8823
20447.0,0.3747,0.4051,0.7798
20448.0,0.5315,0.4173,0.9488
20449.0,0.4383,0.4146,0.8529
20450.0,0.4164,0.4129,0.8292999999999999
20451.0,0.5128,0.4056,0.9184000000000001
20452.0,0.4271,0.3812,0.8083
20453.0,0.3835,0.3794,0.7629
20454.0,1.455,0.4261,1.8811
20455.0,0.5385,0.4137,0.9521999999999999
20456.0,0.4009,0.4097,0.8106
20457.0,0.4682,0.4177,0.8859
20458.0,0.4064,0.4452,0.8515999999999999
20459.0,0.4933,0.4414,0.9347000000000001
20460.0,0.5596,0.443,1.0026
20461.0,0.4113,0.41,0.8212999999999999
20462.0,0.4127,0.4174,0.8301000000000001
20463.0,0.4226,0.4033,0.8259
20464.0,0.4577,0.4054,0.8631
20465.0,0.5889,0.3986,0.9875
20466.0,0.3644,0.4122,0.7766
20467.0,0.4549,0.4288,0.8837
20468.0,3.5455,0.7515,4.297
20469.0,0.5098,0.4325,0.9423
20470.0,0.5562,0.4393,0.9955
20471.0,0.489,0.4355,0.9245
20472.0,0.5211,0.455,0.9761
20473.0,0.6013,0.4533,1.0546
20474.0,0.5556,0.4424,0.998
20475.0,0.6886,0.457,1.1456
20476.0,0.5842,0.4508,1.0350000000000001
20477.0,0.9488,0.4216,1.3704
20478.0,0.6095,0.4345,1.044
20479.0,0.5289,0.4536,0.9825
20480.0,0.5358,0.4645,1.0003000000000002
20481.0,0.6199,0.4581,1.078
20482.0,0.0011,0.5957,0.5968
20483.0,0.6488,0.4688,1.1176
20484.0,0.5806,0.4534,1.034
20485.0,0.5699,0.4964,1.0663
20486.0,0.5979,0.4796,1.0775000000000001
20487.0,0.5426,0.5041,1.0467
20488.0,0.4883,0.4871,0.9754
20489.0,0.4233,0.4585,0.8818
20490.0,0.4704,0.4698,0.9401999999999999
20491.0,0.5869,0.4615,1.0484
20492.0,0.5447,0.4488,0.9934999999999999
20493.0,0.5156,0.4543,0.9699
20494.0,0.433,0.4421,0.8751
20495.0,0.4479,0.4552,0.9031
20496.0,0.0001,0.1448,0.1449
20497.0,0.3854,0.4428,0.8282
20498.0,0.4875,0.4639,0.9514
20499.0,0.4702,0.4538,0.9239999999999999
20500.0,0.5364,0.4339,0.9702999999999999
20501.0,0.7522,0.4581,1.2103
20502.0,0.4219,0.4341,0.856
20503.0,0.4707,0.4282,0.8989
20504.0,0.6108,0.4649,1.0756999999999999
20505.0,0.4929,0.4315,0.9244
20506.0,0.3451,0.4354,0.7805
20507.0,0.4138,0.4347,0.8485
20508.0,0.4639,0.4114,0.8753
20509.0,0.5926,0.4285,1.0211000000000001
20510.0,0.7439,0.1932,0.9371
20511.0,0.4887,0.4224,0.9111
20512.0,0.3886,0.419,0.8076
20513.0,0.4566,0.4232,0.8798
20514.0,0.3938,0.4319,0.8257
20515.0,0.5119,0.4291,0.9410000000000001
20516.0,0.5937,0.414,1.0077
20517.0,0.4897,0.4202,0.9099
20518.0,0.4672,0.4133,0.8805000000000001
20519.0,0.681,0.442,1.123
20520.0,0.5194,0.4201,0.9395
20521.0,0.4648,0.4076,0.8724000000000001
20522.0,0.4405,0.4303,0.8708
20523.0,0.5896,0.4207,1.0103
20524.0,0.008,0.1589,0.16690000000000002
20525.0,0.4939,0.4109,0.9048
20526.0,0.5767,0.4319,1.0086
20527.0,0.4535,0.4318,0.8853
20528.0,0.4631,0.4603,0.9234
20529.0,0.6611,0.4168,1.0779
20530.0,0.3441,0.4249,0.769
20531.0,0.6232,0.4371,1.0603
20532.0,0.3647,0.405,0.7697
20533.0,0.4671,0.4211,0.8882
20534.0,0.3607,0.4118,0.7725
20535.0,0.4869,0.4218,0.9087000000000001
20536.0,0.4781,0.4188,0.8969
20537.0,0.355,0.4237,0.7787
20538.0,0.0845,0.1881,0.2726
20539.0,0.3951,0.4313,0.8264
20540.0,0.5858,0.4388,1.0246
20541.0,0.5287,0.4206,0.9492999999999999
20542.0,0.7287,0.4323,1.161
20543.0,0.4102,0.4421,0.8523000000000001
20544.0,0.4435,0.4386,0.8821
20545.0,0.5955,0.4359,1.0314
20546.0,0.3654,0.427,0.7924
20547.0,0.3965,0.4044,0.8009
20548.0,0.3411,0.408,0.7491
20549.0,0.3684,0.3938,0.7622
20550.0,0.441,0.4149,0.8559
20551.0,0.4716,0.3947,0.8663000000000001
20552.0,0.0139,0.8365,0.8504
20553.0,0.5246,0.4304,0.955
20554.0,0.4115,0.3933,0.8048
20555.0,0.5511,0.4284,0.9795
20556.0,0.3442,0.4088,0.753
20557.0,0.3869,0.43,0.8169
20558.0,0.4065,0.4187,0.8251999999999999
20559.0,0.4665,0.4096,0.8761000000000001
20560.0,0.4181,0.4073,0.8254
20561.0,0.4299,0.4151,0.845
20562.0,0.4928,0.4073,0.9001
20563.0,0.4666,0.411,0.8775999999999999
20564.0,0.4671,0.4123,0.8794
20565.0,0.5412,0.4082,0.9494
20566.0,0.0002,0.0482,0.0484
20567.0,0.4552,0.4179,0.8731
20568.0,0.3946,0.4325,0.8271
20569.0,0.4523,0.4194,0.8716999999999999
20570.0,0.4177,0.4144,0.8321000000000001
20571.0,0.5004,0.4067,0.9071
20572.0,0.405,0.4471,0.8521000000000001
20573.0,0.366,0.3959,0.7619
20574.0,0.4774,0.4059,0.8833
20575.0,0.4804,0.4036,0.884
20576.0,0.4754,0.397,0.8724000000000001
20577.0,0.6889,0.4077,1.0966
20578.0,0.4064,0.4035,0.8099000000000001
20579.0,0.3941,0.4165,0.8106
20580.0,0.3617,0.2457,0.6074
20581.0,0.4414,0.3934,0.8348
20582.0,0.5214,0.3955,0.9169
20583.0,0.4077,0.3922,0.7999
20584.0,0.5003,0.4146,0.9149
20585.0,0.4356,0.4067,0.8423
20586.0,0.5545,0.3911,0.9456
20587.0,0.4869,0.399,0.8859
20588.0,0.565,0.4207,0.9857
20589.0,0.4616,0.4129,0.8745
20590.0,0.3898,0.4321,0.8219
20591.0,0.3874,0.3913,0.7787
20592.0,0.4542,0.4157,0.8699
20593.0,0.7701,0.419,1.1891
20594.0,0.0774,1.8442,1.9216
20595.0,0.5073,0.4012,0.9085
20596.0,0.4577,0.4115,0.8692
20597.0,0.4618,0.4194,0.8812
20598.0,0.3892,0.4359,0.8251
20599.0,0.4217,0.4407,0.8624
20600.0,0.4881,0.4124,0.9005
20601.0,0.4337,0.4163,0.85
20602.0,0.4362,0.3962,0.8324
20603.0,0.3858,0.3985,0.7843
20604.0,0.5939,0.4366,1.0305
20605.0,0.4622,0.4076,0.8698
20606.0,0.4577,0.4127,0.8704000000000001
20607.0,0.3937,0.4362,0.8299
20608.0,0.1946,0.1065,0.3011
20609.0,0.4096,0.4162,0.8258000000000001
20610.0,0.4668,0.4084,0.8752
20611.0,0.5006,0.4136,0.9142000000000001
20612.0,0.4674,0.403,0.8704000000000001
20613.0,0.3464,0.3887,0.7351
20614.0,0.4076,0.4163,0.8239000000000001
20615.0,0.3382,0.4067,0.7449
20616.0,0.3738,0.41,0.7838
20617.0,0.4036,0.4105,0.8141
20618.0,0.4278,0.4219,0.8497
20619.0,0.4827,0.4155,0.8982
20620.0,0.3442,0.3848,0.729
20621.0,0.4052,0.3776,0.7827999999999999
20622.0,0.0088,0.1392,0.148
20623.0,0.376,0.3923,0.7683
20624.0,0.4585,0.4119,0.8704000000000001
20625.0,0.4681,0.4321,0.9002
20626.0,0.4097,0.4011,0.8108
20627.0,0.3706,0.4191,0.7897
20628.0,0.3784,0.4144,0.7928
20629.0,0.7136,0.4092,1.1228
20630.0,0.4686,0.3983,0.8669
20631.0,0.3964,0.4167,0.8130999999999999
20632.0,0.3581,0.392,0.7501
20633.0,0.4629,0.4161,0.879
20634.0,0.5111,0.41,0.9211
20635.0,0.3799,0.3891,0.769
20636.0,0.0038,0.0254,0.0292
20637.0,0.5702,0.3845,0.9547000000000001
20638.0,0.4241,0.3902,0.8143
20639.0,0.4514,0.4081,0.8595
20640.0,0.4264,0.4255,0.8519
20641.0,0.3832,0.4,0.7832
20642.0,0.4185,0.4163,0.8348
20643.0,0.375,0.4057,0.7807
20644.0,0.3362,0.3901,0.7263
20645.0,0.5398,0.4096,0.9494
20646.0,0.3598,0.3904,0.7502
20647.0,0.4222,0.3911,0.8133
20648.0,0.3782,0.3868,0.7649999999999999
20649.0,0.4386,0.3876,0.8262
20650.0,0.4788,0.5882,1.067
20651.0,0.4081,0.4081,0.8162
20652.0,0.3659,0.409,0.7748999999999999
20653.0,0.5145,0.4002,0.9147
20654.0,0.3861,0.418,0.8041
20655.0,0.4548,0.4196,0.8744
20656.0,0.5333,0.4166,0.9499
20657.0,0.4178,0.403,0.8208
20658.0,0.6357,0.4286,1.0643
20659.0,0.5136,0.4106,0.9241999999999999
20660.0,0.5,0.4072,0.9072
20661.0,0.5111,0.4129,0.9239999999999999
20662.0,0.4278,0.4198,0.8476
20663.0,0.4842,0.4204,0.9046000000000001
20664.0,0.0,0.0197,0.0197
20665.0,0.3607,0.4073,0.768
20666.0,0.4088,0.4185,0.8272999999999999
20667.0,0.4574,0.3878,0.8452
20668.0,0.4168,0.3914,0.8082
20669.0,0.6763,0.4034,1.0796999999999999
20670.0,0.5214,0.3965,0.9178999999999999
20671.0,0.4028,0.405,0.8078000000000001
20672.0,0.4407,0.4061,0.8468
20673.0,0.4204,0.4131,0.8335
20674.0,0.4712,0.4016,0.8728
20675.0,1.1727,0.4103,1.5830000000000002
20676.0,0.3628,0.3928,0.7556
20677.0,0.4561,0.4125,0.8686
20678.0,0.017,0.0538,0.0708
20679.0,0.5025,0.4146,0.9171
20680.0,0.48,0.4147,0.8947
20681.0,0.4629,0.3864,0.8492999999999999
20682.0,0.4117,0.3886,0.8003
20683.0,0.4467,0.3975,0.8442000000000001
20684.0,0.604,0.4175,1.0215
20685.0,0.4629,0.3795,0.8424
20686.0,0.4825,0.4005,0.883
20687.0,0.42,0.4047,0.8247
20688.0,0.4411,0.4031,0.8442000000000001
20689.0,0.4272,0.3873,0.8145
20690.0,0.4772,0.4069,0.8841
20691.0,0.472,0.4035,0.8755
20692.0,0.1628,0.5871,0.7499
20693.0,0.367,0.4054,0.7724
20694.0,0.4263,0.4114,0.8377
20695.0,0.4334,0.4109,0.8443
20696.0,0.4708,0.4355,0.9063
20697.0,0.3582,0.4188,0.777
20698.0,0.4851,0.3923,0.8774
20699.0,0.3575,0.3996,0.7571
20700.0,0.3625,0.4058,0.7683
20701.0,0.413,0.4107,0.8237
20702.0,0.4261,0.3862,0.8123
20703.0,0.5118,0.3807,0.8925000000000001
20704.0,0.4176,0.3935,0.8111
20705.0,0.4058,0.4085,0.8143
20706.0,0.051,0.5692,0.6202000000000001
20707.0,0.5287,0.407,0.9357
20708.0,0.5247,0.3937,0.9184000000000001
20709.0,0.3683,0.4251,0.7934
20710.0,0.4176,0.405,0.8226
20711.0,0.4331,0.3887,0.8218
20712.0,0.3961,0.4012,0.7973
20713.0,0.4926,0.4019,0.8945
20714.0,0.3747,0.3921,0.7667999999999999
20715.0,0.5488,0.4016,0.9503999999999999
20716.0,0.3877,0.4022,0.7899
20717.0,0.4255,0.3869,0.8124
20718.0,0.8078,0.3963,1.2041
20719.0,0.4177,0.3873,0.8049999999999999
20720.0,0.0228,0.203,0.2258
20721.0,0.3809,0.4122,0.7931
20722.0,0.3472,0.4101,0.7573000000000001
20723.0,0.4017,0.4061,0.8078000000000001
20724.0,0.3438,0.4216,0.7654
20725.0,0.5342,0.4216,0.9558
20726.0,0.3316,0.4135,0.7451
20727.0,0.4134,0.3855,0.7988999999999999
20728.0,0.5683,0.3837,0.952
20729.0,0.4768,0.4049,0.8816999999999999
20730.0,0.3845,0.4058,0.7903
20731.0,0.3613,0.415,0.7763
20732.0,0.3488,0.4143,0.7631
20733.0,0.4659,0.3943,0.8602
20734.0,0.3424,0.5605,0.9029
20735.0,0.5698,0.3825,0.9522999999999999
20736.0,0.3504,0.4154,0.7658
20737.0,0.7934,0.4219,1.2153
20738.0,0.6238,0.4073,1.0311
20739.0,0.4082,0.4222,0.8304
20740.0,0.4327,0.421,0.8536999999999999
20741.0,0.4484,0.3987,0.8471
20742.0,0.5245,0.4156,0.9400999999999999
20743.0,0.4744,0.4056,0.88
20744.0,0.4901,0.4061,0.8962
20745.0,0.4428,0.3976,0.8404
20746.0,0.3601,0.4203,0.7804
20747.0,0.4509,0.4024,0.8533
20748.0,0.0701,0.1948,0.2649
20749.0,0.5119,0.4075,0.9194
20750.0,0.3767,0.4359,0.8126
20751.0,0.3666,0.4048,0.7714
20752.0,0.4323,0.4095,0.8418
20753.0,0.3699,0.4409,0.8108
20754.0,0.3693,0.3971,0.7664
20755.0,0.5047,0.4164,0.9211
20756.0,0.6171,0.3989,1.016
20757.0,0.382,0.3971,0.7791
20758.0,0.4221,0.3972,0.8192999999999999
20759.0,0.3544,0.3931,0.7475
20760.0,0.4445,0.3986,0.8431
20761.0,0.433,0.4101,0.8431
20762.0,0.0023,0.9659,0.9682
20763.0,0.3895,0.4067,0.7962
20764.0,0.3868,0.4147,0.8015
20765.0,0.5618,0.4114,0.9732
20766.0,0.3881,0.4147,0.8028
20767.0,0.4057,0.4225,0.8282
20768.0,0.5976,0.4246,1.0222
20769.0,0.459,0.43,0.889
20770.0,0.5099,0.4187,0.9286000000000001
20771.0,0.4497,0.4086,0.8583000000000001
20772.0,0.4658,0.4146,0.8804000000000001
20773.0,0.3868,0.4177,0.8045
20774.0,0.4342,0.4108,0.845
20775.0,0.9118,0.4148,1.3266
20776.0,0.0027,0.8365,0.8392000000000001
20777.0,0.4977,0.4147,0.9124
20778.0,0.3541,0.4151,0.7692000000000001
20779.0,0.8719,0.3882,1.2601
20780.0,0.412,0.4248,0.8368
20781.0,0.3563,0.4067,0.763
20782.0,0.4535,0.4304,0.8839
20783.0,0.3987,0.3971,0.7958000000000001
20784.0,0.5565,0.4053,0.9618
20785.0,0.5178,0.4171,0.9349000000000001
20786.0,0.4064,0.4002,0.8066
20787.0,0.3721,0.4129,0.7849999999999999
20788.0,0.6331,0.4162,1.0493000000000001
20789.0,0.3997,0.4187,0.8184
20790.0,0.1547,0.1861,0.3408
20791.0,0.4495,0.4064,0.8559
20792.0,0.4443,0.4233,0.8675999999999999
20793.0,0.3914,0.4034,0.7948
20794.0,0.4393,0.4222,0.8615
20795.0,0.3582,0.4357,0.7939
20796.0,0.3498,0.4318,0.7816000000000001
20797.0,0.4152,0.4029,0.8181
20798.0,0.3896,0.4035,0.7931
20799.0,0.4029,0.4014,0.8043
20800.0,0.5499,0.4159,0.9658
20801.0,0.4117,0.3889,0.8006
20802.0,0.4863,0.3955,0.8818
20803.0,0.3898,0.3851,0.7748999999999999
20804.0,0.0373,1.8246,1.8618999999999999
20805.0,0.505,0.4144,0.9194
20806.0,0.3944,0.4013,0.7957
20807.0,0.5415,0.4028,0.9442999999999999
20808.0,0.441,0.4193,0.8603000000000001
20809.0,0.4191,0.402,0.8210999999999999
20810.0,0.4497,0.4248,0.8745
20811.0,0.4537,0.4077,0.8613999999999999
20812.0,0.4941,0.4101,0.9042
20813.0,0.4531,0.4167,0.8698
20814.0,0.4505,0.4084,0.8589
20815.0,0.4893,0.4047,0.894
20816.0,0.4078,0.3722,0.78
20817.0,0.5001,0.4246,0.9247
20818.0,0.6255,0.2616,0.8871
20819.0,0.3897,0.3947,0.7844
20820.0,0.4852,0.4149,0.9001
20821.0,0.4525,0.4119,0.8644000000000001
20822.0,0.4167,0.4292,0.8459000000000001
20823.0,0.4603,0.3849,0.8452
20824.0,0.3924,0.4187,0.8111
20825.0,0.4264,0.4159,0.8423
20826.0,0.407,0.3979,0.8049
20827.0,0.378,0.3885,0.7665
20828.0,0.6172,0.4265,1.0436999999999999
20829.0,0.4245,0.4192,0.8437
20830.0,0.5556,0.4029,0.9584999999999999
20831.0,0.3509,0.4084,0.7593
20832.0,0.0104,0.0651,0.07550000000000001
20833.0,0.377,0.3927,0.7697
20834.0,0.7452,0.382,1.1272
20835.0,0.4602,0.3843,0.8445
20836.0,0.421,0.4026,0.8236
20837.0,0.5223,0.4159,0.9381999999999999
20838.0,0.4559,0.4064,0.8623000000000001
20839.0,0.4277,0.4022,0.8299000000000001
20840.0,0.3541,0.4087,0.7628
20841.0,0.4672,0.4132,0.8804000000000001
20842.0,0.4239,0.4095,0.8333999999999999
20843.0,0.4536,0.4009,0.8545
20844.0,0.3782,0.3942,0.7724
20845.0,0.3911,0.3919,0.783
20846.0,0.0003,0.7069,0.7071999999999999
20847.0,0.4034,0.4038,0.8071999999999999
20848.0,0.3959,0.3893,0.7851999999999999
20849.0,0.4618,0.3943,0.8561
20850.0,0.4222,0.3863,0.8085
20851.0,0.5148,0.3942,0.909
20852.0,0.3746,0.3948,0.7694
20853.0,0.4352,0.4167,0.8519
20854.0,0.4184,0.4256,0.844
20855.0,0.4616,0.4135,0.8751
20856.0,0.4444,0.4071,0.8515
20857.0,0.5267,0.4154,0.9420999999999999
20858.0,0.3965,0.4315,0.8280000000000001
20859.0,0.3602,0.3935,0.7537
20860.0,0.3724,0.1059,0.4783
20861.0,0.387,0.4226,0.8096
20862.0,0.3811,0.4034,0.7845
20863.0,0.4402,0.4192,0.8593999999999999
20864.0,0.3444,0.4151,0.7595000000000001
20865.0,0.3805,0.4193,0.7998000000000001
20866.0,0.7245,0.4191,1.1436
20867.0,0.4425,0.4048,0.8472999999999999
20868.0,0.9237,0.4158,1.3395
20869.0,0.3994,0.4033,0.8027
20870.0,0.5012,0.4035,0.9047000000000001
20871.0,0.48,0.4117,0.8916999999999999
20872.0,0.3695,0.4025,0.772
20873.0,0.4132,0.3993,0.8125
20874.0,0.0361,0.0245,0.0606
20875.0,0.4389,0.415,0.8539
20876.0,0.4582,0.4055,0.8637
20877.0,0.4629,0.3993,0.8622
20878.0,0.3624,0.4115,0.7739
20879.0,0.4228,0.3964,0.8191999999999999
20880.0,0.5647,0.3936,0.9582999999999999
20881.0,0.4781,0.4042,0.8823000000000001
20882.0,0.3449,0.3805,0.7254
20883.0,0.4532,0.413,0.8662
20884.0,0.4244,0.3874,0.8118000000000001
20885.0,0.4687,0.3967,0.8654
20886.0,0.3942,0.3938,0.788
20887.0,0.4793,0.3953,0.8746
20888.0,0.1442,0.7099,0.8541
20889.0,0.4192,0.4147,0.8339000000000001
20890.0,0.4491,0.3803,0.8294
20891.0,0.3337,0.3869,0.7206
20892.0,0.4674,0.3907,0.8581
20893.0,0.6053,0.4178,1.0231
20894.0,0.3989,0.394,0.7928999999999999
20895.0,0.5528,0.4226,0.9753999999999999
20896.0,0.4651,0.396,0.8611
20897.0,0.3718,0.4,0.7718
20898.0,0.3331,0.3858,0.7189
20899.0,0.4893,0.4175,0.9068
20900.0,0.3856,0.3815,0.7671
20901.0,0.4866,0.4029,0.8895
20902.0,0.0074,0.0561,0.0635
20903.0,0.3441,0.4216,0.7657
20904.0,0.4439,0.4244,0.8683000000000001
20905.0,0.4635,0.3932,0.8567
20906.0,0.5031,0.3972,0.9003
20907.0,0.3233,0.4009,0.7242
20908.0,0.3536,0.3986,0.7522
20909.0,0.4074,0.3963,0.8037
20910.0,0.4565,0.3854,0.8419000000000001
20911.0,0.3473,0.3982,0.7455
20912.0,0.4012,0.4005,0.8017000000000001
20913.0,0.3794,0.4074,0.7867999999999999
20914.0,0.447,0.3889,0.8359000000000001
20915.0,0.4167,0.3969,0.8136
20916.0,0.293,0.5259,0.8189
20917.0,0.3915,0.393,0.7845
20918.0,0.4395,0.3937,0.8331999999999999
20919.0,0.3964,0.3933,0.7897
20920.0,0.3601,0.4024,0.7625
20921.0,0.4406,0.3729,0.8135
20922.0,0.5133,0.4006,0.9138999999999999
20923.0,0.4479,0.3967,0.8446
20924.0,0.3715,0.3706,0.7421
20925.0,0.788,0.3855,1.1735
20926.0,0.5066,0.3949,0.9015
20927.0,0.394,0.3736,0.7676000000000001
20928.0,0.3734,0.4006,0.774
20929.0,0.3868,0.4064,0.7931999999999999
20930.0,0.0005,0.0205,0.021
20931.0,0.3686,0.3762,0.7447999999999999
20932.0,0.4204,0.3884,0.8088
20933.0,0.65,0.3894,1.0394
20934.0,0.3343,0.3988,0.7331
20935.0,0.3685,0.4005,0.769
20936.0,0.5288,0.4201,0.9489000000000001
20937.0,0.5159,0.3891,0.905
20938.0,0.3352,0.4005,0.7357
20939.0,0.3835,0.397,0.7805
20940.0,0.4817,0.3837,0.8654
20941.0,0.3688,0.3925,0.7613000000000001
20942.0,0.4422,0.3927,0.8349
20943.0,0.5162,0.3854,0.9016
20944.0,2.3863,0.5331,2.9194
20945.0,0.3487,0.388,0.7367
20946.0,0.5903,0.4117,1.002
20947.0,0.3749,0.4276,0.8025
20948.0,0.6155,0.4213,1.0368
20949.0,0.7612,0.4266,1.1878
20950.0,0.4935,0.4205,0.9139999999999999
20951.0,0.7848,0.408,1.1928
20952.0,0.6981,0.4134,1.1115
20953.0,0.6549,0.4156,1.0705
20954.0,0.6207,0.419,1.0397
20955.0,0.8511,0.4105,1.2616
20956.0,0.5986,0.4301,1.0287
20957.0,0.4842,0.4166,0.9008
20958.0,0.0018,0.056,0.057800000000000004
20959.0,0.491,0.4461,0.9371
20960.0,0.5141,0.4181,0.9322
20961.0,0.8761,0.4297,1.3058
20962.0,0.4685,0.4268,0.8953
20963.0,0.4442,0.4294,0.8735999999999999
20964.0,0.5345,0.4171,0.9516
20965.0,0.461,0.4157,0.8767
20966.0,0.4902,0.4121,0.9023000000000001
20967.0,0.439,0.4252,0.8642000000000001
20968.0,0.4845,0.4279,0.9124
20969.0,0.5058,0.4254,0.9312
20970.0,0.5294,0.4442,0.9736
20971.0,0.379,0.4117,0.7907
20972.0,-0.0,0.9966,0.9966
20973.0,0.5073,0.4286,0.9359
20974.0,0.6185,0.4176,1.0361
20975.0,0.4689,0.4485,0.9174
20976.0,0.6813,0.4354,1.1167
20977.0,0.4902,0.4491,0.9393
20978.0,1.1818,0.4481,1.6299
20979.0,0.5898,0.4508,1.0406
20980.0,0.4758,0.4472,0.923
20981.0,0.3974,0.4312,0.8286
20982.0,0.3776,0.4663,0.8439
20983.0,0.4577,0.4588,0.9165
20984.0,0.5537,0.4138,0.9675
20985.0,0.4158,0.4256,0.8413999999999999
20986.0,1.118,0.7899,1.9079000000000002
20987.0,0.5314,0.4455,0.9769
20988.0,0.4051,0.4335,0.8386
20989.0,0.4347,0.4315,0.8662
20990.0,0.4075,0.4196,0.8271
20991.0,0.4399,0.4229,0.8628
20992.0,0.4228,0.438,0.8608
20993.0,0.4393,0.4298,0.8691
20994.0,0.4811,0.4169,0.898
20995.0,0.5894,0.4074,0.9968
20996.0,0.7139,0.4124,1.1263
20997.0,0.4474,0.4221,0.8694999999999999
20998.0,0.4385,0.4225,0.861
20999.0,0.4672,0.4235,0.8907
21000.0,0.0086,0.2992,0.3078
21001.0,0.5646,0.4106,0.9752000000000001
21002.0,0.3669,0.4185,0.7854
21003.0,0.4068,0.4343,0.8411
21004.0,0.4543,0.4603,0.9146
21005.0,0.5204,0.4378,0.9581999999999999
21006.0,0.6331,0.4205,1.0535999999999999
21007.0,0.375,0.414,0.7889999999999999
21008.0,0.4457,0.4274,0.8731
21009.0,0.4266,0.3932,0.8198
21010.0,0.4755,0.4124,0.8878999999999999
21011.0,0.3934,0.3947,0.7881
21012.0,0.4844,0.4177,0.9021
21013.0,0.639,0.4058,1.0448
21014.0,0.0313,0.0365,0.0678
21015.0,0.5123,0.4057,0.9179999999999999
21016.0,0.4525,0.4117,0.8642000000000001
21017.0,0.344,0.3879,0.7319
21018.0,0.3602,0.3976,0.7578
21019.0,0.4703,0.3931,0.8634
21020.0,0.5121,0.4157,0.9278
21021.0,0.3948,0.4302,0.825
21022.0,0.3679,0.4021,0.77
21023.0,0.3746,0.4253,0.7999
21024.0,0.4583,0.4176,0.8759
21025.0,0.5218,0.4233,0.9451
21026.0,0.4769,0.4325,0.9094
21027.0,0.4161,0.4017,0.8178000000000001
21028.0,0.3551,0.2082,0.5633
21029.0,0.5121,0.4046,0.9167000000000001
21030.0,0.3235,0.415,0.7384999999999999
21031.0,0.4153,0.414,0.8292999999999999
21032.0,0.5185,0.4277,0.9461999999999999
21033.0,0.4768,0.4225,0.8993
21034.0,0.3506,0.4071,0.7577
21035.0,0.4366,0.4216,0.8582
21036.0,0.4933,0.4033,0.8966000000000001
21037.0,0.4422,0.4167,0.8589
21038.0,0.5436,0.4147,0.9582999999999999
21039.0,0.3131,0.4338,0.7469
21040.0,0.3384,0.3968,0.7352
21041.0,0.4967,0.3961,0.8928
21042.0,0.0003,0.0457,0.046
21043.0,0.4536,0.4159,0.8694999999999999
21044.0,0.3702,0.4199,0.7901
21045.0,0.3703,0.3841,0.7544
21046.0,0.4281,0.4117,0.8398
21047.0,0.3325,0.3938,0.7263
21048.0,0.4001,0.4199,0.8200000000000001
21049.0,0.5109,0.3922,0.9031
21050.0,0.4563,0.4187,0.875
21051.0,0.4582,0.4105,0.8687
21052.0,0.5877,0.3959,0.9836
21053.0,0.3658,0.3813,0.7471
21054.0,0.4191,0.3993,0.8184
21055.0,0.4354,0.3993,0.8347
21056.0,0.2591,0.491,0.7501
21057.0,0.4479,0.4045,0.8524
21058.0,0.5543,0.4354,0.9897
21059.0,0.3524,0.3987,0.7511
21060.0,0.4862,0.4066,0.8928
21061.0,0.3513,0.4134,0.7646999999999999
21062.0,0.4045,0.4004,0.8049
21063.0,0.4629,0.425,0.8878999999999999
21064.0,0.4788,0.4103,0.8891
21065.0,0.4253,0.3984,0.8237
21066.0,0.4834,0.4079,0.8913
21067.0,0.4317,0.3869,0.8186
21068.0,0.6142,0.4138,1.028
21069.0,0.5779,0.3811,0.959
21070.0,0.0003,0.0632,0.0635
21071.0,0.5487,0.4168,0.9655
21072.0,0.4186,0.4095,0.8281000000000001
21073.0,0.464,0.4131,0.8771
21074.0,0.4291,0.4196,0.8487
21075.0,0.4429,0.3996,0.8425
21076.0,0.4106,0.4178,0.8284
21077.0,0.4131,0.3849,0.798
21078.0,0.4874,0.4177,0.9051
21079.0,0.3932,0.3965,0.7897000000000001
21080.0,0.4088,0.4059,0.8147
21081.0,0.3849,0.402,0.7869
21082.0,0.399,0.3868,0.7858
21083.0,0.5862,0.4037,0.9899
21084.0,0.0481,0.7535,0.8016
21085.0,0.5313,0.4018,0.9331
21086.0,0.4635,0.4151,0.8786
21087.0,0.488,0.409,0.897
21088.0,0.5728,0.4033,0.9761
21089.0,0.3588,0.4008,0.7596
21090.0,0.4605,0.398,0.8585
21091.0,0.4896,0.3962,0.8857999999999999
21092.0,0.3413,0.3903,0.7316
21093.0,0.6128,0.4051,1.0179
21094.0,0.4081,0.4079,0.8160000000000001
21095.0,0.4664,0.3689,0.8352999999999999
21096.0,0.3509,0.4121,0.763
21097.0,0.3847,0.4008,0.7855
21098.0,0.0136,0.2721,0.2857
21099.0,0.4556,0.405,0.8606
21100.0,0.4991,0.3901,0.8892
21101.0,0.3527,0.4021,0.7548
21102.0,0.4309,0.4092,0.8401000000000001
21103.0,0.4438,0.41,0.8537999999999999
21104.0,0.5038,0.4111,0.9149
21105.0,0.4759,0.4102,0.8861
21106.0,0.4427,0.4167,0.8593999999999999
21107.0,0.4378,0.4024,0.8402000000000001
21108.0,0.3495,0.4035,0.753
21109.0,0.5536,0.3928,0.9463999999999999
21110.0,0.3596,0.3941,0.7537
21111.0,0.4227,0.4264,0.8491
21112.0,0.004,1.2503,1.2543
21113.0,0.3586,0.4236,0.7822
21114.0,0.4191,0.4015,0.8206
21115.0,0.447,0.4071,0.8541000000000001
21116.0,0.5454,0.3958,0.9412
21117.0,0.3611,0.4275,0.7886
21118.0,0.4281,0.3968,0.8249
21119.0,0.4324,0.4285,0.8609
21120.0,0.4444,0.4322,0.8766
21121.0,0.4687,0.413,0.8816999999999999
21122.0,0.4375,0.3957,0.8331999999999999
21123.0,0.4022,0.4152,0.8174
21124.0,0.3756,0.4069,0.7825
21125.0,0.4501,0.4074,0.8574999999999999
21126.0,0.0031,0.9986,1.0017
21127.0,0.4933,0.406,0.8993
21128.0,0.4232,0.4101,0.8333
21129.0,0.4849,0.4329,0.9178
21130.0,0.3678,0.4384,0.8062
21131.0,0.4431,0.4263,0.8694
21132.0,0.4772,0.4152,0.8924000000000001
21133.0,0.413,0.4234,0.8364
21134.0,0.426,0.4178,0.8438
21135.0,0.3938,0.4247,0.8185
21136.0,0.559,0.4224,0.9814
21137.0,0.3272,0.407,0.7342
21138.0,0.4595,0.4116,0.8711
21139.0,0.3962,0.419,0.8151999999999999
21140.0,0.0745,0.1783,0.25279999999999997
21141.0,0.4294,0.4448,0.8742
21142.0,0.4746,0.4064,0.881
21143.0,0.33,0.4143,0.7443
21144.0,0.4011,0.4364,0.8375
21145.0,0.4,0.4172,0.8172
21146.0,0.4552,0.4066,0.8618
21147.0,0.3762,0.4072,0.7834
21148.0,0.3743,0.4154,0.7897000000000001
21149.0,0.4723,0.3873,0.8595999999999999
21150.0,0.3631,0.3995,0.7626
21151.0,0.5155,0.3875,0.903
21152.0,0.3672,0.3846,0.7518
21153.0,0.5156,0.4158,0.9314
21154.0,0.0208,0.9763,0.9971
21155.0,0.332,0.4003,0.7323
21156.0,0.4433,0.4116,0.8549
21157.0,0.3895,0.3957,0.7852
21158.0,0.6202,0.4049,1.0251
21159.0,0.3955,0.4259,0.8214
21160.0,0.3945,0.3902,0.7847
21161.0,0.567,0.4021,0.9691
21162.0,0.4628,0.3908,0.8535999999999999
21163.0,0.385,0.3981,0.7831
21164.0,0.4336,0.3972,0.8308
21165.0,0.348,0.4026,0.7505999999999999
21166.0,0.4464,0.4119,0.8583000000000001
21167.0,0.5257,0.4163,0.942
21168.0,0.0171,0.0411,0.0582
21169.0,0.5081,0.3943,0.9024
21170.0,0.4315,0.3937,0.8251999999999999
21171.0,0.4934,0.4052,0.8986000000000001
21172.0,0.3507,0.4217,0.7724
21173.0,0.4352,0.4147,0.8499
21174.0,0.4419,0.3878,0.8297
21175.0,0.6177,0.4009,1.0186
21176.0,0.5306,0.3969,0.9275
21177.0,0.395,0.3781,0.7731
21178.0,0.3798,0.3923,0.7721
21179.0,0.3701,0.3834,0.7535000000000001
21180.0,0.3918,0.3967,0.7885
21181.0,0.4637,0.3686,0.8323
21182.0,0.0139,0.0159,0.0298
21183.0,0.4624,0.4161,0.8785000000000001
21184.0,0.4329,0.383,0.8159000000000001
21185.0,0.4249,0.4247,0.8496
21186.0,0.467,0.3983,0.8653
21187.0,0.4415,0.3998,0.8412999999999999
21188.0,0.384,0.3891,0.7731
21189.0,0.3648,0.4011,0.7659
21190.0,0.3901,0.3748,0.7649
21191.0,0.4945,0.3967,0.8912
21192.0,0.4698,0.3978,0.8675999999999999
21193.0,0.3081,0.3875,0.6956
21194.0,0.4512,0.4143,0.8654999999999999
21195.0,0.5619,0.4043,0.9662
21196.0,0.0198,0.5829,0.6027
21197.0,0.4263,0.378,0.8043
21198.0,0.4644,0.3941,0.8585
21199.0,0.3513,0.4009,0.7522
21200.0,0.4565,0.3995,0.8560000000000001
21201.0,0.4816,0.4123,0.8938999999999999
21202.0,0.4113,0.4011,0.8124
21203.0,0.4477,0.4301,0.8777999999999999
21204.0,1.0817,0.4109,1.4926000000000001
21205.0,0.5047,0.4204,0.9251
21206.0,0.5149,0.4103,0.9252
21207.0,0.4165,0.3882,0.8047
21208.0,0.3735,0.3986,0.7721
21209.0,0.4597,0.3851,0.8448
21210.0,0.6913,0.0771,0.7684
21211.0,0.5309,0.3836,0.9145000000000001
21212.0,0.4615,0.3987,0.8602000000000001
21213.0,0.6586,0.399,1.0575999999999999
21214.0,0.411,0.4069,0.8179
21215.0,0.4158,0.4023,0.8181
21216.0,0.5405,0.4065,0.947
21217.0,0.3922,0.3729,0.7651
21218.0,0.521,0.4008,0.9218
21219.0,0.3966,0.3905,0.7871
21220.0,0.4144,0.3926,0.8069999999999999
21221.0,0.4142,0.394,0.8082
21222.0,0.3995,0.3704,0.7699
21223.0,0.4175,0.3987,0.8162
21224.0,0.0172,0.0733,0.0905
21225.0,0.3657,0.4044,0.7701
21226.0,0.3363,0.4162,0.7525
21227.0,0.4989,0.415,0.9138999999999999
21228.0,0.4222,0.4156,0.8378000000000001
21229.0,0.4759,0.396,0.8719
21230.0,0.407,0.3857,0.7927
21231.0,0.591,0.4079,0.9988999999999999
21232.0,0.3806,0.4121,0.7927
21233.0,0.4363,0.3999,0.8362
21234.0,0.4286,0.3861,0.8147
21235.0,0.4099,0.3858,0.7957
21236.0,0.5274,0.3874,0.9148000000000001
21237.0,0.4671,0.4184,0.8855
21238.0,0.0099,1.1983,1.2082
21239.0,0.4377,0.4132,0.8509
21240.0,0.3549,0.4146,0.7695000000000001
21241.0,0.3305,0.3978,0.7283
21242.0,0.4395,0.4102,0.8497
21243.0,0.547,0.4334,0.9804
21244.0,0.7329,0.4217,1.1546
21245.0,0.588,0.4276,1.0156
21246.0,0.53,0.4132,0.9432
21247.0,0.5279,0.3972,0.9251
21248.0,0.4361,0.4242,0.8603000000000001
21249.0,0.4988,0.4266,0.9254
21250.0,0.4327,0.4299,0.8626
21251.0,0.4278,0.4158,0.8436
21252.0,0.3334,0.5672,0.9006000000000001
21253.0,0.4331,0.425,0.8581
21254.0,0.54,0.4396,0.9796
21255.0,0.4872,0.4139,0.9011
21256.0,0.3326,0.4219,0.7545
21257.0,0.3844,0.4168,0.8012
21258.0,0.4651,0.4149,0.88
21259.0,0.4075,0.3986,0.8061
21260.0,0.4803,0.4091,0.8894
21261.0,0.5158,0.4146,0.9304000000000001
21262.0,0.3387,0.3974,0.7361
21263.0,0.3475,0.4107,0.7582
21264.0,0.4616,0.4117,0.8733
21265.0,0.4379,0.42,0.8579
21266.0,0.0779,0.0544,0.1323
21267.0,0.3554,0.3942,0.7496
21268.0,0.3195,0.4093,0.7288
21269.0,0.5474,0.4077,0.9551000000000001
21270.0,0.3652,0.4158,0.781
21271.0,0.6442,0.399,1.0432000000000001
21272.0,0.4611,0.414,0.8751
21273.0,0.4281,0.4039,0.832
21274.0,0.4736,0.398,0.8716
21275.0,0.5745,0.3909,0.9654
21276.0,0.4217,0.3999,0.8216
21277.0,0.4388,0.4134,0.8522000000000001
21278.0,0.5431,0.3888,0.9319
21279.0,0.4088,0.3725,0.7813
21280.0,0.7953,0.8246,1.6199
21281.0,0.4949,0.4107,0.9056
21282.0,0.4155,0.4023,0.8178
21283.0,0.4411,0.4301,0.8712
21284.0,0.5001,0.4316,0.9317
21285.0,0.5036,0.4619,0.9655
21286.0,0.5173,0.4498,0.9671
21287.0,0.557,0.4466,1.0036
21288.0,0.6019,0.4283,1.0302
21289.0,0.6229,0.4424,1.0653000000000001
21290.0,0.6004,0.4106,1.0110000000000001
21291.0,0.6604,0.4191,1.0795
21292.0,0.8122,0.4379,1.2501
21293.0,0.4774,0.4255,0.9029
21294.0,0.2454,0.346,0.5913999999999999
21295.0,0.4986,0.4426,0.9412
21296.0,0.509,0.4542,0.9632000000000001
21297.0,0.4967,0.4393,0.9359999999999999
21298.0,0.733,0.4254,1.1583999999999999
21299.0,0.3957,0.4298,0.8255
21300.0,0.498,0.4446,0.9426
21301.0,0.4751,0.4213,0.8964000000000001
21302.0,0.4597,0.4397,0.8994
21303.0,0.7773,0.4254,1.2027
21304.0,0.5741,0.4452,1.0193
21305.0,0.4466,0.4196,0.8662
21306.0,0.5468,0.4425,0.9893
21307.0,0.4699,0.4321,0.9019999999999999
21308.0,0.1812,0.8966,1.0777999999999999
21309.0,0.4902,0.4023,0.8925000000000001
21310.0,0.5953,0.4263,1.0216
21311.0,0.5186,0.4326,0.9511999999999999
21312.0,0.3903,0.4309,0.8211999999999999
21313.0,0.6924,0.4472,1.1396
21314.0,0.4229,0.4318,0.8547
21315.0,0.4692,0.4187,0.8879
21316.0,0.3631,0.4139,0.7769999999999999
21317.0,0.4881,0.4064,0.8945
21318.0,0.3603,0.4051,0.7654000000000001
21319.0,0.5183,0.4121,0.9304
21320.0,0.4401,0.4048,0.8449
21321.0,0.5417,0.4142,0.9559
21322.0,0.0208,0.8252,0.8460000000000001
21323.0,0.3435,0.3989,0.7424
21324.0,0.4024,0.4157,0.8181
21325.0,0.3519,0.4221,0.774
21326.0,0.4282,0.4272,0.8554
21327.0,0.446,0.4128,0.8588
21328.0,0.4106,0.4314,0.8420000000000001
21329.0,0.3958,0.4197,0.8155
21330.0,0.6217,0.4282,1.0499
21331.0,0.5075,0.4103,0.9178
21332.0,0.3443,0.4058,0.7501
21333.0,0.5171,0.4293,0.9464
21334.0,0.4535,0.4321,0.8855999999999999
21335.0,0.5012,0.4143,0.9155
21336.0,0.066,0.1828,0.2488
21337.0,0.413,0.4114,0.8244
21338.0,0.3416,0.4203,0.7619
21339.0,0.5766,0.4436,1.0202
21340.0,0.349,0.4278,0.7767999999999999
21341.0,0.3947,0.435,0.8297
21342.0,0.3439,0.4183,0.7622
21343.0,0.3669,0.4085,0.7754
21344.0,0.3649,0.4111,0.776
21345.0,0.3974,0.3999,0.7972999999999999
21346.0,0.3733,0.395,0.7683
21347.0,0.511,0.4111,0.9221
21348.0,0.4253,0.408,0.8332999999999999
21349.0,0.386,0.4087,0.7947
21350.0,0.0049,0.0673,0.0722
21351.0,0.4389,0.4061,0.845
21352.0,0.3742,0.4168,0.7909999999999999
21353.0,0.5836,0.4241,1.0077
21354.0,0.5005,0.3936,0.8940999999999999
21355.0,0.4106,0.4028,0.8134
21356.0,0.3555,0.3946,0.7501
21357.0,0.3926,0.4042,0.7968
21358.0,0.4151,0.4037,0.8188
21359.0,0.3741,0.3823,0.7564
21360.0,0.384,0.4076,0.7916000000000001
21361.0,0.5322,0.4133,0.9455
21362.0,0.4355,0.4009,0.8364
21363.0,0.4623,0.3814,0.8437
21364.0,0.4324,0.1369,0.5693
21365.0,0.483,0.4054,0.8884
21366.0,0.3807,0.4004,0.7810999999999999
21367.0,0.4719,0.4112,0.8831
21368.0,0.4822,0.413,0.8952
21369.0,0.3654,0.4243,0.7897000000000001
21370.0,0.4009,0.4043,0.8051999999999999
21371.0,0.4175,0.3876,0.8050999999999999
21372.0,0.381,0.3964,0.7774
21373.0,0.3754,0.3927,0.7681
21374.0,0.3525,0.404,0.7565
21375.0,0.4737,0.3998,0.8734999999999999
21376.0,0.3925,0.4036,0.7961
21377.0,0.6103,0.4218,1.0321
21378.0,0.4067,1.0601,1.4668
21379.0,0.3212,0.3804,0.7016
21380.0,0.3957,0.4229,0.8186
21381.0,0.4008,0.4404,0.8412
21382.0,0.5492,0.4274,0.9766
21383.0,0.354,0.4088,0.7627999999999999
21384.0,0.5036,0.4226,0.9262
21385.0,0.7843,0.4302,1.2145000000000001
21386.0,0.39,0.408,0.798
21387.0,0.3999,0.412,0.8119
21388.0,0.3881,0.3936,0.7817000000000001
21389.0,0.3878,0.4037,0.7915
21390.0,0.4086,0.4067,0.8153
21391.0,0.427,0.4025,0.8295
21392.0,0.973,0.4639,1.4369
21393.0,0.4326,0.4271,0.8596999999999999
21394.0,0.4607,0.4277,0.8884000000000001
21395.0,0.407,0.4454,0.8524
21396.0,0.4574,0.445,0.9024
21397.0,0.6087,0.4683,1.077
21398.0,0.469,0.4334,0.9024
21399.0,0.4045,0.4409,0.8454
21400.0,0.576,0.4417,1.0177
21401.0,0.459,0.4327,0.8916999999999999
21402.0,0.4689,0.4434,0.9123
21403.0,0.578,0.4439,1.0219
21404.0,0.7627,0.437,1.1997
21405.0,0.4073,0.4113,0.8186
21406.0,0.0392,0.0397,0.0789
21407.0,0.566,0.4182,0.9842
21408.0,0.5155,0.4248,0.9402999999999999
21409.0,0.5744,0.4359,1.0103
21410.0,0.5392,0.423,0.9621999999999999
21411.0,0.5076,0.4276,0.9352
21412.0,0.6098,0.4162,1.026
21413.0,0.3805,0.4251,0.8056
21414.0,0.4141,0.4189,0.833
21415.0,0.6105,0.4068,1.0173
21416.0,0.4369,0.424,0.8609
21417.0,0.4778,0.4275,0.9053
21418.0,0.5629,0.4086,0.9715
21419.0,0.3571,0.3978,0.7548999999999999
21420.0,0.1738,0.4941,0.6678999999999999
21421.0,0.4893,0.4396,0.9289000000000001
21422.0,0.4439,0.4028,0.8467
21423.0,0.4655,0.4074,0.8729
21424.0,0.4473,0.4342,0.8815
21425.0,0.3961,0.4361,0.8322
21426.0,0.4385,0.437,0.8755
21427.0,0.4008,0.4217,0.8225
21428.0,0.4884,0.4161,0.9045000000000001
21429.0,0.3521,0.4145,0.7666
21430.0,0.4706,0.4146,0.8852
21431.0,0.3763,0.3956,0.7719
21432.0,0.4497,0.4166,0.8663000000000001
21433.0,0.4308,0.4074,0.8382000000000001
21434.0,0.0001,0.0644,0.0645
21435.0,0.4286,0.4118,0.8404
21436.0,0.4426,0.4116,0.8542000000000001
21437.0,0.6061,0.434,1.0401
21438.0,0.4566,0.4174,0.874
21439.0,0.4357,0.4075,0.8432
21440.0,0.398,0.4051,0.8031
21441.0,0.4544,0.4142,0.8686
21442.0,0.8065,0.4221,1.2286
21443.0,0.5023,0.4157,0.9179999999999999
21444.0,0.3615,0.4165,0.778
21445.0,0.5181,0.4036,0.9217
21446.0,0.3066,0.4161,0.7227
21447.0,0.4561,0.3941,0.8502000000000001
21448.0,0.2058,0.6067,0.8125
21449.0,0.4316,0.4231,0.8547
21450.0,0.6525,0.4262,1.0787
21451.0,0.4243,0.4554,0.8797
21452.0,0.2855,0.4657,0.7512
21453.0,0.3355,0.471,0.8065
21454.0,0.3506,0.4562,0.8068
21455.0,0.3946,0.4464,0.841
21456.0,0.6631,0.4212,1.0843
21457.0,0.5007,0.4237,0.9244000000000001
21458.0,0.6993,0.3806,1.0799
21459.0,0.6211,0.3861,1.0072
21460.0,0.5403,0.3963,0.9366
21461.0,0.4187,0.4162,0.8349
21462.0,0.103,0.0608,0.1638
21463.0,0.4334,0.4472,0.8806
21464.0,0.4122,0.4247,0.8369
21465.0,0.4176,0.4462,0.8638
21466.0,0.4378,0.4312,0.869
21467.0,0.5064,0.4407,0.9470999999999999
21468.0,0.3807,0.3925,0.7732
21469.0,0.4236,0.4194,0.843
21470.0,0.4967,0.4241,0.9208
21471.0,0.5341,0.4098,0.9439
21472.0,0.3597,0.3963,0.756
21473.0,0.6506,0.375,1.0255999999999998
21474.0,0.4081,0.3962,0.8043
21475.0,0.4523,0.4,0.8523000000000001
21476.0,0.0867,0.0651,0.1518
21477.0,0.574,0.4053,0.9793
21478.0,0.4506,0.4196,0.8702
21479.0,0.6833,0.4003,1.0836000000000001
21480.0,0.4064,0.409,0.8153999999999999
21481.0,0.448,0.4041,0.8521000000000001
21482.0,0.4303,0.4177,0.8480000000000001
21483.0,0.3909,0.3831,0.774
21484.0,0.7442,0.4013,1.1455
21485.0,0.4059,0.3809,0.7867999999999999
21486.0,0.3447,0.4023,0.747
21487.0,0.4312,0.3886,0.8198000000000001
21488.0,0.489,0.4206,0.9096
21489.0,0.3614,0.3868,0.7482
21490.0,0.3416,0.8895,1.2311
21491.0,0.5835,0.4108,0.9943
21492.0,0.4413,0.4041,0.8454
21493.0,0.3674,0.4261,0.7935
21494.0,0.4136,0.4408,0.8544
21495.0,0.3968,0.4314,0.8282
21496.0,0.4817,0.4069,0.8886000000000001
21497.0,0.7505,0.4201,1.1705999999999999
21498.0,0.4495,0.4098,0.8593
21499.0,0.4579,0.3913,0.8492
21500.0,0.5493,0.4068,0.9561
21501.0,0.4306,0.3844,0.815
21502.0,0.3596,0.405,0.7646
21503.0,0.3742,0.4116,0.7858
21504.0,0.0231,0.2003,0.22340000000000002
21505.0,0.4044,0.3948,0.7991999999999999
21506.0,0.3653,0.4111,0.7764
21507.0,0.5518,0.4349,0.9866999999999999
21508.0,0.4859,0.3987,0.8846
21509.0,0.5299,0.3949,0.9248000000000001
21510.0,0.4414,0.4044,0.8458
21511.0,0.4005,0.4081,0.8086
21512.0,0.4674,0.4021,0.8694999999999999
21513.0,0.4463,0.3945,0.8408
21514.0,0.4363,0.4158,0.8521000000000001
21515.0,0.3884,0.3794,0.7678
21516.0,0.4271,0.4237,0.8508
21517.0,0.4243,0.3919,0.8162
21518.0,0.3211,0.1473,0.4684
21519.0,0.4013,0.3894,0.7907
21520.0,0.4419,0.3936,0.8355
21521.0,0.6826,0.3914,1.074
21522.0,0.5355,0.4104,0.9459
21523.0,0.4415,0.4114,0.8529
21524.0,0.4042,0.3944,0.7986
21525.0,0.4214,0.4054,0.8268
21526.0,0.3956,0.3926,0.7882
21527.0,0.4182,0.392,0.8102
21528.0,0.6361,0.3905,1.0266
21529.0,0.3819,0.3989,0.7807999999999999
21530.0,0.4026,0.4,0.8026
21531.0,0.3897,0.4044,0.7941
21532.0,0.0115,0.6314,0.6428999999999999
21533.0,0.4574,0.4098,0.8672
21534.0,0.3685,0.3857,0.7542
21535.0,0.4026,0.4268,0.8294
21536.0,0.4455,0.4007,0.8462000000000001
21537.0,0.4119,0.4339,0.8458
21538.0,0.3266,0.4308,0.7574000000000001
21539.0,0.4893,0.4148,0.9041
21540.0,0.5918,0.3885,0.9803
21541.0,0.4049,0.4029,0.8078
21542.0,0.4862,0.411,0.8972
21543.0,0.4477,0.4013,0.849
21544.0,0.3776,0.4074,0.7849999999999999
21545.0,0.3967,0.403,0.7997000000000001
21546.0,0.2352,0.2036,0.43879999999999997
21547.0,0.3273,0.4026,0.7299
21548.0,0.4202,0.4094,0.8296
21549.0,0.5878,0.4207,1.0085
21550.0,0.4366,0.404,0.8406
21551.0,0.3983,0.3976,0.7959
21552.0,0.5031,0.3991,0.9022
21553.0,0.4285,0.4077,0.8362
21554.0,0.4377,0.3868,0.8245
21555.0,0.4504,0.4064,0.8568
21556.0,0.5454,0.3966,0.942
21557.0,0.39,0.3759,0.7659
21558.0,0.4462,0.4142,0.8604
21559.0,0.4378,0.3957,0.8335
21560.0,0.0319,0.9365,0.9684
21561.0,0.4634,0.4003,0.8636999999999999
21562.0,0.385,0.4191,0.8041
21563.0,0.4142,0.429,0.8432
21564.0,0.4422,0.404,0.8462000000000001
21565.0,0.3691,0.408,0.7770999999999999
21566.0,0.5251,0.3958,0.9209
21567.0,0.5008,0.42,0.9208000000000001
21568.0,0.4669,0.4099,0.8768
21569.0,0.5095,0.417,0.9264999999999999
21570.0,0.4296,0.4125,0.8421
21571.0,0.4749,0.4328,0.9077
21572.0,0.4765,0.4183,0.8948
21573.0,0.3652,0.3981,0.7633000000000001
21574.0,0.8482,0.5132,1.3614
21575.0,0.3391,0.4203,0.7594000000000001
21576.0,0.4924,0.4139,0.9063
21577.0,0.4493,0.4291,0.8784
21578.0,0.4173,0.4195,0.8368
21579.0,0.4312,0.4252,0.8564
21580.0,0.5373,0.4221,0.9594
21581.0,0.6821,0.4185,1.1006
21582.0,0.422,0.4099,0.8319
21583.0,0.4389,0.4056,0.8445
21584.0,0.7257,0.4,1.1257000000000001
21585.0,0.4332,0.4135,0.8467
21586.0,0.4147,0.4308,0.8455
21587.0,0.4169,0.418,0.8349
21588.0,0.0875,0.265,0.35250000000000004
21589.0,0.4871,0.4224,0.9095
21590.0,0.5186,0.4129,0.9315
21591.0,0.5268,0.4289,0.9557
21592.0,0.3285,0.4318,0.7603
21593.0,0.346,0.4117,0.7577
21594.0,0.46,0.4439,0.9039
21595.0,0.4042,0.4072,0.8114
21596.0,0.3667,0.4154,0.7821
21597.0,0.4031,0.4157,0.8188
21598.0,0.4051,0.4015,0.8066
21599.0,0.4101,0.3888,0.7988999999999999
21600.0,0.3848,0.4015,0.7863
21601.0,0.3933,0.4094,0.8027
21602.0,0.0013,1.2155,1.2168
21603.0,0.4696,0.4025,0.8721000000000001
21604.0,0.4544,0.4115,0.8659
21605.0,0.4299,0.4067,0.8366
21606.0,0.4059,0.4228,0.8287
21607.0,0.503,0.4314,0.9344
21608.0,0.3553,0.4333,0.7886
21609.0,0.3601,0.4352,0.7952999999999999
21610.0,0.3948,0.4189,0.8137
21611.0,0.3509,0.3802,0.7311
21612.0,0.4279,0.4279,0.8558
21613.0,0.4364,0.4213,0.8577
21614.0,0.479,0.3992,0.8782
21615.0,0.3475,0.4065,0.754
21616.0,0.0059,0.1324,0.13829999999999998
21617.0,0.6229,0.4155,1.0384
21618.0,0.4166,0.4116,0.8282
21619.0,0.4582,0.42,0.8782
21620.0,0.5046,0.406,0.9106000000000001
21621.0,0.3839,0.4151,0.799
21622.0,0.6123,0.3993,1.0116
21623.0,0.4827,0.4016,0.8843000000000001
21624.0,0.4382,0.3991,0.8372999999999999
21625.0,0.5011,0.401,0.9021
21626.0,0.4086,0.4196,0.8282
21627.0,0.45,0.4075,0.8574999999999999
21628.0,0.4822,0.3988,0.881
21629.0,0.4787,0.3906,0.8693
21630.0,0.0028,0.9553,0.9581000000000001
21631.0,0.3675,0.3921,0.7596
21632.0,0.4933,0.4142,0.9075
21633.0,0.4344,0.4227,0.8571
21634.0,0.6213,0.4224,1.0436999999999999
21635.0,0.4179,0.4359,0.8538
21636.0,0.3575,0.4226,0.7801
21637.0,0.3731,0.4061,0.7792
21638.0,0.4786,0.4215,0.9001
21639.0,0.4052,0.4126,0.8178000000000001
21640.0,0.4392,0.4074,0.8466
21641.0,0.4638,0.4226,0.8864
21642.0,0.4012,0.4211,0.8223
21643.0,0.4434,0.4432,0.8866
21644.0,0.0219,0.3532,0.3751
21645.0,0.5275,0.4031,0.9306
21646.0,0.3903,0.4242,0.8145
21647.0,0.3849,0.4241,0.8089999999999999
21648.0,0.3859,0.4184,0.8043
21649.0,0.5102,0.4017,0.9118999999999999
21650.0,0.4625,0.4036,0.8661000000000001
21651.0,0.5705,0.4097,0.9802
21652.0,0.3711,0.4143,0.7854
21653.0,0.3619,0.4076,0.7695000000000001
21654.0,0.3515,0.4092,0.7606999999999999
21655.0,0.3374,0.4047,0.7421
21656.0,0.4982,0.4036,0.9017999999999999
21657.0,0.4152,0.3962,0.8114
21658.0,1.9658,0.7093,2.6751
21659.0,0.476,0.4073,0.8833
21660.0,0.3956,0.3859,0.7815000000000001
21661.0,0.4324,0.4184,0.8508
21662.0,0.4762,0.4181,0.8943000000000001
21663.0,0.5408,0.4062,0.947
21664.0,0.4579,0.4198,0.8776999999999999
21665.0,0.501,0.4019,0.9029
21666.0,0.3489,0.4071,0.756
21667.0,0.386,0.3971,0.7831
21668.0,0.518,0.3915,0.9095
21669.0,0.4913,0.4108,0.9021
21670.0,0.4592,0.4159,0.8751
21671.0,0.4656,0.4167,0.8823000000000001
21672.0,0.0093,2.2929,2.3022
21673.0,0.4671,0.4265,0.8936
21674.0,0.3955,0.4264,0.8219000000000001
21675.0,0.546,0.415,0.9610000000000001
21676.0,0.3918,0.4295,0.8212999999999999
21677.0,0.3901,0.4119,0.802
21678.0,0.4749,0.4466,0.9215
21679.0,0.5015,0.4108,0.9122999999999999
21680.0,0.4942,0.4232,0.9174
21681.0,0.5119,0.4142,0.9261
21682.0,0.506,0.4353,0.9413
21683.0,0.554,0.4299,0.9839
21684.0,0.3916,0.4447,0.8363
21685.0,0.3996,0.4252,0.8248
21686.0,0.0183,0.7612,0.7795
21687.0,0.4223,0.4339,0.8562000000000001
21688.0,0.4613,0.4487,0.9099999999999999
21689.0,0.4062,0.4493,0.8554999999999999
21690.0,0.4722,0.459,0.9312
21691.0,0.4459,0.4841,0.9299999999999999
21692.0,0.565,0.4671,1.0321
21693.0,0.4535,0.4454,0.8989
21694.0,0.5028,0.4447,0.9475
21695.0,0.5269,0.4421,0.9690000000000001
21696.0,0.3905,0.4266,0.8170999999999999
21697.0,0.4648,0.4518,0.9166
21698.0,0.3813,0.4423,0.8236
21699.0,0.378,0.4598,0.8378
21700.0,0.3256,0.3775,0.7031000000000001
21701.0,0.4001,0.4336,0.8337
21702.0,0.3895,0.4442,0.8337
21703.0,0.3816,0.4303,0.8119000000000001
21704.0,0.4931,0.447,0.9400999999999999
21705.0,0.4471,0.4279,0.875
21706.0,0.451,0.4072,0.8582000000000001
21707.0,0.4068,0.4327,0.8394999999999999
21708.0,0.3718,0.4505,0.8223
21709.0,0.5135,0.416,0.9295
21710.0,0.5404,0.4145,0.9549
21711.0,0.4764,0.4065,0.8829
21712.0,0.3608,0.4187,0.7795000000000001
21713.0,0.5113,0.4327,0.944
21714.0,0.3396,0.2122,0.5518000000000001
21715.0,0.3888,0.4052,0.794
21716.0,0.4286,0.4157,0.8443
21717.0,0.3682,0.4092,0.7774000000000001
21718.0,0.398,0.4419,0.8399000000000001
21719.0,0.417,0.4151,0.8321000000000001
21720.0,0.4279,0.4041,0.8320000000000001
21721.0,0.4056,0.4136,0.8192
21722.0,0.5199,0.4016,0.9215
21723.0,0.4176,0.4256,0.8432
21724.0,0.4134,0.401,0.8144
21725.0,0.7428,0.4216,1.1644
21726.0,0.4169,0.431,0.8479
21727.0,0.76,0.3911,1.1511
21728.0,0.0009,0.0406,0.041499999999999995
21729.0,0.4687,0.3897,0.8584
21730.0,0.4992,0.4081,0.9073
21731.0,0.3888,0.3983,0.7870999999999999
21732.0,0.4416,0.4167,0.8583000000000001
21733.0,0.8136,0.4057,1.2193
21734.0,0.4386,0.3991,0.8377
21735.0,0.3456,0.4199,0.7655000000000001
21736.0,0.5799,0.4022,0.9821
21737.0,0.4507,0.394,0.8447
21738.0,0.3826,0.389,0.7716000000000001
21739.0,0.3856,0.4149,0.8005
21740.0,0.3834,0.3802,0.7636000000000001
21741.0,0.391,0.4002,0.7912
21742.0,2.0246,0.3292,2.3538
21743.0,0.3918,0.3856,0.7774
21744.0,0.4063,0.3976,0.8039000000000001
21745.0,0.4263,0.4147,0.841
21746.0,0.5295,0.4274,0.9569
21747.0,0.5788,0.4231,1.0019
21748.0,0.4283,0.4161,0.8444
21749.0,0.5078,0.4119,0.9197
21750.0,0.5025,0.419,0.9215
21751.0,0.4767,0.4059,0.8826
21752.0,0.5213,0.4137,0.935
21753.0,0.5683,0.4165,0.9848
21754.0,0.5173,0.4199,0.9372
21755.0,0.4158,0.4011,0.8169
21756.0,0.1203,0.1678,0.2881
21757.0,0.4943,0.4213,0.9156
21758.0,0.5618,0.4149,0.9766999999999999
21759.0,0.4659,0.4282,0.8941
21760.0,0.4509,0.4304,0.8813
21761.0,0.3791,0.4157,0.7948
21762.0,0.5196,0.4064,0.9259999999999999
21763.0,0.4851,0.4115,0.8966
21764.0,0.654,0.393,1.0470000000000002
21765.0,0.438,0.4118,0.8498
21766.0,0.4304,0.415,0.8453999999999999
21767.0,0.4276,0.4137,0.8412999999999999
21768.0,0.5791,0.401,0.9801
21769.0,0.444,0.4189,0.8629
21770.0,0.0298,0.776,0.8058000000000001
21771.0,0.4855,0.4088,0.8943
21772.0,0.483,0.4107,0.8936999999999999
21773.0,0.4286,0.4091,0.8377
21774.0,0.5693,0.4047,0.974
21775.0,0.4916,0.4113,0.9029
21776.0,0.3252,0.4022,0.7274
21777.0,0.34,0.402,0.742
21778.0,0.336,0.3887,0.7247
21779.0,0.5232,0.4031,0.9263
21780.0,0.4588,0.377,0.8358
21781.0,0.4154,0.3917,0.8070999999999999
21782.0,0.4366,0.3987,0.8352999999999999
21783.0,0.5812,0.4003,0.9815
21784.0,0.0313,0.2218,0.2531
21785.0,0.3004,0.4202,0.7206
21786.0,0.4179,0.4105,0.8284
21787.0,0.4071,0.4092,0.8163
21788.0,0.6081,0.3989,1.007
21789.0,0.4978,0.4149,0.9127000000000001
21790.0,0.7217,0.4226,1.1442999999999999
21791.0,0.3992,0.4046,0.8038000000000001
21792.0,0.464,0.4019,0.8659
21793.0,0.4684,0.4005,0.8689
21794.0,0.528,0.4279,0.9559
21795.0,0.4095,0.414,0.8234999999999999
21796.0,0.583,0.3924,0.9754
21797.0,0.4608,0.3883,0.8491
21798.0,0.0921,0.0667,0.1588
21799.0,0.3365,0.3961,0.7326
21800.0,0.4807,0.403,0.8837
21801.0,0.4191,0.4039,0.823
21802.0,0.4207,0.3925,0.8132
21803.0,0.445,0.3816,0.8266
21804.0,0.6425,0.4215,1.064
21805.0,0.562,0.3961,0.9581000000000001
21806.0,0.46,0.4083,0.8683000000000001
21807.0,0.4631,0.408,0.8711
21808.0,0.4009,0.4045,0.8054
21809.0,0.4238,0.3975,0.8213
21810.0,0.3851,0.3941,0.7792
21811.0,0.6496,0.3953,1.0449
21812.0,0.094,0.3219,0.41590000000000005
21813.0,0.5741,0.3832,0.9573
21814.0,0.3793,0.418,0.7973
21815.0,0.4479,0.404,0.8519000000000001
21816.0,0.3794,0.3986,0.778
21817.0,0.4197,0.3945,0.8142
21818.0,0.4501,0.4171,0.8672
21819.0,0.5847,0.4056,0.9903
21820.0,0.4955,0.4155,0.911
21821.0,0.4094,0.4045,0.8139000000000001
21822.0,0.3044,0.368,0.6724
21823.0,0.4865,0.3735,0.86
21824.0,0.3371,0.377,0.7141
21825.0,0.5221,0.3969,0.919
21826.0,0.0062,0.0808,0.087
21827.0,0.6045,0.4026,1.0071
21828.0,0.3671,0.3735,0.7405999999999999
21829.0,0.5116,0.3954,0.907
21830.0,0.7086,0.3923,1.1009
21831.0,0.4196,0.4114,0.831
21832.0,0.4987,0.4033,0.9019999999999999
21833.0,0.4033,0.4048,0.8081
21834.0,0.4277,0.3948,0.8225
21835.0,0.3971,0.3868,0.7839
21836.0,0.4657,0.3708,0.8365
21837.0,0.5687,0.3905,0.9592
21838.0,0.6628,0.3862,1.049
21839.0,0.404,0.3946,0.7986
21840.0,0.0066,0.0373,0.0439
21841.0,0.4247,0.3925,0.8172
21842.0,0.3445,0.3717,0.7162
21843.0,0.3932,0.392,0.7852
21844.0,0.6265,0.3904,1.0169
21845.0,0.3453,0.3899,0.7352000000000001
21846.0,0.4163,0.3694,0.7857000000000001
21847.0,0.4179,0.3894,0.8073
21848.0,0.4876,0.377,0.8646
21849.0,0.426,0.39,0.8160000000000001
21850.0,0.424,0.3842,0.8082
21851.0,0.3316,0.4046,0.7362
21852.0,0.4525,0.4002,0.8527
21853.0,0.4139,0.3795,0.7934
21854.0,0.0005,1.0336,1.0341
21855.0,0.4412,0.3858,0.827
21856.0,0.3545,0.3895,0.744
21857.0,0.4458,0.3887,0.8345
21858.0,0.3736,0.4094,0.7829999999999999
21859.0,0.6398,0.3918,1.0316
21860.0,0.5716,0.3967,0.9682999999999999
21861.0,0.3974,0.4144,0.8118
21862.0,0.3852,0.4324,0.8176
21863.0,0.359,0.415,0.774
21864.0,0.3227,0.4188,0.7415
21865.0,0.4234,0.4148,0.8382000000000001
21866.0,0.4208,0.404,0.8248
21867.0,0.4812,0.4176,0.8988
21868.0,0.0078,0.0222,0.03
21869.0,0.3878,0.4031,0.7908999999999999
21870.0,0.3523,0.4151,0.7674000000000001
21871.0,0.3824,0.4039,0.7863
21872.0,0.4212,0.3753,0.7965
21873.0,0.5103,0.4137,0.9239999999999999
21874.0,0.5053,0.4128,0.9180999999999999
21875.0,0.565,0.4065,0.9714999999999999
21876.0,0.3836,0.3868,0.7704
21877.0,0.412,0.3824,0.7944
21878.0,0.4121,0.4208,0.8329
21879.0,0.4871,0.3955,0.8826
21880.0,0.398,0.3913,0.7893
21881.0,0.3877,0.4003,0.788
21882.0,0.0006,1.1224,1.123
21883.0,0.4802,0.4003,0.8805000000000001
21884.0,0.3337,0.4019,0.7356
21885.0,0.3637,0.4386,0.8023
21886.0,0.354,0.4155,0.7695
21887.0,0.4887,0.4301,0.9188000000000001
21888.0,0.401,0.4286,0.8296
21889.0,0.4148,0.4191,0.8339
21890.0,0.4525,0.4204,0.8729
21891.0,0.3806,0.4037,0.7843
21892.0,0.4083,0.3928,0.8010999999999999
21893.0,0.4008,0.3984,0.7991999999999999
21894.0,0.5213,0.4348,0.9561
21895.0,0.4236,0.4161,0.8397
21896.0,0.1267,0.5511,0.6778000000000001
21897.0,0.3832,0.4292,0.8124
21898.0,0.5792,0.4298,1.0090000000000001
21899.0,0.3453,0.4366,0.7819
21900.0,0.3407,0.4117,0.7524
21901.0,0.4888,0.393,0.8818
21902.0,0.4745,0.4237,0.8982
21903.0,0.5725,0.3907,0.9632000000000001
21904.0,0.3838,0.379,0.7627999999999999
21905.0,0.3938,0.4061,0.7999
21906.0,0.4449,0.4065,0.8513999999999999
21907.0,0.3809,0.4077,0.7886
21908.0,0.5154,0.4077,0.9231
21909.0,0.4772,0.3903,0.8674999999999999
21910.0,0.1801,0.1885,0.36860000000000004
21911.0,0.367,0.4209,0.7879
21912.0,0.3568,0.3766,0.7334
21913.0,0.4663,0.3991,0.8654
21914.0,0.4732,0.4268,0.9
21915.0,0.3979,0.4073,0.8051999999999999
21916.0,0.4747,0.417,0.8916999999999999
21917.0,0.4223,0.4069,0.8291999999999999
21918.0,0.4455,0.3976,0.8431
21919.0,0.3947,0.3966,0.7913
21920.0,0.4141,0.414,0.8281000000000001
21921.0,0.5631,0.4026,0.9657
21922.0,0.3695,0.3907,0.7602
21923.0,0.4149,0.4134,0.8283
21924.0,0.0047,0.0486,0.0533
21925.0,0.3441,0.3924,0.7365
21926.0,0.3617,0.3788,0.7405
21927.0,0.4299,0.3837,0.8136
21928.0,0.3216,0.3965,0.7181
21929.0,0.3975,0.4086,0.8061
21930.0,0.4045,0.3972,0.8017000000000001
21931.0,0.5851,0.4011,0.9862
21932.0,0.5682,0.3938,0.962
21933.0,0.4511,0.394,0.8451
21934.0,0.4831,0.3814,0.8645
21935.0,0.4995,0.4011,0.9006000000000001
21936.0,0.3258,0.3922,0.718
21937.0,0.4124,0.3762,0.7886
21938.0,0.0013,0.5816,0.5829
21939.0,0.4394,0.4064,0.8458
21940.0,0.3596,0.3936,0.7532
21941.0,0.4347,0.3928,0.8274999999999999
21942.0,0.3212,0.3948,0.716
21943.0,0.3723,0.4225,0.7948
21944.0,0.6108,0.3993,1.0101
21945.0,0.4345,0.4052,0.8397
21946.0,0.4065,0.3981,0.8046
21947.0,1.2997,0.3939,1.6936
21948.0,0.4555,0.4043,0.8598
21949.0,0.5453,0.4168,0.9621
21950.0,0.4021,0.3914,0.7935000000000001
21951.0,0.4051,0.3803,0.7854000000000001
21952.0,0.046,0.0486,0.09459999999999999
21953.0,0.5072,0.4002,0.9074
21954.0,0.5506,0.3938,0.9443999999999999
21955.0,0.4535,0.4077,0.8612
21956.0,0.4547,0.4157,0.8704000000000001
21957.0,0.6487,0.3862,1.0349
21958.0,0.4226,0.3981,0.8207
21959.0,0.3804,0.383,0.7634000000000001
21960.0,0.4342,0.3883,0.8225
21961.0,0.4919,0.3756,0.8674999999999999
21962.0,0.5786,0.372,0.9506
21963.0,0.4855,0.4045,0.89
21964.0,0.3631,0.3982,0.7613
21965.0,0.4954,0.3886,0.884
21966.0,0.0064,0.035,0.041400000000000006
21967.0,0.5154,0.3899,0.9053
21968.0,0.5304,0.4016,0.9319999999999999
21969.0,0.3367,0.3817,0.7183999999999999
21970.0,0.414,0.3827,0.7967
21971.0,0.4166,0.4076,0.8242
21972.0,0.5082,0.3839,0.8921
21973.0,0.3557,0.3898,0.7455
21974.0,0.4069,0.3926,0.7995
21975.0,0.3918,0.3636,0.7554
21976.0,0.4664,0.402,0.8684000000000001
21977.0,0.3303,0.3788,0.7091000000000001
21978.0,0.4716,0.3929,0.8645
21979.0,0.3797,0.3952,0.7748999999999999
21980.0,0.0402,0.0946,0.1348
21981.0,0.3943,0.375,0.7693
21982.0,0.406,0.3917,0.7977000000000001
21983.0,0.3898,0.3819,0.7717
21984.0,0.3823,0.3882,0.7705
21985.0,0.4324,0.4007,0.8331
21986.0,0.4477,0.4061,0.8538
21987.0,0.4126,0.4079,0.8205
21988.0,1.1859,0.3803,1.5662
21989.0,0.3722,0.4114,0.7836
21990.0,0.3834,0.3945,0.7779
21991.0,0.4433,0.3928,0.8361000000000001
21992.0,0.4304,0.3965,0.8269
21993.0,0.6437,0.3932,1.0369000000000002
21994.0,1.1523,0.4464,1.5987
21995.0,0.3451,0.4089,0.754
21996.0,0.433,0.393,0.8260000000000001
21997.0,0.439,0.3938,0.8328
21998.0,0.3807,0.4112,0.7919
21999.0,0.5542,0.4189,0.9731000000000001
22000.0,0.3612,0.4075,0.7686999999999999
22001.0,0.4509,0.4228,0.8737
22002.0,0.5146,0.4072,0.9218
22003.0,0.4605,0.3958,0.8563000000000001
22004.0,0.4269,0.383,0.8099000000000001
22005.0,0.4493,0.4057,0.855
22006.0,0.4218,0.3931,0.8149
22007.0,0.3885,0.3969,0.7854
22008.0,0.0483,0.197,0.24530000000000002
22009.0,0.3876,0.4217,0.8093
22010.0,0.3757,0.4105,0.7862
22011.0,0.3981,0.3979,0.796
22012.0,0.5157,0.4011,0.9168000000000001
22013.0,0.4352,0.3844,0.8196
22014.0,0.4948,0.4028,0.8976
22015.0,0.4327,0.3838,0.8165
22016.0,0.38,0.4054,0.7854
22017.0,0.4417,0.409,0.8507
22018.0,0.484,0.3967,0.8807
22019.0,0.3739,0.3769,0.7508
22020.0,0.4954,0.3818,0.8772
22021.0,0.5927,0.3908,0.9835
22022.0,0.1394,0.0584,0.1978
22023.0,0.4767,0.385,0.8617
22024.0,0.465,0.3814,0.8464
22025.0,0.4249,0.4115,0.8364
22026.0,0.3722,0.3886,0.7607999999999999
22027.0,0.6652,0.4153,1.0805
22028.0,0.3725,0.3895,0.762
22029.0,0.6547,0.4194,1.0741
22030.0,0.4567,0.3925,0.8492
22031.0,0.4479,0.3912,0.8391
22032.0,0.3916,0.3819,0.7735000000000001
22033.0,0.4328,0.4031,0.8359000000000001
22034.0,0.3937,0.4072,0.8009
22035.0,0.3571,0.3923,0.7494
22036.0,0.0375,0.7063,0.7438
22037.0,0.4625,0.3951,0.8576
22038.0,0.4903,0.4032,0.8935
22039.0,0.4992,0.3914,0.8906000000000001
22040.0,0.4148,0.3986,0.8134
22041.0,0.4368,0.4056,0.8424
22042.0,0.3451,0.4206,0.7657
22043.0,0.3484,0.4084,0.7567999999999999
22044.0,0.4006,0.4127,0.8133
22045.0,0.3679,0.385,0.7529
22046.0,0.4686,0.4033,0.8719
22047.0,0.3836,0.3845,0.7681
22048.0,0.4658,0.3844,0.8502000000000001
22049.0,0.5353,0.3786,0.9138999999999999
22050.0,0.0719,0.0653,0.1372
22051.0,0.4588,0.3868,0.8455999999999999
22052.0,0.4511,0.3968,0.8479
22053.0,0.5677,0.4014,0.9691
22054.0,0.3702,0.3853,0.7555
22055.0,0.5416,0.3852,0.9268
22056.0,0.4908,0.4106,0.9014
22057.0,0.5164,0.3864,0.9028
22058.0,0.5555,0.3975,0.9530000000000001
22059.0,0.5315,0.3949,0.9263999999999999
22060.0,0.3918,0.397,0.7888
22061.0,0.4759,0.385,0.8609
22062.0,0.4393,0.3978,0.8371
22063.0,0.4512,0.3815,0.8327
22064.0,0.0739,0.5576,0.6315
22065.0,0.491,0.39,0.881
22066.0,0.3859,0.3963,0.7822
22067.0,0.447,0.4055,0.8525
22068.0,0.3934,0.3817,0.7751
22069.0,0.454,0.3983,0.8523000000000001
22070.0,0.4358,0.3879,0.8237000000000001
22071.0,0.402,0.4178,0.8198000000000001
22072.0,0.4401,0.3867,0.8268
22073.0,0.3649,0.397,0.7619
22074.0,0.4529,0.3983,0.8512
22075.0,0.4254,0.4068,0.8322
22076.0,0.5713,0.3968,0.9681
22077.0,0.3712,0.3933,0.7645
22078.0,0.0012,0.0093,0.010499999999999999
22079.0,0.3933,0.3839,0.7772
22080.0,0.4512,0.385,0.8362
22081.0,0.4066,0.3882,0.7948
22082.0,0.3719,0.4027,0.7746
22083.0,0.4878,0.3959,0.8836999999999999
22084.0,0.4787,0.3807,0.8593999999999999
22085.0,0.4116,0.3683,0.7799
22086.0,0.483,0.3825,0.8654999999999999
22087.0,0.4427,0.3769,0.8196
22088.0,0.396,0.3956,0.7916000000000001
22089.0,0.4361,0.3931,0.8291999999999999
22090.0,0.3511,0.3863,0.7374
22091.0,0.6771,0.4172,1.0943
22092.0,0.0074,0.0438,0.051199999999999996
22093.0,0.6859,0.3863,1.0722
22094.0,0.404,0.3995,0.8035000000000001
22095.0,0.3995,0.373,0.7725
22096.0,0.5835,0.3743,0.9578
22097.0,0.5402,0.3916,0.9318
22098.0,0.4891,0.391,0.8801
22099.0,0.3759,0.3817,0.7576
22100.0,0.467,0.394,0.861
22101.0,0.5309,0.3777,0.9086000000000001
22102.0,0.3405,0.3956,0.7361
22103.0,0.4027,0.3803,0.783
22104.0,0.4248,0.3813,0.8061
22105.0,0.3842,0.3905,0.7746999999999999
22106.0,0.0053,0.0149,0.0202
22107.0,0.4166,0.373,0.7896000000000001
22108.0,0.4133,0.3823,0.7956
22109.0,0.4978,0.3855,0.8833
22110.0,0.472,0.3881,0.8601
22111.0,0.3935,0.3615,0.755
22112.0,0.4331,0.3837,0.8168
22113.0,0.5275,0.3778,0.9053
22114.0,0.3775,0.3822,0.7597
22115.0,0.4301,0.3649,0.7949999999999999
22116.0,0.417,0.3822,0.7991999999999999
22117.0,0.741,0.3744,1.1154
22118.0,0.388,0.3639,0.7519
22119.0,0.4137,0.3818,0.7955
22120.0,0.0425,0.0787,0.1212
22121.0,0.4455,0.3819,0.8274
22122.0,0.596,0.3981,0.9941
22123.0,0.3534,0.3816,0.735
22124.0,0.441,0.3897,0.8307
22125.0,0.4114,0.4037,0.8150999999999999
22126.0,0.4509,0.4071,0.8580000000000001
22127.0,0.4549,0.406,0.8609
22128.0,0.4591,0.3947,0.8538
22129.0,0.3599,0.3939,0.7538
22130.0,0.4494,0.3909,0.8403
22131.0,0.4181,0.3861,0.8042
22132.0,0.3638,0.3805,0.7443
22133.0,0.487,0.3895,0.8765000000000001
22134.0,0.0218,0.6754,0.6972
22135.0,0.755,0.3961,1.1511
22136.0,0.4152,0.4011,0.8163
22137.0,0.4977,0.4138,0.9115
22138.0,0.5324,0.3963,0.9287
22139.0,0.3824,0.3937,0.7761
22140.0,0.3957,0.4031,0.7988
22141.0,0.5078,0.387,0.8948
22142.0,0.5554,0.3865,0.9419
22143.0,0.3884,0.3746,0.763
22144.0,0.3422,0.3646,0.7068
22145.0,0.3487,0.394,0.7427
22146.0,0.3385,0.401,0.7395
22147.0,0.4399,0.4196,0.8594999999999999
22148.0,0.0082,0.0337,0.0419
22149.0,0.5263,0.3885,0.9148000000000001
22150.0,0.4099,0.3971,0.8069999999999999
22151.0,0.4887,0.3828,0.8714999999999999
22152.0,0.339,0.4142,0.7532000000000001
22153.0,0.4377,0.4096,0.8472999999999999
22154.0,0.3405,0.4159,0.7564
22155.0,0.4125,0.3846,0.7970999999999999
22156.0,0.4672,0.3762,0.8433999999999999
22157.0,0.41,0.3882,0.7982
22158.0,0.4348,0.3913,0.8261000000000001
22159.0,0.4963,0.3686,0.8649
22160.0,0.4168,0.3631,0.7799
22161.0,0.4933,0.4091,0.9024000000000001
22162.0,1.1553,0.4824,1.6377
22163.0,0.4009,0.405,0.8059000000000001
22164.0,0.3275,0.4048,0.7323
22165.0,1.6324,0.4194,2.0518
22166.0,0.7015,0.4216,1.1231
22167.0,0.3472,0.4088,0.756
22168.0,0.4753,0.4104,0.8856999999999999
22169.0,0.4759,0.3954,0.8713
22170.0,0.3782,0.3947,0.7728999999999999
22171.0,0.4671,0.3823,0.8493999999999999
22172.0,0.3682,0.412,0.7802
22173.0,0.5575,0.3988,0.9562999999999999
22174.0,0.4389,0.3926,0.8315
22175.0,0.6402,0.3913,1.0314999999999999
22176.0,0.0,0.0458,0.0458
22177.0,0.3779,0.4133,0.7912
22178.0,0.4283,0.3907,0.819
22179.0,0.6801,0.4105,1.0906
22180.0,0.4237,0.3971,0.8208
22181.0,0.4422,0.3949,0.8371
22182.0,0.4015,0.3994,0.8009
22183.0,0.3566,0.3861,0.7426999999999999
22184.0,0.4228,0.3822,0.8049999999999999
22185.0,0.5774,0.3898,0.9672000000000001
22186.0,0.4231,0.3985,0.8216
22187.0,0.4505,0.4003,0.8508
22188.0,0.4225,0.3816,0.8041
22189.0,0.4294,0.399,0.8284
22190.0,0.1058,0.7054,0.8112
22191.0,0.3928,0.4019,0.7947
22192.0,0.3764,0.3959,0.7723
22193.0,0.3414,0.4053,0.7466999999999999
22194.0,0.4261,0.3949,0.821
22195.0,0.4482,0.3755,0.8237
22196.0,0.3192,0.3847,0.7039
22197.0,0.4999,0.4015,0.9014
22198.0,0.4505,0.3975,0.8480000000000001
22199.0,0.4012,0.4098,0.8109999999999999
22200.0,0.4725,0.3952,0.8676999999999999
22201.0,0.4468,0.4012,0.848
22202.0,0.3699,0.3725,0.7424
22203.0,0.5893,0.3906,0.9799
22204.0,0.0004,0.0096,0.009999999999999998
22205.0,0.4071,0.3836,0.7907
22206.0,0.5648,0.3816,0.9463999999999999
22207.0,0.5099,0.3936,0.9035
22208.0,0.4917,0.4036,0.8953
22209.0,0.4002,0.3897,0.7899
22210.0,0.378,0.3901,0.7681
22211.0,0.4213,0.3759,0.7972
22212.0,0.3274,0.396,0.7234
22213.0,0.4357,0.399,0.8347
22214.0,0.4653,0.3995,0.8648
22215.0,0.3981,0.377,0.7751
22216.0,0.3384,0.3888,0.7272
22217.0,0.3815,0.3788,0.7603
22218.0,4.0973,0.1893,4.2866
22219.0,0.412,0.3762,0.7882
22220.0,0.3913,0.4088,0.8001
22221.0,0.4189,0.3983,0.8171999999999999
22222.0,0.4497,0.4074,0.8571
22223.0,0.564,0.4268,0.9907999999999999
22224.0,0.3775,0.4318,0.8093
22225.0,0.501,0.4102,0.9112
22226.0,0.4856,0.404,0.8896
22227.0,0.3961,0.4054,0.8015
22228.0,0.4423,0.4265,0.8688
22229.0,0.451,0.4144,0.8654
22230.0,0.4139,0.4028,0.8167
22231.0,0.4993,0.4137,0.913
22232.0,0.0459,0.2009,0.2468
22233.0,0.5604,0.3867,0.9471
22234.0,0.5036,0.4125,0.9161
22235.0,0.5209,0.4176,0.9385000000000001
22236.0,0.965,0.4245,1.3895
22237.0,0.6235,0.4249,1.0484
22238.0,0.6726,0.4077,1.0803
22239.0,0.4595,0.4145,0.874
22240.0,0.4304,0.4226,0.853
22241.0,0.5364,0.4155,0.9519
22242.0,0.9052,0.3907,1.2959
22243.0,0.4707,0.4058,0.8765000000000001
22244.0,0.4673,0.3862,0.8534999999999999
22245.0,0.3824,0.414,0.7964
22246.0,0.0509,0.5654,0.6163000000000001
22247.0,0.4673,0.4283,0.8956
22248.0,0.3908,0.4175,0.8083
22249.0,0.4562,0.4189,0.8751
22250.0,0.4438,0.4318,0.8755999999999999
22251.0,0.4709,0.3959,0.8668
22252.0,0.4375,0.4364,0.8739
22253.0,0.5224,0.4227,0.9451
22254.0,0.3984,0.394,0.7924
22255.0,0.5228,0.3985,0.9213
22256.0,0.4665,0.3985,0.865
22257.0,0.4106,0.3718,0.7824
22258.0,0.4812,0.4133,0.8945000000000001
22259.0,0.4921,0.3972,0.8893
22260.0,2.3399,0.4134,2.7533000000000003
22261.0,0.4283,0.4078,0.8361000000000001
22262.0,0.3839,0.4259,0.8098000000000001
22263.0,0.4829,0.4448,0.9277
22264.0,0.4445,0.4187,0.8632
22265.0,0.4374,0.4185,0.8559
22266.0,0.4738,0.4157,0.8895
22267.0,0.4999,0.4071,0.907
22268.0,0.4488,0.3957,0.8445
22269.0,0.47,0.4146,0.8846
22270.0,0.5869,0.3951,0.982
22271.0,0.593,0.4039,0.9968999999999999
22272.0,0.3653,0.4067,0.772
22273.0,0.4815,0.3996,0.8811
22274.0,0.0045,0.5361,0.5406
22275.0,0.495,0.4158,0.9108
22276.0,0.6547,0.3996,1.0543
22277.0,0.4284,0.4109,0.8392999999999999
22278.0,0.4448,0.4474,0.8922
22279.0,0.8082,0.4429,1.2511
22280.0,0.4973,0.4343,0.9316
22281.0,0.4763,0.4352,0.9115
22282.0,0.3619,0.399,0.7609
22283.0,0.4299,0.4186,0.8485
22284.0,0.4833,0.4436,0.9269000000000001
22285.0,0.4792,0.4377,0.9169
22286.0,0.3528,0.4235,0.7763
22287.0,0.4669,0.4265,0.8934
22288.0,0.0236,0.1131,0.13670000000000002
22289.0,0.3955,0.4332,0.8287
22290.0,0.6565,0.4364,1.0929
22291.0,0.4274,0.435,0.8624
22292.0,0.4431,0.4247,0.8678
22293.0,0.3596,0.4351,0.7947
22294.0,0.4284,0.3961,0.8245
22295.0,0.3737,0.4257,0.7994
22296.0,0.5076,0.4092,0.9168000000000001
22297.0,0.4743,0.4122,0.8865000000000001
22298.0,0.4874,0.4079,0.8953
22299.0,0.3697,0.409,0.7787
22300.0,0.4428,0.4063,0.8491
22301.0,0.5507,0.3969,0.9476
22302.0,10.0121,0.2172,10.2293
22303.0,0.443,0.401,0.8440000000000001
22304.0,0.3995,0.4127,0.8122
22305.0,0.4853,0.4464,0.9317
22306.0,0.496,0.4063,0.9023
22307.0,0.4958,0.4404,0.9362
22308.0,0.4466,0.4342,0.8808
22309.0,0.6293,0.4283,1.0575999999999999
22310.0,0.6577,0.4251,1.0828
22311.0,0.5846,0.4203,1.0049000000000001
22312.0,0.4448,0.4097,0.8545
22313.0,0.4578,0.4078,0.8655999999999999
22314.0,0.4765,0.4136,0.8901
22315.0,0.5113,0.4291,0.9403999999999999
22316.0,0.6554,0.7668,1.4222000000000001
22317.0,0.356,0.4287,0.7847
22318.0,0.4954,0.4361,0.9315
22319.0,0.4432,0.4265,0.8696999999999999
22320.0,0.4197,0.4219,0.8416
22321.0,0.5195,0.4295,0.949
22322.0,0.4552,0.4244,0.8795999999999999
22323.0,0.5202,0.4357,0.9559
22324.0,0.4361,0.3964,0.8325
22325.0,0.4983,0.4325,0.9308000000000001
22326.0,0.7178,0.4054,1.1232
22327.0,0.3902,0.4241,0.8143
22328.0,0.5948,0.4206,1.0154
22329.0,0.4824,0.4077,0.8901
22330.0,0.0893,0.0667,0.156
22331.0,0.3241,0.4009,0.725
22332.0,0.3519,0.4252,0.7771
22333.0,0.5244,0.4048,0.9292
22334.0,0.3908,0.4224,0.8131999999999999
22335.0,0.4268,0.4142,0.841
22336.0,0.5006,0.4008,0.9014
22337.0,0.4745,0.4184,0.8929
22338.0,0.7175,0.4179,1.1354
22339.0,0.475,0.3915,0.8665
22340.0,0.3905,0.4181,0.8086
22341.0,0.4365,0.4137,0.8502000000000001
22342.0,0.3314,0.4134,0.7447999999999999
22343.0,0.4731,0.3832,0.8563000000000001
22344.0,0.3091,0.2009,0.51
22345.0,0.4813,0.3786,0.8599
22346.0,0.412,0.3856,0.7976
22347.0,0.438,0.3986,0.8366
22348.0,0.5172,0.405,0.9222
22349.0,0.3867,0.4008,0.7875
22350.0,0.5124,0.4009,0.9133
22351.0,0.6247,0.4214,1.0461
22352.0,0.3583,0.4017,0.76
22353.0,0.4899,0.3681,0.858
22354.0,0.5325,0.3987,0.9312
22355.0,0.4323,0.3928,0.8251
22356.0,0.4145,0.4003,0.8148
22357.0,0.4916,0.4186,0.9102
22358.0,0.0247,0.6218,0.6465000000000001
22359.0,0.4851,0.4044,0.8895
22360.0,0.4059,0.4027,0.8086
22361.0,0.3935,0.4272,0.8207
22362.0,0.4156,0.4275,0.8431
22363.0,0.3743,0.4189,0.7932
22364.0,0.4966,0.4197,0.9163
22365.0,0.3502,0.4124,0.7626
22366.0,0.4284,0.4168,0.8452
22367.0,0.4102,0.3915,0.8017000000000001
22368.0,0.3889,0.4037,0.7926
22369.0,0.3786,0.4043,0.7828999999999999
22370.0,0.4985,0.3881,0.8866
22371.0,0.3517,0.4048,0.7565
22372.0,0.041,0.1333,0.1743
22373.0,0.3941,0.4092,0.8033
22374.0,0.4877,0.3996,0.8873
22375.0,0.485,0.3956,0.8806
22376.0,0.4526,0.4042,0.8568
22377.0,0.4355,0.4011,0.8366
22378.0,0.5049,0.399,0.9039
22379.0,0.4064,0.4079,0.8143
22380.0,0.4599,0.3999,0.8597999999999999
22381.0,0.4223,0.3976,0.8199000000000001
22382.0,0.3838,0.4046,0.7884
22383.0,0.4214,0.41,0.8313999999999999
22384.0,0.5501,0.4218,0.9719
22385.0,0.4585,0.3952,0.8537
22386.0,0.025,0.3161,0.3411
22387.0,0.4275,0.3861,0.8136
22388.0,0.4248,0.4156,0.8404
22389.0,0.4302,0.4221,0.8523000000000001
22390.0,0.4364,0.4157,0.8521000000000001
22391.0,0.85,0.441,1.291
22392.0,0.4658,0.4196,0.8854
22393.0,0.4759,0.4184,0.8943
22394.0,0.45,0.4181,0.8681000000000001
22395.0,0.4094,0.3921,0.8015
22396.0,0.4854,0.409,0.8944
22397.0,0.3806,0.401,0.7816000000000001
22398.0,0.4687,0.3851,0.8538
22399.0,0.3886,0.3816,0.7702
22400.0,0.0157,1.8156,1.8313000000000001
22401.0,0.4457,0.3927,0.8384
22402.0,0.4264,0.3954,0.8218
22403.0,0.4553,0.4239,0.8792
22404.0,0.4101,0.4037,0.8138000000000001
22405.0,0.4125,0.3882,0.8007
22406.0,0.4491,0.3981,0.8472
22407.0,0.3304,0.3925,0.7229000000000001
22408.0,0.4696,0.4012,0.8708
22409.0,0.449,0.3949,0.8439
22410.0,0.4132,0.4055,0.8187
22411.0,0.3905,0.4094,0.7999
22412.0,0.3941,0.4108,0.8049
22413.0,0.4166,0.4159,0.8325
22414.0,0.0198,0.4188,0.4386
22415.0,0.35,0.4016,0.7516
22416.0,0.3871,0.4083,0.7954
22417.0,0.3209,0.4145,0.7354
22418.0,0.3718,0.4014,0.7732
22419.0,0.4126,0.3963,0.8089
22420.0,0.3873,0.4121,0.7994
22421.0,0.4317,0.4081,0.8398
22422.0,0.4646,0.3883,0.8529
22423.0,0.4641,0.3901,0.8542000000000001
22424.0,0.5241,0.3914,0.9155
22425.0,0.46,0.4036,0.8636
22426.0,0.3937,0.3876,0.7813
22427.0,0.4964,0.4084,0.9048
22428.0,0.0121,0.8471,0.8592
22429.0,0.3275,0.4182,0.7457
22430.0,0.4468,0.3898,0.8366
22431.0,0.4537,0.4364,0.8901
22432.0,0.4215,0.4245,0.846
22433.0,0.5023,0.4255,0.9278
22434.0,0.5232,0.4237,0.9469000000000001
22435.0,0.4714,0.4219,0.8933
22436.0,0.4625,0.4034,0.8659
22437.0,0.295,0.3972,0.6921999999999999
22438.0,0.4367,0.408,0.8447
22439.0,0.4059,0.4039,0.8098
22440.0,0.5731,0.3931,0.9662000000000001
22441.0,0.4062,0.4109,0.8170999999999999
22442.0,0.0886,0.0491,0.1377
22443.0,0.497,0.4051,0.9021
22444.0,0.3333,0.403,0.7363
22445.0,0.341,0.4,0.7410000000000001
22446.0,0.6147,0.4059,1.0206
22447.0,0.4515,0.3868,0.8383
22448.0,0.5992,0.3891,0.9883
22449.0,0.5421,0.4041,0.9462
22450.0,0.3528,0.3905,0.7433000000000001
22451.0,0.4336,0.3911,0.8247
22452.0,0.4338,0.3862,0.8200000000000001
22453.0,0.4282,0.3944,0.8226
22454.0,0.3902,0.4176,0.8078000000000001
22455.0,0.3872,0.3744,0.7616
22456.0,0.0041,0.0239,0.028
22457.0,0.3422,0.3961,0.7383
22458.0,0.3999,0.3952,0.7950999999999999
22459.0,0.4717,0.4018,0.8734999999999999
22460.0,0.5008,0.3997,0.9005000000000001
22461.0,0.5462,0.3845,0.9307000000000001
22462.0,0.3358,0.3823,0.7181
22463.0,0.5723,0.3843,0.9566
22464.0,0.4985,0.4035,0.902
22465.0,0.413,0.4067,0.8197
22466.0,0.4427,0.3907,0.8333999999999999
22467.0,0.662,0.3936,1.0556
22468.0,0.8099,0.4012,1.2111
22469.0,0.4295,0.3757,0.8051999999999999
22470.0,0.0597,0.1971,0.25680000000000003
22471.0,0.5621,0.3937,0.9558
22472.0,0.543,0.361,0.904
22473.0,0.4577,0.3732,0.8309
22474.0,0.395,0.3714,0.7664
22475.0,0.344,0.392,0.736
22476.0,0.4867,0.3702,0.8569
22477.0,0.4187,0.3755,0.7942
22478.0,0.6275,0.3713,0.9987999999999999
22479.0,0.4473,0.4023,0.8495999999999999
22480.0,0.4097,0.3885,0.7982
22481.0,0.3985,0.4099,0.8084
22482.0,0.4078,0.4028,0.8106
22483.0,0.4419,0.3841,0.8260000000000001
22484.0,0.0119,0.2037,0.21559999999999999
22485.0,0.3462,0.3912,0.7374
22486.0,0.4333,0.391,0.8243
22487.0,0.427,0.4003,0.8272999999999999
22488.0,0.3775,0.3871,0.7646
22489.0,0.4118,0.3687,0.7805
22490.0,0.5029,0.3938,0.8967
22491.0,0.4028,0.4026,0.8054
22492.0,0.3809,0.3978,0.7787
22493.0,0.4554,0.4006,0.8560000000000001
22494.0,0.3888,0.383,0.7718
22495.0,0.4716,0.4018,0.8734
22496.0,0.3906,0.3881,0.7787
22497.0,0.5262,0.4075,0.9337
22498.0,0.0013,0.0616,0.0629
22499.0,0.4013,0.3986,0.7999
22500.0,0.339,0.4072,0.7462
22501.0,0.4621,0.3986,0.8607
22502.0,0.4872,0.3906,0.8778
22503.0,0.7983,0.3691,1.1674
22504.0,0.4016,0.3913,0.7928999999999999
22505.0,0.4445,0.3774,0.8219000000000001
22506.0,0.5167,0.3814,0.8981000000000001
22507.0,0.4648,0.3843,0.8491
22508.0,0.3843,0.4143,0.7986
22509.0,0.4147,0.3899,0.8046
22510.0,0.5646,0.3992,0.9638
22511.0,0.5142,0.3823,0.8965
22512.0,0.0147,0.7842,0.7989
22513.0,0.3857,0.3843,0.77
22514.0,0.4621,0.3915,0.8536
22515.0,0.4257,0.3782,0.8039000000000001
22516.0,0.3603,0.374,0.7343
22517.0,0.3219,0.3903,0.7121999999999999
22518.0,0.3702,0.3829,0.7531
22519.0,0.3874,0.3854,0.7728
22520.0,0.4718,0.3787,0.8505
22521.0,0.3964,0.3931,0.7895
22522.0,0.4918,0.405,0.8968
22523.0,0.4584,0.4145,0.8729
22524.0,0.436,0.4029,0.8389
22525.0,0.5379,0.381,0.9189
22526.0,0.0034,1.6833,1.6867
22527.0,0.3055,0.3761,0.6816
22528.0,0.5924,0.3942,0.9866
22529.0,0.4306,0.4111,0.8417
22530.0,0.4068,0.3717,0.7785
22531.0,0.3142,0.4001,0.7142999999999999
22532.0,0.5194,0.3893,0.9087
22533.0,0.3705,0.381,0.7515000000000001
22534.0,0.4761,0.3751,0.8512
22535.0,0.5611,0.3927,0.9538
22536.0,0.3497,0.4293,0.779
22537.0,0.391,0.4041,0.7951
22538.0,0.5018,0.4057,0.9075
22539.0,0.5133,0.3915,0.9048
22540.0,0.2248,0.2098,0.4346
22541.0,0.5908,0.3908,0.9816
22542.0,0.3376,0.3627,0.7003
22543.0,0.5566,0.3979,0.9544999999999999
22544.0,0.3331,0.3947,0.7278
22545.0,0.4085,0.3952,0.8037
22546.0,0.4356,0.3809,0.8165
22547.0,0.4654,0.4065,0.8718999999999999
22548.0,0.6531,0.3919,1.045
22549.0,0.4577,0.3798,0.8375
22550.0,0.4586,0.4245,0.8831
22551.0,0.4016,0.383,0.7846
22552.0,0.3284,0.3751,0.7035
22553.0,0.4434,0.3618,0.8052
22554.0,0.6563,0.4539,1.1102
22555.0,0.3628,0.3817,0.7444999999999999
22556.0,0.5433,0.3954,0.9387
22557.0,0.4229,0.4144,0.8372999999999999
22558.0,0.4715,0.4005,0.872
22559.0,0.4481,0.3966,0.8447
22560.0,0.5109,0.409,0.9198999999999999
22561.0,0.5984,0.3846,0.9830000000000001
22562.0,0.4249,0.3948,0.8197
22563.0,0.4195,0.3791,0.7986
22564.0,0.3912,0.3968,0.788
22565.0,0.493,0.398,0.891
22566.0,0.5183,0.4169,0.9352
22567.0,0.4152,0.4055,0.8207
22568.0,0.0027,0.1713,0.17400000000000002
22569.0,0.4482,0.4142,0.8624
22570.0,0.4285,0.4034,0.8319
22571.0,0.7059,0.4187,1.1246
22572.0,0.4463,0.3948,0.8411
22573.0,0.3191,0.4011,0.7202
22574.0,0.3333,0.3788,0.7121
22575.0,0.3318,0.4037,0.7355
22576.0,0.4103,0.4025,0.8128
22577.0,0.5452,0.3826,0.9278
22578.0,0.4889,0.3739,0.8628
22579.0,0.467,0.4122,0.8792
22580.0,0.4208,0.4031,0.8239000000000001
22581.0,0.5348,0.3901,0.9249
22582.0,0.0274,1.0963,1.1237000000000001
22583.0,0.4319,0.3936,0.8255
22584.0,0.4086,0.4055,0.8141
22585.0,0.4081,0.4101,0.8182
22586.0,0.4859,0.3699,0.8558
22587.0,0.3527,0.3952,0.7479
22588.0,0.4065,0.3875,0.794
22589.0,0.5585,0.4039,0.9623999999999999
22590.0,0.5146,0.4052,0.9198
22591.0,0.3989,0.4102,0.8090999999999999
22592.0,0.4214,0.4163,0.8377
22593.0,0.4651,0.3833,0.8484
22594.0,0.4003,0.3923,0.7926
22595.0,0.421,0.3853,0.8063
22596.0,0.0169,0.3341,0.351
22597.0,0.4525,0.4092,0.8617
22598.0,0.4272,0.4118,0.839
22599.0,0.5256,0.3936,0.9192
22600.0,0.4162,0.4133,0.8295
22601.0,0.4515,0.3932,0.8447
22602.0,0.4704,0.377,0.8473999999999999
22603.0,0.2915,0.3603,0.6517999999999999
22604.0,0.3934,0.3852,0.7786
22605.0,0.3874,0.3876,0.775
22606.0,0.4077,0.4008,0.8085
22607.0,0.5312,0.3994,0.9306
22608.0,0.4128,0.3821,0.7948999999999999
22609.0,0.51,0.3781,0.8881
22610.0,1.0689,0.4738,1.5427
22611.0,0.3559,0.3863,0.7422
22612.0,0.4921,0.3996,0.8916999999999999
22613.0,0.47,0.4151,0.8851
22614.0,0.4294,0.3975,0.8269
22615.0,0.412,0.4058,0.8178
22616.0,0.4344,0.3974,0.8318
22617.0,0.4493,0.423,0.8723
22618.0,0.4446,0.4065,0.8511
22619.0,0.5385,0.3769,0.9154
22620.0,0.4823,0.38,0.8623000000000001
22621.0,0.396,0.4074,0.8034
22622.0,0.5365,0.3864,0.9229
22623.0,0.372,0.4111,0.7831
22624.0,0.0008,0.0276,0.028399999999999998
22625.0,0.4348,0.3698,0.8046
22626.0,0.5238,0.4046,0.9284000000000001
22627.0,0.4871,0.4067,0.8937999999999999
22628.0,0.383,0.3984,0.7814
22629.0,0.4031,0.4046,0.8077000000000001
22630.0,0.4222,0.3945,0.8167
22631.0,0.4845,0.3835,0.868
22632.0,0.469,0.4012,0.8702
22633.0,0.4581,0.4076,0.8657
22634.0,0.5576,0.3856,0.9432
22635.0,0.362,0.3995,0.7615000000000001
22636.0,0.3344,0.3756,0.71
22637.0,0.4487,0.3964,0.8451
22638.0,0.0003,0.0226,0.0229
22639.0,0.5755,0.4122,0.9877
22640.0,0.3983,0.4064,0.8047
22641.0,0.4038,0.3992,0.8029999999999999
22642.0,0.4756,0.3974,0.873
22643.0,0.4362,0.395,0.8311999999999999
22644.0,0.3681,0.3902,0.7583
22645.0,0.5611,0.3873,0.9484
22646.0,0.3672,0.3856,0.7528
22647.0,0.4823,0.3797,0.862
22648.0,0.3946,0.3757,0.7703
22649.0,0.3878,0.3898,0.7776
22650.0,0.458,0.4034,0.8613999999999999
22651.0,0.5556,0.3842,0.9398
22652.0,0.742,0.3841,1.1261
22653.0,0.5067,0.397,0.9037000000000001
22654.0,0.3621,0.4029,0.7649999999999999
22655.0,0.4263,0.4071,0.8334
22656.0,0.4774,0.3993,0.8767
22657.0,0.4033,0.3934,0.7967
22658.0,0.354,0.4015,0.7555000000000001
22659.0,0.4758,0.3802,0.856
22660.0,0.3564,0.3765,0.7329
22661.0,0.3564,0.4071,0.7635000000000001
22662.0,0.4138,0.4036,0.8174
22663.0,0.4055,0.3654,0.7709
22664.0,0.4484,0.3956,0.8440000000000001
22665.0,0.5795,0.3658,0.9453
22666.0,0.0065,2.7697,2.7762
22667.0,0.4369,0.3896,0.8265
22668.0,0.3897,0.3849,0.7746
22669.0,0.4603,0.4079,0.8682
22670.0,0.4799,0.4086,0.8885000000000001
22671.0,0.3353,0.4135,0.7487999999999999
22672.0,0.3171,0.4048,0.7219
22673.0,0.3796,0.4227,0.8023
22674.0,0.4631,0.4227,0.8858
22675.0,0.3737,0.3968,0.7705
22676.0,0.4635,0.4045,0.8680000000000001
22677.0,0.4071,0.3952,0.8023
22678.0,0.4724,0.4211,0.8935
22679.0,0.4883,0.3968,0.8851
22680.0,0.0,0.0168,0.0168
22681.0,0.3745,0.4086,0.7831
22682.0,0.4225,0.4024,0.8249
22683.0,0.4088,0.41,0.8188
22684.0,0.3917,0.413,0.8047
22685.0,0.5561,0.4031,0.9592
22686.0,0.8651,0.4011,1.2662
22687.0,0.5186,0.4022,0.9208
22688.0,0.5287,0.4047,0.9334
22689.0,0.4107,0.4128,0.8235
22690.0,0.4251,0.4161,0.8412
22691.0,0.4844,0.38,0.8644000000000001
22692.0,0.4299,0.3948,0.8247
22693.0,0.3728,0.4123,0.7851
22694.0,0.0113,0.4189,0.43019999999999997
22695.0,0.6274,0.3867,1.0141
22696.0,0.3382,0.3846,0.7228
22697.0,0.4133,0.3807,0.794
22698.0,0.3695,0.3916,0.7611
22699.0,0.4247,0.3892,0.8139000000000001
22700.0,0.4836,0.3888,0.8724
22701.0,0.4649,0.4038,0.8687
22702.0,0.416,0.3718,0.7878000000000001
22703.0,0.3866,0.401,0.7876000000000001
22704.0,0.4329,0.3893,0.8222
22705.0,0.576,0.3976,0.9736
22706.0,0.4602,0.3999,0.8601
22707.0,0.4197,0.3712,0.7908999999999999
22708.0,0.0389,0.6147,0.6536000000000001
22709.0,0.3961,0.3675,0.7636000000000001
22710.0,0.3172,0.4023,0.7195
22711.0,0.5644,0.4023,0.9667
22712.0,0.6031,0.3825,0.9856
22713.0,0.4294,0.3955,0.8249
22714.0,0.4359,0.3807,0.8166
22715.0,0.4661,0.3997,0.8658
22716.0,0.4739,0.3721,0.846
22717.0,0.4123,0.3766,0.7888999999999999
22718.0,0.3923,0.3767,0.7689999999999999
22719.0,0.3785,0.3851,0.7636000000000001
22720.0,0.421,0.3854,0.8064
22721.0,0.4024,0.4043,0.8067
22722.0,0.003,0.9896,0.9926
22723.0,0.3978,0.3763,0.7741
22724.0,0.4196,0.4126,0.8322
22725.0,0.4374,0.3917,0.8291
22726.0,0.4574,0.398,0.8553999999999999
22727.0,0.3722,0.3946,0.7667999999999999
22728.0,0.4687,0.4041,0.8728
22729.0,0.487,0.3966,0.8835999999999999
22730.0,0.3681,0.4267,0.7948
22731.0,0.3789,0.4012,0.7801
22732.0,0.3799,0.3822,0.7621
22733.0,0.4276,0.4078,0.8353999999999999
22734.0,0.5326,0.3967,0.9293
22735.0,0.4552,0.3809,0.8361000000000001
22736.0,0.0006,0.0464,0.047
22737.0,0.6375,0.3842,1.0217
22738.0,0.3884,0.3861,0.7745
22739.0,0.3698,0.3914,0.7612000000000001
22740.0,0.603,0.4042,1.0072
22741.0,0.5274,0.3932,0.9206
22742.0,0.4306,0.3945,0.8251
22743.0,0.4395,0.3847,0.8242
22744.0,0.4135,0.3786,0.7921
22745.0,0.4002,0.3807,0.7808999999999999
22746.0,0.4786,0.379,0.8576
22747.0,0.3343,0.3964,0.7306999999999999
22748.0,0.3396,0.3858,0.7254
22749.0,0.3842,0.3733,0.7575000000000001
22750.0,0.1507,0.3269,0.4776
22751.0,0.4504,0.4013,0.8517
22752.0,0.5211,0.4188,0.9399
22753.0,0.3971,0.3975,0.7946
22754.0,0.4566,0.38,0.8366
22755.0,0.6143,0.3786,0.9928999999999999
22756.0,0.4966,0.3842,0.8808
22757.0,0.4879,0.394,0.8819
22758.0,0.4503,0.3835,0.8338
22759.0,0.3634,0.3697,0.7331
22760.0,0.3922,0.3947,0.7868999999999999
22761.0,0.4442,0.3923,0.8365
22762.0,0.5403,0.4052,0.9455
22763.0,0.5626,0.3843,0.9469
22764.0,0.0012,0.0457,0.0469
22765.0,0.4266,0.3875,0.8141
22766.0,0.3914,0.3873,0.7787
22767.0,0.5783,0.3937,0.972
22768.0,0.4134,0.3793,0.7927
22769.0,0.6406,0.393,1.0335999999999999
22770.0,0.4296,0.3975,0.8271
22771.0,0.3791,0.3836,0.7626999999999999
22772.0,0.3871,0.3764,0.7635000000000001
22773.0,0.3675,0.386,0.7535000000000001
22774.0,0.3422,0.3903,0.7324999999999999
22775.0,0.377,0.3727,0.7497
22776.0,0.5761,0.3849,0.961
22777.0,0.469,0.3926,0.8615999999999999
22778.0,0.0463,0.0605,0.1068
22779.0,0.4242,0.3689,0.7931
22780.0,0.4519,0.3757,0.8276
22781.0,0.6757,0.3675,1.0432
22782.0,0.5758,0.3878,0.9636
22783.0,0.3762,0.4021,0.7783
22784.0,0.4072,0.3804,0.7876000000000001
22785.0,0.4671,0.3827,0.8498
22786.0,0.3821,0.3935,0.7756000000000001
22787.0,0.4326,0.3879,0.8205
22788.0,0.4322,0.3843,0.8165
22789.0,0.4247,0.3614,0.7861
22790.0,0.3927,0.4085,0.8011999999999999
22791.0,0.4208,0.3784,0.7992
22792.0,0.4167,0.2676,0.6843
22793.0,0.3669,0.3949,0.7618
22794.0,0.392,0.3872,0.7792
22795.0,0.4523,0.3932,0.8454999999999999
22796.0,0.5029,0.3882,0.8911
22797.0,0.585,0.4131,0.9981
22798.0,0.4254,0.3814,0.8068
22799.0,0.4287,0.4119,0.8406
22800.0,0.5325,0.4068,0.9393
22801.0,0.4815,0.3915,0.873
22802.0,0.4116,0.3793,0.7909
22803.0,0.4179,0.3834,0.8013
22804.0,0.4658,0.393,0.8588
22805.0,0.4307,0.3804,0.8111
22806.0,0.0563,0.4998,0.5561
22807.0,0.3275,0.388,0.7155
22808.0,0.6455,0.4126,1.0581
22809.0,0.3998,0.3891,0.7888999999999999
22810.0,0.4103,0.3988,0.8090999999999999
22811.0,0.3945,0.397,0.7915000000000001
22812.0,0.4294,0.4247,0.8541000000000001
22813.0,0.3512,0.3875,0.7387
22814.0,0.3682,0.414,0.7822
22815.0,0.487,0.3876,0.8746
22816.0,0.3429,0.4067,0.7496
22817.0,0.4129,0.3889,0.8018000000000001
22818.0,0.3332,0.385,0.7182
22819.0,0.453,0.3768,0.8298000000000001
22820.0,0.2762,0.0198,0.296
22821.0,0.4704,0.3949,0.8653
22822.0,0.4254,0.3906,0.8160000000000001
22823.0,0.5696,0.387,0.9566
22824.0,0.7159,0.4028,1.1187
22825.0,0.7436,0.3955,1.1391
22826.0,0.4256,0.3909,0.8165
22827.0,0.7069,0.4105,1.1174
22828.0,0.4348,0.3813,0.8161
22829.0,0.5297,0.3827,0.9123999999999999
22830.0,0.528,0.3827,0.9107000000000001
22831.0,0.3563,0.396,0.7523
22832.0,0.5208,0.3626,0.8834
22833.0,0.5327,0.3817,0.9143999999999999
22834.0,36.4245,1.7095,38.134
22835.0,0.373,0.3899,0.7629
22836.0,0.8212,0.4302,1.2514
22837.0,0.63,0.4428,1.0728
22838.0,0.4238,0.4695,0.8933
22839.0,0.5981,0.4771,1.0752
22840.0,0.583,0.4832,1.0662
22841.0,0.7841,0.4921,1.2762
22842.0,0.6298,0.4402,1.07
22843.0,0.7197,0.4437,1.1634
22844.0,0.5697,0.4552,1.0249
22845.0,0.7938,0.4438,1.2376
22846.0,0.4739,0.4559,0.9298
22847.0,0.5867,0.4762,1.0629
22848.0,0.0001,0.23,0.2301
22849.0,0.5518,0.4748,1.0266
22850.0,0.5127,0.4839,0.9966
22851.0,0.5919,0.4976,1.0895
22852.0,0.4548,0.4807,0.9355
22853.0,0.4944,0.4639,0.9582999999999999
22854.0,0.5266,0.4715,0.9981
22855.0,0.4832,0.4619,0.9451
22856.0,0.4372,0.4606,0.8977999999999999
22857.0,0.5469,0.4577,1.0046
22858.0,0.5023,0.4581,0.9603999999999999
22859.0,0.4291,0.4559,0.885
22860.0,0.4051,0.4781,0.8832
22861.0,0.4631,0.4288,0.8919
22862.0,0.0916,1.1167,1.2083
22863.0,0.5486,0.426,0.9745999999999999
22864.0,0.6026,0.4666,1.0692
22865.0,0.5131,0.4619,0.975
22866.0,0.3926,0.4758,0.8684000000000001
22867.0,0.4081,0.4743,0.8824000000000001
22868.0,0.5734,0.4489,1.0223
22869.0,0.5334,0.4686,1.002
22870.0,0.4912,0.4724,0.9636
22871.0,0.3084,0.4594,0.7678
22872.0,0.4716,0.4741,0.9457
22873.0,0.4394,0.4807,0.9201
22874.0,0.3525,0.4451,0.7976
22875.0,0.8261,0.4275,1.2536
22876.0,0.004,0.5956,0.5996
22877.0,0.4449,0.4697,0.9146000000000001
22878.0,0.4669,0.4625,0.9294
22879.0,0.4687,0.4337,0.9024
22880.0,0.357,0.4508,0.8078
22881.0,0.4951,0.445,0.9400999999999999
22882.0,0.4822,0.4729,0.9551000000000001
22883.0,0.4827,0.4519,0.9346000000000001
22884.0,0.5005,0.4188,0.9193
22885.0,0.4719,0.4231,0.895
22886.0,0.3667,0.4108,0.7775000000000001
22887.0,0.5152,0.4276,0.9428
22888.0,0.479,0.4407,0.9197
22889.0,0.4695,0.4431,0.9126
22890.0,0.4736,0.135,0.6086
22891.0,0.3995,0.4379,0.8374
22892.0,0.3594,0.4461,0.8055
22893.0,0.5396,0.4322,0.9718
22894.0,0.5205,0.4404,0.9609
22895.0,0.5486,0.4282,0.9768
22896.0,0.4138,0.462,0.8758
22897.0,0.3965,0.456,0.8525
22898.0,0.5385,0.4123,0.9508
22899.0,0.4984,0.4229,0.9213
22900.0,0.3382,0.4193,0.7575000000000001
22901.0,0.4157,0.4409,0.8566
22902.0,0.4753,0.43,0.9053
22903.0,0.4208,0.4241,0.8449
22904.0,0.0639,0.2466,0.3105
22905.0,0.4067,0.4144,0.8210999999999999
22906.0,0.3988,0.4418,0.8406
22907.0,0.3967,0.4139,0.8106
22908.0,0.466,0.4216,0.8876
22909.0,0.4062,0.4433,0.8495
22910.0,0.3578,0.441,0.7988
22911.0,0.5432,0.4169,0.9601
22912.0,0.4787,0.4201,0.8988
22913.0,0.5171,0.4145,0.9316
22914.0,0.4916,0.4008,0.8924
22915.0,0.5002,0.379,0.8792
22916.0,0.4873,0.4196,0.9069
22917.0,0.5364,0.4006,0.937
22918.0,0.0026,0.0627,0.06530000000000001
22919.0,0.5068,0.4061,0.9129
22920.0,0.4457,0.4079,0.8535999999999999
22921.0,0.3916,0.4418,0.8334
22922.0,0.3133,0.4414,0.7547
22923.0,0.4651,0.4282,0.8933
22924.0,0.5071,0.4376,0.9447
22925.0,0.3849,0.4071,0.792
22926.0,0.4449,0.4256,0.8705
22927.0,0.5085,0.4206,0.9290999999999999
22928.0,0.461,0.4035,0.8645
22929.0,0.5459,0.413,0.9589000000000001
22930.0,0.473,0.3868,0.8597999999999999
22931.0,0.4245,0.4148,0.8392999999999999
22932.0,0.083,0.9415,1.0245
22933.0,0.4635,0.4023,0.8658
22934.0,0.4009,0.4114,0.8123
22935.0,0.3996,0.4148,0.8144
22936.0,0.4136,0.4258,0.8394
22937.0,0.6879,0.4271,1.115
22938.0,0.3958,0.4191,0.8149
22939.0,0.4378,0.4327,0.8705
22940.0,0.3595,0.4076,0.7671
22941.0,0.4448,0.4119,0.8567
22942.0,0.4643,0.4083,0.8726
22943.0,0.4305,0.4081,0.8386
22944.0,0.6272,0.4318,1.059
22945.0,0.4399,0.4277,0.8676
22946.0,0.0873,0.0759,0.1632
22947.0,0.4619,0.3977,0.8595999999999999
22948.0,0.3579,0.4291,0.7869999999999999
22949.0,0.3773,0.4085,0.7858
22950.0,0.3538,0.3981,0.7519
22951.0,0.3825,0.4262,0.8087
22952.0,0.7141,0.4389,1.153
22953.0,0.3827,0.4199,0.8026
22954.0,0.5169,0.4205,0.9374
22955.0,0.4424,0.3985,0.8409
22956.0,0.4677,0.4236,0.8913
22957.0,0.4401,0.4043,0.8444
22958.0,0.3735,0.4095,0.7829999999999999
22959.0,0.4671,0.4024,0.8694999999999999
22960.0,0.0063,0.2737,0.28
22961.0,0.403,0.3988,0.8018000000000001
22962.0,0.3909,0.4045,0.7954000000000001
22963.0,0.3702,0.4059,0.7761
22964.0,0.3566,0.4054,0.762
22965.0,0.3381,0.4287,0.7668
22966.0,0.3846,0.4123,0.7968999999999999
22967.0,0.4265,0.4008,0.8272999999999999
22968.0,0.4276,0.4224,0.85
22969.0,0.5694,0.3992,0.9686
22970.0,0.3577,0.4032,0.7609
22971.0,0.5257,0.4276,0.9532999999999999
22972.0,0.5923,0.4205,1.0128
22973.0,0.5051,0.4194,0.9245
22974.0,0.0007,0.4275,0.42819999999999997
22975.0,0.4041,0.4287,0.8328
22976.0,0.336,0.4162,0.7522
22977.0,0.4007,0.4105,0.8111999999999999
22978.0,0.4824,0.4061,0.8885000000000001
22979.0,0.3945,0.4108,0.8053
22980.0,0.374,0.3986,0.7726
22981.0,0.4205,0.3925,0.813
22982.0,0.4303,0.4067,0.837
22983.0,0.4517,0.4063,0.858
22984.0,0.4195,0.411,0.8305
22985.0,0.3952,0.3934,0.7886
22986.0,0.3943,0.4102,0.8045
22987.0,0.41,0.3959,0.8059
22988.0,0.1015,1.232,1.3335
22989.0,0.3672,0.4106,0.7778
22990.0,0.5813,0.4221,1.0034
22991.0,0.4377,0.4117,0.8493999999999999
22992.0,0.43,0.4253,0.8553
22993.0,0.3802,0.4188,0.7989999999999999
22994.0,0.4662,0.4266,0.8928
22995.0,0.4486,0.425,0.8735999999999999
22996.0,0.3733,0.4012,0.7745
22997.0,0.4689,0.3895,0.8584
22998.0,0.3996,0.4203,0.8199000000000001
22999.0,0.4034,0.3976,0.8009999999999999
23000.0,0.4695,0.3879,0.8573999999999999
23001.0,0.3907,0.4009,0.7916
23002.0,0.0009,0.0371,0.038
23003.0,0.5466,0.4133,0.9599
23004.0,0.509,0.4214,0.9304
23005.0,0.345,0.4006,0.7456
23006.0,0.396,0.3666,0.7626
23007.0,0.4945,0.3992,0.8936999999999999
23008.0,0.5186,0.379,0.8976
23009.0,0.9079,0.3799,1.2878
23010.0,0.4167,0.3874,0.8041
23011.0,0.4364,0.4081,0.8445
23012.0,0.5186,0.3981,0.9167
23013.0,0.4752,0.3976,0.8728
23014.0,0.5496,0.3788,0.9284
23015.0,0.3931,0.4238,0.8169
23016.0,0.0052,0.1349,0.1401
23017.0,0.5348,0.3899,0.9247000000000001
23018.0,0.3755,0.4056,0.7811
23019.0,0.4139,0.4054,0.8192999999999999
23020.0,0.4326,0.3989,0.8314999999999999
23021.0,0.4709,0.414,0.8849
23022.0,0.3983,0.3948,0.7930999999999999
23023.0,0.6065,0.3908,0.9973000000000001
23024.0,0.437,0.4207,0.8577
23025.0,0.4583,0.4179,0.8762
23026.0,0.5306,0.396,0.9266
23027.0,0.3357,0.4025,0.7382
23028.0,0.3514,0.3783,0.7297
23029.0,0.3164,0.3883,0.7047
23030.0,0.0027,0.1026,0.10529999999999999
23031.0,0.3751,0.3902,0.7653
23032.0,0.4624,0.3874,0.8498
23033.0,0.3876,0.4107,0.7983
23034.0,0.3957,0.3813,0.7769999999999999
23035.0,0.4733,0.3943,0.8675999999999999
23036.0,0.3877,0.4116,0.7993
23037.0,0.4189,0.3966,0.8155
23038.0,0.373,0.4046,0.7776000000000001
23039.0,0.3796,0.394,0.7736000000000001
23040.0,0.427,0.4101,0.8371
23041.0,0.4381,0.424,0.8621
23042.0,0.4837,0.3981,0.8818
23043.0,0.3779,0.4164,0.7943
23044.0,0.0,0.0086,0.0086
23045.0,0.4835,0.4104,0.8938999999999999
23046.0,0.4469,0.3976,0.8445
23047.0,0.3729,0.3673,0.7402
23048.0,0.3751,0.3795,0.7545999999999999
23049.0,0.5826,0.4145,0.9971
23050.0,0.5139,0.4138,0.9277
23051.0,0.3778,0.394,0.7718
23052.0,0.3955,0.4204,0.8159000000000001
23053.0,0.553,0.3648,0.9178000000000001
23054.0,0.3723,0.3955,0.7678
23055.0,0.386,0.4038,0.7898000000000001
23056.0,0.4423,0.3945,0.8368
23057.0,0.4468,0.3832,0.83
23058.0,0.2738,0.3141,0.5879
23059.0,0.3485,0.4053,0.7538
23060.0,0.3522,0.3771,0.7293000000000001
23061.0,0.5093,0.3979,0.9072
23062.0,0.4639,0.411,0.8749
23063.0,0.4894,0.4013,0.8907
23064.0,0.3351,0.3953,0.7303999999999999
23065.0,0.4107,0.3979,0.8086
23066.0,0.5179,0.4134,0.9313
23067.0,0.5339,0.4205,0.9544
23068.0,0.3628,0.3896,0.7524
23069.0,0.4099,0.4004,0.8103
23070.0,0.3845,0.3871,0.7716000000000001
23071.0,0.5745,0.3742,0.9487
23072.0,0.0883,0.5525,0.6408
23073.0,0.405,0.4022,0.8072
23074.0,0.574,0.4073,0.9813
23075.0,0.4778,0.4251,0.9029
23076.0,0.5182,0.4131,0.9313
23077.0,0.3972,0.4234,0.8206
23078.0,0.6065,0.4126,1.0191000000000001
23079.0,1.9145,0.4036,2.3181000000000003
23080.0,0.4787,0.3982,0.8769
23081.0,0.3404,0.3958,0.7362
23082.0,0.3763,0.427,0.8033
23083.0,0.4353,0.4147,0.8500000000000001
23084.0,0.3588,0.4129,0.7717
23085.0,0.7449,0.4258,1.1707
23086.0,0.0777,0.0213,0.099
23087.0,0.4081,0.4019,0.81
23088.0,0.3813,0.4189,0.8002
23089.0,0.4351,0.4185,0.8535999999999999
23090.0,0.3767,0.4073,0.784
23091.0,0.4778,0.4115,0.8893
23092.0,0.4448,0.3981,0.8429
23093.0,0.5152,0.4074,0.9226
23094.0,0.471,0.4036,0.8746
23095.0,0.4923,0.4117,0.904
23096.0,0.5054,0.4127,0.9180999999999999
23097.0,0.3901,0.4017,0.7918000000000001
23098.0,0.4093,0.3977,0.8069999999999999
23099.0,0.5192,0.3929,0.9121
23100.0,0.1388,0.3585,0.49729999999999996
23101.0,0.5378,0.4162,0.954
23102.0,0.4317,0.3956,0.8272999999999999
23103.0,0.4713,0.3996,0.8709
23104.0,0.372,0.3953,0.7673
23105.0,0.3687,0.3967,0.7654000000000001
23106.0,0.4664,0.4191,0.8855
23107.0,0.391,0.3919,0.7829
23108.0,0.6969,0.4003,1.0972
23109.0,0.4682,0.3812,0.8493999999999999
23110.0,0.4538,0.3999,0.8536999999999999
23111.0,0.3982,0.4018,0.8
23112.0,0.4646,0.3948,0.8593999999999999
23113.0,0.423,0.4026,0.8256
23114.0,0.0005,0.1586,0.1591
23115.0,0.3779,0.3794,0.7573000000000001
23116.0,0.4023,0.3907,0.7929999999999999
23117.0,0.5599,0.4065,0.9663999999999999
23118.0,0.4729,0.371,0.8439
23119.0,0.3965,0.4238,0.8203
23120.0,0.2922,0.3928,0.685
23121.0,0.3658,0.408,0.7738
23122.0,0.4064,0.3848,0.7911999999999999
23123.0,0.3852,0.3822,0.7674
23124.0,0.4754,0.3803,0.8557
23125.0,0.4034,0.3857,0.7890999999999999
23126.0,0.4841,0.3997,0.8837999999999999
23127.0,0.4601,0.3856,0.8457
23128.0,0.0089,0.3935,0.40240000000000004
23129.0,0.3529,0.416,0.7688999999999999
23130.0,0.4102,0.3879,0.7981
23131.0,0.3779,0.3987,0.7766
23132.0,0.7402,0.3803,1.1205
23133.0,0.4842,0.4235,0.9077
23134.0,0.4559,0.4063,0.8622000000000001
23135.0,0.4329,0.4088,0.8417
23136.0,0.4618,0.4082,0.87
23137.0,0.3593,0.387,0.7463
23138.0,0.3286,0.4012,0.7298
23139.0,0.4345,0.4286,0.8631
23140.0,0.3942,0.4084,0.8026
23141.0,0.4697,0.3986,0.8683000000000001
23142.0,0.0058,1.6265,1.6323
23143.0,0.4489,0.4052,0.8541000000000001
23144.0,0.485,0.4001,0.8851
23145.0,0.4471,0.3998,0.8469
23146.0,0.4304,0.3933,0.8237
23147.0,0.3737,0.4,0.7737
23148.0,0.4352,0.3991,0.8343
23149.0,0.3705,0.3994,0.7699
23150.0,0.4238,0.3874,0.8112
23151.0,0.3789,0.4008,0.7797000000000001
23152.0,0.4072,0.3726,0.7798
23153.0,0.4482,0.3948,0.843
23154.0,0.4184,0.4062,0.8246
23155.0,0.4424,0.4262,0.8686
23156.0,1.0311,0.6456,1.6766999999999999
23157.0,0.4407,0.392,0.8327
23158.0,0.4255,0.4269,0.8524
23159.0,0.4673,0.4083,0.8755999999999999
23160.0,0.3697,0.4011,0.7707999999999999
23161.0,0.7214,0.4246,1.146
23162.0,0.5852,0.4151,1.0003000000000002
23163.0,0.3751,0.3987,0.7738
23164.0,0.372,0.3981,0.7701
23165.0,0.4602,0.4133,0.8734999999999999
23166.0,0.6633,0.4136,1.0769
23167.0,0.4589,0.3879,0.8468
23168.0,0.431,0.4028,0.8338
23169.0,0.3712,0.3968,0.768
23170.0,0.0002,0.0295,0.029699999999999997
23171.0,0.3488,0.4145,0.7633
23172.0,0.3915,0.4264,0.8179000000000001
23173.0,0.3977,0.4097,0.8074
23174.0,0.4635,0.4084,0.8719
23175.0,0.5153,0.405,0.9203
23176.0,0.3957,0.393,0.7887
23177.0,0.4278,0.4073,0.8351
23178.0,0.4891,0.4145,0.9036
23179.0,0.477,0.4045,0.8815
23180.0,0.3874,0.4172,0.8046
23181.0,0.4278,0.404,0.8318000000000001
23182.0,0.4321,0.4244,0.8565
23183.0,0.5153,0.3944,0.9097
23184.0,0.1314,0.9822,1.1136
23185.0,0.4711,0.404,0.8751
23186.0,0.4154,0.408,0.8233999999999999
23187.0,0.4471,0.4106,0.8577
23188.0,0.4393,0.402,0.8413
23189.0,0.5243,0.422,0.9462999999999999
23190.0,0.4608,0.3926,0.8533999999999999
23191.0,0.519,0.396,0.915
23192.0,0.4531,0.4152,0.8683000000000001
23193.0,0.3818,0.4089,0.7907
23194.0,0.4516,0.4135,0.8651
23195.0,0.4885,0.3852,0.8736999999999999
23196.0,0.5974,0.4209,1.0183
23197.0,0.4226,0.382,0.8046
23198.0,0.039,0.3779,0.4169
23199.0,0.4404,0.3984,0.8388
23200.0,0.4347,0.4093,0.844
23201.0,0.6057,0.4075,1.0131999999999999
23202.0,0.3792,0.4035,0.7827
23203.0,0.4041,0.4051,0.8092
23204.0,0.384,0.4052,0.7892
23205.0,0.7377,0.4039,1.1416
23206.0,0.3834,0.4021,0.7855000000000001
23207.0,0.5338,0.4067,0.9405000000000001
23208.0,0.3831,0.3866,0.7697
23209.0,0.6568,0.3909,1.0477
23210.0,0.5181,0.3986,0.9167000000000001
23211.0,0.4674,0.3945,0.8619
23212.0,0.2405,0.3556,0.5961000000000001
23213.0,0.4268,0.41,0.8368
23214.0,0.3584,0.4014,0.7598
23215.0,0.5089,0.4113,0.9202
23216.0,0.6192,0.4199,1.0391
23217.0,0.5861,0.4059,0.992
23218.0,0.5484,0.3965,0.9449000000000001
23219.0,0.4773,0.4226,0.8998999999999999
23220.0,0.6095,0.3868,0.9963
23221.0,0.4359,0.4037,0.8396
23222.0,0.5379,0.375,0.9129
23223.0,0.3567,0.3841,0.7408
23224.0,0.6023,0.3982,1.0005
23225.0,0.5197,0.3871,0.9068
23226.0,0.0114,0.1984,0.2098
23227.0,0.3584,0.4175,0.7759
23228.0,0.6112,0.4076,1.0188
23229.0,0.4432,0.4,0.8432
23230.0,0.4178,0.4114,0.8291999999999999
23231.0,0.3843,0.4088,0.7930999999999999
23232.0,0.3727,0.4188,0.7915
23233.0,0.4558,0.4124,0.8682
23234.0,0.5513,0.3899,0.9412
23235.0,0.388,0.3986,0.7866
23236.0,0.5295,0.3973,0.9268
23237.0,0.508,0.3939,0.9018999999999999
23238.0,0.4361,0.3911,0.8271999999999999
23239.0,0.3351,0.4001,0.7352000000000001
23240.0,0.0088,0.0377,0.0465
23241.0,0.3974,0.3976,0.7949999999999999
23242.0,0.4575,0.4131,0.8706
23243.0,0.4372,0.3861,0.8232999999999999
23244.0,0.4713,0.3868,0.8581
23245.0,0.3352,0.3955,0.7307
23246.0,0.3787,0.3862,0.7648999999999999
23247.0,0.4323,0.3747,0.8069999999999999
23248.0,0.5974,0.3958,0.9932000000000001
23249.0,0.4484,0.3816,0.8300000000000001
23250.0,0.4627,0.3878,0.8505
23251.0,0.4093,0.4033,0.8126
23252.0,0.4366,0.3838,0.8204
23253.0,0.3998,0.422,0.8218
23254.0,0.7106,0.1908,0.9014
23255.0,0.4244,0.4013,0.8257
23256.0,0.3724,0.3932,0.7656000000000001
23257.0,0.4352,0.3782,0.8133999999999999
23258.0,0.4015,0.4075,0.8089999999999999
23259.0,0.4747,0.3855,0.8602000000000001
23260.0,0.3582,0.381,0.7392000000000001
23261.0,0.5363,0.4034,0.9397
23262.0,0.4194,0.3851,0.8045
23263.0,0.4151,0.3864,0.8015000000000001
23264.0,0.4674,0.3944,0.8617999999999999
23265.0,0.487,0.3895,0.8765000000000001
23266.0,0.4456,0.3668,0.8124
23267.0,0.3535,0.4006,0.7541
23268.0,0.7191,0.8259,1.545
23269.0,0.4106,0.3925,0.8031
23270.0,0.4659,0.3901,0.856
23271.0,0.491,0.3936,0.8846
23272.0,0.4771,0.415,0.8921
23273.0,0.4236,0.4029,0.8265
23274.0,0.4991,0.3946,0.8936999999999999
23275.0,0.4004,0.3844,0.7847999999999999
23276.0,0.346,0.3884,0.7343999999999999
23277.0,0.5617,0.3955,0.9572
23278.0,0.428,0.4047,0.8327
23279.0,0.5412,0.4199,0.9611000000000001
23280.0,0.5725,0.4135,0.986
23281.0,0.4769,0.3966,0.8734999999999999
23282.0,2.8052,0.5367,3.3419
23283.0,0.4459,0.3971,0.843
23284.0,0.4555,0.3936,0.8491
23285.0,0.4577,0.4215,0.8792
23286.0,0.5234,0.4022,0.9256
23287.0,0.4556,0.4095,0.8651
23288.0,0.4228,0.4224,0.8452
23289.0,0.5323,0.3708,0.9031
23290.0,0.518,0.4018,0.9198
23291.0,0.4499,0.3811,0.831
23292.0,0.4666,0.3895,0.8561000000000001
23293.0,0.5393,0.4074,0.9467
23294.0,0.6457,0.4098,1.0555
23295.0,0.5063,0.3995,0.9057999999999999
23296.0,1.2667,0.3282,1.5949
23297.0,0.5277,0.3958,0.9235
23298.0,0.4594,0.39,0.8493999999999999
23299.0,0.3368,0.3984,0.7352
23300.0,0.3971,0.4064,0.8035
23301.0,0.4141,0.4116,0.8257000000000001
23302.0,0.4585,0.4061,0.8646
23303.0,0.6223,0.4192,1.0415
23304.0,0.4372,0.4046,0.8418
23305.0,0.5754,0.3997,0.9751000000000001
23306.0,0.6297,0.4127,1.0424
23307.0,0.4935,0.4124,0.9058999999999999
23308.0,0.4906,0.4001,0.8907
23309.0,0.4858,0.4255,0.9113
23310.0,0.0332,0.5227,0.5559000000000001
23311.0,0.3846,0.4059,0.7905
23312.0,0.5388,0.4188,0.9576
23313.0,0.5034,0.4113,0.9147
23314.0,0.5644,0.4053,0.9697
23315.0,0.7376,0.4177,1.1553
23316.0,0.5323,0.4341,0.9663999999999999
23317.0,0.5201,0.4159,0.9359999999999999
23318.0,0.6267,0.4035,1.0302
23319.0,0.357,0.4013,0.7583
23320.0,0.5332,0.3956,0.9288000000000001
23321.0,0.3728,0.4043,0.7771
23322.0,0.3963,0.3697,0.766
23323.0,0.4374,0.4116,0.849
23324.0,0.0001,0.3129,0.313
23325.0,0.5059,0.3764,0.8823000000000001
23326.0,0.5082,0.4081,0.9163
23327.0,0.5598,0.3964,0.9561999999999999
23328.0,0.4193,0.4143,0.8336
23329.0,0.3564,0.4082,0.7646
23330.0,0.9618,0.4267,1.3885
23331.0,0.3714,0.4109,0.7823
23332.0,0.396,0.4117,0.8077000000000001
23333.0,1.1101,0.4061,1.5162
23334.0,0.4342,0.3984,0.8326
23335.0,0.4144,0.4015,0.8159000000000001
23336.0,0.3624,0.4048,0.7672
23337.0,0.4737,0.408,0.8816999999999999
23338.0,0.0213,0.0405,0.0618
23339.0,0.4438,0.414,0.8577999999999999
23340.0,0.5334,0.3985,0.9319
23341.0,0.4443,0.4152,0.8594999999999999
23342.0,0.3883,0.4142,0.8025
23343.0,0.3809,0.3963,0.7772
23344.0,0.5274,0.4166,0.944
23345.0,0.6158,0.3902,1.006
23346.0,0.5831,0.3981,0.9812
23347.0,0.4177,0.4197,0.8374
23348.0,0.7036,0.4093,1.1129
23349.0,0.4482,0.4044,0.8526
23350.0,0.3297,0.4112,0.7409
23351.0,0.5645,0.3709,0.9354
23352.0,0.1071,0.4346,0.5417
23353.0,0.3569,0.3916,0.7484999999999999
23354.0,0.3644,0.3921,0.7565
23355.0,0.4393,0.3922,0.8315
23356.0,0.428,0.3801,0.8081
23357.0,0.4845,0.3961,0.8806
23358.0,0.3939,0.3798,0.7737
23359.0,0.4052,0.3884,0.7936000000000001
23360.0,0.4193,0.4002,0.8195
23361.0,0.3884,0.39,0.7784
23362.0,0.3392,0.3772,0.7163999999999999
23363.0,0.5468,0.417,0.9638
23364.0,0.4045,0.4107,0.8152
23365.0,0.5369,0.38,0.9169
23366.0,0.0847,0.115,0.1997
23367.0,0.4299,0.3929,0.8228
23368.0,0.4623,0.4179,0.8802
23369.0,0.5139,0.4035,0.9174
23370.0,0.3126,0.3867,0.6993
23371.0,0.5565,0.4059,0.9623999999999999
23372.0,0.3424,0.4038,0.7462
23373.0,0.3781,0.4,0.7781
23374.0,0.3642,0.4051,0.7693000000000001
23375.0,0.3956,0.4099,0.8055
23376.0,0.3942,0.3854,0.7796000000000001
23377.0,0.3499,0.3931,0.743
23378.0,0.3762,0.4232,0.7994
23379.0,0.3767,0.4052,0.7819
23380.0,0.0045,0.4921,0.4966
23381.0,0.3679,0.3819,0.7498
23382.0,0.5218,0.3964,0.9182
23383.0,0.3506,0.4074,0.758
23384.0,0.3821,0.3949,0.7769999999999999
23385.0,0.4691,0.3903,0.8593999999999999
23386.0,0.4228,0.399,0.8218000000000001
23387.0,1.2291,0.3912,1.6203
23388.0,0.3917,0.3756,0.7673
23389.0,0.4718,0.3991,0.8709
23390.0,0.4313,0.4119,0.8432
23391.0,0.4105,0.3767,0.7871999999999999
23392.0,0.4021,0.3858,0.7879
23393.0,0.4927,0.3866,0.8793
23394.0,0.0927,0.1229,0.2156
23395.0,0.4196,0.3984,0.818
23396.0,0.3744,0.3936,0.768
23397.0,0.4606,0.4104,0.871
23398.0,0.4912,0.3867,0.8779
23399.0,0.4042,0.3928,0.7969999999999999
23400.0,0.4554,0.3791,0.8345
23401.0,0.4055,0.3947,0.8002
23402.0,0.5234,0.389,0.9124
23403.0,0.5969,0.3985,0.9954000000000001
23404.0,0.4102,0.3835,0.7937000000000001
23405.0,0.3223,0.4052,0.7275
23406.0,0.4604,0.3941,0.8545
23407.0,0.3694,0.4061,0.7755000000000001
23408.0,0.026,0.4563,0.4823
23409.0,0.3973,0.3825,0.7798
23410.0,0.3689,0.4003,0.7692
23411.0,0.3701,0.3721,0.7422
23412.0,0.3123,0.4037,0.716
23413.0,0.412,0.3993,0.8112999999999999
23414.0,0.3628,0.4112,0.774
23415.0,0.3826,0.4049,0.7875
23416.0,0.4287,0.4168,0.8455
23417.0,0.5338,0.4036,0.9374
23418.0,0.4139,0.3974,0.8112999999999999
23419.0,0.4405,0.3982,0.8387
23420.0,0.4523,0.3775,0.8298
23421.0,0.4623,0.3831,0.8453999999999999
23422.0,1.7288,0.4488,2.1776
23423.0,0.401,0.4134,0.8144
23424.0,0.3757,0.4029,0.7786
23425.0,0.4435,0.4225,0.866
23426.0,0.3884,0.4146,0.803
23427.0,0.4194,0.3973,0.8167
23428.0,0.5255,0.3918,0.9173
23429.0,0.6778,0.4255,1.1033
23430.0,0.4806,0.3652,0.8458000000000001
23431.0,0.522,0.3966,0.9186000000000001
23432.0,0.4494,0.4006,0.8500000000000001
23433.0,0.6425,0.4007,1.0432
23434.0,0.426,0.3886,0.8146
23435.0,0.4661,0.4046,0.8707
23436.0,0.0568,0.0867,0.14350000000000002
23437.0,0.3817,0.3735,0.7552
23438.0,0.4391,0.4029,0.842
23439.0,0.4409,0.4051,0.8460000000000001
23440.0,0.4263,0.4208,0.8471
23441.0,0.5279,0.3784,0.9063000000000001
23442.0,0.3336,0.4104,0.744
23443.0,0.3889,0.3839,0.7728
23444.0,0.3322,0.3985,0.7307
23445.0,0.469,0.3914,0.8604
23446.0,0.3973,0.3797,0.7769999999999999
23447.0,0.3834,0.3886,0.772
23448.0,0.4281,0.3869,0.815
23449.0,0.48,0.3796,0.8595999999999999
23450.0,0.0022,0.0294,0.031599999999999996
23451.0,0.3288,0.3827,0.7115
23452.0,0.4187,0.3809,0.7996000000000001
23453.0,0.4811,0.393,0.8741000000000001
23454.0,0.5462,0.3941,0.9403
23455.0,0.4411,0.3878,0.8289
23456.0,0.3456,0.3717,0.7173
23457.0,0.404,0.3955,0.7995000000000001
23458.0,0.3735,0.4246,0.7981
23459.0,0.4682,0.4077,0.8759
23460.0,0.3803,0.3946,0.7749
23461.0,0.5126,0.3743,0.8869
23462.0,0.4251,0.3822,0.8072999999999999
23463.0,0.5394,0.3874,0.9268000000000001
23464.0,0.0048,1.5525,1.5573
23465.0,0.4255,0.3947,0.8202
23466.0,0.3757,0.3812,0.7568999999999999
23467.0,0.3869,0.3702,0.7571
23468.0,0.5264,0.3844,0.9108
23469.0,0.444,0.4017,0.8457
23470.0,0.5013,0.3911,0.8924
23471.0,0.3631,0.4098,0.7728999999999999
23472.0,0.4368,0.3969,0.8337
23473.0,0.4768,0.4068,0.8835999999999999
23474.0,0.4832,0.3711,0.8543000000000001
23475.0,0.4838,0.4027,0.8865000000000001
23476.0,0.369,0.3949,0.7639
23477.0,0.515,0.4029,0.9178999999999999
23478.0,0.0,0.0125,0.0125
23479.0,0.6961,0.4032,1.0993
23480.0,0.3516,0.3839,0.7355
23481.0,0.3917,0.3797,0.7714
23482.0,0.49,0.4197,0.9097
23483.0,0.3609,0.3812,0.7421
23484.0,1.3402,0.4017,1.7419
23485.0,0.4069,0.3987,0.8056
23486.0,0.7351,0.4144,1.1495
23487.0,0.449,0.3815,0.8305
23488.0,0.3634,0.3909,0.7543
23489.0,0.3058,0.3801,0.6859
23490.0,0.5055,0.3841,0.8896
23491.0,0.3774,0.3931,0.7705
23492.0,0.0104,0.0929,0.1033
23493.0,0.4106,0.3893,0.7999
23494.0,0.5931,0.3849,0.978
23495.0,0.4997,0.4079,0.9076
23496.0,0.4096,0.4018,0.8114
23497.0,0.3985,0.3785,0.777
23498.0,0.3523,0.4052,0.7575000000000001
23499.0,0.4179,0.3814,0.7993
23500.0,0.3609,0.4017,0.7626
23501.0,0.3471,0.3793,0.7264
23502.0,0.475,0.4,0.875
23503.0,0.4635,0.3764,0.8399000000000001
23504.0,0.3972,0.416,0.8131999999999999
23505.0,0.6365,0.3906,1.0271
23506.0,0.0001,0.0045,0.0046
23507.0,0.4204,0.3825,0.8029
23508.0,0.4057,0.3968,0.8025
23509.0,0.4241,0.3907,0.8148
23510.0,0.4349,0.3621,0.7969999999999999
23511.0,0.3883,0.3742,0.7625
23512.0,0.4225,0.3625,0.7849999999999999
23513.0,0.3504,0.3934,0.7438
23514.0,0.4495,0.3874,0.8369
23515.0,0.4229,0.3898,0.8127
23516.0,0.4652,0.3982,0.8634
23517.0,0.4172,0.3835,0.8007
23518.0,0.5207,0.3908,0.9115
23519.0,0.4234,0.3734,0.7968
23520.0,0.0907,0.2617,0.3524
23521.0,0.4265,0.4201,0.8466
23522.0,0.5237,0.3727,0.8964000000000001
23523.0,0.3645,0.4003,0.7647999999999999
23524.0,0.5936,0.3947,0.9883
23525.0,0.3,0.3888,0.6888
23526.0,0.3668,0.3966,0.7634000000000001
23527.0,0.3723,0.3839,0.7562
23528.0,0.5097,0.4015,0.9112
23529.0,0.4414,0.3914,0.8328
23530.0,0.3876,0.3801,0.7677
23531.0,0.5121,0.3814,0.8935
23532.0,0.5774,0.3702,0.9476
23533.0,0.4431,0.3979,0.841
23534.0,1.9,0.4613,2.3613
23535.0,0.5872,0.4005,0.9877
23536.0,0.4036,0.4083,0.8119000000000001
23537.0,0.4855,0.4286,0.9140999999999999
23538.0,0.4141,0.4121,0.8262
23539.0,0.4837,0.4031,0.8868
23540.0,0.4505,0.423,0.8734999999999999
23541.0,0.3829,0.4053,0.7882
23542.0,0.6242,0.4033,1.0274999999999999
23543.0,0.5199,0.3927,0.9126000000000001
23544.0,0.3651,0.3886,0.7537
23545.0,0.4215,0.3988,0.8203
23546.0,0.4453,0.3952,0.8405
23547.0,0.4907,0.3901,0.8808
23548.0,0.1749,0.1114,0.2863
23549.0,0.3459,0.381,0.7269
23550.0,0.4751,0.4271,0.9022
23551.0,0.5346,0.4033,0.9379
23552.0,0.5321,0.4105,0.9426
23553.0,0.5474,0.4237,0.9711000000000001
23554.0,0.4982,0.4049,0.9031
23555.0,0.4924,0.4088,0.9012
23556.0,0.3804,0.4256,0.806
23557.0,0.5009,0.3927,0.8936
23558.0,0.4109,0.3943,0.8051999999999999
23559.0,0.4707,0.3786,0.8492999999999999
23560.0,0.4797,0.4229,0.9026000000000001
23561.0,0.4948,0.423,0.9178
23562.0,0.4795,0.7787,1.2582
23563.0,0.4533,0.4155,0.8688
23564.0,0.5561,0.3908,0.9469000000000001
23565.0,0.4791,0.3999,0.879
23566.0,0.5606,0.4029,0.9635
23567.0,0.4388,0.4154,0.8542000000000001
23568.0,0.5731,0.4058,0.9789000000000001
23569.0,0.3797,0.4151,0.7948
23570.0,0.5076,0.3854,0.893
23571.0,0.4501,0.3799,0.8300000000000001
23572.0,0.4369,0.3984,0.8352999999999999
23573.0,0.4734,0.39,0.8634
23574.0,0.4523,0.3836,0.8359
23575.0,0.4112,0.3716,0.7827999999999999
23576.0,0.0075,0.084,0.0915
23577.0,0.3319,0.3824,0.7142999999999999
23578.0,0.4774,0.4014,0.8788
23579.0,0.4976,0.3968,0.8944
23580.0,0.3638,0.3939,0.7577
23581.0,0.5367,0.3817,0.9183999999999999
23582.0,0.4716,0.401,0.8726
23583.0,0.3483,0.3945,0.7428
23584.0,0.3378,0.3923,0.7301
23585.0,0.493,0.3975,0.8905000000000001
23586.0,0.4646,0.4033,0.8679
23587.0,0.4153,0.3927,0.808
23588.0,0.4274,0.3888,0.8162
23589.0,0.3873,0.3977,0.7849999999999999
23590.0,0.0234,0.0189,0.042300000000000004
23591.0,0.3718,0.3888,0.7605999999999999
23592.0,0.3692,0.3932,0.7624
23593.0,0.4702,0.3782,0.8484
23594.0,0.5562,0.3912,0.9474
23595.0,0.4733,0.3951,0.8684000000000001
23596.0,0.3872,0.3991,0.7863
23597.0,0.5523,0.3934,0.9457
23598.0,0.6138,0.3814,0.9952000000000001
23599.0,0.3247,0.3877,0.7123999999999999
23600.0,0.4837,0.3946,0.8783000000000001
23601.0,0.408,0.3857,0.7937
23602.0,0.4858,0.386,0.8718
23603.0,0.3999,0.4032,0.8030999999999999
23604.0,0.0051,0.92,0.9251
23605.0,0.5151,0.4048,0.9198999999999999
23606.0,0.3844,0.3922,0.7766
23607.0,0.4558,0.411,0.8668
23608.0,0.3881,0.3956,0.7837000000000001
23609.0,0.3695,0.4091,0.7786
23610.0,0.404,0.3876,0.7916000000000001
23611.0,0.4412,0.4229,0.8641
23612.0,0.5087,0.3926,0.9013
23613.0,0.4686,0.4018,0.8704000000000001
23614.0,0.485,0.3969,0.8818999999999999
23615.0,0.375,0.3899,0.7649
23616.0,0.3258,0.4157,0.7415
23617.0,0.4406,0.3929,0.8335
23618.0,0.0057,0.7461,0.7518
23619.0,0.523,0.3898,0.9128000000000001
23620.0,0.4363,0.4267,0.863
23621.0,0.7201,0.4061,1.1261999999999999
23622.0,0.486,0.4394,0.9254
23623.0,0.4325,0.4452,0.8776999999999999
23624.0,0.5316,0.424,0.9556
23625.0,0.4546,0.4278,0.8824000000000001
23626.0,0.3969,0.4157,0.8126
23627.0,0.3141,0.4,0.7141
23628.0,0.5111,0.4166,0.9277
23629.0,0.3197,0.3959,0.7156
23630.0,0.3811,0.381,0.7621
23631.0,0.3931,0.392,0.7851
23632.0,0.0061,0.573,0.5791
23633.0,0.395,0.4084,0.8034
23634.0,0.4651,0.3974,0.8625
23635.0,0.3884,0.3862,0.7746
23636.0,0.4125,0.4154,0.8279
23637.0,0.4115,0.3895,0.8009999999999999
23638.0,0.4254,0.4088,0.8342
23639.0,0.4424,0.4036,0.8460000000000001
23640.0,0.5283,0.3993,0.9276
23641.0,0.3724,0.3929,0.7653000000000001
23642.0,0.4407,0.3779,0.8186
23643.0,0.6672,0.3666,1.0338
23644.0,0.339,0.4082,0.7472000000000001
23645.0,0.4077,0.3808,0.7885
23646.0,0.0264,0.5961,0.6224999999999999
23647.0,0.3617,0.4084,0.7701
23648.0,0.3662,0.399,0.7652000000000001
23649.0,0.4741,0.3907,0.8648
23650.0,0.3082,0.3888,0.697
23651.0,0.3769,0.4008,0.7777000000000001
23652.0,0.428,0.3855,0.8135
23653.0,0.5007,0.3856,0.8863000000000001
23654.0,0.4974,0.3931,0.8905000000000001
23655.0,0.4802,0.4008,0.881
23656.0,0.3808,0.4034,0.7842
23657.0,0.5499,0.4082,0.9581000000000001
23658.0,0.5572,0.3994,0.9566
23659.0,0.3337,0.4046,0.7383
23660.0,0.0416,0.0416,0.0832
23661.0,0.391,0.3921,0.7831
23662.0,0.4018,0.3812,0.7829999999999999
23663.0,0.3641,0.4029,0.7669999999999999
23664.0,0.418,0.3793,0.7973
23665.0,0.4754,0.4125,0.8878999999999999
23666.0,0.5353,0.4142,0.9495
23667.0,0.8894,0.4103,1.2997
23668.0,0.3045,0.3805,0.685
23669.0,0.5987,0.3824,0.9811000000000001
23670.0,0.4308,0.3798,0.8106
23671.0,0.4712,0.4022,0.8734
23672.0,0.4581,0.4173,0.8754
23673.0,0.4287,0.3906,0.8193
23674.0,0.3453,0.9346,1.2799
23675.0,0.3683,0.388,0.7563
23676.0,0.4569,0.3806,0.8374999999999999
23677.0,0.3986,0.3828,0.7814
23678.0,0.4177,0.4035,0.8212
23679.0,0.4303,0.4128,0.8431
23680.0,0.4054,0.3872,0.7926
23681.0,0.433,0.3951,0.8281000000000001
23682.0,0.3805,0.4099,0.7904
23683.0,0.5159,0.3821,0.898
23684.0,0.3579,0.3597,0.7176
23685.0,0.5395,0.3669,0.9064
23686.0,0.4539,0.3957,0.8496
23687.0,0.4148,0.3857,0.8005
23688.0,0.6752,0.6308,1.306
23689.0,0.4129,0.3809,0.7938000000000001
23690.0,0.3488,0.4088,0.7576
23691.0,0.3539,0.3831,0.737
23692.0,0.3645,0.4093,0.7738
23693.0,0.4073,0.3955,0.8028
23694.0,0.3955,0.4218,0.8173
23695.0,0.3522,0.4089,0.7611
23696.0,0.3762,0.3995,0.7757000000000001
23697.0,0.4391,0.3949,0.834
23698.0,0.4763,0.3988,0.8751
23699.0,0.4219,0.3856,0.8075
23700.0,0.5554,0.3877,0.9431
23701.0,0.3999,0.3971,0.7969999999999999
23702.0,0.1506,0.7585,0.9091
23703.0,0.3967,0.3902,0.7868999999999999
23704.0,0.5978,0.4099,1.0077
23705.0,0.461,0.4144,0.8754
23706.0,0.4983,0.3963,0.8946000000000001
23707.0,0.4406,0.4006,0.8412
23708.0,0.4804,0.4025,0.8829
23709.0,0.3546,0.4085,0.7631
23710.0,0.4118,0.3966,0.8084
23711.0,0.283,0.3956,0.6786
23712.0,0.456,0.3932,0.8492
23713.0,0.5058,0.4044,0.9102
23714.0,0.5604,0.3913,0.9517
23715.0,0.5647,0.3841,0.9488
23716.0,0.0481,0.1263,0.1744
23717.0,0.5221,0.4056,0.9277
23718.0,0.389,0.4083,0.7973
23719.0,0.3323,0.3858,0.7181
23720.0,0.5013,0.4038,0.9051
23721.0,0.5113,0.3861,0.8974
23722.0,0.3677,0.3887,0.7564
23723.0,0.37,0.3794,0.7494000000000001
23724.0,0.5047,0.4048,0.9095
23725.0,0.4014,0.3883,0.7897
23726.0,0.3316,0.3959,0.7275
23727.0,0.4095,0.3922,0.8017
23728.0,0.4774,0.3779,0.8553
23729.0,0.6542,0.3869,1.0411000000000001
23730.0,2.9838,0.5955,3.5793
23731.0,0.4748,0.3851,0.8599
23732.0,0.4636,0.4228,0.8864000000000001
23733.0,0.7632,0.4321,1.1953
23734.0,0.554,0.4266,0.9806
23735.0,0.7113,0.4556,1.1669
23736.0,0.7476,0.4287,1.1763000000000001
23737.0,0.6192,0.4318,1.051
23738.0,0.6212,0.4125,1.0337
23739.0,0.6923,0.4277,1.12
23740.0,0.5997,0.4357,1.0354
23741.0,0.5604,0.4195,0.9799
23742.0,0.4914,0.4398,0.9312
23743.0,0.4414,0.4318,0.8732
23744.0,0.0426,0.053,0.09559999999999999
23745.0,0.4814,0.4209,0.9023
23746.0,0.4465,0.4425,0.889
23747.0,0.4421,0.4607,0.9028
23748.0,0.4719,0.4448,0.9167
23749.0,0.4092,0.4446,0.8538
23750.0,0.4533,0.4307,0.884
23751.0,0.3751,0.4114,0.7865
23752.0,0.3825,0.4379,0.8204
23753.0,0.4378,0.42,0.8578
23754.0,0.5976,0.4257,1.0233
23755.0,0.5478,0.4228,0.9705999999999999
23756.0,0.4491,0.4264,0.8755
23757.0,0.5126,0.4218,0.9343999999999999
23758.0,0.0018,0.3926,0.39440000000000003
23759.0,0.4468,0.4193,0.8661
23760.0,0.3481,0.4166,0.7647
23761.0,0.3446,0.4117,0.7563
23762.0,0.3577,0.4107,0.7684
23763.0,0.5281,0.3993,0.9274
23764.0,0.4971,0.4101,0.9072
23765.0,0.3469,0.4117,0.7585999999999999
23766.0,0.4684,0.4268,0.8952
23767.0,0.3108,0.4044,0.7152000000000001
23768.0,0.4478,0.4238,0.8715999999999999
23769.0,0.4862,0.3921,0.8783000000000001
23770.0,0.5535,0.4213,0.9748
23771.0,0.3786,0.4033,0.7819
23772.0,0.094,0.9103,1.0043
23773.0,0.3757,0.4128,0.7885
23774.0,0.4207,0.3934,0.8141
23775.0,0.4093,0.4066,0.8159000000000001
23776.0,0.4698,0.4079,0.8776999999999999
23777.0,0.4139,0.3967,0.8106
23778.0,0.4051,0.4059,0.8109999999999999
23779.0,0.368,0.3869,0.7549
23780.0,0.5035,0.4057,0.9092
23781.0,0.4429,0.4018,0.8447
23782.0,0.3405,0.4021,0.7426
23783.0,0.393,0.4175,0.8105
23784.0,0.3159,0.4151,0.7310000000000001
23785.0,0.5517,0.3878,0.9395
23786.0,0.004,1.748,1.752
23787.0,0.4175,0.4105,0.828
23788.0,0.5061,0.3827,0.8888
23789.0,0.4984,0.4069,0.9053
23790.0,0.4007,0.412,0.8127
23791.0,0.4245,0.4135,0.838
23792.0,0.6037,0.4363,1.04
23793.0,0.3908,0.4282,0.819
23794.0,0.5912,0.4268,1.018
23795.0,0.3981,0.4057,0.8038000000000001
23796.0,0.4407,0.3766,0.8172999999999999
23797.0,0.3536,0.4045,0.7581
23798.0,0.7346,0.4015,1.1361
23799.0,0.3935,0.3877,0.7812
23800.0,0.0134,0.5981,0.6114999999999999
23801.0,0.407,0.3959,0.8029
23802.0,0.4249,0.3969,0.8218
23803.0,0.4636,0.4215,0.8851
23804.0,0.3663,0.4074,0.7737
23805.0,0.4125,0.3971,0.8096
23806.0,0.3878,0.4104,0.7982
23807.0,0.3453,0.3848,0.7301
23808.0,0.5894,0.3973,0.9867
23809.0,0.3607,0.3941,0.7548
23810.0,0.4044,0.3882,0.7926
23811.0,0.3978,0.403,0.8008
23812.0,0.3497,0.3767,0.7263999999999999
23813.0,0.4357,0.3979,0.8335999999999999
23814.0,0.0003,0.0272,0.0275
23815.0,0.5858,0.4017,0.9875
23816.0,0.4183,0.4028,0.8210999999999999
23817.0,0.561,0.4143,0.9753000000000001
23818.0,0.4603,0.3882,0.8485
23819.0,0.4668,0.4167,0.8835
23820.0,0.4349,0.3992,0.8341000000000001
23821.0,0.3461,0.4057,0.7518
23822.0,0.3917,0.3888,0.7805
23823.0,0.3789,0.4016,0.7805
23824.0,0.3994,0.3815,0.7808999999999999
23825.0,0.4201,0.3827,0.8028
23826.0,0.4316,0.3901,0.8217
23827.0,0.451,0.3842,0.8351999999999999
23828.0,0.6103,0.3622,0.9724999999999999
23829.0,0.335,0.3991,0.7341
23830.0,0.4343,0.3964,0.8307
23831.0,0.3385,0.3968,0.7353000000000001
23832.0,0.527,0.4234,0.9504
23833.0,0.3995,0.3687,0.7682
23834.0,0.4804,0.4116,0.892
23835.0,0.493,0.4281,0.9211
23836.0,0.38,0.3931,0.7731
23837.0,0.9136,0.3687,1.2823
23838.0,0.3217,0.389,0.7107
23839.0,0.464,0.3888,0.8528
23840.0,0.5964,0.3868,0.9832000000000001
23841.0,0.4057,0.3739,0.7796000000000001
23842.0,0.0101,0.8345,0.8446
23843.0,0.4048,0.3906,0.7954
23844.0,0.4101,0.3797,0.7898000000000001
23845.0,0.5438,0.4046,0.9483999999999999
23846.0,0.4175,0.3898,0.8072999999999999
23847.0,0.401,0.3856,0.7866
23848.0,0.4464,0.4077,0.8541000000000001
23849.0,0.4848,0.39,0.8748
23850.0,0.5353,0.3891,0.9244
23851.0,0.375,0.4023,0.7773
23852.0,0.4189,0.4017,0.8206
23853.0,0.4543,0.4039,0.8582
23854.0,0.5751,0.3809,0.956
23855.0,0.5052,0.3735,0.8787
23856.0,0.0761,0.2127,0.2888
23857.0,0.5388,0.3877,0.9264999999999999
23858.0,0.3257,0.3982,0.7239
23859.0,0.3288,0.4108,0.7396
23860.0,0.3916,0.4185,0.8101
23861.0,0.3604,0.4182,0.7786
23862.0,0.4854,0.3904,0.8758
23863.0,0.4109,0.3882,0.7990999999999999
23864.0,0.5912,0.4094,1.0006
23865.0,0.5801,0.4108,0.9908999999999999
23866.0,0.3711,0.3865,0.7576
23867.0,0.4922,0.3931,0.8853
23868.0,0.4728,0.3956,0.8684000000000001
23869.0,0.3685,0.3852,0.7537
23870.0,0.3207,0.0977,0.4184
23871.0,0.3612,0.3737,0.7349
23872.0,0.4686,0.388,0.8566
23873.0,0.5088,0.3855,0.8943000000000001
23874.0,0.3258,0.3804,0.7061999999999999
23875.0,0.4582,0.4249,0.8831
23876.0,0.4629,0.4034,0.8663
23877.0,0.4001,0.4104,0.8105
23878.0,0.3229,0.3929,0.7158
23879.0,0.5502,0.413,0.9632000000000001
23880.0,0.4297,0.3971,0.8268
23881.0,0.6615,0.3729,1.0344
23882.0,0.3465,0.3763,0.7228
23883.0,0.3429,0.3742,0.7171
23884.0,0.0061,1.0934,1.0995
23885.0,0.4327,0.4286,0.8613
23886.0,0.4821,0.4033,0.8854
23887.0,0.4065,0.3962,0.8027
23888.0,0.4972,0.4193,0.9165
23889.0,0.4772,0.4191,0.8963
23890.0,0.4382,0.3999,0.8381
23891.0,0.4034,0.4186,0.8220000000000001
23892.0,0.4861,0.419,0.9051
23893.0,0.3312,0.4042,0.7354
23894.0,0.4778,0.4134,0.8912
23895.0,0.4918,0.4053,0.8971
23896.0,0.3481,0.3943,0.7424
23897.0,0.3923,0.4245,0.8168
23898.0,0.0106,0.0804,0.091
23899.0,0.4189,0.392,0.8109
23900.0,0.474,0.4026,0.8766
23901.0,0.4206,0.3971,0.8177
23902.0,0.4,0.4047,0.8047
23903.0,0.4602,0.4037,0.8639
23904.0,0.3835,0.3907,0.7742
23905.0,0.4078,0.3841,0.7919
23906.0,0.3611,0.4022,0.7633
23907.0,0.3925,0.3925,0.785
23908.0,0.5749,0.3887,0.9636
23909.0,0.4387,0.3859,0.8246
23910.0,0.4831,0.3913,0.8744
23911.0,0.3801,0.3944,0.7745
23912.0,0.0027,0.5682,0.5709000000000001
23913.0,0.3978,0.4089,0.8067
23914.0,0.3271,0.3876,0.7147
23915.0,0.463,0.3831,0.8461000000000001
23916.0,0.339,0.3977,0.7367
23917.0,0.4044,0.3972,0.8016
23918.0,0.4325,0.3682,0.8007
23919.0,0.3789,0.3946,0.7735000000000001
23920.0,0.3965,0.3916,0.7881
23921.0,0.4347,0.3916,0.8263
23922.0,0.4882,0.3855,0.8737
23923.0,0.4484,0.38,0.8284
23924.0,0.3705,0.391,0.7615000000000001
23925.0,0.3708,0.3898,0.7605999999999999
23926.0,0.12,0.3623,0.4823
23927.0,0.4102,0.3652,0.7754000000000001
23928.0,0.6181,0.4046,1.0227
23929.0,0.5917,0.3974,0.9891
23930.0,0.3977,0.3824,0.7801
23931.0,0.3776,0.3875,0.7651
23932.0,0.3708,0.3982,0.769
23933.0,0.3167,0.3999,0.7165999999999999
23934.0,0.4386,0.3968,0.8353999999999999
23935.0,0.5274,0.3897,0.9171
23936.0,0.8278,0.415,1.2428
23937.0,0.4094,0.3915,0.8009
23938.0,0.282,0.3985,0.6805
23939.0,0.4665,0.3989,0.8654
23940.0,0.0227,0.7607,0.7834000000000001
23941.0,0.3459,0.377,0.7229
23942.0,0.3772,0.3764,0.7536
23943.0,0.3923,0.3974,0.7897
23944.0,0.3245,0.3863,0.7108
23945.0,0.3613,0.3867,0.748
23946.0,0.4302,0.3913,0.8215
23947.0,0.4556,0.3889,0.8445
23948.0,0.5968,0.4021,0.9989
23949.0,0.3967,0.399,0.7957000000000001
23950.0,0.3745,0.3928,0.7673
23951.0,0.2953,0.3749,0.6702
23952.0,0.4845,0.3751,0.8595999999999999
23953.0,0.406,0.3893,0.7953
23954.0,0.1516,0.3801,0.5317000000000001
23955.0,0.3816,0.3822,0.7638
23956.0,0.3883,0.3847,0.7729999999999999
23957.0,0.4236,0.3913,0.8149
23958.0,0.4344,0.3933,0.8277
23959.0,0.4818,0.3907,0.8725
23960.0,0.4287,0.3789,0.8076000000000001
23961.0,0.3877,0.3737,0.7614
23962.0,0.4393,0.4093,0.8486
23963.0,0.3964,0.4079,0.8043
23964.0,0.4646,0.3827,0.8472999999999999
23965.0,0.5843,0.4277,1.012
23966.0,0.532,0.3907,0.9227000000000001
23967.0,0.3729,0.3905,0.7634000000000001
23968.0,0.009,0.3186,0.3276
23969.0,0.4411,0.3708,0.8119000000000001
23970.0,0.3798,0.3792,0.759
23971.0,0.5611,0.4068,0.9679
23972.0,0.3387,0.4209,0.7596
23973.0,0.3907,0.3912,0.7819
23974.0,0.5436,0.4024,0.946
23975.0,0.3923,0.3988,0.7910999999999999
23976.0,0.4854,0.3851,0.8705
23977.0,0.5718,0.3839,0.9557
23978.0,1.5262,0.3922,1.9184
23979.0,0.4242,0.3889,0.8131
23980.0,0.3818,0.4074,0.7891999999999999
23981.0,0.3904,0.3934,0.7838
23982.0,0.0239,0.0598,0.0837
23983.0,0.3932,0.3896,0.7827999999999999
23984.0,0.3903,0.4275,0.8178
23985.0,0.4508,0.381,0.8318
23986.0,0.4941,0.3897,0.8837999999999999
23987.0,0.3915,0.387,0.7785
23988.0,0.3981,0.3727,0.7707999999999999
23989.0,0.4757,0.4097,0.8854
23990.0,0.5019,0.3745,0.8764000000000001
23991.0,0.3547,0.3869,0.7416
23992.0,0.4067,0.3765,0.7832
23993.0,0.5415,0.3893,0.9308
23994.0,0.3909,0.3698,0.7607
23995.0,0.3956,0.398,0.7936000000000001
23996.0,0.0181,0.2436,0.2617
23997.0,0.3672,0.3885,0.7557
23998.0,0.4713,0.3829,0.8542000000000001
23999.0,0.2943,0.3919,0.6862
24000.0,0.6529,0.3687,1.0216
24001.0,0.3403,0.3969,0.7372
24002.0,0.4577,0.3785,0.8362
24003.0,0.4985,0.391,0.8895
24004.0,0.3543,0.3833,0.7376
24005.0,0.429,0.3722,0.8011999999999999
24006.0,0.4305,0.3971,0.8276
24007.0,0.4057,0.3914,0.7971
24008.0,0.4546,0.3801,0.8347
24009.0,0.461,0.3915,0.8525
24010.0,1.1992,0.3859,1.5851000000000002
24011.0,0.4055,0.3958,0.8013
24012.0,0.3394,0.3863,0.7257
24013.0,0.3994,0.3915,0.7908999999999999
24014.0,0.4967,0.3737,0.8704
24015.0,0.4336,0.4052,0.8388
24016.0,0.3046,0.3804,0.685
24017.0,0.4396,0.3931,0.8327
24018.0,0.4594,0.3979,0.8573
24019.0,0.3511,0.3719,0.7230000000000001
24020.0,0.4247,0.3839,0.8086
24021.0,0.5354,0.3891,0.9245
24022.0,0.3321,0.3868,0.7189
24023.0,0.4953,0.376,0.8713
24024.0,0.3143,1.0571,1.3714
24025.0,0.4899,0.4008,0.8907
24026.0,0.4638,0.3868,0.8506
24027.0,0.4421,0.3918,0.8339
24028.0,0.4041,0.3849,0.789
24029.0,0.5217,0.3773,0.899
24030.0,0.5586,0.3859,0.9445
24031.0,0.4713,0.4055,0.8768
24032.0,0.4091,0.4136,0.8227
24033.0,0.3763,0.3973,0.7736000000000001
24034.0,0.3753,0.395,0.7703
24035.0,0.4733,0.3984,0.8716999999999999
24036.0,0.4848,0.3758,0.8606
24037.0,0.4933,0.3624,0.8557
24038.0,0.0505,0.8943,0.9448
24039.0,0.4446,0.3925,0.8371
24040.0,0.5093,0.3755,0.8848
24041.0,0.4539,0.3818,0.8357
24042.0,0.436,0.3864,0.8224
24043.0,0.5311,0.3996,0.9307000000000001
24044.0,0.4119,0.4024,0.8143
24045.0,0.3851,0.3726,0.7577
24046.0,0.4026,0.3885,0.7911
24047.0,0.4434,0.3857,0.8291
24048.0,0.5164,0.4172,0.9336
24049.0,0.326,0.3833,0.7093
24050.0,0.4692,0.3755,0.8447
24051.0,0.312,0.4075,0.7195
24052.0,0.0251,0.1199,0.14500000000000002
24053.0,0.3344,0.3882,0.7225999999999999
24054.0,0.4481,0.3828,0.8309
24055.0,0.4562,0.4039,0.8601
24056.0,0.4965,0.4038,0.9003
24057.0,0.4035,0.3911,0.7946
24058.0,0.4154,0.4107,0.8261000000000001
24059.0,0.5026,0.3866,0.8892
24060.0,0.4401,0.407,0.8471
24061.0,0.4101,0.3583,0.7684
24062.0,0.3886,0.3701,0.7586999999999999
24063.0,0.4812,0.3888,0.87
24064.0,0.3527,0.3895,0.7422
24065.0,0.4325,0.3905,0.823
24066.0,0.0015,0.0637,0.06520000000000001
24067.0,0.4568,0.3877,0.8445
24068.0,0.3883,0.4022,0.7905
24069.0,0.4713,0.3782,0.8494999999999999
24070.0,0.3381,0.3916,0.7297
24071.0,0.3494,0.3848,0.7342
24072.0,0.4928,0.3829,0.8757
24073.0,0.4737,0.3691,0.8428
24074.0,0.362,0.3986,0.7605999999999999
24075.0,0.5539,0.3878,0.9417
24076.0,0.4407,0.3731,0.8138
24077.0,0.826,0.4009,1.2268999999999999
24078.0,0.4118,0.3872,0.7989999999999999
24079.0,0.3797,0.3857,0.7654
24080.0,0.0088,0.0653,0.0741
24081.0,0.5376,0.3835,0.9211
24082.0,0.4612,0.4031,0.8643000000000001
24083.0,0.5027,0.3992,0.9019
24084.0,0.3168,0.3864,0.7032
24085.0,0.408,0.382,0.79
24086.0,0.4173,0.4066,0.8239000000000001
24087.0,0.5359,0.3971,0.933
24088.0,0.5068,0.4011,0.9079
24089.0,0.4041,0.3816,0.7857000000000001
24090.0,0.3478,0.3678,0.7156
24091.0,0.3476,0.3675,0.7151000000000001
24092.0,0.4403,0.4045,0.8448
24093.0,0.587,0.3939,0.9808999999999999
24094.0,0.0869,0.0571,0.14400000000000002
24095.0,0.3598,0.3688,0.7286
24096.0,0.4374,0.3913,0.8287
24097.0,0.3178,0.3972,0.7150000000000001
24098.0,0.53,0.4082,0.9382
24099.0,0.3319,0.3751,0.707
24100.0,0.41,0.3979,0.8079
24101.0,0.7687,0.3816,1.1503
24102.0,0.4886,0.3804,0.869
24103.0,0.3787,0.3839,0.7626
24104.0,0.3863,0.3835,0.7698
24105.0,0.5743,0.3913,0.9656
24106.0,0.474,0.382,0.856
24107.0,0.413,0.3959,0.8089
24108.0,0.8167,0.6777,1.4944
24109.0,0.3188,0.3864,0.7052
24110.0,0.4532,0.3972,0.8504
24111.0,0.4871,0.3992,0.8863
24112.0,0.3614,0.4021,0.7635000000000001
24113.0,0.4112,0.405,0.8162
24114.0,0.4446,0.3994,0.844
24115.0,0.6072,0.372,0.9792
24116.0,0.386,0.3873,0.7733
24117.0,0.5311,0.3642,0.8953
24118.0,0.3777,0.361,0.7386999999999999
24119.0,0.3674,0.36,0.7274
24120.0,0.4637,0.3869,0.8506
24121.0,0.601,0.3891,0.9901
24122.0,0.0563,0.1445,0.20079999999999998
24123.0,0.4121,0.3788,0.7909
24124.0,0.3701,0.3808,0.7509
24125.0,0.426,0.3823,0.8083
24126.0,0.399,0.3956,0.7946
24127.0,0.4649,0.3904,0.8553
24128.0,0.4575,0.3888,0.8463
24129.0,0.3458,0.3997,0.7455
24130.0,0.4218,0.4057,0.8275
24131.0,0.4166,0.4016,0.8182
24132.0,0.4574,0.3846,0.842
24133.0,0.4217,0.396,0.8177000000000001
24134.0,0.5059,0.3989,0.9048
24135.0,0.4169,0.396,0.8129
24136.0,0.0211,0.4627,0.4838
24137.0,0.3378,0.4092,0.747
24138.0,0.3785,0.3903,0.7687999999999999
24139.0,0.4266,0.3796,0.8062
24140.0,0.5293,0.4111,0.9404
24141.0,0.3306,0.3774,0.708
24142.0,0.5135,0.4008,0.9142999999999999
24143.0,0.4482,0.3887,0.8369
24144.0,0.6368,0.3861,1.0229
24145.0,0.4005,0.3994,0.7999
24146.0,0.3968,0.3743,0.7711
24147.0,0.4202,0.4002,0.8204
24148.0,0.3548,0.3825,0.7373000000000001
24149.0,0.3945,0.3869,0.7814000000000001
24150.0,0.08,0.6606,0.7405999999999999
24151.0,0.4537,0.3766,0.8303
24152.0,0.5432,0.3929,0.9361
24153.0,0.4899,0.3903,0.8802
24154.0,0.5496,0.4216,0.9712
24155.0,0.4584,0.3899,0.8483
24156.0,0.4204,0.3901,0.8105
24157.0,0.3372,0.3922,0.7294
24158.0,0.4294,0.4094,0.8388
24159.0,0.5298,0.3881,0.9179
24160.0,0.3812,0.3783,0.7595000000000001
24161.0,0.3329,0.394,0.7269
24162.0,0.4717,0.3773,0.849
24163.0,0.4444,0.3824,0.8268
24164.0,0.4814,0.511,0.9924
24165.0,0.6975,0.3689,1.0664
24166.0,0.5423,0.4028,0.9451
24167.0,0.4109,0.4128,0.8237
24168.0,0.5675,0.3978,0.9653
24169.0,0.5475,0.3953,0.9428
24170.0,0.573,0.3874,0.9603999999999999
24171.0,0.3735,0.4094,0.7828999999999999
24172.0,0.3654,0.3856,0.751
24173.0,0.342,0.3952,0.7372000000000001
24174.0,0.4742,0.3875,0.8617
24175.0,0.3686,0.3827,0.7513
24176.0,0.4584,0.3986,0.857
24177.0,0.3837,0.3962,0.7799
24178.0,0.9391,0.1891,1.1282
24179.0,0.6935,0.3957,1.0892
24180.0,0.3661,0.3921,0.7582
24181.0,0.5105,0.3856,0.8960999999999999
24182.0,0.4826,0.3847,0.8673
24183.0,0.4953,0.3868,0.8821
24184.0,0.812,0.3851,1.1971
24185.0,0.3851,0.3843,0.7694
24186.0,0.4676,0.3846,0.8522000000000001
24187.0,0.3705,0.3815,0.752
24188.0,0.4466,0.3938,0.8404
24189.0,0.5313,0.38,0.9113
24190.0,0.3557,0.3853,0.741
24191.0,0.4677,0.4194,0.8871
24192.0,0.0407,0.192,0.23270000000000002
24193.0,0.4025,0.3927,0.7952
24194.0,0.6506,0.3769,1.0274999999999999
24195.0,0.3977,0.3755,0.7732
24196.0,0.4541,0.3742,0.8283
24197.0,0.3345,0.4062,0.7407
24198.0,0.5852,0.3881,0.9733
24199.0,0.3934,0.3777,0.7711
24200.0,0.4684,0.3918,0.8602
24201.0,0.3775,0.3846,0.7621
24202.0,0.5384,0.3892,0.9276
24203.0,0.7699,0.3883,1.1582
24204.0,0.3311,0.4077,0.7388
24205.0,0.526,0.3741,0.9001
24206.0,0.0003,0.0083,0.0086
24207.0,0.6658,0.4142,1.08
24208.0,0.4979,0.3794,0.8773
24209.0,0.4024,0.3725,0.7748999999999999
24210.0,0.4221,0.3847,0.8068
24211.0,0.4225,0.393,0.8155
24212.0,0.5501,0.4035,0.9536
24213.0,0.4129,0.3876,0.8005
24214.0,0.4394,0.3955,0.8349
24215.0,0.4723,0.3891,0.8613999999999999
24216.0,0.3762,0.3714,0.7476
24217.0,0.4094,0.4083,0.8177
24218.0,0.3737,0.3798,0.7535000000000001
24219.0,0.3688,0.3996,0.7684
24220.0,0.0028,0.0098,0.0126
24221.0,0.4441,0.3794,0.8235
24222.0,0.4022,0.3914,0.7936000000000001
24223.0,0.4571,0.4165,0.8735999999999999
24224.0,0.3076,0.382,0.6896
24225.0,0.573,0.4073,0.9803
24226.0,0.4147,0.3744,0.7891
24227.0,0.3912,0.3633,0.7545
24228.0,0.3164,0.3899,0.7063
24229.0,0.4577,0.3902,0.8479
24230.0,0.4293,0.3915,0.8208
24231.0,0.51,0.3876,0.8976
24232.0,0.4116,0.3863,0.7979
24233.0,0.5485,0.3956,0.9440999999999999
24234.0,0.0052,0.9998,1.0050000000000001
24235.0,0.427,0.3926,0.8196
24236.0,0.436,0.3838,0.8198
24237.0,0.364,0.4117,0.7757000000000001
24238.0,0.3896,0.3502,0.7398
24239.0,0.3304,0.3821,0.7125
24240.0,0.4225,0.3847,0.8071999999999999
24241.0,0.3983,0.401,0.7993
24242.0,0.4292,0.3963,0.8255
24243.0,0.4376,0.3915,0.8291
24244.0,0.5048,0.3954,0.9002
24245.0,0.6315,0.4082,1.0396999999999998
24246.0,0.3992,0.383,0.7822
24247.0,0.5656,0.3953,0.9609
24248.0,0.0569,0.2758,0.3327
24249.0,0.3935,0.3872,0.7807
24250.0,0.4178,0.3833,0.8010999999999999
24251.0,0.3831,0.3896,0.7726999999999999
24252.0,0.4001,0.3998,0.7999
24253.0,0.3966,0.3614,0.758
24254.0,0.3921,0.3718,0.7639
24255.0,0.4639,0.3964,0.8603
24256.0,0.5007,0.4004,0.9011
24257.0,0.5507,0.4101,0.9608
24258.0,0.5838,0.3773,0.9611000000000001
24259.0,0.59,0.3853,0.9753
24260.0,0.4255,0.4058,0.8312999999999999
24261.0,0.4851,0.3641,0.8492
24262.0,0.0099,0.5242,0.5341
24263.0,0.4774,0.3974,0.8748
24264.0,0.3851,0.3819,0.767
24265.0,0.4682,0.4089,0.8771
24266.0,0.4578,0.4147,0.8725
24267.0,0.4109,0.4138,0.8247
24268.0,0.3873,0.3947,0.782
24269.0,0.4792,0.4014,0.8806
24270.0,0.3592,0.3787,0.7379
24271.0,0.3484,0.4108,0.7592
24272.0,0.4292,0.3752,0.8044
24273.0,0.4158,0.3703,0.7861
24274.0,0.4597,0.4138,0.8734999999999999
24275.0,0.4631,0.3731,0.8362
24276.0,0.0521,0.1149,0.167
24277.0,0.5864,0.3748,0.9612
24278.0,0.4854,0.3986,0.884
24279.0,0.4098,0.4025,0.8123
24280.0,0.5292,0.3917,0.9209
24281.0,0.3494,0.4094,0.7587999999999999
24282.0,0.4119,0.3957,0.8076
24283.0,0.3701,0.3855,0.7556
24284.0,0.3659,0.3638,0.7297
24285.0,0.395,0.4038,0.7988
24286.0,0.4912,0.3649,0.8561000000000001
24287.0,0.3439,0.376,0.7199
24288.0,0.4246,0.3885,0.8130999999999999
24289.0,0.6598,0.3841,1.0439
24290.0,0.0739,0.2607,0.3346
24291.0,0.4499,0.3919,0.8418000000000001
24292.0,0.4328,0.3755,0.8083
24293.0,0.3236,0.381,0.7046
24294.0,0.3613,0.372,0.7333000000000001
24295.0,0.4028,0.4001,0.8029
24296.0,0.387,0.3827,0.7697
24297.0,0.3559,0.3844,0.7403
24298.0,0.4184,0.385,0.8034
24299.0,0.4608,0.4025,0.8633
24300.0,0.519,0.39,0.909
24301.0,0.585,0.3839,0.9689
24302.0,0.4287,0.3866,0.8153
24303.0,0.4209,0.3868,0.8077
24304.0,10.8817,0.3896,11.2713
24305.0,0.4472,0.3938,0.841
24306.0,0.4268,0.3933,0.8201
24307.0,0.413,0.4063,0.8192999999999999
24308.0,0.546,0.4256,0.9716
24309.0,0.5096,0.43,0.9396
24310.0,0.6594,0.4217,1.0811
24311.0,0.6679,0.4063,1.0742
24312.0,0.7598,0.4313,1.1911
24313.0,0.5415,0.4245,0.966
24314.0,0.5833,0.4264,1.0097
24315.0,0.5883,0.4152,1.0035
24316.0,0.5022,0.4064,0.9086
24317.0,0.4874,0.4328,0.9202
24318.0,0.5647,0.1973,0.762
24319.0,0.5362,0.4353,0.9715
24320.0,0.4452,0.4613,0.9065
24321.0,0.4555,0.4674,0.9229
24322.0,0.4972,0.4633,0.9604999999999999
24323.0,0.4889,0.4619,0.9508
24324.0,0.435,0.4619,0.8969
24325.0,0.5086,0.4402,0.9488000000000001
24326.0,0.3372,0.442,0.7792
24327.0,0.5566,0.4248,0.9814
24328.0,0.4811,0.4181,0.8992
24329.0,0.4034,0.4431,0.8465
24330.0,0.3578,0.4271,0.7848999999999999
24331.0,0.6082,0.4309,1.0391
24332.0,0.0874,0.3261,0.4135
24333.0,0.4452,0.427,0.8722
24334.0,0.4893,0.4276,0.9169
24335.0,0.5704,0.4425,1.0129000000000001
24336.0,0.4536,0.4344,0.888
24337.0,0.4516,0.4266,0.8782
24338.0,0.3782,0.4328,0.8109999999999999
24339.0,0.4642,0.4339,0.8981
24340.0,0.4535,0.4359,0.8894
24341.0,0.4656,0.4288,0.8944000000000001
24342.0,0.5068,0.4296,0.9364
24343.0,0.3807,0.409,0.7897
24344.0,0.3905,0.4388,0.8293
24345.0,0.3786,0.4146,0.7932
24346.0,0.0018,0.1913,0.1931
24347.0,0.4571,0.4301,0.8872
24348.0,0.4361,0.4296,0.8656999999999999
24349.0,0.3766,0.3852,0.7618
24350.0,0.372,0.4302,0.8022
24351.0,0.4011,0.4056,0.8067
24352.0,0.5146,0.4269,0.9415
24353.0,0.5607,0.3989,0.9596
24354.0,0.3773,0.4038,0.7811
24355.0,0.9854,0.4111,1.3965
24356.0,0.4521,0.3836,0.8357
24357.0,0.4214,0.4182,0.8396
24358.0,0.5406,0.4062,0.9468
24359.0,0.4289,0.394,0.8229
24360.0,0.004,0.8275,0.8315
24361.0,0.3608,0.411,0.7718
24362.0,0.3348,0.3969,0.7317
24363.0,0.4489,0.4093,0.8582000000000001
24364.0,0.4006,0.4335,0.8341000000000001
24365.0,0.4739,0.3956,0.8694999999999999
24366.0,0.4205,0.4345,0.855
24367.0,0.4711,0.4111,0.8822000000000001
24368.0,0.5442,0.3927,0.9369000000000001
24369.0,0.4335,0.392,0.8255
24370.0,0.4315,0.4002,0.8317
24371.0,0.4273,0.3999,0.8271999999999999
24372.0,0.3756,0.3985,0.7741
24373.0,0.3994,0.4089,0.8083
24374.0,0.0101,0.3869,0.397
24375.0,0.4445,0.4173,0.8618
24376.0,0.3979,0.4032,0.8010999999999999
24377.0,0.3669,0.401,0.7679
24378.0,0.3755,0.4137,0.7892
24379.0,0.4016,0.4124,0.8140000000000001
24380.0,0.3615,0.3898,0.7513
24381.0,0.4718,0.4093,0.8811
24382.0,0.3821,0.4061,0.7882
24383.0,0.6083,0.3831,0.9914
24384.0,0.3865,0.3939,0.7804
24385.0,0.3881,0.3904,0.7785
24386.0,0.3609,0.3934,0.7543
24387.0,0.3658,0.4149,0.7807
24388.0,0.0,0.011,0.011
24389.0,0.3862,0.4029,0.7890999999999999
24390.0,0.4284,0.3939,0.8223
24391.0,0.3931,0.3697,0.7627999999999999
24392.0,0.4563,0.4069,0.8632
24393.0,0.3925,0.3981,0.7906
24394.0,0.4362,0.3945,0.8307
24395.0,0.5574,0.3783,0.9357
24396.0,0.4059,0.3785,0.7844
24397.0,0.3438,0.3896,0.7334
24398.0,0.3946,0.3911,0.7857000000000001
24399.0,0.4364,0.4058,0.8422000000000001
24400.0,0.5041,0.3841,0.8882
24401.0,0.4084,0.3841,0.7925
24402.0,-0.0001,0.0083,0.0082
24403.0,0.5137,0.3791,0.8928
24404.0,0.4793,0.4009,0.8802
24405.0,0.4277,0.4145,0.8422000000000001
24406.0,0.4599,0.3897,0.8495999999999999
24407.0,0.4318,0.3925,0.8243
24408.0,0.4741,0.3801,0.8542000000000001
24409.0,0.4671,0.3946,0.8617
24410.0,0.4248,0.3861,0.8109
24411.0,0.4637,0.3923,0.856
24412.0,0.4526,0.375,0.8276
24413.0,0.3755,0.3913,0.7667999999999999
24414.0,0.6068,0.3809,0.9877
24415.0,0.4022,0.3953,0.7975
24416.0,0.0127,0.2172,0.2299
24417.0,0.4793,0.3884,0.8677
24418.0,0.3774,0.3829,0.7603
24419.0,0.4214,0.4071,0.8285
24420.0,0.4531,0.3865,0.8396
24421.0,0.4227,0.4016,0.8243
24422.0,0.3385,0.3842,0.7227
24423.0,0.3994,0.3754,0.7747999999999999
24424.0,0.3458,0.3892,0.735
24425.0,0.4834,0.393,0.8764000000000001
24426.0,0.4422,0.4006,0.8428
24427.0,0.4149,0.4003,0.8151999999999999
24428.0,0.4876,0.369,0.8566
24429.0,0.3392,0.4005,0.7397
24430.0,0.8591,0.3197,1.1787999999999998
24431.0,0.4195,0.3838,0.8032999999999999
24432.0,0.4261,0.3661,0.7922
24433.0,0.4919,0.3904,0.8823000000000001
24434.0,0.4681,0.3886,0.8567
24435.0,0.3756,0.3779,0.7535000000000001
24436.0,0.4798,0.3783,0.8581000000000001
24437.0,0.4977,0.4025,0.9002
24438.0,0.4855,0.3789,0.8644000000000001
24439.0,0.3697,0.3944,0.7641
24440.0,0.4776,0.3932,0.8708
24441.0,0.4281,0.399,0.8271
24442.0,0.3133,0.382,0.6953
24443.0,0.3822,0.3926,0.7747999999999999
24444.0,1.0466,0.0541,1.1007
24445.0,0.3561,0.3892,0.7453000000000001
24446.0,0.3332,0.3902,0.7234
24447.0,0.5386,0.3842,0.9228
24448.0,0.3868,0.4031,0.7899
24449.0,0.4969,0.3698,0.8667
24450.0,0.4706,0.4019,0.8725
24451.0,0.3735,0.4019,0.7754
24452.0,0.3884,0.3848,0.7732
24453.0,0.411,0.3767,0.7877
24454.0,0.4055,0.3929,0.7984
24455.0,0.4809,0.3845,0.8654
24456.0,0.3831,0.3857,0.7687999999999999
24457.0,0.3941,0.3858,0.7799
24458.0,3.4994,0.1405,3.6399
24459.0,0.4178,0.3894,0.8072
24460.0,0.5139,0.3928,0.9067000000000001
24461.0,0.3453,0.4059,0.7512
24462.0,0.735,0.3985,1.1335
24463.0,0.5215,0.4158,0.9373
24464.0,0.4471,0.4099,0.857
24465.0,0.4867,0.399,0.8857
24466.0,0.4923,0.4103,0.9026000000000001
24467.0,0.4879,0.4074,0.8953
24468.0,0.6131,0.4176,1.0307
24469.0,0.5106,0.4015,0.9121000000000001
24470.0,0.4293,0.3949,0.8242
24471.0,0.4466,0.3647,0.8113
24472.0,0.8442,0.8019,1.6461
24473.0,0.5531,0.4191,0.9722
24474.0,0.5457,0.396,0.9417
24475.0,0.5278,0.4197,0.9475
24476.0,0.4595,0.4121,0.8716
24477.0,0.4267,0.4049,0.8316
24478.0,0.6303,0.4256,1.0558999999999998
24479.0,0.7226,0.3981,1.1207
24480.0,0.5601,0.4257,0.9858
24481.0,0.5112,0.4095,0.9207
24482.0,0.5958,0.4093,1.0051
24483.0,0.5474,0.399,0.9464
24484.0,0.4083,0.4196,0.8279
24485.0,0.4994,0.4199,0.9193
24486.0,0.0916,0.4314,0.523
24487.0,0.4534,0.4041,0.8575
24488.0,0.4572,0.4008,0.858
24489.0,0.4654,0.4039,0.8693
24490.0,0.3896,0.3981,0.7877000000000001
24491.0,0.4265,0.4133,0.8398
24492.0,0.4142,0.3926,0.8068
24493.0,0.5959,0.4032,0.9991
24494.0,0.4293,0.3876,0.8169
24495.0,0.4176,0.3989,0.8165
24496.0,0.4097,0.3818,0.7915
24497.0,0.549,0.4132,0.9622
24498.0,0.4526,0.3943,0.8469
24499.0,0.4953,0.4063,0.9016
24500.0,0.004,1.5119,1.5159
24501.0,0.463,0.3862,0.8492
24502.0,0.4334,0.3995,0.8329
24503.0,0.4885,0.3952,0.8836999999999999
24504.0,0.3686,0.4164,0.7849999999999999
24505.0,0.3592,0.3943,0.7535000000000001
24506.0,0.3513,0.3897,0.741
24507.0,0.4734,0.4055,0.8789
24508.0,0.37,0.4032,0.7732
24509.0,0.5108,0.3777,0.8885000000000001
24510.0,0.3596,0.3843,0.7439
24511.0,0.3828,0.3977,0.7805
24512.0,0.5156,0.4084,0.9239999999999999
24513.0,0.4152,0.4238,0.839
24514.0,0.0129,0.1678,0.1807
24515.0,1.0723,0.3897,1.462
24516.0,0.543,0.379,0.922
24517.0,0.504,0.3786,0.8826
24518.0,0.4569,0.3887,0.8455999999999999
24519.0,0.5952,0.393,0.9882
24520.0,0.3673,0.3767,0.744
24521.0,0.4337,0.3822,0.8159
24522.0,0.3589,0.3817,0.7405999999999999
24523.0,0.5236,0.3681,0.8916999999999999
24524.0,0.3975,0.4088,0.8063
24525.0,0.5225,0.38,0.9025
24526.0,0.4163,0.3901,0.8064
24527.0,0.4503,0.3835,0.8338
24528.0,0.0481,0.031,0.0791
24529.0,0.557,0.3645,0.9215
24530.0,0.4118,0.3947,0.8065
24531.0,0.5055,0.4108,0.9162999999999999
24532.0,0.4054,0.3839,0.7893
24533.0,0.3709,0.3685,0.7394000000000001
24534.0,0.3534,0.3762,0.7296
24535.0,0.5452,0.3883,0.9335
24536.0,0.4916,0.3814,0.873
24537.0,0.4121,0.3811,0.7932
24538.0,0.3624,0.3775,0.7399
24539.0,0.4991,0.3742,0.8733
24540.0,0.4306,0.3979,0.8285
24541.0,0.3349,0.3937,0.7285999999999999
24542.0,0.0085,0.4667,0.4752
24543.0,0.3893,0.3852,0.7745
24544.0,0.5353,0.4033,0.9386
24545.0,0.4696,0.3869,0.8565
24546.0,0.8541,0.3914,1.2455
24547.0,0.4148,0.3942,0.8089999999999999
24548.0,0.4052,0.3873,0.7925
24549.0,0.344,0.4022,0.7462
24550.0,0.4052,0.375,0.7802
24551.0,0.3957,0.3935,0.7892
24552.0,0.3436,0.3795,0.7231000000000001
24553.0,0.3543,0.3787,0.733
24554.0,0.4416,0.3804,0.8220000000000001
24555.0,0.4371,0.4041,0.8412
24556.0,2.9978,0.4201,3.4179
24557.0,0.4969,0.396,0.8929
24558.0,0.448,0.3939,0.8419
24559.0,0.6346,0.3753,1.0099
24560.0,0.364,0.3748,0.7388
24561.0,0.4495,0.4017,0.8512
24562.0,0.4561,0.3882,0.8443
24563.0,0.521,0.3946,0.9156
24564.0,0.4436,0.3803,0.8239000000000001
24565.0,0.9181,0.3691,1.2872
24566.0,0.4211,0.3871,0.8082
24567.0,0.4493,0.3814,0.8307
24568.0,0.686,0.3869,1.0729000000000002
24569.0,0.5461,0.4061,0.9522
24570.0,0.6717,0.1051,0.7767999999999999
24571.0,0.4269,0.3788,0.8057000000000001
24572.0,0.4772,0.3851,0.8623000000000001
24573.0,0.4843,0.3849,0.8692
24574.0,0.4482,0.39,0.8382000000000001
24575.0,0.4383,0.401,0.8393
24576.0,0.539,0.4092,0.9482
24577.0,0.4408,0.3845,0.8253
24578.0,0.587,0.3799,0.9669
24579.0,0.4868,0.3831,0.8699
24580.0,0.6161,0.3758,0.9919
24581.0,0.4301,0.4035,0.8336
24582.0,0.4476,0.381,0.8286
24583.0,0.3868,0.3935,0.7803
24584.0,0.0001,0.4639,0.46399999999999997
24585.0,0.3454,0.3715,0.7169
24586.0,0.5075,0.3955,0.903
24587.0,0.5247,0.4115,0.9362
24588.0,0.343,0.3892,0.7322
24589.0,0.4309,0.4102,0.8411
24590.0,0.4876,0.4108,0.8984
24591.0,0.3949,0.4008,0.7957
24592.0,0.3905,0.3881,0.7786
24593.0,0.5177,0.3983,0.916
24594.0,0.3264,0.379,0.7054
24595.0,0.4192,0.414,0.8331999999999999
24596.0,0.4448,0.4036,0.8484
24597.0,0.4598,0.4103,0.8701
24598.0,0.007,1.3415,1.3484999999999998
24599.0,0.3804,0.4005,0.7809
24600.0,0.3642,0.3917,0.7559
24601.0,0.3708,0.4001,0.7709
24602.0,0.3357,0.4134,0.7491
24603.0,0.3718,0.4183,0.7901
24604.0,0.5356,0.4266,0.9621999999999999
24605.0,0.4846,0.4042,0.8888
24606.0,0.462,0.3959,0.8579
24607.0,0.4183,0.3975,0.8158000000000001
24608.0,0.5129,0.4161,0.929
24609.0,0.4844,0.4071,0.8915
24610.0,0.4664,0.4103,0.8767
24611.0,0.4135,0.4082,0.8217
24612.0,0.1756,0.1687,0.3443
24613.0,0.375,0.3896,0.7646
24614.0,0.4026,0.3937,0.7963
24615.0,0.4157,0.3896,0.8053
24616.0,0.4016,0.3988,0.8004
24617.0,0.559,0.3842,0.9432
24618.0,0.4285,0.4073,0.8358
24619.0,0.4007,0.4025,0.8032
24620.0,0.4284,0.3955,0.8239000000000001
24621.0,0.5025,0.3905,0.893
24622.0,0.3821,0.3837,0.7658
24623.0,0.4255,0.4071,0.8326
24624.0,0.5812,0.384,0.9652000000000001
24625.0,0.3834,0.4007,0.7841
24626.0,0.0055,0.0298,0.0353
24627.0,0.4456,0.3864,0.8320000000000001
24628.0,0.3632,0.3987,0.7619
24629.0,0.3806,0.4111,0.7917000000000001
24630.0,0.4373,0.4007,0.8380000000000001
24631.0,0.415,0.3909,0.8059000000000001
24632.0,0.4418,0.4224,0.8642000000000001
24633.0,0.4424,0.3832,0.8256
24634.0,0.3834,0.4053,0.7887
24635.0,0.4446,0.3861,0.8307
24636.0,0.4107,0.3922,0.8029
24637.0,0.3754,0.378,0.7534000000000001
24638.0,0.2993,0.3837,0.683
24639.0,0.4269,0.41,0.8369
24640.0,0.1133,0.214,0.3273
24641.0,0.4355,0.3962,0.8317
24642.0,0.4038,0.3979,0.8017
24643.0,0.4516,0.3782,0.8298
24644.0,0.612,0.389,1.001
24645.0,0.4107,0.3957,0.8064
24646.0,0.4298,0.386,0.8158000000000001
24647.0,0.5715,0.401,0.9725
24648.0,0.3093,0.3828,0.6920999999999999
24649.0,0.5221,0.3893,0.9114
24650.0,0.2884,0.3707,0.6591
24651.0,0.4514,0.3789,0.8303
24652.0,0.5183,0.3912,0.9095
24653.0,0.4857,0.3857,0.8714
24654.0,0.176,0.5063,0.6822999999999999
24655.0,0.4051,0.3746,0.7797000000000001
24656.0,0.5167,0.3852,0.9019
24657.0,0.5464,0.3849,0.9313
24658.0,0.3608,0.3971,0.7579
24659.0,0.3853,0.3943,0.7796
24660.0,0.3796,0.3894,0.769
24661.0,0.3043,0.3996,0.7039
24662.0,0.3927,0.3754,0.7681
24663.0,0.5362,0.3987,0.9349000000000001
24664.0,0.501,0.3786,0.8795999999999999
24665.0,0.3576,0.4003,0.7579
24666.0,0.3783,0.3667,0.7450000000000001
24667.0,0.3522,0.3926,0.7448
24668.0,0.0114,0.1066,0.118
24669.0,0.5172,0.3774,0.8946000000000001
24670.0,0.3799,0.3895,0.7694000000000001
24671.0,0.4186,0.3802,0.7988
24672.0,0.4343,0.3873,0.8216
24673.0,0.418,0.3983,0.8163
24674.0,0.39,0.3988,0.7888
24675.0,0.4635,0.3803,0.8438000000000001
24676.0,0.4177,0.4022,0.8199000000000001
24677.0,0.4638,0.3949,0.8587
24678.0,0.4303,0.3766,0.8069
24679.0,0.4369,0.3759,0.8128
24680.0,0.5394,0.3838,0.9232
24681.0,0.4614,0.3966,0.858
24682.0,0.5092,0.2414,0.7505999999999999
24683.0,0.3891,0.3852,0.7743
24684.0,0.3925,0.3844,0.7769
24685.0,0.4477,0.3642,0.8119000000000001
24686.0,0.3923,0.3686,0.7608999999999999
24687.0,0.3714,0.3969,0.7683
24688.0,0.377,0.3845,0.7615000000000001
24689.0,0.3991,0.388,0.7871
24690.0,0.4261,0.4104,0.8365
24691.0,0.4895,0.3691,0.8586
24692.0,0.4139,0.3933,0.8071999999999999
24693.0,0.4775,0.4104,0.8878999999999999
24694.0,0.3778,0.3846,0.7624
24695.0,0.4186,0.3788,0.7974000000000001
24696.0,0.0552,0.0984,0.15360000000000001
24697.0,0.3255,0.3714,0.6969000000000001
24698.0,0.4171,0.3835,0.8006
24699.0,0.3704,0.3955,0.7659
24700.0,0.7451,0.389,1.1341
24701.0,0.3722,0.3775,0.7497
24702.0,0.4747,0.3903,0.865
24703.0,0.5251,0.3849,0.91
24704.0,0.3868,0.3651,0.7519
24705.0,0.5524,0.3889,0.9413
24706.0,0.3873,0.3835,0.7707999999999999
24707.0,0.4664,0.395,0.8613999999999999
24708.0,0.4668,0.3949,0.8616999999999999
24709.0,0.3974,0.3906,0.788
24710.0,0.1977,0.2269,0.4246
24711.0,0.3401,0.3793,0.7194
24712.0,0.587,0.3773,0.9642999999999999
24713.0,0.6094,0.4096,1.0190000000000001
24714.0,0.3837,0.3735,0.7572
24715.0,0.4243,0.3884,0.8127
24716.0,0.3985,0.4057,0.8042
24717.0,0.3811,0.4039,0.7849999999999999
24718.0,0.4772,0.3812,0.8584
24719.0,0.3107,0.3732,0.6839
24720.0,0.4408,0.3766,0.8174
24721.0,0.3501,0.3885,0.7386
24722.0,0.3818,0.3911,0.7728999999999999
24723.0,0.4413,0.3722,0.8135
24724.0,0.003,0.1698,0.1728
24725.0,0.4165,0.3858,0.8023
24726.0,0.3706,0.3824,0.753
24727.0,0.3924,0.3924,0.7848
24728.0,0.3955,0.3988,0.7943
24729.0,0.3859,0.378,0.7639
24730.0,0.4735,0.3849,0.8584
24731.0,0.5644,0.4082,0.9726
24732.0,0.3571,0.3812,0.7383
24733.0,0.517,0.3889,0.9059
24734.0,0.403,0.3877,0.7907
24735.0,0.3747,0.3658,0.7404999999999999
24736.0,0.4268,0.3639,0.7907
24737.0,0.4472,0.3897,0.8369
24738.0,0.0002,0.5525,0.5527
24739.0,0.374,0.3967,0.7706999999999999
24740.0,0.5371,0.3805,0.9176
24741.0,0.3562,0.3869,0.7431000000000001
24742.0,0.4647,0.3978,0.8625
24743.0,0.4124,0.3885,0.8009
24744.0,0.4237,0.4175,0.8412
24745.0,0.3902,0.3868,0.7769999999999999
24746.0,0.4627,0.4242,0.8869
24747.0,0.4533,0.4109,0.8642
24748.0,0.4774,0.3875,0.8649
24749.0,0.4474,0.4105,0.8579
24750.0,0.3545,0.3923,0.7467999999999999
24751.0,0.39,0.386,0.776
24752.0,0.4687,0.6709,1.1396000000000002
24753.0,0.8506,0.3595,1.2101
24754.0,0.5968,0.392,0.9888
24755.0,0.4388,0.3966,0.8354
24756.0,0.4181,0.4179,0.8360000000000001
24757.0,0.4796,0.3992,0.8788
24758.0,0.3429,0.4016,0.7444999999999999
24759.0,0.3724,0.4009,0.7733
24760.0,0.4366,0.4011,0.8377
24761.0,0.3596,0.3868,0.7464
24762.0,0.344,0.3672,0.7112
24763.0,0.3751,0.3815,0.7565999999999999
24764.0,0.3699,0.4006,0.7705
24765.0,0.4466,0.4071,0.8537
24766.0,0.1847,0.1115,0.2962
24767.0,0.4258,0.4127,0.8385
24768.0,0.4499,0.3782,0.8281000000000001
24769.0,0.3897,0.3857,0.7754
24770.0,0.4686,0.403,0.8716
24771.0,0.2985,0.4048,0.7033
24772.0,0.4135,0.3927,0.8062
24773.0,0.4947,0.3813,0.8759999999999999
24774.0,0.4207,0.4108,0.8315
24775.0,0.4123,0.4152,0.8275
24776.0,0.5036,0.4018,0.9054
24777.0,0.4376,0.3789,0.8165
24778.0,0.573,0.403,0.976
24779.0,0.6212,0.422,1.0432
24780.0,0.0003,0.01,0.0103
24781.0,0.4217,0.3989,0.8206
24782.0,0.422,0.3757,0.7977
24783.0,0.3962,0.3838,0.78
24784.0,0.3807,0.3841,0.7647999999999999
24785.0,0.4058,0.3861,0.7919
24786.0,0.4028,0.3753,0.7781
24787.0,0.4551,0.3766,0.8317
24788.0,0.574,0.3892,0.9632
24789.0,0.4054,0.4025,0.8079000000000001
24790.0,0.3605,0.373,0.7335
24791.0,0.4687,0.3855,0.8542000000000001
24792.0,0.4387,0.3656,0.8043
24793.0,0.3431,0.4128,0.7559
24794.0,0.0763,0.2141,0.2904
24795.0,0.3958,0.3869,0.7827
24796.0,0.5183,0.4012,0.9195
24797.0,0.4278,0.3939,0.8217
24798.0,0.4502,0.3981,0.8483
24799.0,0.5637,0.3871,0.9508
24800.0,0.3565,0.4042,0.7606999999999999
24801.0,0.6533,0.39,1.0433
24802.0,0.4207,0.3907,0.8114
24803.0,0.3932,0.3904,0.7836000000000001
24804.0,0.415,0.3916,0.8066
24805.0,0.4296,0.4001,0.8297
24806.0,0.4216,0.3813,0.8029
24807.0,0.6389,0.3911,1.03
24808.0,0.0621,0.2407,0.3028
24809.0,0.3663,0.3681,0.7343999999999999
24810.0,0.3804,0.3832,0.7636000000000001
24811.0,0.4116,0.3863,0.7979
24812.0,0.5199,0.3757,0.8956
24813.0,0.4597,0.3952,0.8549
24814.0,0.4599,0.3719,0.8318
24815.0,0.462,0.3904,0.8524
24816.0,0.3637,0.4018,0.7655000000000001
24817.0,0.4157,0.3966,0.8123
24818.0,0.3652,0.3822,0.7474000000000001
24819.0,0.3907,0.395,0.7857000000000001
24820.0,0.4768,0.3996,0.8764000000000001
24821.0,0.3542,0.3868,0.741
24822.0,0.0096,0.0828,0.0924
24823.0,0.352,0.3747,0.7266999999999999
24824.0,0.3046,0.4111,0.7157
24825.0,0.3878,0.3794,0.7672
24826.0,0.4582,0.3873,0.8454999999999999
24827.0,0.4501,0.3833,0.8333999999999999
24828.0,0.3994,0.405,0.8044
24829.0,0.7227,0.3838,1.1065
24830.0,0.572,0.3984,0.9703999999999999
24831.0,0.3872,0.3795,0.7666999999999999
24832.0,0.5059,0.3863,0.8922
24833.0,0.4376,0.3847,0.8223
24834.0,0.4182,0.3771,0.7953
24835.0,0.7855,0.3964,1.1819
24836.0,0.0145,0.4995,0.514
24837.0,0.3664,0.3831,0.7495
24838.0,0.5519,0.385,0.9369
24839.0,0.3911,0.3798,0.7709
24840.0,0.402,0.38,0.782
24841.0,0.4324,0.3886,0.821
24842.0,0.4618,0.3878,0.8495999999999999
24843.0,0.4014,0.3807,0.7821
24844.0,0.3752,0.3888,0.764
24845.0,0.5139,0.388,0.9019
24846.0,0.3881,0.3603,0.7484
24847.0,0.3998,0.378,0.7778
24848.0,0.3624,0.3931,0.7555000000000001
24849.0,0.3412,0.3757,0.7169
24850.0,0.074,0.0476,0.1216
24851.0,0.5434,0.386,0.9294
24852.0,0.5114,0.3668,0.8782
24853.0,0.4171,0.3929,0.81
24854.0,0.4269,0.3896,0.8165
24855.0,0.4045,0.3717,0.7762
24856.0,0.3826,0.3809,0.7635000000000001
24857.0,0.2987,0.3861,0.6848000000000001
24858.0,0.397,0.387,0.784
24859.0,0.3512,0.384,0.7352000000000001
24860.0,0.3735,0.3809,0.7544
24861.0,0.3949,0.3795,0.7744
24862.0,0.4,0.372,0.772
24863.0,0.399,0.3682,0.7672000000000001
24864.0,0.0104,1.0126,1.023
24865.0,0.3797,0.3757,0.7554
24866.0,0.4974,0.392,0.8894
24867.0,0.4357,0.3807,0.8164
24868.0,0.4002,0.3683,0.7685
24869.0,0.418,0.3917,0.8097
24870.0,0.3344,0.3766,0.711
24871.0,0.3842,0.3912,0.7754
24872.0,0.4822,0.3898,0.872
24873.0,0.3584,0.3814,0.7398
24874.0,0.4216,0.3904,0.812
24875.0,0.3866,0.3555,0.7421
24876.0,0.3991,0.3739,0.773
24877.0,0.3713,0.4102,0.7815000000000001
24878.0,3.9178,0.6236,4.5414
24879.0,0.3678,0.3935,0.7613000000000001
24880.0,0.3406,0.3991,0.7397
24881.0,0.3759,0.3954,0.7713
24882.0,0.4736,0.3944,0.868
24883.0,0.501,0.4015,0.9025000000000001
24884.0,0.4557,0.3806,0.8363
24885.0,0.3306,0.4211,0.7517
24886.0,0.4399,0.4099,0.8498
24887.0,0.5009,0.4053,0.9062
24888.0,0.4913,0.3843,0.8755999999999999
24889.0,0.4137,0.391,0.8047
24890.0,0.4453,0.3809,0.8262
24891.0,0.4955,0.3739,0.8694
24892.0,0.0053,0.694,0.6992999999999999
24893.0,0.3769,0.3943,0.7712
24894.0,0.4629,0.3838,0.8467
24895.0,0.4053,0.3791,0.7844
24896.0,0.338,0.4015,0.7395
24897.0,0.533,0.3738,0.9068
24898.0,0.6792,0.3995,1.0787
24899.0,0.6156,0.3758,0.9914000000000001
24900.0,0.4857,0.3945,0.8802000000000001
24901.0,0.2764,0.3708,0.6472
24902.0,0.5619,0.3703,0.9321999999999999
24903.0,0.4033,0.3904,0.7937000000000001
24904.0,0.4768,0.3717,0.8485
24905.0,0.3707,0.3897,0.7604
24906.0,0.1301,0.6917,0.8218
24907.0,0.3805,0.3821,0.7626
24908.0,0.4256,0.4055,0.8311
24909.0,0.3889,0.3968,0.7857000000000001
24910.0,0.3692,0.3833,0.7525
24911.0,0.4486,0.3645,0.8130999999999999
24912.0,0.493,0.402,0.895
24913.0,0.5093,0.3729,0.8822
24914.0,0.5503,0.3892,0.9395
24915.0,0.4811,0.4031,0.8842000000000001
24916.0,0.409,0.3726,0.7816
24917.0,0.4606,0.375,0.8356
24918.0,0.3855,0.3832,0.7686999999999999
24919.0,0.4555,0.3785,0.8340000000000001
24920.0,0.0425,0.6085,0.651
24921.0,0.5951,0.3699,0.965
24922.0,0.3466,0.3886,0.7352000000000001
24923.0,0.5616,0.3786,0.9401999999999999
24924.0,0.4585,0.3888,0.8472999999999999
24925.0,0.5355,0.404,0.9395
24926.0,0.497,0.3824,0.8794
24927.0,0.4532,0.379,0.8322
24928.0,0.5516,0.3812,0.9328
24929.0,0.5852,0.3723,0.9575
24930.0,0.41,0.3855,0.7955
24931.0,0.3452,0.3798,0.7250000000000001
24932.0,0.4135,0.392,0.8055
24933.0,0.4818,0.4043,0.8861
24934.0,0.3097,0.5199,0.8296
24935.0,0.4502,0.3855,0.8357
24936.0,0.3887,0.3854,0.7741
24937.0,0.4169,0.4014,0.8183
24938.0,0.4345,0.4129,0.8473999999999999
24939.0,0.4322,0.3849,0.8170999999999999
24940.0,0.5133,0.395,0.9083
24941.0,0.4675,0.39,0.8575
24942.0,0.7169,0.3779,1.0948
24943.0,0.368,0.3737,0.7417
24944.0,0.3756,0.3957,0.7713
24945.0,0.4038,0.3859,0.7897000000000001
24946.0,0.5368,0.3875,0.9243000000000001
24947.0,0.5007,0.3852,0.8859
24948.0,0.1193,0.5392,0.6585
24949.0,0.3195,0.3763,0.6958
24950.0,0.4496,0.3706,0.8202
24951.0,0.4857,0.4009,0.8866
24952.0,0.4245,0.3951,0.8196
24953.0,0.3678,0.3781,0.7459
24954.0,0.4582,0.4095,0.8676999999999999
24955.0,0.4896,0.3986,0.8882
24956.0,0.5306,0.3933,0.9238999999999999
24957.0,0.4437,0.3883,0.832
24958.0,0.4463,0.397,0.8432999999999999
24959.0,0.5827,0.3683,0.9510000000000001
24960.0,0.4102,0.3817,0.7919
24961.0,0.4913,0.3606,0.8519
24962.0,0.079,0.9124,0.9914
24963.0,0.3977,0.3821,0.7798
24964.0,0.5298,0.3755,0.9053
24965.0,0.3475,0.3977,0.7452
24966.0,0.499,0.3982,0.8972
24967.0,0.4223,0.3962,0.8185
24968.0,0.3857,0.3843,0.77
24969.0,0.5399,0.3863,0.9262
24970.0,0.3524,0.4014,0.7538
24971.0,0.394,0.394,0.788
24972.0,0.368,0.376,0.744
24973.0,0.5564,0.3921,0.9485
24974.0,1.004,0.3805,1.3845
24975.0,0.4145,0.3886,0.8030999999999999
24976.0,0.0517,0.0854,0.1371
24977.0,0.3881,0.3829,0.771
24978.0,0.435,0.4003,0.8352999999999999
24979.0,0.4466,0.4046,0.8512
24980.0,0.4019,0.3747,0.7766
24981.0,0.4009,0.4103,0.8111999999999999
24982.0,0.4905,0.4004,0.8909
24983.0,0.3558,0.3968,0.7525999999999999
24984.0,0.4612,0.3962,0.8573999999999999
24985.0,0.4054,0.3659,0.7713
24986.0,0.4041,0.3828,0.7868999999999999
24987.0,0.4616,0.3593,0.8209
24988.0,0.7646,0.3855,1.1501
24989.0,0.391,0.3741,0.7651
24990.0,0.0097,0.9801,0.9898
24991.0,0.4153,0.4002,0.8155
24992.0,0.4435,0.3997,0.8432
24993.0,0.3974,0.4241,0.8214999999999999
24994.0,0.4143,0.3757,0.79
24995.0,0.3363,0.3865,0.7228
24996.0,0.4972,0.4121,0.9093
24997.0,0.3346,0.3995,0.7341
24998.0,0.4075,0.3888,0.7963
24999.0,0.3989,0.387,0.7859
25000.0,0.4907,0.3955,0.8862000000000001
25001.0,0.4122,0.3729,0.7851
25002.0,0.3909,0.3836,0.7745
25003.0,0.418,0.3847,0.8027
25004.0,0.0052,0.2017,0.2069
25005.0,0.3252,0.3851,0.7102999999999999
25006.0,0.4504,0.3894,0.8398000000000001
25007.0,0.5429,0.4135,0.9564
25008.0,0.5568,0.3874,0.9441999999999999
25009.0,0.4211,0.373,0.7941
25010.0,0.4001,0.3891,0.7892
25011.0,0.336,0.3816,0.7176
25012.0,0.4211,0.3894,0.8105
25013.0,0.8342,0.3983,1.2325
25014.0,0.4923,0.4072,0.8995
25015.0,0.3765,0.3925,0.769
25016.0,0.3837,0.3934,0.7771
25017.0,0.6525,0.4069,1.0594
25018.0,0.0514,0.1888,0.2402
25019.0,0.4959,0.3709,0.8668
25020.0,0.4594,0.3796,0.839
25021.0,0.4136,0.3928,0.8064
25022.0,0.3768,0.3602,0.7370000000000001
25023.0,0.3533,0.3962,0.7495
25024.0,0.3678,0.3975,0.7653000000000001
25025.0,0.6516,0.3913,1.0429
25026.0,0.4853,0.3998,0.8851
25027.0,0.4344,0.386,0.8204
25028.0,0.5328,0.3869,0.9197000000000001
25029.0,0.5137,0.3839,0.8976000000000001
25030.0,0.398,0.4055,0.8035000000000001
25031.0,0.3826,0.3882,0.7707999999999999
25032.0,0.0025,0.1034,0.10590000000000001
25033.0,0.5073,0.3684,0.8756999999999999
25034.0,0.4262,0.4036,0.8298000000000001
25035.0,0.4327,0.3867,0.8193999999999999
25036.0,0.459,0.3742,0.8331999999999999
25037.0,0.3844,0.3906,0.775
25038.0,0.4258,0.3909,0.8167
25039.0,0.4714,0.3802,0.8515999999999999
25040.0,0.4779,0.3905,0.8684000000000001
25041.0,0.3516,0.4022,0.7538
25042.0,0.5279,0.372,0.8999
25043.0,0.3997,0.392,0.7917000000000001
25044.0,0.3435,0.3813,0.7248
25045.0,0.7141,0.385,1.0991
25046.0,-0.0,0.5468,0.5468
25047.0,0.4939,0.396,0.8899
25048.0,0.3891,0.3797,0.7687999999999999
25049.0,0.3431,0.4209,0.764
25050.0,0.478,0.4174,0.8954
25051.0,0.5788,0.4007,0.9795
25052.0,0.4154,0.4057,0.8210999999999999
25053.0,0.4433,0.4252,0.8685
25054.0,0.521,0.3927,0.9137
25055.0,0.4183,0.3995,0.8178000000000001
25056.0,0.4445,0.3771,0.8216
25057.0,0.4268,0.4118,0.8386
25058.0,0.4225,0.3756,0.7981
25059.0,0.4396,0.3967,0.8363
25060.0,2.4268,0.4703,2.8971
25061.0,0.424,0.3968,0.8208
25062.0,0.5728,0.3959,0.9686999999999999
25063.0,0.3497,0.3851,0.7348
25064.0,0.4074,0.3989,0.8063
25065.0,1.478,0.4138,1.8918
25066.0,0.4397,0.3943,0.834
25067.0,0.3995,0.4146,0.8141
25068.0,0.4872,0.3981,0.8853
25069.0,0.4396,0.404,0.8436
25070.0,0.4223,0.412,0.8343
25071.0,0.4882,0.3719,0.8601000000000001
25072.0,0.7574,0.4087,1.1661
25073.0,0.4921,0.4079,0.8999999999999999
25074.0,0.0701,0.0762,0.14629999999999999
25075.0,0.4394,0.3848,0.8242
25076.0,0.4593,0.3661,0.8253999999999999
25077.0,0.4256,0.3986,0.8242
25078.0,0.4686,0.4054,0.874
25079.0,0.3588,0.3928,0.7516
25080.0,0.5109,0.3715,0.8824000000000001
25081.0,0.3787,0.377,0.7557
25082.0,0.4549,0.3894,0.8443
25083.0,0.3524,0.3951,0.7475
25084.0,0.4413,0.3744,0.8157000000000001
25085.0,0.4554,0.3629,0.8183
25086.0,0.4142,0.3752,0.7894
25087.0,0.3781,0.3731,0.7512
25088.0,0.1898,0.5009,0.6907
25089.0,0.428,0.3765,0.8045
25090.0,0.5488,0.3996,0.9483999999999999
25091.0,0.3259,0.3705,0.6964
25092.0,0.4403,0.3931,0.8334
25093.0,0.3593,0.3751,0.7343999999999999
25094.0,0.3997,0.3666,0.7663
25095.0,0.5626,0.3974,0.96
25096.0,0.5101,0.3963,0.9064
25097.0,0.3857,0.3969,0.7826
25098.0,0.4447,0.3881,0.8328
25099.0,0.4645,0.3646,0.8291
25100.0,0.365,0.3786,0.7436
25101.0,0.4318,0.3893,0.8210999999999999
25102.0,0.4304,0.7111,1.1415
25103.0,0.4353,0.3921,0.8274
25104.0,0.4516,0.393,0.8446
25105.0,0.3332,0.3674,0.7006
25106.0,0.4467,0.3837,0.8304
25107.0,0.5124,0.3987,0.9111
25108.0,0.4366,0.3973,0.8339
25109.0,0.4591,0.404,0.8631
25110.0,0.4648,0.385,0.8498
25111.0,0.3858,0.394,0.7798
25112.0,0.3837,0.3874,0.7711
25113.0,0.4044,0.3887,0.7930999999999999
25114.0,0.5461,0.411,0.9571000000000001
25115.0,0.3927,0.393,0.7857000000000001
25116.0,0.0212,0.0204,0.0416
25117.0,0.3919,0.3845,0.7764
25118.0,0.7581,0.3842,1.1423
25119.0,0.4913,0.3952,0.8865000000000001
25120.0,0.4234,0.3792,0.8026
25121.0,0.3626,0.37,0.7325999999999999
25122.0,0.395,0.4045,0.7995000000000001
25123.0,0.5243,0.3977,0.9219999999999999
25124.0,0.3926,0.3971,0.7897000000000001
25125.0,0.3831,0.3885,0.7716000000000001
25126.0,0.3227,0.3558,0.6785
25127.0,0.5725,0.3858,0.9582999999999999
25128.0,0.3726,0.3669,0.7395
25129.0,0.5098,0.3805,0.8903000000000001
25130.0,0.1328,0.4266,0.5594
25131.0,0.4837,0.3847,0.8684000000000001
25132.0,0.4735,0.3832,0.8567
25133.0,0.4152,0.3895,0.8047
25134.0,0.3729,0.3848,0.7577
25135.0,0.4165,0.3909,0.8074
25136.0,0.4195,0.371,0.7905
25137.0,0.4271,0.3973,0.8244
25138.0,0.437,0.3913,0.8283
25139.0,0.4408,0.399,0.8398000000000001
25140.0,0.537,0.3741,0.9111
25141.0,0.4372,0.3683,0.8055
25142.0,0.6642,0.4051,1.0693000000000001
25143.0,0.3957,0.3712,0.7668999999999999
25144.0,1.8663,0.9067,2.773
25145.0,0.3774,0.3786,0.756
25146.0,0.4429,0.3718,0.8147
25147.0,0.4213,0.4108,0.8321000000000001
25148.0,0.419,0.3949,0.8139
25149.0,0.3875,0.3984,0.7859
25150.0,0.4694,0.3884,0.8578
25151.0,0.414,0.385,0.7989999999999999
25152.0,0.539,0.3746,0.9136
25153.0,0.3471,0.3801,0.7272000000000001
25154.0,0.5309,0.3742,0.9051
25155.0,0.4332,0.3672,0.8004
25156.0,0.4819,0.3709,0.8528
25157.0,0.3654,0.3656,0.731
25158.0,0.1128,0.2644,0.37720000000000004
25159.0,0.3745,0.3938,0.7683
25160.0,0.5522,0.3831,0.9353
25161.0,0.3966,0.3863,0.7828999999999999
25162.0,0.5081,0.3956,0.9037
25163.0,0.4238,0.3927,0.8165
25164.0,0.3866,0.397,0.7836000000000001
25165.0,0.334,0.3808,0.7148000000000001
25166.0,0.3551,0.3762,0.7313000000000001
25167.0,0.4699,0.387,0.8569
25168.0,0.6806,0.3926,1.0732
25169.0,0.5035,0.3732,0.8766999999999999
25170.0,0.4276,0.3746,0.8022
25171.0,0.434,0.3753,0.8093
25172.0,0.1908,0.1372,0.32799999999999996
25173.0,0.3426,0.3713,0.7139
25174.0,0.4659,0.3911,0.857
25175.0,0.4234,0.3737,0.7970999999999999
25176.0,0.528,0.3795,0.9075
25177.0,0.445,0.3794,0.8244
25178.0,0.4205,0.3959,0.8164
25179.0,0.353,0.3759,0.7289
25180.0,0.3395,0.3949,0.7343999999999999
25181.0,0.3132,0.4077,0.7209
25182.0,0.3853,0.3954,0.7807
25183.0,0.337,0.3809,0.7179
25184.0,0.4402,0.3825,0.8227
25185.0,0.3122,0.357,0.6692
25186.0,0.151,0.1999,0.3509
25187.0,0.3481,0.4021,0.7502
25188.0,0.5223,0.3768,0.8991
25189.0,0.3986,0.3897,0.7883
25190.0,0.4012,0.3828,0.784
25191.0,0.4204,0.3826,0.8029999999999999
25192.0,0.4139,0.3963,0.8102
25193.0,0.4654,0.393,0.8584
25194.0,0.4213,0.3945,0.8158000000000001
25195.0,0.3884,0.3596,0.748
25196.0,0.3448,0.3818,0.7265999999999999
25197.0,0.4129,0.3808,0.7937000000000001
25198.0,0.4124,0.3764,0.7888
25199.0,0.4093,0.3673,0.7766
25200.0,0.0001,0.0139,0.013999999999999999
25201.0,0.6742,0.3813,1.0554999999999999
25202.0,0.3973,0.381,0.7783
25203.0,0.4679,0.3904,0.8583000000000001
25204.0,0.3427,0.401,0.7437
25205.0,0.569,0.3691,0.9380999999999999
25206.0,0.4442,0.3968,0.841
25207.0,0.3703,0.363,0.7333000000000001
25208.0,0.4173,0.3948,0.8121
25209.0,0.4462,0.3822,0.8284
25210.0,0.358,0.3778,0.7358
25211.0,0.3513,0.3809,0.7322
25212.0,0.3765,0.3891,0.7656000000000001
25213.0,0.3362,0.3876,0.7238
25214.0,0.0015,0.6366,0.6381
25215.0,0.3777,0.4033,0.7809999999999999
25216.0,0.4679,0.3912,0.8591
25217.0,0.4284,0.401,0.8294
25218.0,0.3462,0.3801,0.7263
25219.0,0.3581,0.3817,0.7398
25220.0,0.4058,0.3906,0.7964
25221.0,0.5977,0.3972,0.9949
25222.0,0.5839,0.369,0.9529
25223.0,0.4527,0.3826,0.8352999999999999
25224.0,0.9052,0.3912,1.2964
25225.0,0.4631,0.4003,0.8634
25226.0,0.4605,0.3839,0.8444
25227.0,0.4123,0.389,0.8013
25228.0,0.8383,0.0918,0.9301
25229.0,0.5484,0.4035,0.9519
25230.0,0.4374,0.3781,0.8155
25231.0,0.3722,0.3709,0.7431
25232.0,0.7013,0.3957,1.097
25233.0,0.5429,0.3768,0.9197000000000001
25234.0,0.4607,0.3796,0.8403
25235.0,0.3895,0.4053,0.7948
25236.0,0.3985,0.3893,0.7878000000000001
25237.0,0.503,0.3651,0.8681
25238.0,0.3848,0.3934,0.7782
25239.0,0.4823,0.4067,0.889
25240.0,0.4158,0.3781,0.7939
25241.0,0.5542,0.3751,0.9293
25242.0,0.3195,0.5114,0.8309
25243.0,0.3998,0.3879,0.7877000000000001
25244.0,0.4832,0.3889,0.8721000000000001
25245.0,0.3897,0.374,0.7637
25246.0,0.3927,0.3779,0.7706
25247.0,0.7845,0.4208,1.2053
25248.0,0.4338,0.3855,0.8193
25249.0,0.3663,0.385,0.7513000000000001
25250.0,0.4421,0.3918,0.8339
25251.0,0.35,0.3843,0.7343
25252.0,0.3661,0.3931,0.7592
25253.0,0.3556,0.3814,0.7370000000000001
25254.0,0.3855,0.3761,0.7616
25255.0,0.4439,0.3824,0.8263
25256.0,0.0408,0.1062,0.14700000000000002
25257.0,0.3488,0.3852,0.734
25258.0,0.5676,0.3828,0.9503999999999999
25259.0,0.5996,0.3859,0.9855
25260.0,0.3664,0.4014,0.7678
25261.0,0.6192,0.3766,0.9958
25262.0,0.4755,0.384,0.8594999999999999
25263.0,0.5241,0.4034,0.9275
25264.0,0.3939,0.3871,0.7809999999999999
25265.0,0.458,0.3863,0.8443
25266.0,0.5258,0.3993,0.9251
25267.0,0.5245,0.3849,0.9094
25268.0,0.4962,0.3987,0.8949
25269.0,0.3835,0.3947,0.7782
25270.0,0.3624,0.1992,0.5616
25271.0,0.5743,0.3808,0.9551000000000001
25272.0,0.5377,0.3835,0.9212
25273.0,0.3594,0.3917,0.7511
25274.0,0.3905,0.3797,0.7702
25275.0,0.4241,0.3811,0.8051999999999999
25276.0,0.5148,0.3758,0.8906000000000001
25277.0,0.4035,0.3687,0.7722
25278.0,0.3776,0.3824,0.76
25279.0,0.3898,0.3843,0.7741
25280.0,0.3918,0.4081,0.7999
25281.0,0.4206,0.3844,0.8049999999999999
25282.0,0.401,0.3733,0.7743
25283.0,0.3535,0.3802,0.7337
25284.0,0.0035,0.1384,0.1419
25285.0,0.5459,0.3716,0.9175
25286.0,0.3753,0.3821,0.7574000000000001
25287.0,0.4518,0.3808,0.8326
25288.0,0.4988,0.3876,0.8864000000000001
25289.0,0.4762,0.3883,0.8645
25290.0,0.3932,0.3857,0.7788999999999999
25291.0,0.3819,0.3772,0.7591
25292.0,0.4088,0.3594,0.7682
25293.0,0.4281,0.4048,0.8329
25294.0,0.3924,0.4005,0.7929
25295.0,0.4224,0.3799,0.8023
25296.0,0.4558,0.3894,0.8452
25297.0,0.4246,0.3774,0.802
25298.0,0.0742,0.7891,0.8633000000000001
25299.0,0.4001,0.3879,0.788
25300.0,0.436,0.3904,0.8264
25301.0,0.3876,0.3804,0.768
25302.0,0.4939,0.3781,0.872
25303.0,0.4093,0.4122,0.8215
25304.0,0.4084,0.3873,0.7957
25305.0,0.3652,0.3713,0.7365
25306.0,0.4001,0.3772,0.7773
25307.0,0.425,0.3879,0.8129
25308.0,0.4895,0.397,0.8865000000000001
25309.0,0.4217,0.3853,0.8069999999999999
25310.0,0.6323,0.3788,1.0110999999999999
25311.0,0.5063,0.3924,0.8987
25312.0,0.1737,0.4402,0.6139
25313.0,0.3571,0.3687,0.7258
25314.0,0.3254,0.3907,0.7161
25315.0,0.4809,0.3707,0.8515999999999999
25316.0,0.4419,0.4029,0.8448
25317.0,0.3274,0.3731,0.7005
25318.0,0.3884,0.3893,0.7777000000000001
25319.0,0.3584,0.384,0.7424
25320.0,0.3738,0.3674,0.7412000000000001
25321.0,0.4252,0.3924,0.8176000000000001
25322.0,0.4076,0.3713,0.7789
25323.0,0.5594,0.4006,0.96
25324.0,0.4178,0.3859,0.8037000000000001
25325.0,0.355,0.3748,0.7298
25326.0,0.1526,0.3773,0.5299
25327.0,0.5161,0.4125,0.9286
25328.0,0.4474,0.3683,0.8157000000000001
25329.0,0.3636,0.3966,0.7602
25330.0,0.3947,0.3787,0.7734
25331.0,0.3532,0.3853,0.7384999999999999
25332.0,0.3404,0.3979,0.7383
25333.0,0.4732,0.3956,0.8688
25334.0,0.361,0.3923,0.7533
25335.0,0.4905,0.3931,0.8835999999999999
25336.0,0.4148,0.3834,0.7982
25337.0,0.447,0.3781,0.8251
25338.0,0.4426,0.3939,0.8365
25339.0,0.4229,0.3764,0.7993
25340.0,0.2451,0.2289,0.474
25341.0,0.4514,0.4028,0.8542000000000001
25342.0,0.4648,0.3972,0.862
25343.0,0.4297,0.3618,0.7915000000000001
25344.0,0.4126,0.3788,0.7914000000000001
25345.0,0.5322,0.3892,0.9214
25346.0,0.4173,0.3808,0.7981
25347.0,0.4466,0.4055,0.8521000000000001
25348.0,0.44,0.3994,0.8393999999999999
25349.0,0.3486,0.3974,0.746
25350.0,0.3636,0.3839,0.7475
25351.0,0.578,0.3876,0.9656
25352.0,0.6795,0.3639,1.0434
25353.0,0.4754,0.3856,0.861
25354.0,0.1189,0.0622,0.1811
25355.0,0.3496,0.3732,0.7228
25356.0,0.3576,0.3822,0.7398
25357.0,0.4082,0.3783,0.7865
25358.0,0.3702,0.375,0.7452
25359.0,0.3885,0.3835,0.772
25360.0,0.3479,0.3958,0.7437
25361.0,0.524,0.3675,0.8915
25362.0,0.3521,0.3918,0.7439
25363.0,0.4418,0.4022,0.8440000000000001
25364.0,0.49,0.3907,0.8807
25365.0,0.7727,0.3885,1.1612
25366.0,0.5438,0.3852,0.9289999999999999
25367.0,0.4946,0.3831,0.8776999999999999
25368.0,0.0726,0.1519,0.2245
25369.0,0.4689,0.3776,0.8465
25370.0,0.358,0.3825,0.7404999999999999
25371.0,0.4168,0.3966,0.8134
25372.0,0.3977,0.3769,0.7746
25373.0,0.5261,0.3841,0.9102
25374.0,0.4952,0.3961,0.8913
25375.0,0.4714,0.3823,0.8536999999999999
25376.0,0.5332,0.4016,0.9348000000000001
25377.0,0.5333,0.385,0.9183
25378.0,0.4544,0.3608,0.8152
25379.0,0.5496,0.3935,0.9431
25380.0,0.5496,0.3841,0.9337
25381.0,0.3162,0.3811,0.6973
25382.0,0.1433,0.2444,0.38770000000000004
25383.0,0.5303,0.3951,0.9254
25384.0,0.4105,0.3749,0.7854
25385.0,0.4274,0.4001,0.8275
25386.0,0.5365,0.3979,0.9343999999999999
25387.0,0.4349,0.4023,0.8371999999999999
25388.0,0.3935,0.3626,0.7561
25389.0,0.3725,0.3692,0.7417
25390.0,0.582,0.4021,0.9841
25391.0,0.5944,0.3731,0.9675
25392.0,0.3499,0.3849,0.7348
25393.0,0.431,0.372,0.8029999999999999
25394.0,0.4306,0.3823,0.8129
25395.0,0.5557,0.361,0.9167
25396.0,0.0021,0.401,0.4031
25397.0,0.3746,0.3772,0.7518
25398.0,0.519,0.3568,0.8758
25399.0,0.5449,0.3899,0.9348000000000001
25400.0,0.4134,0.3984,0.8118
25401.0,0.6559,0.3831,1.0390000000000001
25402.0,0.3886,0.383,0.7716000000000001
25403.0,0.3971,0.3753,0.7724
25404.0,0.4561,0.3912,0.8472999999999999
25405.0,0.5786,0.3754,0.954
25406.0,0.4031,0.3793,0.7824
25407.0,0.5248,0.3964,0.9212
25408.0,0.4263,0.3544,0.7807
25409.0,0.4363,0.3963,0.8326
25410.0,0.0241,1.0711,1.0952
25411.0,0.4627,0.38,0.8427
25412.0,0.3839,0.4272,0.8111
25413.0,0.5393,0.3839,0.9232
25414.0,0.4618,0.394,0.8558
25415.0,0.3739,0.3857,0.7596
25416.0,0.3845,0.4083,0.7928
25417.0,0.3493,0.3841,0.7334
25418.0,0.4836,0.3823,0.8658999999999999
25419.0,0.548,0.3715,0.9195
25420.0,0.3667,0.3864,0.7531000000000001
25421.0,0.3489,0.3746,0.7235
25422.0,0.4331,0.3941,0.8271999999999999
25423.0,0.487,0.3817,0.8687
25424.0,0.1415,0.3509,0.49239999999999995
25425.0,0.3902,0.3863,0.7765
25426.0,0.399,0.4002,0.7992
25427.0,0.3888,0.3734,0.7622
25428.0,0.4124,0.3903,0.8027
25429.0,0.4145,0.4224,0.8369
25430.0,0.3493,0.3972,0.7464999999999999
25431.0,0.3693,0.3827,0.752
25432.0,0.3609,0.386,0.7469
25433.0,0.3935,0.3987,0.7922
25434.0,0.3926,0.3809,0.7735000000000001
25435.0,0.4432,0.3705,0.8137
25436.0,0.4051,0.4024,0.8075
25437.0,0.5031,0.4041,0.9072
25438.0,0.0004,0.5812,0.5816
25439.0,0.4979,0.4173,0.9152
25440.0,0.3557,0.3862,0.7419
25441.0,0.3411,0.3901,0.7312000000000001
25442.0,0.388,0.3872,0.7752
25443.0,0.4497,0.3876,0.8372999999999999
25444.0,0.355,0.3637,0.7187
25445.0,0.4427,0.3806,0.8232999999999999
25446.0,0.3989,0.3917,0.7906
25447.0,0.4364,0.3956,0.8320000000000001
25448.0,0.4719,0.3818,0.8536999999999999
25449.0,0.3928,0.3852,0.778
25450.0,0.3758,0.3774,0.7532000000000001
25451.0,0.4374,0.3848,0.8222
25452.0,0.0539,0.1559,0.20980000000000001
25453.0,0.4314,0.379,0.8104
25454.0,0.5106,0.3946,0.9052
25455.0,0.4888,0.376,0.8648
25456.0,0.4117,0.3643,0.776
25457.0,0.3718,0.3845,0.7563
25458.0,0.4024,0.3867,0.7890999999999999
25459.0,0.4815,0.3968,0.8783
25460.0,0.3795,0.3819,0.7614000000000001
25461.0,0.382,0.3623,0.7443
25462.0,0.3696,0.3857,0.7553
25463.0,0.5826,0.3815,0.9641
25464.0,0.4294,0.3885,0.8179000000000001
25465.0,0.3218,0.3955,0.7173
25466.0,0.019,1.3113,1.3302999999999998
25467.0,0.4408,0.3809,0.8217000000000001
25468.0,0.4551,0.3877,0.8428
25469.0,0.5454,0.3768,0.9222
25470.0,0.4624,0.3762,0.8386
25471.0,0.3905,0.3904,0.7809
25472.0,0.3559,0.4063,0.7622
25473.0,0.362,0.3751,0.7371
25474.0,0.4192,0.383,0.8022
25475.0,0.4211,0.3888,0.8099
25476.0,0.3243,0.3816,0.7059
25477.0,0.4659,0.3998,0.8656999999999999
25478.0,0.3903,0.3617,0.752
25479.0,0.7039,0.3963,1.1002
25480.0,0.0008,1.0557,1.0565
25481.0,0.4146,0.397,0.8116000000000001
25482.0,0.4741,0.3732,0.8472999999999999
25483.0,0.3728,0.38,0.7528
25484.0,0.6232,0.3962,1.0194
25485.0,0.3737,0.392,0.7657
25486.0,0.3341,0.382,0.7161
25487.0,0.3342,0.3647,0.6989000000000001
25488.0,0.392,0.4081,0.8001
25489.0,0.4333,0.3841,0.8174
25490.0,0.425,0.3963,0.8212999999999999
25491.0,0.4763,0.3939,0.8702
25492.0,0.38,0.4014,0.7814
25493.0,0.3375,0.382,0.7195
25494.0,0.0211,1.1426,1.1637
25495.0,0.4118,0.3786,0.7904
25496.0,0.4096,0.3962,0.8058000000000001
25497.0,0.3749,0.3921,0.767
25498.0,0.3551,0.4011,0.7562
25499.0,0.3833,0.3875,0.7707999999999999
25500.0,0.4714,0.3999,0.8713
25501.0,0.5111,0.3926,0.9037
25502.0,0.3287,0.3715,0.7001999999999999
25503.0,0.401,0.3786,0.7796000000000001
25504.0,0.489,0.3854,0.8744000000000001
25505.0,0.3667,0.3865,0.7532000000000001
25506.0,0.4164,0.3772,0.7936
25507.0,0.504,0.3969,0.9009
25508.0,0.0455,0.1173,0.1628
25509.0,0.3345,0.402,0.7365
25510.0,0.3908,0.3825,0.7733
25511.0,0.3824,0.3718,0.7542
25512.0,0.4675,0.3992,0.8667
25513.0,0.4369,0.4027,0.8396
25514.0,0.5626,0.3848,0.9474
25515.0,0.3236,0.3779,0.7015
25516.0,0.4048,0.3738,0.7786
25517.0,0.3613,0.393,0.7543
25518.0,0.4139,0.368,0.7819
25519.0,0.437,0.3902,0.8271999999999999
25520.0,0.4247,0.3749,0.7996000000000001
25521.0,0.5921,0.392,0.9841
25522.0,0.0181,0.1691,0.1872
25523.0,0.4527,0.3757,0.8284
25524.0,0.3709,0.3979,0.7687999999999999
25525.0,0.3615,0.3772,0.7386999999999999
25526.0,0.384,0.3716,0.7556
25527.0,0.439,0.396,0.835
25528.0,0.3838,0.3865,0.7703
25529.0,0.4445,0.3868,0.8312999999999999
25530.0,0.3679,0.3741,0.742
25531.0,0.4288,0.3741,0.8029
25532.0,0.4484,0.3831,0.8315
25533.0,0.4452,0.3895,0.8347
25534.0,0.4673,0.3715,0.8388
25535.0,0.3424,0.3717,0.7141
25536.0,0.0204,0.4663,0.4867
25537.0,0.4071,0.383,0.7901
25538.0,0.3348,0.3841,0.7189
25539.0,0.424,0.3858,0.8098
25540.0,0.4478,0.3861,0.8339
25541.0,0.4574,0.4003,0.8576999999999999
25542.0,0.4053,0.3834,0.7887
25543.0,0.4259,0.3868,0.8127
25544.0,0.3909,0.3776,0.7685
25545.0,0.2979,0.3646,0.6625
25546.0,0.4364,0.3693,0.8057000000000001
25547.0,0.4931,0.369,0.8621
25548.0,0.3748,0.3736,0.7484
25549.0,0.5621,0.3804,0.9425000000000001
25550.0,0.036,0.154,0.19
25551.0,0.4339,0.3933,0.8271999999999999
25552.0,0.3474,0.3817,0.7291
25553.0,0.3862,0.411,0.7971999999999999
25554.0,0.4054,0.3856,0.7909999999999999
25555.0,0.4162,0.3946,0.8108
25556.0,0.3324,0.393,0.7254
25557.0,0.5367,0.3921,0.9288
25558.0,0.3734,0.3809,0.7543
25559.0,0.4654,0.3615,0.8269
25560.0,0.4694,0.3839,0.8533
25561.0,0.3979,0.3635,0.7614
25562.0,0.3726,0.3836,0.7562
25563.0,0.5121,0.3662,0.8783000000000001
25564.0,0.009,0.0482,0.0572
25565.0,0.438,0.3731,0.8110999999999999
25566.0,0.8314,0.3991,1.2305000000000001
25567.0,0.4213,0.3775,0.7988
25568.0,0.3886,0.3663,0.7549
25569.0,0.4043,0.3805,0.7847999999999999
25570.0,0.5206,0.3843,0.9048999999999999
25571.0,0.3573,0.3662,0.7235
25572.0,0.3641,0.3679,0.732
25573.0,0.4089,0.3862,0.7950999999999999
25574.0,0.3306,0.3861,0.7167
25575.0,0.4851,0.3817,0.8668
25576.0,0.4627,0.3919,0.8546
25577.0,0.3943,0.3728,0.7671
25578.0,0.0001,0.3249,0.325
25579.0,0.4386,0.3865,0.8251
25580.0,0.5991,0.3755,0.9745999999999999
25581.0,0.4135,0.3909,0.8044
25582.0,0.4682,0.4065,0.8747
25583.0,0.3527,0.3742,0.7269
25584.0,0.4021,0.3677,0.7698
25585.0,0.3797,0.3849,0.7646
25586.0,0.4911,0.3881,0.8792
25587.0,0.4599,0.3951,0.855
25588.0,0.4395,0.3857,0.8251999999999999
25589.0,0.4114,0.3948,0.8062
25590.0,0.4496,0.3859,0.8355
25591.0,0.3108,0.4003,0.7111000000000001
25592.0,1.3305,0.1793,1.5098
25593.0,0.9091,0.3744,1.2835
25594.0,0.4915,0.3763,0.8678
25595.0,0.3101,0.3722,0.6822999999999999
25596.0,0.3542,0.3832,0.7374
25597.0,0.498,0.3836,0.8815999999999999
25598.0,0.4606,0.3721,0.8327
25599.0,0.4102,0.3686,0.7787999999999999
25600.0,0.4524,0.3855,0.8379000000000001
25601.0,0.4345,0.3808,0.8153
25602.0,0.4516,0.3909,0.8425
25603.0,0.4553,0.3773,0.8326
25604.0,0.4265,0.3975,0.8240000000000001
25605.0,0.43,0.3697,0.7997
25606.0,0.0062,0.9867,0.9929
25607.0,0.5579,0.4007,0.9585999999999999
25608.0,0.4449,0.3868,0.8317
25609.0,0.3699,0.3703,0.7402
25610.0,0.4415,0.3838,0.8252999999999999
25611.0,0.3849,0.4024,0.7873
25612.0,0.4112,0.395,0.8062
25613.0,0.4835,0.3863,0.8697999999999999
25614.0,0.4007,0.3823,0.7829999999999999
25615.0,0.4332,0.4056,0.8388
25616.0,0.4482,0.383,0.8311999999999999
25617.0,0.4845,0.3773,0.8618
25618.0,0.4542,0.402,0.8562000000000001
25619.0,0.4666,0.3817,0.8483
25620.0,0.5141,0.5716,1.0857
25621.0,0.4164,0.4075,0.8239
25622.0,0.3451,0.3884,0.7335
25623.0,0.5745,0.4162,0.9907
25624.0,0.4214,0.4114,0.8328
25625.0,0.4071,0.3999,0.8069999999999999
25626.0,0.3525,0.4132,0.7657
25627.0,0.5004,0.3943,0.8946999999999999
25628.0,0.4318,0.4059,0.8377
25629.0,0.3166,0.3845,0.7011000000000001
25630.0,0.4795,0.3844,0.8639
25631.0,0.673,0.3811,1.0541
25632.0,0.3365,0.3804,0.7169000000000001
25633.0,0.5196,0.3981,0.9177
25634.0,0.1427,0.1525,0.2952
25635.0,0.3767,0.3876,0.7643
25636.0,0.5172,0.365,0.8822
25637.0,0.4708,0.3834,0.8542000000000001
25638.0,0.4131,0.3792,0.7923
25639.0,0.4291,0.4062,0.8352999999999999
25640.0,0.4794,0.4026,0.882
25641.0,0.4388,0.3901,0.8289
25642.0,0.5384,0.4031,0.9415
25643.0,0.4742,0.3938,0.868
25644.0,0.656,0.3989,1.0549
25645.0,0.6292,0.4017,1.0309
25646.0,0.3441,0.3856,0.7297
25647.0,0.3773,0.3914,0.7687
25648.0,0.0039,0.0187,0.022600000000000002
25649.0,0.4512,0.3722,0.8233999999999999
25650.0,0.3805,0.3913,0.7718
25651.0,0.3898,0.3878,0.7776
25652.0,0.3324,0.3946,0.727
25653.0,0.3887,0.3891,0.7778
25654.0,0.3949,0.3957,0.7906
25655.0,0.3231,0.3717,0.6948
25656.0,0.3868,0.3829,0.7697
25657.0,0.5151,0.3726,0.8876999999999999
25658.0,0.4377,0.3949,0.8326
25659.0,0.3693,0.3664,0.7357
25660.0,0.4003,0.4079,0.8082
25661.0,0.4035,0.3624,0.7659
25662.0,0.7158,0.0873,0.8031
25663.0,0.4809,0.4047,0.8855999999999999
25664.0,0.3998,0.3905,0.7903
25665.0,0.5056,0.3785,0.8841000000000001
25666.0,0.499,0.3898,0.8888
25667.0,0.3923,0.3809,0.7732
25668.0,0.391,0.3937,0.7847
25669.0,0.4567,0.3804,0.8371
25670.0,0.3522,0.3914,0.7436
25671.0,0.4635,0.3791,0.8426
25672.0,0.3833,0.3641,0.7474
25673.0,0.5746,0.3703,0.9449000000000001
25674.0,0.3849,0.3764,0.7613000000000001
25675.0,0.4723,0.3946,0.8669
25676.0,0.9129,0.8718,1.7847
25677.0,0.3847,0.3736,0.7583
25678.0,0.4217,0.3776,0.7993
25679.0,0.4917,0.347,0.8387
25680.0,0.4266,0.388,0.8146
25681.0,0.4109,0.3949,0.8058
25682.0,0.5318,0.3806,0.9124000000000001
25683.0,0.4549,0.3923,0.8472
25684.0,0.3543,0.3714,0.7257
25685.0,0.4561,0.3904,0.8465
25686.0,0.3612,0.39,0.7512000000000001
25687.0,0.3198,0.367,0.6868
25688.0,0.4369,0.3757,0.8126
25689.0,0.4166,0.3844,0.801
25690.0,0.012,0.5039,0.5159
25691.0,0.4403,0.3835,0.8238000000000001
25692.0,0.5827,0.3895,0.9722
25693.0,0.3558,0.3767,0.7324999999999999
25694.0,0.5273,0.3864,0.9137
25695.0,0.43,0.3794,0.8094
25696.0,0.5067,0.3763,0.883
25697.0,0.3385,0.3743,0.7128000000000001
25698.0,0.4367,0.3765,0.8131999999999999
25699.0,0.4721,0.4014,0.8734999999999999
25700.0,0.4974,0.3887,0.8861
25701.0,0.3798,0.3896,0.7694000000000001
25702.0,0.5116,0.3931,0.9047000000000001
25703.0,0.4398,0.3945,0.8343
25704.0,0.7663,0.28,1.0463
25705.0,0.3857,0.3807,0.7664
25706.0,0.4057,0.3828,0.7885
25707.0,0.5702,0.354,0.9242
25708.0,0.4638,0.4022,0.866
25709.0,0.4898,0.4054,0.8952
25710.0,0.415,0.3715,0.7865
25711.0,0.5003,0.4049,0.9052
25712.0,0.5125,0.3702,0.8826999999999999
25713.0,0.4436,0.3797,0.8232999999999999
25714.0,0.4359,0.3767,0.8126
25715.0,0.4162,0.3726,0.7888
25716.0,0.4461,0.3849,0.831
25717.0,0.3853,0.3892,0.7745
25718.0,0.2611,0.2434,0.5045
25719.0,0.6419,0.3726,1.0145
25720.0,0.4685,0.3863,0.8548
25721.0,0.555,0.3795,0.9345000000000001
25722.0,0.4509,0.3871,0.8380000000000001
25723.0,0.4368,0.4019,0.8387
25724.0,0.3463,0.3796,0.7259
25725.0,0.4227,0.3868,0.8095
25726.0,0.4833,0.3755,0.8588
25727.0,0.4542,0.3873,0.8414999999999999
25728.0,0.3654,0.3777,0.7431
25729.0,0.4647,0.3827,0.8473999999999999
25730.0,0.3594,0.378,0.7374
25731.0,0.3562,0.3956,0.7518
25732.0,0.1317,0.4638,0.5955
25733.0,0.5198,0.3707,0.8905000000000001
25734.0,0.5992,0.3866,0.9858
25735.0,0.4434,0.3971,0.8405
25736.0,0.4484,0.3964,0.8448
25737.0,0.4197,0.3879,0.8076000000000001
25738.0,0.3302,0.3877,0.7179
25739.0,0.4028,0.385,0.7878000000000001
25740.0,0.3887,0.3765,0.7652
25741.0,0.5165,0.3902,0.9067
25742.0,0.3714,0.4097,0.7811
25743.0,0.4554,0.3722,0.8276
25744.0,0.4767,0.3878,0.8645
25745.0,0.3764,0.3831,0.7595000000000001
25746.0,0.0059,1.3115,1.3174000000000001
25747.0,0.4456,0.3675,0.8130999999999999
25748.0,0.4695,0.4084,0.8778999999999999
25749.0,0.4346,0.4035,0.8381000000000001
25750.0,0.4664,0.3964,0.8628
25751.0,0.3301,0.4009,0.731
25752.0,0.4067,0.3594,0.7661
25753.0,0.3819,0.38,0.7619
25754.0,0.4147,0.3963,0.8109999999999999
25755.0,0.4543,0.3713,0.8256
25756.0,0.4063,0.3842,0.7905
25757.0,0.3463,0.4052,0.7515000000000001
25758.0,0.3875,0.3769,0.7644
25759.0,0.3416,0.3953,0.7369
25760.0,0.0094,0.0179,0.027299999999999998
25761.0,0.4716,0.3862,0.8578
25762.0,0.6132,0.392,1.0051999999999999
25763.0,0.5134,0.3844,0.8977999999999999
25764.0,0.3672,0.3964,0.7636000000000001
25765.0,0.3799,0.3842,0.7641
25766.0,0.3884,0.3914,0.7798
25767.0,0.3479,0.3796,0.7275
25768.0,0.5004,0.3812,0.8815999999999999
25769.0,0.3428,0.379,0.7218
25770.0,0.4704,0.3688,0.8392
25771.0,0.3718,0.3656,0.7374
25772.0,0.4163,0.3781,0.7944
25773.0,0.4391,0.3689,0.808
25774.0,0.4689,0.5,0.9689
25775.0,0.4427,0.3715,0.8142
25776.0,0.4113,0.3782,0.7895
25777.0,0.4096,0.3873,0.7968999999999999
25778.0,0.3575,0.3864,0.7439
25779.0,0.4436,0.3832,0.8268
25780.0,0.5042,0.3813,0.8855
25781.0,0.3891,0.3882,0.7773
25782.0,0.3472,0.3668,0.714
25783.0,0.5741,0.4072,0.9813000000000001
25784.0,0.3879,0.3732,0.7611
25785.0,0.4052,0.3831,0.7883
25786.0,0.4981,0.3821,0.8802
25787.0,0.3854,0.3968,0.7822
25788.0,0.3154,0.1364,0.4518
25789.0,0.5143,0.3686,0.8829
25790.0,0.3755,0.3746,0.7501
25791.0,0.4531,0.3749,0.8280000000000001
25792.0,0.3948,0.374,0.7687999999999999
25793.0,0.5092,0.3972,0.9064
25794.0,0.4301,0.3869,0.817
25795.0,0.424,0.3716,0.7956
25796.0,0.4951,0.4082,0.9033
25797.0,0.3872,0.3985,0.7857000000000001
25798.0,0.4675,0.3821,0.8496
25799.0,0.4179,0.4108,0.8287
25800.0,0.3985,0.3713,0.7698
25801.0,0.4067,0.3813,0.788
25802.0,0.0027,1.0231,1.0257999999999998
25803.0,0.4803,0.3914,0.8717
25804.0,0.4869,0.3756,0.8625
25805.0,0.4077,0.4029,0.8106
25806.0,0.3969,0.404,0.8009
25807.0,0.3677,0.4216,0.7893
25808.0,0.3161,0.391,0.7071000000000001
25809.0,0.4271,0.401,0.8281000000000001
25810.0,0.4618,0.4123,0.8741
25811.0,0.3599,0.4087,0.7686
25812.0,0.5577,0.413,0.9706999999999999
25813.0,0.6263,0.3928,1.0191
25814.0,0.4521,0.3786,0.8307
25815.0,0.3991,0.3942,0.7933
25816.0,0.0699,0.0219,0.0918
25817.0,0.3854,0.373,0.7584
25818.0,0.4818,0.4073,0.8891
25819.0,0.4462,0.4175,0.8636999999999999
25820.0,0.4305,0.3821,0.8126
25821.0,0.4808,0.3835,0.8643000000000001
25822.0,0.4369,0.4053,0.8422000000000001
25823.0,0.4471,0.3929,0.8400000000000001
25824.0,0.3467,0.394,0.7407
25825.0,0.3482,0.383,0.7312000000000001
25826.0,0.5608,0.4008,0.9616
25827.0,0.3546,0.377,0.7316
25828.0,0.4536,0.3745,0.8281000000000001
25829.0,0.3963,0.3827,0.7789999999999999
25830.0,0.1634,0.4261,0.5894999999999999
25831.0,0.4186,0.3899,0.8085
25832.0,0.391,0.3831,0.7741
25833.0,0.4166,0.3627,0.7793000000000001
25834.0,0.528,0.4031,0.9311
25835.0,0.6263,0.3884,1.0147
25836.0,0.5154,0.3816,0.897
25837.0,0.3891,0.3784,0.7675000000000001
25838.0,0.3729,0.3816,0.7545
25839.0,0.3495,0.3855,0.735
25840.0,0.447,0.3812,0.8282
25841.0,0.3779,0.373,0.7509
25842.0,0.3526,0.3907,0.7433000000000001
25843.0,0.3436,0.3858,0.7294
25844.0,0.0075,0.0433,0.0508
25845.0,0.3843,0.4053,0.7896
25846.0,0.4748,0.3939,0.8687
25847.0,0.3471,0.3839,0.7310000000000001
25848.0,0.4086,0.3919,0.8005
25849.0,0.4174,0.3874,0.8048
25850.0,0.4468,0.3784,0.8251999999999999
25851.0,0.3211,0.3886,0.7097
25852.0,0.4484,0.3803,0.8287
25853.0,0.5037,0.3877,0.8914
25854.0,0.5585,0.3727,0.9312
25855.0,0.4238,0.3928,0.8166
25856.0,0.3867,0.3924,0.7791
25857.0,0.4999,0.3992,0.8991
25858.0,0.0033,0.7115,0.7148
25859.0,0.4398,0.383,0.8228
25860.0,0.3489,0.3867,0.7356
25861.0,0.5113,0.3677,0.879
25862.0,0.4048,0.37,0.7747999999999999
25863.0,0.4357,0.3827,0.8184
25864.0,0.3603,0.3705,0.7308
25865.0,0.3818,0.3897,0.7715
25866.0,0.4932,0.389,0.8822000000000001
25867.0,0.4508,0.3838,0.8346
25868.0,0.3903,0.3825,0.7727999999999999
25869.0,0.4131,0.3845,0.7976000000000001
25870.0,0.3536,0.3722,0.7258
25871.0,0.4618,0.4112,0.873
25872.0,0.0,0.0234,0.0234
25873.0,0.3775,0.3764,0.7539
25874.0,0.3984,0.3795,0.7779
25875.0,0.4329,0.3762,0.8090999999999999
25876.0,0.5294,0.3794,0.9088
25877.0,0.3728,0.3917,0.7645
25878.0,0.4237,0.3747,0.7984
25879.0,0.4026,0.3749,0.7775000000000001
25880.0,0.4555,0.3739,0.8294
25881.0,0.4436,0.3718,0.8154
25882.0,0.5828,0.3798,0.9626
25883.0,0.4803,0.384,0.8643000000000001
25884.0,0.4255,0.3841,0.8096
25885.0,0.3118,0.4004,0.7121999999999999
25886.0,0.0027,0.4834,0.4861
25887.0,0.5363,0.3991,0.9354
25888.0,0.6436,0.3666,1.0102
25889.0,0.4507,0.3705,0.8211999999999999
25890.0,0.4294,0.3861,0.8155
25891.0,0.3387,0.3715,0.7101999999999999
25892.0,0.367,0.3788,0.7458
25893.0,0.3687,0.3884,0.7571000000000001
25894.0,0.3004,0.3848,0.6852
25895.0,0.317,0.3896,0.7066
25896.0,0.3646,0.4028,0.7674
25897.0,0.3948,0.3931,0.7879
25898.0,0.4539,0.384,0.8379000000000001
25899.0,0.3653,0.3802,0.7455
25900.0,0.004,0.1311,0.1351
25901.0,0.466,0.3906,0.8566
25902.0,0.43,0.3687,0.7987
25903.0,0.388,0.388,0.776
25904.0,0.4567,0.4079,0.8646
25905.0,0.4558,0.4009,0.8567
25906.0,0.4345,0.373,0.8075
25907.0,0.3476,0.3635,0.7111000000000001
25908.0,0.4293,0.3966,0.8259000000000001
25909.0,0.6034,0.3807,0.9841
25910.0,0.3086,0.3756,0.6841999999999999
25911.0,0.3846,0.3766,0.7612
25912.0,0.4243,0.3896,0.8139000000000001
25913.0,0.5584,0.3667,0.9251
25914.0,0.2838,0.0723,0.35609999999999997
25915.0,0.3344,0.3672,0.7016
25916.0,0.558,0.3906,0.9486000000000001
25917.0,0.4068,0.3999,0.8067
25918.0,0.427,0.3729,0.7999
25919.0,0.4517,0.3984,0.8501
25920.0,0.5341,0.4008,0.9349000000000001
25921.0,0.4307,0.3779,0.8086
25922.0,0.4566,0.3817,0.8383
25923.0,0.4379,0.3673,0.8052
25924.0,0.5927,0.3702,0.9629
25925.0,0.4446,0.3703,0.8149
25926.0,0.3324,0.383,0.7154
25927.0,0.4163,0.3663,0.7826
25928.0,1.2868,0.2595,1.5463
25929.0,0.3404,0.3733,0.7137
25930.0,0.3376,0.3749,0.7125
25931.0,0.3829,0.3846,0.7675000000000001
25932.0,0.2858,0.3713,0.6571
25933.0,0.4115,0.3922,0.8037
25934.0,0.4486,0.3735,0.8221
25935.0,0.5148,0.3795,0.8943000000000001
25936.0,0.4538,0.3759,0.8297
25937.0,0.528,0.387,0.915
25938.0,0.3734,0.4103,0.7837000000000001
25939.0,0.5245,0.3845,0.909
25940.0,0.3861,0.3776,0.7637
25941.0,0.4779,0.3961,0.874
25942.0,0.0001,0.3219,0.322
25943.0,0.5061,0.3862,0.8923
25944.0,0.4579,0.3852,0.8431
25945.0,0.3763,0.3783,0.7546
25946.0,0.4878,0.3908,0.8786
25947.0,0.3427,0.3821,0.7248
25948.0,0.316,0.3858,0.7018
25949.0,1.0652,0.3796,1.4447999999999999
25950.0,0.4337,0.3748,0.8085
25951.0,0.5053,0.3885,0.8937999999999999
25952.0,0.4178,0.3904,0.8082
25953.0,0.4546,0.3829,0.8375
25954.0,0.4038,0.3982,0.802
25955.0,0.5904,0.3869,0.9773000000000001
25956.0,0.3445,0.4521,0.7966
25957.0,0.4387,0.3874,0.8261000000000001
25958.0,0.4989,0.3882,0.8871
25959.0,0.3685,0.398,0.7665
25960.0,0.3179,0.3895,0.7074
25961.0,0.3215,0.4361,0.7576
25962.0,0.3572,0.409,0.7662
25963.0,0.3595,0.4037,0.7632
25964.0,0.5826,0.3806,0.9632000000000001
25965.0,0.6324,0.3852,1.0175999999999998
25966.0,0.625,0.4166,1.0416
25967.0,0.4275,0.3981,0.8256
25968.0,0.4435,0.417,0.8605
25969.0,0.4741,0.3701,0.8442000000000001
25970.0,0.1123,0.2632,0.3755
25971.0,0.4635,0.404,0.8675
25972.0,0.4442,0.3876,0.8318
25973.0,0.377,0.3833,0.7603
25974.0,0.4576,0.4085,0.8661
25975.0,0.5387,0.41,0.9486999999999999
25976.0,0.7056,0.3928,1.0984
25977.0,0.401,0.4008,0.8018000000000001
25978.0,0.5072,0.3713,0.8785000000000001
25979.0,0.4404,0.3692,0.8096
25980.0,0.4147,0.4031,0.8178000000000001
25981.0,0.3876,0.369,0.7565999999999999
25982.0,0.431,0.3986,0.8296
25983.0,0.3841,0.3971,0.7812
25984.0,0.3539,0.2362,0.5901
25985.0,0.4546,0.3827,0.8372999999999999
25986.0,0.4011,0.3777,0.7787999999999999
25987.0,0.5975,0.3652,0.9627000000000001
25988.0,0.3871,0.3985,0.7856000000000001
25989.0,0.3555,0.4005,0.756
25990.0,0.6216,0.3751,0.9967
25991.0,0.3911,0.3748,0.7659
25992.0,0.4747,0.3965,0.8712
25993.0,0.3909,0.385,0.7759
25994.0,0.425,0.3891,0.8141
25995.0,0.5681,0.3869,0.9550000000000001
25996.0,0.4097,0.3918,0.8015
25997.0,0.4019,0.3687,0.7706
25998.0,0.011,0.0226,0.0336
25999.0,0.4629,0.3805,0.8433999999999999
26000.0,0.4532,0.3817,0.8349
26001.0,0.4455,0.3996,0.8451
26002.0,0.4167,0.3947,0.8114
26003.0,0.4435,0.386,0.8295
26004.0,0.554,0.3803,0.9343000000000001
26005.0,0.4166,0.3782,0.7948
26006.0,0.3885,0.3931,0.7816000000000001
26007.0,0.4168,0.3874,0.8042
26008.0,0.4328,0.3773,0.8101
26009.0,0.3808,0.3629,0.7437
26010.0,0.3606,0.3766,0.7372
26011.0,0.3413,0.359,0.7002999999999999
26012.0,0.4189,0.7827,1.2016
26013.0,0.4572,0.4067,0.8639
26014.0,0.5145,0.394,0.9085
26015.0,0.3775,0.3787,0.7562
26016.0,0.3631,0.3987,0.7618
26017.0,0.3449,0.3891,0.734
26018.0,0.4894,0.3958,0.8852
26019.0,0.4827,0.3984,0.8811
26020.0,0.4674,0.3942,0.8615999999999999
26021.0,0.4168,0.3792,0.796
26022.0,0.408,0.3879,0.7959
26023.0,0.4037,0.4001,0.8038000000000001
26024.0,0.398,0.3729,0.7709
26025.0,0.4772,0.3803,0.8575
26026.0,1.4737,0.2749,1.7486
26027.0,0.4059,0.3907,0.7966
26028.0,0.4857,0.3967,0.8824000000000001
26029.0,0.3408,0.3938,0.7345999999999999
26030.0,0.451,0.3877,0.8387
26031.0,0.4722,0.3792,0.8513999999999999
26032.0,0.504,0.3985,0.9025000000000001
26033.0,0.4534,0.4104,0.8638
26034.0,0.4376,0.4095,0.8471
26035.0,0.5271,0.3739,0.901
26036.0,0.9459,0.3753,1.3212
26037.0,0.5183,0.4133,0.9316
26038.0,0.4155,0.3757,0.7911999999999999
26039.0,0.4772,0.3882,0.8654
26040.0,0.0279,1.247,1.2749000000000001
26041.0,0.4587,0.38,0.8387
26042.0,0.4405,0.3898,0.8303
26043.0,0.4844,0.4019,0.8863
26044.0,0.4321,0.3894,0.8215
26045.0,0.4045,0.4123,0.8168
26046.0,0.5176,0.3855,0.9031
26047.0,0.5934,0.4002,0.9936
26048.0,0.3746,0.3911,0.7657
26049.0,0.4864,0.3863,0.8727
26050.0,0.4708,0.3922,0.863
26051.0,0.39,0.3828,0.7727999999999999
26052.0,0.3737,0.3882,0.7619
26053.0,0.4273,0.392,0.8193
26054.0,0.0642,0.2131,0.2773
26055.0,0.3041,0.3986,0.7027
26056.0,0.44,0.3709,0.8109
26057.0,1.3194,0.3914,1.7107999999999999
26058.0,0.4868,0.3838,0.8706
26059.0,0.513,0.3676,0.8806
26060.0,0.3439,0.3762,0.7201
26061.0,0.34,0.4005,0.7405
26062.0,0.342,0.3642,0.7062
26063.0,0.479,0.3825,0.8614999999999999
26064.0,0.3126,0.3733,0.6859
26065.0,0.3601,0.3915,0.7516
26066.0,0.4201,0.3705,0.7906
26067.0,0.5542,0.3891,0.9433
26068.0,0.0619,0.8223,0.8842
26069.0,0.3612,0.3836,0.7448
26070.0,0.5883,0.3903,0.9786
26071.0,0.3744,0.3754,0.7498
26072.0,0.4636,0.3966,0.8602000000000001
26073.0,0.4409,0.3969,0.8378
26074.0,0.359,0.396,0.755
26075.0,0.489,0.3811,0.8701
26076.0,0.4336,0.4003,0.8339
26077.0,0.5445,0.3817,0.9261999999999999
26078.0,0.3592,0.3889,0.7481
26079.0,0.527,0.3918,0.9188000000000001
26080.0,0.3923,0.377,0.7693
26081.0,0.4107,0.3837,0.7944
26082.0,0.0002,0.0328,0.033
26083.0,0.3926,0.4014,0.794
26084.0,0.4837,0.3721,0.8558
26085.0,0.4445,0.3876,0.8321000000000001
26086.0,0.3485,0.388,0.7364999999999999
26087.0,0.4551,0.3847,0.8398
26088.0,0.3179,0.3801,0.698
26089.0,0.448,0.4035,0.8515
26090.0,0.3744,0.3837,0.7581
26091.0,0.4827,0.3875,0.8702000000000001
26092.0,0.4478,0.3886,0.8364
26093.0,0.4323,0.3922,0.8245
26094.0,0.3883,0.367,0.7553
26095.0,0.4203,0.3838,0.8041
26096.0,0.0002,0.0194,0.0196
26097.0,0.4088,0.3856,0.7944
26098.0,0.4445,0.3714,0.8159000000000001
26099.0,0.4498,0.3758,0.8256
26100.0,0.3881,0.3846,0.7726999999999999
26101.0,0.5296,0.3828,0.9123999999999999
26102.0,0.491,0.3753,0.8663000000000001
26103.0,0.4609,0.3748,0.8357
26104.0,0.4178,0.37,0.7878000000000001
26105.0,0.3698,0.3985,0.7683
26106.0,0.6432,0.3995,1.0427
26107.0,0.4008,0.3707,0.7715
26108.0,0.4691,0.3905,0.8596
26109.0,0.4739,0.3854,0.8593
26110.0,0.4681,0.0388,0.5069
26111.0,0.3711,0.3837,0.7547999999999999
26112.0,0.4314,0.3751,0.8065
26113.0,0.3711,0.3995,0.7706
26114.0,0.4481,0.3816,0.8297
26115.0,0.5303,0.3876,0.9178999999999999
26116.0,0.4306,0.3744,0.8049999999999999
26117.0,0.4291,0.3682,0.7973
26118.0,0.3941,0.3821,0.7762
26119.0,0.5328,0.3776,0.9104000000000001
26120.0,0.4146,0.3621,0.7767
26121.0,0.6959,0.3761,1.072
26122.0,0.4552,0.3738,0.829
26123.0,0.4476,0.3885,0.8361000000000001
26124.0,0.4035,0.0302,0.43370000000000003
26125.0,0.4354,0.3874,0.8228
26126.0,0.5058,0.3899,0.8957
26127.0,0.3777,0.3633,0.741
26128.0,0.4668,0.3664,0.8331999999999999
26129.0,0.3851,0.3723,0.7574000000000001
26130.0,0.4181,0.3918,0.8099000000000001
26131.0,0.4056,0.3901,0.7957000000000001
26132.0,0.4271,0.3729,0.8
26133.0,0.7763,0.3699,1.1461999999999999
26134.0,0.4869,0.3755,0.8624
26135.0,0.458,0.3863,0.8443
26136.0,0.5607,0.3703,0.931
26137.0,0.4433,0.3652,0.8085
26138.0,0.8402,0.1634,1.0036
26139.0,0.3946,0.3754,0.77
26140.0,0.5868,0.3842,0.971
26141.0,0.4112,0.3611,0.7723
26142.0,0.3202,0.3847,0.7049
26143.0,0.4144,0.3622,0.7766
26144.0,0.487,0.388,0.875
26145.0,0.5818,0.3765,0.9582999999999999
26146.0,0.4569,0.373,0.8299
26147.0,0.4774,0.3823,0.8596999999999999
26148.0,0.3934,0.3708,0.7642
26149.0,0.4155,0.3871,0.8026
26150.0,0.392,0.385,0.777
26151.0,0.552,0.3907,0.9427000000000001
26152.0,0.3885,0.0739,0.46240000000000003
26153.0,0.3622,0.3819,0.7441
26154.0,0.3971,0.3579,0.755
26155.0,0.5506,0.3664,0.917
26156.0,0.4935,0.3871,0.8806
26157.0,0.5017,0.3788,0.8805000000000001
26158.0,0.3701,0.3769,0.747
26159.0,0.5499,0.3918,0.9417
26160.0,0.4227,0.3767,0.7994
26161.0,0.4251,0.3883,0.8133999999999999
26162.0,0.4891,0.384,0.8731
26163.0,0.4788,0.3629,0.8417
26164.0,0.4687,0.3722,0.8409
26165.0,0.4756,0.3789,0.8545
26166.0,0.9271,0.1885,1.1156000000000001
26167.0,0.4399,0.3804,0.8203
26168.0,0.3901,0.3697,0.7598
26169.0,0.3487,0.3729,0.7216
26170.0,0.4465,0.3843,0.8308
26171.0,0.424,0.3692,0.7931999999999999
26172.0,0.441,0.3867,0.8277
26173.0,0.5145,0.3708,0.8853
26174.0,0.5039,0.3645,0.8684000000000001
26175.0,0.4264,0.3748,0.8012
26176.0,0.3893,0.3724,0.7617
26177.0,0.426,0.3644,0.7904
26178.0,0.3982,0.3708,0.769
26179.0,0.4456,0.3765,0.8221
26180.0,0.0342,0.0821,0.11630000000000001
26181.0,0.8343,0.3987,1.233
26182.0,0.4056,0.3791,0.7847
26183.0,0.4247,0.3922,0.8169
26184.0,0.3844,0.3712,0.7556
26185.0,0.4627,0.3735,0.8362
26186.0,0.4569,0.3855,0.8424
26187.0,0.3353,0.3593,0.6946
26188.0,0.4791,0.38,0.8591
26189.0,0.3675,0.3832,0.7506999999999999
26190.0,0.54,0.3826,0.9226000000000001
26191.0,0.3829,0.3852,0.7681
26192.0,0.4267,0.3941,0.8208
26193.0,0.5397,0.3737,0.9134
26194.0,0.0043,0.2485,0.2528
26195.0,0.3196,0.3901,0.7097
26196.0,0.5083,0.3762,0.8845
26197.0,0.3088,0.3953,0.7041
26198.0,0.3275,0.3676,0.6951
26199.0,0.392,0.3769,0.7689
26200.0,0.3906,0.403,0.7936000000000001
26201.0,0.5375,0.371,0.9085
26202.0,0.4332,0.3785,0.8117
26203.0,0.4951,0.3628,0.8579
26204.0,0.3909,0.3759,0.7668
26205.0,0.4361,0.3759,0.812
26206.0,0.4376,0.39,0.8276
26207.0,0.4304,0.3864,0.8168
26208.0,0.0073,0.0863,0.0936
26209.0,0.4212,0.3818,0.8029999999999999
26210.0,0.4034,0.3783,0.7817000000000001
26211.0,0.4391,0.3583,0.7974
26212.0,0.3301,0.3769,0.7070000000000001
26213.0,0.3912,0.3691,0.7603
26214.0,0.547,0.3773,0.9243000000000001
26215.0,0.4404,0.3856,0.8260000000000001
26216.0,0.3388,0.3885,0.7273000000000001
26217.0,0.4541,0.3898,0.8439
26218.0,0.6702,0.3747,1.0449
26219.0,0.3648,0.4008,0.7656000000000001
26220.0,0.408,0.3782,0.7862
26221.0,0.5734,0.3756,0.9490000000000001
26222.0,0.0816,0.658,0.7396
26223.0,0.3596,0.3891,0.7486999999999999
26224.0,0.5517,0.3755,0.9272
26225.0,0.4652,0.393,0.8582000000000001
26226.0,0.4247,0.3619,0.7866
26227.0,0.3873,0.4081,0.7954
26228.0,0.9423,0.3719,1.3142
26229.0,0.4378,0.3742,0.812
26230.0,0.5217,0.3905,0.9122000000000001
26231.0,0.4124,0.4021,0.8145
26232.0,0.3549,0.3824,0.7373000000000001
26233.0,0.509,0.3854,0.8944000000000001
26234.0,0.3983,0.3541,0.7524
26235.0,0.389,0.3758,0.7648
26236.0,0.0451,0.0725,0.1176
26237.0,0.4234,0.3991,0.8225
26238.0,0.4747,0.3937,0.8684000000000001
26239.0,0.7395,0.3789,1.1184
26240.0,0.3984,0.3737,0.7721
26241.0,0.3963,0.3677,0.764
26242.0,0.6564,0.4071,1.0635
26243.0,0.4011,0.3844,0.7855000000000001
26244.0,0.4439,0.3671,0.8109999999999999
26245.0,0.5106,0.399,0.9096000000000001
26246.0,0.3544,0.3772,0.7316
26247.0,0.3805,0.3609,0.7414000000000001
26248.0,0.5446,0.3926,0.9372
26249.0,0.3797,0.3736,0.7533
26250.0,2.2321,0.6769,2.909
26251.0,0.4775,0.3963,0.8737999999999999
26252.0,0.4432,0.3867,0.8299
26253.0,0.4551,0.3854,0.8405
26254.0,0.4482,0.3699,0.8181
26255.0,0.5774,0.3894,0.9668000000000001
26256.0,0.558,0.3778,0.9358000000000001
26257.0,0.461,0.3797,0.8407
26258.0,0.5174,0.3718,0.8892
26259.0,0.3962,0.3712,0.7674
26260.0,0.482,0.3927,0.8747
26261.0,0.5353,0.3683,0.9036
26262.0,0.4149,0.3744,0.7893
26263.0,0.4585,0.3734,0.8319000000000001
26264.0,0.0082,0.0575,0.06570000000000001
26265.0,0.4376,0.3749,0.8125
26266.0,0.3867,0.3839,0.7706
26267.0,0.5517,0.379,0.9307
26268.0,0.4023,0.3675,0.7698
26269.0,0.528,0.3865,0.9145000000000001
26270.0,0.4633,0.3882,0.8514999999999999
26271.0,0.4962,0.3805,0.8767
26272.0,0.4877,0.3938,0.8815
26273.0,0.4629,0.3684,0.8312999999999999
26274.0,0.549,0.3812,0.9302
26275.0,0.4655,0.3882,0.8537
26276.0,0.3554,0.405,0.7604
26277.0,0.5037,0.3856,0.8893
26278.0,0.0927,0.1299,0.2226
26279.0,0.4738,0.3903,0.8641
26280.0,0.3791,0.3678,0.7469
26281.0,0.3439,0.3871,0.731
26282.0,0.3838,0.3962,0.78
26283.0,0.3879,0.3803,0.7682
26284.0,0.3933,0.3562,0.7495
26285.0,0.3856,0.3861,0.7717
26286.0,0.3408,0.3978,0.7385999999999999
26287.0,0.4103,0.3898,0.8001
26288.0,0.4037,0.3832,0.7868999999999999
26289.0,0.4244,0.3832,0.8076
26290.0,0.3983,0.3675,0.7658
26291.0,0.4104,0.3863,0.7967
26292.0,0.0798,0.9518,1.0316
26293.0,0.4724,0.4002,0.8726
26294.0,0.4453,0.3854,0.8307
26295.0,0.4145,0.3898,0.8043
26296.0,0.4866,0.3783,0.8649
26297.0,0.4189,0.3829,0.8018000000000001
26298.0,0.4355,0.3741,0.8096
26299.0,0.4068,0.3709,0.7777000000000001
26300.0,0.5625,0.3808,0.9433
26301.0,0.4279,0.3696,0.7975
26302.0,0.4756,0.3675,0.8431
26303.0,0.4096,0.3535,0.7631
26304.0,0.4592,0.3777,0.8369
26305.0,0.4617,0.3743,0.8360000000000001
26306.0,0.0826,0.316,0.3986
26307.0,0.426,0.3817,0.8077
26308.0,0.3032,0.381,0.6842
26309.0,0.3594,0.3827,0.7421
26310.0,0.4666,0.3692,0.8358
26311.0,0.6169,0.3621,0.979
26312.0,0.7316,0.3936,1.1252
26313.0,0.3617,0.3882,0.7499
26314.0,0.455,0.3751,0.8301000000000001
26315.0,0.3472,0.3813,0.7284999999999999
26316.0,0.44,0.3852,0.8251999999999999
26317.0,0.6001,0.3697,0.9698
26318.0,0.3285,0.3788,0.7073
26319.0,0.4044,0.3843,0.7887
26320.0,0.0049,0.495,0.4999
26321.0,0.5035,0.3834,0.8869
26322.0,0.3192,0.3608,0.6799999999999999
26323.0,0.3604,0.3652,0.7256
26324.0,0.4172,0.381,0.7982
26325.0,0.328,0.3887,0.7167
26326.0,0.3452,0.3869,0.7321
26327.0,0.389,0.3927,0.7817000000000001
26328.0,0.4788,0.3868,0.8655999999999999
26329.0,0.3992,0.3756,0.7747999999999999
26330.0,0.3917,0.3734,0.7651
26331.0,0.4575,0.3722,0.8297
26332.0,0.405,0.3919,0.7969
26333.0,0.6519,0.3768,1.0287000000000002
26334.0,0.0531,0.3676,0.42069999999999996
26335.0,0.4498,0.3832,0.833
26336.0,0.4474,0.369,0.8164
26337.0,0.4448,0.3862,0.831
26338.0,0.4183,0.4065,0.8248
26339.0,0.7633,0.3852,1.1484999999999999
26340.0,0.3826,0.3747,0.7573
26341.0,0.3539,0.3825,0.7363999999999999
26342.0,0.5807,0.3925,0.9732000000000001
26343.0,0.4048,0.3806,0.7854
26344.0,0.3549,0.3759,0.7308
26345.0,0.4331,0.3851,0.8182
26346.0,0.433,0.4089,0.8419
26347.0,0.4783,0.3752,0.8534999999999999
26348.0,0.0633,0.1272,0.1905
26349.0,0.3785,0.3974,0.7759
26350.0,0.4254,0.3602,0.7856000000000001
26351.0,0.3432,0.3599,0.7031000000000001
26352.0,0.5093,0.3632,0.8725
26353.0,0.4021,0.384,0.7861
26354.0,0.3199,0.3733,0.6932
26355.0,0.3858,0.3778,0.7636000000000001
26356.0,0.4035,0.379,0.7825
26357.0,0.4635,0.3689,0.8324
26358.0,0.3765,0.374,0.7505
26359.0,0.5764,0.4176,0.994
26360.0,0.4375,0.392,0.8295
26361.0,0.4005,0.3773,0.7778
26362.0,0.1534,0.3966,0.55
26363.0,0.4189,0.3766,0.7955
26364.0,0.3165,0.3933,0.7098
26365.0,0.4224,0.3682,0.7906
26366.0,0.4118,0.4001,0.8119000000000001
26367.0,0.4619,0.3738,0.8357
26368.0,0.406,0.365,0.771
26369.0,0.4567,0.3939,0.8506
26370.0,0.3413,0.3833,0.7245999999999999
26371.0,0.3546,0.3898,0.7444
26372.0,0.4281,0.3862,0.8143
26373.0,0.434,0.3746,0.8086
26374.0,0.4199,0.358,0.7779
26375.0,0.4741,0.3819,0.8560000000000001
26376.0,0.2815,0.1353,0.41679999999999995
26377.0,0.5181,0.3787,0.8968
26378.0,0.3862,0.3817,0.7679
26379.0,0.5075,0.3919,0.8994
26380.0,0.3963,0.3759,0.7722
26381.0,0.3975,0.3809,0.7784
26382.0,0.365,0.3733,0.7383
26383.0,0.6167,0.3751,0.9918
26384.0,0.3973,0.3869,0.7842
26385.0,0.398,0.39,0.788
26386.0,0.4542,0.3641,0.8183
26387.0,0.5362,0.364,0.9002
26388.0,0.3464,0.3676,0.714
26389.0,0.4039,0.4167,0.8206
26390.0,0.567,0.4863,1.0533
26391.0,0.4954,0.3736,0.869
26392.0,0.5407,0.4011,0.9418
26393.0,0.457,0.3816,0.8386
26394.0,0.374,0.3782,0.7522
26395.0,0.4341,0.3952,0.8292999999999999
26396.0,0.589,0.3809,0.9699
26397.0,0.4635,0.3753,0.8388
26398.0,0.5723,0.403,0.9753000000000001
26399.0,0.6526,0.3853,1.0379
26400.0,0.535,0.3717,0.9067000000000001
26401.0,0.3491,0.3833,0.7323999999999999
26402.0,0.6159,0.3784,0.9943
26403.0,0.3665,0.3726,0.7391
26404.0,0.022,0.0198,0.041800000000000004
26405.0,0.4041,0.3911,0.7952
26406.0,0.382,0.3755,0.7575000000000001
26407.0,0.3807,0.3865,0.7672
26408.0,0.3827,0.3767,0.7594
26409.0,0.3921,0.3781,0.7702
26410.0,0.4536,0.3862,0.8398
26411.0,0.4459,0.3711,0.817
26412.0,0.3429,0.3565,0.6994
26413.0,0.379,0.3791,0.7581
26414.0,0.3972,0.3745,0.7717
26415.0,0.4341,0.3709,0.8049999999999999
26416.0,0.416,0.3616,0.7776
26417.0,0.3917,0.3669,0.7585999999999999
26418.0,0.0937,0.2009,0.2946
26419.0,0.4086,0.3865,0.7951
26420.0,0.4912,0.3973,0.8885000000000001
26421.0,0.3751,0.3778,0.7529
26422.0,0.4149,0.3963,0.8111999999999999
26423.0,0.3686,0.3669,0.7355
26424.0,0.297,0.3642,0.6612
26425.0,0.7791,0.3932,1.1723
26426.0,0.3705,0.3688,0.7393000000000001
26427.0,0.3778,0.3849,0.7627
26428.0,0.5626,0.3807,0.9433
26429.0,0.4289,0.3856,0.8145
26430.0,0.4827,0.3872,0.8699
26431.0,0.387,0.3597,0.7467
26432.0,0.0305,0.712,0.7424999999999999
26433.0,0.3736,0.3915,0.7651
26434.0,0.422,0.3776,0.7996
26435.0,0.349,0.3872,0.7362
26436.0,0.3767,0.3973,0.774
26437.0,0.3841,0.3765,0.7605999999999999
26438.0,0.3687,0.3781,0.7468
26439.0,0.3962,0.3849,0.7811
26440.0,0.37,0.3729,0.7429
26441.0,0.3879,0.3676,0.7555000000000001
26442.0,0.4227,0.3834,0.8061
26443.0,0.4756,0.3665,0.8421000000000001
26444.0,0.3958,0.3813,0.7770999999999999
26445.0,0.5087,0.3545,0.8632
26446.0,0.0701,0.2197,0.2898
26447.0,0.4664,0.3836,0.85
26448.0,0.4325,0.3802,0.8127
26449.0,0.4073,0.3736,0.7808999999999999
26450.0,0.3592,0.369,0.7282
26451.0,0.3893,0.3806,0.7699
26452.0,0.5946,0.3792,0.9738
26453.0,0.4473,0.3692,0.8165
26454.0,0.6771,0.3953,1.0724
26455.0,0.4005,0.4085,0.8089999999999999
26456.0,0.4896,0.3658,0.8553999999999999
26457.0,0.5298,0.3605,0.8903000000000001
26458.0,0.4253,0.3558,0.7811
26459.0,0.3677,0.384,0.7517
26460.0,0.0819,0.0603,0.1422
26461.0,0.4025,0.3855,0.788
26462.0,0.3537,0.382,0.7357
26463.0,0.4921,0.3688,0.8609
26464.0,1.055,0.3973,1.4523
26465.0,0.4521,0.3687,0.8208
26466.0,0.4109,0.3863,0.7971999999999999
26467.0,0.4538,0.3848,0.8386
26468.0,0.3946,0.3918,0.7864
26469.0,0.5664,0.3916,0.958
26470.0,0.4176,0.3984,0.8160000000000001
26471.0,0.5729,0.3608,0.9337
26472.0,0.4401,0.3667,0.8068
26473.0,0.4743,0.384,0.8583000000000001
26474.0,0.0839,0.4857,0.5696
26475.0,0.4532,0.3903,0.8434999999999999
26476.0,0.4071,0.3657,0.7728
26477.0,0.5039,0.3898,0.8936999999999999
26478.0,0.3259,0.381,0.7069000000000001
26479.0,0.3734,0.3634,0.7368
26480.0,0.474,0.396,0.87
26481.0,0.4522,0.3699,0.8221
26482.0,0.3729,0.3654,0.7383
26483.0,0.4397,0.3778,0.8175
26484.0,0.4063,0.3792,0.7855
26485.0,0.3667,0.3788,0.7455
26486.0,0.4086,0.3782,0.7867999999999999
26487.0,0.4349,0.3598,0.7947
26488.0,0.3378,0.33,0.6678
26489.0,0.4392,0.3876,0.8268
26490.0,0.4792,0.3702,0.8493999999999999
26491.0,0.3942,0.3846,0.7787999999999999
26492.0,0.471,0.3757,0.8467
26493.0,0.4552,0.3845,0.8397
26494.0,0.3485,0.3792,0.7277
26495.0,0.3497,0.3798,0.7295
26496.0,0.3768,0.3876,0.7644
26497.0,0.2895,0.3735,0.663
26498.0,0.4529,0.3884,0.8413
26499.0,0.354,0.3624,0.7163999999999999
26500.0,0.4601,0.413,0.8731
26501.0,0.4178,0.3778,0.7956000000000001
26502.0,1.7129,0.2337,1.9466
26503.0,0.4569,0.3672,0.8241
26504.0,0.3882,0.3898,0.778
26505.0,0.4261,0.3771,0.8031999999999999
26506.0,0.2813,0.384,0.6653
26507.0,0.4471,0.3839,0.831
26508.0,0.4442,0.384,0.8282
26509.0,0.4332,0.3667,0.7999
26510.0,0.4686,0.3661,0.8347
26511.0,0.3335,0.3791,0.7126
26512.0,0.4419,0.3797,0.8216
26513.0,0.3929,0.375,0.7679
26514.0,0.3216,0.37,0.6916
26515.0,0.3213,0.3888,0.7101
26516.0,0.2068,0.1757,0.3825
26517.0,0.364,0.3826,0.7465999999999999
26518.0,0.5486,0.3454,0.8939999999999999
26519.0,0.4458,0.3653,0.8110999999999999
26520.0,0.3705,0.3818,0.7523
26521.0,0.4001,0.3842,0.7843
26522.0,0.4105,0.3861,0.7966
26523.0,0.3625,0.3561,0.7186
26524.0,0.3723,0.3835,0.7558
26525.0,0.5189,0.3795,0.8984000000000001
26526.0,0.3833,0.382,0.7653
26527.0,0.4059,0.3816,0.7875
26528.0,0.468,0.3748,0.8428
26529.0,0.5733,0.3727,0.946
26530.0,0.001,0.0943,0.0953
26531.0,0.5484,0.3786,0.927
26532.0,0.4426,0.3662,0.8088
26533.0,0.3781,0.3591,0.7372
26534.0,0.3972,0.3816,0.7787999999999999
26535.0,0.3735,0.3706,0.7441
26536.0,0.4064,0.3758,0.7822
26537.0,0.4296,0.3944,0.824
26538.0,0.4679,0.394,0.8619
26539.0,0.3155,0.3813,0.6968
26540.0,0.4353,0.3853,0.8206
26541.0,0.6763,0.3892,1.0655000000000001
26542.0,0.3745,0.3853,0.7598
26543.0,0.3855,0.3714,0.7569
26544.0,0.1803,0.104,0.2843
26545.0,0.4287,0.3916,0.8203
26546.0,0.4727,0.3483,0.821
26547.0,0.3453,0.3886,0.7339
26548.0,0.4391,0.3813,0.8204
26549.0,0.3705,0.3805,0.751
26550.0,0.6155,0.3918,1.0073
26551.0,0.3498,0.3848,0.7345999999999999
26552.0,0.5289,0.3853,0.9142
26553.0,0.5073,0.3655,0.8728
26554.0,0.6093,0.3692,0.9784999999999999
26555.0,0.3789,0.3686,0.7475
26556.0,0.3121,0.3928,0.7049
26557.0,0.4219,0.3698,0.7917000000000001
26558.0,0.0932,0.1336,0.2268
26559.0,0.4026,0.3893,0.7919
26560.0,0.3924,0.3818,0.7742
26561.0,0.3746,0.3665,0.7411
26562.0,0.5592,0.3807,0.9399
26563.0,0.4257,0.3604,0.7861
26564.0,0.3793,0.3919,0.7712000000000001
26565.0,0.4383,0.3748,0.8131
26566.0,0.3855,0.376,0.7615000000000001
26567.0,0.4315,0.3813,0.8128
26568.0,0.349,0.3845,0.7335
26569.0,0.5803,0.3794,0.9597
26570.0,0.5163,0.3497,0.866
26571.0,0.4814,0.3865,0.8679
26572.0,0.0353,0.2778,0.3131
26573.0,0.5732,0.3876,0.9608000000000001
26574.0,0.4531,0.3745,0.8276
26575.0,0.3209,0.381,0.7019
26576.0,0.3926,0.3861,0.7787
26577.0,0.4382,0.3783,0.8165
26578.0,0.5478,0.3865,0.9342999999999999
26579.0,0.3908,0.3764,0.7672
26580.0,0.4853,0.3891,0.8744000000000001
26581.0,0.4806,0.3814,0.8620000000000001
26582.0,0.3885,0.3812,0.7697
26583.0,0.3781,0.3794,0.7575000000000001
26584.0,0.453,0.3807,0.8337
26585.0,0.4407,0.3548,0.7955
26586.0,0.0575,0.1069,0.1644
26587.0,0.425,0.3661,0.7910999999999999
26588.0,0.3631,0.398,0.7611
26589.0,0.3977,0.3849,0.7826
26590.0,0.4929,0.3638,0.8567
26591.0,0.3949,0.3899,0.7847999999999999
26592.0,0.4997,0.3669,0.8666
26593.0,0.6626,0.3904,1.053
26594.0,0.3961,0.3668,0.7629
26595.0,0.3891,0.3804,0.7695000000000001
26596.0,0.4555,0.3786,0.8341000000000001
26597.0,0.4253,0.3714,0.7967
26598.0,0.4336,0.3679,0.8015
26599.0,0.3542,0.3678,0.722
26600.0,0.0522,0.4944,0.5466
26601.0,0.5558,0.3988,0.9545999999999999
26602.0,0.4208,0.3867,0.8075
26603.0,0.541,0.3846,0.9256
26604.0,0.4193,0.3947,0.8140000000000001
26605.0,0.4685,0.3974,0.8659
26606.0,0.5971,0.3855,0.9825999999999999
26607.0,0.3418,0.3855,0.7273000000000001
26608.0,0.3764,0.3817,0.7581
26609.0,0.4027,0.3778,0.7805
26610.0,0.3306,0.3917,0.7222999999999999
26611.0,0.3938,0.3642,0.758
26612.0,0.5506,0.3866,0.9372
26613.0,0.43,0.3705,0.8005
26614.0,0.1958,0.2398,0.4356
26615.0,0.5485,0.3763,0.9248000000000001
26616.0,0.4183,0.3891,0.8074
26617.0,0.4232,0.3795,0.8027
26618.0,0.3732,0.3883,0.7615
26619.0,0.5774,0.3745,0.9519
26620.0,0.3834,0.3955,0.7789
26621.0,0.4034,0.3612,0.7646
26622.0,0.4069,0.3854,0.7923
26623.0,0.389,0.3863,0.7753
26624.0,0.4531,0.3795,0.8326
26625.0,0.4058,0.3714,0.7772
26626.0,0.4031,0.3889,0.792
26627.0,1.2144,0.3755,1.5898999999999999
26628.0,0.0129,0.1236,0.1365
26629.0,0.4652,0.3888,0.854
26630.0,0.44,0.3672,0.8072
26631.0,0.3491,0.3777,0.7268
26632.0,0.3685,0.385,0.7535000000000001
26633.0,0.5055,0.3661,0.8715999999999999
26634.0,0.4546,0.3924,0.847
26635.0,0.3832,0.3744,0.7576
26636.0,0.3649,0.3905,0.7554000000000001
26637.0,0.4804,0.3865,0.8669
26638.0,0.3346,0.4071,0.7417
26639.0,0.3569,0.3743,0.7312000000000001
26640.0,0.3529,0.3883,0.7412
26641.0,0.447,0.3791,0.8261000000000001
26642.0,3.264,0.2301,3.4941
26643.0,0.4601,0.3653,0.8254
26644.0,0.415,0.3756,0.7906
26645.0,0.4069,0.3781,0.7849999999999999
26646.0,0.631,0.369,1.0
26647.0,0.4106,0.3905,0.8011
26648.0,0.4098,0.3748,0.7846
26649.0,0.4805,0.3767,0.8572
26650.0,0.4267,0.3873,0.8140000000000001
26651.0,0.4221,0.3802,0.8023
26652.0,0.447,0.3916,0.8386
26653.0,0.4919,0.41,0.9018999999999999
26654.0,0.5186,0.3957,0.9142999999999999
26655.0,0.4042,0.4014,0.8056
26656.0,0.0047,0.1593,0.164
26657.0,0.4494,0.3731,0.8225
26658.0,0.4869,0.3658,0.8527
26659.0,0.4467,0.3816,0.8283
26660.0,0.3856,0.3765,0.7621
26661.0,0.5602,0.3716,0.9318
26662.0,0.4379,0.381,0.8189
26663.0,0.4586,0.3841,0.8427
26664.0,0.4231,0.3774,0.8005
26665.0,0.4632,0.4053,0.8685
26666.0,0.4248,0.3946,0.8194
26667.0,0.3772,0.3609,0.7381
26668.0,0.3909,0.3775,0.7684
26669.0,0.4236,0.3871,0.8107
26670.0,0.9478,0.2975,1.2452999999999999
26671.0,0.4139,0.3763,0.7902
26672.0,0.461,0.3734,0.8344
26673.0,0.6139,0.381,0.9949
26674.0,0.4571,0.3654,0.8225
26675.0,0.4912,0.3719,0.8631
26676.0,0.4871,0.3784,0.8654999999999999
26677.0,0.4907,0.3873,0.878
26678.0,0.4413,0.3885,0.8298000000000001
26679.0,0.4101,0.3728,0.7829
26680.0,0.3517,0.3865,0.7382
26681.0,0.4092,0.4129,0.8221
26682.0,0.4151,0.3923,0.8074
26683.0,0.3789,0.3817,0.7605999999999999
26684.0,0.0813,0.2227,0.304
26685.0,0.3754,0.386,0.7614000000000001
26686.0,0.4491,0.3701,0.8191999999999999
26687.0,0.4581,0.3797,0.8378
26688.0,0.3861,0.3895,0.7756000000000001
26689.0,0.4248,0.3851,0.8099000000000001
26690.0,0.4823,0.3947,0.877
26691.0,0.3972,0.3697,0.7668999999999999
26692.0,0.5069,0.3799,0.8868
26693.0,0.4792,0.3874,0.8666
26694.0,0.4143,0.3838,0.7981
26695.0,0.3971,0.3828,0.7799
26696.0,0.4926,0.3867,0.8793
26697.0,0.34,0.3659,0.7059
26698.0,1.2089,0.178,1.3869
26699.0,0.5072,0.3806,0.8877999999999999
26700.0,0.4219,0.3824,0.8043
26701.0,0.4628,0.3742,0.837
26702.0,0.4434,0.3901,0.8335
26703.0,0.56,0.3801,0.9401
26704.0,0.4745,0.3829,0.8573999999999999
26705.0,0.4048,0.365,0.7698
26706.0,0.3892,0.3889,0.7781
26707.0,0.3446,0.3538,0.6984
26708.0,0.5714,0.3685,0.9399
26709.0,0.4488,0.3666,0.8153999999999999
26710.0,0.4123,0.3567,0.769
26711.0,0.4071,0.3729,0.78
26712.0,0.0962,0.6001,0.6962999999999999
26713.0,0.4675,0.3973,0.8648
26714.0,0.402,0.3886,0.7906
26715.0,0.4906,0.3715,0.8621
26716.0,0.4757,0.3929,0.8686
26717.0,0.5441,0.3799,0.924
26718.0,0.4924,0.4124,0.9048
26719.0,0.4915,0.3888,0.8803
26720.0,0.3993,0.3645,0.7638
26721.0,0.4126,0.3724,0.785
26722.0,0.4776,0.3908,0.8684000000000001
26723.0,0.3723,0.3806,0.7529
26724.0,0.4082,0.3822,0.7904
26725.0,0.4846,0.3658,0.8504
26726.0,0.1508,0.1976,0.3484
26727.0,0.4281,0.3799,0.808
26728.0,0.4517,0.3649,0.8166
26729.0,0.5186,0.367,0.8855999999999999
26730.0,0.4557,0.3761,0.8318
26731.0,0.4193,0.3798,0.7991
26732.0,0.7074,0.3783,1.0857
26733.0,0.3902,0.3802,0.7704
26734.0,0.3618,0.3759,0.7377
26735.0,0.4966,0.3709,0.8674999999999999
26736.0,0.4242,0.383,0.8072
26737.0,0.4827,0.3822,0.8649
26738.0,0.469,0.3819,0.8509
26739.0,0.4633,0.3716,0.8349
26740.0,0.0053,0.8598,0.8651
26741.0,0.3564,0.3736,0.73
26742.0,0.3956,0.3745,0.7701
26743.0,0.5105,0.387,0.8975
26744.0,0.418,0.352,0.77
26745.0,0.406,0.3963,0.8023
26746.0,0.4133,0.3669,0.7802
26747.0,0.5267,0.3868,0.9135
26748.0,0.3439,0.3686,0.7124999999999999
26749.0,0.4456,0.3675,0.8130999999999999
26750.0,0.4874,0.399,0.8864000000000001
26751.0,0.4095,0.3802,0.7897
26752.0,0.45,0.3867,0.8367
26753.0,0.5214,0.3718,0.8932
26754.0,0.0021,0.1768,0.1789
26755.0,0.4396,0.3717,0.8112999999999999
26756.0,0.5105,0.391,0.9015
26757.0,0.4574,0.3731,0.8305
26758.0,0.4569,0.3816,0.8385
26759.0,0.4135,0.3797,0.7931999999999999
26760.0,0.4358,0.4013,0.8371
26761.0,0.5136,0.3764,0.8899999999999999
26762.0,0.3621,0.3677,0.7298
26763.0,0.3898,0.3709,0.7606999999999999
26764.0,0.3467,0.3715,0.7182
26765.0,0.3471,0.3901,0.7372000000000001
26766.0,0.5021,0.3716,0.8736999999999999
26767.0,0.4327,0.3827,0.8153999999999999
26768.0,0.7435,0.2697,1.0132
26769.0,0.5832,0.3378,0.921
26770.0,0.4792,0.3621,0.8412999999999999
26771.0,0.5789,0.4053,0.9842
26772.0,0.3823,0.3721,0.7544
26773.0,0.4995,0.3678,0.8673
26774.0,0.5295,0.3716,0.9011
26775.0,0.5051,0.3791,0.8842
26776.0,0.3965,0.3919,0.7884
26777.0,0.4896,0.3835,0.8731
26778.0,0.3919,0.3588,0.7507
26779.0,0.405,0.3716,0.7766
26780.0,0.3914,0.3858,0.7772
26781.0,0.3822,0.3775,0.7597
26782.0,0.0033,0.8791,0.8824
26783.0,0.4952,0.3727,0.8678999999999999
26784.0,0.3936,0.37,0.7636000000000001
26785.0,0.3286,0.3854,0.714
26786.0,0.4183,0.3813,0.7996
26787.0,0.3631,0.3889,0.752
26788.0,0.4103,0.3643,0.7746
26789.0,0.3668,0.3849,0.7517
26790.0,0.374,0.3799,0.7539
26791.0,0.5102,0.3831,0.8933
26792.0,0.4921,0.3784,0.8705
26793.0,0.4976,0.3834,0.881
26794.0,0.3528,0.3947,0.7475
26795.0,0.4277,0.3758,0.8035000000000001
26796.0,0.0059,0.4805,0.4864
26797.0,0.3899,0.381,0.7709
26798.0,0.5092,0.4032,0.9124
26799.0,0.3682,0.388,0.7562
26800.0,0.4305,0.3897,0.8202
26801.0,0.5228,0.3637,0.8865000000000001
26802.0,0.4936,0.3931,0.8867
26803.0,0.3709,0.3662,0.7371000000000001
26804.0,0.3663,0.383,0.7493000000000001
26805.0,0.3852,0.3837,0.7688999999999999
26806.0,0.5434,0.3852,0.9286
26807.0,0.5088,0.3573,0.8661000000000001
26808.0,0.4454,0.3765,0.8219000000000001
26809.0,0.3632,0.3761,0.7393000000000001
26810.0,0.0434,0.0877,0.1311
26811.0,0.4746,0.3662,0.8408
26812.0,0.4161,0.375,0.7911
26813.0,0.4792,0.3974,0.8766
26814.0,0.3873,0.3653,0.7525999999999999
26815.0,0.5048,0.3695,0.8743000000000001
26816.0,0.3994,0.3856,0.7849999999999999
26817.0,0.3675,0.3742,0.7417
26818.0,0.3036,0.3874,0.6910000000000001
26819.0,0.68,0.3849,1.0649000000000002
26820.0,0.394,0.3799,0.7739
26821.0,0.3635,0.3805,0.744
26822.0,0.3648,0.3951,0.7599
26823.0,0.6251,0.3674,0.9924999999999999
26824.0,3.4757,0.4637,3.9394
26825.0,0.4664,0.3734,0.8398
26826.0,0.3774,0.3786,0.756
26827.0,0.4958,0.38,0.8758
26828.0,0.5289,0.3611,0.89
26829.0,0.4312,0.3803,0.8115000000000001
26830.0,0.4093,0.3824,0.7917000000000001
26831.0,0.5051,0.3616,0.8667
26832.0,0.4922,0.3995,0.8917
26833.0,0.5449,0.3895,0.9344000000000001
26834.0,0.4529,0.3649,0.8178000000000001
26835.0,0.4842,0.3716,0.8558
26836.0,0.4263,0.3973,0.8236
26837.0,0.4103,0.3725,0.7827999999999999
26838.0,0.0006,1.6959,1.6965
26839.0,0.4237,0.384,0.8077000000000001
26840.0,0.4977,0.3796,0.8773
26841.0,0.485,0.3842,0.8692
26842.0,0.4375,0.3713,0.8088
26843.0,0.4243,0.4011,0.8254
26844.0,0.466,0.4184,0.8844000000000001
26845.0,0.416,0.3921,0.8081
26846.0,0.404,0.3962,0.8002
26847.0,0.3945,0.3878,0.7823
26848.0,0.467,0.385,0.8520000000000001
26849.0,0.4421,0.4025,0.8446
26850.0,0.4979,0.3986,0.8965000000000001
26851.0,0.4205,0.4036,0.8241
26852.0,0.014,0.9652,0.9792
26853.0,0.4632,0.3855,0.8487
26854.0,0.3747,0.3746,0.7493
26855.0,0.571,0.3947,0.9657
26856.0,0.4405,0.3958,0.8363
26857.0,0.4486,0.3767,0.8252999999999999
26858.0,0.543,0.3941,0.9371
26859.0,0.4863,0.3925,0.8788
26860.0,0.5751,0.3892,0.9642999999999999
26861.0,0.429,0.3945,0.8235
26862.0,0.7301,0.4068,1.1369
26863.0,0.4166,0.3675,0.7841
26864.0,0.3299,0.3979,0.7278
26865.0,0.4266,0.3721,0.7987
26866.0,1.7957,0.4493,2.245
26867.0,0.3625,0.3861,0.7485999999999999
26868.0,0.3496,0.373,0.7226
26869.0,0.4235,0.3961,0.8196
26870.0,0.5192,0.3934,0.9126000000000001
26871.0,0.3764,0.3864,0.7628
26872.0,0.5219,0.3891,0.911
26873.0,0.4429,0.3935,0.8364
26874.0,0.4357,0.3941,0.8298
26875.0,0.4262,0.3952,0.8214
26876.0,0.4567,0.3867,0.8433999999999999
26877.0,0.4159,0.3764,0.7923
26878.0,0.5316,0.402,0.9336
26879.0,0.4081,0.3935,0.8016000000000001
26880.0,0.0193,0.1767,0.196
26881.0,0.463,0.3966,0.8596
26882.0,0.4957,0.3803,0.876
26883.0,0.4366,0.4008,0.8373999999999999
26884.0,0.4781,0.3819,0.8600000000000001
26885.0,0.6214,0.3887,1.0101
26886.0,0.448,0.3915,0.8395
26887.0,0.4641,0.3928,0.8569
26888.0,0.3765,0.4063,0.7827999999999999
26889.0,0.4116,0.3886,0.8002
26890.0,0.44,0.3812,0.8211999999999999
26891.0,0.4438,0.3839,0.8277
26892.0,0.3371,0.3897,0.7268
26893.0,0.5116,0.3774,0.889
26894.0,0.1159,0.0876,0.20350000000000001
26895.0,0.366,0.3785,0.7444999999999999
26896.0,0.4797,0.3773,0.857
26897.0,0.3688,0.4011,0.7699
26898.0,0.3896,0.3753,0.7649
26899.0,0.4716,0.3807,0.8523000000000001
26900.0,0.3915,0.4,0.7915000000000001
26901.0,0.3891,0.3697,0.7587999999999999
26902.0,0.343,0.3954,0.7384
26903.0,0.4483,0.3857,0.834
26904.0,0.4345,0.4,0.8345
26905.0,0.6374,0.3788,1.0162
26906.0,0.4821,0.388,0.8701
26907.0,0.3815,0.4079,0.7894
26908.0,0.0617,0.3152,0.37689999999999996
26909.0,0.4001,0.3951,0.7952
26910.0,0.4075,0.3693,0.7767999999999999
26911.0,0.7079,0.3725,1.0804
26912.0,0.4781,0.3719,0.8500000000000001
26913.0,0.3502,0.3806,0.7308
26914.0,0.4054,0.3725,0.7779
26915.0,0.6533,0.3994,1.0527
26916.0,0.4009,0.3837,0.7846
26917.0,0.4844,0.378,0.8624
26918.0,0.6036,0.3851,0.9887
26919.0,0.321,0.3626,0.6836
26920.0,0.3933,0.3755,0.7687999999999999
26921.0,0.3586,0.3782,0.7367999999999999
26922.0,0.0009,0.1249,0.1258
26923.0,0.5319,0.3805,0.9124000000000001
26924.0,0.4367,0.3946,0.8312999999999999
26925.0,0.4084,0.3764,0.7847999999999999
26926.0,0.5143,0.3909,0.9052
26927.0,0.4536,0.3893,0.8429
26928.0,0.4595,0.3843,0.8438
26929.0,0.3353,0.3799,0.7152000000000001
26930.0,0.7018,0.3731,1.0749
26931.0,0.5141,0.365,0.8791
26932.0,0.449,0.4039,0.8529
26933.0,0.3506,0.3656,0.7162
26934.0,0.427,0.3703,0.7973
26935.0,0.3484,0.3774,0.7258
26936.0,0.0155,0.8528,0.8683
26937.0,0.3357,0.3712,0.7069
26938.0,0.7019,0.3782,1.0800999999999998
26939.0,0.5055,0.3662,0.8716999999999999
26940.0,0.3427,0.3732,0.7159
26941.0,0.3697,0.3742,0.7439
26942.0,0.4287,0.4009,0.8296
26943.0,0.4364,0.3887,0.8251
26944.0,0.4809,0.3698,0.8507
26945.0,0.4635,0.3989,0.8624
26946.0,0.5288,0.3929,0.9217000000000001
26947.0,0.4074,0.378,0.7854
26948.0,0.433,0.3846,0.8176
26949.0,0.5517,0.3729,0.9246
26950.0,0.3138,0.136,0.44980000000000003
26951.0,0.4488,0.3902,0.839
26952.0,0.4487,0.3973,0.846
26953.0,0.4817,0.377,0.8587
26954.0,0.4638,0.3819,0.8457
26955.0,0.4266,0.3913,0.8179
26956.0,0.3421,0.3709,0.7130000000000001
26957.0,0.3667,0.3844,0.7511000000000001
26958.0,0.6507,0.387,1.0377
26959.0,0.4343,0.3805,0.8148
26960.0,0.583,0.393,0.976
26961.0,0.3578,0.3911,0.7489
26962.0,0.3347,0.3725,0.7072
26963.0,0.4451,0.382,0.8271
26964.0,0.0147,0.0721,0.0868
26965.0,0.493,0.3834,0.8764000000000001
26966.0,0.4467,0.3772,0.8239
26967.0,0.4594,0.3881,0.8474999999999999
26968.0,0.4837,0.375,0.8587
26969.0,0.4153,0.365,0.7803
26970.0,0.3966,0.3708,0.7674000000000001
26971.0,0.3686,0.3786,0.7472
26972.0,0.4432,0.3771,0.8203
26973.0,0.3765,0.3782,0.7546999999999999
26974.0,0.3778,0.3764,0.7542
26975.0,0.3871,0.3792,0.7663
26976.0,0.4055,0.3798,0.7853000000000001
26977.0,0.4202,0.3567,0.7769
26978.0,0.0573,0.0844,0.1417
26979.0,0.4851,0.3869,0.872
26980.0,0.4841,0.36,0.8441
26981.0,0.428,0.3689,0.7968999999999999
26982.0,0.3581,0.3481,0.7061999999999999
26983.0,0.4256,0.3737,0.7992999999999999
26984.0,0.4848,0.3875,0.8723000000000001
26985.0,0.4204,0.3721,0.7925
26986.0,0.4184,0.3863,0.8047
26987.0,0.3964,0.3715,0.7679
26988.0,0.3544,0.3882,0.7425999999999999
26989.0,0.4627,0.4028,0.8654999999999999
26990.0,0.409,0.3607,0.7697
26991.0,0.4582,0.3632,0.8214
26992.0,0.0127,0.1244,0.1371
26993.0,0.5148,0.3688,0.8836
26994.0,0.4396,0.3614,0.8009999999999999
26995.0,0.3746,0.3891,0.7637
26996.0,0.3866,0.3772,0.7638
26997.0,0.6212,0.3955,1.0167
26998.0,0.3712,0.3758,0.747
26999.0,0.3447,0.3998,0.7444999999999999
27000.0,0.3586,0.3813,0.7399
27001.0,0.381,0.3782,0.7592
27002.0,0.3913,0.3881,0.7794
27003.0,0.4147,0.3809,0.7956000000000001
27004.0,0.3956,0.3801,0.7757000000000001
27005.0,0.4482,0.3578,0.806
27006.0,0.0009,0.8745,0.8754000000000001
27007.0,0.3483,0.3813,0.7296
27008.0,0.5147,0.3745,0.8892
27009.0,0.3335,0.3601,0.6936
27010.0,0.4173,0.3738,0.7911
27011.0,0.4144,0.354,0.7684
27012.0,0.3685,0.4014,0.7699
27013.0,0.3818,0.3691,0.7508999999999999
27014.0,0.4542,0.3658,0.8200000000000001
27015.0,0.4038,0.3911,0.7948999999999999
27016.0,0.4261,0.3802,0.8063
27017.0,0.5211,0.3643,0.8854
27018.0,0.3486,0.3747,0.7233
27019.0,0.642,0.3744,1.0164
27020.0,0.0015,0.8542,0.8556999999999999
27021.0,0.3146,0.397,0.7116
27022.0,0.4697,0.3916,0.8613
27023.0,0.4019,0.3822,0.7841
27024.0,0.3778,0.3908,0.7686
27025.0,0.4527,0.3885,0.8412
27026.0,0.3941,0.3895,0.7836000000000001
27027.0,0.4169,0.3824,0.7993
27028.0,0.3858,0.3605,0.7463
27029.0,0.4919,0.3786,0.8705
27030.0,0.5047,0.4073,0.912
27031.0,0.4324,0.3775,0.8099000000000001
27032.0,0.5163,0.3645,0.8808
27033.0,0.4373,0.3824,0.8197000000000001
27034.0,0.0008,0.6735,0.6743
27035.0,0.4724,0.3711,0.8434999999999999
27036.0,0.3475,0.375,0.7224999999999999
27037.0,0.361,0.3579,0.7189
27038.0,0.4041,0.3989,0.8029999999999999
27039.0,0.3923,0.3754,0.7677
27040.0,0.4274,0.4098,0.8371999999999999
27041.0,0.4888,0.3968,0.8855999999999999
27042.0,0.3212,0.3949,0.7161
27043.0,0.4,0.3914,0.7914000000000001
27044.0,0.4117,0.3733,0.785
27045.0,0.3705,0.3738,0.7443
27046.0,0.4294,0.3972,0.8266
27047.0,0.5808,0.3999,0.9806999999999999
27048.0,1.5931,0.3232,1.9163
27049.0,0.3933,0.4003,0.7936
27050.0,0.4396,0.373,0.8126
27051.0,0.5192,0.4112,0.9304
27052.0,0.4127,0.3847,0.7974
27053.0,0.3526,0.3705,0.7231000000000001
27054.0,0.5707,0.3752,0.9459
27055.0,0.5851,0.3769,0.962
27056.0,0.4294,0.3722,0.8016
27057.0,0.5648,0.3824,0.9472
27058.0,0.4451,0.3782,0.8232999999999999
27059.0,0.5973,0.3748,0.9721000000000001
27060.0,0.3579,0.3644,0.7222999999999999
27061.0,0.3915,0.3696,0.7611
27062.0,1.7666,0.677,2.4436
27063.0,0.4545,0.4046,0.8591
27064.0,0.4177,0.3626,0.7803
27065.0,0.4761,0.394,0.8701000000000001
27066.0,0.3889,0.3825,0.7714000000000001
27067.0,0.4514,0.387,0.8384
27068.0,0.3526,0.4084,0.761
27069.0,0.4733,0.3988,0.8721
27070.0,0.4566,0.3978,0.8544
27071.0,0.5241,0.4041,0.9282
27072.0,0.5125,0.3856,0.8980999999999999
27073.0,0.4224,0.3908,0.8131999999999999
27074.0,0.473,0.3646,0.8375999999999999
27075.0,0.4264,0.3856,0.812
27076.0,0.0229,0.5257,0.5486
27077.0,0.3835,0.364,0.7475
27078.0,0.53,0.3844,0.9144000000000001
27079.0,0.4637,0.3966,0.8603000000000001
27080.0,0.4753,0.3796,0.8549
27081.0,0.3359,0.3734,0.7093
27082.0,0.417,0.393,0.81
27083.0,0.4129,0.38,0.7928999999999999
27084.0,0.7314,0.39,1.1214
27085.0,0.3816,0.3787,0.7603
27086.0,0.4612,0.3764,0.8376
27087.0,0.3178,0.3806,0.6984
27088.0,0.4635,0.3795,0.843
27089.0,0.3527,0.39,0.7427
27090.0,0.0097,0.0379,0.0476
27091.0,0.3927,0.3937,0.7864
27092.0,0.389,0.3917,0.7807
27093.0,0.3337,0.3762,0.7099
27094.0,0.4308,0.3884,0.8192
27095.0,0.3938,0.3646,0.7584
27096.0,0.42,0.3846,0.8046
27097.0,0.392,0.3967,0.7887
27098.0,0.3862,0.3677,0.7539
27099.0,0.4536,0.3768,0.8304
27100.0,0.4997,0.3786,0.8783
27101.0,0.4241,0.3927,0.8168
27102.0,0.435,0.365,0.8
27103.0,0.5049,0.3908,0.8956999999999999
27104.0,0.11,0.5351,0.6451
27105.0,0.4418,0.3695,0.8113
27106.0,0.5308,0.3699,0.9007000000000001
27107.0,0.4756,0.3791,0.8547
27108.0,0.4776,0.3766,0.8542000000000001
27109.0,0.3275,0.3776,0.7051000000000001
27110.0,0.4535,0.3784,0.8319000000000001
27111.0,0.4964,0.3902,0.8866
27112.0,0.7824,0.3676,1.15
27113.0,0.4063,0.3841,0.7904
27114.0,0.361,0.3998,0.7607999999999999
27115.0,0.3417,0.3903,0.732
27116.0,0.4457,0.3915,0.8371999999999999
27117.0,0.3852,0.3801,0.7653
27118.0,0.0156,0.007,0.0226
27119.0,0.4383,0.374,0.8123
27120.0,0.426,0.3623,0.7883
27121.0,0.5013,0.3725,0.8737999999999999
27122.0,0.3964,0.3806,0.7769999999999999
27123.0,0.3684,0.3543,0.7227
27124.0,0.3733,0.3854,0.7587
27125.0,0.4172,0.347,0.7642
27126.0,0.3734,0.3878,0.7612
27127.0,0.4084,0.3924,0.8008
27128.0,0.3731,0.3496,0.7227
27129.0,0.3672,0.3733,0.7405
27130.0,0.3637,0.3875,0.7512000000000001
27131.0,0.4515,0.3953,0.8468
27132.0,0.0224,0.8952,0.9176
27133.0,0.4104,0.3645,0.7748999999999999
27134.0,0.3669,0.3743,0.7412000000000001
27135.0,0.389,0.3996,0.7886
27136.0,0.4366,0.3933,0.8299
27137.0,0.5207,0.3669,0.8876000000000001
27138.0,0.6313,0.3763,1.0076
27139.0,0.3867,0.3559,0.7425999999999999
27140.0,0.4258,0.3968,0.8226
27141.0,0.4375,0.3815,0.819
27142.0,0.3504,0.3629,0.7133
27143.0,0.3577,0.3823,0.74
27144.0,0.5025,0.3956,0.8980999999999999
27145.0,0.3649,0.3841,0.749
27146.0,0.1227,0.1532,0.27590000000000003
27147.0,0.4346,0.394,0.8286
27148.0,0.4588,0.3898,0.8486
27149.0,0.3389,0.3848,0.7237
27150.0,0.363,0.3805,0.7435
27151.0,0.3757,0.3943,0.77
27152.0,0.563,0.3839,0.9469
27153.0,0.3819,0.3904,0.7723
27154.0,0.4287,0.3787,0.8074
27155.0,0.4631,0.3909,0.8540000000000001
27156.0,0.5221,0.389,0.9111
27157.0,0.4375,0.3883,0.8258
27158.0,0.4198,0.3869,0.8067
27159.0,0.4295,0.3637,0.7932
27160.0,0.012,0.9133,0.9253
27161.0,0.3709,0.3857,0.7565999999999999
27162.0,0.3567,0.3742,0.7309
27163.0,0.434,0.3803,0.8143
27164.0,0.496,0.3851,0.8811
27165.0,0.4184,0.3657,0.7841
27166.0,0.4108,0.378,0.7888
27167.0,0.4333,0.3979,0.8311999999999999
27168.0,0.4029,0.3811,0.784
27169.0,0.4066,0.3921,0.7987
27170.0,0.5812,0.3692,0.9504
27171.0,0.5524,0.3985,0.9509000000000001
27172.0,0.6237,0.3721,0.9958
27173.0,0.3854,0.3865,0.7719
27174.0,0.5831,0.2822,0.8653
27175.0,0.4536,0.3835,0.8371
27176.0,0.6158,0.3514,0.9672000000000001
27177.0,0.4331,0.389,0.8221
27178.0,0.3693,0.3806,0.7499
27179.0,0.4006,0.3857,0.7863
27180.0,0.3377,0.3753,0.7130000000000001
27181.0,0.3769,0.3919,0.7688
27182.0,0.4901,0.399,0.8891
27183.0,0.5134,0.3825,0.8958999999999999
27184.0,0.43,0.3673,0.7973
27185.0,0.4045,0.364,0.7685
27186.0,0.421,0.3584,0.7794
27187.0,0.4167,0.4007,0.8174
27188.0,0.0045,0.2512,0.2557
27189.0,0.4145,0.3736,0.7881
27190.0,0.3984,0.3665,0.7648999999999999
27191.0,0.3497,0.3711,0.7208
27192.0,0.4265,0.3874,0.8139000000000001
27193.0,0.502,0.3698,0.8718
27194.0,0.3723,0.3706,0.7429
27195.0,0.4327,0.3765,0.8091999999999999
27196.0,0.3604,0.3966,0.757
27197.0,0.4338,0.3598,0.7936000000000001
27198.0,0.5151,0.3756,0.8907
27199.0,0.382,0.3739,0.7559
27200.0,0.5202,0.3918,0.9119999999999999
27201.0,0.3237,0.37,0.6937
27202.0,0.1916,0.0862,0.2778
27203.0,0.6127,0.375,0.9877
27204.0,0.5292,0.3848,0.9139999999999999
27205.0,0.4696,0.3729,0.8425
27206.0,0.3693,0.3821,0.7514000000000001
27207.0,0.3819,0.3603,0.7422
27208.0,0.5142,0.395,0.9092
27209.0,0.4261,0.3839,0.81
27210.0,0.3412,0.3521,0.6933
27211.0,0.3655,0.385,0.7505
27212.0,0.4248,0.3621,0.7868999999999999
27213.0,0.579,0.3783,0.9573
27214.0,0.3199,0.385,0.7049000000000001
27215.0,0.4951,0.3934,0.8885000000000001
27216.0,0.147,0.4333,0.5803
27217.0,0.4986,0.394,0.8926000000000001
27218.0,0.465,0.3678,0.8328
27219.0,0.4492,0.3914,0.8406
27220.0,0.3781,0.3753,0.7534000000000001
27221.0,0.4649,0.3913,0.8562
27222.0,0.4567,0.3727,0.8293999999999999
27223.0,0.3839,0.3716,0.7555000000000001
27224.0,0.4599,0.368,0.8279
27225.0,0.9018,0.3754,1.2772000000000001
27226.0,0.4384,0.3732,0.8116
27227.0,0.3771,0.3772,0.7543
27228.0,0.3894,0.3873,0.7767
27229.0,0.4211,0.378,0.7990999999999999
27230.0,0.0915,0.3036,0.3951
27231.0,0.4069,0.3846,0.7915
27232.0,0.3365,0.3668,0.7033
27233.0,0.4628,0.391,0.8538
27234.0,0.392,0.3874,0.7794000000000001
27235.0,0.4423,0.3807,0.823
27236.0,0.5579,0.3837,0.9416
27237.0,0.561,0.3522,0.9132
27238.0,0.3421,0.3728,0.7149000000000001
27239.0,0.4158,0.371,0.7867999999999999
27240.0,0.4661,0.3876,0.8537
27241.0,0.3903,0.404,0.7943
27242.0,0.3795,0.3677,0.7472000000000001
27243.0,0.4081,0.3792,0.7873
27244.0,0.5636,0.14,0.7036
27245.0,0.326,0.3756,0.7016
27246.0,0.6059,0.3771,0.983
27247.0,0.5956,0.3872,0.9828
27248.0,0.3532,0.3664,0.7196
27249.0,0.4792,0.3507,0.8299000000000001
27250.0,0.582,0.3911,0.9731
27251.0,0.4274,0.394,0.8214
27252.0,0.4863,0.3674,0.8537
27253.0,0.5208,0.3804,0.9012
27254.0,0.3436,0.3648,0.7084
27255.0,0.4243,0.3745,0.7988
27256.0,0.3729,0.3891,0.762
27257.0,0.4193,0.3735,0.7928
27258.0,0.0026,0.7036,0.7062
27259.0,0.4485,0.3635,0.812
27260.0,0.5075,0.3903,0.8977999999999999
27261.0,0.4444,0.3985,0.8429
27262.0,0.5401,0.373,0.9131
27263.0,0.3159,0.3938,0.7097
27264.0,0.3987,0.4053,0.804
27265.0,0.5189,0.3887,0.9076
27266.0,0.503,0.3778,0.8808
27267.0,1.4436,0.3942,1.8378
27268.0,0.4295,0.38,0.8095
27269.0,0.3912,0.3824,0.7736000000000001
27270.0,0.4273,0.3689,0.7962
27271.0,0.5145,0.3833,0.8977999999999999
27272.0,0.0,0.0138,0.0138
27273.0,0.427,0.3872,0.8142
27274.0,0.3146,0.3864,0.7010000000000001
27275.0,0.4262,0.377,0.8032
27276.0,0.4277,0.3734,0.8011
27277.0,0.4147,0.3608,0.7755000000000001
27278.0,0.5679,0.3955,0.9634
27279.0,0.3854,0.3909,0.7763
27280.0,0.4576,0.3787,0.8363
27281.0,0.5301,0.3673,0.8974
27282.0,0.3844,0.3871,0.7715000000000001
27283.0,0.5141,0.3641,0.8782
27284.0,0.4929,0.3837,0.8766
27285.0,0.4072,0.3666,0.7738
27286.0,0.0061,1.1322,1.1383
27287.0,0.3791,0.3757,0.7547999999999999
27288.0,0.3343,0.3741,0.7083999999999999
27289.0,0.4212,0.3738,0.795
27290.0,0.5403,0.3678,0.9081
27291.0,0.4027,0.374,0.7767
27292.0,0.3962,0.363,0.7592
27293.0,0.4775,0.3818,0.8593
27294.0,0.3363,0.3819,0.7182
27295.0,0.3859,0.3775,0.7634000000000001
27296.0,0.4424,0.387,0.8294
27297.0,0.4425,0.3724,0.8149
27298.0,0.3508,0.3747,0.7255
27299.0,0.4426,0.372,0.8146
27300.0,0.1283,0.3141,0.4424
27301.0,0.4131,0.3715,0.7846
27302.0,0.3709,0.3824,0.7533000000000001
27303.0,0.4362,0.3891,0.8252999999999999
27304.0,0.4678,0.4085,0.8763
27305.0,0.5721,0.3788,0.9509000000000001
27306.0,0.2966,0.3723,0.6689
27307.0,0.4597,0.3631,0.8228
27308.0,0.3635,0.3848,0.7483
27309.0,0.4831,0.3633,0.8464
27310.0,0.4375,0.396,0.8335
27311.0,0.4853,0.366,0.8513
27312.0,0.5354,0.4082,0.9436
27313.0,0.4058,0.3636,0.7694
27314.0,0.0224,0.0618,0.0842
27315.0,0.4974,0.372,0.8694
27316.0,0.4468,0.3788,0.8256
27317.0,0.4176,0.3728,0.7904
27318.0,0.4907,0.3727,0.8634
27319.0,1.3692,0.3916,1.7608
27320.0,0.4274,0.3689,0.7963
27321.0,0.4794,0.3707,0.8501
27322.0,0.4745,0.361,0.8354999999999999
27323.0,0.4663,0.3876,0.8539
27324.0,0.4297,0.3622,0.7919
27325.0,0.4657,0.3755,0.8412
27326.0,0.4438,0.3832,0.827
27327.0,0.4382,0.3711,0.8092999999999999
27328.0,0.002,0.1321,0.1341
27329.0,0.4395,0.3682,0.8077000000000001
27330.0,0.3651,0.3772,0.7423
27331.0,0.4505,0.3775,0.8280000000000001
27332.0,0.4773,0.3818,0.8591
27333.0,0.4305,0.3692,0.7997
27334.0,0.3558,0.3804,0.7362
27335.0,0.4606,0.3837,0.8443
27336.0,0.3502,0.3724,0.7226
27337.0,0.4864,0.384,0.8704000000000001
27338.0,0.434,0.3625,0.7965
27339.0,0.3697,0.3909,0.7605999999999999
27340.0,0.4444,0.3627,0.8071
27341.0,0.3838,0.3625,0.7463
27342.0,1.7786,0.4426,2.2212
27343.0,0.436,0.3683,0.8043
27344.0,0.534,0.3647,0.8987
27345.0,0.3996,0.3755,0.7751
27346.0,0.3574,0.3945,0.7519
27347.0,0.4705,0.3745,0.845
27348.0,0.41,0.3932,0.8031999999999999
27349.0,0.5742,0.3893,0.9635
27350.0,0.4951,0.3845,0.8795999999999999
27351.0,0.4118,0.3843,0.7961
27352.0,0.5135,0.3839,0.8974
27353.0,0.4517,0.4062,0.8579
27354.0,0.3696,0.3768,0.7464
27355.0,0.3836,0.4035,0.7871
27356.0,0.0274,0.0198,0.047200000000000006
27357.0,0.3436,0.3774,0.7210000000000001
27358.0,0.3916,0.3868,0.7784
27359.0,0.6396,0.3888,1.0284
27360.0,0.4177,0.3731,0.7908
27361.0,0.4624,0.3585,0.8209
27362.0,0.4124,0.3823,0.7947
27363.0,0.423,0.3645,0.7875
27364.0,0.3568,0.3671,0.7239
27365.0,0.4063,0.3809,0.7872
27366.0,0.34,0.4063,0.7463
27367.0,0.3609,0.3664,0.7273000000000001
27368.0,0.5167,0.382,0.8987
27369.0,0.5008,0.3829,0.8837
27370.0,0.0021,0.0081,0.010199999999999999
27371.0,0.4091,0.3768,0.7859
27372.0,0.3825,0.3755,0.758
27373.0,0.6768,0.3584,1.0352
27374.0,0.3492,0.3835,0.7327
27375.0,0.3604,0.3693,0.7297
27376.0,0.3723,0.3672,0.7395
27377.0,0.4562,0.4025,0.8587
27378.0,0.4474,0.3817,0.8291
27379.0,0.4583,0.3715,0.8298
27380.0,0.4815,0.3801,0.8615999999999999
27381.0,0.4603,0.3666,0.8269
27382.0,0.5339,0.3736,0.9075
27383.0,0.3806,0.3737,0.7543
27384.0,0.1614,0.9896,1.151
27385.0,0.4906,0.3752,0.8657999999999999
27386.0,0.4256,0.3756,0.8011999999999999
27387.0,0.4312,0.3719,0.8031
27388.0,0.3757,0.3664,0.7421
27389.0,0.4043,0.3644,0.7686999999999999
27390.0,0.3611,0.3897,0.7507999999999999
27391.0,0.4093,0.386,0.7953
27392.0,0.4218,0.3802,0.802
27393.0,0.5457,0.3898,0.9355
27394.0,0.434,0.3819,0.8159000000000001
27395.0,0.4639,0.3511,0.815
27396.0,0.3963,0.3924,0.7887
27397.0,0.3479,0.3863,0.7342
27398.0,4.7027,1.1011,5.8038
27399.0,0.4281,0.3936,0.8217
27400.0,0.4021,0.3878,0.7899
27401.0,0.637,0.3905,1.0275
27402.0,0.3949,0.3901,0.7849999999999999
27403.0,0.5729,0.3969,0.9698
27404.0,0.4618,0.3978,0.8595999999999999
27405.0,0.4308,0.3909,0.8217000000000001
27406.0,0.4757,0.382,0.8577
27407.0,0.3635,0.3853,0.7487999999999999
27408.0,0.3693,0.3823,0.7516
27409.0,0.4094,0.3733,0.7827
27410.0,0.4088,0.376,0.7847999999999999
27411.0,0.3998,0.3995,0.7993
27412.0,0.0971,0.151,0.2481
27413.0,0.3759,0.418,0.7939
27414.0,0.482,0.3826,0.8646
27415.0,0.4619,0.3822,0.8441
27416.0,0.4389,0.3905,0.8294
27417.0,0.5561,0.3699,0.926
27418.0,0.5586,0.3852,0.9438
27419.0,0.4263,0.3899,0.8162
27420.0,0.4591,0.4076,0.8667
27421.0,0.3818,0.3938,0.7756
27422.0,0.4489,0.388,0.8369
27423.0,0.4316,0.38,0.8116
27424.0,0.4841,0.3663,0.8504
27425.0,0.4113,0.3794,0.7907
27426.0,0.0021,0.0392,0.041299999999999996
27427.0,0.4996,0.3858,0.8854
27428.0,0.4993,0.3925,0.8918
27429.0,0.4278,0.3861,0.8139000000000001
27430.0,0.4707,0.3758,0.8465
27431.0,0.4389,0.3724,0.8113
27432.0,0.4801,0.3928,0.8729
27433.0,0.5303,0.3798,0.9101
27434.0,0.3982,0.3852,0.7834
27435.0,0.4224,0.3874,0.8098000000000001
27436.0,0.518,0.3972,0.9152
27437.0,0.3721,0.3806,0.7526999999999999
27438.0,0.3159,0.3726,0.6885
27439.0,0.5681,0.3819,0.9500000000000001
27440.0,2.8913,0.2108,3.1021
27441.0,0.4258,0.3777,0.8035
27442.0,0.3578,0.3958,0.7536
27443.0,0.432,0.3976,0.8296
27444.0,0.4213,0.3898,0.8110999999999999
27445.0,0.4934,0.3923,0.8856999999999999
27446.0,0.3712,0.3624,0.7336
27447.0,0.4203,0.3627,0.783
27448.0,0.4005,0.388,0.7885
27449.0,0.3831,0.3617,0.7448
27450.0,0.5595,0.3761,0.9356
27451.0,0.4302,0.3731,0.8033
27452.0,0.5248,0.3595,0.8843000000000001
27453.0,0.505,0.3676,0.8726
27454.0,0.0164,0.0239,0.0403
27455.0,0.4265,0.3891,0.8156
27456.0,0.6008,0.3632,0.964
27457.0,0.388,0.3575,0.7455
27458.0,0.404,0.3881,0.7921
27459.0,0.4946,0.3916,0.8862
27460.0,0.4294,0.3936,0.823
27461.0,0.5858,0.3728,0.9586
27462.0,0.4373,0.3851,0.8224
27463.0,0.341,0.3967,0.7377
27464.0,0.443,0.3714,0.8144
27465.0,0.4181,0.3879,0.806
27466.0,0.3677,0.365,0.7327
27467.0,0.3937,0.3707,0.7644
27468.0,0.833,0.5537,1.3866999999999998
27469.0,0.3963,0.3969,0.7931999999999999
27470.0,0.411,0.374,0.7849999999999999
27471.0,0.3319,0.3709,0.7028
27472.0,0.5864,0.388,0.9744
27473.0,0.427,0.3877,0.8147
27474.0,0.4331,0.3728,0.8059000000000001
27475.0,0.4613,0.3806,0.8419
27476.0,0.5514,0.3817,0.9331
27477.0,0.3754,0.3938,0.7692
27478.0,0.5046,0.3875,0.8921000000000001
27479.0,0.6278,0.3747,1.0025
27480.0,0.4521,0.3897,0.8418
27481.0,0.3511,0.3883,0.7394000000000001
27482.0,0.0233,0.0273,0.050600000000000006
27483.0,0.5034,0.3558,0.8592
27484.0,0.4344,0.3911,0.8255
27485.0,0.3662,0.3888,0.755
27486.0,0.3697,0.3722,0.7419
27487.0,0.3573,0.3951,0.7524
27488.0,0.4219,0.3671,0.7889999999999999
27489.0,0.5191,0.3944,0.9135
27490.0,0.3295,0.3472,0.6767000000000001
27491.0,0.6529,0.3755,1.0284
27492.0,0.3927,0.3842,0.7768999999999999
27493.0,0.4761,0.3788,0.8549
27494.0,0.458,0.3747,0.8327
27495.0,0.4351,0.3653,0.8004
27496.0,0.0704,0.3407,0.4111
27497.0,0.5194,0.3763,0.8956999999999999
27498.0,0.4591,0.3903,0.8493999999999999
27499.0,0.3839,0.3907,0.7746
27500.0,0.381,0.3791,0.7601
27501.0,0.3918,0.3736,0.7654
27502.0,0.5777,0.374,0.9517
27503.0,0.4278,0.3536,0.7814000000000001
27504.0,0.3284,0.3807,0.7091000000000001
27505.0,0.4013,0.3895,0.7908
27506.0,0.4609,0.3657,0.8266
27507.0,0.477,0.3794,0.8564
27508.0,0.6075,0.3641,0.9716
27509.0,0.3058,0.3876,0.6934
27510.0,0.0215,0.0152,0.036699999999999997
27511.0,0.3835,0.377,0.7605
27512.0,0.4334,0.3903,0.8237
27513.0,0.4286,0.3613,0.7899
27514.0,0.4206,0.3863,0.8069
27515.0,0.4397,0.3985,0.8382000000000001
27516.0,0.5758,0.3922,0.968
27517.0,0.346,0.3839,0.7299
27518.0,0.3384,0.3785,0.7169
27519.0,0.3628,0.3663,0.7291000000000001
27520.0,0.3889,0.3718,0.7607
27521.0,0.4963,0.3468,0.8431
27522.0,0.3782,0.3669,0.7451
27523.0,0.3349,0.3869,0.7218
27524.0,3.4328,0.4545,3.8872999999999998
27525.0,0.3549,0.3956,0.7505
27526.0,0.4967,0.3734,0.8701
27527.0,0.3505,0.3784,0.7289
27528.0,0.4688,0.3811,0.8499
27529.0,0.3721,0.3828,0.7548999999999999
27530.0,0.3763,0.3783,0.7546
27531.0,0.354,0.3864,0.7404
27532.0,0.672,0.3781,1.0501
27533.0,0.3546,0.388,0.7426
27534.0,0.4116,0.3834,0.795
27535.0,0.4391,0.3846,0.8237
27536.0,0.475,0.3827,0.8576999999999999
27537.0,0.4695,0.3798,0.8492999999999999
27538.0,0.1597,0.1479,0.3076
27539.0,0.3842,0.3686,0.7527999999999999
27540.0,0.4245,0.3679,0.7924
27541.0,0.4886,0.3832,0.8717999999999999
27542.0,0.5037,0.3645,0.8682000000000001
27543.0,0.4847,0.3796,0.8643000000000001
27544.0,0.3847,0.3673,0.752
27545.0,0.4373,0.3888,0.8261000000000001
27546.0,0.4992,0.3932,0.8924
27547.0,0.4731,0.387,0.8601000000000001
27548.0,0.422,0.3879,0.8099000000000001
27549.0,0.389,0.3953,0.7843
27550.0,0.4856,0.4097,0.8953
27551.0,0.3987,0.3909,0.7896000000000001
27552.0,1.5128,0.5628,2.0755999999999997
27553.0,0.457,0.3878,0.8448
27554.0,0.5421,0.3898,0.9319
27555.0,0.3546,0.3837,0.7383
27556.0,0.462,0.3834,0.8454
27557.0,0.4323,0.3834,0.8157000000000001
27558.0,0.3458,0.3801,0.7259
27559.0,0.333,0.388,0.7210000000000001
27560.0,0.4193,0.384,0.8033
27561.0,0.4322,0.3841,0.8163
27562.0,0.3697,0.3782,0.7479
27563.0,0.5712,0.3888,0.96
27564.0,0.4499,0.3898,0.8397
27565.0,0.3421,0.3919,0.734
27566.0,0.0509,0.7581,0.8089999999999999
27567.0,0.289,0.3827,0.6717
27568.0,0.4336,0.3871,0.8207
27569.0,0.4314,0.3625,0.7939
27570.0,0.4042,0.3778,0.782
27571.0,0.4705,0.3662,0.8367
27572.0,0.3816,0.3827,0.7643
27573.0,0.393,0.4015,0.7945
27574.0,0.5622,0.406,0.9682000000000001
27575.0,0.5023,0.3743,0.8766
27576.0,0.3933,0.3903,0.7836
27577.0,0.5034,0.3884,0.8917999999999999
27578.0,0.4798,0.4063,0.8861
27579.0,0.5182,0.3727,0.8909
27580.0,0.1047,0.2555,0.3602
27581.0,0.5124,0.3841,0.8965
27582.0,0.39,0.3786,0.7686
27583.0,0.3867,0.3733,0.76
27584.0,0.3712,0.3775,0.7486999999999999
27585.0,0.405,0.3567,0.7617
27586.0,0.3085,0.3638,0.6723
27587.0,0.4658,0.3685,0.8343
27588.0,0.3855,0.3841,0.7696000000000001
27589.0,0.359,0.3572,0.7162
27590.0,0.4682,0.3845,0.8527
27591.0,0.4776,0.3902,0.8678
27592.0,0.313,0.3579,0.6709
27593.0,0.4497,0.3743,0.8240000000000001
27594.0,0.0086,0.8176,0.8262
27595.0,0.363,0.36,0.723
27596.0,0.4258,0.3716,0.7974
27597.0,0.5304,0.3852,0.9156
27598.0,0.3627,0.394,0.7567
27599.0,0.3867,0.3969,0.7836
27600.0,0.5138,0.3794,0.8932
27601.0,0.5037,0.3659,0.8696
27602.0,0.3191,0.3834,0.7025
27603.0,0.4468,0.3927,0.8394999999999999
27604.0,0.6706,0.3694,1.04
27605.0,0.5001,0.3892,0.8893
27606.0,0.4291,0.3717,0.8008
27607.0,0.3688,0.3929,0.7617
27608.0,0.0833,0.3482,0.4315
27609.0,0.3928,0.3959,0.7887
27610.0,0.3712,0.3859,0.7571
27611.0,0.2925,0.3655,0.6579999999999999
27612.0,0.4361,0.3915,0.8276
27613.0,0.4522,0.3772,0.8293999999999999
27614.0,0.3361,0.3603,0.6964
27615.0,0.6212,0.4004,1.0215999999999998
27616.0,0.3789,0.3705,0.7494000000000001
27617.0,0.3965,0.3988,0.7953
27618.0,0.4815,0.3872,0.8687
27619.0,0.4908,0.3771,0.8679
27620.0,0.3647,0.3793,0.744
27621.0,0.5458,0.3818,0.9276
27622.0,0.0897,0.4153,0.505
27623.0,0.4253,0.3778,0.8031
27624.0,0.4284,0.3689,0.7973
27625.0,0.3397,0.3612,0.7009000000000001
27626.0,0.5248,0.379,0.9038
27627.0,0.5513,0.3712,0.9225
27628.0,0.3703,0.3904,0.7607
27629.0,0.3766,0.3685,0.7451
27630.0,0.3909,0.4058,0.7967
27631.0,0.4631,0.381,0.8441000000000001
27632.0,0.423,0.3597,0.7827
27633.0,0.4897,0.361,0.8507
27634.0,0.5004,0.3761,0.8765
27635.0,0.4112,0.3655,0.7767
27636.0,0.0723,0.0606,0.13290000000000002
27637.0,0.3339,0.3627,0.6966
27638.0,0.3447,0.3914,0.7361
27639.0,0.4927,0.3821,0.8748
27640.0,0.4105,0.3661,0.7766
27641.0,0.4629,0.386,0.8489
27642.0,0.4665,0.3673,0.8338000000000001
27643.0,0.4662,0.3912,0.8573999999999999
27644.0,0.4731,0.3705,0.8436
27645.0,0.3338,0.3855,0.7193
27646.0,0.3806,0.3705,0.7511
27647.0,0.3916,0.3835,0.7751
27648.0,0.4282,0.3837,0.8119000000000001
27649.0,0.4194,0.3759,0.7953
27650.0,0.0002,1.0086,1.0088
27651.0,0.3535,0.3836,0.7371
27652.0,0.3951,0.3754,0.7705
27653.0,0.3985,0.3657,0.7642
27654.0,0.4015,0.4014,0.8029
27655.0,0.4068,0.3901,0.7968999999999999
27656.0,0.4408,0.3629,0.8037000000000001
27657.0,0.399,0.3799,0.7789
27658.0,0.3801,0.3874,0.7675000000000001
27659.0,0.3962,0.3761,0.7723
27660.0,0.2963,0.364,0.6603
27661.0,0.4061,0.3762,0.7823
27662.0,0.3455,0.3853,0.7307999999999999
27663.0,0.4357,0.3691,0.8048
27664.0,0.5336,1.1906,1.7242000000000002
27665.0,0.468,0.3995,0.8675
27666.0,0.425,0.3828,0.8078
27667.0,0.4175,0.3791,0.7966
27668.0,0.3695,0.3822,0.7517
27669.0,0.4431,0.378,0.8210999999999999
27670.0,0.3723,0.3679,0.7402
27671.0,0.3798,0.3707,0.7505
27672.0,0.3851,0.401,0.7861
27673.0,0.3883,0.3812,0.7695
27674.0,0.5753,0.3549,0.9302
27675.0,0.3797,0.3831,0.7627999999999999
27676.0,0.4308,0.3666,0.7974
27677.0,0.3807,0.3822,0.7628999999999999
27678.0,0.143,0.1505,0.2935
27679.0,0.3574,0.384,0.7414000000000001
27680.0,0.3911,0.3617,0.7528
27681.0,0.6939,0.3869,1.0808
27682.0,0.3286,0.3823,0.7109
27683.0,0.4251,0.3531,0.7782
27684.0,0.5193,0.3685,0.8877999999999999
27685.0,0.3212,0.3883,0.7095
27686.0,0.4336,0.3968,0.8304
27687.0,0.3324,0.3579,0.6902999999999999
27688.0,0.3594,0.3985,0.7579
27689.0,0.4299,0.384,0.8139000000000001
27690.0,0.3524,0.3719,0.7242999999999999
27691.0,0.4065,0.3845,0.7909999999999999
27692.0,0.3896,0.299,0.6886
27693.0,0.4141,0.3849,0.799
27694.0,0.5466,0.3725,0.9191
27695.0,0.4012,0.3577,0.7589
27696.0,0.4472,0.3582,0.8054
27697.0,0.3562,0.3621,0.7182999999999999
27698.0,0.3885,0.3522,0.7407
27699.0,0.4535,0.383,0.8365
27700.0,0.5007,0.3619,0.8626
27701.0,0.4107,0.3961,0.8068
27702.0,0.3727,0.3741,0.7467999999999999
27703.0,0.3148,0.3955,0.7103
27704.0,0.5148,0.3748,0.8896000000000001
27705.0,0.3175,0.3727,0.6901999999999999
27706.0,0.1724,0.0224,0.1948
27707.0,0.4204,0.3743,0.7947
27708.0,0.4409,0.3626,0.8035
27709.0,0.4156,0.3824,0.798
27710.0,0.4026,0.3792,0.7818
27711.0,0.4675,0.3641,0.8316
27712.0,0.4087,0.385,0.7937000000000001
27713.0,0.3735,0.3785,0.752
27714.0,0.3507,0.3665,0.7172000000000001
27715.0,0.4083,0.3718,0.7801
27716.0,0.389,0.4025,0.7915000000000001
27717.0,0.3738,0.3731,0.7469
27718.0,0.3855,0.3661,0.7516
27719.0,0.4483,0.3738,0.8221
27720.0,0.0075,0.2924,0.2999
27721.0,0.4678,0.3786,0.8464
27722.0,0.3891,0.3798,0.7689
27723.0,0.5705,0.3666,0.9371
27724.0,0.404,0.3832,0.7872
27725.0,0.3815,0.3651,0.7465999999999999
27726.0,0.3844,0.3709,0.7553000000000001
27727.0,0.3788,0.3648,0.7436
27728.0,0.4543,0.3844,0.8387
27729.0,0.4066,0.3867,0.7933
27730.0,0.3899,0.3734,0.7633000000000001
27731.0,0.6397,0.3896,1.0293
27732.0,0.3978,0.3507,0.7484999999999999
27733.0,0.5096,0.3825,0.8921000000000001
27734.0,0.1237,0.471,0.5947
27735.0,0.3635,0.3756,0.7391
27736.0,0.4149,0.3714,0.7863
27737.0,0.4594,0.3685,0.8279
27738.0,0.3438,0.3726,0.7163999999999999
27739.0,0.4184,0.3626,0.7809999999999999
27740.0,0.5785,0.3695,0.948
27741.0,0.5395,0.397,0.9365
27742.0,0.4628,0.3812,0.844
27743.0,0.4198,0.3733,0.7931
27744.0,0.3556,0.3869,0.7425
27745.0,0.3699,0.3651,0.735
27746.0,0.5327,0.3661,0.8987999999999999
27747.0,0.3906,0.3668,0.7574000000000001
27748.0,0.0686,0.141,0.20959999999999998
27749.0,0.3988,0.3754,0.7742
27750.0,0.4182,0.373,0.7912
27751.0,0.3488,0.3721,0.7209
27752.0,0.4937,0.3701,0.8638
27753.0,0.3266,0.3743,0.7009000000000001
27754.0,0.3864,0.3683,0.7547
27755.0,0.3904,0.3721,0.7625
27756.0,0.4668,0.3647,0.8315
27757.0,0.3803,0.3571,0.7374
27758.0,0.3593,0.3961,0.7554000000000001
27759.0,0.6066,0.3861,0.9927
27760.0,0.3432,0.3905,0.7337
27761.0,0.3558,0.3638,0.7196
27762.0,0.0017,0.4563,0.45799999999999996
27763.0,0.4799,0.382,0.8619
27764.0,0.4772,0.3618,0.839
27765.0,0.3806,0.3662,0.7468
27766.0,0.3927,0.3797,0.7724
27767.0,0.372,0.3731,0.7451
27768.0,0.4743,0.387,0.8613
27769.0,0.6451,0.3748,1.0199
27770.0,0.4247,0.3713,0.796
27771.0,0.32,0.3798,0.6998
27772.0,0.3819,0.3586,0.7404999999999999
27773.0,0.3608,0.3722,0.733
27774.0,0.4154,0.3657,0.7811
27775.0,0.4232,0.3771,0.8003
27776.0,0.0007,1.7318,1.7325
27777.0,0.5134,0.3696,0.883
27778.0,0.5411,0.3695,0.9106000000000001
27779.0,0.3445,0.3727,0.7172
27780.0,0.3921,0.412,0.8041
27781.0,0.3767,0.3843,0.7609999999999999
27782.0,0.3515,0.3847,0.7362
27783.0,0.397,0.3777,0.7746999999999999
27784.0,0.5131,0.3962,0.9093
27785.0,0.5164,0.3823,0.8986999999999999
27786.0,0.374,0.3878,0.7618
27787.0,0.4404,0.3931,0.8335
27788.0,0.4406,0.387,0.8276
27789.0,0.3703,0.3813,0.7516
27790.0,0.0053,0.0247,0.03
27791.0,0.4347,0.4041,0.8388
27792.0,0.3383,0.3981,0.7363999999999999
27793.0,0.4557,0.37,0.8257
27794.0,0.3991,0.3765,0.7756000000000001
27795.0,0.5385,0.3938,0.9322999999999999
27796.0,0.3628,0.3776,0.7404
27797.0,0.4205,0.3571,0.7776
27798.0,0.3459,0.4042,0.7501
27799.0,0.3134,0.376,0.6894
27800.0,0.4822,0.3788,0.861
27801.0,0.4189,0.3816,0.8005
27802.0,0.4156,0.3972,0.8128
27803.0,0.3623,0.3688,0.7311000000000001
27804.0,0.0032,0.0087,0.011899999999999999
27805.0,0.4579,0.3688,0.8267
27806.0,0.3507,0.3687,0.7194
27807.0,0.3114,0.3712,0.6826
27808.0,0.3808,0.3477,0.7285
27809.0,0.5786,0.3952,0.9738
27810.0,0.429,0.3972,0.8262
27811.0,0.351,0.3975,0.7484999999999999
27812.0,0.3349,0.391,0.7259
27813.0,0.4073,0.3981,0.8054
27814.0,0.3897,0.3844,0.7741
27815.0,0.3328,0.3689,0.7017
27816.0,0.5253,0.3778,0.9031
27817.0,0.4009,0.3832,0.7841
27818.0,0.045,0.4175,0.46249999999999997
27819.0,0.3678,0.3716,0.7394000000000001
27820.0,0.41,0.3625,0.7725
27821.0,0.4349,0.3723,0.8072
27822.0,0.3544,0.3727,0.7271
27823.0,0.4017,0.3897,0.7914
27824.0,0.3635,0.366,0.7295
27825.0,0.4523,0.3559,0.8082
27826.0,0.4842,0.3763,0.8605
27827.0,0.3634,0.3883,0.7517
27828.0,0.551,0.3752,0.9262
27829.0,0.4162,0.3857,0.8019000000000001
27830.0,0.3669,0.3914,0.7583
27831.0,0.3907,0.3632,0.7539
27832.0,0.3813,0.3423,0.7236
27833.0,0.4246,0.3614,0.786
27834.0,0.4153,0.378,0.7933
27835.0,0.4425,0.3658,0.8083
27836.0,0.4628,0.3768,0.8396
27837.0,0.3291,0.3805,0.7096
27838.0,0.3354,0.3762,0.7116
27839.0,0.4957,0.3582,0.8539
27840.0,0.4835,0.3769,0.8604
27841.0,0.2974,0.3714,0.6688000000000001
27842.0,0.4656,0.3783,0.8439000000000001
27843.0,0.3712,0.3824,0.7536
27844.0,0.4827,0.3851,0.8678
27845.0,0.5005,0.3746,0.8751
27846.0,6.3835,0.2291,6.6126
27847.0,0.3254,0.3694,0.6948000000000001
27848.0,0.3788,0.3812,0.76
27849.0,0.329,0.3695,0.6985
27850.0,0.4159,0.3627,0.7786
27851.0,0.379,0.3777,0.7566999999999999
27852.0,0.3856,0.3682,0.7538
27853.0,0.3485,0.39,0.7384999999999999
27854.0,0.5559,0.3665,0.9223999999999999
27855.0,0.422,0.3749,0.7968999999999999
27856.0,0.3889,0.3704,0.7593000000000001
27857.0,0.5156,0.3849,0.9005
27858.0,0.4236,0.3925,0.8161
27859.0,0.4476,0.3774,0.825
27860.0,0.651,0.8776,1.5286
27861.0,0.4194,0.391,0.8104
27862.0,0.365,0.3706,0.7356
27863.0,0.4507,0.3942,0.8449
27864.0,0.4705,0.3784,0.8489
27865.0,0.6456,0.4017,1.0473
27866.0,0.4076,0.3824,0.79
27867.0,0.4018,0.397,0.7988
27868.0,0.4888,0.3773,0.8661000000000001
27869.0,0.4644,0.3645,0.8289
27870.0,0.4739,0.3846,0.8585
27871.0,0.3482,0.3814,0.7296
27872.0,0.4852,0.3637,0.8489
27873.0,0.4412,0.3946,0.8358
27874.0,1.7177,0.1256,1.8433
27875.0,0.4143,0.355,0.7693
27876.0,0.4823,0.3904,0.8727
27877.0,0.47,0.3903,0.8603
27878.0,0.5431,0.3977,0.9408000000000001
27879.0,0.3067,0.3837,0.6903999999999999
27880.0,0.3829,0.3966,0.7795000000000001
27881.0,0.3246,0.384,0.7086
27882.0,0.5311,0.3847,0.9158
27883.0,0.3733,0.3636,0.7369
27884.0,0.3991,0.3855,0.7846
27885.0,0.5097,0.3847,0.8944000000000001
27886.0,0.3619,0.3783,0.7402
27887.0,0.4792,0.3982,0.8774
27888.0,6.0555,0.4978,6.5533
27889.0,0.487,0.3814,0.8684000000000001
27890.0,0.4598,0.3685,0.8283
27891.0,0.4872,0.3702,0.8573999999999999
27892.0,0.3476,0.3447,0.6923
27893.0,0.4831,0.3867,0.8697999999999999
27894.0,0.3878,0.3716,0.7594
27895.0,0.4067,0.3801,0.7867999999999999
27896.0,0.5531,0.3852,0.9383
27897.0,0.3813,0.3716,0.7528999999999999
27898.0,0.6102,0.3913,1.0015
27899.0,0.597,0.3848,0.9818
27900.0,0.4473,0.3904,0.8377
27901.0,0.3863,0.3774,0.7637
27902.0,0.0714,0.0721,0.14350000000000002
27903.0,0.4109,0.3721,0.7829999999999999
27904.0,0.4829,0.3561,0.839
27905.0,0.507,0.3965,0.9035
27906.0,0.5489,0.3782,0.9271
27907.0,0.5345,0.3589,0.8934
27908.0,0.6592,0.3908,1.05
27909.0,0.4301,0.3691,0.7991999999999999
27910.0,0.3893,0.4078,0.7970999999999999
27911.0,0.4654,0.3955,0.8609
27912.0,0.4575,0.396,0.8535
27913.0,0.3781,0.3929,0.771
27914.0,0.4709,0.3764,0.8472999999999999
27915.0,0.484,0.3491,0.8331
27916.0,0.0305,0.5436,0.5740999999999999
27917.0,0.4655,0.3902,0.8557
27918.0,0.3383,0.3924,0.7307
27919.0,0.4403,0.3919,0.8322
27920.0,0.4224,0.3728,0.7952
27921.0,0.3871,0.3848,0.7719
27922.0,0.4005,0.3626,0.7631
27923.0,0.3558,0.3831,0.7389
27924.0,0.4314,0.3753,0.8067
27925.0,0.6714,0.3738,1.0452
27926.0,0.3523,0.3841,0.7363999999999999
27927.0,0.4703,0.3745,0.8448
27928.0,0.4669,0.4042,0.8711
27929.0,0.6175,0.3779,0.9954000000000001
27930.0,1.288,0.2716,1.5596
27931.0,0.4023,0.3835,0.7858
27932.0,0.3407,0.3639,0.7046
27933.0,0.4061,0.3825,0.7886
27934.0,0.392,0.376,0.768
27935.0,0.5263,0.3698,0.8961
27936.0,0.5044,0.3818,0.8861999999999999
27937.0,0.4285,0.3742,0.8027
27938.0,0.5411,0.398,0.9391
27939.0,0.3328,0.3679,0.7007
27940.0,0.4827,0.405,0.8877
27941.0,0.3719,0.3781,0.75
27942.0,0.4379,0.3984,0.8363
27943.0,0.4903,0.3823,0.8726
27944.0,0.2169,0.1904,0.4073
27945.0,0.3434,0.3703,0.7137
27946.0,0.4159,0.3672,0.7831
27947.0,0.3816,0.376,0.7576
27948.0,0.3783,0.3838,0.7621
27949.0,0.4474,0.3791,0.8265
27950.0,0.3447,0.3778,0.7225
27951.0,0.4494,0.377,0.8264
27952.0,0.435,0.3902,0.8251999999999999
27953.0,0.403,0.379,0.782
27954.0,0.3774,0.3903,0.7677
27955.0,0.467,0.3748,0.8418000000000001
27956.0,0.4714,0.3896,0.861
27957.0,0.3676,0.3651,0.7326999999999999
27958.0,2.9679,0.2961,3.2640000000000002
27959.0,0.3866,0.399,0.7856000000000001
27960.0,0.4223,0.3863,0.8086
27961.0,0.3295,0.3901,0.7196
27962.0,0.4248,0.3774,0.8022
27963.0,0.3899,0.3929,0.7828
27964.0,0.4258,0.3785,0.8043
27965.0,0.343,0.3678,0.7108000000000001
27966.0,0.4557,0.401,0.8567
27967.0,0.3962,0.3798,0.776
27968.0,0.3861,0.3909,0.777
27969.0,0.4576,0.3768,0.8344
27970.0,0.5043,0.3934,0.8976999999999999
27971.0,0.5352,0.3869,0.9221
27972.0,0.3821,0.2202,0.6023000000000001
27973.0,0.3615,0.3787,0.7402
27974.0,0.4934,0.3812,0.8746
27975.0,0.4173,0.39,0.8073
27976.0,0.3657,0.3925,0.7582
27977.0,0.3915,0.3796,0.7711
27978.0,0.4363,0.4034,0.8397
27979.0,0.3997,0.3834,0.7831
27980.0,0.3638,0.3906,0.7544
27981.0,0.3733,0.3846,0.7579
27982.0,0.5539,0.3707,0.9245999999999999
27983.0,0.5899,0.3758,0.9657
27984.0,0.3576,0.3677,0.7253000000000001
27985.0,0.4616,0.385,0.8466
27986.0,0.0866,0.4465,0.5331
27987.0,0.5002,0.3841,0.8843
27988.0,0.4609,0.3927,0.8535999999999999
27989.0,0.5803,0.3761,0.9564
27990.0,0.5401,0.3884,0.9285000000000001
27991.0,0.5515,0.3863,0.9378
27992.0,0.4315,0.3643,0.7958000000000001
27993.0,0.3718,0.3974,0.7692
27994.0,0.3627,0.3695,0.7322
27995.0,0.3673,0.3595,0.7268
27996.0,0.4169,0.3825,0.7994
27997.0,0.4321,0.364,0.7961
27998.0,0.4023,0.3672,0.7695000000000001
27999.0,0.4523,0.3924,0.8447
28000.0,0.026,0.1836,0.2096
28001.0,0.601,0.3708,0.9718
28002.0,0.348,0.3772,0.7252
28003.0,0.4493,0.3877,0.837
28004.0,0.4909,0.36,0.8509
28005.0,0.5113,0.3756,0.8869
28006.0,0.5785,0.3935,0.972
28007.0,0.3991,0.3856,0.7847
28008.0,0.401,0.3749,0.7759
28009.0,0.4518,0.3807,0.8325
28010.0,0.5477,0.362,0.9097
28011.0,0.4384,0.3695,0.8079000000000001
28012.0,0.4389,0.4025,0.8414
28013.0,0.4369,0.4031,0.8400000000000001
28014.0,0.1015,0.1123,0.2138
28015.0,0.3762,0.3746,0.7507999999999999
28016.0,0.4579,0.3716,0.8294999999999999
28017.0,0.341,0.3642,0.7052
28018.0,0.4323,0.3726,0.8049
28019.0,0.5643,0.3862,0.9505
28020.0,0.3974,0.3638,0.7612
28021.0,0.4695,0.375,0.8445
28022.0,0.3984,0.3879,0.7863
28023.0,0.4008,0.3898,0.7906
28024.0,0.3932,0.3864,0.7796000000000001
28025.0,0.4835,0.385,0.8685
28026.0,0.3384,0.371,0.7094
28027.0,0.5001,0.3603,0.8604
28028.0,0.1859,0.6905,0.8764000000000001
28029.0,0.4627,0.3708,0.8335
28030.0,0.5727,0.3679,0.9406
28031.0,0.4352,0.3993,0.8345
28032.0,0.3432,0.3639,0.7071000000000001
28033.0,0.3949,0.3609,0.7558
28034.0,0.5019,0.3635,0.8654
28035.0,0.3655,0.3655,0.731
28036.0,0.4161,0.3566,0.7726999999999999
28037.0,0.4116,0.3934,0.805
28038.0,0.3698,0.3701,0.7399
28039.0,0.4218,0.3598,0.7816000000000001
28040.0,0.3325,0.3613,0.6938
28041.0,0.4628,0.3784,0.8412
28042.0,0.115,1.2712,1.3862
28043.0,0.4001,0.3417,0.7418
28044.0,0.4692,0.3685,0.8377
28045.0,0.4427,0.3668,0.8095
28046.0,0.3811,0.3705,0.7516
28047.0,0.4386,0.3899,0.8285
28048.0,0.4926,0.3657,0.8583000000000001
28049.0,0.5274,0.3836,0.911
28050.0,0.4959,0.3876,0.8835
28051.0,0.418,0.3876,0.8056
28052.0,0.3232,0.3732,0.6963999999999999
28053.0,0.4097,0.3863,0.796
28054.0,0.4634,0.3861,0.8494999999999999
28055.0,0.2915,0.375,0.6665
28056.0,1.0304,0.1526,1.183
28057.0,0.3648,0.364,0.7288
28058.0,0.5052,0.3914,0.8966000000000001
28059.0,0.4158,0.3745,0.7903
28060.0,0.4573,0.3833,0.8406
28061.0,0.4146,0.3737,0.7883
28062.0,0.462,0.3607,0.8227
28063.0,0.3659,0.3847,0.7505999999999999
28064.0,0.3704,0.3984,0.7687999999999999
28065.0,0.4908,0.3643,0.8551
28066.0,0.3658,0.3583,0.7241
28067.0,0.3231,0.3577,0.6808000000000001
28068.0,0.4649,0.3727,0.8375999999999999
28069.0,0.4285,0.3769,0.8054
28070.0,1.3593,0.2734,1.6326999999999998
28071.0,0.4358,0.3699,0.8057000000000001
28072.0,0.3853,0.3686,0.7539
28073.0,0.4061,0.3713,0.7774000000000001
28074.0,0.4147,0.3807,0.7954
28075.0,0.4557,0.3819,0.8376
28076.0,0.4368,0.3825,0.8193
28077.0,0.3957,0.3803,0.776
28078.0,0.3806,0.3834,0.764
28079.0,0.3454,0.3631,0.7084999999999999
28080.0,0.4954,0.4071,0.9025000000000001
28081.0,0.5059,0.382,0.8879
28082.0,0.5996,0.3855,0.9851000000000001
28083.0,0.4644,0.3619,0.8263
28084.0,0.0036,0.4764,0.48
28085.0,0.5034,0.3673,0.8707
28086.0,0.4133,0.3767,0.79
28087.0,0.3523,0.3794,0.7317
28088.0,0.3983,0.3782,0.7765
28089.0,0.3838,0.373,0.7567999999999999
28090.0,0.6541,0.3601,1.0142
28091.0,0.5153,0.3803,0.8956
28092.0,0.4575,0.3875,0.845
28093.0,0.3803,0.372,0.7523
28094.0,0.5005,0.3888,0.8893
28095.0,0.4501,0.3613,0.8114
28096.0,0.3802,0.3546,0.7348
28097.0,0.5106,0.3818,0.8924000000000001
28098.0,0.0408,0.3825,0.4233
28099.0,0.4384,0.3725,0.8109
28100.0,0.378,0.3667,0.7447
28101.0,0.7493,0.3683,1.1176
28102.0,0.4262,0.3741,0.8003
28103.0,0.3982,0.3636,0.7618
28104.0,0.4822,0.3998,0.882
28105.0,0.5474,0.4042,0.9516
28106.0,0.4116,0.3657,0.7773000000000001
28107.0,0.4631,0.3712,0.8343
28108.0,0.3673,0.3672,0.7345
28109.0,0.4422,0.3717,0.8139
28110.0,0.3435,0.3515,0.6950000000000001
28111.0,0.4882,0.3783,0.8665
28112.0,0.0489,0.4395,0.4884
28113.0,0.3387,0.368,0.7067
28114.0,0.5149,0.3663,0.8812
28115.0,0.5832,0.3565,0.9397
28116.0,0.3778,0.3653,0.7431000000000001
28117.0,0.3641,0.3853,0.7494
28118.0,0.4158,0.3984,0.8142
28119.0,0.4914,0.3807,0.8721
28120.0,0.4341,0.3783,0.8124
28121.0,0.4942,0.3476,0.8418
28122.0,0.5086,0.3685,0.8771
28123.0,0.4689,0.3774,0.8463
28124.0,0.4028,0.4022,0.8049999999999999
28125.0,0.4987,0.3911,0.8897999999999999
28126.0,0.0004,0.3829,0.38330000000000003
28127.0,0.7168,0.3686,1.0854
28128.0,0.4532,0.4087,0.8619
28129.0,0.4154,0.3594,0.7747999999999999
28130.0,0.4422,0.3767,0.8189
28131.0,0.4267,0.3968,0.8235
28132.0,0.5496,0.4121,0.9617
28133.0,0.3746,0.4009,0.7755
28134.0,0.4284,0.3873,0.8157
28135.0,0.3345,0.3886,0.7231000000000001
28136.0,0.6028,0.3726,0.9754
28137.0,0.4308,0.357,0.7878000000000001
28138.0,0.4364,0.3548,0.7912
28139.0,0.4053,0.3789,0.7842
28140.0,0.1105,0.2186,0.3291
28141.0,0.357,0.3757,0.7326999999999999
28142.0,0.4345,0.375,0.8095
28143.0,0.3749,0.391,0.7659
28144.0,0.3888,0.3832,0.772
28145.0,0.3652,0.3972,0.7624
28146.0,0.3756,0.3535,0.7291
28147.0,0.4678,0.3796,0.8473999999999999
28148.0,0.3426,0.3743,0.7169000000000001
28149.0,0.4728,0.3875,0.8603000000000001
28150.0,0.4539,0.3565,0.8104
28151.0,0.542,0.3755,0.9175
28152.0,0.4343,0.3933,0.8276
28153.0,0.4997,0.375,0.8747
28154.0,0.0223,0.0892,0.1115
28155.0,0.446,0.3836,0.8296
28156.0,0.4416,0.3736,0.8151999999999999
28157.0,0.4236,0.3885,0.8121
28158.0,0.4358,0.3789,0.8147
28159.0,0.377,0.3605,0.7375
28160.0,0.5426,0.39,0.9326
28161.0,0.5524,0.3832,0.9356
28162.0,0.4518,0.3931,0.8449
28163.0,0.4154,0.3835,0.7988999999999999
28164.0,0.4046,0.3695,0.7741
28165.0,0.4015,0.3711,0.7726
28166.0,0.4049,0.3782,0.7830999999999999
28167.0,0.4102,0.3638,0.774
28168.0,2.1754,0.4467,2.6220999999999997
28169.0,0.4646,0.3832,0.8478
28170.0,0.2997,0.3601,0.6597999999999999
28171.0,0.3787,0.3788,0.7575000000000001
28172.0,0.3346,0.3831,0.7177
28173.0,0.4857,0.3623,0.8480000000000001
28174.0,0.5432,0.3732,0.9164
28175.0,0.3533,0.388,0.7413000000000001
28176.0,0.3841,0.3705,0.7545999999999999
28177.0,0.3956,0.3663,0.7619
28178.0,0.3726,0.3506,0.7232000000000001
28179.0,0.495,0.3867,0.8816999999999999
28180.0,0.4425,0.3588,0.8013
28181.0,0.8246,0.3679,1.1925
28182.0,0.4592,0.1264,0.5856
28183.0,0.3926,0.3818,0.7744
28184.0,0.3598,0.3791,0.7389
28185.0,0.3718,0.3769,0.7487
28186.0,0.3614,0.3712,0.7325999999999999
28187.0,0.3138,0.3861,0.6999
28188.0,0.3717,0.3898,0.7615
28189.0,0.4074,0.3725,0.7799
28190.0,0.5438,0.3713,0.9151
28191.0,0.643,0.3726,1.0156
28192.0,0.4876,0.3874,0.875
28193.0,0.5298,0.3849,0.9147000000000001
28194.0,0.4404,0.3996,0.8400000000000001
28195.0,0.4725,0.3687,0.8412
28196.0,0.1252,1.6374,1.7626
28197.0,0.4388,0.3583,0.7971
28198.0,0.5455,0.3649,0.9104
28199.0,0.4902,0.3661,0.8563000000000001
28200.0,0.4291,0.3752,0.8043
28201.0,0.4497,0.3583,0.808
28202.0,0.482,0.3671,0.8491
28203.0,0.3487,0.3798,0.7285
28204.0,0.4387,0.3813,0.82
28205.0,0.4062,0.359,0.7652
28206.0,0.4399,0.3605,0.8004
28207.0,0.505,0.368,0.873
28208.0,0.8526,0.3639,1.2165
28209.0,0.6162,0.3812,0.9974
28210.0,0.2648,0.562,0.8268
28211.0,0.4662,0.3601,0.8263
28212.0,0.4267,0.3671,0.7938000000000001
28213.0,0.6284,0.379,1.0074
28214.0,0.4242,0.3936,0.8178000000000001
28215.0,0.3923,0.3758,0.7681
28216.0,0.3455,0.352,0.6975
28217.0,0.4558,0.3806,0.8364
28218.0,0.4766,0.3895,0.8661000000000001
28219.0,0.3257,0.373,0.6987
28220.0,0.4121,0.3653,0.7774000000000001
28221.0,0.3893,0.3834,0.7726999999999999
28222.0,0.3718,0.3922,0.764
28223.0,0.3765,0.3848,0.7613
28224.0,0.0094,1.4202,1.4296
28225.0,0.5513,0.3854,0.9367000000000001
28226.0,0.3974,0.3907,0.7881
28227.0,0.4359,0.3649,0.8008
28228.0,0.542,0.3699,0.9119
28229.0,0.375,0.3739,0.7489
28230.0,0.4244,0.3765,0.8009
28231.0,0.4923,0.3855,0.8778
28232.0,0.5753,0.3894,0.9647000000000001
28233.0,0.3748,0.374,0.7488
28234.0,0.4262,0.3884,0.8146
28235.0,0.5045,0.362,0.8664999999999999
28236.0,0.4917,0.3925,0.8842000000000001
28237.0,0.4086,0.3638,0.7724
28238.0,0.0035,0.0382,0.0417
28239.0,0.4873,0.3605,0.8478
28240.0,0.4623,0.3748,0.8371
28241.0,0.4469,0.3729,0.8198000000000001
28242.0,0.4549,0.3692,0.8241
28243.0,0.4405,0.368,0.8085
28244.0,0.3558,0.3659,0.7217
28245.0,0.4395,0.355,0.7945
28246.0,0.3976,0.3784,0.776
28247.0,0.4821,0.3887,0.8708
28248.0,0.4247,0.3896,0.8143
28249.0,0.4977,0.3556,0.8533
28250.0,0.3091,0.3687,0.6778
28251.0,0.8238,0.3837,1.2075
28252.0,0.0407,0.1024,0.1431
28253.0,0.3615,0.3668,0.7283
28254.0,0.466,0.3812,0.8472
28255.0,0.4418,0.3779,0.8197000000000001
28256.0,0.4783,0.3865,0.8648
28257.0,0.436,0.4003,0.8363
28258.0,0.6233,0.3839,1.0072
28259.0,0.375,0.374,0.749
28260.0,0.3749,0.3733,0.7482
28261.0,0.3242,0.3956,0.7198
28262.0,0.3547,0.3628,0.7175
28263.0,0.3716,0.3635,0.7351
28264.0,0.5533,0.3948,0.9480999999999999
28265.0,0.4116,0.3741,0.7857000000000001
28266.0,0.0768,0.1811,0.2579
28267.0,0.4086,0.3671,0.7757000000000001
28268.0,0.433,0.3665,0.7995
28269.0,0.3631,0.3655,0.7285999999999999
28270.0,0.4245,0.3731,0.7976
28271.0,0.3474,0.3844,0.7318
28272.0,0.3571,0.38,0.7371
28273.0,0.3443,0.3838,0.7281
28274.0,0.5196,0.3879,0.9075
28275.0,0.3932,0.3654,0.7585999999999999
28276.0,0.3713,0.3968,0.7681
28277.0,0.7591,0.3877,1.1468
28278.0,0.4046,0.3812,0.7858
28279.0,0.3894,0.3733,0.7627
28280.0,0.0116,0.0687,0.0803
28281.0,0.3693,0.3653,0.7346
28282.0,0.4756,0.3875,0.8631
28283.0,0.4743,0.3561,0.8304
28284.0,0.422,0.377,0.7989999999999999
28285.0,0.363,0.3847,0.7477
28286.0,0.6326,0.3868,1.0194
28287.0,0.3743,0.3804,0.7547
28288.0,0.5238,0.3784,0.9022000000000001
28289.0,0.4869,0.3615,0.8484
28290.0,0.4611,0.3629,0.8240000000000001
28291.0,0.4633,0.3649,0.8282
28292.0,0.3809,0.3785,0.7594000000000001
28293.0,0.3855,0.3997,0.7852
28294.0,0.9001,0.0402,0.9403
28295.0,0.3843,0.37,0.7543
28296.0,0.3718,0.3707,0.7424999999999999
28297.0,0.4544,0.3772,0.8316
28298.0,0.4041,0.3549,0.759
28299.0,0.3793,0.348,0.7273000000000001
28300.0,0.5688,0.365,0.9338
28301.0,0.4379,0.3811,0.819
28302.0,0.4726,0.3492,0.8218000000000001
28303.0,0.4729,0.3691,0.842
28304.0,0.4733,0.3828,0.8561
28305.0,0.4199,0.3653,0.7852
28306.0,0.5101,0.3753,0.8854
28307.0,0.4241,0.3766,0.8007
28308.0,8.217,0.0932,8.3102
28309.0,0.4347,0.3873,0.822
28310.0,0.4124,0.3845,0.7968999999999999
28311.0,0.4435,0.352,0.7955
28312.0,0.4713,0.3774,0.8487
28313.0,0.3772,0.3729,0.7501
28314.0,0.3129,0.3708,0.6837
28315.0,0.4057,0.3651,0.7707999999999999
28316.0,0.4645,0.3713,0.8358000000000001
28317.0,0.365,0.3813,0.7463
28318.0,0.3886,0.3834,0.772
28319.0,0.4009,0.3671,0.768
28320.0,0.5353,0.3716,0.9069
28321.0,0.5173,0.3865,0.9037999999999999
28322.0,4.7281,0.6888,5.4169
28323.0,0.4973,0.357,0.8543000000000001
28324.0,0.3899,0.38,0.7699
28325.0,0.3867,0.3624,0.7491
28326.0,0.3666,0.3447,0.7113
28327.0,0.4633,0.3864,0.8497
28328.0,0.3968,0.3684,0.7652
28329.0,0.4576,0.3771,0.8347
28330.0,0.5584,0.3936,0.952
28331.0,0.4577,0.3858,0.8434999999999999
28332.0,0.4504,0.3737,0.8241
28333.0,0.4148,0.384,0.7988
28334.0,0.8866,0.3963,1.2829000000000002
28335.0,0.3697,0.387,0.7566999999999999
28336.0,0.1537,0.5841,0.7378
28337.0,0.3732,0.384,0.7572
28338.0,0.3946,0.3828,0.7774
28339.0,0.4931,0.4189,0.9119999999999999
28340.0,0.3553,0.3761,0.7314
28341.0,0.4186,0.3821,0.8007
28342.0,0.3796,0.3686,0.7482
28343.0,0.4465,0.3659,0.8124
28344.0,0.5286,0.3562,0.8848
28345.0,0.3446,0.3812,0.7258
28346.0,0.5476,0.3734,0.921
28347.0,0.4221,0.3647,0.7867999999999999
28348.0,0.3511,0.3684,0.7195
28349.0,0.6217,0.3779,0.9996
28350.0,0.1205,1.2306,1.3511
28351.0,0.5172,0.3871,0.9043
28352.0,0.486,0.3715,0.8574999999999999
28353.0,0.4845,0.3604,0.8449
28354.0,0.3996,0.3742,0.7738
28355.0,0.4471,0.3806,0.8277
28356.0,0.4378,0.3566,0.7944
28357.0,0.4127,0.3828,0.7955
28358.0,0.4877,0.3755,0.8632
28359.0,0.4312,0.385,0.8162
28360.0,0.4991,0.3876,0.8867
28361.0,0.4251,0.3885,0.8136
28362.0,0.5144,0.3795,0.8938999999999999
28363.0,0.4152,0.3825,0.7977000000000001
28364.0,1.5318,0.2955,1.8273000000000001
28365.0,0.3996,0.3816,0.7812
28366.0,0.3482,0.3784,0.7266
28367.0,0.3966,0.3891,0.7857000000000001
28368.0,0.416,0.3778,0.7938000000000001
28369.0,0.4003,0.3878,0.7881
28370.0,0.4285,0.3699,0.7984
28371.0,0.3905,0.3816,0.7721
28372.0,0.4493,0.3778,0.8271
28373.0,0.4435,0.3863,0.8298
28374.0,0.5496,0.3784,0.9279999999999999
28375.0,0.4002,0.3734,0.7736000000000001
28376.0,0.4366,0.3611,0.7977
28377.0,0.4764,0.3813,0.8576999999999999
28378.0,0.3011,1.402,1.7030999999999998
28379.0,0.4693,0.3818,0.8511
28380.0,0.4707,0.3784,0.8491
28381.0,0.5684,0.3779,0.9463
28382.0,0.4374,0.3767,0.8141
28383.0,0.6143,0.3644,0.9786999999999999
28384.0,0.5045,0.3681,0.8725999999999999
28385.0,0.4392,0.3659,0.8050999999999999
28386.0,0.6615,0.3777,1.0392
28387.0,0.4274,0.4042,0.8316
28388.0,0.3617,0.3797,0.7414000000000001
28389.0,0.4403,0.3741,0.8144
28390.0,0.5246,0.3636,0.8881999999999999
28391.0,0.4649,0.3794,0.8443
28392.0,0.0878,0.7705,0.8583
28393.0,0.4133,0.3636,0.7768999999999999
28394.0,0.375,0.3617,0.7367
28395.0,0.4486,0.395,0.8436
28396.0,0.411,0.3706,0.7816
28397.0,0.4291,0.3907,0.8198
28398.0,0.4251,0.3675,0.7926
28399.0,0.5287,0.3817,0.9103999999999999
28400.0,0.317,0.3987,0.7157
28401.0,0.5115,0.3764,0.8878999999999999
28402.0,0.4531,0.3664,0.8195
28403.0,0.4297,0.3884,0.8181
28404.0,0.3908,0.3665,0.7573
28405.0,0.4225,0.3804,0.8029
28406.0,0.0167,0.0626,0.07930000000000001
28407.0,0.4142,0.3816,0.7958000000000001
28408.0,0.5188,0.3877,0.9065000000000001
28409.0,0.5435,0.375,0.9185
28410.0,0.5139,0.397,0.9109
28411.0,0.4953,0.3815,0.8768
28412.0,0.3406,0.3679,0.7085
28413.0,0.3458,0.3761,0.7219
28414.0,0.3886,0.3792,0.7678
28415.0,0.3912,0.3676,0.7587999999999999
28416.0,0.3905,0.4049,0.7954
28417.0,0.4408,0.3874,0.8282
28418.0,0.551,0.3721,0.9231
28419.0,0.5013,0.36,0.8613
28420.0,0.003,0.0322,0.0352
28421.0,0.409,0.3786,0.7876
28422.0,0.3823,0.3732,0.7555
28423.0,0.4823,0.3604,0.8427
28424.0,0.4739,0.3751,0.849
28425.0,0.35,0.3806,0.7305999999999999
28426.0,0.3596,0.3623,0.7219
28427.0,0.4042,0.3777,0.7819
28428.0,0.4146,0.3883,0.8029
28429.0,0.3141,0.3775,0.6916
28430.0,0.3498,0.3712,0.721
28431.0,0.5485,0.3618,0.9103
28432.0,0.3815,0.3688,0.7503
28433.0,0.4149,0.3881,0.8029999999999999
28434.0,0.4409,0.361,0.8019000000000001
28435.0,0.4598,0.3765,0.8363
28436.0,0.5433,0.3759,0.9192
28437.0,0.4019,0.3882,0.7901
28438.0,0.3731,0.3762,0.7493
28439.0,0.3764,0.3953,0.7717
28440.0,0.3564,0.3838,0.7402
28441.0,0.3554,0.3957,0.7511
28442.0,0.4335,0.3724,0.8059000000000001
28443.0,0.4155,0.388,0.8035
28444.0,0.471,0.3779,0.8489
28445.0,0.4783,0.37,0.8483
28446.0,0.3593,0.3592,0.7185
28447.0,0.4726,0.3869,0.8595
28448.0,1.6226,0.4271,2.0497
28449.0,0.5321,0.3776,0.9097
28450.0,0.4517,0.3729,0.8246
28451.0,0.4861,0.3899,0.876
28452.0,0.4273,0.3767,0.804
28453.0,0.459,0.3522,0.8112
28454.0,0.4414,0.3691,0.8105
28455.0,0.3733,0.3717,0.745
28456.0,0.5014,0.3708,0.8722
28457.0,0.3324,0.3622,0.6946
28458.0,0.4616,0.3657,0.8273
28459.0,0.3667,0.3704,0.7371000000000001
28460.0,0.4837,0.3996,0.8833
28461.0,0.3866,0.375,0.7616
28462.0,0.5281,0.3071,0.8351999999999999
28463.0,0.385,0.3654,0.7504
28464.0,0.3716,0.3867,0.7583
28465.0,0.5901,0.39,0.9801
28466.0,0.4437,0.3859,0.8296
28467.0,0.4788,0.3884,0.8672
28468.0,0.3997,0.3666,0.7663
28469.0,0.343,0.3848,0.7278
28470.0,0.3856,0.3691,0.7546999999999999
28471.0,0.3506,0.362,0.7126
28472.0,0.3889,0.369,0.7579
28473.0,0.4401,0.3796,0.8197
28474.0,0.5196,0.3845,0.9040999999999999
28475.0,0.4606,0.3896,0.8502000000000001
28476.0,0.3009,0.8611,1.162
28477.0,0.5378,0.3784,0.9161999999999999
28478.0,0.6128,0.3925,1.0053
28479.0,0.4471,0.3843,0.8313999999999999
28480.0,0.3458,0.3798,0.7256
28481.0,0.5429,0.3874,0.9303000000000001
28482.0,0.4596,0.3839,0.8435
28483.0,0.3925,0.383,0.7755000000000001
28484.0,0.4476,0.3998,0.8473999999999999
28485.0,0.5851,0.3723,0.9574
28486.0,0.4364,0.3433,0.7797000000000001
28487.0,0.397,0.3692,0.7662
28488.0,0.4467,0.3792,0.8259
28489.0,0.4566,0.3884,0.845
28490.0,0.006,0.1632,0.16920000000000002
28491.0,0.4317,0.3893,0.821
28492.0,0.4004,0.3731,0.7735
28493.0,0.4495,0.3742,0.8237
28494.0,0.4482,0.3737,0.8219
28495.0,0.4924,0.388,0.8804000000000001
28496.0,0.4249,0.3795,0.8044
28497.0,1.2031,0.3905,1.5936000000000001
28498.0,0.3972,0.361,0.7582
28499.0,0.343,0.3587,0.7017
28500.0,0.5406,0.3575,0.8980999999999999
28501.0,0.4205,0.3789,0.7994
28502.0,0.3656,0.3855,0.7511
28503.0,0.4154,0.3887,0.8041
28504.0,0.2155,0.2747,0.49019999999999997
28505.0,0.34,0.385,0.7250000000000001
28506.0,0.2725,0.3538,0.6263000000000001
28507.0,0.3571,0.3825,0.7396
28508.0,0.3497,0.3702,0.7199
28509.0,0.4467,0.3804,0.8271
28510.0,0.4099,0.3612,0.7711
28511.0,0.4829,0.3815,0.8644000000000001
28512.0,0.5697,0.3693,0.9390000000000001
28513.0,0.3665,0.3776,0.7441
28514.0,0.3747,0.3648,0.7395
28515.0,0.448,0.3596,0.8076
28516.0,0.3803,0.3688,0.7491000000000001
28517.0,0.3366,0.3656,0.7021999999999999
28518.0,0.0001,0.8556,0.8557
28519.0,0.436,0.3977,0.8337
28520.0,0.3932,0.36,0.7532
28521.0,0.3369,0.3607,0.6976
28522.0,0.433,0.3543,0.7873
28523.0,0.4215,0.374,0.7955
28524.0,0.4804,0.3634,0.8438
28525.0,0.5153,0.3982,0.9135
28526.0,0.5802,0.4025,0.9827000000000001
28527.0,0.4777,0.3692,0.8469
28528.0,0.4603,0.3757,0.836
28529.0,0.4929,0.3665,0.8593999999999999
28530.0,0.4866,0.3897,0.8763
28531.0,0.4794,0.3685,0.8479
28532.0,0.0038,0.8777,0.8815000000000001
28533.0,0.3305,0.375,0.7055
28534.0,0.3423,0.3634,0.7057
28535.0,0.5898,0.379,0.9688
28536.0,0.4936,0.3646,0.8582
28537.0,0.444,0.3614,0.8054
28538.0,0.4209,0.3639,0.7847999999999999
28539.0,0.3625,0.372,0.7344999999999999
28540.0,0.3516,0.3749,0.7265
28541.0,0.4037,0.3575,0.7612
28542.0,0.4094,0.3724,0.7818
28543.0,0.4663,0.3685,0.8348
28544.0,0.3582,0.3809,0.7391000000000001
28545.0,0.4675,0.386,0.8535
28546.0,0.0967,0.495,0.5917
28547.0,0.4262,0.3811,0.8073
28548.0,1.1526,0.3659,1.5185
28549.0,0.3921,0.3888,0.7808999999999999
28550.0,0.4591,0.3815,0.8406
28551.0,0.5523,0.3796,0.9319
28552.0,0.4077,0.3594,0.7671
28553.0,0.5554,0.3762,0.9316
28554.0,0.3565,0.4028,0.7593
28555.0,0.3901,0.3765,0.7666
28556.0,0.4974,0.3673,0.8647
28557.0,0.4908,0.3679,0.8587
28558.0,0.4742,0.3765,0.8507
28559.0,0.3197,0.3776,0.6973
28560.0,0.0236,0.0469,0.0705
28561.0,0.4626,0.3711,0.8337
28562.0,0.316,0.3636,0.6796
28563.0,0.4218,0.3735,0.7953
28564.0,0.3784,0.3797,0.7581
28565.0,0.3653,0.3707,0.736
28566.0,0.5273,0.419,0.9462999999999999
28567.0,0.424,0.3635,0.7875
28568.0,0.4036,0.3702,0.7738
28569.0,0.3742,0.3841,0.7583
28570.0,0.4473,0.3879,0.8351999999999999
28571.0,0.4046,0.3802,0.7847999999999999
28572.0,0.3995,0.3793,0.7788
28573.0,0.3668,0.361,0.7278
28574.0,0.0007,1.1703,1.1709999999999998
28575.0,0.4725,0.3695,0.842
28576.0,0.3755,0.3585,0.734
28577.0,0.558,0.3907,0.9487000000000001
28578.0,0.3722,0.3772,0.7494
28579.0,0.455,0.3626,0.8176
28580.0,0.4147,0.3679,0.7826
28581.0,0.4886,0.387,0.8755999999999999
28582.0,0.4621,0.373,0.8351
28583.0,0.341,0.369,0.71
28584.0,0.3756,0.3784,0.754
28585.0,0.5142,0.3744,0.8886000000000001
28586.0,0.3736,0.3734,0.747
28587.0,0.308,0.3704,0.6784
28588.0,0.1114,0.162,0.2734
28589.0,0.3723,0.378,0.7503
28590.0,0.3575,0.3669,0.7243999999999999
28591.0,0.5133,0.3839,0.8972
28592.0,0.5551,0.3832,0.9383
28593.0,0.5182,0.3841,0.9023
28594.0,0.4311,0.3711,0.8022
28595.0,0.3738,0.3723,0.7461
28596.0,0.3916,0.3761,0.7677
28597.0,0.4035,0.3805,0.784
28598.0,0.4649,0.3808,0.8457
28599.0,0.4625,0.3607,0.8232
28600.0,0.4512,0.3834,0.8346
28601.0,0.5159,0.3899,0.9058
28602.0,1.4063,0.478,1.8843
28603.0,0.4075,0.3665,0.774
28604.0,0.3805,0.3829,0.7634000000000001
28605.0,0.3293,0.3678,0.6971
28606.0,0.4167,0.3807,0.7974
28607.0,0.3357,0.3863,0.722
28608.0,0.531,0.4035,0.9345000000000001
28609.0,0.4138,0.3603,0.7741
28610.0,0.4906,0.3851,0.8756999999999999
28611.0,0.3968,0.3723,0.7691
28612.0,0.3317,0.3798,0.7115
28613.0,0.4646,0.3888,0.8533999999999999
28614.0,0.3999,0.3879,0.7878000000000001
28615.0,0.4501,0.3672,0.8173
28616.0,1.0989,0.7363,1.8352
28617.0,0.6082,0.3675,0.9757
28618.0,0.4124,0.382,0.7944
28619.0,0.4075,0.3739,0.7814
28620.0,0.4385,0.3754,0.8139000000000001
28621.0,0.4629,0.3728,0.8357
28622.0,0.3635,0.3848,0.7483
28623.0,0.4166,0.3952,0.8118000000000001
28624.0,0.552,0.3743,0.9263000000000001
28625.0,0.3274,0.3726,0.7
28626.0,0.434,0.3648,0.7988
28627.0,0.3893,0.3858,0.7750999999999999
28628.0,0.4711,0.3676,0.8387
28629.0,0.4818,0.3672,0.849
28630.0,0.0203,0.8403,0.8606
28631.0,0.508,0.3744,0.8824000000000001
28632.0,0.6448,0.369,1.0138
28633.0,0.5201,0.3821,0.9022
28634.0,0.3662,0.3649,0.7311000000000001
28635.0,0.5567,0.3844,0.9411
28636.0,0.4282,0.3646,0.7928
28637.0,0.4023,0.3703,0.7726
28638.0,0.4604,0.3708,0.8311999999999999
28639.0,0.3323,0.3777,0.71
28640.0,0.4127,0.3643,0.777
28641.0,0.3201,0.361,0.6811
28642.0,0.3734,0.3628,0.7362
28643.0,0.3664,0.3753,0.7417
28644.0,1.0589,0.6046,1.6635
28645.0,0.5537,0.3733,0.927
28646.0,0.3913,0.3883,0.7796
28647.0,0.4371,0.396,0.8331
28648.0,0.5762,0.3795,0.9557
28649.0,0.3988,0.3782,0.7769999999999999
28650.0,0.3385,0.3696,0.7081
28651.0,0.376,0.3517,0.7277
28652.0,0.4746,0.3724,0.847
28653.0,0.4314,0.3766,0.808
28654.0,0.4485,0.372,0.8205
28655.0,0.4944,0.3841,0.8785000000000001
28656.0,0.4547,0.3634,0.8181
28657.0,0.4583,0.3937,0.852
28658.0,0.1502,0.2051,0.3553
28659.0,0.5596,0.3684,0.9279999999999999
28660.0,0.4633,0.373,0.8363
28661.0,0.3801,0.3953,0.7754
28662.0,0.5363,0.3741,0.9104
28663.0,0.4016,0.3607,0.7623
28664.0,0.4329,0.3781,0.8109999999999999
28665.0,0.3889,0.3784,0.7673000000000001
28666.0,0.4097,0.3596,0.7693
28667.0,0.3868,0.3924,0.7792
28668.0,0.4588,0.3734,0.8322
28669.0,0.3658,0.374,0.7398
28670.0,0.3722,0.3901,0.7623
28671.0,0.3782,0.3762,0.7544
28672.0,0.2212,0.2221,0.4433
28673.0,0.3993,0.3685,0.7678
28674.0,0.4303,0.3819,0.8122
28675.0,0.4829,0.3629,0.8458
28676.0,0.4595,0.3871,0.8466
28677.0,0.3913,0.378,0.7693
28678.0,0.4193,0.3635,0.7827999999999999
28679.0,0.3118,0.3679,0.6797
28680.0,0.3523,0.3808,0.7331000000000001
28681.0,0.4876,0.3733,0.8609
28682.0,0.4181,0.3968,0.8149
28683.0,0.5336,0.3713,0.9049
28684.0,0.3713,0.3628,0.7341
28685.0,0.3762,0.3661,0.7423
28686.0,0.0537,0.9248,0.9784999999999999
28687.0,0.347,0.3568,0.7038
28688.0,0.3308,0.3652,0.696
28689.0,0.5117,0.3753,0.887
28690.0,0.402,0.3662,0.7682
28691.0,0.3476,0.3894,0.7370000000000001
28692.0,0.3857,0.3766,0.7623
28693.0,0.4558,0.3534,0.8091999999999999
28694.0,0.4148,0.3706,0.7854
28695.0,0.4986,0.3762,0.8748
28696.0,0.4112,0.379,0.7902
28697.0,0.4943,0.3941,0.8884000000000001
28698.0,0.4376,0.3684,0.806
28699.0,0.5206,0.3709,0.8915
28700.0,0.0166,0.8849,0.9015
28701.0,0.4664,0.3802,0.8466
28702.0,0.5588,0.3798,0.9386
28703.0,0.4452,0.37,0.8151999999999999
28704.0,0.4534,0.3582,0.8116000000000001
28705.0,0.3918,0.3783,0.7701
28706.0,0.4277,0.378,0.8057000000000001
28707.0,0.4131,0.3744,0.7875000000000001
28708.0,0.4267,0.3572,0.7839
28709.0,0.4338,0.3745,0.8083
28710.0,0.4539,0.3779,0.8318000000000001
28711.0,0.3929,0.3804,0.7733000000000001
28712.0,0.3857,0.3686,0.7543
28713.0,0.34,0.3815,0.7215
28714.0,0.0001,0.0074,0.007500000000000001
28715.0,0.4284,0.3718,0.8002
28716.0,0.4497,0.3774,0.8271
28717.0,0.9201,0.3944,1.3145
28718.0,0.2919,0.3659,0.6577999999999999
28719.0,0.4326,0.3901,0.8227
28720.0,0.4625,0.3576,0.8201
28721.0,0.4146,0.3711,0.7857000000000001
28722.0,0.4031,0.375,0.7781
28723.0,0.372,0.3898,0.7618
28724.0,0.3397,0.3441,0.6838
28725.0,0.4913,0.3698,0.8611
28726.0,0.3834,0.3664,0.7498
28727.0,0.3483,0.3761,0.7243999999999999
28728.0,0.0028,0.0226,0.0254
28729.0,0.3779,0.3719,0.7498
28730.0,0.3552,0.3587,0.7139
28731.0,0.3979,0.3582,0.7561
28732.0,0.3816,0.388,0.7696000000000001
28733.0,0.4097,0.3687,0.7784
28734.0,0.5427,0.385,0.9277
28735.0,0.3551,0.3812,0.7363
28736.0,0.3549,0.3855,0.7404
28737.0,0.4947,0.3896,0.8843
28738.0,0.3403,0.363,0.7033
28739.0,0.3473,0.361,0.7082999999999999
28740.0,0.5027,0.3845,0.8872
28741.0,0.5604,0.3954,0.9558
28742.0,0.0168,0.1461,0.16290000000000002
28743.0,0.3699,0.3756,0.7455
28744.0,0.479,0.3763,0.8553
28745.0,0.481,0.3847,0.8656999999999999
28746.0,0.3717,0.3853,0.7569999999999999
28747.0,0.3441,0.3425,0.6866000000000001
28748.0,0.3201,0.3749,0.6950000000000001
28749.0,0.475,0.379,0.854
28750.0,0.5009,0.3906,0.8915
28751.0,0.3679,0.3607,0.7286
28752.0,0.3888,0.3649,0.7537
28753.0,0.3559,0.3742,0.7301
28754.0,0.4345,0.4016,0.8361000000000001
28755.0,0.3623,0.3783,0.7406
28756.0,0.0392,0.3935,0.43270000000000003
28757.0,0.3927,0.3734,0.7661
28758.0,0.3702,0.3831,0.7533
28759.0,0.4034,0.357,0.7604
28760.0,0.3291,0.3821,0.7112
28761.0,0.4316,0.3694,0.8009999999999999
28762.0,0.3639,0.3529,0.7168
28763.0,0.3372,0.3801,0.7173
28764.0,0.3971,0.3667,0.7638
28765.0,0.4146,0.3572,0.7718
28766.0,0.3928,0.3965,0.7893
28767.0,0.3842,0.3618,0.746
28768.0,0.4219,0.3734,0.7953
28769.0,0.4708,0.3973,0.8681
28770.0,0.3384,0.3557,0.6940999999999999
28771.0,0.376,0.3665,0.7424999999999999
28772.0,0.3653,0.3741,0.7394000000000001
28773.0,0.5067,0.3849,0.8916000000000001
28774.0,0.4054,0.3564,0.7618
28775.0,0.4615,0.3823,0.8438
28776.0,0.4646,0.3439,0.8085
28777.0,0.5106,0.3717,0.8823000000000001
28778.0,0.426,0.3752,0.8011999999999999
28779.0,0.459,0.3745,0.8335
28780.0,0.4915,0.3748,0.8663000000000001
28781.0,0.5467,0.3899,0.9366
28782.0,0.3909,0.3775,0.7684
28783.0,0.4607,0.3763,0.837
28784.0,1.0401,0.1856,1.2257
28785.0,0.393,0.3934,0.7864
28786.0,0.5166,0.3736,0.8901999999999999
28787.0,0.3531,0.3796,0.7327
28788.0,0.3419,0.3535,0.6954
28789.0,0.6698,0.3623,1.0321
28790.0,0.3315,0.343,0.6745000000000001
28791.0,0.4431,0.392,0.8351
28792.0,0.4468,0.3605,0.8072999999999999
28793.0,0.3287,0.3842,0.7129
28794.0,1.0753,0.396,1.4712999999999998
28795.0,0.4353,0.3797,0.815
28796.0,0.3622,0.3744,0.7366
28797.0,0.3494,0.39,0.7394000000000001
28798.0,0.1355,0.7034,0.8389
28799.0,0.4412,0.3774,0.8186
28800.0,0.4664,0.3818,0.8482
28801.0,0.6257,0.3718,0.9975
28802.0,0.4791,0.3778,0.8569
28803.0,0.409,0.3647,0.7737
28804.0,0.3664,0.3515,0.7179
28805.0,0.5073,0.3818,0.8891
28806.0,0.4042,0.378,0.7822
28807.0,0.4278,0.3767,0.8045
28808.0,0.42,0.3817,0.8017
28809.0,0.3746,0.3796,0.7542
28810.0,0.401,0.3654,0.7664
28811.0,0.334,0.3859,0.7199
28812.0,0.0026,0.0078,0.0104
28813.0,0.4915,0.3772,0.8687
28814.0,0.3851,0.3797,0.7647999999999999
28815.0,0.5482,0.3817,0.9299
28816.0,0.407,0.3717,0.7787
28817.0,0.4134,0.3844,0.7978000000000001
28818.0,0.3624,0.3683,0.7307
28819.0,0.3251,0.3609,0.6859999999999999
28820.0,0.3971,0.3726,0.7697
28821.0,0.396,0.3635,0.7595000000000001
28822.0,0.4373,0.3758,0.8131
28823.0,0.5501,0.3728,0.9229
28824.0,0.5843,0.3763,0.9606000000000001
28825.0,0.3676,0.3756,0.7432
28826.0,0.3516,0.2223,0.5739000000000001
28827.0,0.5115,0.382,0.8935
28828.0,0.405,0.3835,0.7885
28829.0,0.4117,0.3621,0.7738
28830.0,0.4952,0.3845,0.8796999999999999
28831.0,0.3663,0.3672,0.7335
28832.0,0.3818,0.3676,0.7494
28833.0,0.4474,0.3865,0.8339000000000001
28834.0,0.5123,0.3848,0.8971
28835.0,0.419,0.3825,0.8015
28836.0,0.3892,0.3752,0.7644
28837.0,0.4432,0.3694,0.8126
28838.0,0.3539,0.356,0.7099
28839.0,0.3565,0.3702,0.7266999999999999
28840.0,0.1178,0.065,0.18280000000000002
28841.0,0.6044,0.3862,0.9906
28842.0,0.4364,0.3674,0.8038000000000001
28843.0,0.3991,0.3543,0.7534000000000001
28844.0,0.5857,0.3875,0.9732000000000001
28845.0,0.3793,0.3551,0.7344
28846.0,0.4517,0.3851,0.8368
28847.0,0.406,0.3791,0.7851
28848.0,0.4407,0.3889,0.8296
28849.0,0.4468,0.3605,0.8072999999999999
28850.0,0.527,0.3707,0.8976999999999999
28851.0,0.32,0.3825,0.7025
28852.0,0.3784,0.3615,0.7399
28853.0,0.3741,0.3702,0.7443
28854.0,0.0695,0.5812,0.6507000000000001
28855.0,0.3592,0.3684,0.7276
28856.0,0.4944,0.3909,0.8853
28857.0,0.4582,0.3545,0.8127
28858.0,0.4038,0.3608,0.7646
28859.0,0.4192,0.3822,0.8014
28860.0,0.4457,0.3682,0.8139000000000001
28861.0,0.4203,0.3903,0.8106
28862.0,0.4053,0.3607,0.766
28863.0,0.4331,0.4036,0.8367
28864.0,0.461,0.3722,0.8331999999999999
28865.0,0.3935,0.3826,0.7761
28866.0,0.4355,0.3875,0.823
28867.0,0.3974,0.375,0.7724
28868.0,9.4334,0.2723,9.7057
28869.0,0.3931,0.3743,0.7674000000000001
28870.0,0.3583,0.3872,0.7455
28871.0,0.4002,0.3783,0.7785
28872.0,0.3076,0.3771,0.6847
28873.0,0.4343,0.3668,0.8011
28874.0,0.3824,0.3637,0.7461
28875.0,0.6159,0.372,0.9879
28876.0,0.4871,0.3898,0.8769
28877.0,0.3327,0.3751,0.7078
28878.0,0.3989,0.3711,0.77
28879.0,0.5129,0.3727,0.8855999999999999
28880.0,0.384,0.3623,0.7463
28881.0,0.6033,0.3874,0.9906999999999999
28882.0,0.051,0.0268,0.0778
28883.0,0.4487,0.3819,0.8306
28884.0,0.4032,0.3854,0.7886
28885.0,0.4299,0.3725,0.8024
28886.0,0.4603,0.38,0.8403
28887.0,0.4535,0.3716,0.8251
28888.0,0.4406,0.3586,0.7991999999999999
28889.0,0.398,0.369,0.767
28890.0,0.6375,0.3899,1.0274
28891.0,0.8037,0.3583,1.162
28892.0,0.4652,0.3711,0.8363
28893.0,0.3934,0.3855,0.7789
28894.0,0.5873,0.3609,0.9482
28895.0,0.328,0.3678,0.6958
28896.0,0.0997,0.408,0.5076999999999999
28897.0,0.5546,0.3769,0.9315
28898.0,0.4809,0.3708,0.8517
28899.0,0.5261,0.3633,0.8894
28900.0,0.3617,0.3525,0.7142
28901.0,0.5039,0.3921,0.896
28902.0,0.392,0.3833,0.7753
28903.0,0.5963,0.3787,0.9750000000000001
28904.0,0.442,0.374,0.8160000000000001
28905.0,0.5028,0.3623,0.8651
28906.0,0.5024,0.3791,0.8815
28907.0,0.4585,0.3717,0.8302
28908.0,0.4092,0.3685,0.7777000000000001
28909.0,0.309,0.3487,0.6577
28910.0,0.0,0.0169,0.0169
28911.0,0.4482,0.3819,0.8301000000000001
28912.0,0.5491,0.3652,0.9143000000000001
28913.0,0.3631,0.3716,0.7346999999999999
28914.0,0.5789,0.3729,0.9518
28915.0,0.3593,0.3844,0.7437
28916.0,0.3618,0.3542,0.716
28917.0,0.4586,0.3545,0.8130999999999999
28918.0,0.3772,0.3713,0.7484999999999999
28919.0,0.4356,0.3679,0.8035
28920.0,0.3916,0.3678,0.7594000000000001
28921.0,0.45,0.372,0.8220000000000001
28922.0,0.4045,0.3887,0.7932
28923.0,0.4197,0.3627,0.7824
28924.0,0.0233,0.3732,0.39649999999999996
28925.0,0.5008,0.3758,0.8766
28926.0,0.3268,0.382,0.7088
28927.0,0.4288,0.3888,0.8176
28928.0,0.3988,0.3614,0.7602
28929.0,0.332,0.3524,0.6844
28930.0,0.4516,0.3813,0.8329
28931.0,0.4531,0.3594,0.8125
28932.0,0.4143,0.3684,0.7827
28933.0,0.3498,0.3467,0.6965
28934.0,0.4303,0.3705,0.8008
28935.0,0.4715,0.382,0.8534999999999999
28936.0,0.3686,0.3669,0.7355
28937.0,0.3073,0.3611,0.6684
28938.0,0.0798,0.1456,0.2254
28939.0,0.3412,0.3709,0.7121
28940.0,0.426,0.3759,0.8019000000000001
28941.0,0.4025,0.364,0.7665
28942.0,0.4462,0.3703,0.8165
28943.0,0.4615,0.3837,0.8452
28944.0,0.5346,0.3986,0.9332
28945.0,0.5393,0.3888,0.9280999999999999
28946.0,0.423,0.3806,0.8036
28947.0,0.3866,0.3743,0.7609
28948.0,0.3744,0.3921,0.7665
28949.0,0.3056,0.3754,0.681
28950.0,0.4896,0.3637,0.8533
28951.0,0.4477,0.3572,0.8049
28952.0,0.0247,0.0477,0.07239999999999999
28953.0,0.4463,0.363,0.8092999999999999
28954.0,0.3903,0.3577,0.748
28955.0,0.7356,0.3819,1.1175000000000002
28956.0,0.49,0.3937,0.8836999999999999
28957.0,0.4628,0.376,0.8388
28958.0,0.3313,0.3823,0.7136
28959.0,0.3285,0.3831,0.7116
28960.0,0.5378,0.3653,0.9031
28961.0,0.4118,0.3571,0.7688999999999999
28962.0,0.3667,0.3586,0.7253000000000001
28963.0,0.4431,0.3905,0.8336
28964.0,0.5012,0.3724,0.8735999999999999
28965.0,0.4114,0.3704,0.7818
28966.0,0.0001,0.0025,0.0026
28967.0,0.3596,0.3801,0.7397
28968.0,0.3607,0.3517,0.7124
28969.0,0.443,0.3844,0.8274
28970.0,0.3941,0.3736,0.7677
28971.0,0.4094,0.3739,0.7833
28972.0,0.4643,0.3769,0.8412
28973.0,0.5323,0.3781,0.9104
28974.0,0.8146,0.3931,1.2077
28975.0,0.4022,0.3875,0.7897000000000001
28976.0,0.4115,0.3708,0.7823
28977.0,0.6245,0.3614,0.9859
28978.0,0.4758,0.3738,0.8496
28979.0,0.4371,0.3679,0.8049999999999999
28980.0,0.0,0.0045,0.0045
28981.0,0.3549,0.3822,0.7371
28982.0,0.4188,0.3615,0.7803
28983.0,0.4299,0.3671,0.7969999999999999
28984.0,0.4296,0.3783,0.8079000000000001
28985.0,0.3969,0.3736,0.7705
28986.0,0.4156,0.3741,0.7897000000000001
28987.0,0.4446,0.383,0.8276
28988.0,0.4067,0.3884,0.7951
28989.0,0.3479,0.3568,0.7047
28990.0,0.3268,0.3852,0.712
28991.0,0.5048,0.376,0.8808
28992.0,0.3961,0.3843,0.7804
28993.0,0.3764,0.3689,0.7453000000000001
28994.0,0.0347,0.0649,0.0996
28995.0,0.5083,0.3789,0.8872
28996.0,0.4534,0.3667,0.8201
28997.0,0.3951,0.3691,0.7642
28998.0,0.3616,0.3534,0.715
28999.0,0.5838,0.3894,0.9732000000000001
29000.0,0.4968,0.3739,0.8707
29001.0,0.4754,0.3711,0.8465
29002.0,0.3878,0.3793,0.7671
29003.0,0.6321,0.3687,1.0008
29004.0,0.4725,0.357,0.8294999999999999
29005.0,0.4239,0.3663,0.7902
29006.0,0.4116,0.3756,0.7872
29007.0,0.4285,0.3552,0.7837000000000001
29008.0,0.0331,0.0302,0.0633
29009.0,0.367,0.3514,0.7183999999999999
29010.0,0.4666,0.372,0.8386
29011.0,0.4171,0.3573,0.7744
29012.0,0.396,0.3834,0.7794000000000001
29013.0,0.4681,0.3773,0.8454
29014.0,0.403,0.3757,0.7787
29015.0,0.4475,0.3825,0.8300000000000001
29016.0,0.5068,0.3655,0.8723000000000001
29017.0,0.5089,0.3679,0.8768
29018.0,0.3504,0.3493,0.6997
29019.0,0.3783,0.3763,0.7546
29020.0,0.5004,0.3807,0.8811
29021.0,0.5309,0.3662,0.8971
29022.0,0.3798,0.3416,0.7214
29023.0,0.4463,0.365,0.8112999999999999
29024.0,0.5648,0.3859,0.9507
29025.0,0.4228,0.3837,0.8065
29026.0,0.4246,0.3775,0.8021
29027.0,0.3369,0.3509,0.6878
29028.0,0.5781,0.3941,0.9722
29029.0,0.365,0.375,0.74
29030.0,0.4517,0.3644,0.8161
29031.0,0.3516,0.3699,0.7215
29032.0,0.3357,0.3664,0.7021
29033.0,0.4464,0.384,0.8304
29034.0,0.3992,0.3606,0.7598
29035.0,0.3112,0.3891,0.7002999999999999
29036.0,2.1385,0.2384,2.3769
29037.0,0.4148,0.3649,0.7797000000000001
29038.0,0.3805,0.3469,0.7274
29039.0,0.4769,0.3727,0.8495999999999999
29040.0,0.3509,0.3739,0.7248
29041.0,0.5036,0.39,0.8936000000000001
29042.0,0.329,0.3759,0.7049000000000001
29043.0,0.4229,0.403,0.8259000000000001
29044.0,0.5191,0.3716,0.8907
29045.0,0.3497,0.3576,0.7073
29046.0,0.4273,0.3816,0.8089
29047.0,0.4885,0.3662,0.8547
29048.0,0.4674,0.3777,0.8451
29049.0,0.4879,0.3761,0.864
29050.0,0.0696,0.6261,0.6957
29051.0,0.4994,0.3548,0.8542000000000001
29052.0,0.3261,0.3806,0.7067
29053.0,0.4197,0.3535,0.7732
29054.0,0.3746,0.389,0.7636000000000001
29055.0,0.4904,0.3744,0.8648
29056.0,0.3662,0.3839,0.7501
29057.0,0.4944,0.3933,0.8876999999999999
29058.0,0.5473,0.3524,0.8996999999999999
29059.0,0.3633,0.3864,0.7497
29060.0,0.4098,0.3712,0.7809999999999999
29061.0,0.3354,0.3858,0.7212
29062.0,0.4151,0.3571,0.7722
29063.0,0.3243,0.3826,0.7069
29064.0,0.2433,0.1502,0.39349999999999996
29065.0,0.4348,0.3758,0.8106
29066.0,0.548,0.3683,0.9163000000000001
29067.0,0.3963,0.3873,0.7836
29068.0,0.4687,0.3885,0.8572
29069.0,0.4017,0.3672,0.7689
29070.0,0.374,0.3763,0.7503
29071.0,0.5474,0.3665,0.9138999999999999
29072.0,0.4878,0.3751,0.8629
29073.0,0.5614,0.3914,0.9528000000000001
29074.0,0.3814,0.3634,0.7448
29075.0,0.5248,0.3586,0.8834
29076.0,0.4479,0.3706,0.8185
29077.0,0.435,0.372,0.8069999999999999
29078.0,0.1046,0.1691,0.2737
29079.0,0.4596,0.3565,0.8161
29080.0,0.4197,0.3799,0.7996000000000001
29081.0,0.6737,0.3868,1.0605
29082.0,0.5294,0.3601,0.8895
29083.0,0.3118,0.3819,0.6937
29084.0,0.4401,0.351,0.7910999999999999
29085.0,0.4422,0.3673,0.8095
29086.0,0.4131,0.3667,0.7798
29087.0,0.3561,0.3685,0.7246
29088.0,0.4306,0.3931,0.8237
29089.0,0.4549,0.3705,0.8254
29090.0,0.3639,0.3994,0.7633
29091.0,0.5716,0.3919,0.9635
29092.0,0.0035,0.0059,0.0094
29093.0,0.3759,0.3392,0.7151000000000001
29094.0,0.4365,0.3703,0.8068
29095.0,0.4048,0.3606,0.7654
29096.0,0.5267,0.3663,0.893
29097.0,0.3754,0.3792,0.7545999999999999
29098.0,0.3865,0.3794,0.7659
29099.0,0.4147,0.3713,0.786
29100.0,0.3649,0.3557,0.7206
29101.0,0.3721,0.3644,0.7364999999999999
29102.0,0.4239,0.3796,0.8035
29103.0,0.3923,0.3585,0.7507999999999999
29104.0,0.5475,0.3696,0.9171
29105.0,0.351,0.3682,0.7192000000000001
29106.0,0.0428,0.032,0.0748
29107.0,0.3773,0.3711,0.7484
29108.0,0.4392,0.3794,0.8186
29109.0,0.4876,0.3578,0.8453999999999999
29110.0,0.4833,0.3706,0.8539
29111.0,0.5062,0.3793,0.8855
29112.0,0.3523,0.3879,0.7402
29113.0,0.3599,0.3679,0.7278
29114.0,0.5283,0.3838,0.9120999999999999
29115.0,0.4117,0.3795,0.7912
29116.0,0.4617,0.3483,0.81
29117.0,0.4862,0.3788,0.865
29118.0,0.454,0.3788,0.8328
29119.0,0.4251,0.3976,0.8227
29120.0,0.0016,1.3432,1.3448
29121.0,0.5148,0.369,0.8838
29122.0,0.3341,0.3526,0.6867000000000001
29123.0,0.4936,0.3788,0.8724000000000001
29124.0,0.4395,0.3614,0.8009
29125.0,0.3662,0.375,0.7412000000000001
29126.0,0.4411,0.3756,0.8167
29127.0,0.3267,0.3868,0.7135
29128.0,0.4127,0.3614,0.7741
29129.0,0.4769,0.3559,0.8328
29130.0,0.4849,0.3848,0.8696999999999999
29131.0,0.3762,0.3909,0.7671
29132.0,0.3911,0.3715,0.7626
29133.0,0.4222,0.3657,0.7879
29134.0,0.5391,0.8196,1.3587
29135.0,0.3898,0.3856,0.7754
29136.0,0.4014,0.3667,0.7681
29137.0,0.4055,0.3799,0.7854000000000001
29138.0,0.3631,0.3675,0.7305999999999999
29139.0,0.3941,0.3823,0.7764
29140.0,0.3458,0.3694,0.7152000000000001
29141.0,0.5729,0.3718,0.9447
29142.0,0.4442,0.3856,0.8298
29143.0,0.4616,0.3621,0.8237
29144.0,0.3397,0.3656,0.7053
29145.0,0.3567,0.3613,0.718
29146.0,0.4016,0.3774,0.779
29147.0,0.432,0.3766,0.8086
29148.0,0.2552,0.2151,0.4703
29149.0,0.3188,0.3679,0.6867
29150.0,0.3969,0.3594,0.7563
29151.0,0.4218,0.3667,0.7885
29152.0,0.3457,0.382,0.7277
29153.0,0.5206,0.3797,0.9002999999999999
29154.0,0.4025,0.371,0.7735000000000001
29155.0,0.4266,0.3704,0.7969999999999999
29156.0,0.4134,0.3705,0.7839
29157.0,0.4546,0.3562,0.8108
29158.0,0.3667,0.3833,0.75
29159.0,0.5022,0.3813,0.8835
29160.0,0.3352,0.3813,0.7164999999999999
29161.0,0.4248,0.3755,0.8003
29162.0,0.314,0.4417,0.7557
29163.0,0.4915,0.357,0.8485
29164.0,0.5196,0.3618,0.8814
29165.0,0.4301,0.3746,0.8047
29166.0,0.4603,0.357,0.8172999999999999
29167.0,0.3058,0.3684,0.6742
29168.0,0.6453,0.3933,1.0386
29169.0,0.6223,0.3466,0.9689
29170.0,0.4185,0.3757,0.7942
29171.0,0.4564,0.3839,0.8403
29172.0,0.4727,0.3742,0.8469
29173.0,0.4002,0.3956,0.7958000000000001
29174.0,0.3711,0.3781,0.7492
29175.0,0.3965,0.3659,0.7624
29176.0,0.2073,0.1893,0.3966
29177.0,0.3834,0.3685,0.7519
29178.0,0.4427,0.3788,0.8215
29179.0,0.4541,0.3706,0.8247
29180.0,0.4351,0.387,0.8221
29181.0,0.5469,0.3652,0.9121000000000001
29182.0,0.3643,0.3787,0.743
29183.0,0.3955,0.378,0.7735000000000001
29184.0,0.3606,0.3663,0.7269
29185.0,0.5269,0.3732,0.9001
29186.0,0.4571,0.3727,0.8298
29187.0,0.3826,0.3675,0.7501
29188.0,0.4951,0.3873,0.8824
29189.0,0.4282,0.3786,0.8068
29190.0,0.0781,0.1532,0.2313
29191.0,0.379,0.362,0.741
29192.0,0.3273,0.3632,0.6905
29193.0,0.4025,0.383,0.7855000000000001
29194.0,0.4613,0.3565,0.8178
29195.0,0.3815,0.3904,0.7719
29196.0,0.4766,0.3647,0.8413
29197.0,0.3838,0.3805,0.7643
29198.0,0.4917,0.3717,0.8634
29199.0,0.3671,0.3576,0.7246999999999999
29200.0,0.541,0.3602,0.9012
29201.0,0.3478,0.3747,0.7224999999999999
29202.0,0.3791,0.3662,0.7453000000000001
29203.0,0.4205,0.3981,0.8186
29204.0,0.0337,0.3851,0.4188
29205.0,0.4197,0.3764,0.7961
29206.0,0.3969,0.3653,0.7622
29207.0,0.3417,0.3669,0.7086
29208.0,0.3452,0.3804,0.7256
29209.0,0.4193,0.3555,0.7747999999999999
29210.0,0.5167,0.3642,0.8809
29211.0,0.3869,0.3854,0.7723
29212.0,0.3685,0.3737,0.7422
29213.0,0.4285,0.3688,0.7973
29214.0,0.4109,0.3639,0.7747999999999999
29215.0,0.3561,0.3845,0.7406
29216.0,0.4591,0.3698,0.8289
29217.0,0.4311,0.3733,0.8044
29218.0,0.1589,0.5446,0.7035
29219.0,0.4429,0.3577,0.8006
29220.0,0.3641,0.3595,0.7236
29221.0,0.3774,0.3643,0.7417
29222.0,0.3622,0.3722,0.7343999999999999
29223.0,0.4595,0.3821,0.8416
29224.0,0.4261,0.3985,0.8246
29225.0,0.3877,0.3736,0.7613
29226.0,0.3434,0.3399,0.6833
29227.0,0.3751,0.36,0.7351
29228.0,0.8021,0.3762,1.1783000000000001
29229.0,0.587,0.3638,0.9508
29230.0,0.4596,0.374,0.8336
29231.0,0.3966,0.3741,0.7706999999999999
29232.0,0.0004,0.0196,0.02
29233.0,0.3819,0.3821,0.764
29234.0,0.7552,0.3843,1.1395
29235.0,0.4353,0.3677,0.803
29236.0,0.5194,0.3633,0.8827
29237.0,0.3309,0.3463,0.6772
29238.0,0.428,0.3772,0.8051999999999999
29239.0,0.4043,0.3682,0.7725
29240.0,0.5031,0.364,0.8671
29241.0,0.3394,0.3556,0.6950000000000001
29242.0,0.3212,0.3755,0.6967
29243.0,0.4523,0.3712,0.8234999999999999
29244.0,0.4198,0.3918,0.8116
29245.0,0.3363,0.3749,0.7112
29246.0,0.0511,0.3828,0.43389999999999995
29247.0,0.3308,0.3757,0.7064999999999999
29248.0,0.3805,0.347,0.7275
29249.0,0.3628,0.3508,0.7136
29250.0,0.4287,0.3968,0.8255
29251.0,0.9145,0.373,1.2875
29252.0,0.3492,0.3605,0.7097
29253.0,0.4899,0.3658,0.8557
29254.0,0.4315,0.3676,0.7990999999999999
29255.0,0.3708,0.3676,0.7384
29256.0,0.5504,0.3809,0.9313
29257.0,0.2796,0.3682,0.6478
29258.0,0.38,0.3675,0.7475
29259.0,0.4049,0.3778,0.7827
29260.0,0.0292,0.0243,0.0535
29261.0,0.4878,0.3524,0.8402000000000001
29262.0,0.339,0.3835,0.7225
29263.0,0.4951,0.3779,0.873
29264.0,0.3767,0.3725,0.7492
29265.0,0.5228,0.3832,0.906
29266.0,0.4991,0.3679,0.867
29267.0,0.3466,0.375,0.7216
29268.0,0.3939,0.3721,0.766
29269.0,0.4037,0.3722,0.7759
29270.0,0.38,0.3872,0.7672
29271.0,0.4192,0.3704,0.7896000000000001
29272.0,0.351,0.357,0.708
29273.0,0.4203,0.3908,0.8110999999999999
29274.0,0.0656,0.047,0.1126
29275.0,0.4502,0.3792,0.8293999999999999
29276.0,0.5994,0.3723,0.9717
29277.0,0.4374,0.356,0.7934
29278.0,0.3917,0.3635,0.7552
29279.0,0.5742,0.396,0.9702000000000001
29280.0,0.2924,0.3385,0.6309
29281.0,0.3383,0.359,0.6973
29282.0,0.4706,0.387,0.8576
29283.0,0.3732,0.3768,0.75
29284.0,0.3965,0.3782,0.7746999999999999
29285.0,0.3947,0.3692,0.7639
29286.0,0.4069,0.3686,0.7755
29287.0,0.4598,0.363,0.8228
29288.0,0.0402,0.0844,0.1246
29289.0,0.612,0.3863,0.9983
29290.0,0.4386,0.3674,0.806
29291.0,0.3987,0.3748,0.7735000000000001
29292.0,0.4378,0.3661,0.8039000000000001
29293.0,0.4189,0.3834,0.8023
29294.0,0.4291,0.3788,0.8079000000000001
29295.0,0.4342,0.3669,0.8010999999999999
29296.0,0.3721,0.3519,0.724
29297.0,0.4989,0.3814,0.8803000000000001
29298.0,0.3161,0.3676,0.6837
29299.0,0.5196,0.3711,0.8906999999999999
29300.0,0.4985,0.3534,0.8519
29301.0,0.3918,0.3775,0.7693
29302.0,0.0549,0.1632,0.21810000000000002
29303.0,0.4569,0.3479,0.8048
29304.0,0.3622,0.3776,0.7398
29305.0,0.3755,0.3852,0.7606999999999999
29306.0,0.3037,0.3737,0.6774
29307.0,0.4584,0.3808,0.8392
29308.0,0.3343,0.3562,0.6905
29309.0,0.3458,0.3428,0.6886
29310.0,0.3419,0.3798,0.7217
29311.0,0.5379,0.3654,0.9033
29312.0,0.4145,0.3804,0.7948999999999999
29313.0,0.3303,0.3755,0.7058
29314.0,0.5099,0.3758,0.8857
29315.0,0.3521,0.3791,0.7312000000000001
29316.0,2.0265,0.1071,2.1336
29317.0,0.372,0.3571,0.7291
29318.0,0.3895,0.3765,0.766
29319.0,0.3818,0.3832,0.7649999999999999
29320.0,0.4564,0.3745,0.8309
29321.0,0.3644,0.3687,0.7331000000000001
29322.0,0.504,0.3646,0.8686
29323.0,0.4401,0.3762,0.8163
29324.0,0.3717,0.375,0.7466999999999999
29325.0,0.3626,0.3675,0.7301
29326.0,0.3473,0.3739,0.7212000000000001
29327.0,0.5376,0.373,0.9106
29328.0,0.5184,0.3692,0.8876
29329.0,0.4132,0.368,0.7812
29330.0,0.0067,0.8238,0.8305
29331.0,0.3978,0.377,0.7747999999999999
29332.0,0.5021,0.3746,0.8767
29333.0,0.445,0.3649,0.8099000000000001
29334.0,0.343,0.3878,0.7308
29335.0,0.373,0.3742,0.7472
29336.0,0.4402,0.3614,0.8016
29337.0,0.6657,0.3677,1.0333999999999999
29338.0,0.3847,0.3858,0.7705
29339.0,0.3936,0.3834,0.777
29340.0,0.5046,0.3829,0.8875000000000001
29341.0,0.4253,0.3771,0.8024
29342.0,0.4908,0.354,0.8448
29343.0,0.5544,0.3811,0.9355
29344.0,0.02,0.4604,0.4804
29345.0,0.483,0.3929,0.8759
29346.0,0.4576,0.3794,0.837
29347.0,0.3583,0.3862,0.7444999999999999
29348.0,0.4245,0.3733,0.7978000000000001
29349.0,0.3942,0.3706,0.7647999999999999
29350.0,0.4394,0.3712,0.8106
29351.0,0.349,0.3669,0.7159
29352.0,0.4476,0.3787,0.8263
29353.0,0.5605,0.3742,0.9347
29354.0,0.3152,0.3788,0.694
29355.0,0.4429,0.354,0.7968999999999999
29356.0,0.4078,0.3756,0.7834
29357.0,0.3468,0.3699,0.7167
29358.0,0.5035,0.1529,0.6564
29359.0,0.5033,0.3681,0.8714
29360.0,0.406,0.3626,0.7686
29361.0,0.3535,0.3795,0.733
29362.0,0.4652,0.3695,0.8347
29363.0,0.397,0.3919,0.7889
29364.0,0.5328,0.3817,0.9145000000000001
29365.0,0.5169,0.3824,0.8993
29366.0,0.3486,0.3844,0.7330000000000001
29367.0,0.4023,0.3652,0.7675000000000001
29368.0,0.3675,0.3811,0.7485999999999999
29369.0,0.4001,0.379,0.7791
29370.0,1.216,0.37,1.5859999999999999
29371.0,0.3861,0.3658,0.7519
29372.0,0.0124,0.5226,0.5349999999999999
29373.0,0.3984,0.3818,0.7802
29374.0,0.4643,0.3809,0.8452
29375.0,0.3697,0.3668,0.7364999999999999
29376.0,0.3944,0.3613,0.7557
29377.0,0.3531,0.3871,0.7402
29378.0,0.4546,0.3765,0.8311
29379.0,0.3813,0.3818,0.7630999999999999
29380.0,0.4619,0.3726,0.8345
29381.0,0.3975,0.3854,0.7829
29382.0,0.4464,0.3612,0.8076000000000001
29383.0,0.3854,0.3868,0.7722
29384.0,0.4526,0.3814,0.8340000000000001
29385.0,0.7493,0.3908,1.1401
29386.0,0.0028,0.5983,0.6011000000000001
29387.0,0.3659,0.3678,0.7337
29388.0,0.5317,0.3523,0.8839999999999999
29389.0,0.3855,0.3622,0.7477
29390.0,0.3537,0.3729,0.7266
29391.0,0.4931,0.3942,0.8873
29392.0,0.6174,0.3702,0.9875999999999999
29393.0,0.4005,0.3863,0.7867999999999999
29394.0,0.4109,0.3849,0.7958000000000001
29395.0,0.4329,0.3702,0.8030999999999999
29396.0,0.4853,0.3584,0.8437
29397.0,0.5648,0.379,0.9438
29398.0,0.3868,0.356,0.7427999999999999
29399.0,0.3474,0.3554,0.7028
29400.0,0.098,0.07,0.168
29401.0,0.5713,0.3828,0.9541
29402.0,0.3969,0.3769,0.7738
29403.0,0.438,0.3682,0.8062
29404.0,0.3522,0.3804,0.7326
29405.0,0.3938,0.3821,0.7759
29406.0,0.3826,0.3821,0.7646999999999999
29407.0,0.4842,0.3741,0.8583000000000001
29408.0,0.4707,0.3648,0.8355
29409.0,0.4214,0.3798,0.8012
29410.0,0.3714,0.3718,0.7432000000000001
29411.0,0.3563,0.3777,0.734
29412.0,0.7028,0.3667,1.0695000000000001
29413.0,0.3957,0.3744,0.7701
29414.0,0.0377,0.0558,0.0935
29415.0,0.3615,0.3755,0.737
29416.0,0.398,0.3761,0.7741
29417.0,0.3427,0.3713,0.714
29418.0,0.3729,0.3612,0.7341
29419.0,0.3565,0.3678,0.7242999999999999
29420.0,0.3916,0.3572,0.7488
29421.0,0.6558,0.3768,1.0326
29422.0,0.3435,0.36,0.7035
29423.0,0.349,0.3858,0.7347999999999999
29424.0,0.3765,0.3731,0.7496
29425.0,0.3588,0.38,0.7388
29426.0,0.3818,0.3644,0.7462
29427.0,0.4391,0.3636,0.8027
29428.0,0.0253,0.4357,0.46099999999999997
29429.0,0.3253,0.3566,0.6819
29430.0,0.5222,0.3943,0.9165
29431.0,0.4098,0.362,0.7718
29432.0,0.4171,0.3747,0.7918000000000001
29433.0,0.3557,0.3703,0.726
29434.0,0.3255,0.3615,0.687
29435.0,0.4351,0.3842,0.8192999999999999
29436.0,0.5026,0.3924,0.895
29437.0,0.3559,0.3817,0.7376
29438.0,0.3448,0.379,0.7238
29439.0,0.3808,0.3606,0.7414000000000001
29440.0,0.4027,0.3815,0.7842
29441.0,0.425,0.4009,0.8259
29442.0,0.0003,0.1616,0.1619
29443.0,0.4751,0.3856,0.8607
29444.0,0.3617,0.3553,0.7170000000000001
29445.0,0.348,0.3553,0.7033
29446.0,0.367,0.3864,0.7534000000000001
29447.0,0.4876,0.365,0.8526
29448.0,0.5163,0.3715,0.8877999999999999
29449.0,0.9799,0.371,1.3509
29450.0,0.5635,0.3756,0.9391
29451.0,0.4338,0.3774,0.8112
29452.0,0.5688,0.3792,0.948
29453.0,0.4294,0.3631,0.7925
29454.0,0.4124,0.3604,0.7727999999999999
29455.0,0.3425,0.3824,0.7249000000000001
29456.0,0.0342,0.2555,0.2897
29457.0,0.4317,0.3801,0.8118
29458.0,0.3985,0.3667,0.7652000000000001
29459.0,0.4667,0.3769,0.8436
29460.0,0.3677,0.367,0.7347
29461.0,0.5407,0.3728,0.9135
29462.0,0.3812,0.3676,0.7487999999999999
29463.0,0.4369,0.3807,0.8176
29464.0,0.3976,0.3565,0.7541
29465.0,0.393,0.3723,0.7653000000000001
29466.0,0.3655,0.3857,0.7512
29467.0,0.363,0.3713,0.7343
29468.0,0.4346,0.3793,0.8139000000000001
29469.0,0.3995,0.3676,0.7671
29470.0,0.0549,0.0485,0.10339999999999999
29471.0,0.5383,0.3912,0.9295
29472.0,0.517,0.3668,0.8838
29473.0,0.3715,0.3568,0.7283
29474.0,0.4898,0.3497,0.8395
29475.0,0.4116,0.354,0.7656000000000001
29476.0,0.3724,0.3449,0.7173
29477.0,0.4278,0.3789,0.8067
29478.0,0.4713,0.3639,0.8351999999999999
29479.0,0.4486,0.3686,0.8171999999999999
29480.0,0.4123,0.3866,0.7988999999999999
29481.0,0.4005,0.3569,0.7574000000000001
29482.0,0.3515,0.3809,0.7323999999999999
29483.0,0.3292,0.3782,0.7074
29484.0,0.0006,1.4451,1.4457
29485.0,0.396,0.365,0.761
29486.0,0.364,0.3796,0.7436
29487.0,0.4589,0.3754,0.8343
29488.0,0.4161,0.3846,0.8007
29489.0,0.3672,0.3553,0.7225
29490.0,0.4671,0.3546,0.8217000000000001
29491.0,0.3321,0.3834,0.7155
29492.0,0.3845,0.3822,0.7666999999999999
29493.0,0.3951,0.3793,0.7744
29494.0,0.3982,0.3552,0.7534000000000001
29495.0,0.548,0.3651,0.9131
29496.0,0.4425,0.3817,0.8242
29497.0,0.3617,0.3755,0.7372000000000001
29498.0,0.0563,0.1605,0.2168
29499.0,0.5153,0.3513,0.8666
29500.0,0.5179,0.3699,0.8878
29501.0,0.4794,0.3657,0.8451
29502.0,0.4474,0.3982,0.8456
29503.0,0.4578,0.3724,0.8302
29504.0,0.3103,0.3769,0.6872
29505.0,0.414,0.3638,0.7778
29506.0,0.5524,0.3688,0.9212
29507.0,0.5438,0.3889,0.9327
29508.0,0.3741,0.3831,0.7572
29509.0,0.6683,0.3726,1.0409
29510.0,0.395,0.3709,0.7659
29511.0,0.3906,0.3727,0.7633
29512.0,0.1497,0.2328,0.3825
29513.0,0.3602,0.38,0.7402
29514.0,0.5031,0.3568,0.8599
29515.0,0.4584,0.3662,0.8246
29516.0,0.4365,0.3863,0.8228
29517.0,0.4308,0.3697,0.8005
29518.0,0.4978,0.3821,0.8799
29519.0,0.3854,0.3602,0.7456
29520.0,0.4315,0.3476,0.7791
29521.0,0.4891,0.3596,0.8487
29522.0,0.3847,0.3788,0.7635000000000001
29523.0,0.5132,0.3849,0.8981
29524.0,0.4657,0.3877,0.8533999999999999
29525.0,0.4031,0.3501,0.7532000000000001
29526.0,0.8524,0.5761,1.4285
29527.0,0.3917,0.3943,0.786
29528.0,0.4526,0.3751,0.8277
29529.0,0.4906,0.3905,0.8811
29530.0,0.4216,0.3631,0.7847
29531.0,0.4555,0.3712,0.8267
29532.0,0.3387,0.3669,0.7056
29533.0,0.3666,0.3618,0.7283999999999999
29534.0,0.3311,0.3769,0.708
29535.0,0.4036,0.3739,0.7775000000000001
29536.0,0.4483,0.3714,0.8197
29537.0,0.3659,0.3746,0.7404999999999999
29538.0,0.3358,0.3695,0.7053
29539.0,0.4533,0.3812,0.8345
29540.0,7.2895,0.4203,7.7098
29541.0,0.4749,0.3535,0.8284
29542.0,0.3474,0.3739,0.7213
29543.0,0.4079,0.3548,0.7626999999999999
29544.0,0.3825,0.3793,0.7618
29545.0,0.3529,0.3829,0.7358
29546.0,0.3767,0.388,0.7646999999999999
29547.0,0.427,0.3704,0.7974
29548.0,0.461,0.3802,0.8412
29549.0,0.3357,0.3908,0.7264999999999999
29550.0,0.6012,0.3758,0.977
29551.0,0.8871,0.3796,1.2667
29552.0,0.3942,0.3816,0.7758
29553.0,0.4672,0.3728,0.8400000000000001
29554.0,0.0071,0.0268,0.0339
29555.0,0.5504,0.3789,0.9293
29556.0,0.3529,0.3733,0.7262
29557.0,0.4734,0.3798,0.8532
29558.0,0.3515,0.3737,0.7252
29559.0,0.4034,0.3863,0.7897
29560.0,0.3426,0.3804,0.7230000000000001
29561.0,0.4368,0.3792,0.8160000000000001
29562.0,0.3862,0.3693,0.7555000000000001
29563.0,0.4327,0.3795,0.8122
29564.0,0.4695,0.3684,0.8379
29565.0,0.5428,0.3782,0.9209999999999999
29566.0,0.3484,0.3581,0.7064999999999999
29567.0,0.4984,0.3743,0.8727
29568.0,0.1823,0.0716,0.2539
29569.0,0.4058,0.4047,0.8105
29570.0,0.5926,0.3641,0.9567
29571.0,0.3992,0.3756,0.7747999999999999
29572.0,0.4425,0.3752,0.8177
29573.0,0.372,0.3742,0.7462
29574.0,0.4371,0.3798,0.8169
29575.0,0.3894,0.3659,0.7553000000000001
29576.0,0.3645,0.3738,0.7383
29577.0,0.2961,0.3593,0.6554
29578.0,0.3805,0.3898,0.7703
29579.0,0.6418,0.3662,1.008
29580.0,0.422,0.3701,0.7921
29581.0,0.5938,0.349,0.9428
29582.0,0.025,0.0474,0.07239999999999999
29583.0,0.503,0.3664,0.8694
29584.0,0.476,0.3796,0.8555999999999999
29585.0,0.4074,0.3756,0.7829999999999999
29586.0,0.3524,0.3977,0.7501
29587.0,0.4939,0.3912,0.8851
29588.0,0.4112,0.3907,0.8019000000000001
29589.0,0.3704,0.3535,0.7239
29590.0,0.5332,0.3865,0.9197
29591.0,0.4769,0.3823,0.8592
29592.0,0.4701,0.3703,0.8404
29593.0,0.4227,0.3654,0.7881
29594.0,0.4444,0.385,0.8294
29595.0,0.5517,0.38,0.9317
29596.0,0.4222,0.3935,0.8157000000000001
29597.0,0.3578,0.3685,0.7263
29598.0,0.6852,0.3633,1.0485
29599.0,0.5187,0.3849,0.9036000000000001
29600.0,0.3979,0.3824,0.7803
29601.0,0.4843,0.3703,0.8546
29602.0,0.4512,0.3661,0.8172999999999999
29603.0,0.4247,0.3692,0.7939
29604.0,0.3571,0.3791,0.7362
29605.0,0.4496,0.3712,0.8208
29606.0,0.663,0.384,1.0470000000000002
29607.0,0.4713,0.3651,0.8364
29608.0,0.3989,0.3687,0.7676000000000001
29609.0,0.3934,0.3641,0.7575000000000001
29610.0,0.0102,0.6714,0.6816
29611.0,0.3309,0.357,0.6879
29612.0,0.4639,0.3909,0.8548
29613.0,0.5305,0.3849,0.9154
29614.0,0.4522,0.3461,0.7983
29615.0,0.6463,0.3764,1.0227
29616.0,0.3754,0.3617,0.7371000000000001
29617.0,0.3403,0.3671,0.7074
29618.0,0.4167,0.38,0.7967
29619.0,0.3208,0.3795,0.7002999999999999
29620.0,0.5618,0.3579,0.9197
29621.0,0.4274,0.3773,0.8047
29622.0,0.4084,0.3921,0.8005
29623.0,0.4279,0.3657,0.7936000000000001
29624.0,1.3225,0.1268,1.4493
29625.0,0.333,0.3741,0.7071000000000001
29626.0,0.3402,0.3409,0.6811
29627.0,0.5563,0.3801,0.9364
29628.0,0.4637,0.3508,0.8145
29629.0,0.3295,0.3869,0.7164
29630.0,0.521,0.3864,0.9074
29631.0,0.4217,0.3615,0.7832
29632.0,0.5114,0.3781,0.8895
29633.0,0.4931,0.3764,0.8694999999999999
29634.0,0.3712,0.358,0.7292
29635.0,0.5583,0.3476,0.9059
29636.0,0.4111,0.3656,0.7767
29637.0,0.4143,0.3529,0.7672
29638.0,0.0001,0.2654,0.2655
29639.0,0.3646,0.3535,0.7181
29640.0,0.4091,0.3759,0.785
29641.0,0.4378,0.3538,0.7916000000000001
29642.0,0.3828,0.3713,0.7541
29643.0,0.4963,0.3731,0.8694
29644.0,0.3637,0.3627,0.7264
29645.0,0.4965,0.3653,0.8618
29646.0,0.3734,0.3726,0.746
29647.0,0.3455,0.3555,0.701
29648.0,0.3724,0.3822,0.7545999999999999
29649.0,0.369,0.3779,0.7469
29650.0,0.3441,0.3671,0.7112
29651.0,0.4082,0.3867,0.7948999999999999
29652.0,0.1488,0.1784,0.3272
29653.0,0.4526,0.3438,0.7964
29654.0,0.4084,0.3609,0.7693
29655.0,0.4697,0.3742,0.8439
29656.0,0.4048,0.3604,0.7652
29657.0,0.4545,0.3698,0.8243
29658.0,0.4493,0.3649,0.8142
29659.0,0.3945,0.3713,0.7658
29660.0,0.4119,0.3688,0.7807
29661.0,0.3618,0.372,0.7338
29662.0,0.378,0.378,0.756
29663.0,0.3775,0.3757,0.7532
29664.0,0.4284,0.378,0.8064
29665.0,0.3545,0.3648,0.7193
29666.0,0.6446,0.5076,1.1522000000000001
29667.0,0.3798,0.3731,0.7529
29668.0,0.3845,0.3614,0.7459
29669.0,0.4952,0.3729,0.8681
29670.0,0.5233,0.3772,0.9005
29671.0,0.4772,0.3846,0.8618
29672.0,0.4233,0.3583,0.7816000000000001
29673.0,0.3544,0.3615,0.7159
29674.0,0.4316,0.3664,0.798
29675.0,0.3896,0.3579,0.7475
29676.0,0.3977,0.3784,0.7761
29677.0,0.4334,0.3694,0.8028
29678.0,0.3274,0.3636,0.6910000000000001
29679.0,0.4143,0.3669,0.7812
29680.0,0.0002,0.4515,0.4517
29681.0,0.523,0.3766,0.8996
29682.0,0.3184,0.363,0.6814
29683.0,0.3428,0.3858,0.7285999999999999
29684.0,0.4549,0.3787,0.8336
29685.0,0.3851,0.3537,0.7388
29686.0,0.4664,0.3814,0.8478
29687.0,0.6121,0.3785,0.9905999999999999
29688.0,0.429,0.3628,0.7918000000000001
29689.0,0.3603,0.3907,0.751
29690.0,0.3718,0.3609,0.7327
29691.0,0.4702,0.384,0.8542000000000001
29692.0,0.4213,0.3618,0.7831
29693.0,0.5477,0.3714,0.9191
29694.0,0.0018,0.0134,0.0152
29695.0,0.3447,0.3793,0.724
29696.0,0.433,0.3785,0.8115
29697.0,0.5235,0.3746,0.8980999999999999
29698.0,0.4276,0.3586,0.7862
29699.0,0.3555,0.3632,0.7187
29700.0,0.5283,0.3685,0.8968
29701.0,0.4054,0.3619,0.7673
29702.0,0.4345,0.3617,0.7962
29703.0,0.5172,0.3778,0.895
29704.0,0.5476,0.3848,0.9323999999999999
29705.0,0.3836,0.3676,0.7512
29706.0,0.3714,0.3692,0.7405999999999999
29707.0,0.3841,0.3678,0.7519
29708.0,0.2883,0.484,0.7723
29709.0,0.51,0.3638,0.8738
29710.0,0.3821,0.3615,0.7436
29711.0,0.4086,0.3639,0.7725
29712.0,0.609,0.3635,0.9724999999999999
29713.0,0.396,0.3613,0.7573000000000001
29714.0,0.4644,0.3692,0.8335999999999999
29715.0,0.4418,0.3519,0.7937000000000001
29716.0,0.3971,0.3787,0.7758
29717.0,0.5055,0.3848,0.8902999999999999
29718.0,0.4254,0.3831,0.8085
29719.0,0.4049,0.3662,0.7711
29720.0,0.3647,0.389,0.7537
29721.0,0.3697,0.3698,0.7395
29722.0,0.7396,0.3105,1.0501
29723.0,0.3915,0.3887,0.7802
29724.0,0.4769,0.3789,0.8558
29725.0,0.4297,0.3837,0.8134
29726.0,0.3444,0.3791,0.7235
29727.0,0.3605,0.3741,0.7345999999999999
29728.0,0.5207,0.3797,0.9004000000000001
29729.0,0.3954,0.3587,0.7541
29730.0,0.431,0.3574,0.7884
29731.0,0.3818,0.3802,0.762
29732.0,0.5306,0.3761,0.9067
29733.0,0.3319,0.3741,0.706
29734.0,0.4126,0.3771,0.7897000000000001
29735.0,0.4238,0.3803,0.8041
29736.0,0.3509,0.2213,0.5722
29737.0,0.4436,0.3846,0.8282
29738.0,0.4115,0.3834,0.7948999999999999
29739.0,0.4041,0.3696,0.7737
29740.0,0.324,0.3622,0.6862
29741.0,0.436,0.3812,0.8171999999999999
29742.0,0.3968,0.3755,0.7723
29743.0,0.4133,0.3708,0.7841
29744.0,0.3665,0.3666,0.7331
29745.0,0.4435,0.3571,0.8006
29746.0,0.3634,0.3425,0.7059
29747.0,0.3745,0.4064,0.7808999999999999
29748.0,0.3578,0.3601,0.7179
29749.0,0.4623,0.3756,0.8379
29750.0,0.4346,1.3275,1.7620999999999998
29751.0,0.7669,0.3854,1.1523
29752.0,0.3961,0.378,0.7741
29753.0,0.37,0.3839,0.7539
29754.0,0.403,0.3842,0.7872
29755.0,0.5608,0.3912,0.952
29756.0,0.4533,0.3693,0.8226
29757.0,0.3942,0.3767,0.7708999999999999
29758.0,0.3999,0.3743,0.7742
29759.0,0.378,0.3638,0.7418
29760.0,0.438,0.3934,0.8314
29761.0,0.4795,0.3703,0.8498
29762.0,0.3442,0.3616,0.7058
29763.0,0.3767,0.3948,0.7715
29764.0,0.4837,0.6352,1.1189
29765.0,0.3422,0.3747,0.7169
29766.0,0.4069,0.3674,0.7743
29767.0,0.5998,0.3635,0.9633
29768.0,0.385,0.3817,0.7666999999999999
29769.0,0.382,0.3743,0.7563
29770.0,0.4032,0.382,0.7852
29771.0,0.3601,0.3849,0.745
29772.0,0.4494,0.384,0.8334
29773.0,0.4958,0.3756,0.8714
29774.0,0.3882,0.3845,0.7726999999999999
29775.0,0.3819,0.361,0.7429
29776.0,0.353,0.3507,0.7037
29777.0,0.3612,0.362,0.7232000000000001
29778.0,0.0957,0.2023,0.298
29779.0,0.5241,0.3607,0.8848
29780.0,0.4046,0.3818,0.7864
29781.0,0.3731,0.373,0.7461
29782.0,0.5331,0.3552,0.8883000000000001
29783.0,0.4249,0.3724,0.7973
29784.0,0.4193,0.3788,0.7981
29785.0,0.3748,0.3943,0.7691
29786.0,0.3632,0.3699,0.7331000000000001
29787.0,0.36,0.388,0.748
29788.0,0.4565,0.3507,0.8072
29789.0,0.3538,0.3925,0.7463
29790.0,0.3529,0.3541,0.7070000000000001
29791.0,0.4166,0.3497,0.7663
29792.0,1.2446,0.1763,1.4209
29793.0,0.3844,0.3741,0.7585
29794.0,0.4857,0.383,0.8687
29795.0,0.3326,0.3917,0.7242999999999999
29796.0,0.4325,0.3633,0.7958000000000001
29797.0,0.3911,0.37,0.7611
29798.0,0.4086,0.3856,0.7942
29799.0,0.3795,0.3446,0.7241
29800.0,0.4001,0.3832,0.7833
29801.0,0.3177,0.3958,0.7135
29802.0,0.6814,0.3494,1.0308
29803.0,0.5001,0.3801,0.8802
29804.0,0.4178,0.3645,0.7823
29805.0,0.3834,0.3755,0.7589
29806.0,0.0033,0.013,0.0163
29807.0,0.3653,0.3714,0.7367
29808.0,0.4743,0.3919,0.8662000000000001
29809.0,0.3848,0.3796,0.7644
29810.0,0.3874,0.3855,0.7729
29811.0,0.428,0.3652,0.7932
29812.0,0.3959,0.3735,0.7694
29813.0,0.5522,0.3894,0.9416
29814.0,0.426,0.3628,0.7888
29815.0,0.3623,0.3615,0.7238
29816.0,0.3938,0.3647,0.7585
29817.0,0.3807,0.3745,0.7552
29818.0,0.3863,0.3668,0.7531
29819.0,0.4868,0.3825,0.8693
29820.0,0.0,2.3991,2.3991
29821.0,0.4042,0.371,0.7752
29822.0,0.3752,0.3715,0.7466999999999999
29823.0,0.4074,0.3801,0.7875
29824.0,0.4996,0.3612,0.8608
29825.0,0.4445,0.3499,0.7944
29826.0,0.489,0.3722,0.8612
29827.0,0.3725,0.3719,0.7444
29828.0,0.5734,0.3915,0.9649000000000001
29829.0,0.3161,0.3611,0.6772
29830.0,0.5214,0.3614,0.8828
29831.0,0.4885,0.3919,0.8804000000000001
29832.0,0.3863,0.3717,0.758
29833.0,0.3508,0.3857,0.7364999999999999
29834.0,0.129,0.127,0.256
29835.0,0.3597,0.3624,0.7221
29836.0,0.5509,0.3661,0.9169999999999999
29837.0,0.4223,0.3616,0.7839
29838.0,0.6504,0.3705,1.0209
29839.0,0.3414,0.36,0.7014
29840.0,0.2968,0.3552,0.652
29841.0,0.3634,0.349,0.7123999999999999
29842.0,0.3812,0.3719,0.7531
29843.0,0.4037,0.388,0.7917000000000001
29844.0,0.4191,0.3887,0.8078
29845.0,0.4965,0.364,0.8605
29846.0,0.4805,0.3692,0.8496999999999999
29847.0,0.391,0.3489,0.7399
29848.0,0.1628,0.2481,0.4109
29849.0,0.8882,0.3694,1.2576
29850.0,0.5945,0.3788,0.9733
29851.0,0.3887,0.3767,0.7654
29852.0,0.3743,0.3681,0.7424
29853.0,0.435,0.3998,0.8348
29854.0,0.4671,0.3618,0.8289
29855.0,0.3968,0.3721,0.7688999999999999
29856.0,0.3825,0.3799,0.7624
29857.0,0.4072,0.3576,0.7647999999999999
29858.0,0.3685,0.3784,0.7469
29859.0,0.4515,0.3747,0.8262
29860.0,0.5028,0.355,0.8578
29861.0,0.3636,0.3663,0.7299
29862.0,0.3484,0.468,0.8164
29863.0,0.5419,0.3746,0.9165000000000001
29864.0,0.3807,0.3713,0.752
29865.0,0.5242,0.3735,0.8976999999999999
29866.0,0.3843,0.3687,0.753
29867.0,0.3422,0.3792,0.7214
29868.0,0.4093,0.3622,0.7715000000000001
29869.0,0.7538,0.3783,1.1321
29870.0,0.4427,0.3714,0.8141
29871.0,0.4113,0.3726,0.7839
29872.0,0.4968,0.3818,0.8786
29873.0,0.3638,0.3635,0.7273000000000001
29874.0,0.4201,0.3773,0.7974
29875.0,0.4637,0.3724,0.8361000000000001
29876.0,0.1312,0.046,0.17720000000000002
29877.0,0.3752,0.3804,0.7556
29878.0,0.4832,0.3756,0.8588
29879.0,0.4383,0.3855,0.8238000000000001
29880.0,0.4119,0.3754,0.7873
29881.0,0.4172,0.374,0.7912
29882.0,0.4025,0.3737,0.7762
29883.0,0.483,0.3673,0.8503000000000001
29884.0,0.4587,0.3689,0.8276
29885.0,0.3851,0.3596,0.7446999999999999
29886.0,0.3762,0.3817,0.7579
29887.0,0.5167,0.3634,0.8801000000000001
29888.0,0.5883,0.3541,0.9424000000000001
29889.0,0.36,0.3688,0.7288
29890.0,0.0103,0.2572,0.26749999999999996
29891.0,0.49,0.3783,0.8683000000000001
29892.0,0.3373,0.3655,0.7028
29893.0,0.3959,0.3641,0.76
29894.0,0.3741,0.3646,0.7386999999999999
29895.0,0.3537,0.3881,0.7418
29896.0,1.1147,0.3501,1.4648
29897.0,0.4928,0.3835,0.8763000000000001
29898.0,0.3961,0.3933,0.7894
29899.0,0.5724,0.3635,0.9359
29900.0,0.4278,0.3683,0.7961
29901.0,0.3944,0.3677,0.7621
29902.0,0.3408,0.343,0.6838
29903.0,0.4304,0.3805,0.8109
29904.0,0.1605,0.0583,0.2188
29905.0,0.3967,0.3842,0.7808999999999999
29906.0,0.4486,0.3665,0.8150999999999999
29907.0,0.4146,0.3738,0.7884
29908.0,0.3825,0.3589,0.7414000000000001
29909.0,0.4861,0.3676,0.8536999999999999
29910.0,0.4361,0.3644,0.8005
29911.0,0.5124,0.37,0.8824
29912.0,0.4094,0.373,0.7824
29913.0,0.4239,0.3744,0.7983
29914.0,0.4073,0.3534,0.7606999999999999
29915.0,0.4982,0.3675,0.8656999999999999
29916.0,0.434,0.3568,0.7908
29917.0,0.4226,0.354,0.7766
29918.0,0.0023,0.009,0.0113
29919.0,0.3778,0.3635,0.7413000000000001
29920.0,0.5112,0.3606,0.8717999999999999
29921.0,0.4312,0.3725,0.8037000000000001
29922.0,0.4279,0.3703,0.7982
29923.0,0.4495,0.3655,0.815
29924.0,0.5033,0.3895,0.8928
29925.0,0.4957,0.3545,0.8502
29926.0,0.4441,0.3699,0.8140000000000001
29927.0,0.3629,0.3815,0.7444
29928.0,0.358,0.3709,0.7289
29929.0,0.4833,0.369,0.8523000000000001
29930.0,0.3702,0.3719,0.7421
29931.0,0.7823,0.3916,1.1739
29932.0,0.0471,0.1102,0.1573
29933.0,0.3658,0.3875,0.7533000000000001
29934.0,0.4374,0.3598,0.7972
29935.0,0.4726,0.3795,0.8521000000000001
29936.0,0.4378,0.3864,0.8242
29937.0,0.507,0.3778,0.8848
29938.0,0.4228,0.3633,0.7861
29939.0,0.5221,0.3698,0.8919
29940.0,0.4224,0.3871,0.8095
29941.0,0.4118,0.3862,0.798
29942.0,0.3951,0.3699,0.765
29943.0,0.4897,0.3662,0.8559000000000001
29944.0,0.4767,0.3702,0.8469
29945.0,0.43,0.3521,0.7821
29946.0,-0.0,0.0348,0.0348
29947.0,0.3397,0.3662,0.7059
29948.0,0.3433,0.3551,0.6984
29949.0,0.4549,0.3906,0.8455
29950.0,0.4254,0.3608,0.7862
29951.0,0.3739,0.3608,0.7347
29952.0,0.5299,0.3617,0.8916000000000001
29953.0,0.401,0.3664,0.7674000000000001
29954.0,0.5779,0.3694,0.9473
29955.0,0.3488,0.3722,0.721
29956.0,0.4072,0.3737,0.7808999999999999
29957.0,0.4754,0.3624,0.8378
29958.0,0.4518,0.3815,0.8332999999999999
29959.0,0.6113,0.3796,0.9908999999999999
29960.0,0.4143,0.1232,0.5375
29961.0,0.4513,0.3888,0.8401
29962.0,0.4875,0.3746,0.8621
29963.0,0.3609,0.3617,0.7226
29964.0,0.3978,0.3747,0.7725
29965.0,0.3923,0.3666,0.7588999999999999
29966.0,0.3511,0.3914,0.7425
29967.0,0.4387,0.3607,0.7994
29968.0,0.4163,0.3639,0.7802
29969.0,0.3471,0.3663,0.7134
29970.0,0.4563,0.3546,0.8109
29971.0,0.3672,0.3516,0.7188000000000001
29972.0,0.4061,0.3762,0.7823
29973.0,0.3424,0.3617,0.7041
29974.0,4.5248,0.2919,4.8167
29975.0,0.4949,0.4041,0.899
29976.0,0.427,0.359,0.786
29977.0,0.2967,0.3705,0.6672
29978.0,0.4846,0.3717,0.8563
29979.0,0.3911,0.3729,0.764
29980.0,0.4172,0.3753,0.7925
29981.0,0.4063,0.382,0.7883
29982.0,0.4927,0.39,0.8827
29983.0,0.432,0.3642,0.7962
29984.0,0.3507,0.3763,0.7270000000000001
29985.0,0.4709,0.3704,0.8412999999999999
29986.0,0.3772,0.3766,0.7538
29987.0,0.3484,0.3939,0.7423
29988.0,0.0169,0.0376,0.0545
29989.0,0.3482,0.3736,0.7218
29990.0,0.4182,0.3635,0.7817000000000001
29991.0,0.3872,0.3799,0.7671
29992.0,0.3673,0.3918,0.7591
29993.0,0.4331,0.3671,0.8002
29994.0,0.3749,0.3683,0.7432000000000001
29995.0,0.6136,0.3707,0.9843
29996.0,0.4169,0.3681,0.7849999999999999
29997.0,0.3654,0.3659,0.7313000000000001
29998.0,0.4163,0.3607,0.777
29999.0,0.5739,0.351,0.9248999999999999
30000.0,0.3857,0.3694,0.7551
