
数据统计:
  训练集: (13313, 55), 正类比例: 35.13%, 正类数量: 4677, 负类数量: 8636
  验证集: (2852, 55), 正类比例: 35.83%
  测试集: (2854, 55), 正类比例: 34.65%

================================================================================
 RUN 1/30 (Seed=0)
================================================================================
================================================================================
 Pipeline: LP soft labels + MLP prob + 1.0 * KL + Focal + 0.0 * SupCon
================================================================================
_propagate 的参数值:
  alpha_pos = 0.5
  alpha_neg = 0.55
  forbid_flip = True
  flip_margin = 0.1

[LP] soft label stats (train only):
  pos mean: 0.8815
  neg mean: 0.0708
  seeds ratio: 0.301
训练函数参数值:
  lr = 0.001
  weight_decay = 1e-05
  epochs = 400
  focal_gamma = 2.0
  focal_alpha = 0.25
  use_contrastive = True
  contrastive_weight = 0.0
  contrastive_temp = 0.07
  minority_weight = 2.0
  use_kl = True
  kl_weight = 1.0
  device = cuda
Ep 010 | Focal=0.0444 | KL=0.0921 | Con=18.3949 | Total=0.1365 | ValF1@0.5=0.8574
Ep 020 | Focal=0.0288 | KL=0.0910 | Con=18.0018 | Total=0.1199 | ValF1@0.5=0.8660
Ep 030 | Focal=0.0294 | KL=0.0858 | Con=18.2287 | Total=0.1152 | ValF1@0.5=0.8567
Ep 040 | Focal=0.0288 | KL=0.0834 | Con=18.2397 | Total=0.1122 | ValF1@0.5=0.8322
Ep 050 | Focal=0.0282 | KL=0.0829 | Con=18.2456 | Total=0.1110 | ValF1@0.5=0.8652
Ep 060 | Focal=0.0283 | KL=0.0817 | Con=18.2736 | Total=0.1100 | ValF1@0.5=0.8646
Ep 070 | Focal=0.0278 | KL=0.0811 | Con=18.2458 | Total=0.1089 | ValF1@0.5=0.8651
Ep 080 | Focal=0.0272 | KL=0.0802 | Con=18.2356 | Total=0.1074 | ValF1@0.5=0.8635
Ep 090 | Focal=0.0269 | KL=0.0790 | Con=18.2187 | Total=0.1058 | ValF1@0.5=0.8623
Ep 100 | Focal=0.0263 | KL=0.0779 | Con=18.2016 | Total=0.1042 | ValF1@0.5=0.8661
Ep 110 | Focal=0.0262 | KL=0.0773 | Con=18.2091 | Total=0.1035 | ValF1@0.5=0.8629
Ep 120 | Focal=0.0257 | KL=0.0760 | Con=18.1768 | Total=0.1017 | ValF1@0.5=0.8643
Ep 130 | Focal=0.0255 | KL=0.0758 | Con=18.1293 | Total=0.1013 | ValF1@0.5=0.8644
Ep 140 | Focal=0.0248 | KL=0.0748 | Con=18.0927 | Total=0.0995 | ValF1@0.5=0.8676
Ep 150 | Focal=0.0248 | KL=0.0741 | Con=18.1123 | Total=0.0989 | ValF1@0.5=0.8664
Ep 160 | Focal=0.0244 | KL=0.0739 | Con=18.0681 | Total=0.0983 | ValF1@0.5=0.8675
Ep 170 | Focal=0.0241 | KL=0.0727 | Con=18.0353 | Total=0.0968 | ValF1@0.5=0.8671
Ep 180 | Focal=0.0238 | KL=0.0719 | Con=18.0103 | Total=0.0956 | ValF1@0.5=0.8705
Ep 190 | Focal=0.0237 | KL=0.0714 | Con=18.0001 | Total=0.0952 | ValF1@0.5=0.8676
Ep 200 | Focal=0.0225 | KL=0.0703 | Con=17.9334 | Total=0.0928 | ValF1@0.5=0.8670
Ep 210 | Focal=0.0230 | KL=0.0702 | Con=17.9189 | Total=0.0932 | ValF1@0.5=0.8661
Ep 220 | Focal=0.0228 | KL=0.0699 | Con=17.9219 | Total=0.0927 | ValF1@0.5=0.8657
Ep 230 | Focal=0.0219 | KL=0.0683 | Con=17.8160 | Total=0.0901 | ValF1@0.5=0.8640
Ep 240 | Focal=0.0220 | KL=0.0676 | Con=17.8463 | Total=0.0896 | ValF1@0.5=0.8648
Ep 250 | Focal=0.0218 | KL=0.0678 | Con=17.8296 | Total=0.0895 | ValF1@0.5=0.8664
Ep 260 | Focal=0.0216 | KL=0.0670 | Con=17.7403 | Total=0.0886 | ValF1@0.5=0.8677
Ep 270 | Focal=0.0214 | KL=0.0661 | Con=17.6656 | Total=0.0875 | ValF1@0.5=0.8655
Ep 280 | Focal=0.0201 | KL=0.0661 | Con=17.6576 | Total=0.0862 | ValF1@0.5=0.8679
Ep 290 | Focal=0.0202 | KL=0.0654 | Con=17.5841 | Total=0.0856 | ValF1@0.5=0.8647
Ep 300 | Focal=0.0206 | KL=0.0645 | Con=17.5450 | Total=0.0851 | ValF1@0.5=0.8664
Ep 310 | Focal=0.0199 | KL=0.0635 | Con=17.4664 | Total=0.0834 | ValF1@0.5=0.8666
Ep 320 | Focal=0.0192 | KL=0.0625 | Con=17.4993 | Total=0.0818 | ValF1@0.5=0.8657
Ep 330 | Focal=0.0194 | KL=0.0613 | Con=17.4358 | Total=0.0807 | ValF1@0.5=0.8690
Ep 340 | Focal=0.0193 | KL=0.0625 | Con=17.3748 | Total=0.0818 | ValF1@0.5=0.8672
Ep 350 | Focal=0.0195 | KL=0.0606 | Con=17.3445 | Total=0.0801 | ValF1@0.5=0.8662
Ep 360 | Focal=0.0184 | KL=0.0607 | Con=17.2366 | Total=0.0791 | ValF1@0.5=0.8681
Ep 370 | Focal=0.0188 | KL=0.0600 | Con=17.2351 | Total=0.0787 | ValF1@0.5=0.8655
Ep 380 | Focal=0.0185 | KL=0.0595 | Con=17.2284 | Total=0.0780 | ValF1@0.5=0.8690
Ep 390 | Focal=0.0182 | KL=0.0584 | Con=17.1807 | Total=0.0766 | ValF1@0.5=0.8643
Ep 400 | Focal=0.0176 | KL=0.0579 | Con=17.0932 | Total=0.0755 | ValF1@0.5=0.8666

[OK] Load best model by ValF1@0.5=0.8705

[VAL] best threshold=0.500, best macroF1=0.8705

================ TRAIN ================
Threshold: 0.500
Accuracy : 0.8830
Macro-F1 : 0.8693 (Class0: 0.9117, Class1: 0.8268)
AUC      : 0.9418
MCC      : 0.7401
G-Mean   : 0.8601
Sensitivity: 0.7945
Specificity: 0.9310
Classification report:
              precision    recall  f1-score   support

           0     0.8932    0.9310    0.9117      8636
           1     0.8618    0.7945    0.8268      4677

    accuracy                         0.8830     13313
   macro avg     0.8775    0.8628    0.8693     13313
weighted avg     0.8822    0.8830    0.8819     13313


================ VAL ================
Threshold: 0.500
Accuracy : 0.8822
Macro-F1 : 0.8705 (Class0: 0.9094, Class1: 0.8317)
AUC      : 0.9381
MCC      : 0.7416
G-Mean   : 0.8650
Sensitivity: 0.8121
Specificity: 0.9213
Classification report:
              precision    recall  f1-score   support

           0     0.8978    0.9213    0.9094      1830
           1     0.8522    0.8121    0.8317      1022

    accuracy                         0.8822      2852
   macro avg     0.8750    0.8667    0.8705      2852
weighted avg     0.8814    0.8822    0.8815      2852


================ TEST ================
Threshold: 0.500
Accuracy : 0.8704
Macro-F1 : 0.8553 (Class0: 0.9020, Class1: 0.8087)
AUC      : 0.9263
MCC      : 0.7111
G-Mean   : 0.8495
Sensitivity: 0.7907
Specificity: 0.9126
Classification report:
              precision    recall  f1-score   support

           0     0.8916    0.9126    0.9020      1865
           1     0.8275    0.7907    0.8087       989

    accuracy                         0.8704      2854
   macro avg     0.8595    0.8516    0.8553      2854
weighted avg     0.8694    0.8704    0.8696      2854


================================================================================
 RUN 2/30 (Seed=1)
================================================================================
================================================================================
 Pipeline: LP soft labels + MLP prob + 1.0 * KL + Focal + 0.0 * SupCon
================================================================================
_propagate 的参数值:
  alpha_pos = 0.5
  alpha_neg = 0.55
  forbid_flip = True
  flip_margin = 0.1

[LP] soft label stats (train only):
  pos mean: 0.8815
  neg mean: 0.0708
  seeds ratio: 0.301
训练函数参数值:
  lr = 0.001
  weight_decay = 1e-05
  epochs = 400
  focal_gamma = 2.0
  focal_alpha = 0.25
  use_contrastive = True
  contrastive_weight = 0.0
  contrastive_temp = 0.07
  minority_weight = 2.0
  use_kl = True
  kl_weight = 1.0
  device = cuda
Ep 010 | Focal=0.0440 | KL=0.0941 | Con=18.2400 | Total=0.1380 | ValF1@0.5=0.8574
Ep 020 | Focal=0.0304 | KL=0.0903 | Con=17.9575 | Total=0.1207 | ValF1@0.5=0.8645
Ep 030 | Focal=0.0281 | KL=0.0873 | Con=18.2222 | Total=0.1154 | ValF1@0.5=0.8588
Ep 040 | Focal=0.0300 | KL=0.0832 | Con=18.3143 | Total=0.1132 | ValF1@0.5=0.8175
Ep 050 | Focal=0.0283 | KL=0.0840 | Con=18.2240 | Total=0.1123 | ValF1@0.5=0.8583
Ep 060 | Focal=0.0286 | KL=0.0818 | Con=18.2596 | Total=0.1104 | ValF1@0.5=0.8621
Ep 070 | Focal=0.0273 | KL=0.0805 | Con=18.2264 | Total=0.1078 | ValF1@0.5=0.8644
Ep 080 | Focal=0.0274 | KL=0.0805 | Con=18.2075 | Total=0.1079 | ValF1@0.5=0.8673
Ep 090 | Focal=0.0272 | KL=0.0795 | Con=18.2195 | Total=0.1066 | ValF1@0.5=0.8656
Ep 100 | Focal=0.0266 | KL=0.0781 | Con=18.1820 | Total=0.1048 | ValF1@0.5=0.8669
Ep 110 | Focal=0.0261 | KL=0.0771 | Con=18.1536 | Total=0.1032 | ValF1@0.5=0.8635
Ep 120 | Focal=0.0257 | KL=0.0765 | Con=18.1251 | Total=0.1022 | ValF1@0.5=0.8650
Ep 130 | Focal=0.0252 | KL=0.0759 | Con=18.0888 | Total=0.1011 | ValF1@0.5=0.8647
Ep 140 | Focal=0.0250 | KL=0.0750 | Con=18.0682 | Total=0.1000 | ValF1@0.5=0.8645
Ep 150 | Focal=0.0246 | KL=0.0742 | Con=18.0591 | Total=0.0987 | ValF1@0.5=0.8643
Ep 160 | Focal=0.0245 | KL=0.0735 | Con=18.0245 | Total=0.0980 | ValF1@0.5=0.8658
Ep 170 | Focal=0.0244 | KL=0.0727 | Con=18.0348 | Total=0.0971 | ValF1@0.5=0.8655
Ep 180 | Focal=0.0238 | KL=0.0723 | Con=17.9455 | Total=0.0961 | ValF1@0.5=0.8632
Ep 190 | Focal=0.0236 | KL=0.0720 | Con=17.9525 | Total=0.0956 | ValF1@0.5=0.8683
Ep 200 | Focal=0.0234 | KL=0.0714 | Con=17.9081 | Total=0.0948 | ValF1@0.5=0.8674
Ep 210 | Focal=0.0234 | KL=0.0704 | Con=17.8948 | Total=0.0937 | ValF1@0.5=0.8668
Ep 220 | Focal=0.0227 | KL=0.0698 | Con=17.8652 | Total=0.0925 | ValF1@0.5=0.8660
Ep 230 | Focal=0.0224 | KL=0.0690 | Con=17.8427 | Total=0.0913 | ValF1@0.5=0.8662
Ep 240 | Focal=0.0221 | KL=0.0680 | Con=17.7910 | Total=0.0901 | ValF1@0.5=0.8697
Ep 250 | Focal=0.0226 | KL=0.0672 | Con=17.7478 | Total=0.0898 | ValF1@0.5=0.8665
Ep 260 | Focal=0.0220 | KL=0.0673 | Con=17.7116 | Total=0.0893 | ValF1@0.5=0.8672
Ep 270 | Focal=0.0211 | KL=0.0659 | Con=17.6764 | Total=0.0870 | ValF1@0.5=0.8636
Ep 280 | Focal=0.0208 | KL=0.0658 | Con=17.6141 | Total=0.0867 | ValF1@0.5=0.8708
Ep 290 | Focal=0.0206 | KL=0.0649 | Con=17.6694 | Total=0.0855 | ValF1@0.5=0.8652
Ep 300 | Focal=0.0208 | KL=0.0642 | Con=17.5976 | Total=0.0850 | ValF1@0.5=0.8657
Ep 310 | Focal=0.0211 | KL=0.0642 | Con=17.6122 | Total=0.0852 | ValF1@0.5=0.8637
Ep 320 | Focal=0.0195 | KL=0.0621 | Con=17.4873 | Total=0.0816 | ValF1@0.5=0.8673
Ep 330 | Focal=0.0193 | KL=0.0631 | Con=17.4500 | Total=0.0824 | ValF1@0.5=0.8675
Ep 340 | Focal=0.0197 | KL=0.0628 | Con=17.4382 | Total=0.0825 | ValF1@0.5=0.8680
Ep 350 | Focal=0.0186 | KL=0.0611 | Con=17.3615 | Total=0.0798 | ValF1@0.5=0.8625
Ep 360 | Focal=0.0196 | KL=0.0613 | Con=17.3859 | Total=0.0809 | ValF1@0.5=0.8638
Ep 370 | Focal=0.0194 | KL=0.0604 | Con=17.3604 | Total=0.0798 | ValF1@0.5=0.8689
Ep 380 | Focal=0.0185 | KL=0.0587 | Con=17.3252 | Total=0.0773 | ValF1@0.5=0.8659
Ep 390 | Focal=0.0180 | KL=0.0589 | Con=17.2360 | Total=0.0769 | ValF1@0.5=0.8649
Ep 400 | Focal=0.0177 | KL=0.0595 | Con=17.2107 | Total=0.0772 | ValF1@0.5=0.8672

[OK] Load best model by ValF1@0.5=0.8708

[VAL] best threshold=0.530, best macroF1=0.8718

================ TRAIN ================
Threshold: 0.530
Accuracy : 0.8879
Macro-F1 : 0.8719 (Class0: 0.9171, Class1: 0.8268)
AUC      : 0.9457
MCC      : 0.7507
G-Mean   : 0.8535
Sensitivity: 0.7620
Specificity: 0.9560
Classification report:
              precision    recall  f1-score   support

           0     0.8812    0.9560    0.9171      8636
           1     0.9037    0.7620    0.8268      4677

    accuracy                         0.8879     13313
   macro avg     0.8924    0.8590    0.8719     13313
weighted avg     0.8891    0.8879    0.8854     13313


================ VAL ================
Threshold: 0.530
Accuracy : 0.8857
Macro-F1 : 0.8718 (Class0: 0.9140, Class1: 0.8297)
AUC      : 0.9381
MCC      : 0.7482
G-Mean   : 0.8575
Sensitivity: 0.7769
Specificity: 0.9464
Classification report:
              precision    recall  f1-score   support

           0     0.8837    0.9464    0.9140      1830
           1     0.8901    0.7769    0.8297      1022

    accuracy                         0.8857      2852
   macro avg     0.8869    0.8617    0.8718      2852
weighted avg     0.8860    0.8857    0.8838      2852


================ TEST ================
Threshold: 0.530
Accuracy : 0.8756
Macro-F1 : 0.8582 (Class0: 0.9079, Class1: 0.8086)
AUC      : 0.9260
MCC      : 0.7206
G-Mean   : 0.8433
Sensitivity: 0.7583
Specificity: 0.9378
Classification report:
              precision    recall  f1-score   support

           0     0.8798    0.9378    0.9079      1865
           1     0.8661    0.7583    0.8086       989

    accuracy                         0.8756      2854
   macro avg     0.8729    0.8481    0.8582      2854
weighted avg     0.8750    0.8756    0.8735      2854


================================================================================
 RUN 3/30 (Seed=2)
================================================================================
================================================================================
 Pipeline: LP soft labels + MLP prob + 1.0 * KL + Focal + 0.0 * SupCon
================================================================================
_propagate 的参数值:
  alpha_pos = 0.5
  alpha_neg = 0.55
  forbid_flip = True
  flip_margin = 0.1

[LP] soft label stats (train only):
  pos mean: 0.8815
  neg mean: 0.0708
  seeds ratio: 0.301
训练函数参数值:
  lr = 0.001
  weight_decay = 1e-05
  epochs = 400
  focal_gamma = 2.0
  focal_alpha = 0.25
  use_contrastive = True
  contrastive_weight = 0.0
  contrastive_temp = 0.07
  minority_weight = 2.0
  use_kl = True
  kl_weight = 1.0
  device = cuda
Ep 010 | Focal=0.0446 | KL=0.0918 | Con=17.9439 | Total=0.1364 | ValF1@0.5=0.8646
Ep 020 | Focal=0.0306 | KL=0.0892 | Con=17.4782 | Total=0.1199 | ValF1@0.5=0.8665
Ep 030 | Focal=0.0276 | KL=0.0880 | Con=17.6287 | Total=0.1156 | ValF1@0.5=0.8658
Ep 040 | Focal=0.0311 | KL=0.0829 | Con=17.9160 | Total=0.1140 | ValF1@0.5=0.8307
Ep 050 | Focal=0.0280 | KL=0.0850 | Con=17.7691 | Total=0.1131 | ValF1@0.5=0.8649
Ep 060 | Focal=0.0285 | KL=0.0814 | Con=17.8374 | Total=0.1099 | ValF1@0.5=0.8655
Ep 070 | Focal=0.0276 | KL=0.0812 | Con=17.7955 | Total=0.1088 | ValF1@0.5=0.8639
Ep 080 | Focal=0.0280 | KL=0.0806 | Con=17.8301 | Total=0.1086 | ValF1@0.5=0.8635
Ep 090 | Focal=0.0269 | KL=0.0795 | Con=17.7652 | Total=0.1064 | ValF1@0.5=0.8638
Ep 100 | Focal=0.0270 | KL=0.0790 | Con=17.7106 | Total=0.1060 | ValF1@0.5=0.8656
Ep 110 | Focal=0.0261 | KL=0.0772 | Con=17.7192 | Total=0.1033 | ValF1@0.5=0.8671
Ep 120 | Focal=0.0261 | KL=0.0773 | Con=17.6679 | Total=0.1034 | ValF1@0.5=0.8677
Ep 130 | Focal=0.0260 | KL=0.0767 | Con=17.6721 | Total=0.1026 | ValF1@0.5=0.8672
Ep 140 | Focal=0.0250 | KL=0.0750 | Con=17.5798 | Total=0.1000 | ValF1@0.5=0.8659
Ep 150 | Focal=0.0251 | KL=0.0747 | Con=17.5721 | Total=0.0998 | ValF1@0.5=0.8655
Ep 160 | Focal=0.0251 | KL=0.0743 | Con=17.5331 | Total=0.0994 | ValF1@0.5=0.8666
Ep 170 | Focal=0.0244 | KL=0.0733 | Con=17.4950 | Total=0.0976 | ValF1@0.5=0.8670
Ep 180 | Focal=0.0240 | KL=0.0727 | Con=17.4638 | Total=0.0966 | ValF1@0.5=0.8631
Ep 190 | Focal=0.0234 | KL=0.0717 | Con=17.4189 | Total=0.0951 | ValF1@0.5=0.8669
Ep 200 | Focal=0.0238 | KL=0.0713 | Con=17.4079 | Total=0.0952 | ValF1@0.5=0.8648
Ep 210 | Focal=0.0237 | KL=0.0710 | Con=17.3157 | Total=0.0947 | ValF1@0.5=0.8671
Ep 220 | Focal=0.0227 | KL=0.0698 | Con=17.2759 | Total=0.0925 | ValF1@0.5=0.8690
Ep 230 | Focal=0.0225 | KL=0.0695 | Con=17.2371 | Total=0.0920 | ValF1@0.5=0.8680
Ep 240 | Focal=0.0221 | KL=0.0690 | Con=17.1633 | Total=0.0910 | ValF1@0.5=0.8699
Ep 250 | Focal=0.0219 | KL=0.0686 | Con=17.1696 | Total=0.0904 | ValF1@0.5=0.8693
Ep 260 | Focal=0.0224 | KL=0.0679 | Con=17.1633 | Total=0.0903 | ValF1@0.5=0.8675
Ep 270 | Focal=0.0209 | KL=0.0665 | Con=17.0358 | Total=0.0874 | ValF1@0.5=0.8661
Ep 280 | Focal=0.0210 | KL=0.0664 | Con=17.0710 | Total=0.0874 | ValF1@0.5=0.8668
Ep 290 | Focal=0.0206 | KL=0.0656 | Con=17.0169 | Total=0.0862 | ValF1@0.5=0.8686
Ep 300 | Focal=0.0209 | KL=0.0645 | Con=17.0029 | Total=0.0854 | ValF1@0.5=0.8660
Ep 310 | Focal=0.0202 | KL=0.0635 | Con=16.8959 | Total=0.0837 | ValF1@0.5=0.8697
Ep 320 | Focal=0.0207 | KL=0.0641 | Con=16.8968 | Total=0.0848 | ValF1@0.5=0.8651
Ep 330 | Focal=0.0202 | KL=0.0625 | Con=16.8798 | Total=0.0827 | ValF1@0.5=0.8703
Ep 340 | Focal=0.0195 | KL=0.0617 | Con=16.8253 | Total=0.0812 | ValF1@0.5=0.8661
Ep 350 | Focal=0.0187 | KL=0.0621 | Con=16.7493 | Total=0.0809 | ValF1@0.5=0.8695
Ep 360 | Focal=0.0193 | KL=0.0607 | Con=16.7974 | Total=0.0800 | ValF1@0.5=0.8678
Ep 370 | Focal=0.0184 | KL=0.0594 | Con=16.7688 | Total=0.0778 | ValF1@0.5=0.8667
Ep 380 | Focal=0.0186 | KL=0.0591 | Con=16.7873 | Total=0.0778 | ValF1@0.5=0.8680
Ep 390 | Focal=0.0179 | KL=0.0592 | Con=16.7108 | Total=0.0771 | ValF1@0.5=0.8590
Ep 400 | Focal=0.0179 | KL=0.0576 | Con=16.6434 | Total=0.0755 | ValF1@0.5=0.8676

[OK] Load best model by ValF1@0.5=0.8703

[VAL] best threshold=0.500, best macroF1=0.8703

================ TRAIN ================
Threshold: 0.500
Accuracy : 0.8904
Macro-F1 : 0.8768 (Class0: 0.9177, Class1: 0.8360)
AUC      : 0.9493
MCC      : 0.7563
G-Mean   : 0.8654
Sensitivity: 0.7950
Specificity: 0.9421
Classification report:
              precision    recall  f1-score   support

           0     0.8946    0.9421    0.9177      8636
           1     0.8815    0.7950    0.8360      4677

    accuracy                         0.8904     13313
   macro avg     0.8880    0.8685    0.8768     13313
weighted avg     0.8900    0.8904    0.8890     13313


================ VAL ================
Threshold: 0.500
Accuracy : 0.8829
Macro-F1 : 0.8703 (Class0: 0.9107, Class1: 0.8299)
AUC      : 0.9384
MCC      : 0.7423
G-Mean   : 0.8615
Sensitivity: 0.7975
Specificity: 0.9306
Classification report:
              precision    recall  f1-score   support

           0     0.8916    0.9306    0.9107      1830
           1     0.8652    0.7975    0.8299      1022

    accuracy                         0.8829      2852
   macro avg     0.8784    0.8640    0.8703      2852
weighted avg     0.8821    0.8829    0.8818      2852


================ TEST ================
Threshold: 0.500
Accuracy : 0.8725
Macro-F1 : 0.8569 (Class0: 0.9041, Class1: 0.8096)
AUC      : 0.9255
MCC      : 0.7149
G-Mean   : 0.8486
Sensitivity: 0.7826
Specificity: 0.9201
Classification report:
              precision    recall  f1-score   support

           0     0.8887    0.9201    0.9041      1865
           1     0.8386    0.7826    0.8096       989

    accuracy                         0.8725      2854
   macro avg     0.8636    0.8514    0.8569      2854
weighted avg     0.8713    0.8725    0.8714      2854


================================================================================
 RUN 4/30 (Seed=3)
================================================================================
================================================================================
 Pipeline: LP soft labels + MLP prob + 1.0 * KL + Focal + 0.0 * SupCon
================================================================================
_propagate 的参数值:
  alpha_pos = 0.5
  alpha_neg = 0.55
  forbid_flip = True
  flip_margin = 0.1

[LP] soft label stats (train only):
  pos mean: 0.8815
  neg mean: 0.0708
  seeds ratio: 0.301
训练函数参数值:
  lr = 0.001
  weight_decay = 1e-05
  epochs = 400
  focal_gamma = 2.0
  focal_alpha = 0.25
  use_contrastive = True
  contrastive_weight = 0.0
  contrastive_temp = 0.07
  minority_weight = 2.0
  use_kl = True
  kl_weight = 1.0
  device = cuda
Ep 010 | Focal=0.0453 | KL=0.0921 | Con=18.9197 | Total=0.1374 | ValF1@0.5=0.8501
Ep 020 | Focal=0.0292 | KL=0.0906 | Con=18.4140 | Total=0.1198 | ValF1@0.5=0.8643
Ep 030 | Focal=0.0286 | KL=0.0874 | Con=18.6058 | Total=0.1160 | ValF1@0.5=0.8629
Ep 040 | Focal=0.0303 | KL=0.0830 | Con=18.7576 | Total=0.1133 | ValF1@0.5=0.8293
Ep 050 | Focal=0.0280 | KL=0.0841 | Con=18.6575 | Total=0.1121 | ValF1@0.5=0.8665
Ep 060 | Focal=0.0284 | KL=0.0819 | Con=18.7014 | Total=0.1102 | ValF1@0.5=0.8640
Ep 070 | Focal=0.0276 | KL=0.0807 | Con=18.6450 | Total=0.1083 | ValF1@0.5=0.8637
Ep 080 | Focal=0.0271 | KL=0.0800 | Con=18.6923 | Total=0.1072 | ValF1@0.5=0.8637
Ep 090 | Focal=0.0268 | KL=0.0792 | Con=18.6712 | Total=0.1060 | ValF1@0.5=0.8648
Ep 100 | Focal=0.0264 | KL=0.0779 | Con=18.6467 | Total=0.1043 | ValF1@0.5=0.8636
Ep 110 | Focal=0.0261 | KL=0.0771 | Con=18.6329 | Total=0.1032 | ValF1@0.5=0.8619
Ep 120 | Focal=0.0254 | KL=0.0760 | Con=18.5851 | Total=0.1014 | ValF1@0.5=0.8601
Ep 130 | Focal=0.0249 | KL=0.0749 | Con=18.5386 | Total=0.0998 | ValF1@0.5=0.8631
Ep 140 | Focal=0.0252 | KL=0.0746 | Con=18.5166 | Total=0.0998 | ValF1@0.5=0.8639
Ep 150 | Focal=0.0240 | KL=0.0736 | Con=18.4559 | Total=0.0977 | ValF1@0.5=0.8647
Ep 160 | Focal=0.0241 | KL=0.0726 | Con=18.4208 | Total=0.0966 | ValF1@0.5=0.8661
Ep 170 | Focal=0.0238 | KL=0.0722 | Con=18.4007 | Total=0.0960 | ValF1@0.5=0.8651
Ep 180 | Focal=0.0232 | KL=0.0711 | Con=18.4209 | Total=0.0943 | ValF1@0.5=0.8649
Ep 190 | Focal=0.0229 | KL=0.0698 | Con=18.3088 | Total=0.0927 | ValF1@0.5=0.8648
Ep 200 | Focal=0.0233 | KL=0.0703 | Con=18.3411 | Total=0.0937 | ValF1@0.5=0.8644
Ep 210 | Focal=0.0223 | KL=0.0691 | Con=18.2807 | Total=0.0915 | ValF1@0.5=0.8665
Ep 220 | Focal=0.0221 | KL=0.0684 | Con=18.2279 | Total=0.0905 | ValF1@0.5=0.8668
Ep 230 | Focal=0.0217 | KL=0.0676 | Con=18.1969 | Total=0.0893 | ValF1@0.5=0.8652
Ep 240 | Focal=0.0213 | KL=0.0674 | Con=18.1633 | Total=0.0886 | ValF1@0.5=0.8653
Ep 250 | Focal=0.0213 | KL=0.0664 | Con=18.1371 | Total=0.0877 | ValF1@0.5=0.8646
Ep 260 | Focal=0.0217 | KL=0.0669 | Con=18.1855 | Total=0.0886 | ValF1@0.5=0.8646
Ep 270 | Focal=0.0211 | KL=0.0650 | Con=18.0965 | Total=0.0860 | ValF1@0.5=0.8647
Ep 280 | Focal=0.0209 | KL=0.0650 | Con=18.0881 | Total=0.0859 | ValF1@0.5=0.8685
Ep 290 | Focal=0.0200 | KL=0.0640 | Con=18.0163 | Total=0.0840 | ValF1@0.5=0.8694
Ep 300 | Focal=0.0205 | KL=0.0636 | Con=18.0015 | Total=0.0841 | ValF1@0.5=0.8627
Ep 310 | Focal=0.0198 | KL=0.0640 | Con=17.9094 | Total=0.0838 | ValF1@0.5=0.8638
Ep 320 | Focal=0.0192 | KL=0.0623 | Con=17.8539 | Total=0.0815 | ValF1@0.5=0.8679
Ep 330 | Focal=0.0190 | KL=0.0626 | Con=17.8587 | Total=0.0816 | ValF1@0.5=0.8667
Ep 340 | Focal=0.0197 | KL=0.0611 | Con=17.9152 | Total=0.0809 | ValF1@0.5=0.8712
Ep 350 | Focal=0.0193 | KL=0.0609 | Con=17.8462 | Total=0.0801 | ValF1@0.5=0.8640
Ep 360 | Focal=0.0187 | KL=0.0604 | Con=17.7253 | Total=0.0792 | ValF1@0.5=0.8682
Ep 370 | Focal=0.0188 | KL=0.0588 | Con=17.6871 | Total=0.0776 | ValF1@0.5=0.8694
Ep 380 | Focal=0.0178 | KL=0.0585 | Con=17.6028 | Total=0.0763 | ValF1@0.5=0.8680
Ep 390 | Focal=0.0176 | KL=0.0577 | Con=17.5721 | Total=0.0753 | ValF1@0.5=0.8664
Ep 400 | Focal=0.0173 | KL=0.0587 | Con=17.6204 | Total=0.0760 | ValF1@0.5=0.8694

[OK] Load best model by ValF1@0.5=0.8712

[VAL] best threshold=0.490, best macroF1=0.8726

================ TRAIN ================
Threshold: 0.490
Accuracy : 0.8904
Macro-F1 : 0.8776 (Class0: 0.9172, Class1: 0.8381)
AUC      : 0.9498
MCC      : 0.7567
G-Mean   : 0.8690
Sensitivity: 0.8071
Specificity: 0.9355
Classification report:
              precision    recall  f1-score   support

           0     0.8996    0.9355    0.9172      8636
           1     0.8714    0.8071    0.8381      4677

    accuracy                         0.8904     13313
   macro avg     0.8855    0.8713    0.8776     13313
weighted avg     0.8897    0.8904    0.8894     13313


================ VAL ================
Threshold: 0.490
Accuracy : 0.8843
Macro-F1 : 0.8726 (Class0: 0.9112, Class1: 0.8340)
AUC      : 0.9394
MCC      : 0.7460
G-Mean   : 0.8663
Sensitivity: 0.8112
Specificity: 0.9251
Classification report:
              precision    recall  f1-score   support

           0     0.8977    0.9251    0.9112      1830
           1     0.8582    0.8112    0.8340      1022

    accuracy                         0.8843      2852
   macro avg     0.8779    0.8681    0.8726      2852
weighted avg     0.8835    0.8843    0.8835      2852


================ TEST ================
Threshold: 0.490
Accuracy : 0.8644
Macro-F1 : 0.8484 (Class0: 0.8976, Class1: 0.7992)
AUC      : 0.9261
MCC      : 0.6975
G-Mean   : 0.8417
Sensitivity: 0.7786
Specificity: 0.9099
Classification report:
              precision    recall  f1-score   support

           0     0.8857    0.9099    0.8976      1865
           1     0.8209    0.7786    0.7992       989

    accuracy                         0.8644      2854
   macro avg     0.8533    0.8442    0.8484      2854
weighted avg     0.8632    0.8644    0.8635      2854


================================================================================
 RUN 5/30 (Seed=4)
================================================================================
================================================================================
 Pipeline: LP soft labels + MLP prob + 1.0 * KL + Focal + 0.0 * SupCon
================================================================================
_propagate 的参数值:
  alpha_pos = 0.5
  alpha_neg = 0.55
  forbid_flip = True
  flip_margin = 0.1

[LP] soft label stats (train only):
  pos mean: 0.8815
  neg mean: 0.0708
  seeds ratio: 0.301
训练函数参数值:
  lr = 0.001
  weight_decay = 1e-05
  epochs = 400
  focal_gamma = 2.0
  focal_alpha = 0.25
  use_contrastive = True
  contrastive_weight = 0.0
  contrastive_temp = 0.07
  minority_weight = 2.0
  use_kl = True
  kl_weight = 1.0
  device = cuda
Ep 010 | Focal=0.0421 | KL=0.1020 | Con=18.0465 | Total=0.1441 | ValF1@0.5=0.8539
Ep 020 | Focal=0.0324 | KL=0.0897 | Con=18.2823 | Total=0.1221 | ValF1@0.5=0.8582
Ep 030 | Focal=0.0278 | KL=0.0891 | Con=18.3577 | Total=0.1169 | ValF1@0.5=0.8628
Ep 040 | Focal=0.0309 | KL=0.0838 | Con=18.4803 | Total=0.1147 | ValF1@0.5=0.8607
Ep 050 | Focal=0.0277 | KL=0.0839 | Con=18.4321 | Total=0.1115 | ValF1@0.5=0.8631
Ep 060 | Focal=0.0282 | KL=0.0814 | Con=18.4539 | Total=0.1096 | ValF1@0.5=0.8655
Ep 070 | Focal=0.0277 | KL=0.0815 | Con=18.3734 | Total=0.1092 | ValF1@0.5=0.8647
Ep 080 | Focal=0.0280 | KL=0.0808 | Con=18.3670 | Total=0.1087 | ValF1@0.5=0.8624
Ep 090 | Focal=0.0274 | KL=0.0804 | Con=18.3303 | Total=0.1078 | ValF1@0.5=0.8625
Ep 100 | Focal=0.0270 | KL=0.0787 | Con=18.2864 | Total=0.1057 | ValF1@0.5=0.8630
Ep 110 | Focal=0.0266 | KL=0.0789 | Con=18.2367 | Total=0.1055 | ValF1@0.5=0.8636
Ep 120 | Focal=0.0261 | KL=0.0772 | Con=18.2169 | Total=0.1033 | ValF1@0.5=0.8633
Ep 130 | Focal=0.0255 | KL=0.0758 | Con=18.1842 | Total=0.1013 | ValF1@0.5=0.8639
Ep 140 | Focal=0.0256 | KL=0.0754 | Con=18.1610 | Total=0.1010 | ValF1@0.5=0.8659
Ep 150 | Focal=0.0254 | KL=0.0746 | Con=18.1253 | Total=0.1001 | ValF1@0.5=0.8670
Ep 160 | Focal=0.0246 | KL=0.0748 | Con=18.0770 | Total=0.0994 | ValF1@0.5=0.8643
Ep 170 | Focal=0.0240 | KL=0.0734 | Con=18.0916 | Total=0.0974 | ValF1@0.5=0.8652
Ep 180 | Focal=0.0238 | KL=0.0730 | Con=18.0364 | Total=0.0969 | ValF1@0.5=0.8663
Ep 190 | Focal=0.0238 | KL=0.0711 | Con=18.0031 | Total=0.0950 | ValF1@0.5=0.8672
Ep 200 | Focal=0.0230 | KL=0.0720 | Con=17.9685 | Total=0.0950 | ValF1@0.5=0.8667
Ep 210 | Focal=0.0225 | KL=0.0696 | Con=17.9422 | Total=0.0920 | ValF1@0.5=0.8647
Ep 220 | Focal=0.0227 | KL=0.0703 | Con=17.9629 | Total=0.0930 | ValF1@0.5=0.8674
Ep 230 | Focal=0.0223 | KL=0.0693 | Con=17.9382 | Total=0.0917 | ValF1@0.5=0.8694
Ep 240 | Focal=0.0223 | KL=0.0684 | Con=17.9032 | Total=0.0907 | ValF1@0.5=0.8657
Ep 250 | Focal=0.0222 | KL=0.0678 | Con=17.9204 | Total=0.0900 | ValF1@0.5=0.8657
Ep 260 | Focal=0.0217 | KL=0.0671 | Con=17.8600 | Total=0.0889 | ValF1@0.5=0.8675
Ep 270 | Focal=0.0211 | KL=0.0663 | Con=17.8005 | Total=0.0874 | ValF1@0.5=0.8654
Ep 280 | Focal=0.0210 | KL=0.0658 | Con=17.8362 | Total=0.0868 | ValF1@0.5=0.8622
Ep 290 | Focal=0.0209 | KL=0.0649 | Con=17.8065 | Total=0.0858 | ValF1@0.5=0.8675
Ep 300 | Focal=0.0211 | KL=0.0651 | Con=17.8223 | Total=0.0862 | ValF1@0.5=0.8652
Ep 310 | Focal=0.0195 | KL=0.0648 | Con=17.7330 | Total=0.0843 | ValF1@0.5=0.8525
Ep 320 | Focal=0.0196 | KL=0.0649 | Con=17.6930 | Total=0.0845 | ValF1@0.5=0.8703
Ep 330 | Focal=0.0194 | KL=0.0634 | Con=17.6677 | Total=0.0828 | ValF1@0.5=0.8688
Ep 340 | Focal=0.0192 | KL=0.0625 | Con=17.6518 | Total=0.0818 | ValF1@0.5=0.8608
Ep 350 | Focal=0.0191 | KL=0.0626 | Con=17.5949 | Total=0.0817 | ValF1@0.5=0.8671
Ep 360 | Focal=0.0184 | KL=0.0607 | Con=17.6213 | Total=0.0791 | ValF1@0.5=0.8687
Ep 370 | Focal=0.0193 | KL=0.0608 | Con=17.6582 | Total=0.0801 | ValF1@0.5=0.8623
Ep 380 | Focal=0.0192 | KL=0.0595 | Con=17.6304 | Total=0.0787 | ValF1@0.5=0.8620
Ep 390 | Focal=0.0185 | KL=0.0597 | Con=17.5381 | Total=0.0782 | ValF1@0.5=0.8657
Ep 400 | Focal=0.0180 | KL=0.0589 | Con=17.4622 | Total=0.0770 | ValF1@0.5=0.8663

[OK] Load best model by ValF1@0.5=0.8703

[VAL] best threshold=0.510, best macroF1=0.8712

================ TRAIN ================
Threshold: 0.510
Accuracy : 0.8867
Macro-F1 : 0.8747 (Class0: 0.9135, Class1: 0.8359)
AUC      : 0.9487
MCC      : 0.7497
G-Mean   : 0.8702
Sensitivity: 0.8210
Specificity: 0.9223
Classification report:
              precision    recall  f1-score   support

           0     0.9049    0.9223    0.9135      8636
           1     0.8513    0.8210    0.8359      4677

    accuracy                         0.8867     13313
   macro avg     0.8781    0.8717    0.8747     13313
weighted avg     0.8861    0.8867    0.8862     13313


================ VAL ================
Threshold: 0.510
Accuracy : 0.8818
Macro-F1 : 0.8712 (Class0: 0.9082, Class1: 0.8342)
AUC      : 0.9394
MCC      : 0.7425
G-Mean   : 0.8694
Sensitivity: 0.8297
Specificity: 0.9109
Classification report:
              precision    recall  f1-score   support

           0     0.9055    0.9109    0.9082      1830
           1     0.8388    0.8297    0.8342      1022

    accuracy                         0.8818      2852
   macro avg     0.8721    0.8703    0.8712      2852
weighted avg     0.8816    0.8818    0.8817      2852


================ TEST ================
Threshold: 0.510
Accuracy : 0.8672
Macro-F1 : 0.8530 (Class0: 0.8987, Class1: 0.8073)
AUC      : 0.9239
MCC      : 0.7060
G-Mean   : 0.8507
Sensitivity: 0.8028
Specificity: 0.9013
Classification report:
              precision    recall  f1-score   support

           0     0.8961    0.9013    0.8987      1865
           1     0.8119    0.8028    0.8073       989

    accuracy                         0.8672      2854
   macro avg     0.8540    0.8521    0.8530      2854
weighted avg     0.8669    0.8672    0.8670      2854


================================================================================
 RUN 6/30 (Seed=5)
================================================================================
================================================================================
 Pipeline: LP soft labels + MLP prob + 1.0 * KL + Focal + 0.0 * SupCon
================================================================================
_propagate 的参数值:
  alpha_pos = 0.5
  alpha_neg = 0.55
  forbid_flip = True
  flip_margin = 0.1

[LP] soft label stats (train only):
  pos mean: 0.8815
  neg mean: 0.0708
  seeds ratio: 0.301
训练函数参数值:
  lr = 0.001
  weight_decay = 1e-05
  epochs = 400
  focal_gamma = 2.0
  focal_alpha = 0.25
  use_contrastive = True
  contrastive_weight = 0.0
  contrastive_temp = 0.07
  minority_weight = 2.0
  use_kl = True
  kl_weight = 1.0
  device = cuda
Ep 010 | Focal=0.0459 | KL=0.0916 | Con=18.6199 | Total=0.1375 | ValF1@0.5=0.8501
Ep 020 | Focal=0.0285 | KL=0.0924 | Con=17.8779 | Total=0.1209 | ValF1@0.5=0.8628
Ep 030 | Focal=0.0295 | KL=0.0862 | Con=18.1303 | Total=0.1157 | ValF1@0.5=0.8629
Ep 040 | Focal=0.0292 | KL=0.0835 | Con=18.1574 | Total=0.1126 | ValF1@0.5=0.8348
Ep 050 | Focal=0.0284 | KL=0.0828 | Con=18.1912 | Total=0.1112 | ValF1@0.5=0.8653
Ep 060 | Focal=0.0280 | KL=0.0818 | Con=18.1886 | Total=0.1098 | ValF1@0.5=0.8656
Ep 070 | Focal=0.0282 | KL=0.0812 | Con=18.1852 | Total=0.1094 | ValF1@0.5=0.8674
Ep 080 | Focal=0.0271 | KL=0.0804 | Con=18.1666 | Total=0.1075 | ValF1@0.5=0.8646
Ep 090 | Focal=0.0274 | KL=0.0798 | Con=18.1990 | Total=0.1072 | ValF1@0.5=0.8653
Ep 100 | Focal=0.0269 | KL=0.0788 | Con=18.1714 | Total=0.1056 | ValF1@0.5=0.8643
Ep 110 | Focal=0.0267 | KL=0.0785 | Con=18.1876 | Total=0.1051 | ValF1@0.5=0.8662
Ep 120 | Focal=0.0261 | KL=0.0769 | Con=18.1884 | Total=0.1030 | ValF1@0.5=0.8653
Ep 130 | Focal=0.0257 | KL=0.0765 | Con=18.1816 | Total=0.1022 | ValF1@0.5=0.8597
Ep 140 | Focal=0.0251 | KL=0.0752 | Con=18.1250 | Total=0.1003 | ValF1@0.5=0.8662
Ep 150 | Focal=0.0252 | KL=0.0750 | Con=18.1349 | Total=0.1002 | ValF1@0.5=0.8655
Ep 160 | Focal=0.0253 | KL=0.0741 | Con=18.1556 | Total=0.0994 | ValF1@0.5=0.8550
Ep 170 | Focal=0.0243 | KL=0.0732 | Con=18.1079 | Total=0.0975 | ValF1@0.5=0.8640
Ep 180 | Focal=0.0236 | KL=0.0721 | Con=18.0466 | Total=0.0956 | ValF1@0.5=0.8648
Ep 190 | Focal=0.0237 | KL=0.0723 | Con=18.0660 | Total=0.0960 | ValF1@0.5=0.8631
Ep 200 | Focal=0.0237 | KL=0.0713 | Con=18.0324 | Total=0.0950 | ValF1@0.5=0.8669
Ep 210 | Focal=0.0230 | KL=0.0704 | Con=17.9822 | Total=0.0934 | ValF1@0.5=0.8654
Ep 220 | Focal=0.0228 | KL=0.0694 | Con=17.9653 | Total=0.0922 | ValF1@0.5=0.8650
Ep 230 | Focal=0.0226 | KL=0.0692 | Con=17.9034 | Total=0.0918 | ValF1@0.5=0.8667
Ep 240 | Focal=0.0227 | KL=0.0693 | Con=17.9140 | Total=0.0920 | ValF1@0.5=0.8636
Ep 250 | Focal=0.0228 | KL=0.0687 | Con=17.8918 | Total=0.0915 | ValF1@0.5=0.8698
Ep 260 | Focal=0.0220 | KL=0.0674 | Con=17.9204 | Total=0.0894 | ValF1@0.5=0.8656
Ep 270 | Focal=0.0213 | KL=0.0669 | Con=17.8504 | Total=0.0882 | ValF1@0.5=0.8656
Ep 280 | Focal=0.0212 | KL=0.0657 | Con=17.7973 | Total=0.0869 | ValF1@0.5=0.8611
Ep 290 | Focal=0.0206 | KL=0.0652 | Con=17.7507 | Total=0.0857 | ValF1@0.5=0.8658
Ep 300 | Focal=0.0201 | KL=0.0641 | Con=17.7048 | Total=0.0842 | ValF1@0.5=0.8658
Ep 310 | Focal=0.0204 | KL=0.0636 | Con=17.7287 | Total=0.0840 | ValF1@0.5=0.8625
Ep 320 | Focal=0.0199 | KL=0.0634 | Con=17.6953 | Total=0.0833 | ValF1@0.5=0.8657
Ep 330 | Focal=0.0198 | KL=0.0622 | Con=17.6490 | Total=0.0821 | ValF1@0.5=0.8662
Ep 340 | Focal=0.0206 | KL=0.0616 | Con=17.7348 | Total=0.0822 | ValF1@0.5=0.8639
Ep 350 | Focal=0.0184 | KL=0.0613 | Con=17.5284 | Total=0.0797 | ValF1@0.5=0.8668
Ep 360 | Focal=0.0188 | KL=0.0608 | Con=17.6059 | Total=0.0796 | ValF1@0.5=0.8674
Ep 370 | Focal=0.0195 | KL=0.0589 | Con=17.6352 | Total=0.0784 | ValF1@0.5=0.8677
Ep 380 | Focal=0.0188 | KL=0.0595 | Con=17.6348 | Total=0.0784 | ValF1@0.5=0.8694
Ep 390 | Focal=0.0178 | KL=0.0597 | Con=17.4434 | Total=0.0775 | ValF1@0.5=0.8602
Ep 400 | Focal=0.0180 | KL=0.0589 | Con=17.4673 | Total=0.0770 | ValF1@0.5=0.8671

[OK] Load best model by ValF1@0.5=0.8698

[VAL] best threshold=0.500, best macroF1=0.8698

================ TRAIN ================
Threshold: 0.500
Accuracy : 0.8892
Macro-F1 : 0.8753 (Class0: 0.9170, Class1: 0.8336)
AUC      : 0.9449
MCC      : 0.7535
G-Mean   : 0.8631
Sensitivity: 0.7900
Specificity: 0.9429
Classification report:
              precision    recall  f1-score   support

           0     0.8924    0.9429    0.9170      8636
           1     0.8823    0.7900    0.8336      4677

    accuracy                         0.8892     13313
   macro avg     0.8873    0.8665    0.8753     13313
weighted avg     0.8888    0.8892    0.8877     13313


================ VAL ================
Threshold: 0.500
Accuracy : 0.8825
Macro-F1 : 0.8698 (Class0: 0.9105, Class1: 0.8292)
AUC      : 0.9377
MCC      : 0.7415
G-Mean   : 0.8607
Sensitivity: 0.7955
Specificity: 0.9311
Classification report:
              precision    recall  f1-score   support

           0     0.8907    0.9311    0.9105      1830
           1     0.8658    0.7955    0.8292      1022

    accuracy                         0.8825      2852
   macro avg     0.8783    0.8633    0.8698      2852
weighted avg     0.8818    0.8825    0.8814      2852


================ TEST ================
Threshold: 0.500
Accuracy : 0.8732
Macro-F1 : 0.8573 (Class0: 0.9049, Class1: 0.8097)
AUC      : 0.9243
MCC      : 0.7161
G-Mean   : 0.8479
Sensitivity: 0.7786
Specificity: 0.9233
Classification report:
              precision    recall  f1-score   support

           0     0.8872    0.9233    0.9049      1865
           1     0.8434    0.7786    0.8097       989

    accuracy                         0.8732      2854
   macro avg     0.8653    0.8509    0.8573      2854
weighted avg     0.8720    0.8732    0.8719      2854


================================================================================
 RUN 7/30 (Seed=6)
================================================================================
================================================================================
 Pipeline: LP soft labels + MLP prob + 1.0 * KL + Focal + 0.0 * SupCon
================================================================================
_propagate 的参数值:
  alpha_pos = 0.5
  alpha_neg = 0.55
  forbid_flip = True
  flip_margin = 0.1

[LP] soft label stats (train only):
  pos mean: 0.8815
  neg mean: 0.0708
  seeds ratio: 0.301
训练函数参数值:
  lr = 0.001
  weight_decay = 1e-05
  epochs = 400
  focal_gamma = 2.0
  focal_alpha = 0.25
  use_contrastive = True
  contrastive_weight = 0.0
  contrastive_temp = 0.07
  minority_weight = 2.0
  use_kl = True
  kl_weight = 1.0
  device = cuda
Ep 010 | Focal=0.0459 | KL=0.0931 | Con=18.2634 | Total=0.1390 | ValF1@0.5=0.8552
Ep 020 | Focal=0.0277 | KL=0.0904 | Con=17.9713 | Total=0.1181 | ValF1@0.5=0.8588
Ep 030 | Focal=0.0293 | KL=0.0847 | Con=18.3272 | Total=0.1140 | ValF1@0.5=0.8491
Ep 040 | Focal=0.0304 | KL=0.0834 | Con=18.4464 | Total=0.1138 | ValF1@0.5=0.8504
Ep 050 | Focal=0.0276 | KL=0.0847 | Con=18.3839 | Total=0.1124 | ValF1@0.5=0.8637
Ep 060 | Focal=0.0293 | KL=0.0816 | Con=18.4436 | Total=0.1110 | ValF1@0.5=0.8644
Ep 070 | Focal=0.0273 | KL=0.0814 | Con=18.3598 | Total=0.1088 | ValF1@0.5=0.8637
Ep 080 | Focal=0.0274 | KL=0.0799 | Con=18.3350 | Total=0.1073 | ValF1@0.5=0.8618
Ep 090 | Focal=0.0268 | KL=0.0792 | Con=18.2818 | Total=0.1060 | ValF1@0.5=0.8609
Ep 100 | Focal=0.0265 | KL=0.0780 | Con=18.2225 | Total=0.1046 | ValF1@0.5=0.8627
Ep 110 | Focal=0.0262 | KL=0.0777 | Con=18.1477 | Total=0.1040 | ValF1@0.5=0.8624
Ep 120 | Focal=0.0255 | KL=0.0766 | Con=18.0979 | Total=0.1021 | ValF1@0.5=0.8630
Ep 130 | Focal=0.0255 | KL=0.0756 | Con=18.0894 | Total=0.1010 | ValF1@0.5=0.8634
Ep 140 | Focal=0.0254 | KL=0.0756 | Con=18.0769 | Total=0.1010 | ValF1@0.5=0.8656
Ep 150 | Focal=0.0246 | KL=0.0740 | Con=18.0002 | Total=0.0985 | ValF1@0.5=0.8650
Ep 160 | Focal=0.0245 | KL=0.0737 | Con=17.9899 | Total=0.0982 | ValF1@0.5=0.8636
Ep 170 | Focal=0.0239 | KL=0.0732 | Con=17.9134 | Total=0.0971 | ValF1@0.5=0.8673
Ep 180 | Focal=0.0239 | KL=0.0716 | Con=17.8921 | Total=0.0956 | ValF1@0.5=0.8653
Ep 190 | Focal=0.0234 | KL=0.0706 | Con=17.8460 | Total=0.0940 | ValF1@0.5=0.8680
Ep 200 | Focal=0.0233 | KL=0.0698 | Con=17.8654 | Total=0.0931 | ValF1@0.5=0.8673
Ep 210 | Focal=0.0223 | KL=0.0704 | Con=17.7568 | Total=0.0926 | ValF1@0.5=0.8633
Ep 220 | Focal=0.0218 | KL=0.0683 | Con=17.7614 | Total=0.0901 | ValF1@0.5=0.8681
Ep 230 | Focal=0.0224 | KL=0.0678 | Con=17.7243 | Total=0.0902 | ValF1@0.5=0.8673
Ep 240 | Focal=0.0219 | KL=0.0674 | Con=17.6842 | Total=0.0893 | ValF1@0.5=0.8647
Ep 250 | Focal=0.0213 | KL=0.0672 | Con=17.6909 | Total=0.0885 | ValF1@0.5=0.8645
Ep 260 | Focal=0.0214 | KL=0.0668 | Con=17.6366 | Total=0.0882 | ValF1@0.5=0.8689
Ep 270 | Focal=0.0209 | KL=0.0656 | Con=17.5782 | Total=0.0865 | ValF1@0.5=0.8670
Ep 280 | Focal=0.0204 | KL=0.0657 | Con=17.5159 | Total=0.0861 | ValF1@0.5=0.8687
Ep 290 | Focal=0.0200 | KL=0.0635 | Con=17.5724 | Total=0.0835 | ValF1@0.5=0.8681
Ep 300 | Focal=0.0203 | KL=0.0634 | Con=17.5120 | Total=0.0837 | ValF1@0.5=0.8672
Ep 310 | Focal=0.0193 | KL=0.0615 | Con=17.5299 | Total=0.0808 | ValF1@0.5=0.8689
Ep 320 | Focal=0.0192 | KL=0.0623 | Con=17.4805 | Total=0.0816 | ValF1@0.5=0.8690
Ep 330 | Focal=0.0193 | KL=0.0610 | Con=17.4390 | Total=0.0802 | ValF1@0.5=0.8632
Ep 340 | Focal=0.0186 | KL=0.0607 | Con=17.3674 | Total=0.0793 | ValF1@0.5=0.8634
Ep 350 | Focal=0.0188 | KL=0.0595 | Con=17.3937 | Total=0.0784 | ValF1@0.5=0.8689
Ep 360 | Focal=0.0183 | KL=0.0600 | Con=17.2637 | Total=0.0783 | ValF1@0.5=0.8682
Ep 370 | Focal=0.0179 | KL=0.0586 | Con=17.2402 | Total=0.0765 | ValF1@0.5=0.8650
Ep 380 | Focal=0.0177 | KL=0.0577 | Con=17.2217 | Total=0.0753 | ValF1@0.5=0.8687
Ep 390 | Focal=0.0170 | KL=0.0561 | Con=17.2217 | Total=0.0732 | ValF1@0.5=0.8671
Ep 400 | Focal=0.0171 | KL=0.0560 | Con=17.1654 | Total=0.0731 | ValF1@0.5=0.8652

[OK] Load best model by ValF1@0.5=0.8690

[VAL] best threshold=0.500, best macroF1=0.8690

================ TRAIN ================
Threshold: 0.500
Accuracy : 0.8873
Macro-F1 : 0.8740 (Class0: 0.9150, Class1: 0.8330)
AUC      : 0.9439
MCC      : 0.7497
G-Mean   : 0.8646
Sensitivity: 0.7997
Specificity: 0.9348
Classification report:
              precision    recall  f1-score   support

           0     0.8960    0.9348    0.9150      8636
           1     0.8692    0.7997    0.8330      4677

    accuracy                         0.8873     13313
   macro avg     0.8826    0.8672    0.8740     13313
weighted avg     0.8866    0.8873    0.8862     13313


================ VAL ================
Threshold: 0.500
Accuracy : 0.8811
Macro-F1 : 0.8690 (Class0: 0.9088, Class1: 0.8292)
AUC      : 0.9342
MCC      : 0.7390
G-Mean   : 0.8624
Sensitivity: 0.8053
Specificity: 0.9235
Classification report:
              precision    recall  f1-score   support

           0     0.8947    0.9235    0.9088      1830
           1     0.8546    0.8053    0.8292      1022

    accuracy                         0.8811      2852
   macro avg     0.8746    0.8644    0.8690      2852
weighted avg     0.8803    0.8811    0.8803      2852


================ TEST ================
Threshold: 0.500
Accuracy : 0.8697
Macro-F1 : 0.8542 (Class0: 0.9017, Class1: 0.8067)
AUC      : 0.9222
MCC      : 0.7091
G-Mean   : 0.8472
Sensitivity: 0.7846
Specificity: 0.9147
Classification report:
              precision    recall  f1-score   support

           0     0.8890    0.9147    0.9017      1865
           1     0.8299    0.7846    0.8067       989

    accuracy                         0.8697      2854
   macro avg     0.8595    0.8497    0.8542      2854
weighted avg     0.8685    0.8697    0.8688      2854


================================================================================
 RUN 8/30 (Seed=7)
================================================================================
================================================================================
 Pipeline: LP soft labels + MLP prob + 1.0 * KL + Focal + 0.0 * SupCon
================================================================================
_propagate 的参数值:
  alpha_pos = 0.5
  alpha_neg = 0.55
  forbid_flip = True
  flip_margin = 0.1

[LP] soft label stats (train only):
  pos mean: 0.8815
  neg mean: 0.0708
  seeds ratio: 0.301
训练函数参数值:
  lr = 0.001
  weight_decay = 1e-05
  epochs = 400
  focal_gamma = 2.0
  focal_alpha = 0.25
  use_contrastive = True
  contrastive_weight = 0.0
  contrastive_temp = 0.07
  minority_weight = 2.0
  use_kl = True
  kl_weight = 1.0
  device = cuda
Ep 010 | Focal=0.0403 | KL=0.0929 | Con=18.6410 | Total=0.1332 | ValF1@0.5=0.8567
Ep 020 | Focal=0.0327 | KL=0.0883 | Con=18.7052 | Total=0.1210 | ValF1@0.5=0.8538
Ep 030 | Focal=0.0271 | KL=0.0896 | Con=18.7863 | Total=0.1166 | ValF1@0.5=0.8655
Ep 040 | Focal=0.0311 | KL=0.0826 | Con=18.9963 | Total=0.1137 | ValF1@0.5=0.8470
Ep 050 | Focal=0.0275 | KL=0.0840 | Con=18.8965 | Total=0.1115 | ValF1@0.5=0.8635
Ep 060 | Focal=0.0284 | KL=0.0814 | Con=18.9347 | Total=0.1098 | ValF1@0.5=0.8638
Ep 070 | Focal=0.0278 | KL=0.0810 | Con=18.8714 | Total=0.1088 | ValF1@0.5=0.8611
Ep 080 | Focal=0.0276 | KL=0.0805 | Con=18.8750 | Total=0.1081 | ValF1@0.5=0.8608
Ep 090 | Focal=0.0269 | KL=0.0788 | Con=18.8363 | Total=0.1058 | ValF1@0.5=0.8641
Ep 100 | Focal=0.0271 | KL=0.0792 | Con=18.8236 | Total=0.1063 | ValF1@0.5=0.8620
Ep 110 | Focal=0.0261 | KL=0.0772 | Con=18.8148 | Total=0.1033 | ValF1@0.5=0.8625
Ep 120 | Focal=0.0259 | KL=0.0769 | Con=18.7469 | Total=0.1028 | ValF1@0.5=0.8645
Ep 130 | Focal=0.0257 | KL=0.0759 | Con=18.7340 | Total=0.1016 | ValF1@0.5=0.8617
Ep 140 | Focal=0.0254 | KL=0.0749 | Con=18.7036 | Total=0.1003 | ValF1@0.5=0.8635
Ep 150 | Focal=0.0248 | KL=0.0741 | Con=18.6813 | Total=0.0989 | ValF1@0.5=0.8656
Ep 160 | Focal=0.0246 | KL=0.0743 | Con=18.6601 | Total=0.0989 | ValF1@0.5=0.8672
Ep 170 | Focal=0.0239 | KL=0.0729 | Con=18.6533 | Total=0.0968 | ValF1@0.5=0.8680
Ep 180 | Focal=0.0241 | KL=0.0718 | Con=18.6349 | Total=0.0959 | ValF1@0.5=0.8660
Ep 190 | Focal=0.0239 | KL=0.0724 | Con=18.5496 | Total=0.0963 | ValF1@0.5=0.8655
Ep 200 | Focal=0.0235 | KL=0.0712 | Con=18.5952 | Total=0.0947 | ValF1@0.5=0.8684
Ep 210 | Focal=0.0237 | KL=0.0713 | Con=18.5689 | Total=0.0950 | ValF1@0.5=0.8680
Ep 220 | Focal=0.0230 | KL=0.0704 | Con=18.5148 | Total=0.0934 | ValF1@0.5=0.8670
Ep 230 | Focal=0.0229 | KL=0.0703 | Con=18.5430 | Total=0.0932 | ValF1@0.5=0.8670
Ep 240 | Focal=0.0226 | KL=0.0694 | Con=18.4671 | Total=0.0920 | ValF1@0.5=0.8638
Ep 250 | Focal=0.0220 | KL=0.0690 | Con=18.4860 | Total=0.0910 | ValF1@0.5=0.8658
Ep 260 | Focal=0.0216 | KL=0.0678 | Con=18.3429 | Total=0.0894 | ValF1@0.5=0.8658
Ep 270 | Focal=0.0218 | KL=0.0674 | Con=18.3599 | Total=0.0892 | ValF1@0.5=0.8636
Ep 280 | Focal=0.0215 | KL=0.0668 | Con=18.3410 | Total=0.0883 | ValF1@0.5=0.8667
Ep 290 | Focal=0.0216 | KL=0.0662 | Con=18.3891 | Total=0.0878 | ValF1@0.5=0.8646
Ep 300 | Focal=0.0212 | KL=0.0654 | Con=18.2584 | Total=0.0866 | ValF1@0.5=0.8666
Ep 310 | Focal=0.0212 | KL=0.0654 | Con=18.3145 | Total=0.0866 | ValF1@0.5=0.8636
Ep 320 | Focal=0.0210 | KL=0.0649 | Con=18.2270 | Total=0.0859 | ValF1@0.5=0.8649
Ep 330 | Focal=0.0202 | KL=0.0641 | Con=18.1697 | Total=0.0843 | ValF1@0.5=0.8645
Ep 340 | Focal=0.0202 | KL=0.0641 | Con=18.1785 | Total=0.0843 | ValF1@0.5=0.8665
Ep 350 | Focal=0.0196 | KL=0.0634 | Con=18.1178 | Total=0.0830 | ValF1@0.5=0.8655
Ep 360 | Focal=0.0194 | KL=0.0630 | Con=18.0463 | Total=0.0824 | ValF1@0.5=0.8665
Ep 370 | Focal=0.0197 | KL=0.0621 | Con=18.0746 | Total=0.0818 | ValF1@0.5=0.8638
Ep 380 | Focal=0.0188 | KL=0.0605 | Con=18.0335 | Total=0.0793 | ValF1@0.5=0.8677
Ep 390 | Focal=0.0196 | KL=0.0607 | Con=18.0322 | Total=0.0803 | ValF1@0.5=0.8686
Ep 400 | Focal=0.0180 | KL=0.0602 | Con=17.8231 | Total=0.0782 | ValF1@0.5=0.8680

[OK] Load best model by ValF1@0.5=0.8686

[VAL] best threshold=0.500, best macroF1=0.8686

================ TRAIN ================
Threshold: 0.500
Accuracy : 0.8906
Macro-F1 : 0.8785 (Class0: 0.9168, Class1: 0.8402)
AUC      : 0.9527
MCC      : 0.7577
G-Mean   : 0.8724
Sensitivity: 0.8191
Specificity: 0.9292
Classification report:
              precision    recall  f1-score   support

           0     0.9046    0.9292    0.9168      8636
           1     0.8624    0.8191    0.8402      4677

    accuracy                         0.8906     13313
   macro avg     0.8835    0.8742    0.8785     13313
weighted avg     0.8898    0.8906    0.8899     13313


================ VAL ================
Threshold: 0.500
Accuracy : 0.8801
Macro-F1 : 0.8686 (Class0: 0.9075, Class1: 0.8297)
AUC      : 0.9369
MCC      : 0.7375
G-Mean   : 0.8642
Sensitivity: 0.8151
Specificity: 0.9164
Classification report:
              precision    recall  f1-score   support

           0     0.8987    0.9164    0.9075      1830
           1     0.8448    0.8151    0.8297      1022

    accuracy                         0.8801      2852
   macro avg     0.8718    0.8657    0.8686      2852
weighted avg     0.8794    0.8801    0.8796      2852


================ TEST ================
Threshold: 0.500
Accuracy : 0.8690
Macro-F1 : 0.8543 (Class0: 0.9005, Class1: 0.8082)
AUC      : 0.9269
MCC      : 0.7089
G-Mean   : 0.8502
Sensitivity: 0.7968
Specificity: 0.9072
Classification report:
              precision    recall  f1-score   support

           0     0.8938    0.9072    0.9005      1865
           1     0.8200    0.7968    0.8082       989

    accuracy                         0.8690      2854
   macro avg     0.8569    0.8520    0.8543      2854
weighted avg     0.8682    0.8690    0.8685      2854


================================================================================
 RUN 9/30 (Seed=8)
================================================================================
================================================================================
 Pipeline: LP soft labels + MLP prob + 1.0 * KL + Focal + 0.0 * SupCon
================================================================================
_propagate 的参数值:
  alpha_pos = 0.5
  alpha_neg = 0.55
  forbid_flip = True
  flip_margin = 0.1

[LP] soft label stats (train only):
  pos mean: 0.8815
  neg mean: 0.0708
  seeds ratio: 0.301
训练函数参数值:
  lr = 0.001
  weight_decay = 1e-05
  epochs = 400
  focal_gamma = 2.0
  focal_alpha = 0.25
  use_contrastive = True
  contrastive_weight = 0.0
  contrastive_temp = 0.07
  minority_weight = 2.0
  use_kl = True
  kl_weight = 1.0
  device = cuda
Ep 010 | Focal=0.0424 | KL=0.1046 | Con=17.8036 | Total=0.1470 | ValF1@0.5=0.8604
Ep 020 | Focal=0.0342 | KL=0.0890 | Con=18.0134 | Total=0.1232 | ValF1@0.5=0.8575
Ep 030 | Focal=0.0269 | KL=0.0908 | Con=18.0664 | Total=0.1177 | ValF1@0.5=0.8642
Ep 040 | Focal=0.0307 | KL=0.0838 | Con=18.3020 | Total=0.1145 | ValF1@0.5=0.8430
Ep 050 | Focal=0.0286 | KL=0.0839 | Con=18.2273 | Total=0.1125 | ValF1@0.5=0.8655
Ep 060 | Focal=0.0279 | KL=0.0825 | Con=18.2288 | Total=0.1105 | ValF1@0.5=0.8660
Ep 070 | Focal=0.0283 | KL=0.0816 | Con=18.2354 | Total=0.1099 | ValF1@0.5=0.8649
Ep 080 | Focal=0.0274 | KL=0.0807 | Con=18.1846 | Total=0.1081 | ValF1@0.5=0.8658
Ep 090 | Focal=0.0272 | KL=0.0801 | Con=18.1788 | Total=0.1073 | ValF1@0.5=0.8662
Ep 100 | Focal=0.0266 | KL=0.0789 | Con=18.1320 | Total=0.1055 | ValF1@0.5=0.8631
Ep 110 | Focal=0.0265 | KL=0.0780 | Con=18.1534 | Total=0.1045 | ValF1@0.5=0.8630
Ep 120 | Focal=0.0265 | KL=0.0775 | Con=18.1593 | Total=0.1039 | ValF1@0.5=0.8620
Ep 130 | Focal=0.0259 | KL=0.0760 | Con=18.1305 | Total=0.1019 | ValF1@0.5=0.8627
Ep 140 | Focal=0.0253 | KL=0.0755 | Con=18.1594 | Total=0.1009 | ValF1@0.5=0.8622
Ep 150 | Focal=0.0251 | KL=0.0751 | Con=18.1587 | Total=0.1001 | ValF1@0.5=0.8668
Ep 160 | Focal=0.0247 | KL=0.0744 | Con=18.1129 | Total=0.0991 | ValF1@0.5=0.8682
Ep 170 | Focal=0.0248 | KL=0.0740 | Con=18.1433 | Total=0.0988 | ValF1@0.5=0.8659
Ep 180 | Focal=0.0243 | KL=0.0726 | Con=18.0855 | Total=0.0970 | ValF1@0.5=0.8697
Ep 190 | Focal=0.0248 | KL=0.0730 | Con=18.1216 | Total=0.0978 | ValF1@0.5=0.8670
Ep 200 | Focal=0.0237 | KL=0.0716 | Con=18.0488 | Total=0.0953 | ValF1@0.5=0.8677
Ep 210 | Focal=0.0224 | KL=0.0715 | Con=17.9879 | Total=0.0939 | ValF1@0.5=0.8687
Ep 220 | Focal=0.0233 | KL=0.0702 | Con=18.0691 | Total=0.0935 | ValF1@0.5=0.8674
Ep 230 | Focal=0.0229 | KL=0.0696 | Con=18.0703 | Total=0.0925 | ValF1@0.5=0.8677
Ep 240 | Focal=0.0231 | KL=0.0687 | Con=18.0141 | Total=0.0918 | ValF1@0.5=0.8647
Ep 250 | Focal=0.0220 | KL=0.0676 | Con=17.9504 | Total=0.0896 | ValF1@0.5=0.8693
Ep 260 | Focal=0.0223 | KL=0.0683 | Con=17.9943 | Total=0.0906 | ValF1@0.5=0.8622
Ep 270 | Focal=0.0222 | KL=0.0673 | Con=17.9560 | Total=0.0896 | ValF1@0.5=0.8687
Ep 280 | Focal=0.0213 | KL=0.0662 | Con=17.9328 | Total=0.0875 | ValF1@0.5=0.8664
Ep 290 | Focal=0.0214 | KL=0.0659 | Con=17.9592 | Total=0.0874 | ValF1@0.5=0.8684
Ep 300 | Focal=0.0208 | KL=0.0650 | Con=17.8599 | Total=0.0858 | ValF1@0.5=0.8675
Ep 310 | Focal=0.0203 | KL=0.0656 | Con=17.8602 | Total=0.0859 | ValF1@0.5=0.8664
Ep 320 | Focal=0.0207 | KL=0.0642 | Con=17.8348 | Total=0.0848 | ValF1@0.5=0.8659
Ep 330 | Focal=0.0208 | KL=0.0639 | Con=17.8439 | Total=0.0847 | ValF1@0.5=0.8709
Ep 340 | Focal=0.0195 | KL=0.0640 | Con=17.7028 | Total=0.0835 | ValF1@0.5=0.8699
Ep 350 | Focal=0.0198 | KL=0.0634 | Con=17.7083 | Total=0.0832 | ValF1@0.5=0.8667
Ep 360 | Focal=0.0192 | KL=0.0617 | Con=17.6797 | Total=0.0809 | ValF1@0.5=0.8689
Ep 370 | Focal=0.0189 | KL=0.0617 | Con=17.6764 | Total=0.0806 | ValF1@0.5=0.8659
Ep 380 | Focal=0.0190 | KL=0.0608 | Con=17.6513 | Total=0.0798 | ValF1@0.5=0.8666
Ep 390 | Focal=0.0181 | KL=0.0604 | Con=17.5554 | Total=0.0785 | ValF1@0.5=0.8687
Ep 400 | Focal=0.0183 | KL=0.0590 | Con=17.5256 | Total=0.0773 | ValF1@0.5=0.8666

[OK] Load best model by ValF1@0.5=0.8709

[VAL] best threshold=0.500, best macroF1=0.8709

================ TRAIN ================
Threshold: 0.500
Accuracy : 0.8898
Macro-F1 : 0.8760 (Class0: 0.9174, Class1: 0.8345)
AUC      : 0.9508
MCC      : 0.7549
G-Mean   : 0.8638
Sensitivity: 0.7909
Specificity: 0.9434
Classification report:
              precision    recall  f1-score   support

           0     0.8928    0.9434    0.9174      8636
           1     0.8832    0.7909    0.8345      4677

    accuracy                         0.8898     13313
   macro avg     0.8880    0.8671    0.8760     13313
weighted avg     0.8895    0.8898    0.8883     13313


================ VAL ================
Threshold: 0.500
Accuracy : 0.8836
Macro-F1 : 0.8709 (Class0: 0.9114, Class1: 0.8304)
AUC      : 0.9383
MCC      : 0.7437
G-Mean   : 0.8614
Sensitivity: 0.7955
Specificity: 0.9328
Classification report:
              precision    recall  f1-score   support

           0     0.8909    0.9328    0.9114      1830
           1     0.8686    0.7955    0.8304      1022

    accuracy                         0.8836      2852
   macro avg     0.8798    0.8641    0.8709      2852
weighted avg     0.8829    0.8836    0.8824      2852


================ TEST ================
Threshold: 0.500
Accuracy : 0.8725
Macro-F1 : 0.8563 (Class0: 0.9045, Class1: 0.8080)
AUC      : 0.9259
MCC      : 0.7143
G-Mean   : 0.8461
Sensitivity: 0.7745
Specificity: 0.9244
Classification report:
              precision    recall  f1-score   support

           0     0.8855    0.9244    0.9045      1865
           1     0.8445    0.7745    0.8080       989

    accuracy                         0.8725      2854
   macro avg     0.8650    0.8495    0.8563      2854
weighted avg     0.8713    0.8725    0.8711      2854


================================================================================
 RUN 10/30 (Seed=9)
================================================================================
================================================================================
 Pipeline: LP soft labels + MLP prob + 1.0 * KL + Focal + 0.0 * SupCon
================================================================================
_propagate 的参数值:
  alpha_pos = 0.5
  alpha_neg = 0.55
  forbid_flip = True
  flip_margin = 0.1

[LP] soft label stats (train only):
  pos mean: 0.8815
  neg mean: 0.0708
  seeds ratio: 0.301
训练函数参数值:
  lr = 0.001
  weight_decay = 1e-05
  epochs = 400
  focal_gamma = 2.0
  focal_alpha = 0.25
  use_contrastive = True
  contrastive_weight = 0.0
  contrastive_temp = 0.07
  minority_weight = 2.0
  use_kl = True
  kl_weight = 1.0
  device = cuda
Ep 010 | Focal=0.0398 | KL=0.0898 | Con=18.6070 | Total=0.1296 | ValF1@0.5=0.8557
Ep 020 | Focal=0.0318 | KL=0.0886 | Con=18.4120 | Total=0.1204 | ValF1@0.5=0.8644
Ep 030 | Focal=0.0274 | KL=0.0884 | Con=18.3448 | Total=0.1158 | ValF1@0.5=0.8670
Ep 040 | Focal=0.0306 | KL=0.0827 | Con=18.5605 | Total=0.1134 | ValF1@0.5=0.8364
Ep 050 | Focal=0.0275 | KL=0.0832 | Con=18.5017 | Total=0.1107 | ValF1@0.5=0.8645
Ep 060 | Focal=0.0283 | KL=0.0813 | Con=18.5322 | Total=0.1095 | ValF1@0.5=0.8648
Ep 070 | Focal=0.0276 | KL=0.0809 | Con=18.5253 | Total=0.1085 | ValF1@0.5=0.8651
Ep 080 | Focal=0.0273 | KL=0.0799 | Con=18.4924 | Total=0.1072 | ValF1@0.5=0.8653
Ep 090 | Focal=0.0270 | KL=0.0787 | Con=18.4434 | Total=0.1056 | ValF1@0.5=0.8655
Ep 100 | Focal=0.0264 | KL=0.0778 | Con=18.3941 | Total=0.1042 | ValF1@0.5=0.8648
Ep 110 | Focal=0.0258 | KL=0.0766 | Con=18.3927 | Total=0.1024 | ValF1@0.5=0.8649
Ep 120 | Focal=0.0261 | KL=0.0766 | Con=18.3464 | Total=0.1026 | ValF1@0.5=0.8650
Ep 130 | Focal=0.0257 | KL=0.0757 | Con=18.3122 | Total=0.1014 | ValF1@0.5=0.8683
Ep 140 | Focal=0.0248 | KL=0.0749 | Con=18.2650 | Total=0.0997 | ValF1@0.5=0.8653
Ep 150 | Focal=0.0248 | KL=0.0736 | Con=18.2261 | Total=0.0983 | ValF1@0.5=0.8659
Ep 160 | Focal=0.0246 | KL=0.0739 | Con=18.1945 | Total=0.0985 | ValF1@0.5=0.8631
Ep 170 | Focal=0.0240 | KL=0.0721 | Con=18.1473 | Total=0.0960 | ValF1@0.5=0.8634
Ep 180 | Focal=0.0235 | KL=0.0712 | Con=18.1042 | Total=0.0947 | ValF1@0.5=0.8657
Ep 190 | Focal=0.0235 | KL=0.0712 | Con=18.0743 | Total=0.0947 | ValF1@0.5=0.8653
Ep 200 | Focal=0.0232 | KL=0.0704 | Con=18.0126 | Total=0.0937 | ValF1@0.5=0.8642
Ep 210 | Focal=0.0229 | KL=0.0696 | Con=17.9975 | Total=0.0924 | ValF1@0.5=0.8655
Ep 220 | Focal=0.0221 | KL=0.0685 | Con=17.9319 | Total=0.0907 | ValF1@0.5=0.8658
Ep 230 | Focal=0.0214 | KL=0.0679 | Con=17.8559 | Total=0.0893 | ValF1@0.5=0.8679
Ep 240 | Focal=0.0215 | KL=0.0686 | Con=17.8364 | Total=0.0900 | ValF1@0.5=0.8678
Ep 250 | Focal=0.0211 | KL=0.0662 | Con=17.7415 | Total=0.0872 | ValF1@0.5=0.8666
Ep 260 | Focal=0.0217 | KL=0.0660 | Con=17.7647 | Total=0.0877 | ValF1@0.5=0.8656
Ep 270 | Focal=0.0208 | KL=0.0649 | Con=17.6625 | Total=0.0857 | ValF1@0.5=0.8674
Ep 280 | Focal=0.0210 | KL=0.0640 | Con=17.6831 | Total=0.0850 | ValF1@0.5=0.8644
Ep 290 | Focal=0.0206 | KL=0.0640 | Con=17.6390 | Total=0.0846 | ValF1@0.5=0.8587
Ep 300 | Focal=0.0201 | KL=0.0629 | Con=17.6653 | Total=0.0830 | ValF1@0.5=0.8704
Ep 310 | Focal=0.0200 | KL=0.0634 | Con=17.5038 | Total=0.0834 | ValF1@0.5=0.8647
Ep 320 | Focal=0.0196 | KL=0.0621 | Con=17.5086 | Total=0.0817 | ValF1@0.5=0.8655
Ep 330 | Focal=0.0193 | KL=0.0618 | Con=17.4591 | Total=0.0811 | ValF1@0.5=0.8656
Ep 340 | Focal=0.0187 | KL=0.0614 | Con=17.4307 | Total=0.0801 | ValF1@0.5=0.8665
Ep 350 | Focal=0.0196 | KL=0.0612 | Con=17.4348 | Total=0.0809 | ValF1@0.5=0.8634
Ep 360 | Focal=0.0182 | KL=0.0600 | Con=17.2648 | Total=0.0781 | ValF1@0.5=0.8661
Ep 370 | Focal=0.0182 | KL=0.0588 | Con=17.2149 | Total=0.0770 | ValF1@0.5=0.8681
Ep 380 | Focal=0.0177 | KL=0.0570 | Con=17.1901 | Total=0.0747 | ValF1@0.5=0.8712
Ep 390 | Focal=0.0179 | KL=0.0576 | Con=17.2243 | Total=0.0755 | ValF1@0.5=0.8670
Ep 400 | Focal=0.0170 | KL=0.0573 | Con=17.1100 | Total=0.0742 | ValF1@0.5=0.8661

[OK] Load best model by ValF1@0.5=0.8712

[VAL] best threshold=0.470, best macroF1=0.8721

================ TRAIN ================
Threshold: 0.470
Accuracy : 0.8924
Macro-F1 : 0.8782 (Class0: 0.9197, Class1: 0.8367)
AUC      : 0.9532
MCC      : 0.7606
G-Mean   : 0.8638
Sensitivity: 0.7851
Specificity: 0.9504
Classification report:
              precision    recall  f1-score   support

           0     0.8909    0.9504    0.9197      8636
           1     0.8956    0.7851    0.8367      4677

    accuracy                         0.8924     13313
   macro avg     0.8933    0.8678    0.8782     13313
weighted avg     0.8926    0.8924    0.8906     13313


================ VAL ================
Threshold: 0.470
Accuracy : 0.8853
Macro-F1 : 0.8721 (Class0: 0.9133, Class1: 0.8308)
AUC      : 0.9381
MCC      : 0.7474
G-Mean   : 0.8599
Sensitivity: 0.7857
Specificity: 0.9410
Classification report:
              precision    recall  f1-score   support

           0     0.8872    0.9410    0.9133      1830
           1     0.8814    0.7857    0.8308      1022

    accuracy                         0.8853      2852
   macro avg     0.8843    0.8633    0.8721      2852
weighted avg     0.8851    0.8853    0.8837      2852


================ TEST ================
Threshold: 0.470
Accuracy : 0.8697
Macro-F1 : 0.8523 (Class0: 0.9029, Class1: 0.8017)
AUC      : 0.9231
MCC      : 0.7074
G-Mean   : 0.8398
Sensitivity: 0.7604
Specificity: 0.9276
Classification report:
              precision    recall  f1-score   support

           0     0.8795    0.9276    0.9029      1865
           1     0.8478    0.7604    0.8017       989

    accuracy                         0.8697      2854
   macro avg     0.8637    0.8440    0.8523      2854
weighted avg     0.8685    0.8697    0.8678      2854


================================================================================
 RUN 11/30 (Seed=10)
================================================================================
================================================================================
 Pipeline: LP soft labels + MLP prob + 1.0 * KL + Focal + 0.0 * SupCon
================================================================================
_propagate 的参数值:
  alpha_pos = 0.5
  alpha_neg = 0.55
  forbid_flip = True
  flip_margin = 0.1

[LP] soft label stats (train only):
  pos mean: 0.8815
  neg mean: 0.0708
  seeds ratio: 0.301
训练函数参数值:
  lr = 0.001
  weight_decay = 1e-05
  epochs = 400
  focal_gamma = 2.0
  focal_alpha = 0.25
  use_contrastive = True
  contrastive_weight = 0.0
  contrastive_temp = 0.07
  minority_weight = 2.0
  use_kl = True
  kl_weight = 1.0
  device = cuda
Ep 010 | Focal=0.0412 | KL=0.0932 | Con=17.5435 | Total=0.1343 | ValF1@0.5=0.8553
Ep 020 | Focal=0.0312 | KL=0.0886 | Con=17.4920 | Total=0.1198 | ValF1@0.5=0.8633
Ep 030 | Focal=0.0276 | KL=0.0875 | Con=17.5899 | Total=0.1151 | ValF1@0.5=0.8632
Ep 040 | Focal=0.0308 | KL=0.0832 | Con=17.8015 | Total=0.1140 | ValF1@0.5=0.8385
Ep 050 | Focal=0.0276 | KL=0.0843 | Con=17.6945 | Total=0.1119 | ValF1@0.5=0.8638
Ep 060 | Focal=0.0284 | KL=0.0814 | Con=17.7756 | Total=0.1098 | ValF1@0.5=0.8640
Ep 070 | Focal=0.0273 | KL=0.0807 | Con=17.7485 | Total=0.1080 | ValF1@0.5=0.8647
Ep 080 | Focal=0.0275 | KL=0.0803 | Con=17.7229 | Total=0.1078 | ValF1@0.5=0.8648
Ep 090 | Focal=0.0271 | KL=0.0797 | Con=17.7076 | Total=0.1068 | ValF1@0.5=0.8642
Ep 100 | Focal=0.0268 | KL=0.0788 | Con=17.7076 | Total=0.1057 | ValF1@0.5=0.8668
Ep 110 | Focal=0.0265 | KL=0.0778 | Con=17.7006 | Total=0.1043 | ValF1@0.5=0.8658
Ep 120 | Focal=0.0263 | KL=0.0770 | Con=17.6547 | Total=0.1033 | ValF1@0.5=0.8677
Ep 130 | Focal=0.0254 | KL=0.0756 | Con=17.5924 | Total=0.1010 | ValF1@0.5=0.8664
Ep 140 | Focal=0.0250 | KL=0.0754 | Con=17.5898 | Total=0.1004 | ValF1@0.5=0.8677
Ep 150 | Focal=0.0246 | KL=0.0746 | Con=17.5802 | Total=0.0993 | ValF1@0.5=0.8670
Ep 160 | Focal=0.0251 | KL=0.0750 | Con=17.5708 | Total=0.1001 | ValF1@0.5=0.8655
Ep 170 | Focal=0.0241 | KL=0.0735 | Con=17.5132 | Total=0.0975 | ValF1@0.5=0.8662
Ep 180 | Focal=0.0241 | KL=0.0727 | Con=17.4880 | Total=0.0968 | ValF1@0.5=0.8648
Ep 190 | Focal=0.0242 | KL=0.0725 | Con=17.5118 | Total=0.0966 | ValF1@0.5=0.8673
Ep 200 | Focal=0.0236 | KL=0.0720 | Con=17.4707 | Total=0.0955 | ValF1@0.5=0.8675
Ep 210 | Focal=0.0233 | KL=0.0705 | Con=17.4439 | Total=0.0938 | ValF1@0.5=0.8664
Ep 220 | Focal=0.0237 | KL=0.0709 | Con=17.4230 | Total=0.0946 | ValF1@0.5=0.8673
Ep 230 | Focal=0.0230 | KL=0.0698 | Con=17.4268 | Total=0.0928 | ValF1@0.5=0.8666
Ep 240 | Focal=0.0220 | KL=0.0684 | Con=17.3740 | Total=0.0904 | ValF1@0.5=0.8633
Ep 250 | Focal=0.0223 | KL=0.0683 | Con=17.3854 | Total=0.0906 | ValF1@0.5=0.8689
Ep 260 | Focal=0.0219 | KL=0.0673 | Con=17.3812 | Total=0.0892 | ValF1@0.5=0.8689
Ep 270 | Focal=0.0217 | KL=0.0666 | Con=17.3233 | Total=0.0883 | ValF1@0.5=0.8691
Ep 280 | Focal=0.0215 | KL=0.0664 | Con=17.2755 | Total=0.0878 | ValF1@0.5=0.8683
Ep 290 | Focal=0.0208 | KL=0.0656 | Con=17.2521 | Total=0.0864 | ValF1@0.5=0.8676
Ep 300 | Focal=0.0209 | KL=0.0652 | Con=17.2855 | Total=0.0861 | ValF1@0.5=0.8704
Ep 310 | Focal=0.0208 | KL=0.0642 | Con=17.2513 | Total=0.0850 | ValF1@0.5=0.8671
Ep 320 | Focal=0.0209 | KL=0.0644 | Con=17.2376 | Total=0.0853 | ValF1@0.5=0.8677
Ep 330 | Focal=0.0205 | KL=0.0626 | Con=17.2140 | Total=0.0831 | ValF1@0.5=0.8698
Ep 340 | Focal=0.0187 | KL=0.0617 | Con=17.0854 | Total=0.0805 | ValF1@0.5=0.8631
Ep 350 | Focal=0.0194 | KL=0.0620 | Con=17.1437 | Total=0.0814 | ValF1@0.5=0.8686
Ep 360 | Focal=0.0193 | KL=0.0605 | Con=17.1332 | Total=0.0797 | ValF1@0.5=0.8685
Ep 370 | Focal=0.0197 | KL=0.0610 | Con=17.1793 | Total=0.0808 | ValF1@0.5=0.8655
Ep 380 | Focal=0.0179 | KL=0.0598 | Con=17.0946 | Total=0.0777 | ValF1@0.5=0.8661
Ep 390 | Focal=0.0181 | KL=0.0594 | Con=17.0650 | Total=0.0776 | ValF1@0.5=0.8613
Ep 400 | Focal=0.0182 | KL=0.0584 | Con=17.0220 | Total=0.0766 | ValF1@0.5=0.8641

[OK] Load best model by ValF1@0.5=0.8704

[VAL] best threshold=0.460, best macroF1=0.8713

================ TRAIN ================
Threshold: 0.460
Accuracy : 0.8884
Macro-F1 : 0.8746 (Class0: 0.9162, Class1: 0.8329)
AUC      : 0.9471
MCC      : 0.7517
G-Mean   : 0.8631
Sensitivity: 0.7920
Specificity: 0.9406
Classification report:
              precision    recall  f1-score   support

           0     0.8930    0.9406    0.9162      8636
           1     0.8783    0.7920    0.8329      4677

    accuracy                         0.8884     13313
   macro avg     0.8857    0.8663    0.8746     13313
weighted avg     0.8879    0.8884    0.8869     13313


================ VAL ================
Threshold: 0.460
Accuracy : 0.8836
Macro-F1 : 0.8713 (Class0: 0.9111, Class1: 0.8315)
AUC      : 0.9393
MCC      : 0.7440
G-Mean   : 0.8631
Sensitivity: 0.8014
Specificity: 0.9295
Classification report:
              precision    recall  f1-score   support

           0     0.8934    0.9295    0.9111      1830
           1     0.8639    0.8014    0.8315      1022

    accuracy                         0.8836      2852
   macro avg     0.8787    0.8654    0.8713      2852
weighted avg     0.8828    0.8836    0.8826      2852


================ TEST ================
Threshold: 0.460
Accuracy : 0.8697
Macro-F1 : 0.8538 (Class0: 0.9020, Class1: 0.8056)
AUC      : 0.9266
MCC      : 0.7087
G-Mean   : 0.8457
Sensitivity: 0.7796
Specificity: 0.9174
Classification report:
              precision    recall  f1-score   support

           0     0.8870    0.9174    0.9020      1865
           1     0.8335    0.7796    0.8056       989

    accuracy                         0.8697      2854
   macro avg     0.8603    0.8485    0.8538      2854
weighted avg     0.8685    0.8697    0.8686      2854


================================================================================
 RUN 12/30 (Seed=11)
================================================================================
================================================================================
 Pipeline: LP soft labels + MLP prob + 1.0 * KL + Focal + 0.0 * SupCon
================================================================================
_propagate 的参数值:
  alpha_pos = 0.5
  alpha_neg = 0.55
  forbid_flip = True
  flip_margin = 0.1

[LP] soft label stats (train only):
  pos mean: 0.8815
  neg mean: 0.0708
  seeds ratio: 0.301
训练函数参数值:
  lr = 0.001
  weight_decay = 1e-05
  epochs = 400
  focal_gamma = 2.0
  focal_alpha = 0.25
  use_contrastive = True
  contrastive_weight = 0.0
  contrastive_temp = 0.07
  minority_weight = 2.0
  use_kl = True
  kl_weight = 1.0
  device = cuda
Ep 010 | Focal=0.0484 | KL=0.0934 | Con=18.3690 | Total=0.1418 | ValF1@0.5=0.8646
Ep 020 | Focal=0.0266 | KL=0.0932 | Con=17.6927 | Total=0.1198 | ValF1@0.5=0.8636
Ep 030 | Focal=0.0303 | KL=0.0843 | Con=18.1530 | Total=0.1146 | ValF1@0.5=0.8565
Ep 040 | Focal=0.0290 | KL=0.0835 | Con=18.1827 | Total=0.1125 | ValF1@0.5=0.8180
Ep 050 | Focal=0.0284 | KL=0.0834 | Con=18.2004 | Total=0.1118 | ValF1@0.5=0.8628
Ep 060 | Focal=0.0282 | KL=0.0814 | Con=18.1875 | Total=0.1096 | ValF1@0.5=0.8669
Ep 070 | Focal=0.0274 | KL=0.0803 | Con=18.1575 | Total=0.1077 | ValF1@0.5=0.8635
Ep 080 | Focal=0.0271 | KL=0.0796 | Con=18.1300 | Total=0.1067 | ValF1@0.5=0.8625
Ep 090 | Focal=0.0267 | KL=0.0783 | Con=18.1505 | Total=0.1051 | ValF1@0.5=0.8639
Ep 100 | Focal=0.0266 | KL=0.0785 | Con=18.1068 | Total=0.1052 | ValF1@0.5=0.8637
Ep 110 | Focal=0.0260 | KL=0.0768 | Con=18.0980 | Total=0.1029 | ValF1@0.5=0.8651
Ep 120 | Focal=0.0258 | KL=0.0766 | Con=18.0692 | Total=0.1024 | ValF1@0.5=0.8619
Ep 130 | Focal=0.0254 | KL=0.0755 | Con=18.1087 | Total=0.1009 | ValF1@0.5=0.8640
Ep 140 | Focal=0.0252 | KL=0.0751 | Con=18.0986 | Total=0.1004 | ValF1@0.5=0.8646
Ep 150 | Focal=0.0243 | KL=0.0734 | Con=18.0629 | Total=0.0976 | ValF1@0.5=0.8661
Ep 160 | Focal=0.0246 | KL=0.0732 | Con=18.0581 | Total=0.0979 | ValF1@0.5=0.8652
Ep 170 | Focal=0.0237 | KL=0.0731 | Con=18.0654 | Total=0.0968 | ValF1@0.5=0.8650
Ep 180 | Focal=0.0238 | KL=0.0719 | Con=18.0481 | Total=0.0957 | ValF1@0.5=0.8663
Ep 190 | Focal=0.0236 | KL=0.0712 | Con=18.0307 | Total=0.0948 | ValF1@0.5=0.8639
Ep 200 | Focal=0.0232 | KL=0.0707 | Con=18.0006 | Total=0.0939 | ValF1@0.5=0.8656
Ep 210 | Focal=0.0230 | KL=0.0700 | Con=17.9074 | Total=0.0930 | ValF1@0.5=0.8679
Ep 220 | Focal=0.0230 | KL=0.0690 | Con=17.9380 | Total=0.0919 | ValF1@0.5=0.8647
Ep 230 | Focal=0.0225 | KL=0.0680 | Con=17.9167 | Total=0.0906 | ValF1@0.5=0.8661
Ep 240 | Focal=0.0224 | KL=0.0682 | Con=17.8803 | Total=0.0905 | ValF1@0.5=0.8662
Ep 250 | Focal=0.0217 | KL=0.0672 | Con=17.8253 | Total=0.0889 | ValF1@0.5=0.8659
Ep 260 | Focal=0.0215 | KL=0.0668 | Con=17.8110 | Total=0.0882 | ValF1@0.5=0.8656
Ep 270 | Focal=0.0211 | KL=0.0655 | Con=17.7475 | Total=0.0866 | ValF1@0.5=0.8663
Ep 280 | Focal=0.0218 | KL=0.0646 | Con=17.7855 | Total=0.0864 | ValF1@0.5=0.8681
Ep 290 | Focal=0.0209 | KL=0.0655 | Con=17.7610 | Total=0.0865 | ValF1@0.5=0.8656
Ep 300 | Focal=0.0198 | KL=0.0640 | Con=17.6403 | Total=0.0838 | ValF1@0.5=0.8688
Ep 310 | Focal=0.0195 | KL=0.0632 | Con=17.6288 | Total=0.0828 | ValF1@0.5=0.8698
Ep 320 | Focal=0.0197 | KL=0.0628 | Con=17.6335 | Total=0.0825 | ValF1@0.5=0.8701
Ep 330 | Focal=0.0197 | KL=0.0627 | Con=17.5794 | Total=0.0823 | ValF1@0.5=0.8675
Ep 340 | Focal=0.0190 | KL=0.0610 | Con=17.5803 | Total=0.0801 | ValF1@0.5=0.8661
Ep 350 | Focal=0.0198 | KL=0.0611 | Con=17.6079 | Total=0.0809 | ValF1@0.5=0.8656
Ep 360 | Focal=0.0188 | KL=0.0603 | Con=17.5516 | Total=0.0792 | ValF1@0.5=0.8667
Ep 370 | Focal=0.0184 | KL=0.0605 | Con=17.4934 | Total=0.0789 | ValF1@0.5=0.8656
Ep 380 | Focal=0.0181 | KL=0.0586 | Con=17.5242 | Total=0.0767 | ValF1@0.5=0.8666
Ep 390 | Focal=0.0180 | KL=0.0593 | Con=17.4272 | Total=0.0773 | ValF1@0.5=0.8664
Ep 400 | Focal=0.0181 | KL=0.0581 | Con=17.4290 | Total=0.0762 | ValF1@0.5=0.8632

[OK] Load best model by ValF1@0.5=0.8701

[VAL] best threshold=0.490, best macroF1=0.8724

================ TRAIN ================
Threshold: 0.490
Accuracy : 0.8864
Macro-F1 : 0.8747 (Class0: 0.9130, Class1: 0.8363)
AUC      : 0.9517
MCC      : 0.7495
G-Mean   : 0.8713
Sensitivity: 0.8260
Specificity: 0.9192
Classification report:
              precision    recall  f1-score   support

           0     0.9070    0.9192    0.9130      8636
           1     0.8470    0.8260    0.8363      4677

    accuracy                         0.8864     13313
   macro avg     0.8770    0.8726    0.8747     13313
weighted avg     0.8859    0.8864    0.8861     13313


================ VAL ================
Threshold: 0.490
Accuracy : 0.8825
Macro-F1 : 0.8724 (Class0: 0.9083, Class1: 0.8365)
AUC      : 0.9371
MCC      : 0.7449
G-Mean   : 0.8722
Sensitivity: 0.8386
Specificity: 0.9071
Classification report:
              precision    recall  f1-score   support

           0     0.9096    0.9071    0.9083      1830
           1     0.8345    0.8386    0.8365      1022

    accuracy                         0.8825      2852
   macro avg     0.8720    0.8728    0.8724      2852
weighted avg     0.8827    0.8825    0.8826      2852


================ TEST ================
Threshold: 0.490
Accuracy : 0.8665
Macro-F1 : 0.8524 (Class0: 0.8980, Class1: 0.8069)
AUC      : 0.9243
MCC      : 0.7049
G-Mean   : 0.8507
Sensitivity: 0.8049
Specificity: 0.8992
Classification report:
              precision    recall  f1-score   support

           0     0.8968    0.8992    0.8980      1865
           1     0.8089    0.8049    0.8069       989

    accuracy                         0.8665      2854
   macro avg     0.8529    0.8520    0.8524      2854
weighted avg     0.8663    0.8665    0.8664      2854


================================================================================
 RUN 13/30 (Seed=12)
================================================================================
================================================================================
 Pipeline: LP soft labels + MLP prob + 1.0 * KL + Focal + 0.0 * SupCon
================================================================================
_propagate 的参数值:
  alpha_pos = 0.5
  alpha_neg = 0.55
  forbid_flip = True
  flip_margin = 0.1

[LP] soft label stats (train only):
  pos mean: 0.8815
  neg mean: 0.0708
  seeds ratio: 0.301
训练函数参数值:
  lr = 0.001
  weight_decay = 1e-05
  epochs = 400
  focal_gamma = 2.0
  focal_alpha = 0.25
  use_contrastive = True
  contrastive_weight = 0.0
  contrastive_temp = 0.07
  minority_weight = 2.0
  use_kl = True
  kl_weight = 1.0
  device = cuda
Ep 010 | Focal=0.0424 | KL=0.0901 | Con=18.1840 | Total=0.1325 | ValF1@0.5=0.8638
Ep 020 | Focal=0.0317 | KL=0.0882 | Con=17.8462 | Total=0.1199 | ValF1@0.5=0.8656
Ep 030 | Focal=0.0270 | KL=0.0889 | Con=17.8461 | Total=0.1159 | ValF1@0.5=0.8657
Ep 040 | Focal=0.0311 | KL=0.0824 | Con=18.1658 | Total=0.1135 | ValF1@0.5=0.8318
Ep 050 | Focal=0.0277 | KL=0.0841 | Con=18.0496 | Total=0.1118 | ValF1@0.5=0.8651
Ep 060 | Focal=0.0282 | KL=0.0815 | Con=18.0883 | Total=0.1097 | ValF1@0.5=0.8665
Ep 070 | Focal=0.0278 | KL=0.0814 | Con=18.0649 | Total=0.1092 | ValF1@0.5=0.8664
Ep 080 | Focal=0.0272 | KL=0.0795 | Con=18.0278 | Total=0.1067 | ValF1@0.5=0.8672
Ep 090 | Focal=0.0270 | KL=0.0787 | Con=18.0199 | Total=0.1057 | ValF1@0.5=0.8640
Ep 100 | Focal=0.0266 | KL=0.0784 | Con=17.9723 | Total=0.1049 | ValF1@0.5=0.8666
Ep 110 | Focal=0.0261 | KL=0.0771 | Con=17.9708 | Total=0.1032 | ValF1@0.5=0.8629
Ep 120 | Focal=0.0250 | KL=0.0755 | Con=17.8813 | Total=0.1005 | ValF1@0.5=0.8639
Ep 130 | Focal=0.0254 | KL=0.0756 | Con=17.8634 | Total=0.1010 | ValF1@0.5=0.8649
Ep 140 | Focal=0.0250 | KL=0.0744 | Con=17.8359 | Total=0.0995 | ValF1@0.5=0.8641
Ep 150 | Focal=0.0243 | KL=0.0728 | Con=17.7765 | Total=0.0971 | ValF1@0.5=0.8606
Ep 160 | Focal=0.0243 | KL=0.0729 | Con=17.7774 | Total=0.0972 | ValF1@0.5=0.8672
Ep 170 | Focal=0.0238 | KL=0.0716 | Con=17.7605 | Total=0.0953 | ValF1@0.5=0.8620
Ep 180 | Focal=0.0236 | KL=0.0721 | Con=17.6374 | Total=0.0957 | ValF1@0.5=0.8662
Ep 190 | Focal=0.0231 | KL=0.0714 | Con=17.5893 | Total=0.0946 | ValF1@0.5=0.8591
Ep 200 | Focal=0.0228 | KL=0.0699 | Con=17.5761 | Total=0.0927 | ValF1@0.5=0.8677
Ep 210 | Focal=0.0224 | KL=0.0693 | Con=17.4782 | Total=0.0917 | ValF1@0.5=0.8646
Ep 220 | Focal=0.0226 | KL=0.0688 | Con=17.4260 | Total=0.0914 | ValF1@0.5=0.8652
Ep 230 | Focal=0.0218 | KL=0.0671 | Con=17.3853 | Total=0.0889 | ValF1@0.5=0.8634
Ep 240 | Focal=0.0216 | KL=0.0681 | Con=17.3458 | Total=0.0897 | ValF1@0.5=0.8658
Ep 250 | Focal=0.0210 | KL=0.0670 | Con=17.3202 | Total=0.0880 | ValF1@0.5=0.8639
Ep 260 | Focal=0.0211 | KL=0.0663 | Con=17.2843 | Total=0.0874 | ValF1@0.5=0.8660
Ep 270 | Focal=0.0209 | KL=0.0661 | Con=17.2656 | Total=0.0870 | ValF1@0.5=0.8670
Ep 280 | Focal=0.0206 | KL=0.0643 | Con=17.2485 | Total=0.0849 | ValF1@0.5=0.8657
Ep 290 | Focal=0.0200 | KL=0.0643 | Con=17.1598 | Total=0.0843 | ValF1@0.5=0.8631
Ep 300 | Focal=0.0200 | KL=0.0644 | Con=17.1538 | Total=0.0845 | ValF1@0.5=0.8691
Ep 310 | Focal=0.0200 | KL=0.0620 | Con=17.1810 | Total=0.0820 | ValF1@0.5=0.8648
Ep 320 | Focal=0.0197 | KL=0.0619 | Con=17.1463 | Total=0.0816 | ValF1@0.5=0.8685
Ep 330 | Focal=0.0195 | KL=0.0618 | Con=17.0767 | Total=0.0813 | ValF1@0.5=0.8651
Ep 340 | Focal=0.0188 | KL=0.0609 | Con=16.9994 | Total=0.0797 | ValF1@0.5=0.8692
Ep 350 | Focal=0.0194 | KL=0.0594 | Con=17.0357 | Total=0.0788 | ValF1@0.5=0.8667
Ep 360 | Focal=0.0186 | KL=0.0598 | Con=16.9796 | Total=0.0784 | ValF1@0.5=0.8657
Ep 370 | Focal=0.0184 | KL=0.0584 | Con=16.9548 | Total=0.0768 | ValF1@0.5=0.8644
Ep 380 | Focal=0.0182 | KL=0.0580 | Con=16.9063 | Total=0.0762 | ValF1@0.5=0.8694
Ep 390 | Focal=0.0180 | KL=0.0577 | Con=16.9353 | Total=0.0758 | ValF1@0.5=0.8659
Ep 400 | Focal=0.0181 | KL=0.0579 | Con=16.8517 | Total=0.0760 | ValF1@0.5=0.8651

[OK] Load best model by ValF1@0.5=0.8694

[VAL] best threshold=0.440, best macroF1=0.8733

================ TRAIN ================
Threshold: 0.440
Accuracy : 0.8961
Macro-F1 : 0.8849 (Class0: 0.9208, Class1: 0.8490)
AUC      : 0.9567
MCC      : 0.7703
G-Mean   : 0.8798
Sensitivity: 0.8313
Specificity: 0.9312
Classification report:
              precision    recall  f1-score   support

           0     0.9107    0.9312    0.9208      8636
           1     0.8675    0.8313    0.8490      4677

    accuracy                         0.8961     13313
   macro avg     0.8891    0.8813    0.8849     13313
weighted avg     0.8955    0.8961    0.8956     13313


================ VAL ================
Threshold: 0.440
Accuracy : 0.8839
Macro-F1 : 0.8733 (Class0: 0.9100, Class1: 0.8365)
AUC      : 0.9390
MCC      : 0.7467
G-Mean   : 0.8707
Sensitivity: 0.8288
Specificity: 0.9148
Classification report:
              precision    recall  f1-score   support

           0     0.9054    0.9148    0.9100      1830
           1     0.8445    0.8288    0.8365      1022

    accuracy                         0.8839      2852
   macro avg     0.8749    0.8718    0.8733      2852
weighted avg     0.8835    0.8839    0.8837      2852


================ TEST ================
Threshold: 0.440
Accuracy : 0.8672
Macro-F1 : 0.8526 (Class0: 0.8990, Class1: 0.8063)
AUC      : 0.9241
MCC      : 0.7054
G-Mean   : 0.8492
Sensitivity: 0.7978
Specificity: 0.9040
Classification report:
              precision    recall  f1-score   support

           0     0.8940    0.9040    0.8990      1865
           1     0.8151    0.7978    0.8063       989

    accuracy                         0.8672      2854
   macro avg     0.8545    0.8509    0.8526      2854
weighted avg     0.8666    0.8672    0.8669      2854


================================================================================
 RUN 14/30 (Seed=13)
================================================================================
================================================================================
 Pipeline: LP soft labels + MLP prob + 1.0 * KL + Focal + 0.0 * SupCon
================================================================================
_propagate 的参数值:
  alpha_pos = 0.5
  alpha_neg = 0.55
  forbid_flip = True
  flip_margin = 0.1

[LP] soft label stats (train only):
  pos mean: 0.8815
  neg mean: 0.0708
  seeds ratio: 0.301
训练函数参数值:
  lr = 0.001
  weight_decay = 1e-05
  epochs = 400
  focal_gamma = 2.0
  focal_alpha = 0.25
  use_contrastive = True
  contrastive_weight = 0.0
  contrastive_temp = 0.07
  minority_weight = 2.0
  use_kl = True
  kl_weight = 1.0
  device = cuda
Ep 010 | Focal=0.0428 | KL=0.0931 | Con=18.3236 | Total=0.1359 | ValF1@0.5=0.8573
Ep 020 | Focal=0.0306 | KL=0.0892 | Con=18.2945 | Total=0.1198 | ValF1@0.5=0.8627
Ep 030 | Focal=0.0280 | KL=0.0878 | Con=18.5534 | Total=0.1158 | ValF1@0.5=0.8659
Ep 040 | Focal=0.0307 | KL=0.0838 | Con=18.6618 | Total=0.1145 | ValF1@0.5=0.8421
Ep 050 | Focal=0.0279 | KL=0.0836 | Con=18.6175 | Total=0.1114 | ValF1@0.5=0.8653
Ep 060 | Focal=0.0280 | KL=0.0818 | Con=18.6557 | Total=0.1098 | ValF1@0.5=0.8653
Ep 070 | Focal=0.0282 | KL=0.0816 | Con=18.6132 | Total=0.1097 | ValF1@0.5=0.8638
Ep 080 | Focal=0.0278 | KL=0.0813 | Con=18.5818 | Total=0.1092 | ValF1@0.5=0.8649
Ep 090 | Focal=0.0272 | KL=0.0800 | Con=18.5431 | Total=0.1072 | ValF1@0.5=0.8663
Ep 100 | Focal=0.0270 | KL=0.0789 | Con=18.4843 | Total=0.1059 | ValF1@0.5=0.8667
Ep 110 | Focal=0.0269 | KL=0.0790 | Con=18.3949 | Total=0.1060 | ValF1@0.5=0.8646
Ep 120 | Focal=0.0260 | KL=0.0768 | Con=18.3544 | Total=0.1029 | ValF1@0.5=0.8637
Ep 130 | Focal=0.0258 | KL=0.0767 | Con=18.3061 | Total=0.1025 | ValF1@0.5=0.8653
Ep 140 | Focal=0.0253 | KL=0.0757 | Con=18.2979 | Total=0.1010 | ValF1@0.5=0.8630
Ep 150 | Focal=0.0250 | KL=0.0752 | Con=18.2527 | Total=0.1002 | ValF1@0.5=0.8665
Ep 160 | Focal=0.0250 | KL=0.0738 | Con=18.2629 | Total=0.0988 | ValF1@0.5=0.8631
Ep 170 | Focal=0.0239 | KL=0.0729 | Con=18.1375 | Total=0.0968 | ValF1@0.5=0.8662
Ep 180 | Focal=0.0237 | KL=0.0731 | Con=18.1504 | Total=0.0968 | ValF1@0.5=0.8614
Ep 190 | Focal=0.0243 | KL=0.0725 | Con=18.1164 | Total=0.0968 | ValF1@0.5=0.8628
Ep 200 | Focal=0.0235 | KL=0.0714 | Con=18.0895 | Total=0.0950 | ValF1@0.5=0.8650
Ep 210 | Focal=0.0234 | KL=0.0718 | Con=18.0807 | Total=0.0952 | ValF1@0.5=0.8656
Ep 220 | Focal=0.0232 | KL=0.0710 | Con=18.0404 | Total=0.0941 | ValF1@0.5=0.8683
Ep 230 | Focal=0.0226 | KL=0.0691 | Con=18.0051 | Total=0.0917 | ValF1@0.5=0.8664
Ep 240 | Focal=0.0226 | KL=0.0687 | Con=17.9691 | Total=0.0913 | ValF1@0.5=0.8664
Ep 250 | Focal=0.0220 | KL=0.0693 | Con=17.9607 | Total=0.0912 | ValF1@0.5=0.8648
Ep 260 | Focal=0.0218 | KL=0.0672 | Con=17.9322 | Total=0.0890 | ValF1@0.5=0.8667
Ep 270 | Focal=0.0216 | KL=0.0674 | Con=17.8810 | Total=0.0890 | ValF1@0.5=0.8667
Ep 280 | Focal=0.0215 | KL=0.0671 | Con=17.8191 | Total=0.0886 | ValF1@0.5=0.8658
Ep 290 | Focal=0.0210 | KL=0.0662 | Con=17.7783 | Total=0.0872 | ValF1@0.5=0.8655
Ep 300 | Focal=0.0210 | KL=0.0651 | Con=17.7514 | Total=0.0861 | ValF1@0.5=0.8681
Ep 310 | Focal=0.0207 | KL=0.0646 | Con=17.7434 | Total=0.0854 | ValF1@0.5=0.8636
Ep 320 | Focal=0.0208 | KL=0.0639 | Con=17.6908 | Total=0.0847 | ValF1@0.5=0.8724
Ep 330 | Focal=0.0194 | KL=0.0633 | Con=17.5536 | Total=0.0828 | ValF1@0.5=0.8678
Ep 340 | Focal=0.0194 | KL=0.0625 | Con=17.5592 | Total=0.0819 | ValF1@0.5=0.8702
Ep 350 | Focal=0.0196 | KL=0.0616 | Con=17.6229 | Total=0.0812 | ValF1@0.5=0.8695
Ep 360 | Focal=0.0187 | KL=0.0617 | Con=17.4894 | Total=0.0805 | ValF1@0.5=0.8671
Ep 370 | Focal=0.0188 | KL=0.0588 | Con=17.5043 | Total=0.0776 | ValF1@0.5=0.8706
Ep 380 | Focal=0.0186 | KL=0.0594 | Con=17.4267 | Total=0.0780 | ValF1@0.5=0.8703
Ep 390 | Focal=0.0182 | KL=0.0595 | Con=17.3422 | Total=0.0777 | ValF1@0.5=0.8731
Ep 400 | Focal=0.0171 | KL=0.0582 | Con=17.3071 | Total=0.0753 | ValF1@0.5=0.8691

[OK] Load best model by ValF1@0.5=0.8731

[VAL] best threshold=0.530, best macroF1=0.8748

================ TRAIN ================
Threshold: 0.530
Accuracy : 0.8938
Macro-F1 : 0.8799 (Class0: 0.9207, Class1: 0.8391)
AUC      : 0.9537
MCC      : 0.7638
G-Mean   : 0.8659
Sensitivity: 0.7885
Specificity: 0.9508
Classification report:
              precision    recall  f1-score   support

           0     0.8925    0.9508    0.9207      8636
           1     0.8967    0.7885    0.8391      4677

    accuracy                         0.8938     13313
   macro avg     0.8946    0.8697    0.8799     13313
weighted avg     0.8940    0.8938    0.8921     13313


================ VAL ================
Threshold: 0.530
Accuracy : 0.8874
Macro-F1 : 0.8748 (Class0: 0.9146, Class1: 0.8350)
AUC      : 0.9352
MCC      : 0.7521
G-Mean   : 0.8639
Sensitivity: 0.7945
Specificity: 0.9393
Classification report:
              precision    recall  f1-score   support

           0     0.8911    0.9393    0.9146      1830
           1     0.8797    0.7945    0.8350      1022

    accuracy                         0.8874      2852
   macro avg     0.8854    0.8669    0.8748      2852
weighted avg     0.8871    0.8874    0.8861      2852


================ TEST ================
Threshold: 0.530
Accuracy : 0.8753
Macro-F1 : 0.8588 (Class0: 0.9070, Class1: 0.8106)
AUC      : 0.9234
MCC      : 0.7202
G-Mean   : 0.8469
Sensitivity: 0.7705
Specificity: 0.9308
Classification report:
              precision    recall  f1-score   support

           0     0.8844    0.9308    0.9070      1865
           1     0.8552    0.7705    0.8106       989

    accuracy                         0.8753      2854
   macro avg     0.8698    0.8507    0.8588      2854
weighted avg     0.8743    0.8753    0.8736      2854


================================================================================
 RUN 15/30 (Seed=14)
================================================================================
================================================================================
 Pipeline: LP soft labels + MLP prob + 1.0 * KL + Focal + 0.0 * SupCon
================================================================================
_propagate 的参数值:
  alpha_pos = 0.5
  alpha_neg = 0.55
  forbid_flip = True
  flip_margin = 0.1

[LP] soft label stats (train only):
  pos mean: 0.8815
  neg mean: 0.0708
  seeds ratio: 0.301
训练函数参数值:
  lr = 0.001
  weight_decay = 1e-05
  epochs = 400
  focal_gamma = 2.0
  focal_alpha = 0.25
  use_contrastive = True
  contrastive_weight = 0.0
  contrastive_temp = 0.07
  minority_weight = 2.0
  use_kl = True
  kl_weight = 1.0
  device = cuda
Ep 010 | Focal=0.0419 | KL=0.0901 | Con=18.7880 | Total=0.1320 | ValF1@0.5=0.8468
Ep 020 | Focal=0.0306 | KL=0.0915 | Con=18.2174 | Total=0.1221 | ValF1@0.5=0.8586
Ep 030 | Focal=0.0283 | KL=0.0882 | Con=18.4830 | Total=0.1164 | ValF1@0.5=0.8637
Ep 040 | Focal=0.0302 | KL=0.0840 | Con=18.5747 | Total=0.1141 | ValF1@0.5=0.8524
Ep 050 | Focal=0.0281 | KL=0.0834 | Con=18.5417 | Total=0.1115 | ValF1@0.5=0.8650
Ep 060 | Focal=0.0282 | KL=0.0818 | Con=18.5510 | Total=0.1101 | ValF1@0.5=0.8661
Ep 070 | Focal=0.0282 | KL=0.0817 | Con=18.5210 | Total=0.1098 | ValF1@0.5=0.8658
Ep 080 | Focal=0.0278 | KL=0.0808 | Con=18.5036 | Total=0.1086 | ValF1@0.5=0.8663
Ep 090 | Focal=0.0269 | KL=0.0790 | Con=18.4983 | Total=0.1059 | ValF1@0.5=0.8623
Ep 100 | Focal=0.0264 | KL=0.0784 | Con=18.4858 | Total=0.1048 | ValF1@0.5=0.8646
Ep 110 | Focal=0.0260 | KL=0.0772 | Con=18.4510 | Total=0.1032 | ValF1@0.5=0.8642
Ep 120 | Focal=0.0262 | KL=0.0768 | Con=18.4054 | Total=0.1030 | ValF1@0.5=0.8657
Ep 130 | Focal=0.0256 | KL=0.0760 | Con=18.4335 | Total=0.1016 | ValF1@0.5=0.8629
Ep 140 | Focal=0.0250 | KL=0.0741 | Con=18.4023 | Total=0.0991 | ValF1@0.5=0.8612
Ep 150 | Focal=0.0247 | KL=0.0745 | Con=18.3960 | Total=0.0992 | ValF1@0.5=0.8637
Ep 160 | Focal=0.0243 | KL=0.0734 | Con=18.3381 | Total=0.0977 | ValF1@0.5=0.8654
Ep 170 | Focal=0.0250 | KL=0.0732 | Con=18.3281 | Total=0.0982 | ValF1@0.5=0.8665
Ep 180 | Focal=0.0233 | KL=0.0719 | Con=18.2580 | Total=0.0952 | ValF1@0.5=0.8666
Ep 190 | Focal=0.0234 | KL=0.0721 | Con=18.2491 | Total=0.0955 | ValF1@0.5=0.8688
Ep 200 | Focal=0.0227 | KL=0.0706 | Con=18.1815 | Total=0.0933 | ValF1@0.5=0.8689
Ep 210 | Focal=0.0229 | KL=0.0704 | Con=18.1712 | Total=0.0933 | ValF1@0.5=0.8679
Ep 220 | Focal=0.0231 | KL=0.0697 | Con=18.1927 | Total=0.0927 | ValF1@0.5=0.8706
Ep 230 | Focal=0.0223 | KL=0.0684 | Con=18.0857 | Total=0.0907 | ValF1@0.5=0.8676
Ep 240 | Focal=0.0225 | KL=0.0683 | Con=18.0836 | Total=0.0908 | ValF1@0.5=0.8669
Ep 250 | Focal=0.0219 | KL=0.0673 | Con=18.0835 | Total=0.0892 | ValF1@0.5=0.8693
Ep 260 | Focal=0.0221 | KL=0.0671 | Con=18.0643 | Total=0.0892 | ValF1@0.5=0.8680
Ep 270 | Focal=0.0215 | KL=0.0654 | Con=17.9757 | Total=0.0870 | ValF1@0.5=0.8669
Ep 280 | Focal=0.0212 | KL=0.0654 | Con=17.9393 | Total=0.0866 | ValF1@0.5=0.8652
Ep 290 | Focal=0.0211 | KL=0.0653 | Con=17.9535 | Total=0.0863 | ValF1@0.5=0.8681
Ep 300 | Focal=0.0213 | KL=0.0647 | Con=17.9021 | Total=0.0860 | ValF1@0.5=0.8685
Ep 310 | Focal=0.0210 | KL=0.0639 | Con=17.9225 | Total=0.0849 | ValF1@0.5=0.8612
Ep 320 | Focal=0.0199 | KL=0.0629 | Con=17.8357 | Total=0.0828 | ValF1@0.5=0.8671
Ep 330 | Focal=0.0203 | KL=0.0634 | Con=17.7743 | Total=0.0837 | ValF1@0.5=0.8660
Ep 340 | Focal=0.0192 | KL=0.0628 | Con=17.7163 | Total=0.0820 | ValF1@0.5=0.8614
Ep 350 | Focal=0.0187 | KL=0.0610 | Con=17.6509 | Total=0.0797 | ValF1@0.5=0.8740
Ep 360 | Focal=0.0193 | KL=0.0612 | Con=17.6897 | Total=0.0805 | ValF1@0.5=0.8682
Ep 370 | Focal=0.0186 | KL=0.0604 | Con=17.5297 | Total=0.0790 | ValF1@0.5=0.8734
Ep 380 | Focal=0.0195 | KL=0.0599 | Con=17.6724 | Total=0.0795 | ValF1@0.5=0.8682
Ep 390 | Focal=0.0185 | KL=0.0592 | Con=17.5020 | Total=0.0777 | ValF1@0.5=0.8721
Ep 400 | Focal=0.0186 | KL=0.0593 | Con=17.5378 | Total=0.0780 | ValF1@0.5=0.8684

[OK] Load best model by ValF1@0.5=0.8740

[VAL] best threshold=0.500, best macroF1=0.8740

================ TRAIN ================
Threshold: 0.500
Accuracy : 0.8926
Macro-F1 : 0.8801 (Class0: 0.9188, Class1: 0.8413)
AUC      : 0.9533
MCC      : 0.7616
G-Mean   : 0.8714
Sensitivity: 0.8103
Specificity: 0.9371
Classification report:
              precision    recall  f1-score   support

           0     0.9012    0.9371    0.9188      8636
           1     0.8747    0.8103    0.8413      4677

    accuracy                         0.8926     13313
   macro avg     0.8880    0.8737    0.8801     13313
weighted avg     0.8919    0.8926    0.8916     13313


================ VAL ================
Threshold: 0.500
Accuracy : 0.8853
Macro-F1 : 0.8740 (Class0: 0.9118, Class1: 0.8361)
AUC      : 0.9389
MCC      : 0.7485
G-Mean   : 0.8684
Sensitivity: 0.8160
Specificity: 0.9240
Classification report:
              precision    recall  f1-score   support

           0     0.8999    0.9240    0.9118      1830
           1     0.8571    0.8160    0.8361      1022

    accuracy                         0.8853      2852
   macro avg     0.8785    0.8700    0.8740      2852
weighted avg     0.8846    0.8853    0.8847      2852


================ TEST ================
Threshold: 0.500
Accuracy : 0.8725
Macro-F1 : 0.8575 (Class0: 0.9037, Class1: 0.8114)
AUC      : 0.9254
MCC      : 0.7156
G-Mean   : 0.8513
Sensitivity: 0.7917
Specificity: 0.9153
Classification report:
              precision    recall  f1-score   support

           0     0.8923    0.9153    0.9037      1865
           1     0.8321    0.7917    0.8114       989

    accuracy                         0.8725      2854
   macro avg     0.8622    0.8535    0.8575      2854
weighted avg     0.8714    0.8725    0.8717      2854


================================================================================
 RUN 16/30 (Seed=15)
================================================================================
================================================================================
 Pipeline: LP soft labels + MLP prob + 1.0 * KL + Focal + 0.0 * SupCon
================================================================================
_propagate 的参数值:
  alpha_pos = 0.5
  alpha_neg = 0.55
  forbid_flip = True
  flip_margin = 0.1

[LP] soft label stats (train only):
  pos mean: 0.8815
  neg mean: 0.0708
  seeds ratio: 0.301
训练函数参数值:
  lr = 0.001
  weight_decay = 1e-05
  epochs = 400
  focal_gamma = 2.0
  focal_alpha = 0.25
  use_contrastive = True
  contrastive_weight = 0.0
  contrastive_temp = 0.07
  minority_weight = 2.0
  use_kl = True
  kl_weight = 1.0
  device = cuda
Ep 010 | Focal=0.0404 | KL=0.0993 | Con=17.6373 | Total=0.1397 | ValF1@0.5=0.8621
Ep 020 | Focal=0.0317 | KL=0.0879 | Con=17.6104 | Total=0.1196 | ValF1@0.5=0.8625
Ep 030 | Focal=0.0280 | KL=0.0887 | Con=17.8497 | Total=0.1167 | ValF1@0.5=0.8660
Ep 040 | Focal=0.0308 | KL=0.0827 | Con=18.0177 | Total=0.1135 | ValF1@0.5=0.8612
Ep 050 | Focal=0.0273 | KL=0.0835 | Con=17.9561 | Total=0.1108 | ValF1@0.5=0.8650
Ep 060 | Focal=0.0284 | KL=0.0814 | Con=18.0113 | Total=0.1099 | ValF1@0.5=0.8665
Ep 070 | Focal=0.0276 | KL=0.0809 | Con=17.9631 | Total=0.1085 | ValF1@0.5=0.8635
Ep 080 | Focal=0.0276 | KL=0.0804 | Con=17.9433 | Total=0.1079 | ValF1@0.5=0.8632
Ep 090 | Focal=0.0270 | KL=0.0796 | Con=17.8970 | Total=0.1066 | ValF1@0.5=0.8637
Ep 100 | Focal=0.0266 | KL=0.0780 | Con=17.8853 | Total=0.1046 | ValF1@0.5=0.8638
Ep 110 | Focal=0.0265 | KL=0.0779 | Con=17.8647 | Total=0.1044 | ValF1@0.5=0.8629
Ep 120 | Focal=0.0258 | KL=0.0765 | Con=17.8621 | Total=0.1023 | ValF1@0.5=0.8636
Ep 130 | Focal=0.0257 | KL=0.0764 | Con=17.8216 | Total=0.1021 | ValF1@0.5=0.8654
Ep 140 | Focal=0.0256 | KL=0.0762 | Con=17.8532 | Total=0.1018 | ValF1@0.5=0.8652
Ep 150 | Focal=0.0245 | KL=0.0734 | Con=17.8571 | Total=0.0980 | ValF1@0.5=0.8669
Ep 160 | Focal=0.0250 | KL=0.0744 | Con=17.8435 | Total=0.0994 | ValF1@0.5=0.8646
Ep 170 | Focal=0.0244 | KL=0.0726 | Con=17.8084 | Total=0.0970 | ValF1@0.5=0.8665
Ep 180 | Focal=0.0241 | KL=0.0727 | Con=17.8103 | Total=0.0968 | ValF1@0.5=0.8674
Ep 190 | Focal=0.0236 | KL=0.0719 | Con=17.7521 | Total=0.0955 | ValF1@0.5=0.8659
Ep 200 | Focal=0.0227 | KL=0.0716 | Con=17.6911 | Total=0.0943 | ValF1@0.5=0.8636
Ep 210 | Focal=0.0229 | KL=0.0714 | Con=17.6544 | Total=0.0943 | ValF1@0.5=0.8681
Ep 220 | Focal=0.0225 | KL=0.0705 | Con=17.6563 | Total=0.0930 | ValF1@0.5=0.8670
Ep 230 | Focal=0.0226 | KL=0.0696 | Con=17.6274 | Total=0.0922 | ValF1@0.5=0.8637
Ep 240 | Focal=0.0220 | KL=0.0687 | Con=17.5990 | Total=0.0907 | ValF1@0.5=0.8694
Ep 250 | Focal=0.0215 | KL=0.0675 | Con=17.5825 | Total=0.0890 | ValF1@0.5=0.8675
Ep 260 | Focal=0.0212 | KL=0.0675 | Con=17.5227 | Total=0.0888 | ValF1@0.5=0.8688
Ep 270 | Focal=0.0209 | KL=0.0663 | Con=17.4653 | Total=0.0871 | ValF1@0.5=0.8656
Ep 280 | Focal=0.0207 | KL=0.0661 | Con=17.4844 | Total=0.0868 | ValF1@0.5=0.8664
Ep 290 | Focal=0.0205 | KL=0.0646 | Con=17.4344 | Total=0.0851 | ValF1@0.5=0.8639
Ep 300 | Focal=0.0204 | KL=0.0651 | Con=17.4130 | Total=0.0856 | ValF1@0.5=0.8669
Ep 310 | Focal=0.0193 | KL=0.0635 | Con=17.3258 | Total=0.0829 | ValF1@0.5=0.8639
Ep 320 | Focal=0.0202 | KL=0.0630 | Con=17.3610 | Total=0.0832 | ValF1@0.5=0.8699
Ep 330 | Focal=0.0191 | KL=0.0625 | Con=17.2838 | Total=0.0817 | ValF1@0.5=0.8657
Ep 340 | Focal=0.0199 | KL=0.0623 | Con=17.3182 | Total=0.0822 | ValF1@0.5=0.8654
Ep 350 | Focal=0.0195 | KL=0.0620 | Con=17.3011 | Total=0.0815 | ValF1@0.5=0.8621
Ep 360 | Focal=0.0188 | KL=0.0601 | Con=17.2462 | Total=0.0789 | ValF1@0.5=0.8624
Ep 370 | Focal=0.0191 | KL=0.0591 | Con=17.2461 | Total=0.0781 | ValF1@0.5=0.8600
Ep 380 | Focal=0.0189 | KL=0.0600 | Con=17.2147 | Total=0.0789 | ValF1@0.5=0.8672
Ep 390 | Focal=0.0181 | KL=0.0600 | Con=17.1384 | Total=0.0781 | ValF1@0.5=0.8671
Ep 400 | Focal=0.0179 | KL=0.0583 | Con=17.1404 | Total=0.0762 | ValF1@0.5=0.8693

[OK] Load best model by ValF1@0.5=0.8699

[VAL] best threshold=0.500, best macroF1=0.8699

================ TRAIN ================
Threshold: 0.500
Accuracy : 0.8884
Macro-F1 : 0.8754 (Class0: 0.9156, Class1: 0.8353)
AUC      : 0.9482
MCC      : 0.7522
G-Mean   : 0.8671
Sensitivity: 0.8056
Specificity: 0.9332
Classification report:
              precision    recall  f1-score   support

           0     0.8986    0.9332    0.9156      8636
           1     0.8672    0.8056    0.8353      4677

    accuracy                         0.8884     13313
   macro avg     0.8829    0.8694    0.8754     13313
weighted avg     0.8876    0.8884    0.8874     13313


================ VAL ================
Threshold: 0.500
Accuracy : 0.8818
Macro-F1 : 0.8699 (Class0: 0.9093, Class1: 0.8304)
AUC      : 0.9386
MCC      : 0.7406
G-Mean   : 0.8634
Sensitivity: 0.8072
Specificity: 0.9235
Classification report:
              precision    recall  f1-score   support

           0     0.8956    0.9235    0.9093      1830
           1     0.8549    0.8072    0.8304      1022

    accuracy                         0.8818      2852
   macro avg     0.8753    0.8654    0.8699      2852
weighted avg     0.8810    0.8818    0.8810      2852


================ TEST ================
Threshold: 0.500
Accuracy : 0.8693
Macro-F1 : 0.8541 (Class0: 0.9012, Class1: 0.8070)
AUC      : 0.9240
MCC      : 0.7087
G-Mean   : 0.8481
Sensitivity: 0.7887
Specificity: 0.9121
Classification report:
              precision    recall  f1-score   support

           0     0.8906    0.9121    0.9012      1865
           1     0.8263    0.7887    0.8070       989

    accuracy                         0.8693      2854
   macro avg     0.8584    0.8504    0.8541      2854
weighted avg     0.8683    0.8693    0.8686      2854


================================================================================
 RUN 17/30 (Seed=16)
================================================================================
================================================================================
 Pipeline: LP soft labels + MLP prob + 1.0 * KL + Focal + 0.0 * SupCon
================================================================================
_propagate 的参数值:
  alpha_pos = 0.5
  alpha_neg = 0.55
  forbid_flip = True
  flip_margin = 0.1

[LP] soft label stats (train only):
  pos mean: 0.8815
  neg mean: 0.0708
  seeds ratio: 0.301
训练函数参数值:
  lr = 0.001
  weight_decay = 1e-05
  epochs = 400
  focal_gamma = 2.0
  focal_alpha = 0.25
  use_contrastive = True
  contrastive_weight = 0.0
  contrastive_temp = 0.07
  minority_weight = 2.0
  use_kl = True
  kl_weight = 1.0
  device = cuda
Ep 010 | Focal=0.0423 | KL=0.0955 | Con=18.4172 | Total=0.1378 | ValF1@0.5=0.8563
Ep 020 | Focal=0.0295 | KL=0.0911 | Con=18.1960 | Total=0.1206 | ValF1@0.5=0.8665
Ep 030 | Focal=0.0294 | KL=0.0854 | Con=18.3941 | Total=0.1148 | ValF1@0.5=0.8642
Ep 040 | Focal=0.0296 | KL=0.0837 | Con=18.4463 | Total=0.1132 | ValF1@0.5=0.8584
Ep 050 | Focal=0.0276 | KL=0.0834 | Con=18.4300 | Total=0.1110 | ValF1@0.5=0.8656
Ep 060 | Focal=0.0284 | KL=0.0814 | Con=18.4640 | Total=0.1098 | ValF1@0.5=0.8640
Ep 070 | Focal=0.0276 | KL=0.0814 | Con=18.4233 | Total=0.1090 | ValF1@0.5=0.8673
Ep 080 | Focal=0.0274 | KL=0.0802 | Con=18.4353 | Total=0.1076 | ValF1@0.5=0.8648
Ep 090 | Focal=0.0269 | KL=0.0792 | Con=18.4320 | Total=0.1061 | ValF1@0.5=0.8634
Ep 100 | Focal=0.0265 | KL=0.0784 | Con=18.4291 | Total=0.1049 | ValF1@0.5=0.8660
Ep 110 | Focal=0.0264 | KL=0.0777 | Con=18.4218 | Total=0.1041 | ValF1@0.5=0.8623
Ep 120 | Focal=0.0262 | KL=0.0774 | Con=18.3933 | Total=0.1036 | ValF1@0.5=0.8634
Ep 130 | Focal=0.0257 | KL=0.0766 | Con=18.3921 | Total=0.1024 | ValF1@0.5=0.8651
Ep 140 | Focal=0.0248 | KL=0.0752 | Con=18.3578 | Total=0.1000 | ValF1@0.5=0.8662
Ep 150 | Focal=0.0247 | KL=0.0741 | Con=18.3352 | Total=0.0988 | ValF1@0.5=0.8626
Ep 160 | Focal=0.0250 | KL=0.0739 | Con=18.3573 | Total=0.0990 | ValF1@0.5=0.8625
Ep 170 | Focal=0.0247 | KL=0.0737 | Con=18.2894 | Total=0.0984 | ValF1@0.5=0.8668
Ep 180 | Focal=0.0240 | KL=0.0728 | Con=18.2674 | Total=0.0968 | ValF1@0.5=0.8665
Ep 190 | Focal=0.0238 | KL=0.0713 | Con=18.2766 | Total=0.0951 | ValF1@0.5=0.8682
Ep 200 | Focal=0.0235 | KL=0.0711 | Con=18.2299 | Total=0.0946 | ValF1@0.5=0.8681
Ep 210 | Focal=0.0231 | KL=0.0710 | Con=18.1509 | Total=0.0941 | ValF1@0.5=0.8676
Ep 220 | Focal=0.0225 | KL=0.0695 | Con=18.1456 | Total=0.0921 | ValF1@0.5=0.8658
Ep 230 | Focal=0.0226 | KL=0.0689 | Con=18.1190 | Total=0.0915 | ValF1@0.5=0.8645
Ep 240 | Focal=0.0229 | KL=0.0685 | Con=18.1217 | Total=0.0914 | ValF1@0.5=0.8635
Ep 250 | Focal=0.0226 | KL=0.0675 | Con=18.1097 | Total=0.0901 | ValF1@0.5=0.8669
Ep 260 | Focal=0.0222 | KL=0.0670 | Con=18.0797 | Total=0.0892 | ValF1@0.5=0.8642
Ep 270 | Focal=0.0215 | KL=0.0663 | Con=18.0330 | Total=0.0877 | ValF1@0.5=0.8629
Ep 280 | Focal=0.0215 | KL=0.0656 | Con=18.0295 | Total=0.0871 | ValF1@0.5=0.8661
Ep 290 | Focal=0.0205 | KL=0.0640 | Con=17.9449 | Total=0.0845 | ValF1@0.5=0.8674
Ep 300 | Focal=0.0215 | KL=0.0646 | Con=17.9579 | Total=0.0861 | ValF1@0.5=0.8653
Ep 310 | Focal=0.0208 | KL=0.0633 | Con=17.9316 | Total=0.0842 | ValF1@0.5=0.8645
Ep 320 | Focal=0.0202 | KL=0.0634 | Con=17.9182 | Total=0.0836 | ValF1@0.5=0.8687
Ep 330 | Focal=0.0203 | KL=0.0624 | Con=17.7998 | Total=0.0827 | ValF1@0.5=0.8679
Ep 340 | Focal=0.0198 | KL=0.0617 | Con=17.7798 | Total=0.0815 | ValF1@0.5=0.8685
Ep 350 | Focal=0.0188 | KL=0.0613 | Con=17.7227 | Total=0.0801 | ValF1@0.5=0.8652
Ep 360 | Focal=0.0194 | KL=0.0597 | Con=17.7334 | Total=0.0790 | ValF1@0.5=0.8668
Ep 370 | Focal=0.0177 | KL=0.0606 | Con=17.5640 | Total=0.0783 | ValF1@0.5=0.8719
Ep 380 | Focal=0.0182 | KL=0.0595 | Con=17.5970 | Total=0.0777 | ValF1@0.5=0.8674
Ep 390 | Focal=0.0182 | KL=0.0590 | Con=17.5607 | Total=0.0772 | ValF1@0.5=0.8668
Ep 400 | Focal=0.0184 | KL=0.0584 | Con=17.4952 | Total=0.0768 | ValF1@0.5=0.8678

[OK] Load best model by ValF1@0.5=0.8719

[VAL] best threshold=0.480, best macroF1=0.8733

================ TRAIN ================
Threshold: 0.480
Accuracy : 0.8933
Macro-F1 : 0.8796 (Class0: 0.9201, Class1: 0.8391)
AUC      : 0.9546
MCC      : 0.7626
G-Mean   : 0.8666
Sensitivity: 0.7922
Specificity: 0.9480
Classification report:
              precision    recall  f1-score   support

           0     0.8939    0.9480    0.9201      8636
           1     0.8919    0.7922    0.8391      4677

    accuracy                         0.8933     13313
   macro avg     0.8929    0.8701    0.8796     13313
weighted avg     0.8932    0.8933    0.8917     13313


================ VAL ================
Threshold: 0.480
Accuracy : 0.8860
Macro-F1 : 0.8733 (Class0: 0.9134, Class1: 0.8332)
AUC      : 0.9395
MCC      : 0.7491
G-Mean   : 0.8629
Sensitivity: 0.7945
Specificity: 0.9372
Classification report:
              precision    recall  f1-score   support

           0     0.8909    0.9372    0.9134      1830
           1     0.8759    0.7945    0.8332      1022

    accuracy                         0.8860      2852
   macro avg     0.8834    0.8658    0.8733      2852
weighted avg     0.8855    0.8860    0.8847      2852


================ TEST ================
Threshold: 0.480
Accuracy : 0.8739
Macro-F1 : 0.8577 (Class0: 0.9057, Class1: 0.8097)
AUC      : 0.9263
MCC      : 0.7173
G-Mean   : 0.8471
Sensitivity: 0.7745
Specificity: 0.9265
Classification report:
              precision    recall  f1-score   support

           0     0.8857    0.9265    0.9057      1865
           1     0.8483    0.7745    0.8097       989

    accuracy                         0.8739      2854
   macro avg     0.8670    0.8505    0.8577      2854
weighted avg     0.8727    0.8739    0.8724      2854


================================================================================
 RUN 18/30 (Seed=17)
================================================================================
================================================================================
 Pipeline: LP soft labels + MLP prob + 1.0 * KL + Focal + 0.0 * SupCon
================================================================================
_propagate 的参数值:
  alpha_pos = 0.5
  alpha_neg = 0.55
  forbid_flip = True
  flip_margin = 0.1

[LP] soft label stats (train only):
  pos mean: 0.8815
  neg mean: 0.0708
  seeds ratio: 0.301
训练函数参数值:
  lr = 0.001
  weight_decay = 1e-05
  epochs = 400
  focal_gamma = 2.0
  focal_alpha = 0.25
  use_contrastive = True
  contrastive_weight = 0.0
  contrastive_temp = 0.07
  minority_weight = 2.0
  use_kl = True
  kl_weight = 1.0
  device = cuda
Ep 010 | Focal=0.0421 | KL=0.0910 | Con=18.5296 | Total=0.1332 | ValF1@0.5=0.8592
Ep 020 | Focal=0.0302 | KL=0.0906 | Con=18.0230 | Total=0.1208 | ValF1@0.5=0.8630
Ep 030 | Focal=0.0288 | KL=0.0869 | Con=18.2808 | Total=0.1157 | ValF1@0.5=0.8641
Ep 040 | Focal=0.0302 | KL=0.0831 | Con=18.4607 | Total=0.1133 | ValF1@0.5=0.8312
Ep 050 | Focal=0.0278 | KL=0.0842 | Con=18.4089 | Total=0.1120 | ValF1@0.5=0.8643
Ep 060 | Focal=0.0287 | KL=0.0815 | Con=18.4725 | Total=0.1102 | ValF1@0.5=0.8648
Ep 070 | Focal=0.0276 | KL=0.0817 | Con=18.4082 | Total=0.1093 | ValF1@0.5=0.8655
Ep 080 | Focal=0.0279 | KL=0.0805 | Con=18.4169 | Total=0.1084 | ValF1@0.5=0.8638
Ep 090 | Focal=0.0274 | KL=0.0800 | Con=18.3872 | Total=0.1074 | ValF1@0.5=0.8634
Ep 100 | Focal=0.0271 | KL=0.0792 | Con=18.3434 | Total=0.1063 | ValF1@0.5=0.8631
Ep 110 | Focal=0.0264 | KL=0.0775 | Con=18.3229 | Total=0.1040 | ValF1@0.5=0.8639
Ep 120 | Focal=0.0263 | KL=0.0774 | Con=18.3333 | Total=0.1037 | ValF1@0.5=0.8648
Ep 130 | Focal=0.0255 | KL=0.0761 | Con=18.2592 | Total=0.1016 | ValF1@0.5=0.8651
Ep 140 | Focal=0.0255 | KL=0.0757 | Con=18.2583 | Total=0.1012 | ValF1@0.5=0.8661
Ep 150 | Focal=0.0250 | KL=0.0744 | Con=18.2629 | Total=0.0994 | ValF1@0.5=0.8663
Ep 160 | Focal=0.0246 | KL=0.0736 | Con=18.2391 | Total=0.0982 | ValF1@0.5=0.8684
Ep 170 | Focal=0.0243 | KL=0.0734 | Con=18.2006 | Total=0.0977 | ValF1@0.5=0.8609
Ep 180 | Focal=0.0238 | KL=0.0722 | Con=18.1467 | Total=0.0960 | ValF1@0.5=0.8626
Ep 190 | Focal=0.0236 | KL=0.0721 | Con=18.0591 | Total=0.0957 | ValF1@0.5=0.8620
Ep 200 | Focal=0.0233 | KL=0.0709 | Con=18.0962 | Total=0.0942 | ValF1@0.5=0.8653
Ep 210 | Focal=0.0232 | KL=0.0702 | Con=18.0633 | Total=0.0934 | ValF1@0.5=0.8683
Ep 220 | Focal=0.0231 | KL=0.0697 | Con=18.0213 | Total=0.0928 | ValF1@0.5=0.8661
Ep 230 | Focal=0.0227 | KL=0.0697 | Con=17.9595 | Total=0.0924 | ValF1@0.5=0.8667
Ep 240 | Focal=0.0221 | KL=0.0683 | Con=17.9591 | Total=0.0904 | ValF1@0.5=0.8616
Ep 250 | Focal=0.0223 | KL=0.0689 | Con=17.9309 | Total=0.0912 | ValF1@0.5=0.8665
Ep 260 | Focal=0.0217 | KL=0.0681 | Con=17.8464 | Total=0.0898 | ValF1@0.5=0.8652
Ep 270 | Focal=0.0217 | KL=0.0667 | Con=17.8560 | Total=0.0884 | ValF1@0.5=0.8680
Ep 280 | Focal=0.0216 | KL=0.0669 | Con=17.8413 | Total=0.0886 | ValF1@0.5=0.8606
Ep 290 | Focal=0.0212 | KL=0.0664 | Con=17.7927 | Total=0.0876 | ValF1@0.5=0.8655
Ep 300 | Focal=0.0211 | KL=0.0649 | Con=17.7943 | Total=0.0860 | ValF1@0.5=0.8631
Ep 310 | Focal=0.0199 | KL=0.0636 | Con=17.6577 | Total=0.0835 | ValF1@0.5=0.8647
Ep 320 | Focal=0.0200 | KL=0.0635 | Con=17.6450 | Total=0.0836 | ValF1@0.5=0.8658
Ep 330 | Focal=0.0196 | KL=0.0634 | Con=17.6115 | Total=0.0830 | ValF1@0.5=0.8678
Ep 340 | Focal=0.0195 | KL=0.0629 | Con=17.5503 | Total=0.0824 | ValF1@0.5=0.8677
Ep 350 | Focal=0.0195 | KL=0.0613 | Con=17.5377 | Total=0.0808 | ValF1@0.5=0.8674
Ep 360 | Focal=0.0192 | KL=0.0606 | Con=17.5641 | Total=0.0797 | ValF1@0.5=0.8697
Ep 370 | Focal=0.0191 | KL=0.0610 | Con=17.5349 | Total=0.0802 | ValF1@0.5=0.8644
Ep 380 | Focal=0.0190 | KL=0.0603 | Con=17.4790 | Total=0.0793 | ValF1@0.5=0.8632
Ep 390 | Focal=0.0188 | KL=0.0590 | Con=17.4860 | Total=0.0778 | ValF1@0.5=0.8635
Ep 400 | Focal=0.0176 | KL=0.0578 | Con=17.2700 | Total=0.0754 | ValF1@0.5=0.8689

[OK] Load best model by ValF1@0.5=0.8697

[VAL] best threshold=0.500, best macroF1=0.8697

================ TRAIN ================
Threshold: 0.500
Accuracy : 0.8936
Macro-F1 : 0.8801 (Class0: 0.9203, Class1: 0.8400)
AUC      : 0.9523
MCC      : 0.7633
G-Mean   : 0.8678
Sensitivity: 0.7954
Specificity: 0.9467
Classification report:
              precision    recall  f1-score   support

           0     0.8952    0.9467    0.9203      8636
           1     0.8900    0.7954    0.8400      4677

    accuracy                         0.8936     13313
   macro avg     0.8926    0.8711    0.8801     13313
weighted avg     0.8934    0.8936    0.8921     13313


================ VAL ================
Threshold: 0.500
Accuracy : 0.8829
Macro-F1 : 0.8697 (Class0: 0.9111, Class1: 0.8284)
AUC      : 0.9361
MCC      : 0.7420
G-Mean   : 0.8590
Sensitivity: 0.7886
Specificity: 0.9355
Classification report:
              precision    recall  f1-score   support

           0     0.8880    0.9355    0.9111      1830
           1     0.8723    0.7886    0.8284      1022

    accuracy                         0.8829      2852
   macro avg     0.8801    0.8621    0.8697      2852
weighted avg     0.8824    0.8829    0.8815      2852


================ TEST ================
Threshold: 0.500
Accuracy : 0.8753
Macro-F1 : 0.8592 (Class0: 0.9068, Class1: 0.8116)
AUC      : 0.9251
MCC      : 0.7204
G-Mean   : 0.8484
Sensitivity: 0.7755
Specificity: 0.9282
Classification report:
              precision    recall  f1-score   support

           0     0.8863    0.9282    0.9068      1865
           1     0.8513    0.7755    0.8116       989

    accuracy                         0.8753      2854
   macro avg     0.8688    0.8518    0.8592      2854
weighted avg     0.8742    0.8753    0.8738      2854


================================================================================
 RUN 19/30 (Seed=18)
================================================================================
================================================================================
 Pipeline: LP soft labels + MLP prob + 1.0 * KL + Focal + 0.0 * SupCon
================================================================================
_propagate 的参数值:
  alpha_pos = 0.5
  alpha_neg = 0.55
  forbid_flip = True
  flip_margin = 0.1

[LP] soft label stats (train only):
  pos mean: 0.8815
  neg mean: 0.0708
  seeds ratio: 0.301
训练函数参数值:
  lr = 0.001
  weight_decay = 1e-05
  epochs = 400
  focal_gamma = 2.0
  focal_alpha = 0.25
  use_contrastive = True
  contrastive_weight = 0.0
  contrastive_temp = 0.07
  minority_weight = 2.0
  use_kl = True
  kl_weight = 1.0
  device = cuda
Ep 010 | Focal=0.0423 | KL=0.0948 | Con=18.2713 | Total=0.1371 | ValF1@0.5=0.8553
Ep 020 | Focal=0.0322 | KL=0.0887 | Con=18.3166 | Total=0.1209 | ValF1@0.5=0.8610
Ep 030 | Focal=0.0270 | KL=0.0891 | Con=18.3601 | Total=0.1160 | ValF1@0.5=0.8668
Ep 040 | Focal=0.0314 | KL=0.0837 | Con=18.6365 | Total=0.1150 | ValF1@0.5=0.8527
Ep 050 | Focal=0.0278 | KL=0.0849 | Con=18.5606 | Total=0.1128 | ValF1@0.5=0.8665
Ep 060 | Focal=0.0288 | KL=0.0826 | Con=18.5910 | Total=0.1114 | ValF1@0.5=0.8655
Ep 070 | Focal=0.0284 | KL=0.0822 | Con=18.5039 | Total=0.1106 | ValF1@0.5=0.8635
Ep 080 | Focal=0.0274 | KL=0.0807 | Con=18.4915 | Total=0.1081 | ValF1@0.5=0.8637
Ep 090 | Focal=0.0274 | KL=0.0803 | Con=18.4524 | Total=0.1076 | ValF1@0.5=0.8644
Ep 100 | Focal=0.0270 | KL=0.0793 | Con=18.4149 | Total=0.1063 | ValF1@0.5=0.8636
Ep 110 | Focal=0.0265 | KL=0.0782 | Con=18.4036 | Total=0.1046 | ValF1@0.5=0.8642
Ep 120 | Focal=0.0265 | KL=0.0780 | Con=18.3532 | Total=0.1045 | ValF1@0.5=0.8644
Ep 130 | Focal=0.0259 | KL=0.0762 | Con=18.3392 | Total=0.1021 | ValF1@0.5=0.8668
Ep 140 | Focal=0.0258 | KL=0.0758 | Con=18.2814 | Total=0.1016 | ValF1@0.5=0.8672
Ep 150 | Focal=0.0255 | KL=0.0753 | Con=18.2808 | Total=0.1008 | ValF1@0.5=0.8667
Ep 160 | Focal=0.0246 | KL=0.0739 | Con=18.2205 | Total=0.0986 | ValF1@0.5=0.8637
Ep 170 | Focal=0.0245 | KL=0.0737 | Con=18.1850 | Total=0.0983 | ValF1@0.5=0.8658
Ep 180 | Focal=0.0243 | KL=0.0731 | Con=18.1625 | Total=0.0974 | ValF1@0.5=0.8688
Ep 190 | Focal=0.0243 | KL=0.0720 | Con=18.1517 | Total=0.0963 | ValF1@0.5=0.8693
Ep 200 | Focal=0.0240 | KL=0.0711 | Con=18.1069 | Total=0.0951 | ValF1@0.5=0.8611
Ep 210 | Focal=0.0234 | KL=0.0700 | Con=18.0997 | Total=0.0934 | ValF1@0.5=0.8667
Ep 220 | Focal=0.0234 | KL=0.0697 | Con=18.0453 | Total=0.0931 | ValF1@0.5=0.8609
Ep 230 | Focal=0.0233 | KL=0.0697 | Con=18.0121 | Total=0.0930 | ValF1@0.5=0.8628
Ep 240 | Focal=0.0227 | KL=0.0690 | Con=17.9615 | Total=0.0917 | ValF1@0.5=0.8652
Ep 250 | Focal=0.0221 | KL=0.0676 | Con=17.9023 | Total=0.0896 | ValF1@0.5=0.8558
Ep 260 | Focal=0.0219 | KL=0.0670 | Con=17.8476 | Total=0.0889 | ValF1@0.5=0.8642
Ep 270 | Focal=0.0212 | KL=0.0660 | Con=17.8038 | Total=0.0872 | ValF1@0.5=0.8630
Ep 280 | Focal=0.0210 | KL=0.0658 | Con=17.7624 | Total=0.0869 | ValF1@0.5=0.8661
Ep 290 | Focal=0.0207 | KL=0.0655 | Con=17.7260 | Total=0.0862 | ValF1@0.5=0.8639
Ep 300 | Focal=0.0211 | KL=0.0643 | Con=17.7268 | Total=0.0854 | ValF1@0.5=0.8664
Ep 310 | Focal=0.0209 | KL=0.0636 | Con=17.7457 | Total=0.0845 | ValF1@0.5=0.8675
Ep 320 | Focal=0.0204 | KL=0.0635 | Con=17.6014 | Total=0.0839 | ValF1@0.5=0.8692
Ep 330 | Focal=0.0198 | KL=0.0626 | Con=17.6261 | Total=0.0824 | ValF1@0.5=0.8662
Ep 340 | Focal=0.0198 | KL=0.0622 | Con=17.4823 | Total=0.0820 | ValF1@0.5=0.8662
Ep 350 | Focal=0.0194 | KL=0.0612 | Con=17.5159 | Total=0.0806 | ValF1@0.5=0.8635
Ep 360 | Focal=0.0193 | KL=0.0609 | Con=17.5331 | Total=0.0802 | ValF1@0.5=0.8675
Ep 370 | Focal=0.0185 | KL=0.0603 | Con=17.4819 | Total=0.0787 | ValF1@0.5=0.8630
Ep 380 | Focal=0.0184 | KL=0.0597 | Con=17.4589 | Total=0.0781 | ValF1@0.5=0.8640
Ep 390 | Focal=0.0187 | KL=0.0590 | Con=17.4541 | Total=0.0777 | ValF1@0.5=0.8686
Ep 400 | Focal=0.0194 | KL=0.0590 | Con=17.4987 | Total=0.0784 | ValF1@0.5=0.8665

[OK] Load best model by ValF1@0.5=0.8693

[VAL] best threshold=0.520, best macroF1=0.8696

================ TRAIN ================
Threshold: 0.520
Accuracy : 0.8858
Macro-F1 : 0.8718 (Class0: 0.9142, Class1: 0.8293)
AUC      : 0.9424
MCC      : 0.7460
G-Mean   : 0.8605
Sensitivity: 0.7894
Specificity: 0.9381
Classification report:
              precision    recall  f1-score   support

           0     0.8916    0.9381    0.9142      8636
           1     0.8734    0.7894    0.8293      4677

    accuracy                         0.8858     13313
   macro avg     0.8825    0.8637    0.8718     13313
weighted avg     0.8852    0.8858    0.8844     13313


================ VAL ================
Threshold: 0.520
Accuracy : 0.8818
Macro-F1 : 0.8696 (Class0: 0.9095, Class1: 0.8297)
AUC      : 0.9362
MCC      : 0.7403
G-Mean   : 0.8623
Sensitivity: 0.8033
Specificity: 0.9257
Classification report:
              precision    recall  f1-score   support

           0     0.8939    0.9257    0.9095      1830
           1     0.8579    0.8033    0.8297      1022

    accuracy                         0.8818      2852
   macro avg     0.8759    0.8645    0.8696      2852
weighted avg     0.8810    0.8818    0.8809      2852


================ TEST ================
Threshold: 0.520
Accuracy : 0.8721
Macro-F1 : 0.8561 (Class0: 0.9041, Class1: 0.8082)
AUC      : 0.9235
MCC      : 0.7137
G-Mean   : 0.8468
Sensitivity: 0.7776
Specificity: 0.9223
Classification report:
              precision    recall  f1-score   support

           0     0.8866    0.9223    0.9041      1865
           1     0.8414    0.7776    0.8082       989

    accuracy                         0.8721      2854
   macro avg     0.8640    0.8499    0.8561      2854
weighted avg     0.8709    0.8721    0.8708      2854


================================================================================
 RUN 20/30 (Seed=19)
================================================================================
================================================================================
 Pipeline: LP soft labels + MLP prob + 1.0 * KL + Focal + 0.0 * SupCon
================================================================================
_propagate 的参数值:
  alpha_pos = 0.5
  alpha_neg = 0.55
  forbid_flip = True
  flip_margin = 0.1

[LP] soft label stats (train only):
  pos mean: 0.8815
  neg mean: 0.0708
  seeds ratio: 0.301
训练函数参数值:
  lr = 0.001
  weight_decay = 1e-05
  epochs = 400
  focal_gamma = 2.0
  focal_alpha = 0.25
  use_contrastive = True
  contrastive_weight = 0.0
  contrastive_temp = 0.07
  minority_weight = 2.0
  use_kl = True
  kl_weight = 1.0
  device = cuda
Ep 010 | Focal=0.0475 | KL=0.0945 | Con=18.2681 | Total=0.1420 | ValF1@0.5=0.8662
Ep 020 | Focal=0.0283 | KL=0.0918 | Con=17.6697 | Total=0.1200 | ValF1@0.5=0.8637
Ep 030 | Focal=0.0294 | KL=0.0856 | Con=18.1600 | Total=0.1151 | ValF1@0.5=0.8653
Ep 040 | Focal=0.0300 | KL=0.0835 | Con=18.2753 | Total=0.1135 | ValF1@0.5=0.8504
Ep 050 | Focal=0.0279 | KL=0.0843 | Con=18.2620 | Total=0.1122 | ValF1@0.5=0.8645
Ep 060 | Focal=0.0287 | KL=0.0818 | Con=18.2828 | Total=0.1105 | ValF1@0.5=0.8656
Ep 070 | Focal=0.0276 | KL=0.0815 | Con=18.2155 | Total=0.1091 | ValF1@0.5=0.8660
Ep 080 | Focal=0.0279 | KL=0.0800 | Con=18.2556 | Total=0.1079 | ValF1@0.5=0.8626
Ep 090 | Focal=0.0268 | KL=0.0797 | Con=18.1865 | Total=0.1066 | ValF1@0.5=0.8627
Ep 100 | Focal=0.0268 | KL=0.0788 | Con=18.1912 | Total=0.1056 | ValF1@0.5=0.8654
Ep 110 | Focal=0.0266 | KL=0.0782 | Con=18.1555 | Total=0.1048 | ValF1@0.5=0.8654
Ep 120 | Focal=0.0259 | KL=0.0772 | Con=18.1369 | Total=0.1031 | ValF1@0.5=0.8662
Ep 130 | Focal=0.0254 | KL=0.0765 | Con=18.1108 | Total=0.1019 | ValF1@0.5=0.8663
Ep 140 | Focal=0.0251 | KL=0.0752 | Con=18.0701 | Total=0.1003 | ValF1@0.5=0.8650
Ep 150 | Focal=0.0251 | KL=0.0741 | Con=18.0930 | Total=0.0992 | ValF1@0.5=0.8607
Ep 160 | Focal=0.0240 | KL=0.0728 | Con=17.9986 | Total=0.0968 | ValF1@0.5=0.8658
Ep 170 | Focal=0.0244 | KL=0.0729 | Con=17.9911 | Total=0.0973 | ValF1@0.5=0.8649
Ep 180 | Focal=0.0236 | KL=0.0713 | Con=17.9372 | Total=0.0949 | ValF1@0.5=0.8649
Ep 190 | Focal=0.0235 | KL=0.0717 | Con=17.9067 | Total=0.0952 | ValF1@0.5=0.8660
Ep 200 | Focal=0.0234 | KL=0.0709 | Con=17.8811 | Total=0.0942 | ValF1@0.5=0.8661
Ep 210 | Focal=0.0230 | KL=0.0697 | Con=17.8595 | Total=0.0927 | ValF1@0.5=0.8656
Ep 220 | Focal=0.0222 | KL=0.0683 | Con=17.8065 | Total=0.0905 | ValF1@0.5=0.8680
Ep 230 | Focal=0.0224 | KL=0.0684 | Con=17.7976 | Total=0.0908 | ValF1@0.5=0.8631
Ep 240 | Focal=0.0218 | KL=0.0679 | Con=17.6912 | Total=0.0898 | ValF1@0.5=0.8679
Ep 250 | Focal=0.0212 | KL=0.0672 | Con=17.7063 | Total=0.0883 | ValF1@0.5=0.8669
Ep 260 | Focal=0.0213 | KL=0.0671 | Con=17.6502 | Total=0.0884 | ValF1@0.5=0.8650
Ep 270 | Focal=0.0205 | KL=0.0663 | Con=17.5871 | Total=0.0868 | ValF1@0.5=0.8674
Ep 280 | Focal=0.0211 | KL=0.0660 | Con=17.6448 | Total=0.0871 | ValF1@0.5=0.8677
Ep 290 | Focal=0.0204 | KL=0.0640 | Con=17.6044 | Total=0.0844 | ValF1@0.5=0.8657
Ep 300 | Focal=0.0207 | KL=0.0641 | Con=17.5741 | Total=0.0848 | ValF1@0.5=0.8661
Ep 310 | Focal=0.0198 | KL=0.0642 | Con=17.5061 | Total=0.0839 | ValF1@0.5=0.8664
Ep 320 | Focal=0.0197 | KL=0.0626 | Con=17.5443 | Total=0.0823 | ValF1@0.5=0.8660
Ep 330 | Focal=0.0198 | KL=0.0613 | Con=17.5355 | Total=0.0811 | ValF1@0.5=0.8632
Ep 340 | Focal=0.0201 | KL=0.0614 | Con=17.5509 | Total=0.0815 | ValF1@0.5=0.8696
Ep 350 | Focal=0.0187 | KL=0.0613 | Con=17.4112 | Total=0.0800 | ValF1@0.5=0.8590
Ep 360 | Focal=0.0187 | KL=0.0605 | Con=17.4034 | Total=0.0793 | ValF1@0.5=0.8679
Ep 370 | Focal=0.0184 | KL=0.0593 | Con=17.3446 | Total=0.0777 | ValF1@0.5=0.8640
Ep 380 | Focal=0.0177 | KL=0.0592 | Con=17.3145 | Total=0.0769 | ValF1@0.5=0.8673
Ep 390 | Focal=0.0179 | KL=0.0591 | Con=17.3159 | Total=0.0771 | ValF1@0.5=0.8651
Ep 400 | Focal=0.0179 | KL=0.0575 | Con=17.2868 | Total=0.0754 | ValF1@0.5=0.8661

[OK] Load best model by ValF1@0.5=0.8696

[VAL] best threshold=0.490, best macroF1=0.8703

================ TRAIN ================
Threshold: 0.490
Accuracy : 0.8914
Macro-F1 : 0.8769 (Class0: 0.9191, Class1: 0.8347)
AUC      : 0.9471
MCC      : 0.7584
G-Mean   : 0.8617
Sensitivity: 0.7804
Specificity: 0.9515
Classification report:
              precision    recall  f1-score   support

           0     0.8889    0.9515    0.9191      8636
           1     0.8970    0.7804    0.8347      4677

    accuracy                         0.8914     13313
   macro avg     0.8930    0.8659    0.8769     13313
weighted avg     0.8918    0.8914    0.8895     13313


================ VAL ================
Threshold: 0.490
Accuracy : 0.8836
Macro-F1 : 0.8703 (Class0: 0.9118, Class1: 0.8287)
AUC      : 0.9359
MCC      : 0.7435
G-Mean   : 0.8586
Sensitivity: 0.7857
Specificity: 0.9383
Classification report:
              precision    recall  f1-score   support

           0     0.8869    0.9383    0.9118      1830
           1     0.8766    0.7857    0.8287      1022

    accuracy                         0.8836      2852
   macro avg     0.8818    0.8620    0.8703      2852
weighted avg     0.8832    0.8836    0.8820      2852


================ TEST ================
Threshold: 0.490
Accuracy : 0.8742
Macro-F1 : 0.8574 (Class0: 0.9063, Class1: 0.8085)
AUC      : 0.9254
MCC      : 0.7177
G-Mean   : 0.8449
Sensitivity: 0.7664
Specificity: 0.9314
Classification report:
              precision    recall  f1-score   support

           0     0.8826    0.9314    0.9063      1865
           1     0.8555    0.7664    0.8085       989

    accuracy                         0.8742      2854
   macro avg     0.8691    0.8489    0.8574      2854
weighted avg     0.8732    0.8742    0.8724      2854


================================================================================
 RUN 21/30 (Seed=20)
================================================================================
================================================================================
 Pipeline: LP soft labels + MLP prob + 1.0 * KL + Focal + 0.0 * SupCon
================================================================================
_propagate 的参数值:
  alpha_pos = 0.5
  alpha_neg = 0.55
  forbid_flip = True
  flip_margin = 0.1

[LP] soft label stats (train only):
  pos mean: 0.8815
  neg mean: 0.0708
  seeds ratio: 0.301
训练函数参数值:
  lr = 0.001
  weight_decay = 1e-05
  epochs = 400
  focal_gamma = 2.0
  focal_alpha = 0.25
  use_contrastive = True
  contrastive_weight = 0.0
  contrastive_temp = 0.07
  minority_weight = 2.0
  use_kl = True
  kl_weight = 1.0
  device = cuda
Ep 010 | Focal=0.0422 | KL=0.0930 | Con=18.6284 | Total=0.1352 | ValF1@0.5=0.8675
Ep 020 | Focal=0.0315 | KL=0.0890 | Con=18.2701 | Total=0.1205 | ValF1@0.5=0.8597
Ep 030 | Focal=0.0275 | KL=0.0892 | Con=18.4716 | Total=0.1167 | ValF1@0.5=0.8650
Ep 040 | Focal=0.0311 | KL=0.0827 | Con=18.7106 | Total=0.1139 | ValF1@0.5=0.8215
Ep 050 | Focal=0.0275 | KL=0.0844 | Con=18.6269 | Total=0.1119 | ValF1@0.5=0.8656
Ep 060 | Focal=0.0287 | KL=0.0819 | Con=18.6901 | Total=0.1106 | ValF1@0.5=0.8673
Ep 070 | Focal=0.0278 | KL=0.0815 | Con=18.6056 | Total=0.1093 | ValF1@0.5=0.8664
Ep 080 | Focal=0.0276 | KL=0.0805 | Con=18.6052 | Total=0.1081 | ValF1@0.5=0.8674
Ep 090 | Focal=0.0273 | KL=0.0798 | Con=18.6284 | Total=0.1071 | ValF1@0.5=0.8677
Ep 100 | Focal=0.0268 | KL=0.0790 | Con=18.5735 | Total=0.1058 | ValF1@0.5=0.8680
Ep 110 | Focal=0.0266 | KL=0.0780 | Con=18.5566 | Total=0.1046 | ValF1@0.5=0.8681
Ep 120 | Focal=0.0264 | KL=0.0780 | Con=18.5190 | Total=0.1043 | ValF1@0.5=0.8660
Ep 130 | Focal=0.0256 | KL=0.0764 | Con=18.5160 | Total=0.1020 | ValF1@0.5=0.8678
Ep 140 | Focal=0.0248 | KL=0.0753 | Con=18.4553 | Total=0.1000 | ValF1@0.5=0.8656
Ep 150 | Focal=0.0247 | KL=0.0741 | Con=18.4679 | Total=0.0989 | ValF1@0.5=0.8617
Ep 160 | Focal=0.0244 | KL=0.0745 | Con=18.4273 | Total=0.0989 | ValF1@0.5=0.8662
Ep 170 | Focal=0.0243 | KL=0.0725 | Con=18.4389 | Total=0.0968 | ValF1@0.5=0.8656
Ep 180 | Focal=0.0239 | KL=0.0729 | Con=18.4131 | Total=0.0968 | ValF1@0.5=0.8648
Ep 190 | Focal=0.0240 | KL=0.0722 | Con=18.4010 | Total=0.0962 | ValF1@0.5=0.8673
Ep 200 | Focal=0.0231 | KL=0.0714 | Con=18.3456 | Total=0.0944 | ValF1@0.5=0.8652
Ep 210 | Focal=0.0234 | KL=0.0705 | Con=18.3609 | Total=0.0939 | ValF1@0.5=0.8679
Ep 220 | Focal=0.0230 | KL=0.0699 | Con=18.3341 | Total=0.0929 | ValF1@0.5=0.8650
Ep 230 | Focal=0.0223 | KL=0.0696 | Con=18.2549 | Total=0.0919 | ValF1@0.5=0.8665
Ep 240 | Focal=0.0225 | KL=0.0688 | Con=18.2653 | Total=0.0913 | ValF1@0.5=0.8664
Ep 250 | Focal=0.0221 | KL=0.0679 | Con=18.2066 | Total=0.0900 | ValF1@0.5=0.8656
Ep 260 | Focal=0.0222 | KL=0.0670 | Con=18.2249 | Total=0.0892 | ValF1@0.5=0.8661
Ep 270 | Focal=0.0215 | KL=0.0665 | Con=18.1984 | Total=0.0880 | ValF1@0.5=0.8632
Ep 280 | Focal=0.0205 | KL=0.0659 | Con=18.0581 | Total=0.0864 | ValF1@0.5=0.8690
Ep 290 | Focal=0.0206 | KL=0.0658 | Con=18.0348 | Total=0.0863 | ValF1@0.5=0.8676
Ep 300 | Focal=0.0208 | KL=0.0651 | Con=18.0597 | Total=0.0858 | ValF1@0.5=0.8689
Ep 310 | Focal=0.0204 | KL=0.0632 | Con=17.9332 | Total=0.0836 | ValF1@0.5=0.8674
Ep 320 | Focal=0.0197 | KL=0.0630 | Con=17.8831 | Total=0.0826 | ValF1@0.5=0.8670
Ep 330 | Focal=0.0190 | KL=0.0629 | Con=17.8062 | Total=0.0819 | ValF1@0.5=0.8668
Ep 340 | Focal=0.0196 | KL=0.0628 | Con=17.8521 | Total=0.0824 | ValF1@0.5=0.8628
Ep 350 | Focal=0.0192 | KL=0.0621 | Con=17.7669 | Total=0.0813 | ValF1@0.5=0.8678
Ep 360 | Focal=0.0187 | KL=0.0621 | Con=17.7532 | Total=0.0809 | ValF1@0.5=0.8664
Ep 370 | Focal=0.0197 | KL=0.0593 | Con=17.7758 | Total=0.0790 | ValF1@0.5=0.8658
Ep 380 | Focal=0.0188 | KL=0.0594 | Con=17.7108 | Total=0.0782 | ValF1@0.5=0.8697
Ep 390 | Focal=0.0185 | KL=0.0596 | Con=17.6113 | Total=0.0781 | ValF1@0.5=0.8701
Ep 400 | Focal=0.0172 | KL=0.0582 | Con=17.5537 | Total=0.0754 | ValF1@0.5=0.8693

[OK] Load best model by ValF1@0.5=0.8701

[VAL] best threshold=0.510, best macroF1=0.8722

================ TRAIN ================
Threshold: 0.510
Accuracy : 0.8917
Macro-F1 : 0.8768 (Class0: 0.9196, Class1: 0.8339)
AUC      : 0.9543
MCC      : 0.7593
G-Mean   : 0.8599
Sensitivity: 0.7738
Specificity: 0.9555
Classification report:
              precision    recall  f1-score   support

           0     0.8864    0.9555    0.9196      8636
           1     0.9041    0.7738    0.8339      4677

    accuracy                         0.8917     13313
   macro avg     0.8952    0.8647    0.8768     13313
weighted avg     0.8926    0.8917    0.8895     13313


================ VAL ================
Threshold: 0.510
Accuracy : 0.8857
Macro-F1 : 0.8722 (Class0: 0.9138, Class1: 0.8306)
AUC      : 0.9385
MCC      : 0.7481
G-Mean   : 0.8590
Sensitivity: 0.7818
Specificity: 0.9437
Classification report:
              precision    recall  f1-score   support

           0     0.8856    0.9437    0.9138      1830
           1     0.8858    0.7818    0.8306      1022

    accuracy                         0.8857      2852
   macro avg     0.8857    0.8628    0.8722      2852
weighted avg     0.8857    0.8857    0.8839      2852


================ TEST ================
Threshold: 0.510
Accuracy : 0.8728
Macro-F1 : 0.8549 (Class0: 0.9059, Class1: 0.8039)
AUC      : 0.9252
MCC      : 0.7141
G-Mean   : 0.8395
Sensitivity: 0.7523
Specificity: 0.9367
Classification report:
              precision    recall  f1-score   support

           0     0.8770    0.9367    0.9059      1865
           1     0.8631    0.7523    0.8039       989

    accuracy                         0.8728      2854
   macro avg     0.8701    0.8445    0.8549      2854
weighted avg     0.8722    0.8728    0.8705      2854


================================================================================
 RUN 22/30 (Seed=21)
================================================================================
================================================================================
 Pipeline: LP soft labels + MLP prob + 1.0 * KL + Focal + 0.0 * SupCon
================================================================================
_propagate 的参数值:
  alpha_pos = 0.5
  alpha_neg = 0.55
  forbid_flip = True
  flip_margin = 0.1

[LP] soft label stats (train only):
  pos mean: 0.8815
  neg mean: 0.0708
  seeds ratio: 0.301
训练函数参数值:
  lr = 0.001
  weight_decay = 1e-05
  epochs = 400
  focal_gamma = 2.0
  focal_alpha = 0.25
  use_contrastive = True
  contrastive_weight = 0.0
  contrastive_temp = 0.07
  minority_weight = 2.0
  use_kl = True
  kl_weight = 1.0
  device = cuda
Ep 010 | Focal=0.0388 | KL=0.0889 | Con=18.2944 | Total=0.1278 | ValF1@0.5=0.8596
Ep 020 | Focal=0.0330 | KL=0.0897 | Con=18.1436 | Total=0.1227 | ValF1@0.5=0.8682
Ep 030 | Focal=0.0269 | KL=0.0886 | Con=18.2375 | Total=0.1155 | ValF1@0.5=0.8649
Ep 040 | Focal=0.0305 | KL=0.0823 | Con=18.4581 | Total=0.1127 | ValF1@0.5=0.8211
Ep 050 | Focal=0.0278 | KL=0.0840 | Con=18.3507 | Total=0.1118 | ValF1@0.5=0.8653
Ep 060 | Focal=0.0286 | KL=0.0816 | Con=18.4325 | Total=0.1102 | ValF1@0.5=0.8655
Ep 070 | Focal=0.0279 | KL=0.0817 | Con=18.3666 | Total=0.1096 | ValF1@0.5=0.8669
Ep 080 | Focal=0.0276 | KL=0.0806 | Con=18.3828 | Total=0.1081 | ValF1@0.5=0.8643
Ep 090 | Focal=0.0273 | KL=0.0795 | Con=18.3579 | Total=0.1068 | ValF1@0.5=0.8633
Ep 100 | Focal=0.0271 | KL=0.0792 | Con=18.3363 | Total=0.1063 | ValF1@0.5=0.8635
Ep 110 | Focal=0.0267 | KL=0.0780 | Con=18.3227 | Total=0.1046 | ValF1@0.5=0.8635
Ep 120 | Focal=0.0263 | KL=0.0771 | Con=18.2841 | Total=0.1034 | ValF1@0.5=0.8625
Ep 130 | Focal=0.0249 | KL=0.0756 | Con=18.2309 | Total=0.1005 | ValF1@0.5=0.8656
Ep 140 | Focal=0.0250 | KL=0.0746 | Con=18.2589 | Total=0.0995 | ValF1@0.5=0.8669
Ep 150 | Focal=0.0247 | KL=0.0753 | Con=18.2285 | Total=0.1000 | ValF1@0.5=0.8685
Ep 160 | Focal=0.0244 | KL=0.0736 | Con=18.1992 | Total=0.0980 | ValF1@0.5=0.8536
Ep 170 | Focal=0.0244 | KL=0.0730 | Con=18.1953 | Total=0.0974 | ValF1@0.5=0.8663
Ep 180 | Focal=0.0238 | KL=0.0729 | Con=18.1488 | Total=0.0967 | ValF1@0.5=0.8672
Ep 190 | Focal=0.0237 | KL=0.0718 | Con=18.1583 | Total=0.0955 | ValF1@0.5=0.8641
Ep 200 | Focal=0.0228 | KL=0.0703 | Con=18.1102 | Total=0.0932 | ValF1@0.5=0.8640
Ep 210 | Focal=0.0236 | KL=0.0705 | Con=18.1383 | Total=0.0941 | ValF1@0.5=0.8645
Ep 220 | Focal=0.0224 | KL=0.0695 | Con=18.0211 | Total=0.0919 | ValF1@0.5=0.8679
Ep 230 | Focal=0.0223 | KL=0.0692 | Con=17.9896 | Total=0.0915 | ValF1@0.5=0.8652
Ep 240 | Focal=0.0217 | KL=0.0677 | Con=17.9436 | Total=0.0894 | ValF1@0.5=0.8669
Ep 250 | Focal=0.0216 | KL=0.0665 | Con=17.9434 | Total=0.0881 | ValF1@0.5=0.8553
Ep 260 | Focal=0.0212 | KL=0.0666 | Con=17.8475 | Total=0.0877 | ValF1@0.5=0.8679
Ep 270 | Focal=0.0205 | KL=0.0660 | Con=17.7872 | Total=0.0865 | ValF1@0.5=0.8647
Ep 280 | Focal=0.0201 | KL=0.0654 | Con=17.7304 | Total=0.0855 | ValF1@0.5=0.8653
Ep 290 | Focal=0.0206 | KL=0.0650 | Con=17.7610 | Total=0.0856 | ValF1@0.5=0.8634
Ep 300 | Focal=0.0198 | KL=0.0644 | Con=17.6778 | Total=0.0843 | ValF1@0.5=0.8653
Ep 310 | Focal=0.0200 | KL=0.0630 | Con=17.6453 | Total=0.0830 | ValF1@0.5=0.8655
Ep 320 | Focal=0.0204 | KL=0.0624 | Con=17.6603 | Total=0.0828 | ValF1@0.5=0.8688
Ep 330 | Focal=0.0191 | KL=0.0614 | Con=17.5680 | Total=0.0806 | ValF1@0.5=0.8507
Ep 340 | Focal=0.0185 | KL=0.0613 | Con=17.5119 | Total=0.0798 | ValF1@0.5=0.8683
Ep 350 | Focal=0.0188 | KL=0.0606 | Con=17.5012 | Total=0.0793 | ValF1@0.5=0.8632
Ep 360 | Focal=0.0190 | KL=0.0600 | Con=17.5339 | Total=0.0790 | ValF1@0.5=0.8644
Ep 370 | Focal=0.0177 | KL=0.0598 | Con=17.3826 | Total=0.0775 | ValF1@0.5=0.8591
Ep 380 | Focal=0.0182 | KL=0.0578 | Con=17.4087 | Total=0.0760 | ValF1@0.5=0.8686
Ep 390 | Focal=0.0167 | KL=0.0580 | Con=17.2010 | Total=0.0747 | ValF1@0.5=0.8672
Ep 400 | Focal=0.0175 | KL=0.0571 | Con=17.2585 | Total=0.0746 | ValF1@0.5=0.8694

[OK] Load best model by ValF1@0.5=0.8694

[VAL] best threshold=0.670, best macroF1=0.8727

================ TRAIN ================
Threshold: 0.670
Accuracy : 0.8877
Macro-F1 : 0.8714 (Class0: 0.9172, Class1: 0.8257)
AUC      : 0.9530
MCC      : 0.7505
G-Mean   : 0.8518
Sensitivity: 0.7571
Specificity: 0.9584
Classification report:
              precision    recall  f1-score   support

           0     0.8793    0.9584    0.9172      8636
           1     0.9079    0.7571    0.8257      4677

    accuracy                         0.8877     13313
   macro avg     0.8936    0.8578    0.8714     13313
weighted avg     0.8894    0.8877    0.8850     13313


================ VAL ================
Threshold: 0.670
Accuracy : 0.8871
Macro-F1 : 0.8727 (Class0: 0.9155, Class1: 0.8300)
AUC      : 0.9366
MCC      : 0.7515
G-Mean   : 0.8561
Sensitivity: 0.7691
Specificity: 0.9530
Classification report:
              precision    recall  f1-score   support

           0     0.8808    0.9530    0.9155      1830
           1     0.9014    0.7691    0.8300      1022

    accuracy                         0.8871      2852
   macro avg     0.8911    0.8610    0.8727      2852
weighted avg     0.8882    0.8871    0.8848      2852


================ TEST ================
Threshold: 0.670
Accuracy : 0.8749
Macro-F1 : 0.8567 (Class0: 0.9078, Class1: 0.8057)
AUC      : 0.9240
MCC      : 0.7188
G-Mean   : 0.8396
Sensitivity: 0.7482
Specificity: 0.9421
Classification report:
              precision    recall  f1-score   support

           0     0.8759    0.9421    0.9078      1865
           1     0.8726    0.7482    0.8057       989

    accuracy                         0.8749      2854
   macro avg     0.8743    0.8452    0.8567      2854
weighted avg     0.8748    0.8749    0.8724      2854


================================================================================
 RUN 23/30 (Seed=22)
================================================================================
================================================================================
 Pipeline: LP soft labels + MLP prob + 1.0 * KL + Focal + 0.0 * SupCon
================================================================================
_propagate 的参数值:
  alpha_pos = 0.5
  alpha_neg = 0.55
  forbid_flip = True
  flip_margin = 0.1

[LP] soft label stats (train only):
  pos mean: 0.8815
  neg mean: 0.0708
  seeds ratio: 0.301
训练函数参数值:
  lr = 0.001
  weight_decay = 1e-05
  epochs = 400
  focal_gamma = 2.0
  focal_alpha = 0.25
  use_contrastive = True
  contrastive_weight = 0.0
  contrastive_temp = 0.07
  minority_weight = 2.0
  use_kl = True
  kl_weight = 1.0
  device = cuda
Ep 010 | Focal=0.0420 | KL=0.0905 | Con=18.6361 | Total=0.1325 | ValF1@0.5=0.8648
Ep 020 | Focal=0.0309 | KL=0.0890 | Con=18.4047 | Total=0.1199 | ValF1@0.5=0.8625
Ep 030 | Focal=0.0277 | KL=0.0883 | Con=18.4297 | Total=0.1159 | ValF1@0.5=0.8645
Ep 040 | Focal=0.0310 | KL=0.0829 | Con=18.6429 | Total=0.1139 | ValF1@0.5=0.8385
Ep 050 | Focal=0.0275 | KL=0.0838 | Con=18.5156 | Total=0.1113 | ValF1@0.5=0.8648
Ep 060 | Focal=0.0283 | KL=0.0815 | Con=18.5730 | Total=0.1098 | ValF1@0.5=0.8654
Ep 070 | Focal=0.0277 | KL=0.0814 | Con=18.5571 | Total=0.1090 | ValF1@0.5=0.8661
Ep 080 | Focal=0.0274 | KL=0.0801 | Con=18.5202 | Total=0.1076 | ValF1@0.5=0.8674
Ep 090 | Focal=0.0272 | KL=0.0792 | Con=18.5746 | Total=0.1064 | ValF1@0.5=0.8637
Ep 100 | Focal=0.0268 | KL=0.0785 | Con=18.5068 | Total=0.1054 | ValF1@0.5=0.8637
Ep 110 | Focal=0.0260 | KL=0.0778 | Con=18.5094 | Total=0.1038 | ValF1@0.5=0.8638
Ep 120 | Focal=0.0260 | KL=0.0772 | Con=18.4713 | Total=0.1031 | ValF1@0.5=0.8676
Ep 130 | Focal=0.0256 | KL=0.0762 | Con=18.4650 | Total=0.1019 | ValF1@0.5=0.8658
Ep 140 | Focal=0.0255 | KL=0.0756 | Con=18.4268 | Total=0.1011 | ValF1@0.5=0.8650
Ep 150 | Focal=0.0251 | KL=0.0751 | Con=18.4001 | Total=0.1002 | ValF1@0.5=0.8685
Ep 160 | Focal=0.0248 | KL=0.0743 | Con=18.4177 | Total=0.0991 | ValF1@0.5=0.8651
Ep 170 | Focal=0.0243 | KL=0.0730 | Con=18.3578 | Total=0.0973 | ValF1@0.5=0.8640
Ep 180 | Focal=0.0241 | KL=0.0731 | Con=18.2661 | Total=0.0972 | ValF1@0.5=0.8633
Ep 190 | Focal=0.0234 | KL=0.0715 | Con=18.2848 | Total=0.0949 | ValF1@0.5=0.8653
Ep 200 | Focal=0.0230 | KL=0.0714 | Con=18.2183 | Total=0.0945 | ValF1@0.5=0.8658
Ep 210 | Focal=0.0229 | KL=0.0702 | Con=18.1947 | Total=0.0931 | ValF1@0.5=0.8676
Ep 220 | Focal=0.0231 | KL=0.0689 | Con=18.1608 | Total=0.0921 | ValF1@0.5=0.8686
Ep 230 | Focal=0.0226 | KL=0.0699 | Con=18.1538 | Total=0.0925 | ValF1@0.5=0.8670
Ep 240 | Focal=0.0230 | KL=0.0682 | Con=18.1416 | Total=0.0912 | ValF1@0.5=0.8679
Ep 250 | Focal=0.0218 | KL=0.0678 | Con=18.0758 | Total=0.0896 | ValF1@0.5=0.8668
Ep 260 | Focal=0.0221 | KL=0.0670 | Con=18.0807 | Total=0.0890 | ValF1@0.5=0.8673
Ep 270 | Focal=0.0219 | KL=0.0660 | Con=18.0089 | Total=0.0878 | ValF1@0.5=0.8696
Ep 280 | Focal=0.0208 | KL=0.0648 | Con=17.9146 | Total=0.0857 | ValF1@0.5=0.8709
Ep 290 | Focal=0.0202 | KL=0.0644 | Con=17.8416 | Total=0.0847 | ValF1@0.5=0.8712
Ep 300 | Focal=0.0201 | KL=0.0651 | Con=17.8241 | Total=0.0852 | ValF1@0.5=0.8680
Ep 310 | Focal=0.0198 | KL=0.0641 | Con=17.7742 | Total=0.0839 | ValF1@0.5=0.8682
Ep 320 | Focal=0.0209 | KL=0.0624 | Con=17.8971 | Total=0.0833 | ValF1@0.5=0.8693
Ep 330 | Focal=0.0193 | KL=0.0616 | Con=17.6871 | Total=0.0810 | ValF1@0.5=0.8659
Ep 340 | Focal=0.0195 | KL=0.0629 | Con=17.7360 | Total=0.0824 | ValF1@0.5=0.8631
Ep 350 | Focal=0.0190 | KL=0.0608 | Con=17.6958 | Total=0.0798 | ValF1@0.5=0.8686
Ep 360 | Focal=0.0184 | KL=0.0600 | Con=17.5927 | Total=0.0784 | ValF1@0.5=0.8703
Ep 370 | Focal=0.0183 | KL=0.0592 | Con=17.5533 | Total=0.0776 | ValF1@0.5=0.8643
Ep 380 | Focal=0.0183 | KL=0.0594 | Con=17.5927 | Total=0.0777 | ValF1@0.5=0.8456
Ep 390 | Focal=0.0174 | KL=0.0576 | Con=17.4100 | Total=0.0749 | ValF1@0.5=0.8656
Ep 400 | Focal=0.0169 | KL=0.0581 | Con=17.4306 | Total=0.0750 | ValF1@0.5=0.8693

[OK] Load best model by ValF1@0.5=0.8712

[VAL] best threshold=0.500, best macroF1=0.8712

================ TRAIN ================
Threshold: 0.500
Accuracy : 0.8884
Macro-F1 : 0.8747 (Class0: 0.9161, Class1: 0.8334)
AUC      : 0.9484
MCC      : 0.7518
G-Mean   : 0.8638
Sensitivity: 0.7945
Specificity: 0.9392
Classification report:
              precision    recall  f1-score   support

           0     0.8941    0.9392    0.9161      8636
           1     0.8762    0.7945    0.8334      4677

    accuracy                         0.8884     13313
   macro avg     0.8851    0.8669    0.8747     13313
weighted avg     0.8878    0.8884    0.8870     13313


================ VAL ================
Threshold: 0.500
Accuracy : 0.8836
Macro-F1 : 0.8712 (Class0: 0.9111, Class1: 0.8313)
AUC      : 0.9392
MCC      : 0.7439
G-Mean   : 0.8628
Sensitivity: 0.8004
Specificity: 0.9301
Classification report:
              precision    recall  f1-score   support

           0     0.8930    0.9301    0.9111      1830
           1     0.8647    0.8004    0.8313      1022

    accuracy                         0.8836      2852
   macro avg     0.8788    0.8652    0.8712      2852
weighted avg     0.8828    0.8836    0.8825      2852


================ TEST ================
Threshold: 0.500
Accuracy : 0.8725
Macro-F1 : 0.8567 (Class0: 0.9042, Class1: 0.8092)
AUC      : 0.9251
MCC      : 0.7147
G-Mean   : 0.8480
Sensitivity: 0.7806
Specificity: 0.9212
Classification report:
              precision    recall  f1-score   support

           0     0.8879    0.9212    0.9042      1865
           1     0.8400    0.7806    0.8092       989

    accuracy                         0.8725      2854
   macro avg     0.8639    0.8509    0.8567      2854
weighted avg     0.8713    0.8725    0.8713      2854


================================================================================
 RUN 24/30 (Seed=23)
================================================================================
================================================================================
 Pipeline: LP soft labels + MLP prob + 1.0 * KL + Focal + 0.0 * SupCon
================================================================================
_propagate 的参数值:
  alpha_pos = 0.5
  alpha_neg = 0.55
  forbid_flip = True
  flip_margin = 0.1

[LP] soft label stats (train only):
  pos mean: 0.8815
  neg mean: 0.0708
  seeds ratio: 0.301
训练函数参数值:
  lr = 0.001
  weight_decay = 1e-05
  epochs = 400
  focal_gamma = 2.0
  focal_alpha = 0.25
  use_contrastive = True
  contrastive_weight = 0.0
  contrastive_temp = 0.07
  minority_weight = 2.0
  use_kl = True
  kl_weight = 1.0
  device = cuda
Ep 010 | Focal=0.0435 | KL=0.0914 | Con=18.5250 | Total=0.1348 | ValF1@0.5=0.8574
Ep 020 | Focal=0.0302 | KL=0.0905 | Con=18.2958 | Total=0.1207 | ValF1@0.5=0.8652
Ep 030 | Focal=0.0288 | KL=0.0866 | Con=18.6270 | Total=0.1154 | ValF1@0.5=0.8652
Ep 040 | Focal=0.0305 | KL=0.0834 | Con=18.7558 | Total=0.1138 | ValF1@0.5=0.8553
Ep 050 | Focal=0.0275 | KL=0.0837 | Con=18.6687 | Total=0.1112 | ValF1@0.5=0.8642
Ep 060 | Focal=0.0286 | KL=0.0816 | Con=18.7121 | Total=0.1103 | ValF1@0.5=0.8658
Ep 070 | Focal=0.0277 | KL=0.0815 | Con=18.6989 | Total=0.1093 | ValF1@0.5=0.8660
Ep 080 | Focal=0.0277 | KL=0.0803 | Con=18.6559 | Total=0.1080 | ValF1@0.5=0.8634
Ep 090 | Focal=0.0272 | KL=0.0797 | Con=18.6499 | Total=0.1069 | ValF1@0.5=0.8634
Ep 100 | Focal=0.0270 | KL=0.0793 | Con=18.6513 | Total=0.1063 | ValF1@0.5=0.8612
Ep 110 | Focal=0.0268 | KL=0.0783 | Con=18.6150 | Total=0.1051 | ValF1@0.5=0.8648
Ep 120 | Focal=0.0260 | KL=0.0767 | Con=18.5588 | Total=0.1027 | ValF1@0.5=0.8670
Ep 130 | Focal=0.0256 | KL=0.0763 | Con=18.5758 | Total=0.1019 | ValF1@0.5=0.8658
Ep 140 | Focal=0.0253 | KL=0.0752 | Con=18.5539 | Total=0.1005 | ValF1@0.5=0.8651
Ep 150 | Focal=0.0244 | KL=0.0742 | Con=18.5303 | Total=0.0986 | ValF1@0.5=0.8636
Ep 160 | Focal=0.0251 | KL=0.0746 | Con=18.5181 | Total=0.0997 | ValF1@0.5=0.8660
Ep 170 | Focal=0.0243 | KL=0.0736 | Con=18.4662 | Total=0.0979 | ValF1@0.5=0.8656
Ep 180 | Focal=0.0243 | KL=0.0732 | Con=18.4512 | Total=0.0974 | ValF1@0.5=0.8654
Ep 190 | Focal=0.0236 | KL=0.0722 | Con=18.3629 | Total=0.0959 | ValF1@0.5=0.8633
Ep 200 | Focal=0.0237 | KL=0.0720 | Con=18.3584 | Total=0.0957 | ValF1@0.5=0.8649
Ep 210 | Focal=0.0235 | KL=0.0715 | Con=18.3479 | Total=0.0950 | ValF1@0.5=0.8672
Ep 220 | Focal=0.0226 | KL=0.0699 | Con=18.2424 | Total=0.0925 | ValF1@0.5=0.8660
Ep 230 | Focal=0.0228 | KL=0.0695 | Con=18.2542 | Total=0.0922 | ValF1@0.5=0.8652
Ep 240 | Focal=0.0226 | KL=0.0695 | Con=18.2421 | Total=0.0921 | ValF1@0.5=0.8659
Ep 250 | Focal=0.0217 | KL=0.0677 | Con=18.1281 | Total=0.0894 | ValF1@0.5=0.8633
Ep 260 | Focal=0.0216 | KL=0.0678 | Con=18.1037 | Total=0.0894 | ValF1@0.5=0.8699
Ep 270 | Focal=0.0211 | KL=0.0673 | Con=18.0338 | Total=0.0884 | ValF1@0.5=0.8655
Ep 280 | Focal=0.0212 | KL=0.0664 | Con=18.0738 | Total=0.0875 | ValF1@0.5=0.8643
Ep 290 | Focal=0.0212 | KL=0.0653 | Con=18.0293 | Total=0.0864 | ValF1@0.5=0.8671
Ep 300 | Focal=0.0206 | KL=0.0648 | Con=17.9881 | Total=0.0854 | ValF1@0.5=0.8664
Ep 310 | Focal=0.0212 | KL=0.0642 | Con=17.9870 | Total=0.0855 | ValF1@0.5=0.8627
Ep 320 | Focal=0.0205 | KL=0.0653 | Con=17.9956 | Total=0.0858 | ValF1@0.5=0.8674
Ep 330 | Focal=0.0197 | KL=0.0636 | Con=17.9014 | Total=0.0833 | ValF1@0.5=0.8618
Ep 340 | Focal=0.0198 | KL=0.0631 | Con=17.8916 | Total=0.0829 | ValF1@0.5=0.8673
Ep 350 | Focal=0.0193 | KL=0.0620 | Con=17.7854 | Total=0.0813 | ValF1@0.5=0.8641
Ep 360 | Focal=0.0188 | KL=0.0612 | Con=17.7463 | Total=0.0800 | ValF1@0.5=0.8675
Ep 370 | Focal=0.0184 | KL=0.0607 | Con=17.6468 | Total=0.0791 | ValF1@0.5=0.8644
Ep 380 | Focal=0.0188 | KL=0.0604 | Con=17.6635 | Total=0.0793 | ValF1@0.5=0.8658
Ep 390 | Focal=0.0177 | KL=0.0596 | Con=17.5468 | Total=0.0773 | ValF1@0.5=0.8643
Ep 400 | Focal=0.0189 | KL=0.0590 | Con=17.6377 | Total=0.0779 | ValF1@0.5=0.8671

[OK] Load best model by ValF1@0.5=0.8699

[VAL] best threshold=0.500, best macroF1=0.8699

================ TRAIN ================
Threshold: 0.500
Accuracy : 0.8885
Macro-F1 : 0.8753 (Class0: 0.9158, Class1: 0.8347)
AUC      : 0.9474
MCC      : 0.7522
G-Mean   : 0.8660
Sensitivity: 0.8016
Specificity: 0.9355
Classification report:
              precision    recall  f1-score   support

           0     0.8970    0.9355    0.9158      8636
           1     0.8706    0.8016    0.8347      4677

    accuracy                         0.8885     13313
   macro avg     0.8838    0.8685    0.8753     13313
weighted avg     0.8877    0.8885    0.8873     13313


================ VAL ================
Threshold: 0.500
Accuracy : 0.8818
Macro-F1 : 0.8699 (Class0: 0.9093, Class1: 0.8304)
AUC      : 0.9382
MCC      : 0.7406
G-Mean   : 0.8634
Sensitivity: 0.8072
Specificity: 0.9235
Classification report:
              precision    recall  f1-score   support

           0     0.8956    0.9235    0.9093      1830
           1     0.8549    0.8072    0.8304      1022

    accuracy                         0.8818      2852
   macro avg     0.8753    0.8654    0.8699      2852
weighted avg     0.8810    0.8818    0.8810      2852


================ TEST ================
Threshold: 0.500
Accuracy : 0.8700
Macro-F1 : 0.8544 (Class0: 0.9021, Class1: 0.8067)
AUC      : 0.9258
MCC      : 0.7097
G-Mean   : 0.8468
Sensitivity: 0.7826
Specificity: 0.9164
Classification report:
              precision    recall  f1-score   support

           0     0.8883    0.9164    0.9021      1865
           1     0.8323    0.7826    0.8067       989

    accuracy                         0.8700      2854
   macro avg     0.8603    0.8495    0.8544      2854
weighted avg     0.8688    0.8700    0.8690      2854


================================================================================
 RUN 25/30 (Seed=24)
================================================================================
================================================================================
 Pipeline: LP soft labels + MLP prob + 1.0 * KL + Focal + 0.0 * SupCon
================================================================================
_propagate 的参数值:
  alpha_pos = 0.5
  alpha_neg = 0.55
  forbid_flip = True
  flip_margin = 0.1

[LP] soft label stats (train only):
  pos mean: 0.8815
  neg mean: 0.0708
  seeds ratio: 0.301
训练函数参数值:
  lr = 0.001
  weight_decay = 1e-05
  epochs = 400
  focal_gamma = 2.0
  focal_alpha = 0.25
  use_contrastive = True
  contrastive_weight = 0.0
  contrastive_temp = 0.07
  minority_weight = 2.0
  use_kl = True
  kl_weight = 1.0
  device = cuda
Ep 010 | Focal=0.0425 | KL=0.0924 | Con=18.4336 | Total=0.1349 | ValF1@0.5=0.8574
Ep 020 | Focal=0.0301 | KL=0.0925 | Con=18.0245 | Total=0.1226 | ValF1@0.5=0.8645
Ep 030 | Focal=0.0291 | KL=0.0868 | Con=18.1969 | Total=0.1159 | ValF1@0.5=0.8659
Ep 040 | Focal=0.0292 | KL=0.0838 | Con=18.1934 | Total=0.1130 | ValF1@0.5=0.8423
Ep 050 | Focal=0.0286 | KL=0.0831 | Con=18.2171 | Total=0.1117 | ValF1@0.5=0.8645
Ep 060 | Focal=0.0284 | KL=0.0827 | Con=18.2306 | Total=0.1111 | ValF1@0.5=0.8674
Ep 070 | Focal=0.0279 | KL=0.0806 | Con=18.2207 | Total=0.1085 | ValF1@0.5=0.8668
Ep 080 | Focal=0.0272 | KL=0.0803 | Con=18.1888 | Total=0.1075 | ValF1@0.5=0.8660
Ep 090 | Focal=0.0271 | KL=0.0790 | Con=18.1761 | Total=0.1062 | ValF1@0.5=0.8648
Ep 100 | Focal=0.0266 | KL=0.0788 | Con=18.1310 | Total=0.1054 | ValF1@0.5=0.8650
Ep 110 | Focal=0.0262 | KL=0.0779 | Con=18.1707 | Total=0.1040 | ValF1@0.5=0.8633
Ep 120 | Focal=0.0261 | KL=0.0773 | Con=18.1058 | Total=0.1034 | ValF1@0.5=0.8663
Ep 130 | Focal=0.0258 | KL=0.0759 | Con=18.1035 | Total=0.1018 | ValF1@0.5=0.8637
Ep 140 | Focal=0.0253 | KL=0.0754 | Con=18.1373 | Total=0.1007 | ValF1@0.5=0.8652
Ep 150 | Focal=0.0252 | KL=0.0750 | Con=18.1061 | Total=0.1002 | ValF1@0.5=0.8645
Ep 160 | Focal=0.0244 | KL=0.0735 | Con=18.0868 | Total=0.0978 | ValF1@0.5=0.8670
Ep 170 | Focal=0.0241 | KL=0.0738 | Con=18.0502 | Total=0.0979 | ValF1@0.5=0.8641
Ep 180 | Focal=0.0241 | KL=0.0726 | Con=18.0333 | Total=0.0967 | ValF1@0.5=0.8648
Ep 190 | Focal=0.0235 | KL=0.0714 | Con=18.0067 | Total=0.0948 | ValF1@0.5=0.8660
Ep 200 | Focal=0.0234 | KL=0.0716 | Con=18.0019 | Total=0.0950 | ValF1@0.5=0.8703
Ep 210 | Focal=0.0235 | KL=0.0701 | Con=17.9991 | Total=0.0936 | ValF1@0.5=0.8664
Ep 220 | Focal=0.0227 | KL=0.0693 | Con=17.9925 | Total=0.0920 | ValF1@0.5=0.8660
Ep 230 | Focal=0.0226 | KL=0.0697 | Con=17.9333 | Total=0.0924 | ValF1@0.5=0.8645
Ep 240 | Focal=0.0229 | KL=0.0685 | Con=17.9452 | Total=0.0913 | ValF1@0.5=0.8677
Ep 250 | Focal=0.0215 | KL=0.0683 | Con=17.7976 | Total=0.0899 | ValF1@0.5=0.8661
Ep 260 | Focal=0.0224 | KL=0.0688 | Con=17.8347 | Total=0.0912 | ValF1@0.5=0.8670
Ep 270 | Focal=0.0214 | KL=0.0664 | Con=17.8096 | Total=0.0877 | ValF1@0.5=0.8638
Ep 280 | Focal=0.0215 | KL=0.0667 | Con=17.8536 | Total=0.0882 | ValF1@0.5=0.8645
Ep 290 | Focal=0.0213 | KL=0.0656 | Con=17.8090 | Total=0.0869 | ValF1@0.5=0.8664
Ep 300 | Focal=0.0211 | KL=0.0650 | Con=17.8026 | Total=0.0861 | ValF1@0.5=0.8645
Ep 310 | Focal=0.0207 | KL=0.0655 | Con=17.7129 | Total=0.0862 | ValF1@0.5=0.8651
Ep 320 | Focal=0.0196 | KL=0.0642 | Con=17.6638 | Total=0.0838 | ValF1@0.5=0.8625
Ep 330 | Focal=0.0199 | KL=0.0646 | Con=17.6116 | Total=0.0844 | ValF1@0.5=0.8668
Ep 340 | Focal=0.0196 | KL=0.0627 | Con=17.5799 | Total=0.0823 | ValF1@0.5=0.8653
Ep 350 | Focal=0.0200 | KL=0.0624 | Con=17.6154 | Total=0.0824 | ValF1@0.5=0.8643
Ep 360 | Focal=0.0192 | KL=0.0615 | Con=17.4972 | Total=0.0807 | ValF1@0.5=0.8660
Ep 370 | Focal=0.0193 | KL=0.0612 | Con=17.5374 | Total=0.0806 | ValF1@0.5=0.8660
Ep 380 | Focal=0.0186 | KL=0.0604 | Con=17.4474 | Total=0.0791 | ValF1@0.5=0.8687
Ep 390 | Focal=0.0180 | KL=0.0612 | Con=17.3810 | Total=0.0792 | ValF1@0.5=0.8685
Ep 400 | Focal=0.0179 | KL=0.0594 | Con=17.3671 | Total=0.0773 | ValF1@0.5=0.8691

[OK] Load best model by ValF1@0.5=0.8703

[VAL] best threshold=0.500, best macroF1=0.8703

================ TRAIN ================
Threshold: 0.500
Accuracy : 0.8853
Macro-F1 : 0.8719 (Class0: 0.9133, Class1: 0.8305)
AUC      : 0.9444
MCC      : 0.7453
G-Mean   : 0.8633
Sensitivity: 0.8001
Specificity: 0.9314
Classification report:
              precision    recall  f1-score   support

           0     0.8959    0.9314    0.9133      8636
           1     0.8634    0.8001    0.8305      4677

    accuracy                         0.8853     13313
   macro avg     0.8796    0.8658    0.8719     13313
weighted avg     0.8845    0.8853    0.8842     13313


================ VAL ================
Threshold: 0.500
Accuracy : 0.8818
Macro-F1 : 0.8703 (Class0: 0.9090, Class1: 0.8316)
AUC      : 0.9387
MCC      : 0.7410
G-Mean   : 0.8653
Sensitivity: 0.8141
Specificity: 0.9197
Classification report:
              precision    recall  f1-score   support

           0     0.8986    0.9197    0.9090      1830
           1     0.8498    0.8141    0.8316      1022

    accuracy                         0.8818      2852
   macro avg     0.8742    0.8669    0.8703      2852
weighted avg     0.8811    0.8818    0.8813      2852


================ TEST ================
Threshold: 0.500
Accuracy : 0.8704
Macro-F1 : 0.8553 (Class0: 0.9020, Class1: 0.8085)
AUC      : 0.9242
MCC      : 0.7110
G-Mean   : 0.8492
Sensitivity: 0.7897
Specificity: 0.9131
Classification report:
              precision    recall  f1-score   support

           0     0.8912    0.9131    0.9020      1865
           1     0.8282    0.7897    0.8085       989

    accuracy                         0.8704      2854
   macro avg     0.8597    0.8514    0.8553      2854
weighted avg     0.8693    0.8704    0.8696      2854


================================================================================
 RUN 26/30 (Seed=25)
================================================================================
================================================================================
 Pipeline: LP soft labels + MLP prob + 1.0 * KL + Focal + 0.0 * SupCon
================================================================================
_propagate 的参数值:
  alpha_pos = 0.5
  alpha_neg = 0.55
  forbid_flip = True
  flip_margin = 0.1

[LP] soft label stats (train only):
  pos mean: 0.8815
  neg mean: 0.0708
  seeds ratio: 0.301
训练函数参数值:
  lr = 0.001
  weight_decay = 1e-05
  epochs = 400
  focal_gamma = 2.0
  focal_alpha = 0.25
  use_contrastive = True
  contrastive_weight = 0.0
  contrastive_temp = 0.07
  minority_weight = 2.0
  use_kl = True
  kl_weight = 1.0
  device = cuda
Ep 010 | Focal=0.0493 | KL=0.0952 | Con=17.9164 | Total=0.1445 | ValF1@0.5=0.8518
Ep 020 | Focal=0.0265 | KL=0.0942 | Con=17.4449 | Total=0.1207 | ValF1@0.5=0.8592
Ep 030 | Focal=0.0305 | KL=0.0842 | Con=17.8814 | Total=0.1146 | ValF1@0.5=0.8611
Ep 040 | Focal=0.0291 | KL=0.0837 | Con=17.8870 | Total=0.1128 | ValF1@0.5=0.8470
Ep 050 | Focal=0.0277 | KL=0.0829 | Con=17.8892 | Total=0.1107 | ValF1@0.5=0.8658
Ep 060 | Focal=0.0284 | KL=0.0816 | Con=17.9001 | Total=0.1100 | ValF1@0.5=0.8668
Ep 070 | Focal=0.0275 | KL=0.0809 | Con=17.8438 | Total=0.1084 | ValF1@0.5=0.8644
Ep 080 | Focal=0.0275 | KL=0.0800 | Con=17.8734 | Total=0.1075 | ValF1@0.5=0.8630
Ep 090 | Focal=0.0270 | KL=0.0793 | Con=17.8496 | Total=0.1063 | ValF1@0.5=0.8652
Ep 100 | Focal=0.0264 | KL=0.0779 | Con=17.8051 | Total=0.1043 | ValF1@0.5=0.8658
Ep 110 | Focal=0.0259 | KL=0.0769 | Con=17.8123 | Total=0.1028 | ValF1@0.5=0.8619
Ep 120 | Focal=0.0259 | KL=0.0763 | Con=17.8104 | Total=0.1022 | ValF1@0.5=0.8644
Ep 130 | Focal=0.0253 | KL=0.0754 | Con=17.7852 | Total=0.1007 | ValF1@0.5=0.8652
Ep 140 | Focal=0.0252 | KL=0.0748 | Con=17.7730 | Total=0.1000 | ValF1@0.5=0.8636
Ep 150 | Focal=0.0247 | KL=0.0746 | Con=17.7650 | Total=0.0993 | ValF1@0.5=0.8646
Ep 160 | Focal=0.0239 | KL=0.0723 | Con=17.7166 | Total=0.0962 | ValF1@0.5=0.8635
Ep 170 | Focal=0.0237 | KL=0.0720 | Con=17.6859 | Total=0.0958 | ValF1@0.5=0.8655
Ep 180 | Focal=0.0233 | KL=0.0718 | Con=17.6507 | Total=0.0951 | ValF1@0.5=0.8670
Ep 190 | Focal=0.0237 | KL=0.0712 | Con=17.6763 | Total=0.0950 | ValF1@0.5=0.8711
Ep 200 | Focal=0.0237 | KL=0.0702 | Con=17.6578 | Total=0.0939 | ValF1@0.5=0.8670
Ep 210 | Focal=0.0235 | KL=0.0702 | Con=17.6429 | Total=0.0936 | ValF1@0.5=0.8714
Ep 220 | Focal=0.0221 | KL=0.0691 | Con=17.6213 | Total=0.0912 | ValF1@0.5=0.8683
Ep 230 | Focal=0.0224 | KL=0.0685 | Con=17.5697 | Total=0.0908 | ValF1@0.5=0.8629
Ep 240 | Focal=0.0219 | KL=0.0678 | Con=17.5338 | Total=0.0897 | ValF1@0.5=0.8689
Ep 250 | Focal=0.0212 | KL=0.0670 | Con=17.4845 | Total=0.0882 | ValF1@0.5=0.8682
Ep 260 | Focal=0.0219 | KL=0.0667 | Con=17.5223 | Total=0.0886 | ValF1@0.5=0.8684
Ep 270 | Focal=0.0220 | KL=0.0661 | Con=17.5663 | Total=0.0881 | ValF1@0.5=0.8658
Ep 280 | Focal=0.0211 | KL=0.0658 | Con=17.4826 | Total=0.0869 | ValF1@0.5=0.8683
Ep 290 | Focal=0.0207 | KL=0.0654 | Con=17.4704 | Total=0.0861 | ValF1@0.5=0.8686
Ep 300 | Focal=0.0205 | KL=0.0649 | Con=17.4858 | Total=0.0854 | ValF1@0.5=0.8680
Ep 310 | Focal=0.0199 | KL=0.0629 | Con=17.4267 | Total=0.0828 | ValF1@0.5=0.8667
Ep 320 | Focal=0.0201 | KL=0.0624 | Con=17.4323 | Total=0.0825 | ValF1@0.5=0.8660
Ep 330 | Focal=0.0199 | KL=0.0618 | Con=17.3809 | Total=0.0817 | ValF1@0.5=0.8661
Ep 340 | Focal=0.0191 | KL=0.0621 | Con=17.2821 | Total=0.0812 | ValF1@0.5=0.8686
Ep 350 | Focal=0.0191 | KL=0.0612 | Con=17.3066 | Total=0.0803 | ValF1@0.5=0.8693
Ep 360 | Focal=0.0183 | KL=0.0605 | Con=17.2324 | Total=0.0788 | ValF1@0.5=0.8703
Ep 370 | Focal=0.0190 | KL=0.0605 | Con=17.2558 | Total=0.0795 | ValF1@0.5=0.8658
Ep 380 | Focal=0.0183 | KL=0.0587 | Con=17.1923 | Total=0.0771 | ValF1@0.5=0.8660
Ep 390 | Focal=0.0182 | KL=0.0587 | Con=17.2218 | Total=0.0768 | ValF1@0.5=0.8623
Ep 400 | Focal=0.0181 | KL=0.0589 | Con=17.1295 | Total=0.0771 | ValF1@0.5=0.8706

[OK] Load best model by ValF1@0.5=0.8714

[VAL] best threshold=0.500, best macroF1=0.8714

================ TRAIN ================
Threshold: 0.500
Accuracy : 0.8847
Macro-F1 : 0.8718 (Class0: 0.9125, Class1: 0.8312)
AUC      : 0.9432
MCC      : 0.7444
G-Mean   : 0.8650
Sensitivity: 0.8078
Specificity: 0.9264
Classification report:
              precision    recall  f1-score   support

           0     0.8990    0.9264    0.9125      8636
           1     0.8559    0.8078    0.8312      4677

    accuracy                         0.8847     13313
   macro avg     0.8774    0.8671    0.8718     13313
weighted avg     0.8838    0.8847    0.8839     13313


================ VAL ================
Threshold: 0.500
Accuracy : 0.8825
Macro-F1 : 0.8714 (Class0: 0.9093, Class1: 0.8334)
AUC      : 0.9387
MCC      : 0.7430
G-Mean   : 0.8674
Sensitivity: 0.8200
Specificity: 0.9175
Classification report:
              precision    recall  f1-score   support

           0     0.9012    0.9175    0.9093      1830
           1     0.8473    0.8200    0.8334      1022

    accuracy                         0.8825      2852
   macro avg     0.8743    0.8687    0.8714      2852
weighted avg     0.8819    0.8825    0.8821      2852


================ TEST ================
Threshold: 0.500
Accuracy : 0.8686
Macro-F1 : 0.8536 (Class0: 0.9005, Class1: 0.8066)
AUC      : 0.9271
MCC      : 0.7075
G-Mean   : 0.8482
Sensitivity: 0.7907
Specificity: 0.9099
Classification report:
              precision    recall  f1-score   support

           0     0.8913    0.9099    0.9005      1865
           1     0.8232    0.7907    0.8066       989

    accuracy                         0.8686      2854
   macro avg     0.8572    0.8503    0.8536      2854
weighted avg     0.8677    0.8686    0.8680      2854


================================================================================
 RUN 27/30 (Seed=26)
================================================================================
================================================================================
 Pipeline: LP soft labels + MLP prob + 1.0 * KL + Focal + 0.0 * SupCon
================================================================================
_propagate 的参数值:
  alpha_pos = 0.5
  alpha_neg = 0.55
  forbid_flip = True
  flip_margin = 0.1

[LP] soft label stats (train only):
  pos mean: 0.8815
  neg mean: 0.0708
  seeds ratio: 0.301
训练函数参数值:
  lr = 0.001
  weight_decay = 1e-05
  epochs = 400
  focal_gamma = 2.0
  focal_alpha = 0.25
  use_contrastive = True
  contrastive_weight = 0.0
  contrastive_temp = 0.07
  minority_weight = 2.0
  use_kl = True
  kl_weight = 1.0
  device = cuda
Ep 010 | Focal=0.0411 | KL=0.0931 | Con=18.6953 | Total=0.1342 | ValF1@0.5=0.8637
Ep 020 | Focal=0.0326 | KL=0.0895 | Con=18.4692 | Total=0.1221 | ValF1@0.5=0.8587
Ep 030 | Focal=0.0270 | KL=0.0895 | Con=18.4904 | Total=0.1165 | ValF1@0.5=0.8589
Ep 040 | Focal=0.0308 | KL=0.0828 | Con=18.6834 | Total=0.1136 | ValF1@0.5=0.8493
Ep 050 | Focal=0.0277 | KL=0.0843 | Con=18.5919 | Total=0.1120 | ValF1@0.5=0.8659
Ep 060 | Focal=0.0288 | KL=0.0822 | Con=18.6595 | Total=0.1110 | ValF1@0.5=0.8657
Ep 070 | Focal=0.0277 | KL=0.0819 | Con=18.5870 | Total=0.1096 | ValF1@0.5=0.8651
Ep 080 | Focal=0.0282 | KL=0.0813 | Con=18.5812 | Total=0.1095 | ValF1@0.5=0.8639
Ep 090 | Focal=0.0277 | KL=0.0804 | Con=18.5642 | Total=0.1081 | ValF1@0.5=0.8665
Ep 100 | Focal=0.0269 | KL=0.0790 | Con=18.5121 | Total=0.1059 | ValF1@0.5=0.8632
Ep 110 | Focal=0.0264 | KL=0.0781 | Con=18.4980 | Total=0.1045 | ValF1@0.5=0.8659
Ep 120 | Focal=0.0266 | KL=0.0774 | Con=18.4754 | Total=0.1040 | ValF1@0.5=0.8640
Ep 130 | Focal=0.0262 | KL=0.0769 | Con=18.4685 | Total=0.1031 | ValF1@0.5=0.8670
Ep 140 | Focal=0.0253 | KL=0.0766 | Con=18.4053 | Total=0.1019 | ValF1@0.5=0.8660
Ep 150 | Focal=0.0252 | KL=0.0754 | Con=18.3846 | Total=0.1006 | ValF1@0.5=0.8520
Ep 160 | Focal=0.0252 | KL=0.0750 | Con=18.4263 | Total=0.1002 | ValF1@0.5=0.8653
Ep 170 | Focal=0.0245 | KL=0.0735 | Con=18.4029 | Total=0.0980 | ValF1@0.5=0.8671
Ep 180 | Focal=0.0241 | KL=0.0731 | Con=18.3809 | Total=0.0972 | ValF1@0.5=0.8673
Ep 190 | Focal=0.0238 | KL=0.0718 | Con=18.3258 | Total=0.0956 | ValF1@0.5=0.8665
Ep 200 | Focal=0.0245 | KL=0.0719 | Con=18.2933 | Total=0.0964 | ValF1@0.5=0.8671
Ep 210 | Focal=0.0237 | KL=0.0713 | Con=18.2328 | Total=0.0950 | ValF1@0.5=0.8673
Ep 220 | Focal=0.0233 | KL=0.0708 | Con=18.1800 | Total=0.0941 | ValF1@0.5=0.8652
Ep 230 | Focal=0.0225 | KL=0.0697 | Con=18.1555 | Total=0.0922 | ValF1@0.5=0.8654
Ep 240 | Focal=0.0229 | KL=0.0689 | Con=18.1532 | Total=0.0917 | ValF1@0.5=0.8663
Ep 250 | Focal=0.0222 | KL=0.0684 | Con=18.0722 | Total=0.0906 | ValF1@0.5=0.8657
Ep 260 | Focal=0.0218 | KL=0.0688 | Con=18.0805 | Total=0.0906 | ValF1@0.5=0.8630
Ep 270 | Focal=0.0214 | KL=0.0668 | Con=17.9968 | Total=0.0882 | ValF1@0.5=0.8658
Ep 280 | Focal=0.0210 | KL=0.0665 | Con=17.9341 | Total=0.0874 | ValF1@0.5=0.8688
Ep 290 | Focal=0.0211 | KL=0.0660 | Con=17.9113 | Total=0.0871 | ValF1@0.5=0.8695
Ep 300 | Focal=0.0207 | KL=0.0651 | Con=17.9247 | Total=0.0857 | ValF1@0.5=0.8645
Ep 310 | Focal=0.0208 | KL=0.0653 | Con=17.9173 | Total=0.0861 | ValF1@0.5=0.8668
Ep 320 | Focal=0.0200 | KL=0.0637 | Con=17.8548 | Total=0.0836 | ValF1@0.5=0.8665
Ep 330 | Focal=0.0204 | KL=0.0634 | Con=17.8433 | Total=0.0838 | ValF1@0.5=0.8676
Ep 340 | Focal=0.0199 | KL=0.0623 | Con=17.8210 | Total=0.0821 | ValF1@0.5=0.8641
Ep 350 | Focal=0.0194 | KL=0.0617 | Con=17.8172 | Total=0.0811 | ValF1@0.5=0.8654
Ep 360 | Focal=0.0198 | KL=0.0605 | Con=17.8035 | Total=0.0803 | ValF1@0.5=0.8671
Ep 370 | Focal=0.0188 | KL=0.0605 | Con=17.7581 | Total=0.0793 | ValF1@0.5=0.8664
Ep 380 | Focal=0.0188 | KL=0.0587 | Con=17.6329 | Total=0.0776 | ValF1@0.5=0.8581
Ep 390 | Focal=0.0181 | KL=0.0598 | Con=17.6085 | Total=0.0779 | ValF1@0.5=0.8642
Ep 400 | Focal=0.0187 | KL=0.0588 | Con=17.6259 | Total=0.0775 | ValF1@0.5=0.8668

[OK] Load best model by ValF1@0.5=0.8695

[VAL] best threshold=0.520, best macroF1=0.8706

================ TRAIN ================
Threshold: 0.520
Accuracy : 0.8883
Macro-F1 : 0.8753 (Class0: 0.9155, Class1: 0.8351)
AUC      : 0.9480
MCC      : 0.7520
G-Mean   : 0.8669
Sensitivity: 0.8052
Specificity: 0.9333
Classification report:
              precision    recall  f1-score   support

           0     0.8985    0.9333    0.9155      8636
           1     0.8673    0.8052    0.8351      4677

    accuracy                         0.8883     13313
   macro avg     0.8829    0.8693    0.8753     13313
weighted avg     0.8875    0.8883    0.8873     13313


================ VAL ================
Threshold: 0.520
Accuracy : 0.8822
Macro-F1 : 0.8706 (Class0: 0.9093, Class1: 0.8318)
AUC      : 0.9377
MCC      : 0.7417
G-Mean   : 0.8653
Sensitivity: 0.8131
Specificity: 0.9208
Classification report:
              precision    recall  f1-score   support

           0     0.8982    0.9208    0.9093      1830
           1     0.8514    0.8131    0.8318      1022

    accuracy                         0.8822      2852
   macro avg     0.8748    0.8669    0.8706      2852
weighted avg     0.8814    0.8822    0.8816      2852


================ TEST ================
Threshold: 0.520
Accuracy : 0.8739
Macro-F1 : 0.8590 (Class0: 0.9048, Class1: 0.8133)
AUC      : 0.9260
MCC      : 0.7187
G-Mean   : 0.8525
Sensitivity: 0.7927
Specificity: 0.9169
Classification report:
              precision    recall  f1-score   support

           0     0.8930    0.9169    0.9048      1865
           1     0.8349    0.7927    0.8133       989

    accuracy                         0.8739      2854
   macro avg     0.8639    0.8548    0.8590      2854
weighted avg     0.8728    0.8739    0.8731      2854


================================================================================
 RUN 28/30 (Seed=27)
================================================================================
================================================================================
 Pipeline: LP soft labels + MLP prob + 1.0 * KL + Focal + 0.0 * SupCon
================================================================================
_propagate 的参数值:
  alpha_pos = 0.5
  alpha_neg = 0.55
  forbid_flip = True
  flip_margin = 0.1

[LP] soft label stats (train only):
  pos mean: 0.8815
  neg mean: 0.0708
  seeds ratio: 0.301
训练函数参数值:
  lr = 0.001
  weight_decay = 1e-05
  epochs = 400
  focal_gamma = 2.0
  focal_alpha = 0.25
  use_contrastive = True
  contrastive_weight = 0.0
  contrastive_temp = 0.07
  minority_weight = 2.0
  use_kl = True
  kl_weight = 1.0
  device = cuda
Ep 010 | Focal=0.0458 | KL=0.0930 | Con=18.7204 | Total=0.1388 | ValF1@0.5=0.8589
Ep 020 | Focal=0.0304 | KL=0.0903 | Con=18.4232 | Total=0.1207 | ValF1@0.5=0.8613
Ep 030 | Focal=0.0282 | KL=0.0880 | Con=18.7014 | Total=0.1162 | ValF1@0.5=0.8669
Ep 040 | Focal=0.0310 | KL=0.0838 | Con=18.8495 | Total=0.1148 | ValF1@0.5=0.8445
Ep 050 | Focal=0.0282 | KL=0.0850 | Con=18.8187 | Total=0.1132 | ValF1@0.5=0.8644
Ep 060 | Focal=0.0286 | KL=0.0824 | Con=18.8444 | Total=0.1110 | ValF1@0.5=0.8638
Ep 070 | Focal=0.0283 | KL=0.0823 | Con=18.8205 | Total=0.1105 | ValF1@0.5=0.8648
Ep 080 | Focal=0.0276 | KL=0.0811 | Con=18.7749 | Total=0.1088 | ValF1@0.5=0.8637
Ep 090 | Focal=0.0276 | KL=0.0807 | Con=18.7495 | Total=0.1083 | ValF1@0.5=0.8633
Ep 100 | Focal=0.0273 | KL=0.0798 | Con=18.7600 | Total=0.1071 | ValF1@0.5=0.8642
Ep 110 | Focal=0.0265 | KL=0.0782 | Con=18.7011 | Total=0.1047 | ValF1@0.5=0.8642
Ep 120 | Focal=0.0264 | KL=0.0779 | Con=18.6243 | Total=0.1043 | ValF1@0.5=0.8651
Ep 130 | Focal=0.0256 | KL=0.0769 | Con=18.6301 | Total=0.1025 | ValF1@0.5=0.8655
Ep 140 | Focal=0.0253 | KL=0.0755 | Con=18.5484 | Total=0.1007 | ValF1@0.5=0.8638
Ep 150 | Focal=0.0250 | KL=0.0751 | Con=18.4866 | Total=0.1001 | ValF1@0.5=0.8581
Ep 160 | Focal=0.0245 | KL=0.0741 | Con=18.4943 | Total=0.0986 | ValF1@0.5=0.8673
Ep 170 | Focal=0.0242 | KL=0.0720 | Con=18.4591 | Total=0.0962 | ValF1@0.5=0.8658
Ep 180 | Focal=0.0236 | KL=0.0724 | Con=18.3787 | Total=0.0960 | ValF1@0.5=0.8630
Ep 190 | Focal=0.0236 | KL=0.0715 | Con=18.3276 | Total=0.0951 | ValF1@0.5=0.8678
Ep 200 | Focal=0.0235 | KL=0.0705 | Con=18.3060 | Total=0.0941 | ValF1@0.5=0.8651
Ep 210 | Focal=0.0230 | KL=0.0698 | Con=18.2037 | Total=0.0928 | ValF1@0.5=0.8651
Ep 220 | Focal=0.0225 | KL=0.0703 | Con=18.1606 | Total=0.0928 | ValF1@0.5=0.8677
Ep 230 | Focal=0.0225 | KL=0.0679 | Con=18.1774 | Total=0.0905 | ValF1@0.5=0.8657
Ep 240 | Focal=0.0217 | KL=0.0673 | Con=18.0763 | Total=0.0890 | ValF1@0.5=0.8666
Ep 250 | Focal=0.0218 | KL=0.0678 | Con=18.0397 | Total=0.0897 | ValF1@0.5=0.8695
Ep 260 | Focal=0.0216 | KL=0.0666 | Con=18.0319 | Total=0.0882 | ValF1@0.5=0.8664
Ep 270 | Focal=0.0213 | KL=0.0666 | Con=17.9469 | Total=0.0879 | ValF1@0.5=0.8706
Ep 280 | Focal=0.0207 | KL=0.0644 | Con=17.9426 | Total=0.0851 | ValF1@0.5=0.8696
Ep 290 | Focal=0.0207 | KL=0.0646 | Con=17.9375 | Total=0.0854 | ValF1@0.5=0.8678
Ep 300 | Focal=0.0202 | KL=0.0636 | Con=17.8984 | Total=0.0838 | ValF1@0.5=0.8696
Ep 310 | Focal=0.0196 | KL=0.0626 | Con=17.8370 | Total=0.0822 | ValF1@0.5=0.8691
Ep 320 | Focal=0.0205 | KL=0.0621 | Con=17.8676 | Total=0.0826 | ValF1@0.5=0.8661
Ep 330 | Focal=0.0188 | KL=0.0625 | Con=17.6714 | Total=0.0813 | ValF1@0.5=0.8672
Ep 340 | Focal=0.0189 | KL=0.0614 | Con=17.6970 | Total=0.0804 | ValF1@0.5=0.8668
Ep 350 | Focal=0.0191 | KL=0.0603 | Con=17.7192 | Total=0.0794 | ValF1@0.5=0.8656
Ep 360 | Focal=0.0183 | KL=0.0608 | Con=17.6515 | Total=0.0791 | ValF1@0.5=0.8658
Ep 370 | Focal=0.0183 | KL=0.0595 | Con=17.6524 | Total=0.0778 | ValF1@0.5=0.8674
Ep 380 | Focal=0.0184 | KL=0.0591 | Con=17.6675 | Total=0.0775 | ValF1@0.5=0.8677
Ep 390 | Focal=0.0179 | KL=0.0578 | Con=17.6380 | Total=0.0757 | ValF1@0.5=0.8714
Ep 400 | Focal=0.0184 | KL=0.0569 | Con=17.5897 | Total=0.0754 | ValF1@0.5=0.8673

[OK] Load best model by ValF1@0.5=0.8714

[VAL] best threshold=0.520, best macroF1=0.8728

================ TRAIN ================
Threshold: 0.520
Accuracy : 0.8920
Macro-F1 : 0.8803 (Class0: 0.9177, Class1: 0.8428)
AUC      : 0.9541
MCC      : 0.7610
G-Mean   : 0.8749
Sensitivity: 0.8242
Specificity: 0.9287
Classification report:
              precision    recall  f1-score   support

           0     0.9070    0.9287    0.9177      8636
           1     0.8622    0.8242    0.8428      4677

    accuracy                         0.8920     13313
   macro avg     0.8846    0.8765    0.8803     13313
weighted avg     0.8913    0.8920    0.8914     13313


================ VAL ================
Threshold: 0.520
Accuracy : 0.8836
Macro-F1 : 0.8728 (Class0: 0.9099, Class1: 0.8356)
AUC      : 0.9381
MCC      : 0.7457
G-Mean   : 0.8697
Sensitivity: 0.8258
Specificity: 0.9158
Classification report:
              precision    recall  f1-score   support

           0     0.9040    0.9158    0.9099      1830
           1     0.8457    0.8258    0.8356      1022

    accuracy                         0.8836      2852
   macro avg     0.8748    0.8708    0.8728      2852
weighted avg     0.8831    0.8836    0.8833      2852


================ TEST ================
Threshold: 0.520
Accuracy : 0.8700
Macro-F1 : 0.8558 (Class0: 0.9010, Class1: 0.8106)
AUC      : 0.9266
MCC      : 0.7117
G-Mean   : 0.8527
Sensitivity: 0.8028
Specificity: 0.9056
Classification report:
              precision    recall  f1-score   support

           0     0.8965    0.9056    0.9010      1865
           1     0.8186    0.8028    0.8106       989

    accuracy                         0.8700      2854
   macro avg     0.8575    0.8542    0.8558      2854
weighted avg     0.8695    0.8700    0.8697      2854


================================================================================
 RUN 29/30 (Seed=28)
================================================================================
================================================================================
 Pipeline: LP soft labels + MLP prob + 1.0 * KL + Focal + 0.0 * SupCon
================================================================================
_propagate 的参数值:
  alpha_pos = 0.5
  alpha_neg = 0.55
  forbid_flip = True
  flip_margin = 0.1

[LP] soft label stats (train only):
  pos mean: 0.8815
  neg mean: 0.0708
  seeds ratio: 0.301
训练函数参数值:
  lr = 0.001
  weight_decay = 1e-05
  epochs = 400
  focal_gamma = 2.0
  focal_alpha = 0.25
  use_contrastive = True
  contrastive_weight = 0.0
  contrastive_temp = 0.07
  minority_weight = 2.0
  use_kl = True
  kl_weight = 1.0
  device = cuda
Ep 010 | Focal=0.0403 | KL=0.0923 | Con=17.9138 | Total=0.1326 | ValF1@0.5=0.8660
Ep 020 | Focal=0.0329 | KL=0.0882 | Con=17.9753 | Total=0.1211 | ValF1@0.5=0.8651
Ep 030 | Focal=0.0266 | KL=0.0900 | Con=18.1439 | Total=0.1166 | ValF1@0.5=0.8659
Ep 040 | Focal=0.0311 | KL=0.0830 | Con=18.3851 | Total=0.1141 | ValF1@0.5=0.8501
Ep 050 | Focal=0.0278 | KL=0.0835 | Con=18.3142 | Total=0.1114 | ValF1@0.5=0.8652
Ep 060 | Focal=0.0280 | KL=0.0818 | Con=18.3528 | Total=0.1098 | ValF1@0.5=0.8620
Ep 070 | Focal=0.0281 | KL=0.0809 | Con=18.3355 | Total=0.1090 | ValF1@0.5=0.8629
Ep 080 | Focal=0.0275 | KL=0.0807 | Con=18.3034 | Total=0.1081 | ValF1@0.5=0.8648
Ep 090 | Focal=0.0273 | KL=0.0797 | Con=18.2839 | Total=0.1070 | ValF1@0.5=0.8641
Ep 100 | Focal=0.0267 | KL=0.0787 | Con=18.2621 | Total=0.1055 | ValF1@0.5=0.8654
Ep 110 | Focal=0.0272 | KL=0.0788 | Con=18.2677 | Total=0.1060 | ValF1@0.5=0.8616
Ep 120 | Focal=0.0256 | KL=0.0767 | Con=18.2101 | Total=0.1023 | ValF1@0.5=0.8626
Ep 130 | Focal=0.0257 | KL=0.0764 | Con=18.2094 | Total=0.1022 | ValF1@0.5=0.8625
Ep 140 | Focal=0.0252 | KL=0.0753 | Con=18.1926 | Total=0.1005 | ValF1@0.5=0.8666
Ep 150 | Focal=0.0252 | KL=0.0750 | Con=18.1606 | Total=0.1002 | ValF1@0.5=0.8658
Ep 160 | Focal=0.0249 | KL=0.0746 | Con=18.1568 | Total=0.0995 | ValF1@0.5=0.8649
Ep 170 | Focal=0.0248 | KL=0.0742 | Con=18.1445 | Total=0.0990 | ValF1@0.5=0.8644
Ep 180 | Focal=0.0244 | KL=0.0734 | Con=18.1148 | Total=0.0978 | ValF1@0.5=0.8662
Ep 190 | Focal=0.0239 | KL=0.0721 | Con=18.1161 | Total=0.0960 | ValF1@0.5=0.8649
Ep 200 | Focal=0.0238 | KL=0.0720 | Con=18.0683 | Total=0.0958 | ValF1@0.5=0.8667
Ep 210 | Focal=0.0230 | KL=0.0711 | Con=18.0445 | Total=0.0942 | ValF1@0.5=0.8653
Ep 220 | Focal=0.0231 | KL=0.0705 | Con=17.9891 | Total=0.0935 | ValF1@0.5=0.8634
Ep 230 | Focal=0.0224 | KL=0.0702 | Con=17.9450 | Total=0.0926 | ValF1@0.5=0.8643
Ep 240 | Focal=0.0223 | KL=0.0693 | Con=17.8753 | Total=0.0916 | ValF1@0.5=0.8661
Ep 250 | Focal=0.0221 | KL=0.0690 | Con=17.9011 | Total=0.0911 | ValF1@0.5=0.8661
Ep 260 | Focal=0.0227 | KL=0.0687 | Con=17.8700 | Total=0.0914 | ValF1@0.5=0.8653
Ep 270 | Focal=0.0223 | KL=0.0671 | Con=17.8125 | Total=0.0894 | ValF1@0.5=0.8638
Ep 280 | Focal=0.0220 | KL=0.0658 | Con=17.7875 | Total=0.0878 | ValF1@0.5=0.8669
Ep 290 | Focal=0.0222 | KL=0.0671 | Con=17.8025 | Total=0.0893 | ValF1@0.5=0.8660
Ep 300 | Focal=0.0215 | KL=0.0654 | Con=17.7637 | Total=0.0869 | ValF1@0.5=0.8657
Ep 310 | Focal=0.0207 | KL=0.0647 | Con=17.6950 | Total=0.0855 | ValF1@0.5=0.8652
Ep 320 | Focal=0.0203 | KL=0.0646 | Con=17.6458 | Total=0.0849 | ValF1@0.5=0.8681
Ep 330 | Focal=0.0206 | KL=0.0638 | Con=17.6353 | Total=0.0844 | ValF1@0.5=0.8668
Ep 340 | Focal=0.0203 | KL=0.0634 | Con=17.5569 | Total=0.0838 | ValF1@0.5=0.8677
Ep 350 | Focal=0.0198 | KL=0.0627 | Con=17.5478 | Total=0.0825 | ValF1@0.5=0.8641
Ep 360 | Focal=0.0195 | KL=0.0610 | Con=17.5736 | Total=0.0805 | ValF1@0.5=0.8670
Ep 370 | Focal=0.0193 | KL=0.0613 | Con=17.4596 | Total=0.0807 | ValF1@0.5=0.8655
Ep 380 | Focal=0.0188 | KL=0.0610 | Con=17.4632 | Total=0.0797 | ValF1@0.5=0.8700
Ep 390 | Focal=0.0189 | KL=0.0589 | Con=17.4195 | Total=0.0778 | ValF1@0.5=0.8697
Ep 400 | Focal=0.0180 | KL=0.0604 | Con=17.3353 | Total=0.0784 | ValF1@0.5=0.8615

[OK] Load best model by ValF1@0.5=0.8700

[VAL] best threshold=0.550, best macroF1=0.8711

================ TRAIN ================
Threshold: 0.550
Accuracy : 0.8898
Macro-F1 : 0.8769 (Class0: 0.9168, Class1: 0.8371)
AUC      : 0.9512
MCC      : 0.7553
G-Mean   : 0.8681
Sensitivity: 0.8056
Specificity: 0.9354
Classification report:
              precision    recall  f1-score   support

           0     0.8989    0.9354    0.9168      8636
           1     0.8710    0.8056    0.8371      4677

    accuracy                         0.8898     13313
   macro avg     0.8849    0.8705    0.8769     13313
weighted avg     0.8891    0.8898    0.8888     13313


================ VAL ================
Threshold: 0.550
Accuracy : 0.8829
Macro-F1 : 0.8711 (Class0: 0.9101, Class1: 0.8322)
AUC      : 0.9365
MCC      : 0.7430
G-Mean   : 0.8650
Sensitivity: 0.8102
Specificity: 0.9235
Classification report:
              precision    recall  f1-score   support

           0     0.8970    0.9235    0.9101      1830
           1     0.8554    0.8102    0.8322      1022

    accuracy                         0.8829      2852
   macro avg     0.8762    0.8668    0.8711      2852
weighted avg     0.8821    0.8829    0.8822      2852


================ TEST ================
Threshold: 0.550
Accuracy : 0.8679
Macro-F1 : 0.8528 (Class0: 0.9000, Class1: 0.8056)
AUC      : 0.9229
MCC      : 0.7059
G-Mean   : 0.8474
Sensitivity: 0.7897
Specificity: 0.9094
Classification report:
              precision    recall  f1-score   support

           0     0.8908    0.9094    0.9000      1865
           1     0.8221    0.7897    0.8056       989

    accuracy                         0.8679      2854
   macro avg     0.8564    0.8495    0.8528      2854
weighted avg     0.8670    0.8679    0.8673      2854


================================================================================
 RUN 30/30 (Seed=29)
================================================================================
================================================================================
 Pipeline: LP soft labels + MLP prob + 1.0 * KL + Focal + 0.0 * SupCon
================================================================================
_propagate 的参数值:
  alpha_pos = 0.5
  alpha_neg = 0.55
  forbid_flip = True
  flip_margin = 0.1

[LP] soft label stats (train only):
  pos mean: 0.8815
  neg mean: 0.0708
  seeds ratio: 0.301
训练函数参数值:
  lr = 0.001
  weight_decay = 1e-05
  epochs = 400
  focal_gamma = 2.0
  focal_alpha = 0.25
  use_contrastive = True
  contrastive_weight = 0.0
  contrastive_temp = 0.07
  minority_weight = 2.0
  use_kl = True
  kl_weight = 1.0
  device = cuda
Ep 010 | Focal=0.0396 | KL=0.0939 | Con=18.1795 | Total=0.1335 | ValF1@0.5=0.8625
Ep 020 | Focal=0.0338 | KL=0.0899 | Con=18.1868 | Total=0.1237 | ValF1@0.5=0.8653
Ep 030 | Focal=0.0272 | KL=0.0899 | Con=18.2716 | Total=0.1170 | ValF1@0.5=0.8600
Ep 040 | Focal=0.0308 | KL=0.0830 | Con=18.4907 | Total=0.1138 | ValF1@0.5=0.8574
Ep 050 | Focal=0.0280 | KL=0.0844 | Con=18.3236 | Total=0.1124 | ValF1@0.5=0.8644
Ep 060 | Focal=0.0288 | KL=0.0823 | Con=18.4340 | Total=0.1111 | ValF1@0.5=0.8629
Ep 070 | Focal=0.0284 | KL=0.0822 | Con=18.3850 | Total=0.1106 | ValF1@0.5=0.8653
Ep 080 | Focal=0.0276 | KL=0.0806 | Con=18.3273 | Total=0.1082 | ValF1@0.5=0.8627
Ep 090 | Focal=0.0273 | KL=0.0796 | Con=18.2894 | Total=0.1069 | ValF1@0.5=0.8656
Ep 100 | Focal=0.0267 | KL=0.0790 | Con=18.2605 | Total=0.1057 | ValF1@0.5=0.8643
Ep 110 | Focal=0.0265 | KL=0.0778 | Con=18.2462 | Total=0.1043 | ValF1@0.5=0.8661
Ep 120 | Focal=0.0259 | KL=0.0769 | Con=18.2309 | Total=0.1028 | ValF1@0.5=0.8647
Ep 130 | Focal=0.0261 | KL=0.0772 | Con=18.1974 | Total=0.1033 | ValF1@0.5=0.8663
Ep 140 | Focal=0.0257 | KL=0.0756 | Con=18.1740 | Total=0.1013 | ValF1@0.5=0.8673
Ep 150 | Focal=0.0250 | KL=0.0753 | Con=18.1552 | Total=0.1003 | ValF1@0.5=0.8673
Ep 160 | Focal=0.0245 | KL=0.0734 | Con=18.1246 | Total=0.0979 | ValF1@0.5=0.8642
Ep 170 | Focal=0.0247 | KL=0.0735 | Con=18.1265 | Total=0.0982 | ValF1@0.5=0.8676
Ep 180 | Focal=0.0242 | KL=0.0726 | Con=18.1008 | Total=0.0968 | ValF1@0.5=0.8682
Ep 190 | Focal=0.0236 | KL=0.0715 | Con=18.0423 | Total=0.0951 | ValF1@0.5=0.8624
Ep 200 | Focal=0.0235 | KL=0.0716 | Con=18.0034 | Total=0.0951 | ValF1@0.5=0.8623
Ep 210 | Focal=0.0234 | KL=0.0709 | Con=17.9571 | Total=0.0943 | ValF1@0.5=0.8654
Ep 220 | Focal=0.0229 | KL=0.0700 | Con=17.9540 | Total=0.0929 | ValF1@0.5=0.8666
Ep 230 | Focal=0.0226 | KL=0.0700 | Con=17.8886 | Total=0.0926 | ValF1@0.5=0.8666
Ep 240 | Focal=0.0225 | KL=0.0701 | Con=17.8386 | Total=0.0926 | ValF1@0.5=0.8647
Ep 250 | Focal=0.0222 | KL=0.0686 | Con=17.8592 | Total=0.0908 | ValF1@0.5=0.8606
Ep 260 | Focal=0.0215 | KL=0.0675 | Con=17.8027 | Total=0.0890 | ValF1@0.5=0.8652
Ep 270 | Focal=0.0212 | KL=0.0678 | Con=17.7299 | Total=0.0890 | ValF1@0.5=0.8616
Ep 280 | Focal=0.0210 | KL=0.0678 | Con=17.7168 | Total=0.0888 | ValF1@0.5=0.8507
Ep 290 | Focal=0.0212 | KL=0.0659 | Con=17.7610 | Total=0.0871 | ValF1@0.5=0.8669
Ep 300 | Focal=0.0207 | KL=0.0658 | Con=17.6912 | Total=0.0865 | ValF1@0.5=0.8673
Ep 310 | Focal=0.0210 | KL=0.0655 | Con=17.7168 | Total=0.0865 | ValF1@0.5=0.8660
Ep 320 | Focal=0.0203 | KL=0.0637 | Con=17.7239 | Total=0.0840 | ValF1@0.5=0.8679
Ep 330 | Focal=0.0198 | KL=0.0635 | Con=17.6475 | Total=0.0833 | ValF1@0.5=0.8678
Ep 340 | Focal=0.0195 | KL=0.0630 | Con=17.6353 | Total=0.0826 | ValF1@0.5=0.8682
Ep 350 | Focal=0.0192 | KL=0.0622 | Con=17.5404 | Total=0.0814 | ValF1@0.5=0.8646
Ep 360 | Focal=0.0197 | KL=0.0620 | Con=17.6023 | Total=0.0817 | ValF1@0.5=0.8682
Ep 370 | Focal=0.0192 | KL=0.0618 | Con=17.6110 | Total=0.0810 | ValF1@0.5=0.8633
Ep 380 | Focal=0.0184 | KL=0.0622 | Con=17.5268 | Total=0.0806 | ValF1@0.5=0.8696
Ep 390 | Focal=0.0185 | KL=0.0604 | Con=17.5393 | Total=0.0789 | ValF1@0.5=0.8689
Ep 400 | Focal=0.0186 | KL=0.0601 | Con=17.4746 | Total=0.0787 | ValF1@0.5=0.8635

[OK] Load best model by ValF1@0.5=0.8696

[VAL] best threshold=0.460, best macroF1=0.8706

================ TRAIN ================
Threshold: 0.460
Accuracy : 0.8887
Macro-F1 : 0.8762 (Class0: 0.9155, Class1: 0.8368)
AUC      : 0.9493
MCC      : 0.7532
G-Mean   : 0.8692
Sensitivity: 0.8123
Specificity: 0.9301
Classification report:
              precision    recall  f1-score   support

           0     0.9015    0.9301    0.9155      8636
           1     0.8628    0.8123    0.8368      4677

    accuracy                         0.8887     13313
   macro avg     0.8821    0.8712    0.8762     13313
weighted avg     0.8879    0.8887    0.8879     13313


================ VAL ================
Threshold: 0.460
Accuracy : 0.8818
Macro-F1 : 0.8706 (Class0: 0.9087, Class1: 0.8326)
AUC      : 0.9354
MCC      : 0.7415
G-Mean   : 0.8668
Sensitivity: 0.8200
Specificity: 0.9164
Classification report:
              precision    recall  f1-score   support

           0     0.9011    0.9164    0.9087      1830
           1     0.8456    0.8200    0.8326      1022

    accuracy                         0.8818      2852
   macro avg     0.8734    0.8682    0.8706      2852
weighted avg     0.8812    0.8818    0.8814      2852


================ TEST ================
Threshold: 0.460
Accuracy : 0.8718
Macro-F1 : 0.8572 (Class0: 0.9028, Class1: 0.8115)
AUC      : 0.9257
MCC      : 0.7147
G-Mean   : 0.8522
Sensitivity: 0.7968
Specificity: 0.9115
Classification report:
              precision    recall  f1-score   support

           0     0.8943    0.9115    0.9028      1865
           1     0.8269    0.7968    0.8115       989

    accuracy                         0.8718      2854
   macro avg     0.8606    0.8541    0.8572      2854
weighted avg     0.8709    0.8718    0.8712      2854


================================================================================
实验结果统计 (平均值 ± 标准差 | 最小值 ~ 最大值)
================================================================================

[TRAIN SET]
Metric          Mean ± Std                Min ~ Max                
------------------------------------------------------------
accuracy        0.8894 ± 0.0029    0.8830 ~ 0.8961
macro_f1        0.8760 ± 0.0033    0.8693 ~ 0.8849
f1_class0       0.9167 ± 0.0025    0.9117 ~ 0.9208
f1_class1       0.8353 ± 0.0049    0.8257 ~ 0.8490
auc             0.9494 ± 0.0040    0.9418 ~ 0.9567
mcc             0.7545 ± 0.0065    0.7401 ~ 0.7703
gmean           0.8657 ± 0.0056    0.8518 ~ 0.8798

[VAL SET]
Metric          Mean ± Std                Min ~ Max                
------------------------------------------------------------
accuracy        0.8834 ± 0.0018    0.8801 ~ 0.8874
macro_f1        0.8713 ± 0.0015    0.8686 ~ 0.8748
f1_class0       0.9107 ± 0.0020    0.9075 ~ 0.9155
f1_class1       0.8318 ± 0.0024    0.8284 ~ 0.8365
auc             0.9377 ± 0.0014    0.9342 ~ 0.9395
mcc             0.7440 ± 0.0036    0.7375 ~ 0.7521
gmean           0.8638 ± 0.0039    0.8561 ~ 0.8722

[TEST SET]
Metric          Mean ± Std                Min ~ Max                
------------------------------------------------------------
accuracy        0.8711 ± 0.0028    0.8644 ~ 0.8756
macro_f1        0.8554 ± 0.0024    0.8484 ~ 0.8592
f1_class0       0.9030 ± 0.0028    0.8976 ~ 0.9079
f1_class1       0.8078 ± 0.0029    0.7992 ~ 0.8133
auc             0.9250 ± 0.0013    0.9222 ~ 0.9271
mcc             0.7122 ± 0.0055    0.6975 ~ 0.7206
gmean           0.8473 ± 0.0036    0.8395 ~ 0.8527

================================================================================
n 次实验完成！
================================================================================
