
数据统计:
  训练集: (1688, 85), 正类比例: 13.03%, 正类数量: 220, 负类数量: 1468
  验证集: (212, 85), 正类比例: 16.51%
  测试集: (211, 85), 正类比例: 15.17%

================================================================================
 RUN 1/30 (Seed=0)
================================================================================
================================================================================
 Pipeline: LP soft labels + MLP prob + 1.0 * KL + Focal + 0.0 * SupCon
================================================================================
_propagate 的参数值:
  alpha_pos = 0.8
  alpha_neg = 0.85
  forbid_flip = True
  flip_margin = 0.1

[LP] soft label stats (train only):
  pos mean: 0.9674
  neg mean: 0.0015
  seeds ratio: 0.968
训练函数参数值:
  lr = 0.001
  weight_decay = 1e-05
  epochs = 400
  focal_gamma = 2.0
  focal_alpha = 0.25
  use_contrastive = True
  contrastive_weight = 0.0
  contrastive_temp = 0.07
  minority_weight = 2.0
  use_kl = True
  kl_weight = 1.0
  device = cuda
Ep 010 | Focal=0.0020 | KL=0.0763 | Con=8.2238 | Total=0.0783 | ValF1@0.5=0.9915
Ep 020 | Focal=0.0037 | KL=0.0078 | Con=8.2189 | Total=0.0115 | ValF1@0.5=0.9915
Ep 030 | Focal=0.0014 | KL=0.0049 | Con=8.0559 | Total=0.0064 | ValF1@0.5=0.9915
Ep 040 | Focal=0.0002 | KL=0.0026 | Con=7.9487 | Total=0.0028 | ValF1@0.5=0.9829
Ep 050 | Focal=0.0001 | KL=0.0016 | Con=7.8704 | Total=0.0016 | ValF1@0.5=0.9829
Ep 060 | Focal=0.0001 | KL=0.0014 | Con=7.8595 | Total=0.0015 | ValF1@0.5=0.9829
Ep 070 | Focal=0.0000 | KL=0.0011 | Con=7.8033 | Total=0.0012 | ValF1@0.5=0.9829
Ep 080 | Focal=0.0001 | KL=0.0010 | Con=7.8835 | Total=0.0011 | ValF1@0.5=0.9829
Ep 090 | Focal=0.0000 | KL=0.0009 | Con=7.8688 | Total=0.0009 | ValF1@0.5=0.9829
Ep 100 | Focal=0.0000 | KL=0.0007 | Con=7.8261 | Total=0.0008 | ValF1@0.5=0.9829
Ep 110 | Focal=0.0000 | KL=0.0008 | Con=7.8072 | Total=0.0008 | ValF1@0.5=0.9829
Ep 120 | Focal=0.0000 | KL=0.0006 | Con=7.8753 | Total=0.0007 | ValF1@0.5=0.9829
Ep 130 | Focal=0.0000 | KL=0.0006 | Con=7.8049 | Total=0.0006 | ValF1@0.5=0.9829
Ep 140 | Focal=0.0000 | KL=0.0007 | Con=7.8076 | Total=0.0007 | ValF1@0.5=0.9829
Ep 150 | Focal=0.0000 | KL=0.0006 | Con=7.8286 | Total=0.0006 | ValF1@0.5=0.9829
Ep 160 | Focal=0.0000 | KL=0.0007 | Con=7.8118 | Total=0.0007 | ValF1@0.5=0.9829
Ep 170 | Focal=0.0000 | KL=0.0005 | Con=7.8367 | Total=0.0006 | ValF1@0.5=0.9829
Ep 180 | Focal=0.0000 | KL=0.0005 | Con=7.8008 | Total=0.0005 | ValF1@0.5=0.9829
Ep 190 | Focal=0.0000 | KL=0.0005 | Con=7.8323 | Total=0.0005 | ValF1@0.5=0.9829
Ep 200 | Focal=0.0000 | KL=0.0004 | Con=7.8485 | Total=0.0004 | ValF1@0.5=0.9829
Ep 210 | Focal=0.0000 | KL=0.0005 | Con=7.8089 | Total=0.0005 | ValF1@0.5=0.9829
Ep 220 | Focal=0.0000 | KL=0.0005 | Con=7.8478 | Total=0.0005 | ValF1@0.5=0.9829
Ep 230 | Focal=0.0000 | KL=0.0004 | Con=7.8130 | Total=0.0004 | ValF1@0.5=0.9829
Ep 240 | Focal=0.0000 | KL=0.0004 | Con=7.8188 | Total=0.0004 | ValF1@0.5=0.9829
Ep 250 | Focal=0.0000 | KL=0.0004 | Con=7.7972 | Total=0.0004 | ValF1@0.5=0.9829
Ep 260 | Focal=0.0000 | KL=0.0003 | Con=7.8131 | Total=0.0003 | ValF1@0.5=0.9829
Ep 270 | Focal=0.0000 | KL=0.0004 | Con=7.8026 | Total=0.0004 | ValF1@0.5=0.9829
Ep 280 | Focal=0.0000 | KL=0.0003 | Con=7.8016 | Total=0.0003 | ValF1@0.5=0.9829
Ep 290 | Focal=0.0000 | KL=0.0003 | Con=7.8195 | Total=0.0003 | ValF1@0.5=0.9829
Ep 300 | Focal=0.0000 | KL=0.0002 | Con=7.8072 | Total=0.0003 | ValF1@0.5=0.9829
Ep 310 | Focal=0.0000 | KL=0.0002 | Con=7.7901 | Total=0.0002 | ValF1@0.5=0.9829
Ep 320 | Focal=0.0000 | KL=0.0003 | Con=7.8457 | Total=0.0004 | ValF1@0.5=0.9915
Ep 330 | Focal=0.0000 | KL=0.0003 | Con=7.8219 | Total=0.0003 | ValF1@0.5=0.9915
Ep 340 | Focal=0.0000 | KL=0.0003 | Con=7.8154 | Total=0.0003 | ValF1@0.5=0.9915
Ep 350 | Focal=0.0000 | KL=0.0002 | Con=7.8271 | Total=0.0002 | ValF1@0.5=0.9829
Ep 360 | Focal=0.0000 | KL=0.0004 | Con=7.8360 | Total=0.0004 | ValF1@0.5=0.9915
Ep 370 | Focal=0.0000 | KL=0.0003 | Con=7.8165 | Total=0.0003 | ValF1@0.5=0.9829
Ep 380 | Focal=0.0000 | KL=0.0002 | Con=7.7871 | Total=0.0002 | ValF1@0.5=0.9915
Ep 390 | Focal=0.0000 | KL=0.0002 | Con=7.8125 | Total=0.0002 | ValF1@0.5=0.9915
Ep 400 | Focal=0.0000 | KL=0.0002 | Con=7.8219 | Total=0.0003 | ValF1@0.5=0.9829

[OK] Load best model by ValF1@0.5=0.9915

[VAL] best threshold=0.630, best macroF1=1.0000

================ TRAIN ================
Threshold: 0.630
Accuracy : 0.9917
Macro-F1 : 0.9815 (Class0: 0.9952, Class1: 0.9677)
AUC      : 0.9996
MCC      : 0.9631
G-Mean   : 0.9757
Sensitivity: 0.9545
Specificity: 0.9973
Classification report:
              precision    recall  f1-score   support

           0     0.9932    0.9973    0.9952      1468
           1     0.9813    0.9545    0.9677       220

    accuracy                         0.9917      1688
   macro avg     0.9873    0.9759    0.9815      1688
weighted avg     0.9917    0.9917    0.9917      1688


================ VAL ================
Threshold: 0.630
Accuracy : 1.0000
Macro-F1 : 1.0000 (Class0: 1.0000, Class1: 1.0000)
AUC      : 1.0000
MCC      : 1.0000
G-Mean   : 1.0000
Sensitivity: 1.0000
Specificity: 1.0000
Classification report:
              precision    recall  f1-score   support

           0     1.0000    1.0000    1.0000       177
           1     1.0000    1.0000    1.0000        35

    accuracy                         1.0000       212
   macro avg     1.0000    1.0000    1.0000       212
weighted avg     1.0000    1.0000    1.0000       212


================ TEST ================
Threshold: 0.630
Accuracy : 0.9716
Macro-F1 : 0.9400 (Class0: 0.9835, Class1: 0.8966)
AUC      : 0.9848
MCC      : 0.8867
G-Mean   : 0.9014
Sensitivity: 0.8125
Specificity: 1.0000
Classification report:
              precision    recall  f1-score   support

           0     0.9676    1.0000    0.9835       179
           1     1.0000    0.8125    0.8966        32

    accuracy                         0.9716       211
   macro avg     0.9838    0.9062    0.9400       211
weighted avg     0.9725    0.9716    0.9703       211


================================================================================
 RUN 2/30 (Seed=1)
================================================================================
================================================================================
 Pipeline: LP soft labels + MLP prob + 1.0 * KL + Focal + 0.0 * SupCon
================================================================================
_propagate 的参数值:
  alpha_pos = 0.8
  alpha_neg = 0.85
  forbid_flip = True
  flip_margin = 0.1

[LP] soft label stats (train only):
  pos mean: 0.9674
  neg mean: 0.0015
  seeds ratio: 0.968
训练函数参数值:
  lr = 0.001
  weight_decay = 1e-05
  epochs = 400
  focal_gamma = 2.0
  focal_alpha = 0.25
  use_contrastive = True
  contrastive_weight = 0.0
  contrastive_temp = 0.07
  minority_weight = 2.0
  use_kl = True
  kl_weight = 1.0
  device = cuda
Ep 010 | Focal=0.0020 | KL=0.0511 | Con=8.2914 | Total=0.0531 | ValF1@0.5=0.9915
Ep 020 | Focal=0.0035 | KL=0.0073 | Con=8.3018 | Total=0.0108 | ValF1@0.5=0.9915
Ep 030 | Focal=0.0008 | KL=0.0036 | Con=7.9562 | Total=0.0044 | ValF1@0.5=0.9915
Ep 040 | Focal=0.0001 | KL=0.0020 | Con=7.8458 | Total=0.0020 | ValF1@0.5=0.9913
Ep 050 | Focal=0.0002 | KL=0.0016 | Con=7.9151 | Total=0.0018 | ValF1@0.5=0.9915
Ep 060 | Focal=0.0001 | KL=0.0013 | Con=7.8475 | Total=0.0014 | ValF1@0.5=0.9915
Ep 070 | Focal=0.0000 | KL=0.0011 | Con=7.8293 | Total=0.0011 | ValF1@0.5=0.9915
Ep 080 | Focal=0.0001 | KL=0.0009 | Con=7.8445 | Total=0.0010 | ValF1@0.5=0.9915
Ep 090 | Focal=0.0001 | KL=0.0010 | Con=7.8786 | Total=0.0010 | ValF1@0.5=1.0000
Ep 100 | Focal=0.0000 | KL=0.0008 | Con=7.7885 | Total=0.0008 | ValF1@0.5=1.0000
Ep 110 | Focal=0.0001 | KL=0.0009 | Con=7.8266 | Total=0.0009 | ValF1@0.5=0.9915
Ep 120 | Focal=0.0000 | KL=0.0007 | Con=7.7841 | Total=0.0008 | ValF1@0.5=0.9915
Ep 130 | Focal=0.0000 | KL=0.0008 | Con=7.8084 | Total=0.0008 | ValF1@0.5=0.9915
Ep 140 | Focal=0.0000 | KL=0.0006 | Con=7.8032 | Total=0.0007 | ValF1@0.5=0.9915
Ep 150 | Focal=0.0000 | KL=0.0008 | Con=7.8045 | Total=0.0008 | ValF1@0.5=0.9915
Ep 160 | Focal=0.0000 | KL=0.0007 | Con=7.8004 | Total=0.0007 | ValF1@0.5=1.0000
Ep 170 | Focal=0.0001 | KL=0.0006 | Con=7.8238 | Total=0.0007 | ValF1@0.5=0.9915
Ep 180 | Focal=0.0000 | KL=0.0005 | Con=7.8372 | Total=0.0005 | ValF1@0.5=0.9915
Ep 190 | Focal=0.0000 | KL=0.0005 | Con=7.7792 | Total=0.0005 | ValF1@0.5=0.9915
Ep 200 | Focal=0.0001 | KL=0.0006 | Con=7.8198 | Total=0.0006 | ValF1@0.5=0.9915
Ep 210 | Focal=0.0000 | KL=0.0004 | Con=7.7849 | Total=0.0004 | ValF1@0.5=0.9915
Ep 220 | Focal=0.0000 | KL=0.0005 | Con=7.7849 | Total=0.0005 | ValF1@0.5=0.9915
Ep 230 | Focal=0.0000 | KL=0.0004 | Con=7.7830 | Total=0.0005 | ValF1@0.5=0.9915
Ep 240 | Focal=0.0000 | KL=0.0004 | Con=7.8029 | Total=0.0005 | ValF1@0.5=0.9915
Ep 250 | Focal=0.0000 | KL=0.0004 | Con=7.7876 | Total=0.0004 | ValF1@0.5=0.9915
Ep 260 | Focal=0.0000 | KL=0.0003 | Con=7.7943 | Total=0.0003 | ValF1@0.5=0.9915
Ep 270 | Focal=0.0000 | KL=0.0004 | Con=7.7910 | Total=0.0004 | ValF1@0.5=0.9915
Ep 280 | Focal=0.0000 | KL=0.0003 | Con=7.7913 | Total=0.0004 | ValF1@0.5=0.9915
Ep 290 | Focal=0.0000 | KL=0.0004 | Con=7.7845 | Total=0.0004 | ValF1@0.5=0.9915
Ep 300 | Focal=0.0000 | KL=0.0003 | Con=7.7768 | Total=0.0003 | ValF1@0.5=0.9915
Ep 310 | Focal=0.0000 | KL=0.0003 | Con=7.7924 | Total=0.0003 | ValF1@0.5=0.9915
Ep 320 | Focal=0.0000 | KL=0.0003 | Con=7.7936 | Total=0.0003 | ValF1@0.5=0.9915
Ep 330 | Focal=0.0000 | KL=0.0003 | Con=7.8021 | Total=0.0003 | ValF1@0.5=0.9915
Ep 340 | Focal=0.0000 | KL=0.0003 | Con=7.7883 | Total=0.0003 | ValF1@0.5=0.9915
Ep 350 | Focal=0.0000 | KL=0.0003 | Con=7.7890 | Total=0.0003 | ValF1@0.5=0.9915
Ep 360 | Focal=0.0000 | KL=0.0003 | Con=7.8125 | Total=0.0003 | ValF1@0.5=0.9915
Ep 370 | Focal=0.0000 | KL=0.0003 | Con=7.7814 | Total=0.0003 | ValF1@0.5=0.9915
Ep 380 | Focal=0.0000 | KL=0.0003 | Con=7.8119 | Total=0.0003 | ValF1@0.5=0.9915
Ep 390 | Focal=0.0000 | KL=0.0002 | Con=7.8082 | Total=0.0003 | ValF1@0.5=0.9915
Ep 400 | Focal=0.0000 | KL=0.0003 | Con=7.8045 | Total=0.0003 | ValF1@0.5=0.9915

[OK] Load best model by ValF1@0.5=1.0000

[VAL] best threshold=0.480, best macroF1=1.0000

================ TRAIN ================
Threshold: 0.480
Accuracy : 0.9988
Macro-F1 : 0.9974 (Class0: 0.9993, Class1: 0.9954)
AUC      : 1.0000
MCC      : 0.9948
G-Mean   : 0.9954
Sensitivity: 0.9909
Specificity: 1.0000
Classification report:
              precision    recall  f1-score   support

           0     0.9986    1.0000    0.9993      1468
           1     1.0000    0.9909    0.9954       220

    accuracy                         0.9988      1688
   macro avg     0.9993    0.9955    0.9974      1688
weighted avg     0.9988    0.9988    0.9988      1688


================ VAL ================
Threshold: 0.480
Accuracy : 1.0000
Macro-F1 : 1.0000 (Class0: 1.0000, Class1: 1.0000)
AUC      : 1.0000
MCC      : 1.0000
G-Mean   : 1.0000
Sensitivity: 1.0000
Specificity: 1.0000
Classification report:
              precision    recall  f1-score   support

           0     1.0000    1.0000    1.0000       177
           1     1.0000    1.0000    1.0000        35

    accuracy                         1.0000       212
   macro avg     1.0000    1.0000    1.0000       212
weighted avg     1.0000    1.0000    1.0000       212


================ TEST ================
Threshold: 0.480
Accuracy : 0.9763
Macro-F1 : 0.9507 (Class0: 0.9862, Class1: 0.9153)
AUC      : 0.9969
MCC      : 0.9060
G-Mean   : 0.9186
Sensitivity: 0.8438
Specificity: 1.0000
Classification report:
              precision    recall  f1-score   support

           0     0.9728    1.0000    0.9862       179
           1     1.0000    0.8438    0.9153        32

    accuracy                         0.9763       211
   macro avg     0.9864    0.9219    0.9507       211
weighted avg     0.9769    0.9763    0.9755       211


================================================================================
 RUN 3/30 (Seed=2)
================================================================================
================================================================================
 Pipeline: LP soft labels + MLP prob + 1.0 * KL + Focal + 0.0 * SupCon
================================================================================
_propagate 的参数值:
  alpha_pos = 0.8
  alpha_neg = 0.85
  forbid_flip = True
  flip_margin = 0.1

[LP] soft label stats (train only):
  pos mean: 0.9674
  neg mean: 0.0015
  seeds ratio: 0.968
训练函数参数值:
  lr = 0.001
  weight_decay = 1e-05
  epochs = 400
  focal_gamma = 2.0
  focal_alpha = 0.25
  use_contrastive = True
  contrastive_weight = 0.0
  contrastive_temp = 0.07
  minority_weight = 2.0
  use_kl = True
  kl_weight = 1.0
  device = cuda
Ep 010 | Focal=0.0019 | KL=0.0436 | Con=8.2648 | Total=0.0455 | ValF1@0.5=1.0000
Ep 020 | Focal=0.0030 | KL=0.0068 | Con=8.1565 | Total=0.0098 | ValF1@0.5=0.9915
Ep 030 | Focal=0.0013 | KL=0.0038 | Con=8.0019 | Total=0.0051 | ValF1@0.5=0.9915
Ep 040 | Focal=0.0001 | KL=0.0025 | Con=7.8689 | Total=0.0026 | ValF1@0.5=0.9913
Ep 050 | Focal=0.0002 | KL=0.0014 | Con=7.8995 | Total=0.0016 | ValF1@0.5=0.9913
Ep 060 | Focal=0.0001 | KL=0.0017 | Con=7.9251 | Total=0.0018 | ValF1@0.5=0.9915
Ep 070 | Focal=0.0001 | KL=0.0012 | Con=7.8752 | Total=0.0013 | ValF1@0.5=0.9915
Ep 080 | Focal=0.0001 | KL=0.0011 | Con=7.8660 | Total=0.0013 | ValF1@0.5=0.9915
Ep 090 | Focal=0.0000 | KL=0.0008 | Con=7.8158 | Total=0.0009 | ValF1@0.5=0.9915
Ep 100 | Focal=0.0000 | KL=0.0008 | Con=7.7889 | Total=0.0009 | ValF1@0.5=0.9915
Ep 110 | Focal=0.0001 | KL=0.0009 | Con=7.9032 | Total=0.0009 | ValF1@0.5=0.9915
Ep 120 | Focal=0.0000 | KL=0.0008 | Con=7.8347 | Total=0.0009 | ValF1@0.5=1.0000
Ep 130 | Focal=0.0000 | KL=0.0006 | Con=7.7987 | Total=0.0007 | ValF1@0.5=0.9913
Ep 140 | Focal=0.0000 | KL=0.0006 | Con=7.8191 | Total=0.0006 | ValF1@0.5=1.0000
Ep 150 | Focal=0.0000 | KL=0.0007 | Con=7.8139 | Total=0.0007 | ValF1@0.5=0.9915
Ep 160 | Focal=0.0000 | KL=0.0008 | Con=7.7905 | Total=0.0008 | ValF1@0.5=0.9915
Ep 170 | Focal=0.0000 | KL=0.0006 | Con=7.8192 | Total=0.0006 | ValF1@0.5=1.0000
Ep 180 | Focal=0.0000 | KL=0.0005 | Con=7.8277 | Total=0.0006 | ValF1@0.5=1.0000
Ep 190 | Focal=0.0000 | KL=0.0005 | Con=7.8049 | Total=0.0005 | ValF1@0.5=1.0000
Ep 200 | Focal=0.0000 | KL=0.0005 | Con=7.7866 | Total=0.0005 | ValF1@0.5=1.0000
Ep 210 | Focal=0.0000 | KL=0.0006 | Con=7.8125 | Total=0.0006 | ValF1@0.5=0.9915
Ep 220 | Focal=0.0000 | KL=0.0005 | Con=7.8329 | Total=0.0005 | ValF1@0.5=0.9915
Ep 230 | Focal=0.0000 | KL=0.0005 | Con=7.8367 | Total=0.0005 | ValF1@0.5=0.9915
Ep 240 | Focal=0.0000 | KL=0.0004 | Con=7.7865 | Total=0.0004 | ValF1@0.5=0.9915
Ep 250 | Focal=0.0000 | KL=0.0004 | Con=7.8025 | Total=0.0004 | ValF1@0.5=0.9915
Ep 260 | Focal=0.0000 | KL=0.0004 | Con=7.7934 | Total=0.0004 | ValF1@0.5=0.9915
Ep 270 | Focal=0.0000 | KL=0.0004 | Con=7.7879 | Total=0.0005 | ValF1@0.5=0.9915
Ep 280 | Focal=0.0000 | KL=0.0004 | Con=7.8120 | Total=0.0004 | ValF1@0.5=1.0000
Ep 290 | Focal=0.0000 | KL=0.0003 | Con=7.8102 | Total=0.0004 | ValF1@0.5=0.9915
Ep 300 | Focal=0.0000 | KL=0.0004 | Con=7.7878 | Total=0.0004 | ValF1@0.5=0.9915
Ep 310 | Focal=0.0000 | KL=0.0003 | Con=7.7908 | Total=0.0003 | ValF1@0.5=0.9829
Ep 320 | Focal=0.0000 | KL=0.0003 | Con=7.7757 | Total=0.0003 | ValF1@0.5=0.9915
Ep 330 | Focal=0.0000 | KL=0.0003 | Con=7.8258 | Total=0.0004 | ValF1@0.5=0.9915
Ep 340 | Focal=0.0000 | KL=0.0003 | Con=7.7901 | Total=0.0003 | ValF1@0.5=0.9915
Ep 350 | Focal=0.0000 | KL=0.0003 | Con=7.8014 | Total=0.0004 | ValF1@0.5=0.9915
Ep 360 | Focal=0.0000 | KL=0.0003 | Con=7.7917 | Total=0.0003 | ValF1@0.5=0.9915
Ep 370 | Focal=0.0000 | KL=0.0003 | Con=7.8010 | Total=0.0003 | ValF1@0.5=0.9915
Ep 380 | Focal=0.0000 | KL=0.0003 | Con=7.8045 | Total=0.0003 | ValF1@0.5=0.9915
Ep 390 | Focal=0.0000 | KL=0.0003 | Con=7.8013 | Total=0.0003 | ValF1@0.5=0.9915
Ep 400 | Focal=0.0000 | KL=0.0003 | Con=7.7984 | Total=0.0003 | ValF1@0.5=0.9915

[OK] Load best model by ValF1@0.5=1.0000

[VAL] best threshold=0.460, best macroF1=1.0000

================ TRAIN ================
Threshold: 0.460
Accuracy : 0.9923
Macro-F1 : 0.9827 (Class0: 0.9956, Class1: 0.9698)
AUC      : 0.9959
MCC      : 0.9657
G-Mean   : 0.9740
Sensitivity: 0.9500
Specificity: 0.9986
Classification report:
              precision    recall  f1-score   support

           0     0.9926    0.9986    0.9956      1468
           1     0.9905    0.9500    0.9698       220

    accuracy                         0.9923      1688
   macro avg     0.9915    0.9743    0.9827      1688
weighted avg     0.9923    0.9923    0.9922      1688


================ VAL ================
Threshold: 0.460
Accuracy : 1.0000
Macro-F1 : 1.0000 (Class0: 1.0000, Class1: 1.0000)
AUC      : 1.0000
MCC      : 1.0000
G-Mean   : 1.0000
Sensitivity: 1.0000
Specificity: 1.0000
Classification report:
              precision    recall  f1-score   support

           0     1.0000    1.0000    1.0000       177
           1     1.0000    1.0000    1.0000        35

    accuracy                         1.0000       212
   macro avg     1.0000    1.0000    1.0000       212
weighted avg     1.0000    1.0000    1.0000       212


================ TEST ================
Threshold: 0.460
Accuracy : 0.9668
Macro-F1 : 0.9290 (Class0: 0.9808, Class1: 0.8772)
AUC      : 0.9742
MCC      : 0.8671
G-Mean   : 0.8839
Sensitivity: 0.7812
Specificity: 1.0000
Classification report:
              precision    recall  f1-score   support

           0     0.9624    1.0000    0.9808       179
           1     1.0000    0.7812    0.8772        32

    accuracy                         0.9668       211
   macro avg     0.9812    0.8906    0.9290       211
weighted avg     0.9681    0.9668    0.9651       211


================================================================================
 RUN 4/30 (Seed=3)
================================================================================
================================================================================
 Pipeline: LP soft labels + MLP prob + 1.0 * KL + Focal + 0.0 * SupCon
================================================================================
_propagate 的参数值:
  alpha_pos = 0.8
  alpha_neg = 0.85
  forbid_flip = True
  flip_margin = 0.1

[LP] soft label stats (train only):
  pos mean: 0.9674
  neg mean: 0.0015
  seeds ratio: 0.968
训练函数参数值:
  lr = 0.001
  weight_decay = 1e-05
  epochs = 400
  focal_gamma = 2.0
  focal_alpha = 0.25
  use_contrastive = True
  contrastive_weight = 0.0
  contrastive_temp = 0.07
  minority_weight = 2.0
  use_kl = True
  kl_weight = 1.0
  device = cuda
Ep 010 | Focal=0.0018 | KL=0.0603 | Con=8.2998 | Total=0.0622 | ValF1@0.5=0.9915
Ep 020 | Focal=0.0039 | KL=0.0078 | Con=8.2349 | Total=0.0117 | ValF1@0.5=0.9915
Ep 030 | Focal=0.0008 | KL=0.0039 | Con=8.0395 | Total=0.0047 | ValF1@0.5=0.9915
Ep 040 | Focal=0.0002 | KL=0.0022 | Con=7.9667 | Total=0.0024 | ValF1@0.5=0.9829
Ep 050 | Focal=0.0002 | KL=0.0014 | Con=7.8769 | Total=0.0016 | ValF1@0.5=0.9829
Ep 060 | Focal=0.0001 | KL=0.0013 | Con=7.8573 | Total=0.0013 | ValF1@0.5=0.9915
Ep 070 | Focal=0.0001 | KL=0.0012 | Con=7.8479 | Total=0.0012 | ValF1@0.5=0.9915
Ep 080 | Focal=0.0000 | KL=0.0010 | Con=7.8500 | Total=0.0011 | ValF1@0.5=0.9829
Ep 090 | Focal=0.0000 | KL=0.0008 | Con=7.8364 | Total=0.0009 | ValF1@0.5=0.9829
Ep 100 | Focal=0.0000 | KL=0.0009 | Con=7.8378 | Total=0.0009 | ValF1@0.5=0.9829
Ep 110 | Focal=0.0001 | KL=0.0009 | Con=7.8930 | Total=0.0009 | ValF1@0.5=0.9829
Ep 120 | Focal=0.0000 | KL=0.0008 | Con=7.8228 | Total=0.0008 | ValF1@0.5=0.9829
Ep 130 | Focal=0.0000 | KL=0.0008 | Con=7.8321 | Total=0.0008 | ValF1@0.5=0.9829
Ep 140 | Focal=0.0000 | KL=0.0006 | Con=7.7739 | Total=0.0006 | ValF1@0.5=0.9829
Ep 150 | Focal=0.0000 | KL=0.0006 | Con=7.7955 | Total=0.0006 | ValF1@0.5=0.9915
Ep 160 | Focal=0.0000 | KL=0.0006 | Con=7.8082 | Total=0.0006 | ValF1@0.5=0.9915
Ep 170 | Focal=0.0000 | KL=0.0006 | Con=7.8065 | Total=0.0006 | ValF1@0.5=0.9829
Ep 180 | Focal=0.0000 | KL=0.0005 | Con=7.8369 | Total=0.0006 | ValF1@0.5=0.9829
Ep 190 | Focal=0.0000 | KL=0.0005 | Con=7.8316 | Total=0.0006 | ValF1@0.5=0.9829
Ep 200 | Focal=0.0000 | KL=0.0005 | Con=7.7980 | Total=0.0005 | ValF1@0.5=0.9829
Ep 210 | Focal=0.0000 | KL=0.0004 | Con=7.7972 | Total=0.0004 | ValF1@0.5=0.9829
Ep 220 | Focal=0.0000 | KL=0.0004 | Con=7.7903 | Total=0.0004 | ValF1@0.5=0.9915
Ep 230 | Focal=0.0000 | KL=0.0004 | Con=7.7896 | Total=0.0005 | ValF1@0.5=0.9915
Ep 240 | Focal=0.0000 | KL=0.0005 | Con=7.8195 | Total=0.0005 | ValF1@0.5=0.9915
Ep 250 | Focal=0.0001 | KL=0.0005 | Con=7.8436 | Total=0.0005 | ValF1@0.5=0.9915
Ep 260 | Focal=0.0000 | KL=0.0005 | Con=7.7853 | Total=0.0005 | ValF1@0.5=0.9915
Ep 270 | Focal=0.0000 | KL=0.0004 | Con=7.7848 | Total=0.0004 | ValF1@0.5=0.9915
Ep 280 | Focal=0.0000 | KL=0.0004 | Con=7.8139 | Total=0.0004 | ValF1@0.5=0.9829
Ep 290 | Focal=0.0000 | KL=0.0003 | Con=7.8052 | Total=0.0003 | ValF1@0.5=0.9915
Ep 300 | Focal=0.0000 | KL=0.0003 | Con=7.7939 | Total=0.0004 | ValF1@0.5=0.9829
Ep 310 | Focal=0.0000 | KL=0.0003 | Con=7.7991 | Total=0.0003 | ValF1@0.5=0.9829
Ep 320 | Focal=0.0000 | KL=0.0003 | Con=7.7866 | Total=0.0003 | ValF1@0.5=0.9915
Ep 330 | Focal=0.0000 | KL=0.0002 | Con=7.8047 | Total=0.0003 | ValF1@0.5=0.9915
Ep 340 | Focal=0.0000 | KL=0.0003 | Con=7.8179 | Total=0.0003 | ValF1@0.5=0.9829
Ep 350 | Focal=0.0000 | KL=0.0003 | Con=7.8022 | Total=0.0003 | ValF1@0.5=0.9915
Ep 360 | Focal=0.0000 | KL=0.0003 | Con=7.7851 | Total=0.0003 | ValF1@0.5=0.9915
Ep 370 | Focal=0.0000 | KL=0.0003 | Con=7.8079 | Total=0.0003 | ValF1@0.5=0.9915
Ep 380 | Focal=0.0000 | KL=0.0003 | Con=7.7999 | Total=0.0003 | ValF1@0.5=0.9915
Ep 390 | Focal=0.0000 | KL=0.0002 | Con=7.8006 | Total=0.0002 | ValF1@0.5=0.9829
Ep 400 | Focal=0.0000 | KL=0.0003 | Con=7.7793 | Total=0.0003 | ValF1@0.5=0.9915

[OK] Load best model by ValF1@0.5=0.9915

[VAL] best threshold=0.750, best macroF1=1.0000

================ TRAIN ================
Threshold: 0.750
Accuracy : 0.9911
Macro-F1 : 0.9801 (Class0: 0.9949, Class1: 0.9652)
AUC      : 0.9993
MCC      : 0.9604
G-Mean   : 0.9714
Sensitivity: 0.9455
Specificity: 0.9980
Classification report:
              precision    recall  f1-score   support

           0     0.9919    0.9980    0.9949      1468
           1     0.9858    0.9455    0.9652       220

    accuracy                         0.9911      1688
   macro avg     0.9888    0.9717    0.9801      1688
weighted avg     0.9911    0.9911    0.9910      1688


================ VAL ================
Threshold: 0.750
Accuracy : 1.0000
Macro-F1 : 1.0000 (Class0: 1.0000, Class1: 1.0000)
AUC      : 1.0000
MCC      : 1.0000
G-Mean   : 1.0000
Sensitivity: 1.0000
Specificity: 1.0000
Classification report:
              precision    recall  f1-score   support

           0     1.0000    1.0000    1.0000       177
           1     1.0000    1.0000    1.0000        35

    accuracy                         1.0000       212
   macro avg     1.0000    1.0000    1.0000       212
weighted avg     1.0000    1.0000    1.0000       212


================ TEST ================
Threshold: 0.750
Accuracy : 0.9668
Macro-F1 : 0.9290 (Class0: 0.9808, Class1: 0.8772)
AUC      : 0.9796
MCC      : 0.8671
G-Mean   : 0.8839
Sensitivity: 0.7812
Specificity: 1.0000
Classification report:
              precision    recall  f1-score   support

           0     0.9624    1.0000    0.9808       179
           1     1.0000    0.7812    0.8772        32

    accuracy                         0.9668       211
   macro avg     0.9812    0.8906    0.9290       211
weighted avg     0.9681    0.9668    0.9651       211


================================================================================
 RUN 5/30 (Seed=4)
================================================================================
================================================================================
 Pipeline: LP soft labels + MLP prob + 1.0 * KL + Focal + 0.0 * SupCon
================================================================================
_propagate 的参数值:
  alpha_pos = 0.8
  alpha_neg = 0.85
  forbid_flip = True
  flip_margin = 0.1

[LP] soft label stats (train only):
  pos mean: 0.9674
  neg mean: 0.0015
  seeds ratio: 0.968
训练函数参数值:
  lr = 0.001
  weight_decay = 1e-05
  epochs = 400
  focal_gamma = 2.0
  focal_alpha = 0.25
  use_contrastive = True
  contrastive_weight = 0.0
  contrastive_temp = 0.07
  minority_weight = 2.0
  use_kl = True
  kl_weight = 1.0
  device = cuda
Ep 010 | Focal=0.0014 | KL=0.0485 | Con=8.1774 | Total=0.0499 | ValF1@0.5=0.9915
Ep 020 | Focal=0.0027 | KL=0.0061 | Con=8.1289 | Total=0.0088 | ValF1@0.5=0.9915
Ep 030 | Focal=0.0005 | KL=0.0031 | Con=7.9521 | Total=0.0036 | ValF1@0.5=0.9915
Ep 040 | Focal=0.0002 | KL=0.0020 | Con=7.8675 | Total=0.0022 | ValF1@0.5=0.9913
Ep 050 | Focal=0.0001 | KL=0.0014 | Con=7.8335 | Total=0.0014 | ValF1@0.5=0.9913
Ep 060 | Focal=0.0001 | KL=0.0013 | Con=7.8837 | Total=0.0014 | ValF1@0.5=0.9915
Ep 070 | Focal=0.0000 | KL=0.0009 | Con=7.8288 | Total=0.0009 | ValF1@0.5=0.9915
Ep 080 | Focal=0.0000 | KL=0.0010 | Con=7.7907 | Total=0.0010 | ValF1@0.5=0.9915
Ep 090 | Focal=0.0000 | KL=0.0007 | Con=7.8074 | Total=0.0007 | ValF1@0.5=0.9915
Ep 100 | Focal=0.0000 | KL=0.0007 | Con=7.8015 | Total=0.0008 | ValF1@0.5=1.0000
Ep 110 | Focal=0.0000 | KL=0.0007 | Con=7.8249 | Total=0.0008 | ValF1@0.5=1.0000
Ep 120 | Focal=0.0000 | KL=0.0007 | Con=7.8280 | Total=0.0007 | ValF1@0.5=1.0000
Ep 130 | Focal=0.0000 | KL=0.0005 | Con=7.8059 | Total=0.0005 | ValF1@0.5=1.0000
Ep 140 | Focal=0.0001 | KL=0.0005 | Con=7.8097 | Total=0.0006 | ValF1@0.5=1.0000
Ep 150 | Focal=0.0000 | KL=0.0004 | Con=7.8037 | Total=0.0005 | ValF1@0.5=0.9915
Ep 160 | Focal=0.0000 | KL=0.0004 | Con=7.7891 | Total=0.0004 | ValF1@0.5=1.0000
Ep 170 | Focal=0.0000 | KL=0.0005 | Con=7.8074 | Total=0.0005 | ValF1@0.5=0.9915
Ep 180 | Focal=0.0000 | KL=0.0004 | Con=7.7862 | Total=0.0004 | ValF1@0.5=1.0000
Ep 190 | Focal=0.0000 | KL=0.0004 | Con=7.8212 | Total=0.0005 | ValF1@0.5=0.9915
Ep 200 | Focal=0.0000 | KL=0.0005 | Con=7.8211 | Total=0.0005 | ValF1@0.5=0.9915
Ep 210 | Focal=0.0000 | KL=0.0005 | Con=7.8176 | Total=0.0005 | ValF1@0.5=0.9915
Ep 220 | Focal=0.0000 | KL=0.0005 | Con=7.7899 | Total=0.0005 | ValF1@0.5=0.9915
Ep 230 | Focal=0.0000 | KL=0.0004 | Con=7.7938 | Total=0.0004 | ValF1@0.5=0.9915
Ep 240 | Focal=0.0000 | KL=0.0003 | Con=7.8120 | Total=0.0003 | ValF1@0.5=0.9915
Ep 250 | Focal=0.0000 | KL=0.0004 | Con=7.8106 | Total=0.0004 | ValF1@0.5=0.9915
Ep 260 | Focal=0.0000 | KL=0.0003 | Con=7.8047 | Total=0.0003 | ValF1@0.5=0.9915
Ep 270 | Focal=0.0000 | KL=0.0004 | Con=7.8207 | Total=0.0004 | ValF1@0.5=0.9915
Ep 280 | Focal=0.0000 | KL=0.0003 | Con=7.7842 | Total=0.0003 | ValF1@0.5=0.9915
Ep 290 | Focal=0.0000 | KL=0.0003 | Con=7.8033 | Total=0.0003 | ValF1@0.5=0.9915
Ep 300 | Focal=0.0000 | KL=0.0004 | Con=7.7915 | Total=0.0004 | ValF1@0.5=0.9915
Ep 310 | Focal=0.0000 | KL=0.0004 | Con=7.8004 | Total=0.0004 | ValF1@0.5=0.9915
Ep 320 | Focal=0.0000 | KL=0.0003 | Con=7.7994 | Total=0.0003 | ValF1@0.5=0.9915
Ep 330 | Focal=0.0000 | KL=0.0002 | Con=7.7948 | Total=0.0002 | ValF1@0.5=0.9915
Ep 340 | Focal=0.0000 | KL=0.0002 | Con=7.8052 | Total=0.0002 | ValF1@0.5=0.9915
Ep 350 | Focal=0.0000 | KL=0.0003 | Con=7.8069 | Total=0.0003 | ValF1@0.5=0.9915
Ep 360 | Focal=0.0000 | KL=0.0002 | Con=7.8069 | Total=0.0002 | ValF1@0.5=0.9915
Ep 370 | Focal=0.0000 | KL=0.0002 | Con=7.7953 | Total=0.0002 | ValF1@0.5=0.9915
Ep 380 | Focal=0.0000 | KL=0.0002 | Con=7.7990 | Total=0.0003 | ValF1@0.5=0.9915
Ep 390 | Focal=0.0000 | KL=0.0002 | Con=7.8020 | Total=0.0002 | ValF1@0.5=0.9915
Ep 400 | Focal=0.0000 | KL=0.0002 | Con=7.8393 | Total=0.0002 | ValF1@0.5=0.9915

[OK] Load best model by ValF1@0.5=1.0000

[VAL] best threshold=0.500, best macroF1=1.0000

================ TRAIN ================
Threshold: 0.500
Accuracy : 1.0000
Macro-F1 : 1.0000 (Class0: 1.0000, Class1: 1.0000)
AUC      : 1.0000
MCC      : 1.0000
G-Mean   : 1.0000
Sensitivity: 1.0000
Specificity: 1.0000
Classification report:
              precision    recall  f1-score   support

           0     1.0000    1.0000    1.0000      1468
           1     1.0000    1.0000    1.0000       220

    accuracy                         1.0000      1688
   macro avg     1.0000    1.0000    1.0000      1688
weighted avg     1.0000    1.0000    1.0000      1688


================ VAL ================
Threshold: 0.500
Accuracy : 1.0000
Macro-F1 : 1.0000 (Class0: 1.0000, Class1: 1.0000)
AUC      : 1.0000
MCC      : 1.0000
G-Mean   : 1.0000
Sensitivity: 1.0000
Specificity: 1.0000
Classification report:
              precision    recall  f1-score   support

           0     1.0000    1.0000    1.0000       177
           1     1.0000    1.0000    1.0000        35

    accuracy                         1.0000       212
   macro avg     1.0000    1.0000    1.0000       212
weighted avg     1.0000    1.0000    1.0000       212


================ TEST ================
Threshold: 0.500
Accuracy : 0.9763
Macro-F1 : 0.9507 (Class0: 0.9862, Class1: 0.9153)
AUC      : 0.9967
MCC      : 0.9060
G-Mean   : 0.9186
Sensitivity: 0.8438
Specificity: 1.0000
Classification report:
              precision    recall  f1-score   support

           0     0.9728    1.0000    0.9862       179
           1     1.0000    0.8438    0.9153        32

    accuracy                         0.9763       211
   macro avg     0.9864    0.9219    0.9507       211
weighted avg     0.9769    0.9763    0.9755       211


================================================================================
 RUN 6/30 (Seed=5)
================================================================================
================================================================================
 Pipeline: LP soft labels + MLP prob + 1.0 * KL + Focal + 0.0 * SupCon
================================================================================
_propagate 的参数值:
  alpha_pos = 0.8
  alpha_neg = 0.85
  forbid_flip = True
  flip_margin = 0.1

[LP] soft label stats (train only):
  pos mean: 0.9674
  neg mean: 0.0015
  seeds ratio: 0.968
训练函数参数值:
  lr = 0.001
  weight_decay = 1e-05
  epochs = 400
  focal_gamma = 2.0
  focal_alpha = 0.25
  use_contrastive = True
  contrastive_weight = 0.0
  contrastive_temp = 0.07
  minority_weight = 2.0
  use_kl = True
  kl_weight = 1.0
  device = cuda
Ep 010 | Focal=0.0020 | KL=0.0866 | Con=8.1988 | Total=0.0886 | ValF1@0.5=0.9915
Ep 020 | Focal=0.0036 | KL=0.0077 | Con=8.2075 | Total=0.0113 | ValF1@0.5=0.9915
Ep 030 | Focal=0.0021 | KL=0.0053 | Con=8.1104 | Total=0.0074 | ValF1@0.5=0.9915
Ep 040 | Focal=0.0003 | KL=0.0023 | Con=7.9180 | Total=0.0026 | ValF1@0.5=0.9915
Ep 050 | Focal=0.0001 | KL=0.0017 | Con=7.8252 | Total=0.0018 | ValF1@0.5=0.9915
Ep 060 | Focal=0.0000 | KL=0.0011 | Con=7.8059 | Total=0.0012 | ValF1@0.5=0.9915
Ep 070 | Focal=0.0002 | KL=0.0014 | Con=7.8659 | Total=0.0016 | ValF1@0.5=0.9915
Ep 080 | Focal=0.0000 | KL=0.0008 | Con=7.8206 | Total=0.0009 | ValF1@0.5=0.9915
Ep 090 | Focal=0.0001 | KL=0.0010 | Con=7.8357 | Total=0.0010 | ValF1@0.5=0.9915
Ep 100 | Focal=0.0001 | KL=0.0008 | Con=7.8362 | Total=0.0009 | ValF1@0.5=0.9915
Ep 110 | Focal=0.0001 | KL=0.0010 | Con=7.8310 | Total=0.0010 | ValF1@0.5=0.9915
Ep 120 | Focal=0.0000 | KL=0.0008 | Con=7.8306 | Total=0.0008 | ValF1@0.5=0.9915
Ep 130 | Focal=0.0001 | KL=0.0008 | Con=7.8527 | Total=0.0009 | ValF1@0.5=0.9915
Ep 140 | Focal=0.0000 | KL=0.0007 | Con=7.8197 | Total=0.0008 | ValF1@0.5=0.9915
Ep 150 | Focal=0.0000 | KL=0.0006 | Con=7.7994 | Total=0.0006 | ValF1@0.5=0.9829
Ep 160 | Focal=0.0000 | KL=0.0006 | Con=7.8172 | Total=0.0006 | ValF1@0.5=0.9915
Ep 170 | Focal=0.0000 | KL=0.0006 | Con=7.8332 | Total=0.0006 | ValF1@0.5=0.9915
Ep 180 | Focal=0.0000 | KL=0.0006 | Con=7.7958 | Total=0.0007 | ValF1@0.5=0.9829
Ep 190 | Focal=0.0000 | KL=0.0006 | Con=7.8258 | Total=0.0006 | ValF1@0.5=0.9829
Ep 200 | Focal=0.0000 | KL=0.0005 | Con=7.7935 | Total=0.0005 | ValF1@0.5=0.9829
Ep 210 | Focal=0.0000 | KL=0.0005 | Con=7.8092 | Total=0.0005 | ValF1@0.5=0.9915
Ep 220 | Focal=0.0000 | KL=0.0005 | Con=7.8019 | Total=0.0005 | ValF1@0.5=0.9829
Ep 230 | Focal=0.0000 | KL=0.0004 | Con=7.8251 | Total=0.0004 | ValF1@0.5=0.9915
Ep 240 | Focal=0.0000 | KL=0.0005 | Con=7.7812 | Total=0.0005 | ValF1@0.5=0.9915
Ep 250 | Focal=0.0000 | KL=0.0004 | Con=7.8125 | Total=0.0004 | ValF1@0.5=0.9915
Ep 260 | Focal=0.0000 | KL=0.0004 | Con=7.8125 | Total=0.0005 | ValF1@0.5=0.9915
Ep 270 | Focal=0.0000 | KL=0.0004 | Con=7.7945 | Total=0.0004 | ValF1@0.5=0.9915
Ep 280 | Focal=0.0000 | KL=0.0004 | Con=7.8070 | Total=0.0005 | ValF1@0.5=0.9829
Ep 290 | Focal=0.0000 | KL=0.0004 | Con=7.8301 | Total=0.0005 | ValF1@0.5=0.9915
Ep 300 | Focal=0.0000 | KL=0.0003 | Con=7.8022 | Total=0.0003 | ValF1@0.5=0.9915
Ep 310 | Focal=0.0000 | KL=0.0003 | Con=7.8036 | Total=0.0003 | ValF1@0.5=0.9915
Ep 320 | Focal=0.0000 | KL=0.0004 | Con=7.7905 | Total=0.0004 | ValF1@0.5=0.9829
Ep 330 | Focal=0.0000 | KL=0.0003 | Con=7.8046 | Total=0.0003 | ValF1@0.5=0.9915
Ep 340 | Focal=0.0000 | KL=0.0003 | Con=7.8048 | Total=0.0004 | ValF1@0.5=0.9915
Ep 350 | Focal=0.0000 | KL=0.0004 | Con=7.7978 | Total=0.0004 | ValF1@0.5=0.9915
Ep 360 | Focal=0.0000 | KL=0.0002 | Con=7.7992 | Total=0.0002 | ValF1@0.5=0.9915
Ep 370 | Focal=0.0000 | KL=0.0003 | Con=7.7983 | Total=0.0003 | ValF1@0.5=0.9829
Ep 380 | Focal=0.0000 | KL=0.0003 | Con=7.7960 | Total=0.0003 | ValF1@0.5=0.9829
Ep 390 | Focal=0.0000 | KL=0.0002 | Con=7.7920 | Total=0.0002 | ValF1@0.5=0.9829
Ep 400 | Focal=0.0000 | KL=0.0002 | Con=7.7855 | Total=0.0002 | ValF1@0.5=0.9829

[OK] Load best model by ValF1@0.5=0.9915

[VAL] best threshold=0.650, best macroF1=1.0000

================ TRAIN ================
Threshold: 0.650
Accuracy : 0.9917
Macro-F1 : 0.9813 (Class0: 0.9952, Class1: 0.9674)
AUC      : 0.9982
MCC      : 0.9630
G-Mean   : 0.9717
Sensitivity: 0.9455
Specificity: 0.9986
Classification report:
              precision    recall  f1-score   support

           0     0.9919    0.9986    0.9952      1468
           1     0.9905    0.9455    0.9674       220

    accuracy                         0.9917      1688
   macro avg     0.9912    0.9720    0.9813      1688
weighted avg     0.9917    0.9917    0.9916      1688


================ VAL ================
Threshold: 0.650
Accuracy : 1.0000
Macro-F1 : 1.0000 (Class0: 1.0000, Class1: 1.0000)
AUC      : 1.0000
MCC      : 1.0000
G-Mean   : 1.0000
Sensitivity: 1.0000
Specificity: 1.0000
Classification report:
              precision    recall  f1-score   support

           0     1.0000    1.0000    1.0000       177
           1     1.0000    1.0000    1.0000        35

    accuracy                         1.0000       212
   macro avg     1.0000    1.0000    1.0000       212
weighted avg     1.0000    1.0000    1.0000       212


================ TEST ================
Threshold: 0.650
Accuracy : 0.9668
Macro-F1 : 0.9290 (Class0: 0.9808, Class1: 0.8772)
AUC      : 0.9958
MCC      : 0.8671
G-Mean   : 0.8839
Sensitivity: 0.7812
Specificity: 1.0000
Classification report:
              precision    recall  f1-score   support

           0     0.9624    1.0000    0.9808       179
           1     1.0000    0.7812    0.8772        32

    accuracy                         0.9668       211
   macro avg     0.9812    0.8906    0.9290       211
weighted avg     0.9681    0.9668    0.9651       211


================================================================================
 RUN 7/30 (Seed=6)
================================================================================
================================================================================
 Pipeline: LP soft labels + MLP prob + 1.0 * KL + Focal + 0.0 * SupCon
================================================================================
_propagate 的参数值:
  alpha_pos = 0.8
  alpha_neg = 0.85
  forbid_flip = True
  flip_margin = 0.1

[LP] soft label stats (train only):
  pos mean: 0.9674
  neg mean: 0.0015
  seeds ratio: 0.968
训练函数参数值:
  lr = 0.001
  weight_decay = 1e-05
  epochs = 400
  focal_gamma = 2.0
  focal_alpha = 0.25
  use_contrastive = True
  contrastive_weight = 0.0
  contrastive_temp = 0.07
  minority_weight = 2.0
  use_kl = True
  kl_weight = 1.0
  device = cuda
Ep 010 | Focal=0.0017 | KL=0.0635 | Con=8.3075 | Total=0.0652 | ValF1@0.5=0.9915
Ep 020 | Focal=0.0033 | KL=0.0071 | Con=8.2341 | Total=0.0104 | ValF1@0.5=0.9915
Ep 030 | Focal=0.0011 | KL=0.0039 | Con=7.9472 | Total=0.0050 | ValF1@0.5=0.9915
Ep 040 | Focal=0.0001 | KL=0.0021 | Con=7.8661 | Total=0.0021 | ValF1@0.5=0.9915
Ep 050 | Focal=0.0001 | KL=0.0015 | Con=7.8727 | Total=0.0016 | ValF1@0.5=0.9915
Ep 060 | Focal=0.0000 | KL=0.0010 | Con=7.8529 | Total=0.0010 | ValF1@0.5=0.9915
Ep 070 | Focal=0.0000 | KL=0.0010 | Con=7.8624 | Total=0.0011 | ValF1@0.5=0.9915
Ep 080 | Focal=0.0002 | KL=0.0012 | Con=7.9394 | Total=0.0014 | ValF1@0.5=0.9915
Ep 090 | Focal=0.0001 | KL=0.0008 | Con=7.8672 | Total=0.0009 | ValF1@0.5=0.9915
Ep 100 | Focal=0.0001 | KL=0.0008 | Con=7.8600 | Total=0.0009 | ValF1@0.5=0.9915
Ep 110 | Focal=0.0001 | KL=0.0008 | Con=7.8621 | Total=0.0009 | ValF1@0.5=0.9915
Ep 120 | Focal=0.0000 | KL=0.0007 | Con=7.8347 | Total=0.0007 | ValF1@0.5=0.9915
Ep 130 | Focal=0.0000 | KL=0.0007 | Con=7.8447 | Total=0.0007 | ValF1@0.5=0.9915
Ep 140 | Focal=0.0000 | KL=0.0008 | Con=7.8580 | Total=0.0008 | ValF1@0.5=0.9915
Ep 150 | Focal=0.0000 | KL=0.0006 | Con=7.8250 | Total=0.0006 | ValF1@0.5=0.9915
Ep 160 | Focal=0.0000 | KL=0.0005 | Con=7.8116 | Total=0.0005 | ValF1@0.5=0.9915
Ep 170 | Focal=0.0001 | KL=0.0005 | Con=7.8434 | Total=0.0006 | ValF1@0.5=0.9915
Ep 180 | Focal=0.0000 | KL=0.0005 | Con=7.8143 | Total=0.0005 | ValF1@0.5=0.9915
Ep 190 | Focal=0.0000 | KL=0.0005 | Con=7.8440 | Total=0.0006 | ValF1@0.5=0.9915
Ep 200 | Focal=0.0000 | KL=0.0004 | Con=7.8090 | Total=0.0004 | ValF1@0.5=0.9915
Ep 210 | Focal=0.0000 | KL=0.0004 | Con=7.8084 | Total=0.0004 | ValF1@0.5=0.9915
Ep 220 | Focal=0.0000 | KL=0.0005 | Con=7.8202 | Total=0.0005 | ValF1@0.5=0.9915
Ep 230 | Focal=0.0000 | KL=0.0004 | Con=7.8037 | Total=0.0004 | ValF1@0.5=0.9915
Ep 240 | Focal=0.0000 | KL=0.0004 | Con=7.8275 | Total=0.0004 | ValF1@0.5=0.9915
Ep 250 | Focal=0.0000 | KL=0.0003 | Con=7.8225 | Total=0.0003 | ValF1@0.5=0.9915
Ep 260 | Focal=0.0000 | KL=0.0003 | Con=7.8147 | Total=0.0004 | ValF1@0.5=0.9915
Ep 270 | Focal=0.0000 | KL=0.0003 | Con=7.8212 | Total=0.0004 | ValF1@0.5=0.9915
Ep 280 | Focal=0.0000 | KL=0.0002 | Con=7.8159 | Total=0.0003 | ValF1@0.5=0.9915
Ep 290 | Focal=0.0000 | KL=0.0003 | Con=7.8231 | Total=0.0004 | ValF1@0.5=0.9915
Ep 300 | Focal=0.0000 | KL=0.0003 | Con=7.7923 | Total=0.0003 | ValF1@0.5=0.9915
Ep 310 | Focal=0.0000 | KL=0.0003 | Con=7.8431 | Total=0.0003 | ValF1@0.5=0.9915
Ep 320 | Focal=0.0000 | KL=0.0003 | Con=7.8164 | Total=0.0003 | ValF1@0.5=0.9915
Ep 330 | Focal=0.0000 | KL=0.0002 | Con=7.8372 | Total=0.0003 | ValF1@0.5=0.9915
Ep 340 | Focal=0.0000 | KL=0.0002 | Con=7.8162 | Total=0.0003 | ValF1@0.5=0.9915
Ep 350 | Focal=0.0000 | KL=0.0003 | Con=7.8239 | Total=0.0004 | ValF1@0.5=0.9915
Ep 360 | Focal=0.0000 | KL=0.0002 | Con=7.8131 | Total=0.0002 | ValF1@0.5=0.9915
Ep 370 | Focal=0.0000 | KL=0.0003 | Con=7.8096 | Total=0.0003 | ValF1@0.5=0.9915
Ep 380 | Focal=0.0000 | KL=0.0003 | Con=7.8010 | Total=0.0003 | ValF1@0.5=0.9915
Ep 390 | Focal=0.0000 | KL=0.0002 | Con=7.8178 | Total=0.0002 | ValF1@0.5=0.9915
Ep 400 | Focal=0.0000 | KL=0.0002 | Con=7.8199 | Total=0.0003 | ValF1@0.5=0.9915

[OK] Load best model by ValF1@0.5=0.9915

[VAL] best threshold=0.520, best macroF1=1.0000

================ TRAIN ================
Threshold: 0.520
Accuracy : 0.9905
Macro-F1 : 0.9787 (Class0: 0.9946, Class1: 0.9628)
AUC      : 0.9993
MCC      : 0.9577
G-Mean   : 0.9690
Sensitivity: 0.9409
Specificity: 0.9980
Classification report:
              precision    recall  f1-score   support

           0     0.9912    0.9980    0.9946      1468
           1     0.9857    0.9409    0.9628       220

    accuracy                         0.9905      1688
   macro avg     0.9885    0.9694    0.9787      1688
weighted avg     0.9905    0.9905    0.9904      1688


================ VAL ================
Threshold: 0.520
Accuracy : 1.0000
Macro-F1 : 1.0000 (Class0: 1.0000, Class1: 1.0000)
AUC      : 1.0000
MCC      : 1.0000
G-Mean   : 1.0000
Sensitivity: 1.0000
Specificity: 1.0000
Classification report:
              precision    recall  f1-score   support

           0     1.0000    1.0000    1.0000       177
           1     1.0000    1.0000    1.0000        35

    accuracy                         1.0000       212
   macro avg     1.0000    1.0000    1.0000       212
weighted avg     1.0000    1.0000    1.0000       212


================ TEST ================
Threshold: 0.520
Accuracy : 0.9668
Macro-F1 : 0.9290 (Class0: 0.9808, Class1: 0.8772)
AUC      : 0.9857
MCC      : 0.8671
G-Mean   : 0.8839
Sensitivity: 0.7812
Specificity: 1.0000
Classification report:
              precision    recall  f1-score   support

           0     0.9624    1.0000    0.9808       179
           1     1.0000    0.7812    0.8772        32

    accuracy                         0.9668       211
   macro avg     0.9812    0.8906    0.9290       211
weighted avg     0.9681    0.9668    0.9651       211


================================================================================
 RUN 8/30 (Seed=7)
================================================================================
================================================================================
 Pipeline: LP soft labels + MLP prob + 1.0 * KL + Focal + 0.0 * SupCon
================================================================================
_propagate 的参数值:
  alpha_pos = 0.8
  alpha_neg = 0.85
  forbid_flip = True
  flip_margin = 0.1

[LP] soft label stats (train only):
  pos mean: 0.9674
  neg mean: 0.0015
  seeds ratio: 0.968
训练函数参数值:
  lr = 0.001
  weight_decay = 1e-05
  epochs = 400
  focal_gamma = 2.0
  focal_alpha = 0.25
  use_contrastive = True
  contrastive_weight = 0.0
  contrastive_temp = 0.07
  minority_weight = 2.0
  use_kl = True
  kl_weight = 1.0
  device = cuda
Ep 010 | Focal=0.0020 | KL=0.0503 | Con=8.2838 | Total=0.0523 | ValF1@0.5=0.9915
Ep 020 | Focal=0.0041 | KL=0.0084 | Con=8.2698 | Total=0.0125 | ValF1@0.5=0.9915
Ep 030 | Focal=0.0013 | KL=0.0045 | Con=7.9933 | Total=0.0058 | ValF1@0.5=0.9915
Ep 040 | Focal=0.0003 | KL=0.0031 | Con=7.9478 | Total=0.0034 | ValF1@0.5=0.9915
Ep 050 | Focal=0.0001 | KL=0.0018 | Con=7.9326 | Total=0.0019 | ValF1@0.5=0.9829
Ep 060 | Focal=0.0002 | KL=0.0016 | Con=8.0363 | Total=0.0018 | ValF1@0.5=0.9915
Ep 070 | Focal=0.0001 | KL=0.0011 | Con=7.8303 | Total=0.0012 | ValF1@0.5=0.9915
Ep 080 | Focal=0.0000 | KL=0.0011 | Con=7.8388 | Total=0.0011 | ValF1@0.5=0.9829
Ep 090 | Focal=0.0000 | KL=0.0012 | Con=7.8383 | Total=0.0012 | ValF1@0.5=0.9915
Ep 100 | Focal=0.0000 | KL=0.0009 | Con=7.8550 | Total=0.0009 | ValF1@0.5=0.9915
Ep 110 | Focal=0.0000 | KL=0.0007 | Con=7.8583 | Total=0.0007 | ValF1@0.5=0.9915
Ep 120 | Focal=0.0001 | KL=0.0007 | Con=7.8779 | Total=0.0008 | ValF1@0.5=0.9915
Ep 130 | Focal=0.0000 | KL=0.0006 | Con=7.8466 | Total=0.0007 | ValF1@0.5=0.9915
Ep 140 | Focal=0.0000 | KL=0.0006 | Con=7.8156 | Total=0.0006 | ValF1@0.5=0.9915
Ep 150 | Focal=0.0001 | KL=0.0008 | Con=7.8864 | Total=0.0008 | ValF1@0.5=0.9915
Ep 160 | Focal=0.0000 | KL=0.0006 | Con=7.8189 | Total=0.0006 | ValF1@0.5=0.9829
Ep 170 | Focal=0.0000 | KL=0.0006 | Con=7.8344 | Total=0.0006 | ValF1@0.5=0.9829
Ep 180 | Focal=0.0000 | KL=0.0006 | Con=7.8411 | Total=0.0006 | ValF1@0.5=0.9915
Ep 190 | Focal=0.0000 | KL=0.0005 | Con=7.8085 | Total=0.0006 | ValF1@0.5=0.9915
Ep 200 | Focal=0.0000 | KL=0.0005 | Con=7.8275 | Total=0.0005 | ValF1@0.5=0.9915
Ep 210 | Focal=0.0000 | KL=0.0005 | Con=7.8645 | Total=0.0006 | ValF1@0.5=0.9915
Ep 220 | Focal=0.0000 | KL=0.0004 | Con=7.8334 | Total=0.0005 | ValF1@0.5=0.9915
Ep 230 | Focal=0.0000 | KL=0.0005 | Con=7.8132 | Total=0.0005 | ValF1@0.5=0.9915
Ep 240 | Focal=0.0000 | KL=0.0006 | Con=7.8281 | Total=0.0006 | ValF1@0.5=0.9915
Ep 250 | Focal=0.0000 | KL=0.0006 | Con=7.8131 | Total=0.0006 | ValF1@0.5=0.9829
Ep 260 | Focal=0.0000 | KL=0.0005 | Con=7.8405 | Total=0.0005 | ValF1@0.5=0.9915
Ep 270 | Focal=0.0000 | KL=0.0003 | Con=7.8232 | Total=0.0003 | ValF1@0.5=0.9829
Ep 280 | Focal=0.0000 | KL=0.0004 | Con=7.8711 | Total=0.0004 | ValF1@0.5=0.9915
Ep 290 | Focal=0.0000 | KL=0.0003 | Con=7.8117 | Total=0.0003 | ValF1@0.5=0.9915
Ep 300 | Focal=0.0000 | KL=0.0004 | Con=7.8230 | Total=0.0004 | ValF1@0.5=0.9915
Ep 310 | Focal=0.0000 | KL=0.0004 | Con=7.8121 | Total=0.0004 | ValF1@0.5=0.9915
Ep 320 | Focal=0.0000 | KL=0.0003 | Con=7.8090 | Total=0.0003 | ValF1@0.5=0.9915
Ep 330 | Focal=0.0000 | KL=0.0003 | Con=7.8167 | Total=0.0003 | ValF1@0.5=0.9915
Ep 340 | Focal=0.0000 | KL=0.0003 | Con=7.7952 | Total=0.0003 | ValF1@0.5=0.9829
Ep 350 | Focal=0.0000 | KL=0.0003 | Con=7.8365 | Total=0.0003 | ValF1@0.5=0.9829
Ep 360 | Focal=0.0000 | KL=0.0002 | Con=7.8065 | Total=0.0002 | ValF1@0.5=0.9915
Ep 370 | Focal=0.0000 | KL=0.0003 | Con=7.8142 | Total=0.0003 | ValF1@0.5=0.9915
Ep 380 | Focal=0.0000 | KL=0.0003 | Con=7.8104 | Total=0.0003 | ValF1@0.5=0.9915
Ep 390 | Focal=0.0000 | KL=0.0003 | Con=7.8651 | Total=0.0004 | ValF1@0.5=0.9915
Ep 400 | Focal=0.0000 | KL=0.0003 | Con=7.8226 | Total=0.0004 | ValF1@0.5=0.9829

[OK] Load best model by ValF1@0.5=0.9915

[VAL] best threshold=0.620, best macroF1=1.0000

================ TRAIN ================
Threshold: 0.620
Accuracy : 0.9911
Macro-F1 : 0.9801 (Class0: 0.9949, Class1: 0.9652)
AUC      : 0.9988
MCC      : 0.9604
G-Mean   : 0.9714
Sensitivity: 0.9455
Specificity: 0.9980
Classification report:
              precision    recall  f1-score   support

           0     0.9919    0.9980    0.9949      1468
           1     0.9858    0.9455    0.9652       220

    accuracy                         0.9911      1688
   macro avg     0.9888    0.9717    0.9801      1688
weighted avg     0.9911    0.9911    0.9910      1688


================ VAL ================
Threshold: 0.620
Accuracy : 1.0000
Macro-F1 : 1.0000 (Class0: 1.0000, Class1: 1.0000)
AUC      : 1.0000
MCC      : 1.0000
G-Mean   : 1.0000
Sensitivity: 1.0000
Specificity: 1.0000
Classification report:
              precision    recall  f1-score   support

           0     1.0000    1.0000    1.0000       177
           1     1.0000    1.0000    1.0000        35

    accuracy                         1.0000       212
   macro avg     1.0000    1.0000    1.0000       212
weighted avg     1.0000    1.0000    1.0000       212


================ TEST ================
Threshold: 0.620
Accuracy : 0.9668
Macro-F1 : 0.9290 (Class0: 0.9808, Class1: 0.8772)
AUC      : 0.9988
MCC      : 0.8671
G-Mean   : 0.8839
Sensitivity: 0.7812
Specificity: 1.0000
Classification report:
              precision    recall  f1-score   support

           0     0.9624    1.0000    0.9808       179
           1     1.0000    0.7812    0.8772        32

    accuracy                         0.9668       211
   macro avg     0.9812    0.8906    0.9290       211
weighted avg     0.9681    0.9668    0.9651       211


================================================================================
 RUN 9/30 (Seed=8)
================================================================================
================================================================================
 Pipeline: LP soft labels + MLP prob + 1.0 * KL + Focal + 0.0 * SupCon
================================================================================
_propagate 的参数值:
  alpha_pos = 0.8
  alpha_neg = 0.85
  forbid_flip = True
  flip_margin = 0.1

[LP] soft label stats (train only):
  pos mean: 0.9674
  neg mean: 0.0015
  seeds ratio: 0.968
训练函数参数值:
  lr = 0.001
  weight_decay = 1e-05
  epochs = 400
  focal_gamma = 2.0
  focal_alpha = 0.25
  use_contrastive = True
  contrastive_weight = 0.0
  contrastive_temp = 0.07
  minority_weight = 2.0
  use_kl = True
  kl_weight = 1.0
  device = cuda
Ep 010 | Focal=0.0022 | KL=0.0752 | Con=8.2993 | Total=0.0774 | ValF1@0.5=0.9915
Ep 020 | Focal=0.0040 | KL=0.0081 | Con=8.3144 | Total=0.0121 | ValF1@0.5=0.9915
Ep 030 | Focal=0.0013 | KL=0.0046 | Con=8.0978 | Total=0.0059 | ValF1@0.5=0.9915
Ep 040 | Focal=0.0003 | KL=0.0029 | Con=7.9558 | Total=0.0032 | ValF1@0.5=0.9915
Ep 050 | Focal=0.0003 | KL=0.0019 | Con=7.9556 | Total=0.0022 | ValF1@0.5=0.9915
Ep 060 | Focal=0.0000 | KL=0.0013 | Con=7.8041 | Total=0.0013 | ValF1@0.5=0.9915
Ep 070 | Focal=0.0001 | KL=0.0013 | Con=7.9033 | Total=0.0014 | ValF1@0.5=0.9915
Ep 080 | Focal=0.0001 | KL=0.0010 | Con=7.8314 | Total=0.0011 | ValF1@0.5=0.9915
Ep 090 | Focal=0.0001 | KL=0.0010 | Con=7.8768 | Total=0.0011 | ValF1@0.5=0.9915
Ep 100 | Focal=0.0000 | KL=0.0008 | Con=7.8413 | Total=0.0009 | ValF1@0.5=0.9915
Ep 110 | Focal=0.0000 | KL=0.0008 | Con=7.8431 | Total=0.0008 | ValF1@0.5=0.9915
Ep 120 | Focal=0.0000 | KL=0.0007 | Con=7.8262 | Total=0.0008 | ValF1@0.5=0.9915
Ep 130 | Focal=0.0000 | KL=0.0007 | Con=7.7839 | Total=0.0007 | ValF1@0.5=0.9915
Ep 140 | Focal=0.0001 | KL=0.0006 | Con=7.8369 | Total=0.0007 | ValF1@0.5=0.9915
Ep 150 | Focal=0.0000 | KL=0.0007 | Con=7.8323 | Total=0.0007 | ValF1@0.5=0.9915
Ep 160 | Focal=0.0000 | KL=0.0006 | Con=7.7984 | Total=0.0006 | ValF1@0.5=0.9915
Ep 170 | Focal=0.0000 | KL=0.0006 | Con=7.8097 | Total=0.0006 | ValF1@0.5=0.9915
Ep 180 | Focal=0.0000 | KL=0.0006 | Con=7.7866 | Total=0.0006 | ValF1@0.5=0.9915
Ep 190 | Focal=0.0000 | KL=0.0004 | Con=7.8085 | Total=0.0005 | ValF1@0.5=0.9915
Ep 200 | Focal=0.0000 | KL=0.0005 | Con=7.7991 | Total=0.0005 | ValF1@0.5=0.9915
Ep 210 | Focal=0.0000 | KL=0.0005 | Con=7.8211 | Total=0.0005 | ValF1@0.5=0.9915
Ep 220 | Focal=0.0000 | KL=0.0004 | Con=7.7954 | Total=0.0005 | ValF1@0.5=0.9915
Ep 230 | Focal=0.0000 | KL=0.0005 | Con=7.7996 | Total=0.0005 | ValF1@0.5=0.9915
Ep 240 | Focal=0.0000 | KL=0.0004 | Con=7.8246 | Total=0.0004 | ValF1@0.5=0.9915
Ep 250 | Focal=0.0000 | KL=0.0004 | Con=7.8056 | Total=0.0004 | ValF1@0.5=0.9915
Ep 260 | Focal=0.0000 | KL=0.0004 | Con=7.8061 | Total=0.0004 | ValF1@0.5=0.9915
Ep 270 | Focal=0.0000 | KL=0.0004 | Con=7.8050 | Total=0.0004 | ValF1@0.5=0.9915
Ep 280 | Focal=0.0000 | KL=0.0004 | Con=7.8092 | Total=0.0004 | ValF1@0.5=0.9915
Ep 290 | Focal=0.0000 | KL=0.0005 | Con=7.8207 | Total=0.0005 | ValF1@0.5=0.9915
Ep 300 | Focal=0.0000 | KL=0.0004 | Con=7.8146 | Total=0.0005 | ValF1@0.5=0.9915
Ep 310 | Focal=0.0000 | KL=0.0003 | Con=7.7802 | Total=0.0003 | ValF1@0.5=0.9915
Ep 320 | Focal=0.0000 | KL=0.0003 | Con=7.8216 | Total=0.0003 | ValF1@0.5=0.9915
Ep 330 | Focal=0.0000 | KL=0.0003 | Con=7.8167 | Total=0.0003 | ValF1@0.5=0.9915
Ep 340 | Focal=0.0000 | KL=0.0003 | Con=7.7971 | Total=0.0003 | ValF1@0.5=0.9915
Ep 350 | Focal=0.0000 | KL=0.0003 | Con=7.8128 | Total=0.0003 | ValF1@0.5=0.9915
Ep 360 | Focal=0.0000 | KL=0.0003 | Con=7.8147 | Total=0.0003 | ValF1@0.5=0.9915
Ep 370 | Focal=0.0000 | KL=0.0004 | Con=7.8015 | Total=0.0004 | ValF1@0.5=0.9915
Ep 380 | Focal=0.0000 | KL=0.0003 | Con=7.8071 | Total=0.0003 | ValF1@0.5=0.9915
Ep 390 | Focal=0.0000 | KL=0.0003 | Con=7.7992 | Total=0.0003 | ValF1@0.5=0.9915
Ep 400 | Focal=0.0000 | KL=0.0003 | Con=7.7995 | Total=0.0003 | ValF1@0.5=0.9915

[OK] Load best model by ValF1@0.5=0.9915

[VAL] best threshold=0.720, best macroF1=1.0000

================ TRAIN ================
Threshold: 0.720
Accuracy : 0.9911
Macro-F1 : 0.9801 (Class0: 0.9949, Class1: 0.9652)
AUC      : 0.9983
MCC      : 0.9604
G-Mean   : 0.9714
Sensitivity: 0.9455
Specificity: 0.9980
Classification report:
              precision    recall  f1-score   support

           0     0.9919    0.9980    0.9949      1468
           1     0.9858    0.9455    0.9652       220

    accuracy                         0.9911      1688
   macro avg     0.9888    0.9717    0.9801      1688
weighted avg     0.9911    0.9911    0.9910      1688


================ VAL ================
Threshold: 0.720
Accuracy : 1.0000
Macro-F1 : 1.0000 (Class0: 1.0000, Class1: 1.0000)
AUC      : 1.0000
MCC      : 1.0000
G-Mean   : 1.0000
Sensitivity: 1.0000
Specificity: 1.0000
Classification report:
              precision    recall  f1-score   support

           0     1.0000    1.0000    1.0000       177
           1     1.0000    1.0000    1.0000        35

    accuracy                         1.0000       212
   macro avg     1.0000    1.0000    1.0000       212
weighted avg     1.0000    1.0000    1.0000       212


================ TEST ================
Threshold: 0.720
Accuracy : 0.9668
Macro-F1 : 0.9290 (Class0: 0.9808, Class1: 0.8772)
AUC      : 0.9949
MCC      : 0.8671
G-Mean   : 0.8839
Sensitivity: 0.7812
Specificity: 1.0000
Classification report:
              precision    recall  f1-score   support

           0     0.9624    1.0000    0.9808       179
           1     1.0000    0.7812    0.8772        32

    accuracy                         0.9668       211
   macro avg     0.9812    0.8906    0.9290       211
weighted avg     0.9681    0.9668    0.9651       211


================================================================================
 RUN 10/30 (Seed=9)
================================================================================
================================================================================
 Pipeline: LP soft labels + MLP prob + 1.0 * KL + Focal + 0.0 * SupCon
================================================================================
_propagate 的参数值:
  alpha_pos = 0.8
  alpha_neg = 0.85
  forbid_flip = True
  flip_margin = 0.1

[LP] soft label stats (train only):
  pos mean: 0.9674
  neg mean: 0.0015
  seeds ratio: 0.968
训练函数参数值:
  lr = 0.001
  weight_decay = 1e-05
  epochs = 400
  focal_gamma = 2.0
  focal_alpha = 0.25
  use_contrastive = True
  contrastive_weight = 0.0
  contrastive_temp = 0.07
  minority_weight = 2.0
  use_kl = True
  kl_weight = 1.0
  device = cuda
Ep 010 | Focal=0.0020 | KL=0.0544 | Con=8.2215 | Total=0.0564 | ValF1@0.5=1.0000
Ep 020 | Focal=0.0032 | KL=0.0070 | Con=8.2014 | Total=0.0102 | ValF1@0.5=0.9915
Ep 030 | Focal=0.0006 | KL=0.0036 | Con=7.8955 | Total=0.0042 | ValF1@0.5=0.9915
Ep 040 | Focal=0.0002 | KL=0.0029 | Con=7.8414 | Total=0.0031 | ValF1@0.5=0.9913
Ep 050 | Focal=0.0004 | KL=0.0019 | Con=7.8926 | Total=0.0022 | ValF1@0.5=1.0000
Ep 060 | Focal=0.0001 | KL=0.0012 | Con=7.8415 | Total=0.0013 | ValF1@0.5=0.9915
Ep 070 | Focal=0.0001 | KL=0.0011 | Con=7.8252 | Total=0.0012 | ValF1@0.5=0.9915
Ep 080 | Focal=0.0000 | KL=0.0008 | Con=7.8056 | Total=0.0009 | ValF1@0.5=0.9915
Ep 090 | Focal=0.0001 | KL=0.0010 | Con=7.8386 | Total=0.0010 | ValF1@0.5=0.9915
Ep 100 | Focal=0.0001 | KL=0.0008 | Con=7.8531 | Total=0.0008 | ValF1@0.5=1.0000
Ep 110 | Focal=0.0000 | KL=0.0007 | Con=7.8079 | Total=0.0007 | ValF1@0.5=0.9913
Ep 120 | Focal=0.0000 | KL=0.0008 | Con=7.8228 | Total=0.0008 | ValF1@0.5=0.9915
Ep 130 | Focal=0.0000 | KL=0.0005 | Con=7.8107 | Total=0.0006 | ValF1@0.5=0.9915
Ep 140 | Focal=0.0000 | KL=0.0006 | Con=7.8150 | Total=0.0006 | ValF1@0.5=0.9915
Ep 150 | Focal=0.0000 | KL=0.0007 | Con=7.8018 | Total=0.0007 | ValF1@0.5=0.9913
Ep 160 | Focal=0.0000 | KL=0.0005 | Con=7.7747 | Total=0.0005 | ValF1@0.5=0.9915
Ep 170 | Focal=0.0000 | KL=0.0006 | Con=7.8253 | Total=0.0006 | ValF1@0.5=0.9915
Ep 180 | Focal=0.0000 | KL=0.0005 | Con=7.8008 | Total=0.0005 | ValF1@0.5=0.9915
Ep 190 | Focal=0.0000 | KL=0.0006 | Con=7.7740 | Total=0.0006 | ValF1@0.5=1.0000
Ep 200 | Focal=0.0000 | KL=0.0005 | Con=7.7794 | Total=0.0005 | ValF1@0.5=0.9915
Ep 210 | Focal=0.0000 | KL=0.0004 | Con=7.7813 | Total=0.0004 | ValF1@0.5=0.9915
Ep 220 | Focal=0.0000 | KL=0.0004 | Con=7.8047 | Total=0.0005 | ValF1@0.5=0.9915
Ep 230 | Focal=0.0000 | KL=0.0004 | Con=7.8005 | Total=0.0004 | ValF1@0.5=0.9915
Ep 240 | Focal=0.0000 | KL=0.0004 | Con=7.8020 | Total=0.0004 | ValF1@0.5=0.9915
Ep 250 | Focal=0.0000 | KL=0.0005 | Con=7.7908 | Total=0.0005 | ValF1@0.5=0.9915
Ep 260 | Focal=0.0000 | KL=0.0004 | Con=7.7860 | Total=0.0004 | ValF1@0.5=0.9915
Ep 270 | Focal=0.0000 | KL=0.0004 | Con=7.7991 | Total=0.0004 | ValF1@0.5=0.9915
Ep 280 | Focal=0.0000 | KL=0.0004 | Con=7.7857 | Total=0.0004 | ValF1@0.5=0.9915
Ep 290 | Focal=0.0000 | KL=0.0003 | Con=7.7843 | Total=0.0004 | ValF1@0.5=0.9915
Ep 300 | Focal=0.0000 | KL=0.0003 | Con=7.7891 | Total=0.0004 | ValF1@0.5=0.9915
Ep 310 | Focal=0.0000 | KL=0.0003 | Con=7.7791 | Total=0.0003 | ValF1@0.5=0.9915
Ep 320 | Focal=0.0000 | KL=0.0003 | Con=7.7779 | Total=0.0003 | ValF1@0.5=0.9915
Ep 330 | Focal=0.0000 | KL=0.0002 | Con=7.7931 | Total=0.0003 | ValF1@0.5=0.9915
Ep 340 | Focal=0.0000 | KL=0.0003 | Con=7.7801 | Total=0.0003 | ValF1@0.5=0.9915
Ep 350 | Focal=0.0000 | KL=0.0003 | Con=7.7955 | Total=0.0003 | ValF1@0.5=0.9915
Ep 360 | Focal=0.0000 | KL=0.0002 | Con=7.7922 | Total=0.0002 | ValF1@0.5=0.9915
Ep 370 | Focal=0.0000 | KL=0.0003 | Con=7.7927 | Total=0.0003 | ValF1@0.5=0.9915
Ep 380 | Focal=0.0000 | KL=0.0003 | Con=7.7895 | Total=0.0003 | ValF1@0.5=0.9915
Ep 390 | Focal=0.0000 | KL=0.0002 | Con=7.7973 | Total=0.0002 | ValF1@0.5=0.9915
Ep 400 | Focal=0.0000 | KL=0.0003 | Con=7.7840 | Total=0.0003 | ValF1@0.5=0.9915

[OK] Load best model by ValF1@0.5=1.0000

[VAL] best threshold=0.300, best macroF1=1.0000

================ TRAIN ================
Threshold: 0.300
Accuracy : 0.9917
Macro-F1 : 0.9815 (Class0: 0.9952, Class1: 0.9677)
AUC      : 0.9991
MCC      : 0.9631
G-Mean   : 0.9757
Sensitivity: 0.9545
Specificity: 0.9973
Classification report:
              precision    recall  f1-score   support

           0     0.9932    0.9973    0.9952      1468
           1     0.9813    0.9545    0.9677       220

    accuracy                         0.9917      1688
   macro avg     0.9873    0.9759    0.9815      1688
weighted avg     0.9917    0.9917    0.9917      1688


================ VAL ================
Threshold: 0.300
Accuracy : 1.0000
Macro-F1 : 1.0000 (Class0: 1.0000, Class1: 1.0000)
AUC      : 1.0000
MCC      : 1.0000
G-Mean   : 1.0000
Sensitivity: 1.0000
Specificity: 1.0000
Classification report:
              precision    recall  f1-score   support

           0     1.0000    1.0000    1.0000       177
           1     1.0000    1.0000    1.0000        35

    accuracy                         1.0000       212
   macro avg     1.0000    1.0000    1.0000       212
weighted avg     1.0000    1.0000    1.0000       212


================ TEST ================
Threshold: 0.300
Accuracy : 0.9763
Macro-F1 : 0.9507 (Class0: 0.9862, Class1: 0.9153)
AUC      : 0.9890
MCC      : 0.9060
G-Mean   : 0.9186
Sensitivity: 0.8438
Specificity: 1.0000
Classification report:
              precision    recall  f1-score   support

           0     0.9728    1.0000    0.9862       179
           1     1.0000    0.8438    0.9153        32

    accuracy                         0.9763       211
   macro avg     0.9864    0.9219    0.9507       211
weighted avg     0.9769    0.9763    0.9755       211


================================================================================
 RUN 11/30 (Seed=10)
================================================================================
================================================================================
 Pipeline: LP soft labels + MLP prob + 1.0 * KL + Focal + 0.0 * SupCon
================================================================================
_propagate 的参数值:
  alpha_pos = 0.8
  alpha_neg = 0.85
  forbid_flip = True
  flip_margin = 0.1

[LP] soft label stats (train only):
  pos mean: 0.9674
  neg mean: 0.0015
  seeds ratio: 0.968
训练函数参数值:
  lr = 0.001
  weight_decay = 1e-05
  epochs = 400
  focal_gamma = 2.0
  focal_alpha = 0.25
  use_contrastive = True
  contrastive_weight = 0.0
  contrastive_temp = 0.07
  minority_weight = 2.0
  use_kl = True
  kl_weight = 1.0
  device = cuda
Ep 010 | Focal=0.0021 | KL=0.0466 | Con=8.2390 | Total=0.0487 | ValF1@0.5=0.9915
Ep 020 | Focal=0.0031 | KL=0.0067 | Con=8.2166 | Total=0.0098 | ValF1@0.5=0.9915
Ep 030 | Focal=0.0005 | KL=0.0030 | Con=7.9454 | Total=0.0035 | ValF1@0.5=0.9915
Ep 040 | Focal=0.0002 | KL=0.0018 | Con=7.9169 | Total=0.0020 | ValF1@0.5=0.9913
Ep 050 | Focal=0.0001 | KL=0.0017 | Con=7.8403 | Total=0.0018 | ValF1@0.5=0.9915
Ep 060 | Focal=0.0000 | KL=0.0010 | Con=7.8369 | Total=0.0011 | ValF1@0.5=0.9915
Ep 070 | Focal=0.0001 | KL=0.0010 | Con=7.8484 | Total=0.0011 | ValF1@0.5=0.9915
Ep 080 | Focal=0.0001 | KL=0.0009 | Con=7.8680 | Total=0.0010 | ValF1@0.5=0.9915
Ep 090 | Focal=0.0000 | KL=0.0008 | Con=7.8070 | Total=0.0009 | ValF1@0.5=0.9915
Ep 100 | Focal=0.0000 | KL=0.0008 | Con=7.8011 | Total=0.0008 | ValF1@0.5=0.9915
Ep 110 | Focal=0.0001 | KL=0.0009 | Con=7.8209 | Total=0.0010 | ValF1@0.5=0.9915
Ep 120 | Focal=0.0000 | KL=0.0007 | Con=7.8403 | Total=0.0008 | ValF1@0.5=0.9915
Ep 130 | Focal=0.0001 | KL=0.0008 | Con=7.8803 | Total=0.0010 | ValF1@0.5=0.9915
Ep 140 | Focal=0.0000 | KL=0.0007 | Con=7.8176 | Total=0.0007 | ValF1@0.5=0.9915
Ep 150 | Focal=0.0000 | KL=0.0004 | Con=7.7979 | Total=0.0005 | ValF1@0.5=0.9915
Ep 160 | Focal=0.0000 | KL=0.0007 | Con=7.8240 | Total=0.0008 | ValF1@0.5=0.9915
Ep 170 | Focal=0.0000 | KL=0.0006 | Con=7.7948 | Total=0.0006 | ValF1@0.5=0.9915
Ep 180 | Focal=0.0000 | KL=0.0005 | Con=7.8487 | Total=0.0006 | ValF1@0.5=0.9915
Ep 190 | Focal=0.0001 | KL=0.0006 | Con=7.8473 | Total=0.0007 | ValF1@0.5=0.9915
Ep 200 | Focal=0.0000 | KL=0.0005 | Con=7.7838 | Total=0.0005 | ValF1@0.5=0.9915
Ep 210 | Focal=0.0000 | KL=0.0005 | Con=7.8124 | Total=0.0005 | ValF1@0.5=0.9915
Ep 220 | Focal=0.0000 | KL=0.0005 | Con=7.7970 | Total=0.0005 | ValF1@0.5=0.9915
Ep 230 | Focal=0.0000 | KL=0.0004 | Con=7.8221 | Total=0.0004 | ValF1@0.5=0.9915
Ep 240 | Focal=0.0000 | KL=0.0004 | Con=7.8026 | Total=0.0004 | ValF1@0.5=0.9915
Ep 250 | Focal=0.0000 | KL=0.0003 | Con=7.8161 | Total=0.0003 | ValF1@0.5=0.9915
Ep 260 | Focal=0.0000 | KL=0.0004 | Con=7.7928 | Total=0.0004 | ValF1@0.5=0.9915
Ep 270 | Focal=0.0000 | KL=0.0003 | Con=7.8003 | Total=0.0003 | ValF1@0.5=0.9915
Ep 280 | Focal=0.0000 | KL=0.0003 | Con=7.7935 | Total=0.0003 | ValF1@0.5=0.9915
Ep 290 | Focal=0.0000 | KL=0.0003 | Con=7.7989 | Total=0.0003 | ValF1@0.5=0.9915
Ep 300 | Focal=0.0000 | KL=0.0003 | Con=7.7977 | Total=0.0003 | ValF1@0.5=0.9915
Ep 310 | Focal=0.0000 | KL=0.0003 | Con=7.7888 | Total=0.0003 | ValF1@0.5=0.9915
Ep 320 | Focal=0.0000 | KL=0.0002 | Con=7.7957 | Total=0.0003 | ValF1@0.5=0.9915
Ep 330 | Focal=0.0000 | KL=0.0003 | Con=7.8211 | Total=0.0004 | ValF1@0.5=0.9915
Ep 340 | Focal=0.0000 | KL=0.0003 | Con=7.7862 | Total=0.0003 | ValF1@0.5=0.9915
Ep 350 | Focal=0.0000 | KL=0.0003 | Con=7.8174 | Total=0.0003 | ValF1@0.5=0.9915
Ep 360 | Focal=0.0000 | KL=0.0003 | Con=7.8074 | Total=0.0003 | ValF1@0.5=0.9915
Ep 370 | Focal=0.0000 | KL=0.0003 | Con=7.7960 | Total=0.0003 | ValF1@0.5=0.9915
Ep 380 | Focal=0.0000 | KL=0.0003 | Con=7.8031 | Total=0.0003 | ValF1@0.5=0.9915
Ep 390 | Focal=0.0000 | KL=0.0002 | Con=7.8023 | Total=0.0002 | ValF1@0.5=0.9915
Ep 400 | Focal=0.0000 | KL=0.0003 | Con=7.8086 | Total=0.0003 | ValF1@0.5=0.9915

[OK] Load best model by ValF1@0.5=0.9915

[VAL] best threshold=0.530, best macroF1=1.0000

================ TRAIN ================
Threshold: 0.530
Accuracy : 0.9917
Macro-F1 : 0.9814 (Class0: 0.9952, Class1: 0.9676)
AUC      : 0.9997
MCC      : 0.9631
G-Mean   : 0.9737
Sensitivity: 0.9500
Specificity: 0.9980
Classification report:
              precision    recall  f1-score   support

           0     0.9925    0.9980    0.9952      1468
           1     0.9858    0.9500    0.9676       220

    accuracy                         0.9917      1688
   macro avg     0.9892    0.9740    0.9814      1688
weighted avg     0.9917    0.9917    0.9916      1688


================ VAL ================
Threshold: 0.530
Accuracy : 1.0000
Macro-F1 : 1.0000 (Class0: 1.0000, Class1: 1.0000)
AUC      : 1.0000
MCC      : 1.0000
G-Mean   : 1.0000
Sensitivity: 1.0000
Specificity: 1.0000
Classification report:
              precision    recall  f1-score   support

           0     1.0000    1.0000    1.0000       177
           1     1.0000    1.0000    1.0000        35

    accuracy                         1.0000       212
   macro avg     1.0000    1.0000    1.0000       212
weighted avg     1.0000    1.0000    1.0000       212


================ TEST ================
Threshold: 0.530
Accuracy : 0.9716
Macro-F1 : 0.9400 (Class0: 0.9835, Class1: 0.8966)
AUC      : 0.9991
MCC      : 0.8867
G-Mean   : 0.9014
Sensitivity: 0.8125
Specificity: 1.0000
Classification report:
              precision    recall  f1-score   support

           0     0.9676    1.0000    0.9835       179
           1     1.0000    0.8125    0.8966        32

    accuracy                         0.9716       211
   macro avg     0.9838    0.9062    0.9400       211
weighted avg     0.9725    0.9716    0.9703       211


================================================================================
 RUN 12/30 (Seed=11)
================================================================================
================================================================================
 Pipeline: LP soft labels + MLP prob + 1.0 * KL + Focal + 0.0 * SupCon
================================================================================
_propagate 的参数值:
  alpha_pos = 0.8
  alpha_neg = 0.85
  forbid_flip = True
  flip_margin = 0.1

[LP] soft label stats (train only):
  pos mean: 0.9674
  neg mean: 0.0015
  seeds ratio: 0.968
训练函数参数值:
  lr = 0.001
  weight_decay = 1e-05
  epochs = 400
  focal_gamma = 2.0
  focal_alpha = 0.25
  use_contrastive = True
  contrastive_weight = 0.0
  contrastive_temp = 0.07
  minority_weight = 2.0
  use_kl = True
  kl_weight = 1.0
  device = cuda
Ep 010 | Focal=0.0019 | KL=0.0905 | Con=8.2795 | Total=0.0924 | ValF1@0.5=0.9915
Ep 020 | Focal=0.0031 | KL=0.0069 | Con=8.2359 | Total=0.0100 | ValF1@0.5=0.9915
Ep 030 | Focal=0.0006 | KL=0.0035 | Con=7.9379 | Total=0.0041 | ValF1@0.5=0.9915
Ep 040 | Focal=0.0002 | KL=0.0025 | Con=7.8870 | Total=0.0027 | ValF1@0.5=0.9915
Ep 050 | Focal=0.0002 | KL=0.0018 | Con=7.8981 | Total=0.0020 | ValF1@0.5=0.9915
Ep 060 | Focal=0.0001 | KL=0.0014 | Con=7.8602 | Total=0.0015 | ValF1@0.5=0.9915
Ep 070 | Focal=0.0001 | KL=0.0012 | Con=7.8128 | Total=0.0012 | ValF1@0.5=0.9915
Ep 080 | Focal=0.0001 | KL=0.0009 | Con=7.8270 | Total=0.0009 | ValF1@0.5=0.9915
Ep 090 | Focal=0.0001 | KL=0.0009 | Con=7.8292 | Total=0.0010 | ValF1@0.5=1.0000
Ep 100 | Focal=0.0000 | KL=0.0008 | Con=7.8137 | Total=0.0008 | ValF1@0.5=0.9915
Ep 110 | Focal=0.0001 | KL=0.0009 | Con=7.8428 | Total=0.0010 | ValF1@0.5=0.9915
Ep 120 | Focal=0.0000 | KL=0.0006 | Con=7.7925 | Total=0.0006 | ValF1@0.5=1.0000
Ep 130 | Focal=0.0001 | KL=0.0008 | Con=7.8533 | Total=0.0009 | ValF1@0.5=1.0000
Ep 140 | Focal=0.0000 | KL=0.0006 | Con=7.8159 | Total=0.0006 | ValF1@0.5=0.9915
Ep 150 | Focal=0.0000 | KL=0.0006 | Con=7.8121 | Total=0.0006 | ValF1@0.5=0.9915
Ep 160 | Focal=0.0000 | KL=0.0005 | Con=7.7876 | Total=0.0005 | ValF1@0.5=0.9915
Ep 170 | Focal=0.0000 | KL=0.0005 | Con=7.7896 | Total=0.0005 | ValF1@0.5=1.0000
Ep 180 | Focal=0.0000 | KL=0.0004 | Con=7.7882 | Total=0.0004 | ValF1@0.5=1.0000
Ep 190 | Focal=0.0000 | KL=0.0005 | Con=7.8092 | Total=0.0005 | ValF1@0.5=0.9915
Ep 200 | Focal=0.0000 | KL=0.0005 | Con=7.8098 | Total=0.0005 | ValF1@0.5=0.9915
Ep 210 | Focal=0.0001 | KL=0.0005 | Con=7.8587 | Total=0.0005 | ValF1@0.5=1.0000
Ep 220 | Focal=0.0000 | KL=0.0005 | Con=7.8137 | Total=0.0005 | ValF1@0.5=1.0000
Ep 230 | Focal=0.0000 | KL=0.0005 | Con=7.8061 | Total=0.0005 | ValF1@0.5=0.9915
Ep 240 | Focal=0.0000 | KL=0.0005 | Con=7.8237 | Total=0.0005 | ValF1@0.5=0.9915
Ep 250 | Focal=0.0000 | KL=0.0003 | Con=7.8001 | Total=0.0003 | ValF1@0.5=0.9915
Ep 260 | Focal=0.0000 | KL=0.0003 | Con=7.7980 | Total=0.0003 | ValF1@0.5=0.9915
Ep 270 | Focal=0.0000 | KL=0.0003 | Con=7.8019 | Total=0.0003 | ValF1@0.5=1.0000
Ep 280 | Focal=0.0000 | KL=0.0003 | Con=7.7955 | Total=0.0003 | ValF1@0.5=0.9915
Ep 290 | Focal=0.0000 | KL=0.0004 | Con=7.8043 | Total=0.0004 | ValF1@0.5=0.9915
Ep 300 | Focal=0.0000 | KL=0.0003 | Con=7.7975 | Total=0.0003 | ValF1@0.5=0.9915
Ep 310 | Focal=0.0000 | KL=0.0003 | Con=7.8256 | Total=0.0003 | ValF1@0.5=0.9915
Ep 320 | Focal=0.0000 | KL=0.0003 | Con=7.8059 | Total=0.0003 | ValF1@0.5=0.9915
Ep 330 | Focal=0.0000 | KL=0.0003 | Con=7.8163 | Total=0.0003 | ValF1@0.5=0.9915
Ep 340 | Focal=0.0000 | KL=0.0002 | Con=7.8079 | Total=0.0002 | ValF1@0.5=0.9915
Ep 350 | Focal=0.0000 | KL=0.0002 | Con=7.8146 | Total=0.0002 | ValF1@0.5=0.9915
Ep 360 | Focal=0.0000 | KL=0.0003 | Con=7.7997 | Total=0.0003 | ValF1@0.5=0.9915
Ep 370 | Focal=0.0000 | KL=0.0003 | Con=7.8142 | Total=0.0003 | ValF1@0.5=0.9915
Ep 380 | Focal=0.0000 | KL=0.0003 | Con=7.8165 | Total=0.0003 | ValF1@0.5=0.9915
Ep 390 | Focal=0.0000 | KL=0.0003 | Con=7.8313 | Total=0.0004 | ValF1@0.5=0.9915
Ep 400 | Focal=0.0000 | KL=0.0002 | Con=7.8054 | Total=0.0002 | ValF1@0.5=1.0000

[OK] Load best model by ValF1@0.5=1.0000

[VAL] best threshold=0.490, best macroF1=1.0000

================ TRAIN ================
Threshold: 0.490
Accuracy : 0.9994
Macro-F1 : 0.9987 (Class0: 0.9997, Class1: 0.9977)
AUC      : 1.0000
MCC      : 0.9974
G-Mean   : 0.9977
Sensitivity: 0.9955
Specificity: 1.0000
Classification report:
              precision    recall  f1-score   support

           0     0.9993    1.0000    0.9997      1468
           1     1.0000    0.9955    0.9977       220

    accuracy                         0.9994      1688
   macro avg     0.9997    0.9977    0.9987      1688
weighted avg     0.9994    0.9994    0.9994      1688


================ VAL ================
Threshold: 0.490
Accuracy : 1.0000
Macro-F1 : 1.0000 (Class0: 1.0000, Class1: 1.0000)
AUC      : 1.0000
MCC      : 1.0000
G-Mean   : 1.0000
Sensitivity: 1.0000
Specificity: 1.0000
Classification report:
              precision    recall  f1-score   support

           0     1.0000    1.0000    1.0000       177
           1     1.0000    1.0000    1.0000        35

    accuracy                         1.0000       212
   macro avg     1.0000    1.0000    1.0000       212
weighted avg     1.0000    1.0000    1.0000       212


================ TEST ================
Threshold: 0.490
Accuracy : 0.9763
Macro-F1 : 0.9507 (Class0: 0.9862, Class1: 0.9153)
AUC      : 0.9983
MCC      : 0.9060
G-Mean   : 0.9186
Sensitivity: 0.8438
Specificity: 1.0000
Classification report:
              precision    recall  f1-score   support

           0     0.9728    1.0000    0.9862       179
           1     1.0000    0.8438    0.9153        32

    accuracy                         0.9763       211
   macro avg     0.9864    0.9219    0.9507       211
weighted avg     0.9769    0.9763    0.9755       211


================================================================================
 RUN 13/30 (Seed=12)
================================================================================
================================================================================
 Pipeline: LP soft labels + MLP prob + 1.0 * KL + Focal + 0.0 * SupCon
================================================================================
_propagate 的参数值:
  alpha_pos = 0.8
  alpha_neg = 0.85
  forbid_flip = True
  flip_margin = 0.1

[LP] soft label stats (train only):
  pos mean: 0.9674
  neg mean: 0.0015
  seeds ratio: 0.968
训练函数参数值:
  lr = 0.001
  weight_decay = 1e-05
  epochs = 400
  focal_gamma = 2.0
  focal_alpha = 0.25
  use_contrastive = True
  contrastive_weight = 0.0
  contrastive_temp = 0.07
  minority_weight = 2.0
  use_kl = True
  kl_weight = 1.0
  device = cuda
Ep 010 | Focal=0.0019 | KL=0.0669 | Con=8.2679 | Total=0.0688 | ValF1@0.5=1.0000
Ep 020 | Focal=0.0035 | KL=0.0074 | Con=8.3103 | Total=0.0109 | ValF1@0.5=0.9915
Ep 030 | Focal=0.0010 | KL=0.0040 | Con=7.9705 | Total=0.0049 | ValF1@0.5=0.9833
Ep 040 | Focal=0.0004 | KL=0.0021 | Con=7.9216 | Total=0.0024 | ValF1@0.5=0.9829
Ep 050 | Focal=0.0001 | KL=0.0018 | Con=7.9338 | Total=0.0019 | ValF1@0.5=0.9915
Ep 060 | Focal=0.0001 | KL=0.0014 | Con=7.8830 | Total=0.0016 | ValF1@0.5=0.9915
Ep 070 | Focal=0.0000 | KL=0.0012 | Con=7.8364 | Total=0.0012 | ValF1@0.5=0.9915
Ep 080 | Focal=0.0001 | KL=0.0010 | Con=7.7913 | Total=0.0010 | ValF1@0.5=0.9915
Ep 090 | Focal=0.0000 | KL=0.0008 | Con=7.8116 | Total=0.0009 | ValF1@0.5=0.9915
Ep 100 | Focal=0.0000 | KL=0.0007 | Con=7.8277 | Total=0.0008 | ValF1@0.5=0.9829
Ep 110 | Focal=0.0000 | KL=0.0007 | Con=7.8417 | Total=0.0007 | ValF1@0.5=0.9915
Ep 120 | Focal=0.0000 | KL=0.0007 | Con=7.8268 | Total=0.0008 | ValF1@0.5=0.9915
Ep 130 | Focal=0.0001 | KL=0.0008 | Con=7.9099 | Total=0.0009 | ValF1@0.5=0.9915
Ep 140 | Focal=0.0000 | KL=0.0005 | Con=7.7932 | Total=0.0005 | ValF1@0.5=0.9915
Ep 150 | Focal=0.0000 | KL=0.0006 | Con=7.8098 | Total=0.0006 | ValF1@0.5=0.9915
Ep 160 | Focal=0.0000 | KL=0.0006 | Con=7.8193 | Total=0.0006 | ValF1@0.5=0.9829
Ep 170 | Focal=0.0000 | KL=0.0007 | Con=7.8458 | Total=0.0007 | ValF1@0.5=0.9915
Ep 180 | Focal=0.0000 | KL=0.0004 | Con=7.8007 | Total=0.0004 | ValF1@0.5=0.9915
Ep 190 | Focal=0.0000 | KL=0.0005 | Con=7.7966 | Total=0.0005 | ValF1@0.5=0.9915
Ep 200 | Focal=0.0000 | KL=0.0005 | Con=7.8099 | Total=0.0006 | ValF1@0.5=0.9915
Ep 210 | Focal=0.0000 | KL=0.0006 | Con=7.8031 | Total=0.0006 | ValF1@0.5=0.9829
Ep 220 | Focal=0.0000 | KL=0.0004 | Con=7.8050 | Total=0.0005 | ValF1@0.5=0.9829
Ep 230 | Focal=0.0000 | KL=0.0004 | Con=7.8002 | Total=0.0004 | ValF1@0.5=0.9915
Ep 240 | Focal=0.0000 | KL=0.0005 | Con=7.8062 | Total=0.0005 | ValF1@0.5=0.9915
Ep 250 | Focal=0.0000 | KL=0.0004 | Con=7.8207 | Total=0.0004 | ValF1@0.5=0.9829
Ep 260 | Focal=0.0000 | KL=0.0004 | Con=7.8222 | Total=0.0004 | ValF1@0.5=0.9829
Ep 270 | Focal=0.0000 | KL=0.0005 | Con=7.8335 | Total=0.0005 | ValF1@0.5=0.9829
Ep 280 | Focal=0.0000 | KL=0.0003 | Con=7.8074 | Total=0.0003 | ValF1@0.5=0.9829
Ep 290 | Focal=0.0000 | KL=0.0003 | Con=7.8198 | Total=0.0003 | ValF1@0.5=0.9915
Ep 300 | Focal=0.0000 | KL=0.0003 | Con=7.7904 | Total=0.0003 | ValF1@0.5=0.9915
Ep 310 | Focal=0.0000 | KL=0.0003 | Con=7.8244 | Total=0.0004 | ValF1@0.5=0.9915
Ep 320 | Focal=0.0000 | KL=0.0003 | Con=7.7920 | Total=0.0003 | ValF1@0.5=0.9829
Ep 330 | Focal=0.0000 | KL=0.0002 | Con=7.8180 | Total=0.0002 | ValF1@0.5=0.9829
Ep 340 | Focal=0.0000 | KL=0.0003 | Con=7.8094 | Total=0.0003 | ValF1@0.5=0.9829
Ep 350 | Focal=0.0000 | KL=0.0003 | Con=7.8105 | Total=0.0003 | ValF1@0.5=0.9915
Ep 360 | Focal=0.0000 | KL=0.0002 | Con=7.8210 | Total=0.0003 | ValF1@0.5=0.9829
Ep 370 | Focal=0.0000 | KL=0.0003 | Con=7.8213 | Total=0.0003 | ValF1@0.5=0.9829
Ep 380 | Focal=0.0000 | KL=0.0003 | Con=7.8228 | Total=0.0003 | ValF1@0.5=0.9829
Ep 390 | Focal=0.0000 | KL=0.0002 | Con=7.8122 | Total=0.0002 | ValF1@0.5=0.9915
Ep 400 | Focal=0.0000 | KL=0.0004 | Con=7.8260 | Total=0.0004 | ValF1@0.5=0.9829

[OK] Load best model by ValF1@0.5=1.0000

[VAL] best threshold=0.410, best macroF1=1.0000

================ TRAIN ================
Threshold: 0.410
Accuracy : 0.9911
Macro-F1 : 0.9801 (Class0: 0.9949, Class1: 0.9652)
AUC      : 0.9975
MCC      : 0.9604
G-Mean   : 0.9714
Sensitivity: 0.9455
Specificity: 0.9980
Classification report:
              precision    recall  f1-score   support

           0     0.9919    0.9980    0.9949      1468
           1     0.9858    0.9455    0.9652       220

    accuracy                         0.9911      1688
   macro avg     0.9888    0.9717    0.9801      1688
weighted avg     0.9911    0.9911    0.9910      1688


================ VAL ================
Threshold: 0.410
Accuracy : 1.0000
Macro-F1 : 1.0000 (Class0: 1.0000, Class1: 1.0000)
AUC      : 1.0000
MCC      : 1.0000
G-Mean   : 1.0000
Sensitivity: 1.0000
Specificity: 1.0000
Classification report:
              precision    recall  f1-score   support

           0     1.0000    1.0000    1.0000       177
           1     1.0000    1.0000    1.0000        35

    accuracy                         1.0000       212
   macro avg     1.0000    1.0000    1.0000       212
weighted avg     1.0000    1.0000    1.0000       212


================ TEST ================
Threshold: 0.410
Accuracy : 0.9668
Macro-F1 : 0.9290 (Class0: 0.9808, Class1: 0.8772)
AUC      : 0.9738
MCC      : 0.8671
G-Mean   : 0.8839
Sensitivity: 0.7812
Specificity: 1.0000
Classification report:
              precision    recall  f1-score   support

           0     0.9624    1.0000    0.9808       179
           1     1.0000    0.7812    0.8772        32

    accuracy                         0.9668       211
   macro avg     0.9812    0.8906    0.9290       211
weighted avg     0.9681    0.9668    0.9651       211


================================================================================
 RUN 14/30 (Seed=13)
================================================================================
================================================================================
 Pipeline: LP soft labels + MLP prob + 1.0 * KL + Focal + 0.0 * SupCon
================================================================================
_propagate 的参数值:
  alpha_pos = 0.8
  alpha_neg = 0.85
  forbid_flip = True
  flip_margin = 0.1

[LP] soft label stats (train only):
  pos mean: 0.9674
  neg mean: 0.0015
  seeds ratio: 0.968
训练函数参数值:
  lr = 0.001
  weight_decay = 1e-05
  epochs = 400
  focal_gamma = 2.0
  focal_alpha = 0.25
  use_contrastive = True
  contrastive_weight = 0.0
  contrastive_temp = 0.07
  minority_weight = 2.0
  use_kl = True
  kl_weight = 1.0
  device = cuda
Ep 010 | Focal=0.0018 | KL=0.0716 | Con=8.1883 | Total=0.0733 | ValF1@0.5=0.9915
Ep 020 | Focal=0.0033 | KL=0.0071 | Con=8.1335 | Total=0.0104 | ValF1@0.5=0.9915
Ep 030 | Focal=0.0021 | KL=0.0050 | Con=7.9688 | Total=0.0071 | ValF1@0.5=0.9915
Ep 040 | Focal=0.0004 | KL=0.0024 | Con=7.8682 | Total=0.0028 | ValF1@0.5=0.9915
Ep 050 | Focal=0.0002 | KL=0.0021 | Con=7.8682 | Total=0.0023 | ValF1@0.5=0.9915
Ep 060 | Focal=0.0000 | KL=0.0012 | Con=7.8090 | Total=0.0013 | ValF1@0.5=0.9915
Ep 070 | Focal=0.0001 | KL=0.0012 | Con=7.8878 | Total=0.0014 | ValF1@0.5=0.9915
Ep 080 | Focal=0.0000 | KL=0.0009 | Con=7.7928 | Total=0.0009 | ValF1@0.5=1.0000
Ep 090 | Focal=0.0000 | KL=0.0007 | Con=7.8184 | Total=0.0008 | ValF1@0.5=1.0000
Ep 100 | Focal=0.0000 | KL=0.0008 | Con=7.8073 | Total=0.0008 | ValF1@0.5=1.0000
Ep 110 | Focal=0.0000 | KL=0.0008 | Con=7.8061 | Total=0.0008 | ValF1@0.5=1.0000
Ep 120 | Focal=0.0000 | KL=0.0007 | Con=7.8123 | Total=0.0008 | ValF1@0.5=0.9915
Ep 130 | Focal=0.0000 | KL=0.0008 | Con=7.7855 | Total=0.0008 | ValF1@0.5=1.0000
Ep 140 | Focal=0.0000 | KL=0.0006 | Con=7.7922 | Total=0.0006 | ValF1@0.5=1.0000
Ep 150 | Focal=0.0000 | KL=0.0005 | Con=7.7646 | Total=0.0005 | ValF1@0.5=1.0000
Ep 160 | Focal=0.0001 | KL=0.0007 | Con=7.8071 | Total=0.0007 | ValF1@0.5=1.0000
Ep 170 | Focal=0.0000 | KL=0.0005 | Con=7.7708 | Total=0.0005 | ValF1@0.5=1.0000
Ep 180 | Focal=0.0000 | KL=0.0005 | Con=7.7862 | Total=0.0005 | ValF1@0.5=1.0000
Ep 190 | Focal=0.0000 | KL=0.0004 | Con=7.7869 | Total=0.0004 | ValF1@0.5=0.9915
Ep 200 | Focal=0.0000 | KL=0.0005 | Con=7.7879 | Total=0.0005 | ValF1@0.5=0.9915
Ep 210 | Focal=0.0000 | KL=0.0005 | Con=7.8327 | Total=0.0005 | ValF1@0.5=1.0000
Ep 220 | Focal=0.0000 | KL=0.0004 | Con=7.7760 | Total=0.0004 | ValF1@0.5=1.0000
Ep 230 | Focal=0.0000 | KL=0.0004 | Con=7.7927 | Total=0.0004 | ValF1@0.5=1.0000
Ep 240 | Focal=0.0000 | KL=0.0004 | Con=7.7630 | Total=0.0004 | ValF1@0.5=0.9915
Ep 250 | Focal=0.0000 | KL=0.0004 | Con=7.8005 | Total=0.0004 | ValF1@0.5=0.9915
Ep 260 | Focal=0.0000 | KL=0.0004 | Con=7.7877 | Total=0.0004 | ValF1@0.5=1.0000
Ep 270 | Focal=0.0000 | KL=0.0003 | Con=7.7689 | Total=0.0003 | ValF1@0.5=1.0000
Ep 280 | Focal=0.0000 | KL=0.0003 | Con=7.7830 | Total=0.0003 | ValF1@0.5=1.0000
Ep 290 | Focal=0.0000 | KL=0.0003 | Con=7.7712 | Total=0.0003 | ValF1@0.5=1.0000
Ep 300 | Focal=0.0000 | KL=0.0003 | Con=7.7825 | Total=0.0004 | ValF1@0.5=1.0000
Ep 310 | Focal=0.0000 | KL=0.0003 | Con=7.7745 | Total=0.0003 | ValF1@0.5=1.0000
Ep 320 | Focal=0.0000 | KL=0.0003 | Con=7.7786 | Total=0.0003 | ValF1@0.5=0.9915
Ep 330 | Focal=0.0000 | KL=0.0004 | Con=7.7941 | Total=0.0004 | ValF1@0.5=0.9915
Ep 340 | Focal=0.0000 | KL=0.0003 | Con=7.7755 | Total=0.0003 | ValF1@0.5=1.0000
Ep 350 | Focal=0.0000 | KL=0.0003 | Con=7.7840 | Total=0.0003 | ValF1@0.5=1.0000
Ep 360 | Focal=0.0000 | KL=0.0003 | Con=7.7623 | Total=0.0003 | ValF1@0.5=0.9915
Ep 370 | Focal=0.0000 | KL=0.0003 | Con=7.7675 | Total=0.0003 | ValF1@0.5=0.9915
Ep 380 | Focal=0.0000 | KL=0.0003 | Con=7.7869 | Total=0.0003 | ValF1@0.5=1.0000
Ep 390 | Focal=0.0000 | KL=0.0002 | Con=7.7702 | Total=0.0002 | ValF1@0.5=1.0000
Ep 400 | Focal=0.0000 | KL=0.0002 | Con=7.7689 | Total=0.0002 | ValF1@0.5=0.9915

[OK] Load best model by ValF1@0.5=1.0000

[VAL] best threshold=0.490, best macroF1=1.0000

================ TRAIN ================
Threshold: 0.490
Accuracy : 0.9994
Macro-F1 : 0.9987 (Class0: 0.9997, Class1: 0.9977)
AUC      : 1.0000
MCC      : 0.9974
G-Mean   : 0.9977
Sensitivity: 0.9955
Specificity: 1.0000
Classification report:
              precision    recall  f1-score   support

           0     0.9993    1.0000    0.9997      1468
           1     1.0000    0.9955    0.9977       220

    accuracy                         0.9994      1688
   macro avg     0.9997    0.9977    0.9987      1688
weighted avg     0.9994    0.9994    0.9994      1688


================ VAL ================
Threshold: 0.490
Accuracy : 1.0000
Macro-F1 : 1.0000 (Class0: 1.0000, Class1: 1.0000)
AUC      : 1.0000
MCC      : 1.0000
G-Mean   : 1.0000
Sensitivity: 1.0000
Specificity: 1.0000
Classification report:
              precision    recall  f1-score   support

           0     1.0000    1.0000    1.0000       177
           1     1.0000    1.0000    1.0000        35

    accuracy                         1.0000       212
   macro avg     1.0000    1.0000    1.0000       212
weighted avg     1.0000    1.0000    1.0000       212


================ TEST ================
Threshold: 0.490
Accuracy : 0.9763
Macro-F1 : 0.9507 (Class0: 0.9862, Class1: 0.9153)
AUC      : 0.9972
MCC      : 0.9060
G-Mean   : 0.9186
Sensitivity: 0.8438
Specificity: 1.0000
Classification report:
              precision    recall  f1-score   support

           0     0.9728    1.0000    0.9862       179
           1     1.0000    0.8438    0.9153        32

    accuracy                         0.9763       211
   macro avg     0.9864    0.9219    0.9507       211
weighted avg     0.9769    0.9763    0.9755       211


================================================================================
 RUN 15/30 (Seed=14)
================================================================================
================================================================================
 Pipeline: LP soft labels + MLP prob + 1.0 * KL + Focal + 0.0 * SupCon
================================================================================
_propagate 的参数值:
  alpha_pos = 0.8
  alpha_neg = 0.85
  forbid_flip = True
  flip_margin = 0.1

[LP] soft label stats (train only):
  pos mean: 0.9674
  neg mean: 0.0015
  seeds ratio: 0.968
训练函数参数值:
  lr = 0.001
  weight_decay = 1e-05
  epochs = 400
  focal_gamma = 2.0
  focal_alpha = 0.25
  use_contrastive = True
  contrastive_weight = 0.0
  contrastive_temp = 0.07
  minority_weight = 2.0
  use_kl = True
  kl_weight = 1.0
  device = cuda
Ep 010 | Focal=0.0019 | KL=0.0585 | Con=8.2623 | Total=0.0603 | ValF1@0.5=1.0000
Ep 020 | Focal=0.0030 | KL=0.0064 | Con=8.1756 | Total=0.0093 | ValF1@0.5=0.9915
Ep 030 | Focal=0.0007 | KL=0.0034 | Con=7.9239 | Total=0.0041 | ValF1@0.5=0.9833
Ep 040 | Focal=0.0004 | KL=0.0025 | Con=7.8079 | Total=0.0030 | ValF1@0.5=0.9915
Ep 050 | Focal=0.0002 | KL=0.0015 | Con=7.8566 | Total=0.0017 | ValF1@0.5=1.0000
Ep 060 | Focal=0.0001 | KL=0.0015 | Con=7.8720 | Total=0.0016 | ValF1@0.5=0.9915
Ep 070 | Focal=0.0002 | KL=0.0013 | Con=7.8509 | Total=0.0015 | ValF1@0.5=0.9915
Ep 080 | Focal=0.0000 | KL=0.0013 | Con=7.8231 | Total=0.0013 | ValF1@0.5=0.9915
Ep 090 | Focal=0.0000 | KL=0.0009 | Con=7.8196 | Total=0.0010 | ValF1@0.5=1.0000
Ep 100 | Focal=0.0000 | KL=0.0008 | Con=7.8182 | Total=0.0009 | ValF1@0.5=1.0000
Ep 110 | Focal=0.0001 | KL=0.0009 | Con=7.8611 | Total=0.0010 | ValF1@0.5=1.0000
Ep 120 | Focal=0.0001 | KL=0.0008 | Con=7.8464 | Total=0.0009 | ValF1@0.5=1.0000
Ep 130 | Focal=0.0000 | KL=0.0007 | Con=7.7935 | Total=0.0008 | ValF1@0.5=1.0000
Ep 140 | Focal=0.0000 | KL=0.0006 | Con=7.8008 | Total=0.0007 | ValF1@0.5=0.9915
Ep 150 | Focal=0.0000 | KL=0.0007 | Con=7.8474 | Total=0.0008 | ValF1@0.5=0.9915
Ep 160 | Focal=0.0000 | KL=0.0007 | Con=7.7821 | Total=0.0007 | ValF1@0.5=0.9915
Ep 170 | Focal=0.0001 | KL=0.0007 | Con=7.8071 | Total=0.0008 | ValF1@0.5=1.0000
Ep 180 | Focal=0.0000 | KL=0.0005 | Con=7.8036 | Total=0.0006 | ValF1@0.5=0.9915
Ep 190 | Focal=0.0000 | KL=0.0005 | Con=7.7885 | Total=0.0005 | ValF1@0.5=0.9915
Ep 200 | Focal=0.0000 | KL=0.0006 | Con=7.8126 | Total=0.0006 | ValF1@0.5=1.0000
Ep 210 | Focal=0.0000 | KL=0.0005 | Con=7.8142 | Total=0.0005 | ValF1@0.5=0.9915
Ep 220 | Focal=0.0000 | KL=0.0005 | Con=7.8139 | Total=0.0005 | ValF1@0.5=0.9915
Ep 230 | Focal=0.0000 | KL=0.0006 | Con=7.7996 | Total=0.0006 | ValF1@0.5=0.9915
Ep 240 | Focal=0.0000 | KL=0.0005 | Con=7.7875 | Total=0.0005 | ValF1@0.5=0.9915
Ep 250 | Focal=0.0000 | KL=0.0004 | Con=7.7979 | Total=0.0005 | ValF1@0.5=0.9915
Ep 260 | Focal=0.0000 | KL=0.0006 | Con=7.8059 | Total=0.0006 | ValF1@0.5=0.9915
Ep 270 | Focal=0.0000 | KL=0.0004 | Con=7.7918 | Total=0.0004 | ValF1@0.5=0.9915
Ep 280 | Focal=0.0000 | KL=0.0004 | Con=7.7997 | Total=0.0004 | ValF1@0.5=0.9915
Ep 290 | Focal=0.0000 | KL=0.0003 | Con=7.7951 | Total=0.0003 | ValF1@0.5=0.9915
Ep 300 | Focal=0.0000 | KL=0.0003 | Con=7.8117 | Total=0.0004 | ValF1@0.5=0.9915
Ep 310 | Focal=0.0000 | KL=0.0004 | Con=7.7942 | Total=0.0004 | ValF1@0.5=0.9915
Ep 320 | Focal=0.0000 | KL=0.0003 | Con=7.7913 | Total=0.0003 | ValF1@0.5=0.9915
Ep 330 | Focal=0.0000 | KL=0.0004 | Con=7.7905 | Total=0.0004 | ValF1@0.5=0.9915
Ep 340 | Focal=0.0000 | KL=0.0003 | Con=7.7945 | Total=0.0003 | ValF1@0.5=0.9915
Ep 350 | Focal=0.0000 | KL=0.0003 | Con=7.7782 | Total=0.0003 | ValF1@0.5=0.9915
Ep 360 | Focal=0.0000 | KL=0.0002 | Con=7.7827 | Total=0.0002 | ValF1@0.5=0.9915
Ep 370 | Focal=0.0000 | KL=0.0003 | Con=7.8076 | Total=0.0003 | ValF1@0.5=0.9915
Ep 380 | Focal=0.0000 | KL=0.0004 | Con=7.8178 | Total=0.0004 | ValF1@0.5=0.9915
Ep 390 | Focal=0.0000 | KL=0.0002 | Con=7.7936 | Total=0.0002 | ValF1@0.5=0.9915
Ep 400 | Focal=0.0000 | KL=0.0002 | Con=7.8059 | Total=0.0002 | ValF1@0.5=0.9915

[OK] Load best model by ValF1@0.5=1.0000

[VAL] best threshold=0.460, best macroF1=1.0000

================ TRAIN ================
Threshold: 0.460
Accuracy : 0.9905
Macro-F1 : 0.9787 (Class0: 0.9946, Class1: 0.9628)
AUC      : 0.9989
MCC      : 0.9577
G-Mean   : 0.9690
Sensitivity: 0.9409
Specificity: 0.9980
Classification report:
              precision    recall  f1-score   support

           0     0.9912    0.9980    0.9946      1468
           1     0.9857    0.9409    0.9628       220

    accuracy                         0.9905      1688
   macro avg     0.9885    0.9694    0.9787      1688
weighted avg     0.9905    0.9905    0.9904      1688


================ VAL ================
Threshold: 0.460
Accuracy : 1.0000
Macro-F1 : 1.0000 (Class0: 1.0000, Class1: 1.0000)
AUC      : 1.0000
MCC      : 1.0000
G-Mean   : 1.0000
Sensitivity: 1.0000
Specificity: 1.0000
Classification report:
              precision    recall  f1-score   support

           0     1.0000    1.0000    1.0000       177
           1     1.0000    1.0000    1.0000        35

    accuracy                         1.0000       212
   macro avg     1.0000    1.0000    1.0000       212
weighted avg     1.0000    1.0000    1.0000       212


================ TEST ================
Threshold: 0.460
Accuracy : 0.9668
Macro-F1 : 0.9290 (Class0: 0.9808, Class1: 0.8772)
AUC      : 0.9951
MCC      : 0.8671
G-Mean   : 0.8839
Sensitivity: 0.7812
Specificity: 1.0000
Classification report:
              precision    recall  f1-score   support

           0     0.9624    1.0000    0.9808       179
           1     1.0000    0.7812    0.8772        32

    accuracy                         0.9668       211
   macro avg     0.9812    0.8906    0.9290       211
weighted avg     0.9681    0.9668    0.9651       211


================================================================================
 RUN 16/30 (Seed=15)
================================================================================
================================================================================
 Pipeline: LP soft labels + MLP prob + 1.0 * KL + Focal + 0.0 * SupCon
================================================================================
_propagate 的参数值:
  alpha_pos = 0.8
  alpha_neg = 0.85
  forbid_flip = True
  flip_margin = 0.1

[LP] soft label stats (train only):
  pos mean: 0.9674
  neg mean: 0.0015
  seeds ratio: 0.968
训练函数参数值:
  lr = 0.001
  weight_decay = 1e-05
  epochs = 400
  focal_gamma = 2.0
  focal_alpha = 0.25
  use_contrastive = True
  contrastive_weight = 0.0
  contrastive_temp = 0.07
  minority_weight = 2.0
  use_kl = True
  kl_weight = 1.0
  device = cuda
Ep 010 | Focal=0.0016 | KL=0.0619 | Con=8.2673 | Total=0.0635 | ValF1@0.5=1.0000
Ep 020 | Focal=0.0030 | KL=0.0065 | Con=8.2678 | Total=0.0095 | ValF1@0.5=0.9915
Ep 030 | Focal=0.0014 | KL=0.0045 | Con=7.9949 | Total=0.0060 | ValF1@0.5=0.9915
Ep 040 | Focal=0.0005 | KL=0.0026 | Con=7.9694 | Total=0.0031 | ValF1@0.5=0.9829
Ep 050 | Focal=0.0002 | KL=0.0017 | Con=7.8922 | Total=0.0019 | ValF1@0.5=0.9915
Ep 060 | Focal=0.0001 | KL=0.0012 | Con=7.8674 | Total=0.0013 | ValF1@0.5=0.9915
Ep 070 | Focal=0.0000 | KL=0.0011 | Con=7.8818 | Total=0.0012 | ValF1@0.5=0.9915
Ep 080 | Focal=0.0000 | KL=0.0010 | Con=7.8344 | Total=0.0010 | ValF1@0.5=0.9915
Ep 090 | Focal=0.0000 | KL=0.0008 | Con=7.8214 | Total=0.0008 | ValF1@0.5=0.9829
Ep 100 | Focal=0.0001 | KL=0.0009 | Con=7.8414 | Total=0.0009 | ValF1@0.5=0.9829
Ep 110 | Focal=0.0000 | KL=0.0006 | Con=7.7913 | Total=0.0006 | ValF1@0.5=0.9829
Ep 120 | Focal=0.0000 | KL=0.0006 | Con=7.8349 | Total=0.0007 | ValF1@0.5=0.9915
Ep 130 | Focal=0.0000 | KL=0.0008 | Con=7.8071 | Total=0.0008 | ValF1@0.5=0.9829
Ep 140 | Focal=0.0000 | KL=0.0007 | Con=7.7965 | Total=0.0007 | ValF1@0.5=0.9829
Ep 150 | Focal=0.0000 | KL=0.0005 | Con=7.8436 | Total=0.0006 | ValF1@0.5=0.9915
Ep 160 | Focal=0.0000 | KL=0.0005 | Con=7.8028 | Total=0.0005 | ValF1@0.5=0.9915
Ep 170 | Focal=0.0000 | KL=0.0005 | Con=7.8142 | Total=0.0005 | ValF1@0.5=0.9915
Ep 180 | Focal=0.0000 | KL=0.0005 | Con=7.7830 | Total=0.0005 | ValF1@0.5=0.9829
Ep 190 | Focal=0.0000 | KL=0.0004 | Con=7.8116 | Total=0.0004 | ValF1@0.5=0.9915
Ep 200 | Focal=0.0000 | KL=0.0004 | Con=7.8425 | Total=0.0005 | ValF1@0.5=0.9915
Ep 210 | Focal=0.0000 | KL=0.0004 | Con=7.8013 | Total=0.0004 | ValF1@0.5=0.9915
Ep 220 | Focal=0.0000 | KL=0.0004 | Con=7.8497 | Total=0.0004 | ValF1@0.5=0.9829
Ep 230 | Focal=0.0000 | KL=0.0004 | Con=7.8237 | Total=0.0004 | ValF1@0.5=0.9829
Ep 240 | Focal=0.0000 | KL=0.0004 | Con=7.7815 | Total=0.0004 | ValF1@0.5=0.9829
Ep 250 | Focal=0.0000 | KL=0.0004 | Con=7.7872 | Total=0.0004 | ValF1@0.5=0.9829
Ep 260 | Focal=0.0000 | KL=0.0004 | Con=7.8332 | Total=0.0004 | ValF1@0.5=0.9913
Ep 270 | Focal=0.0000 | KL=0.0004 | Con=7.7809 | Total=0.0004 | ValF1@0.5=0.9829
Ep 280 | Focal=0.0000 | KL=0.0004 | Con=7.8326 | Total=0.0004 | ValF1@0.5=0.9829
Ep 290 | Focal=0.0000 | KL=0.0004 | Con=7.8364 | Total=0.0004 | ValF1@0.5=0.9829
Ep 300 | Focal=0.0000 | KL=0.0003 | Con=7.7920 | Total=0.0003 | ValF1@0.5=0.9829
Ep 310 | Focal=0.0000 | KL=0.0004 | Con=7.7945 | Total=0.0004 | ValF1@0.5=0.9915
Ep 320 | Focal=0.0000 | KL=0.0003 | Con=7.8114 | Total=0.0003 | ValF1@0.5=0.9915
Ep 330 | Focal=0.0000 | KL=0.0003 | Con=7.8135 | Total=0.0004 | ValF1@0.5=0.9829
Ep 340 | Focal=0.0000 | KL=0.0003 | Con=7.8225 | Total=0.0003 | ValF1@0.5=0.9829
Ep 350 | Focal=0.0000 | KL=0.0002 | Con=7.8147 | Total=0.0002 | ValF1@0.5=0.9829
Ep 360 | Focal=0.0000 | KL=0.0004 | Con=7.7963 | Total=0.0004 | ValF1@0.5=0.9829
Ep 370 | Focal=0.0000 | KL=0.0002 | Con=7.7828 | Total=0.0002 | ValF1@0.5=0.9829
Ep 380 | Focal=0.0000 | KL=0.0003 | Con=7.8108 | Total=0.0003 | ValF1@0.5=0.9915
Ep 390 | Focal=0.0000 | KL=0.0003 | Con=7.8050 | Total=0.0003 | ValF1@0.5=0.9829
Ep 400 | Focal=0.0000 | KL=0.0002 | Con=7.7808 | Total=0.0002 | ValF1@0.5=0.9829

[OK] Load best model by ValF1@0.5=1.0000

[VAL] best threshold=0.420, best macroF1=1.0000

================ TRAIN ================
Threshold: 0.420
Accuracy : 0.9899
Macro-F1 : 0.9774 (Class0: 0.9942, Class1: 0.9606)
AUC      : 0.9995
MCC      : 0.9551
G-Mean   : 0.9687
Sensitivity: 0.9409
Specificity: 0.9973
Classification report:
              precision    recall  f1-score   support

           0     0.9912    0.9973    0.9942      1468
           1     0.9810    0.9409    0.9606       220

    accuracy                         0.9899      1688
   macro avg     0.9861    0.9691    0.9774      1688
weighted avg     0.9899    0.9899    0.9898      1688


================ VAL ================
Threshold: 0.420
Accuracy : 1.0000
Macro-F1 : 1.0000 (Class0: 1.0000, Class1: 1.0000)
AUC      : 1.0000
MCC      : 1.0000
G-Mean   : 1.0000
Sensitivity: 1.0000
Specificity: 1.0000
Classification report:
              precision    recall  f1-score   support

           0     1.0000    1.0000    1.0000       177
           1     1.0000    1.0000    1.0000        35

    accuracy                         1.0000       212
   macro avg     1.0000    1.0000    1.0000       212
weighted avg     1.0000    1.0000    1.0000       212


================ TEST ================
Threshold: 0.420
Accuracy : 0.9716
Macro-F1 : 0.9400 (Class0: 0.9835, Class1: 0.8966)
AUC      : 0.9974
MCC      : 0.8867
G-Mean   : 0.9014
Sensitivity: 0.8125
Specificity: 1.0000
Classification report:
              precision    recall  f1-score   support

           0     0.9676    1.0000    0.9835       179
           1     1.0000    0.8125    0.8966        32

    accuracy                         0.9716       211
   macro avg     0.9838    0.9062    0.9400       211
weighted avg     0.9725    0.9716    0.9703       211


================================================================================
 RUN 17/30 (Seed=16)
================================================================================
================================================================================
 Pipeline: LP soft labels + MLP prob + 1.0 * KL + Focal + 0.0 * SupCon
================================================================================
_propagate 的参数值:
  alpha_pos = 0.8
  alpha_neg = 0.85
  forbid_flip = True
  flip_margin = 0.1

[LP] soft label stats (train only):
  pos mean: 0.9674
  neg mean: 0.0015
  seeds ratio: 0.968
训练函数参数值:
  lr = 0.001
  weight_decay = 1e-05
  epochs = 400
  focal_gamma = 2.0
  focal_alpha = 0.25
  use_contrastive = True
  contrastive_weight = 0.0
  contrastive_temp = 0.07
  minority_weight = 2.0
  use_kl = True
  kl_weight = 1.0
  device = cuda
Ep 010 | Focal=0.0023 | KL=0.0522 | Con=8.1844 | Total=0.0544 | ValF1@0.5=0.9915
Ep 020 | Focal=0.0033 | KL=0.0072 | Con=8.1922 | Total=0.0105 | ValF1@0.5=0.9915
Ep 030 | Focal=0.0010 | KL=0.0043 | Con=7.9756 | Total=0.0053 | ValF1@0.5=0.9833
Ep 040 | Focal=0.0004 | KL=0.0029 | Con=7.8938 | Total=0.0033 | ValF1@0.5=0.9829
Ep 050 | Focal=0.0003 | KL=0.0020 | Con=7.9318 | Total=0.0023 | ValF1@0.5=0.9829
Ep 060 | Focal=0.0002 | KL=0.0014 | Con=7.8850 | Total=0.0016 | ValF1@0.5=0.9915
Ep 070 | Focal=0.0001 | KL=0.0011 | Con=7.8102 | Total=0.0012 | ValF1@0.5=0.9915
Ep 080 | Focal=0.0000 | KL=0.0011 | Con=7.8157 | Total=0.0012 | ValF1@0.5=0.9915
Ep 090 | Focal=0.0001 | KL=0.0010 | Con=7.8418 | Total=0.0010 | ValF1@0.5=0.9915
Ep 100 | Focal=0.0000 | KL=0.0008 | Con=7.8121 | Total=0.0009 | ValF1@0.5=0.9915
Ep 110 | Focal=0.0000 | KL=0.0007 | Con=7.8020 | Total=0.0007 | ValF1@0.5=0.9913
Ep 120 | Focal=0.0000 | KL=0.0007 | Con=7.8218 | Total=0.0007 | ValF1@0.5=0.9913
Ep 130 | Focal=0.0000 | KL=0.0006 | Con=7.8037 | Total=0.0007 | ValF1@0.5=0.9913
Ep 140 | Focal=0.0000 | KL=0.0007 | Con=7.7894 | Total=0.0007 | ValF1@0.5=0.9913
Ep 150 | Focal=0.0000 | KL=0.0006 | Con=7.7916 | Total=0.0006 | ValF1@0.5=0.9829
Ep 160 | Focal=0.0000 | KL=0.0006 | Con=7.8015 | Total=0.0006 | ValF1@0.5=0.9915
Ep 170 | Focal=0.0000 | KL=0.0005 | Con=7.7908 | Total=0.0005 | ValF1@0.5=0.9915
Ep 180 | Focal=0.0000 | KL=0.0005 | Con=7.7976 | Total=0.0005 | ValF1@0.5=0.9913
Ep 190 | Focal=0.0000 | KL=0.0005 | Con=7.8310 | Total=0.0005 | ValF1@0.5=0.9829
Ep 200 | Focal=0.0001 | KL=0.0006 | Con=7.8109 | Total=0.0006 | ValF1@0.5=0.9829
Ep 210 | Focal=0.0000 | KL=0.0004 | Con=7.7856 | Total=0.0004 | ValF1@0.5=0.9829
Ep 220 | Focal=0.0000 | KL=0.0004 | Con=7.7989 | Total=0.0004 | ValF1@0.5=0.9829
Ep 230 | Focal=0.0000 | KL=0.0004 | Con=7.8030 | Total=0.0005 | ValF1@0.5=0.9829
Ep 240 | Focal=0.0000 | KL=0.0004 | Con=7.8065 | Total=0.0004 | ValF1@0.5=0.9915
Ep 250 | Focal=0.0000 | KL=0.0004 | Con=7.8103 | Total=0.0005 | ValF1@0.5=0.9829
Ep 260 | Focal=0.0000 | KL=0.0005 | Con=7.8134 | Total=0.0005 | ValF1@0.5=0.9829
Ep 270 | Focal=0.0000 | KL=0.0003 | Con=7.7884 | Total=0.0003 | ValF1@0.5=0.9829
Ep 280 | Focal=0.0000 | KL=0.0003 | Con=7.7815 | Total=0.0004 | ValF1@0.5=0.9829
Ep 290 | Focal=0.0000 | KL=0.0004 | Con=7.8078 | Total=0.0004 | ValF1@0.5=0.9829
Ep 300 | Focal=0.0000 | KL=0.0004 | Con=7.8039 | Total=0.0004 | ValF1@0.5=0.9915
Ep 310 | Focal=0.0000 | KL=0.0003 | Con=7.7840 | Total=0.0003 | ValF1@0.5=0.9829
Ep 320 | Focal=0.0000 | KL=0.0003 | Con=7.8171 | Total=0.0003 | ValF1@0.5=0.9913
Ep 330 | Focal=0.0000 | KL=0.0004 | Con=7.7830 | Total=0.0004 | ValF1@0.5=0.9915
Ep 340 | Focal=0.0000 | KL=0.0003 | Con=7.7890 | Total=0.0003 | ValF1@0.5=0.9829
Ep 350 | Focal=0.0000 | KL=0.0003 | Con=7.8166 | Total=0.0003 | ValF1@0.5=0.9915
Ep 360 | Focal=0.0000 | KL=0.0004 | Con=7.8027 | Total=0.0004 | ValF1@0.5=0.9829
Ep 370 | Focal=0.0000 | KL=0.0003 | Con=7.7756 | Total=0.0003 | ValF1@0.5=0.9829
Ep 380 | Focal=0.0000 | KL=0.0003 | Con=7.7954 | Total=0.0003 | ValF1@0.5=0.9915
Ep 390 | Focal=0.0000 | KL=0.0003 | Con=7.7989 | Total=0.0003 | ValF1@0.5=0.9915
Ep 400 | Focal=0.0000 | KL=0.0002 | Con=7.7974 | Total=0.0002 | ValF1@0.5=0.9829

[OK] Load best model by ValF1@0.5=0.9915

[VAL] best threshold=0.690, best macroF1=1.0000

================ TRAIN ================
Threshold: 0.690
Accuracy : 0.9917
Macro-F1 : 0.9814 (Class0: 0.9952, Class1: 0.9676)
AUC      : 0.9996
MCC      : 0.9631
G-Mean   : 0.9737
Sensitivity: 0.9500
Specificity: 0.9980
Classification report:
              precision    recall  f1-score   support

           0     0.9925    0.9980    0.9952      1468
           1     0.9858    0.9500    0.9676       220

    accuracy                         0.9917      1688
   macro avg     0.9892    0.9740    0.9814      1688
weighted avg     0.9917    0.9917    0.9916      1688


================ VAL ================
Threshold: 0.690
Accuracy : 1.0000
Macro-F1 : 1.0000 (Class0: 1.0000, Class1: 1.0000)
AUC      : 1.0000
MCC      : 1.0000
G-Mean   : 1.0000
Sensitivity: 1.0000
Specificity: 1.0000
Classification report:
              precision    recall  f1-score   support

           0     1.0000    1.0000    1.0000       177
           1     1.0000    1.0000    1.0000        35

    accuracy                         1.0000       212
   macro avg     1.0000    1.0000    1.0000       212
weighted avg     1.0000    1.0000    1.0000       212


================ TEST ================
Threshold: 0.690
Accuracy : 0.9716
Macro-F1 : 0.9400 (Class0: 0.9835, Class1: 0.8966)
AUC      : 0.9962
MCC      : 0.8867
G-Mean   : 0.9014
Sensitivity: 0.8125
Specificity: 1.0000
Classification report:
              precision    recall  f1-score   support

           0     0.9676    1.0000    0.9835       179
           1     1.0000    0.8125    0.8966        32

    accuracy                         0.9716       211
   macro avg     0.9838    0.9062    0.9400       211
weighted avg     0.9725    0.9716    0.9703       211


================================================================================
 RUN 18/30 (Seed=17)
================================================================================
================================================================================
 Pipeline: LP soft labels + MLP prob + 1.0 * KL + Focal + 0.0 * SupCon
================================================================================
_propagate 的参数值:
  alpha_pos = 0.8
  alpha_neg = 0.85
  forbid_flip = True
  flip_margin = 0.1

[LP] soft label stats (train only):
  pos mean: 0.9674
  neg mean: 0.0015
  seeds ratio: 0.968
训练函数参数值:
  lr = 0.001
  weight_decay = 1e-05
  epochs = 400
  focal_gamma = 2.0
  focal_alpha = 0.25
  use_contrastive = True
  contrastive_weight = 0.0
  contrastive_temp = 0.07
  minority_weight = 2.0
  use_kl = True
  kl_weight = 1.0
  device = cuda
Ep 010 | Focal=0.0014 | KL=0.0662 | Con=8.2918 | Total=0.0676 | ValF1@0.5=0.9915
Ep 020 | Focal=0.0035 | KL=0.0072 | Con=8.3168 | Total=0.0107 | ValF1@0.5=0.9915
Ep 030 | Focal=0.0006 | KL=0.0040 | Con=7.9913 | Total=0.0045 | ValF1@0.5=0.9915
Ep 040 | Focal=0.0005 | KL=0.0024 | Con=7.8381 | Total=0.0029 | ValF1@0.5=0.9915
Ep 050 | Focal=0.0002 | KL=0.0015 | Con=7.9157 | Total=0.0017 | ValF1@0.5=1.0000
Ep 060 | Focal=0.0001 | KL=0.0013 | Con=7.8907 | Total=0.0014 | ValF1@0.5=0.9915
Ep 070 | Focal=0.0001 | KL=0.0012 | Con=7.9159 | Total=0.0013 | ValF1@0.5=0.9915
Ep 080 | Focal=0.0001 | KL=0.0010 | Con=7.8691 | Total=0.0010 | ValF1@0.5=1.0000
Ep 090 | Focal=0.0000 | KL=0.0008 | Con=7.8391 | Total=0.0008 | ValF1@0.5=0.9915
Ep 100 | Focal=0.0000 | KL=0.0007 | Con=7.8855 | Total=0.0008 | ValF1@0.5=0.9915
Ep 110 | Focal=0.0001 | KL=0.0011 | Con=7.9044 | Total=0.0012 | ValF1@0.5=0.9915
Ep 120 | Focal=0.0000 | KL=0.0006 | Con=7.8319 | Total=0.0007 | ValF1@0.5=0.9915
Ep 130 | Focal=0.0000 | KL=0.0006 | Con=7.8058 | Total=0.0006 | ValF1@0.5=0.9915
Ep 140 | Focal=0.0000 | KL=0.0005 | Con=7.7902 | Total=0.0005 | ValF1@0.5=0.9915
Ep 150 | Focal=0.0001 | KL=0.0005 | Con=7.8587 | Total=0.0006 | ValF1@0.5=0.9915
Ep 160 | Focal=0.0000 | KL=0.0005 | Con=7.8137 | Total=0.0005 | ValF1@0.5=0.9915
Ep 170 | Focal=0.0000 | KL=0.0006 | Con=7.8076 | Total=0.0006 | ValF1@0.5=0.9915
Ep 180 | Focal=0.0000 | KL=0.0004 | Con=7.8045 | Total=0.0004 | ValF1@0.5=0.9915
Ep 190 | Focal=0.0000 | KL=0.0005 | Con=7.8305 | Total=0.0005 | ValF1@0.5=0.9915
Ep 200 | Focal=0.0000 | KL=0.0005 | Con=7.8294 | Total=0.0005 | ValF1@0.5=0.9915
Ep 210 | Focal=0.0000 | KL=0.0004 | Con=7.7931 | Total=0.0004 | ValF1@0.5=0.9915
Ep 220 | Focal=0.0000 | KL=0.0005 | Con=7.7933 | Total=0.0005 | ValF1@0.5=0.9915
Ep 230 | Focal=0.0000 | KL=0.0004 | Con=7.8041 | Total=0.0004 | ValF1@0.5=0.9915
Ep 240 | Focal=0.0000 | KL=0.0003 | Con=7.7931 | Total=0.0003 | ValF1@0.5=0.9915
Ep 250 | Focal=0.0000 | KL=0.0004 | Con=7.7945 | Total=0.0004 | ValF1@0.5=0.9915
Ep 260 | Focal=0.0000 | KL=0.0003 | Con=7.7969 | Total=0.0003 | ValF1@0.5=0.9915
Ep 270 | Focal=0.0000 | KL=0.0004 | Con=7.8190 | Total=0.0004 | ValF1@0.5=0.9915
Ep 280 | Focal=0.0000 | KL=0.0003 | Con=7.7990 | Total=0.0003 | ValF1@0.5=0.9915
Ep 290 | Focal=0.0000 | KL=0.0003 | Con=7.8247 | Total=0.0004 | ValF1@0.5=0.9915
Ep 300 | Focal=0.0000 | KL=0.0003 | Con=7.7861 | Total=0.0003 | ValF1@0.5=0.9915
Ep 310 | Focal=0.0000 | KL=0.0003 | Con=7.7884 | Total=0.0003 | ValF1@0.5=0.9915
Ep 320 | Focal=0.0000 | KL=0.0003 | Con=7.8083 | Total=0.0004 | ValF1@0.5=0.9915
Ep 330 | Focal=0.0000 | KL=0.0002 | Con=7.7859 | Total=0.0002 | ValF1@0.5=0.9915
Ep 340 | Focal=0.0000 | KL=0.0003 | Con=7.7894 | Total=0.0003 | ValF1@0.5=0.9915
Ep 350 | Focal=0.0000 | KL=0.0003 | Con=7.8121 | Total=0.0003 | ValF1@0.5=0.9915
Ep 360 | Focal=0.0000 | KL=0.0002 | Con=7.7856 | Total=0.0002 | ValF1@0.5=0.9915
Ep 370 | Focal=0.0000 | KL=0.0002 | Con=7.7898 | Total=0.0002 | ValF1@0.5=0.9915
Ep 380 | Focal=0.0000 | KL=0.0002 | Con=7.7879 | Total=0.0002 | ValF1@0.5=0.9915
Ep 390 | Focal=0.0000 | KL=0.0002 | Con=7.8063 | Total=0.0003 | ValF1@0.5=0.9915
Ep 400 | Focal=0.0000 | KL=0.0003 | Con=7.7838 | Total=0.0003 | ValF1@0.5=0.9915

[OK] Load best model by ValF1@0.5=1.0000

[VAL] best threshold=0.460, best macroF1=1.0000

================ TRAIN ================
Threshold: 0.460
Accuracy : 0.9964
Macro-F1 : 0.9922 (Class0: 0.9980, Class1: 0.9864)
AUC      : 1.0000
MCC      : 0.9843
G-Mean   : 0.9921
Sensitivity: 0.9864
Specificity: 0.9980
Classification report:
              precision    recall  f1-score   support

           0     0.9980    0.9980    0.9980      1468
           1     0.9864    0.9864    0.9864       220

    accuracy                         0.9964      1688
   macro avg     0.9922    0.9922    0.9922      1688
weighted avg     0.9964    0.9964    0.9964      1688


================ VAL ================
Threshold: 0.460
Accuracy : 1.0000
Macro-F1 : 1.0000 (Class0: 1.0000, Class1: 1.0000)
AUC      : 1.0000
MCC      : 1.0000
G-Mean   : 1.0000
Sensitivity: 1.0000
Specificity: 1.0000
Classification report:
              precision    recall  f1-score   support

           0     1.0000    1.0000    1.0000       177
           1     1.0000    1.0000    1.0000        35

    accuracy                         1.0000       212
   macro avg     1.0000    1.0000    1.0000       212
weighted avg     1.0000    1.0000    1.0000       212


================ TEST ================
Threshold: 0.460
Accuracy : 0.9716
Macro-F1 : 0.9400 (Class0: 0.9835, Class1: 0.8966)
AUC      : 0.9956
MCC      : 0.8867
G-Mean   : 0.9014
Sensitivity: 0.8125
Specificity: 1.0000
Classification report:
              precision    recall  f1-score   support

           0     0.9676    1.0000    0.9835       179
           1     1.0000    0.8125    0.8966        32

    accuracy                         0.9716       211
   macro avg     0.9838    0.9062    0.9400       211
weighted avg     0.9725    0.9716    0.9703       211


================================================================================
 RUN 19/30 (Seed=18)
================================================================================
================================================================================
 Pipeline: LP soft labels + MLP prob + 1.0 * KL + Focal + 0.0 * SupCon
================================================================================
_propagate 的参数值:
  alpha_pos = 0.8
  alpha_neg = 0.85
  forbid_flip = True
  flip_margin = 0.1

[LP] soft label stats (train only):
  pos mean: 0.9674
  neg mean: 0.0015
  seeds ratio: 0.968
训练函数参数值:
  lr = 0.001
  weight_decay = 1e-05
  epochs = 400
  focal_gamma = 2.0
  focal_alpha = 0.25
  use_contrastive = True
  contrastive_weight = 0.0
  contrastive_temp = 0.07
  minority_weight = 2.0
  use_kl = True
  kl_weight = 1.0
  device = cuda
Ep 010 | Focal=0.0022 | KL=0.0676 | Con=8.2961 | Total=0.0698 | ValF1@0.5=0.9915
Ep 020 | Focal=0.0037 | KL=0.0076 | Con=8.1986 | Total=0.0113 | ValF1@0.5=0.9915
Ep 030 | Focal=0.0014 | KL=0.0052 | Con=7.9477 | Total=0.0066 | ValF1@0.5=0.9915
Ep 040 | Focal=0.0006 | KL=0.0033 | Con=7.9409 | Total=0.0040 | ValF1@0.5=0.9915
Ep 050 | Focal=0.0002 | KL=0.0016 | Con=7.9091 | Total=0.0019 | ValF1@0.5=0.9915
Ep 060 | Focal=0.0001 | KL=0.0013 | Con=7.8438 | Total=0.0014 | ValF1@0.5=0.9915
Ep 070 | Focal=0.0000 | KL=0.0016 | Con=7.8612 | Total=0.0017 | ValF1@0.5=0.9915
Ep 080 | Focal=0.0001 | KL=0.0013 | Con=7.8822 | Total=0.0014 | ValF1@0.5=0.9915
Ep 090 | Focal=0.0001 | KL=0.0009 | Con=7.8218 | Total=0.0010 | ValF1@0.5=0.9915
Ep 100 | Focal=0.0001 | KL=0.0008 | Con=7.8339 | Total=0.0009 | ValF1@0.5=0.9915
Ep 110 | Focal=0.0001 | KL=0.0007 | Con=7.8436 | Total=0.0008 | ValF1@0.5=0.9913
Ep 120 | Focal=0.0000 | KL=0.0006 | Con=7.7782 | Total=0.0007 | ValF1@0.5=1.0000
Ep 130 | Focal=0.0000 | KL=0.0007 | Con=7.7786 | Total=0.0007 | ValF1@0.5=0.9915
Ep 140 | Focal=0.0001 | KL=0.0008 | Con=7.8340 | Total=0.0008 | ValF1@0.5=0.9915
Ep 150 | Focal=0.0000 | KL=0.0006 | Con=7.8249 | Total=0.0006 | ValF1@0.5=0.9913
Ep 160 | Focal=0.0000 | KL=0.0007 | Con=7.8258 | Total=0.0007 | ValF1@0.5=0.9913
Ep 170 | Focal=0.0000 | KL=0.0004 | Con=7.8019 | Total=0.0005 | ValF1@0.5=0.9915
Ep 180 | Focal=0.0000 | KL=0.0005 | Con=7.7868 | Total=0.0005 | ValF1@0.5=0.9915
Ep 190 | Focal=0.0000 | KL=0.0005 | Con=7.8121 | Total=0.0005 | ValF1@0.5=1.0000
Ep 200 | Focal=0.0000 | KL=0.0004 | Con=7.7802 | Total=0.0004 | ValF1@0.5=0.9915
Ep 210 | Focal=0.0000 | KL=0.0004 | Con=7.7778 | Total=0.0004 | ValF1@0.5=0.9915
Ep 220 | Focal=0.0000 | KL=0.0005 | Con=7.8140 | Total=0.0005 | ValF1@0.5=0.9915
Ep 230 | Focal=0.0000 | KL=0.0005 | Con=7.7869 | Total=0.0005 | ValF1@0.5=0.9913
Ep 240 | Focal=0.0000 | KL=0.0003 | Con=7.7717 | Total=0.0003 | ValF1@0.5=0.9915
Ep 250 | Focal=0.0000 | KL=0.0004 | Con=7.8019 | Total=0.0004 | ValF1@0.5=0.9915
Ep 260 | Focal=0.0000 | KL=0.0004 | Con=7.7818 | Total=0.0004 | ValF1@0.5=1.0000
Ep 270 | Focal=0.0000 | KL=0.0004 | Con=7.7867 | Total=0.0004 | ValF1@0.5=1.0000
Ep 280 | Focal=0.0000 | KL=0.0004 | Con=7.7784 | Total=0.0004 | ValF1@0.5=0.9915
Ep 290 | Focal=0.0000 | KL=0.0003 | Con=7.7810 | Total=0.0003 | ValF1@0.5=0.9913
Ep 300 | Focal=0.0000 | KL=0.0003 | Con=7.8104 | Total=0.0003 | ValF1@0.5=0.9915
Ep 310 | Focal=0.0000 | KL=0.0003 | Con=7.7869 | Total=0.0003 | ValF1@0.5=0.9915
Ep 320 | Focal=0.0000 | KL=0.0003 | Con=7.7690 | Total=0.0003 | ValF1@0.5=0.9913
Ep 330 | Focal=0.0000 | KL=0.0004 | Con=7.7691 | Total=0.0004 | ValF1@0.5=0.9915
Ep 340 | Focal=0.0000 | KL=0.0003 | Con=7.7767 | Total=0.0003 | ValF1@0.5=0.9913
Ep 350 | Focal=0.0000 | KL=0.0002 | Con=7.7691 | Total=0.0002 | ValF1@0.5=0.9915
Ep 360 | Focal=0.0000 | KL=0.0002 | Con=7.7782 | Total=0.0002 | ValF1@0.5=0.9915
Ep 370 | Focal=0.0000 | KL=0.0003 | Con=7.8112 | Total=0.0003 | ValF1@0.5=0.9915
Ep 380 | Focal=0.0000 | KL=0.0003 | Con=7.7678 | Total=0.0003 | ValF1@0.5=0.9915
Ep 390 | Focal=0.0000 | KL=0.0002 | Con=7.7900 | Total=0.0002 | ValF1@0.5=0.9915
Ep 400 | Focal=0.0000 | KL=0.0003 | Con=7.7833 | Total=0.0003 | ValF1@0.5=0.9829

[OK] Load best model by ValF1@0.5=1.0000

[VAL] best threshold=0.500, best macroF1=1.0000

================ TRAIN ================
Threshold: 0.500
Accuracy : 1.0000
Macro-F1 : 1.0000 (Class0: 1.0000, Class1: 1.0000)
AUC      : 1.0000
MCC      : 1.0000
G-Mean   : 1.0000
Sensitivity: 1.0000
Specificity: 1.0000
Classification report:
              precision    recall  f1-score   support

           0     1.0000    1.0000    1.0000      1468
           1     1.0000    1.0000    1.0000       220

    accuracy                         1.0000      1688
   macro avg     1.0000    1.0000    1.0000      1688
weighted avg     1.0000    1.0000    1.0000      1688


================ VAL ================
Threshold: 0.500
Accuracy : 1.0000
Macro-F1 : 1.0000 (Class0: 1.0000, Class1: 1.0000)
AUC      : 1.0000
MCC      : 1.0000
G-Mean   : 1.0000
Sensitivity: 1.0000
Specificity: 1.0000
Classification report:
              precision    recall  f1-score   support

           0     1.0000    1.0000    1.0000       177
           1     1.0000    1.0000    1.0000        35

    accuracy                         1.0000       212
   macro avg     1.0000    1.0000    1.0000       212
weighted avg     1.0000    1.0000    1.0000       212


================ TEST ================
Threshold: 0.500
Accuracy : 0.9763
Macro-F1 : 0.9507 (Class0: 0.9862, Class1: 0.9153)
AUC      : 0.9962
MCC      : 0.9060
G-Mean   : 0.9186
Sensitivity: 0.8438
Specificity: 1.0000
Classification report:
              precision    recall  f1-score   support

           0     0.9728    1.0000    0.9862       179
           1     1.0000    0.8438    0.9153        32

    accuracy                         0.9763       211
   macro avg     0.9864    0.9219    0.9507       211
weighted avg     0.9769    0.9763    0.9755       211


================================================================================
 RUN 20/30 (Seed=19)
================================================================================
================================================================================
 Pipeline: LP soft labels + MLP prob + 1.0 * KL + Focal + 0.0 * SupCon
================================================================================
_propagate 的参数值:
  alpha_pos = 0.8
  alpha_neg = 0.85
  forbid_flip = True
  flip_margin = 0.1

[LP] soft label stats (train only):
  pos mean: 0.9674
  neg mean: 0.0015
  seeds ratio: 0.968
训练函数参数值:
  lr = 0.001
  weight_decay = 1e-05
  epochs = 400
  focal_gamma = 2.0
  focal_alpha = 0.25
  use_contrastive = True
  contrastive_weight = 0.0
  contrastive_temp = 0.07
  minority_weight = 2.0
  use_kl = True
  kl_weight = 1.0
  device = cuda
Ep 010 | Focal=0.0020 | KL=0.0591 | Con=8.3136 | Total=0.0611 | ValF1@0.5=0.9915
Ep 020 | Focal=0.0034 | KL=0.0076 | Con=8.2109 | Total=0.0110 | ValF1@0.5=0.9833
Ep 030 | Focal=0.0008 | KL=0.0040 | Con=8.0366 | Total=0.0048 | ValF1@0.5=0.9833
Ep 040 | Focal=0.0003 | KL=0.0022 | Con=7.9861 | Total=0.0025 | ValF1@0.5=0.9829
Ep 050 | Focal=0.0001 | KL=0.0017 | Con=7.8872 | Total=0.0018 | ValF1@0.5=0.9915
Ep 060 | Focal=0.0001 | KL=0.0011 | Con=7.8697 | Total=0.0012 | ValF1@0.5=0.9915
Ep 070 | Focal=0.0000 | KL=0.0009 | Con=7.8311 | Total=0.0009 | ValF1@0.5=0.9915
Ep 080 | Focal=0.0000 | KL=0.0008 | Con=7.8373 | Total=0.0008 | ValF1@0.5=1.0000
Ep 090 | Focal=0.0000 | KL=0.0006 | Con=7.8163 | Total=0.0006 | ValF1@0.5=1.0000
Ep 100 | Focal=0.0000 | KL=0.0006 | Con=7.8170 | Total=0.0006 | ValF1@0.5=1.0000
Ep 110 | Focal=0.0000 | KL=0.0006 | Con=7.8252 | Total=0.0007 | ValF1@0.5=1.0000
Ep 120 | Focal=0.0000 | KL=0.0007 | Con=7.8078 | Total=0.0007 | ValF1@0.5=1.0000
Ep 130 | Focal=0.0000 | KL=0.0006 | Con=7.8276 | Total=0.0007 | ValF1@0.5=1.0000
Ep 140 | Focal=0.0000 | KL=0.0006 | Con=7.8380 | Total=0.0006 | ValF1@0.5=1.0000
Ep 150 | Focal=0.0001 | KL=0.0007 | Con=7.8181 | Total=0.0008 | ValF1@0.5=1.0000
Ep 160 | Focal=0.0000 | KL=0.0005 | Con=7.7923 | Total=0.0005 | ValF1@0.5=1.0000
Ep 170 | Focal=0.0000 | KL=0.0004 | Con=7.8086 | Total=0.0005 | ValF1@0.5=1.0000
Ep 180 | Focal=0.0000 | KL=0.0005 | Con=7.8521 | Total=0.0005 | ValF1@0.5=1.0000
Ep 190 | Focal=0.0000 | KL=0.0004 | Con=7.8151 | Total=0.0005 | ValF1@0.5=1.0000
Ep 200 | Focal=0.0000 | KL=0.0004 | Con=7.7903 | Total=0.0004 | ValF1@0.5=1.0000
Ep 210 | Focal=0.0000 | KL=0.0005 | Con=7.8003 | Total=0.0005 | ValF1@0.5=1.0000
Ep 220 | Focal=0.0000 | KL=0.0004 | Con=7.8019 | Total=0.0004 | ValF1@0.5=1.0000
Ep 230 | Focal=0.0000 | KL=0.0003 | Con=7.7904 | Total=0.0003 | ValF1@0.5=1.0000
Ep 240 | Focal=0.0000 | KL=0.0003 | Con=7.8001 | Total=0.0003 | ValF1@0.5=0.9913
Ep 250 | Focal=0.0000 | KL=0.0004 | Con=7.7953 | Total=0.0004 | ValF1@0.5=1.0000
Ep 260 | Focal=0.0000 | KL=0.0003 | Con=7.7986 | Total=0.0004 | ValF1@0.5=1.0000
Ep 270 | Focal=0.0000 | KL=0.0004 | Con=7.7885 | Total=0.0004 | ValF1@0.5=1.0000
Ep 280 | Focal=0.0000 | KL=0.0004 | Con=7.7786 | Total=0.0004 | ValF1@0.5=1.0000
Ep 290 | Focal=0.0000 | KL=0.0004 | Con=7.7929 | Total=0.0004 | ValF1@0.5=1.0000
Ep 300 | Focal=0.0000 | KL=0.0002 | Con=7.7920 | Total=0.0003 | ValF1@0.5=1.0000
Ep 310 | Focal=0.0000 | KL=0.0003 | Con=7.7951 | Total=0.0003 | ValF1@0.5=1.0000
Ep 320 | Focal=0.0000 | KL=0.0003 | Con=7.7903 | Total=0.0003 | ValF1@0.5=1.0000
Ep 330 | Focal=0.0000 | KL=0.0003 | Con=7.8137 | Total=0.0003 | ValF1@0.5=1.0000
Ep 340 | Focal=0.0000 | KL=0.0003 | Con=7.7897 | Total=0.0003 | ValF1@0.5=1.0000
Ep 350 | Focal=0.0000 | KL=0.0003 | Con=7.7881 | Total=0.0003 | ValF1@0.5=1.0000
Ep 360 | Focal=0.0000 | KL=0.0003 | Con=7.7861 | Total=0.0003 | ValF1@0.5=1.0000
Ep 370 | Focal=0.0000 | KL=0.0003 | Con=7.8043 | Total=0.0003 | ValF1@0.5=1.0000
Ep 380 | Focal=0.0000 | KL=0.0003 | Con=7.7946 | Total=0.0003 | ValF1@0.5=1.0000
Ep 390 | Focal=0.0000 | KL=0.0002 | Con=7.7869 | Total=0.0002 | ValF1@0.5=1.0000
Ep 400 | Focal=0.0000 | KL=0.0002 | Con=7.7932 | Total=0.0002 | ValF1@0.5=1.0000

[OK] Load best model by ValF1@0.5=1.0000

[VAL] best threshold=0.460, best macroF1=1.0000

================ TRAIN ================
Threshold: 0.460
Accuracy : 0.9982
Macro-F1 : 0.9961 (Class0: 0.9990, Class1: 0.9932)
AUC      : 1.0000
MCC      : 0.9922
G-Mean   : 0.9990
Sensitivity: 1.0000
Specificity: 0.9980
Classification report:
              precision    recall  f1-score   support

           0     1.0000    0.9980    0.9990      1468
           1     0.9865    1.0000    0.9932       220

    accuracy                         0.9982      1688
   macro avg     0.9933    0.9990    0.9961      1688
weighted avg     0.9982    0.9982    0.9982      1688


================ VAL ================
Threshold: 0.460
Accuracy : 1.0000
Macro-F1 : 1.0000 (Class0: 1.0000, Class1: 1.0000)
AUC      : 1.0000
MCC      : 1.0000
G-Mean   : 1.0000
Sensitivity: 1.0000
Specificity: 1.0000
Classification report:
              precision    recall  f1-score   support

           0     1.0000    1.0000    1.0000       177
           1     1.0000    1.0000    1.0000        35

    accuracy                         1.0000       212
   macro avg     1.0000    1.0000    1.0000       212
weighted avg     1.0000    1.0000    1.0000       212


================ TEST ================
Threshold: 0.460
Accuracy : 0.9763
Macro-F1 : 0.9507 (Class0: 0.9862, Class1: 0.9153)
AUC      : 0.9946
MCC      : 0.9060
G-Mean   : 0.9186
Sensitivity: 0.8438
Specificity: 1.0000
Classification report:
              precision    recall  f1-score   support

           0     0.9728    1.0000    0.9862       179
           1     1.0000    0.8438    0.9153        32

    accuracy                         0.9763       211
   macro avg     0.9864    0.9219    0.9507       211
weighted avg     0.9769    0.9763    0.9755       211


================================================================================
 RUN 21/30 (Seed=20)
================================================================================
================================================================================
 Pipeline: LP soft labels + MLP prob + 1.0 * KL + Focal + 0.0 * SupCon
================================================================================
_propagate 的参数值:
  alpha_pos = 0.8
  alpha_neg = 0.85
  forbid_flip = True
  flip_margin = 0.1

[LP] soft label stats (train only):
  pos mean: 0.9674
  neg mean: 0.0015
  seeds ratio: 0.968
训练函数参数值:
  lr = 0.001
  weight_decay = 1e-05
  epochs = 400
  focal_gamma = 2.0
  focal_alpha = 0.25
  use_contrastive = True
  contrastive_weight = 0.0
  contrastive_temp = 0.07
  minority_weight = 2.0
  use_kl = True
  kl_weight = 1.0
  device = cuda
Ep 010 | Focal=0.0016 | KL=0.0673 | Con=8.2574 | Total=0.0689 | ValF1@0.5=0.9915
Ep 020 | Focal=0.0037 | KL=0.0080 | Con=8.2670 | Total=0.0117 | ValF1@0.5=0.9915
Ep 030 | Focal=0.0009 | KL=0.0039 | Con=8.0120 | Total=0.0048 | ValF1@0.5=0.9915
Ep 040 | Focal=0.0001 | KL=0.0022 | Con=7.8470 | Total=0.0023 | ValF1@0.5=0.9915
Ep 050 | Focal=0.0001 | KL=0.0018 | Con=7.9129 | Total=0.0019 | ValF1@0.5=0.9915
Ep 060 | Focal=0.0002 | KL=0.0015 | Con=7.8639 | Total=0.0016 | ValF1@0.5=0.9915
Ep 070 | Focal=0.0000 | KL=0.0009 | Con=7.8306 | Total=0.0010 | ValF1@0.5=0.9915
Ep 080 | Focal=0.0000 | KL=0.0010 | Con=7.8235 | Total=0.0011 | ValF1@0.5=0.9915
Ep 090 | Focal=0.0000 | KL=0.0009 | Con=7.8434 | Total=0.0009 | ValF1@0.5=0.9915
Ep 100 | Focal=0.0000 | KL=0.0008 | Con=7.8091 | Total=0.0008 | ValF1@0.5=0.9915
Ep 110 | Focal=0.0000 | KL=0.0007 | Con=7.8561 | Total=0.0008 | ValF1@0.5=0.9915
Ep 120 | Focal=0.0000 | KL=0.0009 | Con=7.8084 | Total=0.0010 | ValF1@0.5=0.9915
Ep 130 | Focal=0.0000 | KL=0.0005 | Con=7.8195 | Total=0.0006 | ValF1@0.5=0.9915
Ep 140 | Focal=0.0000 | KL=0.0007 | Con=7.8119 | Total=0.0007 | ValF1@0.5=0.9915
Ep 150 | Focal=0.0000 | KL=0.0006 | Con=7.8176 | Total=0.0007 | ValF1@0.5=0.9915
Ep 160 | Focal=0.0000 | KL=0.0007 | Con=7.8314 | Total=0.0007 | ValF1@0.5=0.9915
Ep 170 | Focal=0.0000 | KL=0.0005 | Con=7.8172 | Total=0.0005 | ValF1@0.5=0.9915
Ep 180 | Focal=0.0000 | KL=0.0005 | Con=7.8312 | Total=0.0005 | ValF1@0.5=0.9915
Ep 190 | Focal=0.0000 | KL=0.0005 | Con=7.8419 | Total=0.0006 | ValF1@0.5=0.9915
Ep 200 | Focal=0.0000 | KL=0.0006 | Con=7.8298 | Total=0.0006 | ValF1@0.5=0.9915
Ep 210 | Focal=0.0000 | KL=0.0005 | Con=7.8144 | Total=0.0005 | ValF1@0.5=0.9915
Ep 220 | Focal=0.0000 | KL=0.0004 | Con=7.7897 | Total=0.0004 | ValF1@0.5=0.9915
Ep 230 | Focal=0.0000 | KL=0.0004 | Con=7.8189 | Total=0.0004 | ValF1@0.5=0.9915
Ep 240 | Focal=0.0000 | KL=0.0004 | Con=7.8240 | Total=0.0004 | ValF1@0.5=0.9915
Ep 250 | Focal=0.0000 | KL=0.0004 | Con=7.8110 | Total=0.0004 | ValF1@0.5=0.9915
Ep 260 | Focal=0.0000 | KL=0.0003 | Con=7.8078 | Total=0.0003 | ValF1@0.5=0.9915
Ep 270 | Focal=0.0000 | KL=0.0004 | Con=7.8118 | Total=0.0004 | ValF1@0.5=0.9915
Ep 280 | Focal=0.0000 | KL=0.0003 | Con=7.8092 | Total=0.0003 | ValF1@0.5=0.9915
Ep 290 | Focal=0.0000 | KL=0.0003 | Con=7.8195 | Total=0.0003 | ValF1@0.5=0.9915
Ep 300 | Focal=0.0000 | KL=0.0003 | Con=7.8161 | Total=0.0003 | ValF1@0.5=0.9915
Ep 310 | Focal=0.0000 | KL=0.0004 | Con=7.8059 | Total=0.0004 | ValF1@0.5=0.9915
Ep 320 | Focal=0.0000 | KL=0.0003 | Con=7.8060 | Total=0.0003 | ValF1@0.5=0.9915
Ep 330 | Focal=0.0000 | KL=0.0003 | Con=7.8050 | Total=0.0003 | ValF1@0.5=0.9915
Ep 340 | Focal=0.0000 | KL=0.0002 | Con=7.8064 | Total=0.0003 | ValF1@0.5=0.9915
Ep 350 | Focal=0.0000 | KL=0.0002 | Con=7.8178 | Total=0.0003 | ValF1@0.5=0.9915
Ep 360 | Focal=0.0000 | KL=0.0004 | Con=7.8342 | Total=0.0004 | ValF1@0.5=0.9915
Ep 370 | Focal=0.0000 | KL=0.0002 | Con=7.8115 | Total=0.0002 | ValF1@0.5=0.9915
Ep 380 | Focal=0.0000 | KL=0.0002 | Con=7.8101 | Total=0.0002 | ValF1@0.5=0.9915
Ep 390 | Focal=0.0000 | KL=0.0003 | Con=7.8118 | Total=0.0003 | ValF1@0.5=0.9915
Ep 400 | Focal=0.0000 | KL=0.0002 | Con=7.8029 | Total=0.0002 | ValF1@0.5=0.9915

[OK] Load best model by ValF1@0.5=0.9915

[VAL] best threshold=0.630, best macroF1=1.0000

================ TRAIN ================
Threshold: 0.630
Accuracy : 0.9917
Macro-F1 : 0.9814 (Class0: 0.9952, Class1: 0.9676)
AUC      : 0.9998
MCC      : 0.9631
G-Mean   : 0.9737
Sensitivity: 0.9500
Specificity: 0.9980
Classification report:
              precision    recall  f1-score   support

           0     0.9925    0.9980    0.9952      1468
           1     0.9858    0.9500    0.9676       220

    accuracy                         0.9917      1688
   macro avg     0.9892    0.9740    0.9814      1688
weighted avg     0.9917    0.9917    0.9916      1688


================ VAL ================
Threshold: 0.630
Accuracy : 1.0000
Macro-F1 : 1.0000 (Class0: 1.0000, Class1: 1.0000)
AUC      : 1.0000
MCC      : 1.0000
G-Mean   : 1.0000
Sensitivity: 1.0000
Specificity: 1.0000
Classification report:
              precision    recall  f1-score   support

           0     1.0000    1.0000    1.0000       177
           1     1.0000    1.0000    1.0000        35

    accuracy                         1.0000       212
   macro avg     1.0000    1.0000    1.0000       212
weighted avg     1.0000    1.0000    1.0000       212


================ TEST ================
Threshold: 0.630
Accuracy : 0.9716
Macro-F1 : 0.9400 (Class0: 0.9835, Class1: 0.8966)
AUC      : 0.9866
MCC      : 0.8867
G-Mean   : 0.9014
Sensitivity: 0.8125
Specificity: 1.0000
Classification report:
              precision    recall  f1-score   support

           0     0.9676    1.0000    0.9835       179
           1     1.0000    0.8125    0.8966        32

    accuracy                         0.9716       211
   macro avg     0.9838    0.9062    0.9400       211
weighted avg     0.9725    0.9716    0.9703       211


================================================================================
 RUN 22/30 (Seed=21)
================================================================================
================================================================================
 Pipeline: LP soft labels + MLP prob + 1.0 * KL + Focal + 0.0 * SupCon
================================================================================
_propagate 的参数值:
  alpha_pos = 0.8
  alpha_neg = 0.85
  forbid_flip = True
  flip_margin = 0.1

[LP] soft label stats (train only):
  pos mean: 0.9674
  neg mean: 0.0015
  seeds ratio: 0.968
训练函数参数值:
  lr = 0.001
  weight_decay = 1e-05
  epochs = 400
  focal_gamma = 2.0
  focal_alpha = 0.25
  use_contrastive = True
  contrastive_weight = 0.0
  contrastive_temp = 0.07
  minority_weight = 2.0
  use_kl = True
  kl_weight = 1.0
  device = cuda
Ep 010 | Focal=0.0019 | KL=0.0518 | Con=8.2026 | Total=0.0537 | ValF1@0.5=1.0000
Ep 020 | Focal=0.0023 | KL=0.0056 | Con=8.1547 | Total=0.0079 | ValF1@0.5=0.9915
Ep 030 | Focal=0.0013 | KL=0.0045 | Con=7.8795 | Total=0.0057 | ValF1@0.5=0.9915
Ep 040 | Focal=0.0003 | KL=0.0027 | Con=7.8711 | Total=0.0030 | ValF1@0.5=0.9915
Ep 050 | Focal=0.0001 | KL=0.0016 | Con=7.8247 | Total=0.0017 | ValF1@0.5=0.9915
Ep 060 | Focal=0.0002 | KL=0.0018 | Con=7.9190 | Total=0.0020 | ValF1@0.5=0.9915
Ep 070 | Focal=0.0000 | KL=0.0012 | Con=7.8054 | Total=0.0012 | ValF1@0.5=0.9829
Ep 080 | Focal=0.0000 | KL=0.0011 | Con=7.8392 | Total=0.0012 | ValF1@0.5=0.9913
Ep 090 | Focal=0.0000 | KL=0.0009 | Con=7.8139 | Total=0.0009 | ValF1@0.5=0.9829
Ep 100 | Focal=0.0001 | KL=0.0010 | Con=7.8743 | Total=0.0011 | ValF1@0.5=0.9915
Ep 110 | Focal=0.0000 | KL=0.0008 | Con=7.8122 | Total=0.0008 | ValF1@0.5=0.9915
Ep 120 | Focal=0.0000 | KL=0.0007 | Con=7.8324 | Total=0.0007 | ValF1@0.5=0.9829
Ep 130 | Focal=0.0000 | KL=0.0008 | Con=7.8124 | Total=0.0008 | ValF1@0.5=0.9829
Ep 140 | Focal=0.0000 | KL=0.0007 | Con=7.8079 | Total=0.0007 | ValF1@0.5=0.9829
Ep 150 | Focal=0.0000 | KL=0.0005 | Con=7.8012 | Total=0.0005 | ValF1@0.5=0.9829
Ep 160 | Focal=0.0000 | KL=0.0005 | Con=7.8039 | Total=0.0006 | ValF1@0.5=0.9915
Ep 170 | Focal=0.0000 | KL=0.0007 | Con=7.7929 | Total=0.0007 | ValF1@0.5=0.9915
Ep 180 | Focal=0.0000 | KL=0.0006 | Con=7.8249 | Total=0.0006 | ValF1@0.5=0.9829
Ep 190 | Focal=0.0000 | KL=0.0005 | Con=7.7879 | Total=0.0005 | ValF1@0.5=0.9829
Ep 200 | Focal=0.0000 | KL=0.0005 | Con=7.8334 | Total=0.0005 | ValF1@0.5=0.9915
Ep 210 | Focal=0.0000 | KL=0.0004 | Con=7.7972 | Total=0.0004 | ValF1@0.5=0.9915
Ep 220 | Focal=0.0000 | KL=0.0005 | Con=7.8298 | Total=0.0006 | ValF1@0.5=0.9829
Ep 230 | Focal=0.0000 | KL=0.0005 | Con=7.7837 | Total=0.0005 | ValF1@0.5=0.9829
Ep 240 | Focal=0.0000 | KL=0.0004 | Con=7.8101 | Total=0.0004 | ValF1@0.5=0.9829
Ep 250 | Focal=0.0000 | KL=0.0004 | Con=7.8021 | Total=0.0004 | ValF1@0.5=0.9829
Ep 260 | Focal=0.0000 | KL=0.0005 | Con=7.8104 | Total=0.0005 | ValF1@0.5=0.9915
Ep 270 | Focal=0.0000 | KL=0.0004 | Con=7.8215 | Total=0.0004 | ValF1@0.5=0.9915
Ep 280 | Focal=0.0000 | KL=0.0003 | Con=7.7987 | Total=0.0003 | ValF1@0.5=0.9915
Ep 290 | Focal=0.0000 | KL=0.0004 | Con=7.7950 | Total=0.0004 | ValF1@0.5=0.9829
Ep 300 | Focal=0.0000 | KL=0.0003 | Con=7.7978 | Total=0.0003 | ValF1@0.5=0.9915
Ep 310 | Focal=0.0000 | KL=0.0003 | Con=7.7897 | Total=0.0003 | ValF1@0.5=0.9915
Ep 320 | Focal=0.0000 | KL=0.0004 | Con=7.8007 | Total=0.0004 | ValF1@0.5=0.9915
Ep 330 | Focal=0.0000 | KL=0.0004 | Con=7.8027 | Total=0.0004 | ValF1@0.5=0.9915
Ep 340 | Focal=0.0000 | KL=0.0004 | Con=7.8172 | Total=0.0004 | ValF1@0.5=0.9915
Ep 350 | Focal=0.0000 | KL=0.0003 | Con=7.7940 | Total=0.0003 | ValF1@0.5=0.9829
Ep 360 | Focal=0.0000 | KL=0.0003 | Con=7.8010 | Total=0.0003 | ValF1@0.5=0.9915
Ep 370 | Focal=0.0000 | KL=0.0003 | Con=7.8172 | Total=0.0003 | ValF1@0.5=0.9915
Ep 380 | Focal=0.0000 | KL=0.0003 | Con=7.7879 | Total=0.0003 | ValF1@0.5=0.9829
Ep 390 | Focal=0.0000 | KL=0.0002 | Con=7.7969 | Total=0.0002 | ValF1@0.5=0.9915
Ep 400 | Focal=0.0000 | KL=0.0003 | Con=7.8412 | Total=0.0003 | ValF1@0.5=0.9915

[OK] Load best model by ValF1@0.5=1.0000

[VAL] best threshold=0.460, best macroF1=1.0000

================ TRAIN ================
Threshold: 0.460
Accuracy : 0.9917
Macro-F1 : 0.9814 (Class0: 0.9952, Class1: 0.9676)
AUC      : 0.9991
MCC      : 0.9631
G-Mean   : 0.9737
Sensitivity: 0.9500
Specificity: 0.9980
Classification report:
              precision    recall  f1-score   support

           0     0.9925    0.9980    0.9952      1468
           1     0.9858    0.9500    0.9676       220

    accuracy                         0.9917      1688
   macro avg     0.9892    0.9740    0.9814      1688
weighted avg     0.9917    0.9917    0.9916      1688


================ VAL ================
Threshold: 0.460
Accuracy : 1.0000
Macro-F1 : 1.0000 (Class0: 1.0000, Class1: 1.0000)
AUC      : 1.0000
MCC      : 1.0000
G-Mean   : 1.0000
Sensitivity: 1.0000
Specificity: 1.0000
Classification report:
              precision    recall  f1-score   support

           0     1.0000    1.0000    1.0000       177
           1     1.0000    1.0000    1.0000        35

    accuracy                         1.0000       212
   macro avg     1.0000    1.0000    1.0000       212
weighted avg     1.0000    1.0000    1.0000       212


================ TEST ================
Threshold: 0.460
Accuracy : 0.9716
Macro-F1 : 0.9400 (Class0: 0.9835, Class1: 0.8966)
AUC      : 0.9918
MCC      : 0.8867
G-Mean   : 0.9014
Sensitivity: 0.8125
Specificity: 1.0000
Classification report:
              precision    recall  f1-score   support

           0     0.9676    1.0000    0.9835       179
           1     1.0000    0.8125    0.8966        32

    accuracy                         0.9716       211
   macro avg     0.9838    0.9062    0.9400       211
weighted avg     0.9725    0.9716    0.9703       211


================================================================================
 RUN 23/30 (Seed=22)
================================================================================
================================================================================
 Pipeline: LP soft labels + MLP prob + 1.0 * KL + Focal + 0.0 * SupCon
================================================================================
_propagate 的参数值:
  alpha_pos = 0.8
  alpha_neg = 0.85
  forbid_flip = True
  flip_margin = 0.1

[LP] soft label stats (train only):
  pos mean: 0.9674
  neg mean: 0.0015
  seeds ratio: 0.968
训练函数参数值:
  lr = 0.001
  weight_decay = 1e-05
  epochs = 400
  focal_gamma = 2.0
  focal_alpha = 0.25
  use_contrastive = True
  contrastive_weight = 0.0
  contrastive_temp = 0.07
  minority_weight = 2.0
  use_kl = True
  kl_weight = 1.0
  device = cuda
Ep 010 | Focal=0.0016 | KL=0.0648 | Con=8.2975 | Total=0.0664 | ValF1@0.5=0.9915
Ep 020 | Focal=0.0032 | KL=0.0069 | Con=8.2200 | Total=0.0101 | ValF1@0.5=0.9915
Ep 030 | Focal=0.0010 | KL=0.0047 | Con=7.9390 | Total=0.0056 | ValF1@0.5=0.9915
Ep 040 | Focal=0.0001 | KL=0.0025 | Con=7.8750 | Total=0.0026 | ValF1@0.5=0.9915
Ep 050 | Focal=0.0002 | KL=0.0015 | Con=7.9151 | Total=0.0017 | ValF1@0.5=0.9915
Ep 060 | Focal=0.0001 | KL=0.0013 | Con=7.8829 | Total=0.0015 | ValF1@0.5=0.9915
Ep 070 | Focal=0.0000 | KL=0.0010 | Con=7.8166 | Total=0.0011 | ValF1@0.5=0.9915
Ep 080 | Focal=0.0001 | KL=0.0010 | Con=7.8531 | Total=0.0010 | ValF1@0.5=0.9915
Ep 090 | Focal=0.0001 | KL=0.0010 | Con=7.8047 | Total=0.0011 | ValF1@0.5=1.0000
Ep 100 | Focal=0.0001 | KL=0.0009 | Con=7.8304 | Total=0.0009 | ValF1@0.5=1.0000
Ep 110 | Focal=0.0001 | KL=0.0009 | Con=7.8257 | Total=0.0010 | ValF1@0.5=1.0000
Ep 120 | Focal=0.0000 | KL=0.0007 | Con=7.8308 | Total=0.0008 | ValF1@0.5=0.9915
Ep 130 | Focal=0.0000 | KL=0.0007 | Con=7.8307 | Total=0.0007 | ValF1@0.5=1.0000
Ep 140 | Focal=0.0000 | KL=0.0007 | Con=7.8219 | Total=0.0008 | ValF1@0.5=1.0000
Ep 150 | Focal=0.0000 | KL=0.0006 | Con=7.8032 | Total=0.0007 | ValF1@0.5=1.0000
Ep 160 | Focal=0.0000 | KL=0.0007 | Con=7.8027 | Total=0.0007 | ValF1@0.5=1.0000
Ep 170 | Focal=0.0000 | KL=0.0007 | Con=7.8151 | Total=0.0007 | ValF1@0.5=1.0000
Ep 180 | Focal=0.0000 | KL=0.0006 | Con=7.8136 | Total=0.0006 | ValF1@0.5=1.0000
Ep 190 | Focal=0.0000 | KL=0.0004 | Con=7.7971 | Total=0.0004 | ValF1@0.5=1.0000
Ep 200 | Focal=0.0000 | KL=0.0004 | Con=7.8133 | Total=0.0004 | ValF1@0.5=1.0000
Ep 210 | Focal=0.0000 | KL=0.0004 | Con=7.8046 | Total=0.0005 | ValF1@0.5=1.0000
Ep 220 | Focal=0.0000 | KL=0.0004 | Con=7.8063 | Total=0.0004 | ValF1@0.5=1.0000
Ep 230 | Focal=0.0000 | KL=0.0006 | Con=7.8016 | Total=0.0006 | ValF1@0.5=1.0000
Ep 240 | Focal=0.0000 | KL=0.0004 | Con=7.8099 | Total=0.0004 | ValF1@0.5=1.0000
Ep 250 | Focal=0.0000 | KL=0.0005 | Con=7.8037 | Total=0.0005 | ValF1@0.5=1.0000
Ep 260 | Focal=0.0000 | KL=0.0004 | Con=7.8208 | Total=0.0005 | ValF1@0.5=1.0000
Ep 270 | Focal=0.0000 | KL=0.0004 | Con=7.7917 | Total=0.0004 | ValF1@0.5=1.0000
Ep 280 | Focal=0.0000 | KL=0.0004 | Con=7.7980 | Total=0.0004 | ValF1@0.5=1.0000
Ep 290 | Focal=0.0000 | KL=0.0002 | Con=7.8057 | Total=0.0002 | ValF1@0.5=1.0000
Ep 300 | Focal=0.0000 | KL=0.0004 | Con=7.7934 | Total=0.0004 | ValF1@0.5=1.0000
Ep 310 | Focal=0.0000 | KL=0.0003 | Con=7.8007 | Total=0.0003 | ValF1@0.5=1.0000
Ep 320 | Focal=0.0000 | KL=0.0003 | Con=7.7967 | Total=0.0003 | ValF1@0.5=0.9915
Ep 330 | Focal=0.0000 | KL=0.0003 | Con=7.8069 | Total=0.0003 | ValF1@0.5=0.9915
Ep 340 | Focal=0.0000 | KL=0.0003 | Con=7.7948 | Total=0.0003 | ValF1@0.5=1.0000
Ep 350 | Focal=0.0000 | KL=0.0003 | Con=7.8160 | Total=0.0003 | ValF1@0.5=1.0000
Ep 360 | Focal=0.0000 | KL=0.0003 | Con=7.8126 | Total=0.0003 | ValF1@0.5=1.0000
Ep 370 | Focal=0.0000 | KL=0.0003 | Con=7.8063 | Total=0.0003 | ValF1@0.5=1.0000
Ep 380 | Focal=0.0000 | KL=0.0003 | Con=7.8098 | Total=0.0003 | ValF1@0.5=0.9915
Ep 390 | Focal=0.0000 | KL=0.0003 | Con=7.8119 | Total=0.0003 | ValF1@0.5=0.9915
Ep 400 | Focal=0.0000 | KL=0.0002 | Con=7.8034 | Total=0.0002 | ValF1@0.5=0.9915

[OK] Load best model by ValF1@0.5=1.0000

[VAL] best threshold=0.460, best macroF1=1.0000

================ TRAIN ================
Threshold: 0.460
Accuracy : 1.0000
Macro-F1 : 1.0000 (Class0: 1.0000, Class1: 1.0000)
AUC      : 1.0000
MCC      : 1.0000
G-Mean   : 1.0000
Sensitivity: 1.0000
Specificity: 1.0000
Classification report:
              precision    recall  f1-score   support

           0     1.0000    1.0000    1.0000      1468
           1     1.0000    1.0000    1.0000       220

    accuracy                         1.0000      1688
   macro avg     1.0000    1.0000    1.0000      1688
weighted avg     1.0000    1.0000    1.0000      1688


================ VAL ================
Threshold: 0.460
Accuracy : 1.0000
Macro-F1 : 1.0000 (Class0: 1.0000, Class1: 1.0000)
AUC      : 1.0000
MCC      : 1.0000
G-Mean   : 1.0000
Sensitivity: 1.0000
Specificity: 1.0000
Classification report:
              precision    recall  f1-score   support

           0     1.0000    1.0000    1.0000       177
           1     1.0000    1.0000    1.0000        35

    accuracy                         1.0000       212
   macro avg     1.0000    1.0000    1.0000       212
weighted avg     1.0000    1.0000    1.0000       212


================ TEST ================
Threshold: 0.460
Accuracy : 0.9763
Macro-F1 : 0.9507 (Class0: 0.9862, Class1: 0.9153)
AUC      : 0.9948
MCC      : 0.9060
G-Mean   : 0.9186
Sensitivity: 0.8438
Specificity: 1.0000
Classification report:
              precision    recall  f1-score   support

           0     0.9728    1.0000    0.9862       179
           1     1.0000    0.8438    0.9153        32

    accuracy                         0.9763       211
   macro avg     0.9864    0.9219    0.9507       211
weighted avg     0.9769    0.9763    0.9755       211


================================================================================
 RUN 24/30 (Seed=23)
================================================================================
================================================================================
 Pipeline: LP soft labels + MLP prob + 1.0 * KL + Focal + 0.0 * SupCon
================================================================================
_propagate 的参数值:
  alpha_pos = 0.8
  alpha_neg = 0.85
  forbid_flip = True
  flip_margin = 0.1

[LP] soft label stats (train only):
  pos mean: 0.9674
  neg mean: 0.0015
  seeds ratio: 0.968
训练函数参数值:
  lr = 0.001
  weight_decay = 1e-05
  epochs = 400
  focal_gamma = 2.0
  focal_alpha = 0.25
  use_contrastive = True
  contrastive_weight = 0.0
  contrastive_temp = 0.07
  minority_weight = 2.0
  use_kl = True
  kl_weight = 1.0
  device = cuda
Ep 010 | Focal=0.0019 | KL=0.0791 | Con=8.2924 | Total=0.0810 | ValF1@0.5=0.9915
Ep 020 | Focal=0.0046 | KL=0.0094 | Con=8.3260 | Total=0.0140 | ValF1@0.5=0.9915
Ep 030 | Focal=0.0011 | KL=0.0039 | Con=8.0381 | Total=0.0050 | ValF1@0.5=0.9915
Ep 040 | Focal=0.0002 | KL=0.0024 | Con=7.8992 | Total=0.0025 | ValF1@0.5=0.9829
Ep 050 | Focal=0.0001 | KL=0.0016 | Con=7.9090 | Total=0.0017 | ValF1@0.5=0.9829
Ep 060 | Focal=0.0000 | KL=0.0013 | Con=7.8712 | Total=0.0013 | ValF1@0.5=0.9829
Ep 070 | Focal=0.0000 | KL=0.0010 | Con=7.8135 | Total=0.0010 | ValF1@0.5=0.9915
Ep 080 | Focal=0.0002 | KL=0.0011 | Con=7.9057 | Total=0.0013 | ValF1@0.5=0.9829
Ep 090 | Focal=0.0000 | KL=0.0008 | Con=7.8424 | Total=0.0008 | ValF1@0.5=0.9829
Ep 100 | Focal=0.0000 | KL=0.0009 | Con=7.8239 | Total=0.0009 | ValF1@0.5=0.9829
Ep 110 | Focal=0.0001 | KL=0.0009 | Con=7.8791 | Total=0.0010 | ValF1@0.5=0.9829
Ep 120 | Focal=0.0001 | KL=0.0008 | Con=7.8875 | Total=0.0009 | ValF1@0.5=0.9913
Ep 130 | Focal=0.0000 | KL=0.0006 | Con=7.8217 | Total=0.0006 | ValF1@0.5=0.9829
Ep 140 | Focal=0.0000 | KL=0.0006 | Con=7.8182 | Total=0.0006 | ValF1@0.5=0.9829
Ep 150 | Focal=0.0001 | KL=0.0005 | Con=7.8230 | Total=0.0006 | ValF1@0.5=0.9915
Ep 160 | Focal=0.0000 | KL=0.0006 | Con=7.8284 | Total=0.0006 | ValF1@0.5=0.9913
Ep 170 | Focal=0.0001 | KL=0.0008 | Con=7.8678 | Total=0.0009 | ValF1@0.5=0.9915
Ep 180 | Focal=0.0000 | KL=0.0004 | Con=7.8039 | Total=0.0004 | ValF1@0.5=0.9829
Ep 190 | Focal=0.0000 | KL=0.0005 | Con=7.7955 | Total=0.0005 | ValF1@0.5=0.9915
Ep 200 | Focal=0.0000 | KL=0.0005 | Con=7.8196 | Total=0.0005 | ValF1@0.5=0.9913
Ep 210 | Focal=0.0000 | KL=0.0004 | Con=7.8166 | Total=0.0005 | ValF1@0.5=0.9829
Ep 220 | Focal=0.0000 | KL=0.0004 | Con=7.8214 | Total=0.0004 | ValF1@0.5=0.9915
Ep 230 | Focal=0.0000 | KL=0.0004 | Con=7.8101 | Total=0.0004 | ValF1@0.5=0.9829
Ep 240 | Focal=0.0000 | KL=0.0004 | Con=7.7818 | Total=0.0005 | ValF1@0.5=0.9915
Ep 250 | Focal=0.0000 | KL=0.0004 | Con=7.7936 | Total=0.0004 | ValF1@0.5=0.9829
Ep 260 | Focal=0.0000 | KL=0.0003 | Con=7.7896 | Total=0.0003 | ValF1@0.5=0.9829
Ep 270 | Focal=0.0000 | KL=0.0003 | Con=7.7916 | Total=0.0003 | ValF1@0.5=0.9829
Ep 280 | Focal=0.0000 | KL=0.0004 | Con=7.8127 | Total=0.0004 | ValF1@0.5=0.9915
Ep 290 | Focal=0.0000 | KL=0.0004 | Con=7.7996 | Total=0.0004 | ValF1@0.5=0.9829
Ep 300 | Focal=0.0000 | KL=0.0003 | Con=7.8069 | Total=0.0003 | ValF1@0.5=0.9915
Ep 310 | Focal=0.0000 | KL=0.0003 | Con=7.7974 | Total=0.0003 | ValF1@0.5=0.9915
Ep 320 | Focal=0.0000 | KL=0.0003 | Con=7.8097 | Total=0.0003 | ValF1@0.5=0.9915
Ep 330 | Focal=0.0000 | KL=0.0003 | Con=7.8057 | Total=0.0003 | ValF1@0.5=0.9829
Ep 340 | Focal=0.0000 | KL=0.0003 | Con=7.8017 | Total=0.0003 | ValF1@0.5=0.9915
Ep 350 | Focal=0.0000 | KL=0.0003 | Con=7.8192 | Total=0.0003 | ValF1@0.5=0.9915
Ep 360 | Focal=0.0000 | KL=0.0002 | Con=7.8037 | Total=0.0002 | ValF1@0.5=0.9915
Ep 370 | Focal=0.0000 | KL=0.0002 | Con=7.8034 | Total=0.0003 | ValF1@0.5=0.9829
Ep 380 | Focal=0.0000 | KL=0.0003 | Con=7.7970 | Total=0.0003 | ValF1@0.5=0.9915
Ep 390 | Focal=0.0000 | KL=0.0002 | Con=7.7930 | Total=0.0003 | ValF1@0.5=0.9915
Ep 400 | Focal=0.0000 | KL=0.0003 | Con=7.8037 | Total=0.0003 | ValF1@0.5=0.9915

[OK] Load best model by ValF1@0.5=0.9915

[VAL] best threshold=0.700, best macroF1=1.0000

================ TRAIN ================
Threshold: 0.700
Accuracy : 0.9923
Macro-F1 : 0.9828 (Class0: 0.9956, Class1: 0.9700)
AUC      : 0.9997
MCC      : 0.9657
G-Mean   : 0.9760
Sensitivity: 0.9545
Specificity: 0.9980
Classification report:
              precision    recall  f1-score   support

           0     0.9932    0.9980    0.9956      1468
           1     0.9859    0.9545    0.9700       220

    accuracy                         0.9923      1688
   macro avg     0.9896    0.9763    0.9828      1688
weighted avg     0.9923    0.9923    0.9922      1688


================ VAL ================
Threshold: 0.700
Accuracy : 1.0000
Macro-F1 : 1.0000 (Class0: 1.0000, Class1: 1.0000)
AUC      : 1.0000
MCC      : 1.0000
G-Mean   : 1.0000
Sensitivity: 1.0000
Specificity: 1.0000
Classification report:
              precision    recall  f1-score   support

           0     1.0000    1.0000    1.0000       177
           1     1.0000    1.0000    1.0000        35

    accuracy                         1.0000       212
   macro avg     1.0000    1.0000    1.0000       212
weighted avg     1.0000    1.0000    1.0000       212


================ TEST ================
Threshold: 0.700
Accuracy : 0.9716
Macro-F1 : 0.9400 (Class0: 0.9835, Class1: 0.8966)
AUC      : 0.9930
MCC      : 0.8867
G-Mean   : 0.9014
Sensitivity: 0.8125
Specificity: 1.0000
Classification report:
              precision    recall  f1-score   support

           0     0.9676    1.0000    0.9835       179
           1     1.0000    0.8125    0.8966        32

    accuracy                         0.9716       211
   macro avg     0.9838    0.9062    0.9400       211
weighted avg     0.9725    0.9716    0.9703       211


================================================================================
 RUN 25/30 (Seed=24)
================================================================================
================================================================================
 Pipeline: LP soft labels + MLP prob + 1.0 * KL + Focal + 0.0 * SupCon
================================================================================
_propagate 的参数值:
  alpha_pos = 0.8
  alpha_neg = 0.85
  forbid_flip = True
  flip_margin = 0.1

[LP] soft label stats (train only):
  pos mean: 0.9674
  neg mean: 0.0015
  seeds ratio: 0.968
训练函数参数值:
  lr = 0.001
  weight_decay = 1e-05
  epochs = 400
  focal_gamma = 2.0
  focal_alpha = 0.25
  use_contrastive = True
  contrastive_weight = 0.0
  contrastive_temp = 0.07
  minority_weight = 2.0
  use_kl = True
  kl_weight = 1.0
  device = cuda
Ep 010 | Focal=0.0017 | KL=0.0567 | Con=8.2406 | Total=0.0584 | ValF1@0.5=0.9915
Ep 020 | Focal=0.0029 | KL=0.0067 | Con=8.1983 | Total=0.0097 | ValF1@0.5=0.9915
Ep 030 | Focal=0.0009 | KL=0.0036 | Con=7.9918 | Total=0.0045 | ValF1@0.5=0.9915
Ep 040 | Focal=0.0002 | KL=0.0022 | Con=7.9122 | Total=0.0024 | ValF1@0.5=0.9915
Ep 050 | Focal=0.0001 | KL=0.0015 | Con=7.9251 | Total=0.0016 | ValF1@0.5=0.9915
Ep 060 | Focal=0.0002 | KL=0.0014 | Con=7.9599 | Total=0.0016 | ValF1@0.5=0.9915
Ep 070 | Focal=0.0001 | KL=0.0011 | Con=7.8883 | Total=0.0012 | ValF1@0.5=0.9915
Ep 080 | Focal=0.0001 | KL=0.0009 | Con=7.8740 | Total=0.0010 | ValF1@0.5=0.9915
Ep 090 | Focal=0.0001 | KL=0.0010 | Con=7.8635 | Total=0.0010 | ValF1@0.5=0.9915
Ep 100 | Focal=0.0000 | KL=0.0007 | Con=7.8470 | Total=0.0008 | ValF1@0.5=0.9915
Ep 110 | Focal=0.0000 | KL=0.0007 | Con=7.7819 | Total=0.0008 | ValF1@0.5=0.9915
Ep 120 | Focal=0.0000 | KL=0.0006 | Con=7.8218 | Total=0.0006 | ValF1@0.5=0.9915
Ep 130 | Focal=0.0001 | KL=0.0006 | Con=7.8300 | Total=0.0007 | ValF1@0.5=0.9915
Ep 140 | Focal=0.0000 | KL=0.0007 | Con=7.8086 | Total=0.0007 | ValF1@0.5=0.9915
Ep 150 | Focal=0.0001 | KL=0.0006 | Con=7.8294 | Total=0.0006 | ValF1@0.5=0.9915
Ep 160 | Focal=0.0000 | KL=0.0005 | Con=7.7803 | Total=0.0005 | ValF1@0.5=1.0000
Ep 170 | Focal=0.0000 | KL=0.0005 | Con=7.8163 | Total=0.0006 | ValF1@0.5=0.9915
Ep 180 | Focal=0.0000 | KL=0.0005 | Con=7.8075 | Total=0.0006 | ValF1@0.5=0.9915
Ep 190 | Focal=0.0000 | KL=0.0005 | Con=7.8215 | Total=0.0005 | ValF1@0.5=0.9915
Ep 200 | Focal=0.0000 | KL=0.0004 | Con=7.8090 | Total=0.0004 | ValF1@0.5=0.9915
Ep 210 | Focal=0.0000 | KL=0.0004 | Con=7.7882 | Total=0.0004 | ValF1@0.5=1.0000
Ep 220 | Focal=0.0000 | KL=0.0005 | Con=7.7972 | Total=0.0005 | ValF1@0.5=1.0000
Ep 230 | Focal=0.0000 | KL=0.0004 | Con=7.7979 | Total=0.0004 | ValF1@0.5=0.9915
Ep 240 | Focal=0.0000 | KL=0.0003 | Con=7.7941 | Total=0.0003 | ValF1@0.5=0.9915
Ep 250 | Focal=0.0000 | KL=0.0004 | Con=7.7978 | Total=0.0004 | ValF1@0.5=1.0000
Ep 260 | Focal=0.0000 | KL=0.0003 | Con=7.8177 | Total=0.0004 | ValF1@0.5=0.9915
Ep 270 | Focal=0.0000 | KL=0.0005 | Con=7.8172 | Total=0.0005 | ValF1@0.5=0.9915
Ep 280 | Focal=0.0000 | KL=0.0003 | Con=7.7880 | Total=0.0003 | ValF1@0.5=0.9915
Ep 290 | Focal=0.0000 | KL=0.0004 | Con=7.8192 | Total=0.0004 | ValF1@0.5=0.9915
Ep 300 | Focal=0.0000 | KL=0.0004 | Con=7.7974 | Total=0.0004 | ValF1@0.5=0.9915
Ep 310 | Focal=0.0000 | KL=0.0003 | Con=7.7873 | Total=0.0003 | ValF1@0.5=0.9915
Ep 320 | Focal=0.0000 | KL=0.0002 | Con=7.8097 | Total=0.0003 | ValF1@0.5=0.9915
Ep 330 | Focal=0.0000 | KL=0.0003 | Con=7.8030 | Total=0.0003 | ValF1@0.5=0.9915
Ep 340 | Focal=0.0000 | KL=0.0003 | Con=7.7903 | Total=0.0003 | ValF1@0.5=0.9915
Ep 350 | Focal=0.0000 | KL=0.0003 | Con=7.7825 | Total=0.0003 | ValF1@0.5=0.9915
Ep 360 | Focal=0.0000 | KL=0.0002 | Con=7.7855 | Total=0.0003 | ValF1@0.5=0.9915
Ep 370 | Focal=0.0000 | KL=0.0002 | Con=7.7942 | Total=0.0003 | ValF1@0.5=1.0000
Ep 380 | Focal=0.0000 | KL=0.0003 | Con=7.7934 | Total=0.0003 | ValF1@0.5=0.9915
Ep 390 | Focal=0.0000 | KL=0.0003 | Con=7.7910 | Total=0.0003 | ValF1@0.5=0.9915
Ep 400 | Focal=0.0000 | KL=0.0003 | Con=7.7782 | Total=0.0003 | ValF1@0.5=0.9915

[OK] Load best model by ValF1@0.5=1.0000

[VAL] best threshold=0.500, best macroF1=1.0000

================ TRAIN ================
Threshold: 0.500
Accuracy : 1.0000
Macro-F1 : 1.0000 (Class0: 1.0000, Class1: 1.0000)
AUC      : 1.0000
MCC      : 1.0000
G-Mean   : 1.0000
Sensitivity: 1.0000
Specificity: 1.0000
Classification report:
              precision    recall  f1-score   support

           0     1.0000    1.0000    1.0000      1468
           1     1.0000    1.0000    1.0000       220

    accuracy                         1.0000      1688
   macro avg     1.0000    1.0000    1.0000      1688
weighted avg     1.0000    1.0000    1.0000      1688


================ VAL ================
Threshold: 0.500
Accuracy : 1.0000
Macro-F1 : 1.0000 (Class0: 1.0000, Class1: 1.0000)
AUC      : 1.0000
MCC      : 1.0000
G-Mean   : 1.0000
Sensitivity: 1.0000
Specificity: 1.0000
Classification report:
              precision    recall  f1-score   support

           0     1.0000    1.0000    1.0000       177
           1     1.0000    1.0000    1.0000        35

    accuracy                         1.0000       212
   macro avg     1.0000    1.0000    1.0000       212
weighted avg     1.0000    1.0000    1.0000       212


================ TEST ================
Threshold: 0.500
Accuracy : 0.9763
Macro-F1 : 0.9507 (Class0: 0.9862, Class1: 0.9153)
AUC      : 0.9956
MCC      : 0.9060
G-Mean   : 0.9186
Sensitivity: 0.8438
Specificity: 1.0000
Classification report:
              precision    recall  f1-score   support

           0     0.9728    1.0000    0.9862       179
           1     1.0000    0.8438    0.9153        32

    accuracy                         0.9763       211
   macro avg     0.9864    0.9219    0.9507       211
weighted avg     0.9769    0.9763    0.9755       211


================================================================================
 RUN 26/30 (Seed=25)
================================================================================
================================================================================
 Pipeline: LP soft labels + MLP prob + 1.0 * KL + Focal + 0.0 * SupCon
================================================================================
_propagate 的参数值:
  alpha_pos = 0.8
  alpha_neg = 0.85
  forbid_flip = True
  flip_margin = 0.1

[LP] soft label stats (train only):
  pos mean: 0.9674
  neg mean: 0.0015
  seeds ratio: 0.968
训练函数参数值:
  lr = 0.001
  weight_decay = 1e-05
  epochs = 400
  focal_gamma = 2.0
  focal_alpha = 0.25
  use_contrastive = True
  contrastive_weight = 0.0
  contrastive_temp = 0.07
  minority_weight = 2.0
  use_kl = True
  kl_weight = 1.0
  device = cuda
Ep 010 | Focal=0.0021 | KL=0.0536 | Con=8.2717 | Total=0.0557 | ValF1@0.5=0.9915
Ep 020 | Focal=0.0041 | KL=0.0085 | Con=8.2905 | Total=0.0126 | ValF1@0.5=0.9915
Ep 030 | Focal=0.0016 | KL=0.0051 | Con=8.0879 | Total=0.0067 | ValF1@0.5=0.9915
Ep 040 | Focal=0.0001 | KL=0.0022 | Con=7.8655 | Total=0.0023 | ValF1@0.5=0.9915
Ep 050 | Focal=0.0004 | KL=0.0018 | Con=7.9357 | Total=0.0022 | ValF1@0.5=0.9915
Ep 060 | Focal=0.0001 | KL=0.0015 | Con=7.8739 | Total=0.0016 | ValF1@0.5=0.9915
Ep 070 | Focal=0.0001 | KL=0.0012 | Con=7.8489 | Total=0.0012 | ValF1@0.5=0.9915
Ep 080 | Focal=0.0000 | KL=0.0010 | Con=7.8393 | Total=0.0010 | ValF1@0.5=0.9915
Ep 090 | Focal=0.0001 | KL=0.0009 | Con=7.8669 | Total=0.0009 | ValF1@0.5=0.9915
Ep 100 | Focal=0.0001 | KL=0.0008 | Con=7.8334 | Total=0.0008 | ValF1@0.5=0.9915
Ep 110 | Focal=0.0001 | KL=0.0009 | Con=7.8652 | Total=0.0010 | ValF1@0.5=0.9915
Ep 120 | Focal=0.0000 | KL=0.0007 | Con=7.8419 | Total=0.0007 | ValF1@0.5=0.9915
Ep 130 | Focal=0.0000 | KL=0.0008 | Con=7.8217 | Total=0.0008 | ValF1@0.5=0.9915
Ep 140 | Focal=0.0000 | KL=0.0005 | Con=7.8318 | Total=0.0006 | ValF1@0.5=0.9915
Ep 150 | Focal=0.0000 | KL=0.0005 | Con=7.8319 | Total=0.0005 | ValF1@0.5=0.9915
Ep 160 | Focal=0.0000 | KL=0.0006 | Con=7.8143 | Total=0.0006 | ValF1@0.5=0.9915
Ep 170 | Focal=0.0000 | KL=0.0005 | Con=7.8260 | Total=0.0005 | ValF1@0.5=0.9915
Ep 180 | Focal=0.0000 | KL=0.0005 | Con=7.8183 | Total=0.0006 | ValF1@0.5=0.9915
Ep 190 | Focal=0.0000 | KL=0.0004 | Con=7.8063 | Total=0.0004 | ValF1@0.5=0.9915
Ep 200 | Focal=0.0000 | KL=0.0005 | Con=7.8055 | Total=0.0005 | ValF1@0.5=0.9915
Ep 210 | Focal=0.0000 | KL=0.0004 | Con=7.8088 | Total=0.0004 | ValF1@0.5=0.9915
Ep 220 | Focal=0.0000 | KL=0.0004 | Con=7.8006 | Total=0.0004 | ValF1@0.5=0.9915
Ep 230 | Focal=0.0000 | KL=0.0005 | Con=7.8100 | Total=0.0005 | ValF1@0.5=0.9915
Ep 240 | Focal=0.0000 | KL=0.0003 | Con=7.8047 | Total=0.0004 | ValF1@0.5=0.9915
Ep 250 | Focal=0.0000 | KL=0.0004 | Con=7.8235 | Total=0.0005 | ValF1@0.5=0.9915
Ep 260 | Focal=0.0000 | KL=0.0003 | Con=7.8080 | Total=0.0003 | ValF1@0.5=0.9915
Ep 270 | Focal=0.0000 | KL=0.0004 | Con=7.7865 | Total=0.0004 | ValF1@0.5=0.9915
Ep 280 | Focal=0.0000 | KL=0.0004 | Con=7.8091 | Total=0.0004 | ValF1@0.5=0.9915
Ep 290 | Focal=0.0000 | KL=0.0004 | Con=7.8053 | Total=0.0004 | ValF1@0.5=0.9915
Ep 300 | Focal=0.0000 | KL=0.0003 | Con=7.7958 | Total=0.0003 | ValF1@0.5=0.9915
Ep 310 | Focal=0.0000 | KL=0.0003 | Con=7.8047 | Total=0.0004 | ValF1@0.5=0.9915
Ep 320 | Focal=0.0000 | KL=0.0003 | Con=7.8131 | Total=0.0003 | ValF1@0.5=0.9915
Ep 330 | Focal=0.0000 | KL=0.0003 | Con=7.8062 | Total=0.0003 | ValF1@0.5=0.9915
Ep 340 | Focal=0.0000 | KL=0.0003 | Con=7.8087 | Total=0.0003 | ValF1@0.5=0.9915
Ep 350 | Focal=0.0000 | KL=0.0003 | Con=7.8240 | Total=0.0003 | ValF1@0.5=0.9915
Ep 360 | Focal=0.0000 | KL=0.0003 | Con=7.7873 | Total=0.0003 | ValF1@0.5=0.9915
Ep 370 | Focal=0.0000 | KL=0.0003 | Con=7.7923 | Total=0.0003 | ValF1@0.5=0.9915
Ep 380 | Focal=0.0000 | KL=0.0003 | Con=7.8061 | Total=0.0003 | ValF1@0.5=0.9915
Ep 390 | Focal=0.0000 | KL=0.0003 | Con=7.8317 | Total=0.0003 | ValF1@0.5=0.9915
Ep 400 | Focal=0.0000 | KL=0.0002 | Con=7.7982 | Total=0.0002 | ValF1@0.5=0.9915

[OK] Load best model by ValF1@0.5=0.9915

[VAL] best threshold=0.800, best macroF1=1.0000

================ TRAIN ================
Threshold: 0.800
Accuracy : 0.9911
Macro-F1 : 0.9801 (Class0: 0.9949, Class1: 0.9652)
AUC      : 0.9989
MCC      : 0.9604
G-Mean   : 0.9714
Sensitivity: 0.9455
Specificity: 0.9980
Classification report:
              precision    recall  f1-score   support

           0     0.9919    0.9980    0.9949      1468
           1     0.9858    0.9455    0.9652       220

    accuracy                         0.9911      1688
   macro avg     0.9888    0.9717    0.9801      1688
weighted avg     0.9911    0.9911    0.9910      1688


================ VAL ================
Threshold: 0.800
Accuracy : 1.0000
Macro-F1 : 1.0000 (Class0: 1.0000, Class1: 1.0000)
AUC      : 1.0000
MCC      : 1.0000
G-Mean   : 1.0000
Sensitivity: 1.0000
Specificity: 1.0000
Classification report:
              precision    recall  f1-score   support

           0     1.0000    1.0000    1.0000       177
           1     1.0000    1.0000    1.0000        35

    accuracy                         1.0000       212
   macro avg     1.0000    1.0000    1.0000       212
weighted avg     1.0000    1.0000    1.0000       212


================ TEST ================
Threshold: 0.800
Accuracy : 0.9716
Macro-F1 : 0.9400 (Class0: 0.9835, Class1: 0.8966)
AUC      : 0.9904
MCC      : 0.8867
G-Mean   : 0.9014
Sensitivity: 0.8125
Specificity: 1.0000
Classification report:
              precision    recall  f1-score   support

           0     0.9676    1.0000    0.9835       179
           1     1.0000    0.8125    0.8966        32

    accuracy                         0.9716       211
   macro avg     0.9838    0.9062    0.9400       211
weighted avg     0.9725    0.9716    0.9703       211


================================================================================
 RUN 27/30 (Seed=26)
================================================================================
================================================================================
 Pipeline: LP soft labels + MLP prob + 1.0 * KL + Focal + 0.0 * SupCon
================================================================================
_propagate 的参数值:
  alpha_pos = 0.8
  alpha_neg = 0.85
  forbid_flip = True
  flip_margin = 0.1

[LP] soft label stats (train only):
  pos mean: 0.9674
  neg mean: 0.0015
  seeds ratio: 0.968
训练函数参数值:
  lr = 0.001
  weight_decay = 1e-05
  epochs = 400
  focal_gamma = 2.0
  focal_alpha = 0.25
  use_contrastive = True
  contrastive_weight = 0.0
  contrastive_temp = 0.07
  minority_weight = 2.0
  use_kl = True
  kl_weight = 1.0
  device = cuda
Ep 010 | Focal=0.0020 | KL=0.0927 | Con=8.2631 | Total=0.0947 | ValF1@0.5=0.9915
Ep 020 | Focal=0.0041 | KL=0.0087 | Con=8.2918 | Total=0.0128 | ValF1@0.5=0.9915
Ep 030 | Focal=0.0008 | KL=0.0032 | Con=7.9715 | Total=0.0040 | ValF1@0.5=0.9915
Ep 040 | Focal=0.0002 | KL=0.0024 | Con=7.9319 | Total=0.0026 | ValF1@0.5=0.9829
Ep 050 | Focal=0.0002 | KL=0.0017 | Con=7.9418 | Total=0.0019 | ValF1@0.5=0.9915
Ep 060 | Focal=0.0001 | KL=0.0011 | Con=7.8874 | Total=0.0011 | ValF1@0.5=0.9915
Ep 070 | Focal=0.0001 | KL=0.0011 | Con=7.8539 | Total=0.0012 | ValF1@0.5=0.9915
Ep 080 | Focal=0.0001 | KL=0.0010 | Con=7.9186 | Total=0.0010 | ValF1@0.5=0.9915
Ep 090 | Focal=0.0000 | KL=0.0008 | Con=7.8204 | Total=0.0008 | ValF1@0.5=0.9829
Ep 100 | Focal=0.0001 | KL=0.0009 | Con=7.9002 | Total=0.0009 | ValF1@0.5=0.9829
Ep 110 | Focal=0.0000 | KL=0.0009 | Con=7.8460 | Total=0.0009 | ValF1@0.5=0.9915
Ep 120 | Focal=0.0000 | KL=0.0007 | Con=7.8256 | Total=0.0007 | ValF1@0.5=0.9915
Ep 130 | Focal=0.0000 | KL=0.0006 | Con=7.8322 | Total=0.0007 | ValF1@0.5=0.9915
Ep 140 | Focal=0.0000 | KL=0.0006 | Con=7.8306 | Total=0.0006 | ValF1@0.5=0.9915
Ep 150 | Focal=0.0000 | KL=0.0006 | Con=7.8227 | Total=0.0006 | ValF1@0.5=0.9915
Ep 160 | Focal=0.0001 | KL=0.0006 | Con=7.8346 | Total=0.0007 | ValF1@0.5=0.9915
Ep 170 | Focal=0.0000 | KL=0.0006 | Con=7.8204 | Total=0.0006 | ValF1@0.5=0.9915
Ep 180 | Focal=0.0000 | KL=0.0005 | Con=7.8031 | Total=0.0005 | ValF1@0.5=0.9915
Ep 190 | Focal=0.0001 | KL=0.0006 | Con=7.8519 | Total=0.0006 | ValF1@0.5=0.9915
Ep 200 | Focal=0.0000 | KL=0.0006 | Con=7.8204 | Total=0.0006 | ValF1@0.5=0.9915
Ep 210 | Focal=0.0000 | KL=0.0004 | Con=7.8051 | Total=0.0004 | ValF1@0.5=0.9829
Ep 220 | Focal=0.0000 | KL=0.0004 | Con=7.8292 | Total=0.0004 | ValF1@0.5=0.9915
Ep 230 | Focal=0.0000 | KL=0.0005 | Con=7.8283 | Total=0.0005 | ValF1@0.5=0.9915
Ep 240 | Focal=0.0000 | KL=0.0005 | Con=7.8186 | Total=0.0005 | ValF1@0.5=0.9915
Ep 250 | Focal=0.0000 | KL=0.0003 | Con=7.7949 | Total=0.0003 | ValF1@0.5=0.9915
Ep 260 | Focal=0.0000 | KL=0.0003 | Con=7.8028 | Total=0.0003 | ValF1@0.5=0.9915
Ep 270 | Focal=0.0000 | KL=0.0003 | Con=7.7963 | Total=0.0003 | ValF1@0.5=0.9915
Ep 280 | Focal=0.0000 | KL=0.0004 | Con=7.8077 | Total=0.0004 | ValF1@0.5=0.9915
Ep 290 | Focal=0.0000 | KL=0.0003 | Con=7.8105 | Total=0.0003 | ValF1@0.5=0.9915
Ep 300 | Focal=0.0000 | KL=0.0004 | Con=7.7982 | Total=0.0004 | ValF1@0.5=0.9915
Ep 310 | Focal=0.0000 | KL=0.0002 | Con=7.7955 | Total=0.0002 | ValF1@0.5=0.9915
Ep 320 | Focal=0.0000 | KL=0.0003 | Con=7.8017 | Total=0.0003 | ValF1@0.5=0.9915
Ep 330 | Focal=0.0000 | KL=0.0003 | Con=7.8079 | Total=0.0003 | ValF1@0.5=0.9915
Ep 340 | Focal=0.0000 | KL=0.0002 | Con=7.8056 | Total=0.0002 | ValF1@0.5=0.9915
Ep 350 | Focal=0.0000 | KL=0.0003 | Con=7.7951 | Total=0.0003 | ValF1@0.5=0.9915
Ep 360 | Focal=0.0000 | KL=0.0003 | Con=7.8122 | Total=0.0003 | ValF1@0.5=0.9915
Ep 370 | Focal=0.0000 | KL=0.0003 | Con=7.8160 | Total=0.0003 | ValF1@0.5=0.9829
Ep 380 | Focal=0.0000 | KL=0.0003 | Con=7.8235 | Total=0.0003 | ValF1@0.5=0.9915
Ep 390 | Focal=0.0000 | KL=0.0003 | Con=7.8142 | Total=0.0003 | ValF1@0.5=0.9915
Ep 400 | Focal=0.0000 | KL=0.0002 | Con=7.8096 | Total=0.0002 | ValF1@0.5=0.9915

[OK] Load best model by ValF1@0.5=0.9915

[VAL] best threshold=0.750, best macroF1=1.0000

================ TRAIN ================
Threshold: 0.750
Accuracy : 0.9917
Macro-F1 : 0.9813 (Class0: 0.9952, Class1: 0.9674)
AUC      : 0.9984
MCC      : 0.9630
G-Mean   : 0.9717
Sensitivity: 0.9455
Specificity: 0.9986
Classification report:
              precision    recall  f1-score   support

           0     0.9919    0.9986    0.9952      1468
           1     0.9905    0.9455    0.9674       220

    accuracy                         0.9917      1688
   macro avg     0.9912    0.9720    0.9813      1688
weighted avg     0.9917    0.9917    0.9916      1688


================ VAL ================
Threshold: 0.750
Accuracy : 1.0000
Macro-F1 : 1.0000 (Class0: 1.0000, Class1: 1.0000)
AUC      : 1.0000
MCC      : 1.0000
G-Mean   : 1.0000
Sensitivity: 1.0000
Specificity: 1.0000
Classification report:
              precision    recall  f1-score   support

           0     1.0000    1.0000    1.0000       177
           1     1.0000    1.0000    1.0000        35

    accuracy                         1.0000       212
   macro avg     1.0000    1.0000    1.0000       212
weighted avg     1.0000    1.0000    1.0000       212


================ TEST ================
Threshold: 0.750
Accuracy : 0.9668
Macro-F1 : 0.9290 (Class0: 0.9808, Class1: 0.8772)
AUC      : 0.9969
MCC      : 0.8671
G-Mean   : 0.8839
Sensitivity: 0.7812
Specificity: 1.0000
Classification report:
              precision    recall  f1-score   support

           0     0.9624    1.0000    0.9808       179
           1     1.0000    0.7812    0.8772        32

    accuracy                         0.9668       211
   macro avg     0.9812    0.8906    0.9290       211
weighted avg     0.9681    0.9668    0.9651       211


================================================================================
 RUN 28/30 (Seed=27)
================================================================================
================================================================================
 Pipeline: LP soft labels + MLP prob + 1.0 * KL + Focal + 0.0 * SupCon
================================================================================
_propagate 的参数值:
  alpha_pos = 0.8
  alpha_neg = 0.85
  forbid_flip = True
  flip_margin = 0.1

[LP] soft label stats (train only):
  pos mean: 0.9674
  neg mean: 0.0015
  seeds ratio: 0.968
训练函数参数值:
  lr = 0.001
  weight_decay = 1e-05
  epochs = 400
  focal_gamma = 2.0
  focal_alpha = 0.25
  use_contrastive = True
  contrastive_weight = 0.0
  contrastive_temp = 0.07
  minority_weight = 2.0
  use_kl = True
  kl_weight = 1.0
  device = cuda
Ep 010 | Focal=0.0017 | KL=0.0608 | Con=8.2594 | Total=0.0625 | ValF1@0.5=0.9915
Ep 020 | Focal=0.0033 | KL=0.0072 | Con=8.1843 | Total=0.0106 | ValF1@0.5=0.9915
Ep 030 | Focal=0.0009 | KL=0.0037 | Con=7.9673 | Total=0.0046 | ValF1@0.5=0.9915
Ep 040 | Focal=0.0002 | KL=0.0021 | Con=7.8634 | Total=0.0023 | ValF1@0.5=0.9913
Ep 050 | Focal=0.0001 | KL=0.0014 | Con=7.8672 | Total=0.0015 | ValF1@0.5=0.9915
Ep 060 | Focal=0.0001 | KL=0.0014 | Con=7.8830 | Total=0.0015 | ValF1@0.5=0.9915
Ep 070 | Focal=0.0001 | KL=0.0011 | Con=7.8468 | Total=0.0012 | ValF1@0.5=0.9915
Ep 080 | Focal=0.0001 | KL=0.0009 | Con=7.8366 | Total=0.0010 | ValF1@0.5=0.9915
Ep 090 | Focal=0.0001 | KL=0.0010 | Con=7.8300 | Total=0.0011 | ValF1@0.5=0.9915
Ep 100 | Focal=0.0000 | KL=0.0007 | Con=7.8266 | Total=0.0008 | ValF1@0.5=0.9915
Ep 110 | Focal=0.0000 | KL=0.0008 | Con=7.7918 | Total=0.0008 | ValF1@0.5=0.9915
Ep 120 | Focal=0.0000 | KL=0.0006 | Con=7.8217 | Total=0.0006 | ValF1@0.5=0.9915
Ep 130 | Focal=0.0000 | KL=0.0007 | Con=7.7865 | Total=0.0007 | ValF1@0.5=0.9915
Ep 140 | Focal=0.0000 | KL=0.0006 | Con=7.7712 | Total=0.0006 | ValF1@0.5=0.9915
Ep 150 | Focal=0.0001 | KL=0.0007 | Con=7.8257 | Total=0.0008 | ValF1@0.5=0.9829
Ep 160 | Focal=0.0000 | KL=0.0006 | Con=7.7910 | Total=0.0006 | ValF1@0.5=0.9829
Ep 170 | Focal=0.0000 | KL=0.0006 | Con=7.7766 | Total=0.0006 | ValF1@0.5=0.9915
Ep 180 | Focal=0.0000 | KL=0.0005 | Con=7.8002 | Total=0.0005 | ValF1@0.5=0.9915
Ep 190 | Focal=0.0000 | KL=0.0005 | Con=7.7895 | Total=0.0005 | ValF1@0.5=0.9915
Ep 200 | Focal=0.0000 | KL=0.0005 | Con=7.8055 | Total=0.0005 | ValF1@0.5=0.9915
Ep 210 | Focal=0.0000 | KL=0.0004 | Con=7.7777 | Total=0.0004 | ValF1@0.5=0.9915
Ep 220 | Focal=0.0000 | KL=0.0004 | Con=7.8091 | Total=0.0004 | ValF1@0.5=0.9915
Ep 230 | Focal=0.0000 | KL=0.0004 | Con=7.7849 | Total=0.0004 | ValF1@0.5=0.9915
Ep 240 | Focal=0.0000 | KL=0.0004 | Con=7.7919 | Total=0.0004 | ValF1@0.5=0.9915
Ep 250 | Focal=0.0000 | KL=0.0005 | Con=7.7966 | Total=0.0006 | ValF1@0.5=0.9829
Ep 260 | Focal=0.0000 | KL=0.0004 | Con=7.8001 | Total=0.0004 | ValF1@0.5=0.9829
Ep 270 | Focal=0.0000 | KL=0.0004 | Con=7.7781 | Total=0.0004 | ValF1@0.5=0.9829
Ep 280 | Focal=0.0000 | KL=0.0003 | Con=7.7828 | Total=0.0003 | ValF1@0.5=0.9915
Ep 290 | Focal=0.0000 | KL=0.0003 | Con=7.7803 | Total=0.0004 | ValF1@0.5=0.9915
Ep 300 | Focal=0.0000 | KL=0.0003 | Con=7.7780 | Total=0.0003 | ValF1@0.5=0.9915
Ep 310 | Focal=0.0000 | KL=0.0003 | Con=7.8093 | Total=0.0004 | ValF1@0.5=0.9915
Ep 320 | Focal=0.0000 | KL=0.0003 | Con=7.7972 | Total=0.0003 | ValF1@0.5=0.9829
Ep 330 | Focal=0.0000 | KL=0.0003 | Con=7.7752 | Total=0.0003 | ValF1@0.5=0.9915
Ep 340 | Focal=0.0000 | KL=0.0003 | Con=7.7670 | Total=0.0003 | ValF1@0.5=0.9915
Ep 350 | Focal=0.0000 | KL=0.0002 | Con=7.7746 | Total=0.0002 | ValF1@0.5=0.9915
Ep 360 | Focal=0.0000 | KL=0.0002 | Con=7.7940 | Total=0.0002 | ValF1@0.5=0.9915
Ep 370 | Focal=0.0000 | KL=0.0002 | Con=7.7810 | Total=0.0002 | ValF1@0.5=0.9915
Ep 380 | Focal=0.0000 | KL=0.0003 | Con=7.7794 | Total=0.0003 | ValF1@0.5=0.9915
Ep 390 | Focal=0.0000 | KL=0.0002 | Con=7.7854 | Total=0.0002 | ValF1@0.5=0.9915
Ep 400 | Focal=0.0000 | KL=0.0002 | Con=7.7890 | Total=0.0002 | ValF1@0.5=0.9915

[OK] Load best model by ValF1@0.5=0.9915

[VAL] best threshold=0.640, best macroF1=1.0000

================ TRAIN ================
Threshold: 0.640
Accuracy : 0.9905
Macro-F1 : 0.9787 (Class0: 0.9946, Class1: 0.9628)
AUC      : 0.9992
MCC      : 0.9577
G-Mean   : 0.9690
Sensitivity: 0.9409
Specificity: 0.9980
Classification report:
              precision    recall  f1-score   support

           0     0.9912    0.9980    0.9946      1468
           1     0.9857    0.9409    0.9628       220

    accuracy                         0.9905      1688
   macro avg     0.9885    0.9694    0.9787      1688
weighted avg     0.9905    0.9905    0.9904      1688


================ VAL ================
Threshold: 0.640
Accuracy : 1.0000
Macro-F1 : 1.0000 (Class0: 1.0000, Class1: 1.0000)
AUC      : 1.0000
MCC      : 1.0000
G-Mean   : 1.0000
Sensitivity: 1.0000
Specificity: 1.0000
Classification report:
              precision    recall  f1-score   support

           0     1.0000    1.0000    1.0000       177
           1     1.0000    1.0000    1.0000        35

    accuracy                         1.0000       212
   macro avg     1.0000    1.0000    1.0000       212
weighted avg     1.0000    1.0000    1.0000       212


================ TEST ================
Threshold: 0.640
Accuracy : 0.9668
Macro-F1 : 0.9290 (Class0: 0.9808, Class1: 0.8772)
AUC      : 0.9986
MCC      : 0.8671
G-Mean   : 0.8839
Sensitivity: 0.7812
Specificity: 1.0000
Classification report:
              precision    recall  f1-score   support

           0     0.9624    1.0000    0.9808       179
           1     1.0000    0.7812    0.8772        32

    accuracy                         0.9668       211
   macro avg     0.9812    0.8906    0.9290       211
weighted avg     0.9681    0.9668    0.9651       211


================================================================================
 RUN 29/30 (Seed=28)
================================================================================
================================================================================
 Pipeline: LP soft labels + MLP prob + 1.0 * KL + Focal + 0.0 * SupCon
================================================================================
_propagate 的参数值:
  alpha_pos = 0.8
  alpha_neg = 0.85
  forbid_flip = True
  flip_margin = 0.1

[LP] soft label stats (train only):
  pos mean: 0.9674
  neg mean: 0.0015
  seeds ratio: 0.968
训练函数参数值:
  lr = 0.001
  weight_decay = 1e-05
  epochs = 400
  focal_gamma = 2.0
  focal_alpha = 0.25
  use_contrastive = True
  contrastive_weight = 0.0
  contrastive_temp = 0.07
  minority_weight = 2.0
  use_kl = True
  kl_weight = 1.0
  device = cuda
Ep 010 | Focal=0.0018 | KL=0.0701 | Con=8.2868 | Total=0.0719 | ValF1@0.5=0.9825
Ep 020 | Focal=0.0030 | KL=0.0067 | Con=8.2392 | Total=0.0097 | ValF1@0.5=0.9915
Ep 030 | Focal=0.0013 | KL=0.0044 | Con=8.0178 | Total=0.0057 | ValF1@0.5=0.9915
Ep 040 | Focal=0.0002 | KL=0.0021 | Con=7.9322 | Total=0.0023 | ValF1@0.5=0.9915
Ep 050 | Focal=0.0001 | KL=0.0018 | Con=7.8697 | Total=0.0019 | ValF1@0.5=0.9829
Ep 060 | Focal=0.0001 | KL=0.0014 | Con=7.8610 | Total=0.0014 | ValF1@0.5=0.9915
Ep 070 | Focal=0.0001 | KL=0.0010 | Con=7.8676 | Total=0.0011 | ValF1@0.5=0.9915
Ep 080 | Focal=0.0001 | KL=0.0009 | Con=7.9088 | Total=0.0010 | ValF1@0.5=0.9915
Ep 090 | Focal=0.0000 | KL=0.0008 | Con=7.8051 | Total=0.0008 | ValF1@0.5=0.9915
Ep 100 | Focal=0.0000 | KL=0.0008 | Con=7.8177 | Total=0.0008 | ValF1@0.5=0.9915
Ep 110 | Focal=0.0000 | KL=0.0007 | Con=7.8047 | Total=0.0008 | ValF1@0.5=0.9915
Ep 120 | Focal=0.0001 | KL=0.0007 | Con=7.8434 | Total=0.0008 | ValF1@0.5=0.9829
Ep 130 | Focal=0.0000 | KL=0.0006 | Con=7.8394 | Total=0.0006 | ValF1@0.5=0.9829
Ep 140 | Focal=0.0000 | KL=0.0006 | Con=7.7754 | Total=0.0006 | ValF1@0.5=0.9829
Ep 150 | Focal=0.0000 | KL=0.0006 | Con=7.8319 | Total=0.0006 | ValF1@0.5=0.9915
Ep 160 | Focal=0.0000 | KL=0.0005 | Con=7.8131 | Total=0.0006 | ValF1@0.5=0.9829
Ep 170 | Focal=0.0001 | KL=0.0006 | Con=7.8136 | Total=0.0007 | ValF1@0.5=0.9829
Ep 180 | Focal=0.0000 | KL=0.0004 | Con=7.7954 | Total=0.0004 | ValF1@0.5=0.9915
Ep 190 | Focal=0.0000 | KL=0.0005 | Con=7.7882 | Total=0.0005 | ValF1@0.5=0.9915
Ep 200 | Focal=0.0000 | KL=0.0005 | Con=7.7953 | Total=0.0005 | ValF1@0.5=0.9915
Ep 210 | Focal=0.0000 | KL=0.0004 | Con=7.7770 | Total=0.0004 | ValF1@0.5=0.9915
Ep 220 | Focal=0.0000 | KL=0.0005 | Con=7.7935 | Total=0.0005 | ValF1@0.5=0.9915
Ep 230 | Focal=0.0000 | KL=0.0003 | Con=7.7733 | Total=0.0004 | ValF1@0.5=0.9915
Ep 240 | Focal=0.0000 | KL=0.0003 | Con=7.7957 | Total=0.0003 | ValF1@0.5=0.9915
Ep 250 | Focal=0.0000 | KL=0.0003 | Con=7.7902 | Total=0.0003 | ValF1@0.5=0.9915
Ep 260 | Focal=0.0000 | KL=0.0004 | Con=7.7757 | Total=0.0004 | ValF1@0.5=0.9915
Ep 270 | Focal=0.0000 | KL=0.0004 | Con=7.7849 | Total=0.0004 | ValF1@0.5=0.9915
Ep 280 | Focal=0.0000 | KL=0.0003 | Con=7.8139 | Total=0.0004 | ValF1@0.5=0.9915
Ep 290 | Focal=0.0000 | KL=0.0003 | Con=7.7687 | Total=0.0003 | ValF1@0.5=0.9915
Ep 300 | Focal=0.0000 | KL=0.0003 | Con=7.7711 | Total=0.0004 | ValF1@0.5=0.9915
Ep 310 | Focal=0.0000 | KL=0.0003 | Con=7.7994 | Total=0.0004 | ValF1@0.5=0.9915
Ep 320 | Focal=0.0000 | KL=0.0003 | Con=7.7639 | Total=0.0003 | ValF1@0.5=0.9915
Ep 330 | Focal=0.0000 | KL=0.0003 | Con=7.7699 | Total=0.0003 | ValF1@0.5=0.9915
Ep 340 | Focal=0.0000 | KL=0.0002 | Con=7.7629 | Total=0.0002 | ValF1@0.5=0.9915
Ep 350 | Focal=0.0000 | KL=0.0003 | Con=7.7758 | Total=0.0003 | ValF1@0.5=0.9915
Ep 360 | Focal=0.0000 | KL=0.0003 | Con=7.7961 | Total=0.0003 | ValF1@0.5=0.9915
Ep 370 | Focal=0.0000 | KL=0.0002 | Con=7.7868 | Total=0.0002 | ValF1@0.5=0.9915
Ep 380 | Focal=0.0000 | KL=0.0002 | Con=7.7750 | Total=0.0002 | ValF1@0.5=0.9915
Ep 390 | Focal=0.0000 | KL=0.0003 | Con=7.7764 | Total=0.0003 | ValF1@0.5=0.9915
Ep 400 | Focal=0.0000 | KL=0.0003 | Con=7.7694 | Total=0.0003 | ValF1@0.5=0.9915

[OK] Load best model by ValF1@0.5=0.9915

[VAL] best threshold=0.810, best macroF1=1.0000

================ TRAIN ================
Threshold: 0.810
Accuracy : 0.9923
Macro-F1 : 0.9828 (Class0: 0.9956, Class1: 0.9700)
AUC      : 0.9998
MCC      : 0.9657
G-Mean   : 0.9760
Sensitivity: 0.9545
Specificity: 0.9980
Classification report:
              precision    recall  f1-score   support

           0     0.9932    0.9980    0.9956      1468
           1     0.9859    0.9545    0.9700       220

    accuracy                         0.9923      1688
   macro avg     0.9896    0.9763    0.9828      1688
weighted avg     0.9923    0.9923    0.9922      1688


================ VAL ================
Threshold: 0.810
Accuracy : 1.0000
Macro-F1 : 1.0000 (Class0: 1.0000, Class1: 1.0000)
AUC      : 1.0000
MCC      : 1.0000
G-Mean   : 1.0000
Sensitivity: 1.0000
Specificity: 1.0000
Classification report:
              precision    recall  f1-score   support

           0     1.0000    1.0000    1.0000       177
           1     1.0000    1.0000    1.0000        35

    accuracy                         1.0000       212
   macro avg     1.0000    1.0000    1.0000       212
weighted avg     1.0000    1.0000    1.0000       212


================ TEST ================
Threshold: 0.810
Accuracy : 0.9763
Macro-F1 : 0.9507 (Class0: 0.9862, Class1: 0.9153)
AUC      : 0.9894
MCC      : 0.9060
G-Mean   : 0.9186
Sensitivity: 0.8438
Specificity: 1.0000
Classification report:
              precision    recall  f1-score   support

           0     0.9728    1.0000    0.9862       179
           1     1.0000    0.8438    0.9153        32

    accuracy                         0.9763       211
   macro avg     0.9864    0.9219    0.9507       211
weighted avg     0.9769    0.9763    0.9755       211


================================================================================
 RUN 30/30 (Seed=29)
================================================================================
================================================================================
 Pipeline: LP soft labels + MLP prob + 1.0 * KL + Focal + 0.0 * SupCon
================================================================================
_propagate 的参数值:
  alpha_pos = 0.8
  alpha_neg = 0.85
  forbid_flip = True
  flip_margin = 0.1

[LP] soft label stats (train only):
  pos mean: 0.9674
  neg mean: 0.0015
  seeds ratio: 0.968
训练函数参数值:
  lr = 0.001
  weight_decay = 1e-05
  epochs = 400
  focal_gamma = 2.0
  focal_alpha = 0.25
  use_contrastive = True
  contrastive_weight = 0.0
  contrastive_temp = 0.07
  minority_weight = 2.0
  use_kl = True
  kl_weight = 1.0
  device = cuda
Ep 010 | Focal=0.0022 | KL=0.0523 | Con=8.2486 | Total=0.0544 | ValF1@0.5=1.0000
Ep 020 | Focal=0.0033 | KL=0.0072 | Con=8.2464 | Total=0.0105 | ValF1@0.5=0.9915
Ep 030 | Focal=0.0014 | KL=0.0046 | Con=8.0021 | Total=0.0059 | ValF1@0.5=0.9915
Ep 040 | Focal=0.0001 | KL=0.0020 | Con=7.8797 | Total=0.0021 | ValF1@0.5=0.9829
Ep 050 | Focal=0.0002 | KL=0.0016 | Con=7.9064 | Total=0.0018 | ValF1@0.5=0.9829
Ep 060 | Focal=0.0001 | KL=0.0014 | Con=7.8499 | Total=0.0015 | ValF1@0.5=0.9829
Ep 070 | Focal=0.0000 | KL=0.0012 | Con=7.8538 | Total=0.0012 | ValF1@0.5=0.9915
Ep 080 | Focal=0.0002 | KL=0.0012 | Con=7.9072 | Total=0.0014 | ValF1@0.5=0.9915
Ep 090 | Focal=0.0000 | KL=0.0008 | Con=7.8278 | Total=0.0008 | ValF1@0.5=0.9915
Ep 100 | Focal=0.0000 | KL=0.0009 | Con=7.8652 | Total=0.0010 | ValF1@0.5=0.9829
Ep 110 | Focal=0.0000 | KL=0.0007 | Con=7.8167 | Total=0.0007 | ValF1@0.5=0.9915
Ep 120 | Focal=0.0000 | KL=0.0008 | Con=7.8289 | Total=0.0008 | ValF1@0.5=0.9915
Ep 130 | Focal=0.0001 | KL=0.0008 | Con=7.8211 | Total=0.0009 | ValF1@0.5=0.9829
Ep 140 | Focal=0.0000 | KL=0.0007 | Con=7.8385 | Total=0.0007 | ValF1@0.5=0.9915
Ep 150 | Focal=0.0001 | KL=0.0007 | Con=7.8587 | Total=0.0007 | ValF1@0.5=0.9915
Ep 160 | Focal=0.0000 | KL=0.0005 | Con=7.8505 | Total=0.0005 | ValF1@0.5=0.9915
Ep 170 | Focal=0.0000 | KL=0.0005 | Con=7.8162 | Total=0.0005 | ValF1@0.5=0.9829
Ep 180 | Focal=0.0000 | KL=0.0005 | Con=7.8167 | Total=0.0006 | ValF1@0.5=0.9829
Ep 190 | Focal=0.0000 | KL=0.0006 | Con=7.8247 | Total=0.0006 | ValF1@0.5=0.9829
Ep 200 | Focal=0.0000 | KL=0.0006 | Con=7.7742 | Total=0.0006 | ValF1@0.5=0.9915
Ep 210 | Focal=0.0000 | KL=0.0005 | Con=7.8060 | Total=0.0006 | ValF1@0.5=0.9829
Ep 220 | Focal=0.0000 | KL=0.0004 | Con=7.7901 | Total=0.0004 | ValF1@0.5=0.9829
Ep 230 | Focal=0.0001 | KL=0.0006 | Con=7.8293 | Total=0.0006 | ValF1@0.5=0.9829
Ep 240 | Focal=0.0000 | KL=0.0004 | Con=7.8083 | Total=0.0005 | ValF1@0.5=0.9915
Ep 250 | Focal=0.0000 | KL=0.0004 | Con=7.7786 | Total=0.0004 | ValF1@0.5=0.9829
Ep 260 | Focal=0.0000 | KL=0.0004 | Con=7.8214 | Total=0.0005 | ValF1@0.5=0.9829
Ep 270 | Focal=0.0000 | KL=0.0004 | Con=7.7920 | Total=0.0005 | ValF1@0.5=0.9829
Ep 280 | Focal=0.0000 | KL=0.0004 | Con=7.8097 | Total=0.0005 | ValF1@0.5=0.9915
Ep 290 | Focal=0.0000 | KL=0.0004 | Con=7.8149 | Total=0.0004 | ValF1@0.5=0.9829
Ep 300 | Focal=0.0000 | KL=0.0004 | Con=7.7936 | Total=0.0004 | ValF1@0.5=0.9915
Ep 310 | Focal=0.0000 | KL=0.0003 | Con=7.8102 | Total=0.0003 | ValF1@0.5=0.9829
Ep 320 | Focal=0.0000 | KL=0.0003 | Con=7.7964 | Total=0.0003 | ValF1@0.5=0.9915
Ep 330 | Focal=0.0000 | KL=0.0003 | Con=7.7940 | Total=0.0003 | ValF1@0.5=0.9829
Ep 340 | Focal=0.0000 | KL=0.0003 | Con=7.8086 | Total=0.0003 | ValF1@0.5=0.9915
Ep 350 | Focal=0.0000 | KL=0.0003 | Con=7.7863 | Total=0.0003 | ValF1@0.5=0.9829
Ep 360 | Focal=0.0000 | KL=0.0003 | Con=7.7875 | Total=0.0003 | ValF1@0.5=0.9829
Ep 370 | Focal=0.0000 | KL=0.0002 | Con=7.7981 | Total=0.0003 | ValF1@0.5=0.9915
Ep 380 | Focal=0.0000 | KL=0.0003 | Con=7.7947 | Total=0.0003 | ValF1@0.5=0.9915
Ep 390 | Focal=0.0000 | KL=0.0003 | Con=7.8170 | Total=0.0003 | ValF1@0.5=0.9915
Ep 400 | Focal=0.0000 | KL=0.0002 | Con=7.7869 | Total=0.0002 | ValF1@0.5=0.9829

[OK] Load best model by ValF1@0.5=1.0000

[VAL] best threshold=0.380, best macroF1=1.0000

================ TRAIN ================
Threshold: 0.380
Accuracy : 0.9917
Macro-F1 : 0.9813 (Class0: 0.9952, Class1: 0.9674)
AUC      : 0.9989
MCC      : 0.9630
G-Mean   : 0.9717
Sensitivity: 0.9455
Specificity: 0.9986
Classification report:
              precision    recall  f1-score   support

           0     0.9919    0.9986    0.9952      1468
           1     0.9905    0.9455    0.9674       220

    accuracy                         0.9917      1688
   macro avg     0.9912    0.9720    0.9813      1688
weighted avg     0.9917    0.9917    0.9916      1688


================ VAL ================
Threshold: 0.380
Accuracy : 1.0000
Macro-F1 : 1.0000 (Class0: 1.0000, Class1: 1.0000)
AUC      : 1.0000
MCC      : 1.0000
G-Mean   : 1.0000
Sensitivity: 1.0000
Specificity: 1.0000
Classification report:
              precision    recall  f1-score   support

           0     1.0000    1.0000    1.0000       177
           1     1.0000    1.0000    1.0000        35

    accuracy                         1.0000       212
   macro avg     1.0000    1.0000    1.0000       212
weighted avg     1.0000    1.0000    1.0000       212


================ TEST ================
Threshold: 0.380
Accuracy : 0.9668
Macro-F1 : 0.9290 (Class0: 0.9808, Class1: 0.8772)
AUC      : 0.9988
MCC      : 0.8671
G-Mean   : 0.8839
Sensitivity: 0.7812
Specificity: 1.0000
Classification report:
              precision    recall  f1-score   support

           0     0.9624    1.0000    0.9808       179
           1     1.0000    0.7812    0.8772        32

    accuracy                         0.9668       211
   macro avg     0.9812    0.8906    0.9290       211
weighted avg     0.9681    0.9668    0.9651       211


================================================================================
实验结果统计 (平均值 ± 标准差 | 最小值 ~ 最大值)
================================================================================

[TRAIN SET]
Metric          Mean ± Std                Min ~ Max                
------------------------------------------------------------
accuracy        0.9937 ± 0.0036    0.9899 ~ 1.0000
macro_f1        0.9859 ± 0.0082    0.9774 ~ 1.0000
f1_class0       0.9964 ± 0.0021    0.9942 ~ 1.0000
f1_class1       0.9754 ± 0.0143    0.9606 ~ 1.0000
auc             0.9992 ± 0.0009    0.9959 ~ 1.0000
mcc             0.9720 ± 0.0162    0.9551 ~ 1.0000
gmean           0.9801 ± 0.0120    0.9687 ~ 1.0000

[VAL SET]
Metric          Mean ± Std                Min ~ Max                
------------------------------------------------------------
accuracy        1.0000 ± 0.0000    1.0000 ~ 1.0000
macro_f1        1.0000 ± 0.0000    1.0000 ~ 1.0000
f1_class0       1.0000 ± 0.0000    1.0000 ~ 1.0000
f1_class1       1.0000 ± 0.0000    1.0000 ~ 1.0000
auc             1.0000 ± 0.0000    1.0000 ~ 1.0000
mcc             1.0000 ± 0.0000    1.0000 ~ 1.0000
gmean           1.0000 ± 0.0000    1.0000 ~ 1.0000

[TEST SET]
Metric          Mean ± Std                Min ~ Max                
------------------------------------------------------------
accuracy        0.9714 ± 0.0040    0.9668 ~ 0.9763
macro_f1        0.9396 ± 0.0091    0.9290 ~ 0.9507
f1_class0       0.9834 ± 0.0023    0.9808 ~ 0.9862
f1_class1       0.8957 ± 0.0159    0.8772 ~ 0.9153
auc             0.9925 ± 0.0068    0.9738 ~ 0.9991
mcc             0.8859 ± 0.0163    0.8671 ~ 0.9060
gmean           0.9007 ± 0.0145    0.8839 ~ 0.9186

================================================================================
n 次实验完成！
================================================================================
