mcg,gvh,alm,mit,erl,pox,vac,nuc,localization_site
0.6211783289909363,0.6713954210281372,0.3615054190158844,0.44500502943992615,0.5,0.0,0.5552464127540588,0.2199999988079071,ME2
0.6182906627655029,0.5182973742485046,0.37481802701950073,0.15421833097934723,0.5,0.0,0.5411369204521179,0.27000001072883606,ME2
0.7089810967445374,0.671545147895813,0.2905326187610626,0.25999292731285095,0.5,0.0,0.49000000953674316,0.2199999988079071,ME2
0.7632776498794556,0.5761528611183167,0.3702676296234131,0.22956271469593048,0.5,0.0,0.550000011920929,0.2767302393913269,ME2
0.8123853802680969,0.4341427683830261,0.46527424454689026,0.2784540057182312,0.5,0.0,0.5400000214576721,0.2559264898300171,ME2
0.7681747078895569,0.6287103295326233,0.5099999904632568,0.274895578622818,0.5,0.0,0.5099999904632568,0.26242393255233765,ME2
0.7616845965385437,0.6803284883499146,0.31809142231941223,0.3434534966945648,0.5,0.0,0.5299999713897705,0.2488221377134323,ME2
0.9642783999443054,0.8964326977729797,0.37244459986686707,0.29582682251930237,0.5,0.0,0.45390990376472473,0.2375611662864685,ME2
0.9432632327079773,0.6552174687385559,0.33766987919807434,0.2819024324417114,0.5,0.0,0.46408209204673767,0.2199999988079071,ME2
0.5334838032722473,0.4785855710506439,0.5339555740356445,0.27209100127220154,0.5,0.0,0.5,0.2199999988079071,ME2
0.8020133376121521,0.8469092845916748,0.3841831386089325,0.3605113625526428,0.5,0.0,0.5020309090614319,0.2199999988079071,ME2
0.6167635917663574,0.4908151626586914,0.47108983993530273,0.14996501803398132,0.5,0.0,0.47564858198165894,0.2199999988079071,ME2
0.9026022553443909,0.7250432372093201,0.3572952151298523,0.48230212926864624,0.5,0.0,0.3733205795288086,0.2199999988079071,ME2
0.7455417513847351,0.7178822159767151,0.44379860162734985,0.1599999964237213,0.5,0.0,0.5299999713897705,0.2199999988079071,ME2
0.5058087706565857,0.7323529124259949,0.5,0.47082850337028503,0.5,0.0,0.5099999904632568,0.2199999988079071,ME2
0.6306788325309753,0.5410211682319641,0.3399864435195923,0.22597919404506683,0.5,0.0,0.5199999809265137,0.2199999988079071,ME2
0.5767053365707397,0.4518222510814667,0.40396687388420105,0.16916751861572266,0.5,0.0,0.49328896403312683,0.40570762753486633,ME2
0.6491227746009827,0.3955274522304535,0.3967094421386719,0.4698468744754791,0.5,0.0,0.5299999713897705,0.4417400658130646,ME2
0.7596458196640015,0.769316554069519,0.41047531366348267,0.36675673723220825,0.5,0.0,0.5429552793502808,0.2199999988079071,ME2
0.5149576663970947,0.5075587630271912,0.45537233352661133,0.20999999344348907,0.5,0.0,0.5691046118736267,0.3141593933105469,ME2
0.9456008672714233,0.6713970303535461,0.3757057189941406,0.35662350058555603,0.5,0.0,0.5299999713897705,0.2199999988079071,ME2
0.9446143507957458,0.8932070732116699,0.28177931904792786,0.4039924144744873,0.5,0.0,0.11145913600921631,0.2199999988079071,ME2
0.7966598868370056,0.6791226863861084,0.4318060874938965,0.3736722469329834,0.5,0.0,0.5299999713897705,0.3569481372833252,ME2
0.4699999988079071,0.4400009214878082,0.37537845969200134,0.1599999964237213,0.5,0.0,0.5698789358139038,0.2199999988079071,ME2
0.7611352205276489,0.5719010233879089,0.28541117906570435,0.22347873449325562,0.5,0.0,0.6894955039024353,0.2199999988079071,ME2
0.8025577664375305,0.6489437222480774,0.40671879053115845,0.27450698614120483,0.5,0.0,0.4642230272293091,0.3100000023841858,ME2
0.9964403510093689,0.7415623664855957,0.22958722710609436,0.41847315430641174,0.5,0.0,0.5,0.2199999988079071,ME2
0.457990437746048,0.5073925256729126,0.32332921028137207,0.24226553738117218,0.5,0.0,0.5299999713897705,0.455252081155777,ME2
0.9921985268592834,0.8031391501426697,0.33919015526771545,0.23954465985298157,0.5,0.0,0.48191627860069275,0.25,ME2
0.8783243894577026,0.6546742916107178,0.4133831858634949,0.3939920961856842,0.5,0.0,0.5664464831352234,0.2199999988079071,ME2
0.5686133503913879,0.771377444267273,0.44015905261039734,0.5978472232818604,0.5,0.0,0.5199999809265137,0.38778236508369446,ME2
0.4416019916534424,0.5896655321121216,0.49000000953674316,0.20999999344348907,0.5,0.0,0.5342721939086914,0.2199999988079071,ME2
0.6635498404502869,0.5598706603050232,0.38476067781448364,0.1731659471988678,0.5,0.0,0.5537557601928711,0.25,ME2
0.6569007039070129,0.44999998807907104,0.3379833996295929,0.14557576179504395,0.5,0.0,0.5247572660446167,0.2199999988079071,ME2
0.8015969395637512,0.5,0.5410954356193542,0.13590367138385773,0.5,0.0,0.5099999904632568,0.2199999988079071,ME2
0.5871109366416931,0.6742831468582153,0.28523266315460205,0.14881810545921326,0.5,0.0,0.5379415154457092,0.2199999988079071,ME2
0.7382440567016602,0.5345209240913391,0.40473273396492004,0.16647014021873474,0.5,0.0,0.5099999904632568,0.2199999988079071,ME2
0.9662760496139526,0.7587467432022095,0.2713536322116852,0.1882336139678955,0.5,0.0,0.550000011920929,0.3002631366252899,ME2
0.7940502166748047,0.6803402900695801,0.3849668502807617,0.29974445700645447,0.5,0.0,0.5136793255805969,0.27000001072883606,ME2
0.7616075277328491,0.7493609189987183,0.42798274755477905,0.30489757657051086,0.5,0.0,0.5299999713897705,0.2769522964954376,ME2
0.613556981086731,0.582848310470581,0.5334282517433167,0.1599999964237213,0.5,0.0,0.552486002445221,0.25,ME2
0.7970601320266724,0.7349733114242554,0.5,0.40912362933158875,0.5,0.0,0.5632625818252563,0.2199999988079071,ME2
0.7843753099441528,0.707495391368866,0.5199999809265137,0.3636297881603241,0.5,0.0,0.5299999713897705,0.2199999988079071,ME2
0.7350357174873352,0.6900642514228821,0.2465764433145523,0.3326747715473175,0.5,0.0,0.5219714641571045,0.2199999988079071,ME2
0.7718035578727722,0.5375617146492004,0.32069700956344604,0.24741606414318085,0.5,0.0,0.49000000953674316,0.2199999988079071,ME2
0.6882374286651611,0.6630419492721558,0.42311373353004456,0.29470980167388916,0.5,0.0,0.5808893442153931,0.2199999988079071,ME2
0.726259708404541,0.6919474005699158,0.5313513875007629,0.39955630898475647,0.5,0.0,0.5658364295959473,0.2199999988079071,ME2
0.753506064414978,0.5805187225341797,0.3238275647163391,0.40883710980415344,0.5,0.0,0.5199999809265137,0.34476616978645325,ME2
0.6427569389343262,0.5286893248558044,0.49000000953674316,0.4639601409435272,0.5,0.0,0.5545596480369568,0.2199999988079071,ME2
0.7361485362052917,0.5228947401046753,0.32290223240852356,0.34781113266944885,0.5,0.0,0.49000000953674316,0.2199999988079071,ME2
0.7013996243476868,0.47392556071281433,0.5299999713897705,0.4950488805770874,0.5,0.0,0.5665872097015381,0.35357925295829773,ME2
0.5602306723594666,0.4527710974216461,0.4347892701625824,0.13838055729866028,0.5,0.0,0.5385698676109314,0.2199999988079071,ME2
0.7914130091667175,0.6185535788536072,0.5398114919662476,0.5660986304283142,0.5,0.0,0.5299999713897705,0.2199999988079071,ME2
0.5900364518165588,0.533283531665802,0.3807932138442993,0.5293014645576477,0.5,0.0,0.5299999713897705,0.2199999988079071,ME2
0.6572349071502686,0.5197634696960449,0.3720150887966156,0.21603214740753174,0.5,0.0,0.5299999713897705,0.2199999988079071,ME2
0.6707739233970642,0.6686050891876221,0.46220889687538147,0.1924365907907486,0.5,0.0,0.579474687576294,0.2199999988079071,ME2
0.5054133534431458,0.38332703709602356,0.4636748135089874,0.20999999344348907,0.5,0.0,0.5565896034240723,0.2199999988079071,ME2
0.9748870134353638,0.6327046751976013,0.4192343056201935,0.22285710275173187,0.5,0.0,0.5,0.2199999988079071,ME2
0.5657875537872314,0.4515368342399597,0.4480053782463074,0.13548611104488373,0.5,0.0,0.49101585149765015,0.3100000023841858,ME2
0.6452364921569824,0.5151532888412476,0.23607128858566284,0.12395545840263367,0.5,0.0,0.5142198801040649,0.2199999988079071,ME2
0.9344524145126343,0.8069201111793518,0.32173699140548706,0.20999999344348907,0.5,0.0,0.49000000953674316,0.2199999988079071,ME2
0.8030979633331299,0.5001919865608215,0.32209905982017517,0.1314246505498886,0.5,0.0,0.47999998927116394,0.2199999988079071,ME2
0.9701510071754456,0.5909935235977173,0.36217236518859863,0.1410621553659439,0.5,0.0,0.550000011920929,0.2199999988079071,ME2
0.7499402165412903,0.5710445642471313,0.46546104550361633,0.03296322375535965,0.98569256067276,0.0,0.5099999904632568,0.2199999988079071,ME2
0.5366191864013672,0.37193629145622253,0.4804482161998749,0.3291473686695099,0.5,0.0,0.4877445101737976,0.3928639590740204,ME2
0.5632336139678955,0.5566099286079407,0.4517051875591278,0.1599999964237213,0.5,0.0,0.550000011920929,0.2199999988079071,ME2
0.7892979383468628,0.6053640842437744,0.41614505648612976,0.20379312336444855,0.5,0.0,0.5199999809265137,0.2199999988079071,ME2
0.721000075340271,0.4146481454372406,0.37248867750167847,0.22297774255275726,0.5,0.0,0.4888036251068115,0.2199999988079071,ME2
0.9607934951782227,0.7907012104988098,0.4322330951690674,0.4416961669921875,0.5,0.0,0.4989205002784729,0.2199999988079071,ME2
0.707550585269928,0.5986814498901367,0.49030163884162903,0.13805247843265533,0.5,0.0,0.5199999809265137,0.2199999988079071,ME2
0.6951396465301514,0.7426132559776306,0.33526530861854553,0.395272433757782,0.5,0.0,0.5299999713897705,0.2199999988079071,ME2
0.697160005569458,0.6587293148040771,0.42956915497779846,0.18845410645008087,0.5,0.0,0.5993994474411011,0.2199999988079071,ME2
0.5322524905204773,0.4382980763912201,0.449130654335022,0.18828067183494568,0.5,0.0,0.550000011920929,0.2199999988079071,ME2
0.83787602186203,0.5867599248886108,0.37083590030670166,0.22093866765499115,0.5,0.0,0.5068707466125488,0.2525270879268646,ME2
0.8062795996665955,0.44999998807907104,0.4342229962348938,0.32742467522621155,0.5,0.0,0.5791087746620178,0.2199999988079071,ME2
0.7277242541313171,0.7559360265731812,0.5585713386535645,0.37582093477249146,0.5,0.0,0.5299999713897705,0.2199999988079071,ME2
0.8664129376411438,0.7490658164024353,0.26504552364349365,0.29216957092285156,0.5,0.0,0.5,0.2546158730983734,ME2
0.7812148332595825,0.7075717449188232,0.3863714933395386,0.27925434708595276,0.5,0.0,0.6039053201675415,0.2199999988079071,ME2
0.7663279175758362,0.5212473273277283,0.43013232946395874,0.3299137055873871,0.5,0.0,0.5199999809265137,0.2199999988079071,ME2
0.4864754378795624,0.5368291139602661,0.38182494044303894,0.284575492143631,0.5,0.0,0.49000000953674316,0.2199999988079071,ME2
0.7731631994247437,0.4683006703853607,0.45021337270736694,0.20999999344348907,0.5,0.0,0.5304985642433167,0.2199999988079071,ME2
0.6657942533493042,0.5088975429534912,0.4457980692386627,0.3978734016418457,0.5,0.0,0.5299999713897705,0.3623637855052948,ME2
0.7664253115653992,0.7067093253135681,0.4589446485042572,0.26025500893592834,0.5,0.0,0.5400000214576721,0.3284209370613098,ME2
0.7277519702911377,0.7458696365356445,0.5299999713897705,0.2997530698776245,0.5,0.0,0.5199999809265137,0.4068291187286377,ME2
0.8715512752532959,0.6772403717041016,0.37794291973114014,0.2861689627170563,0.5,0.0,0.5823385715484619,0.2199999988079071,ME2
0.9249646067619324,0.5680996775627136,0.4624443054199219,0.22360458970069885,0.5,0.0,0.601027250289917,0.2199999988079071,ME2
0.6704853177070618,0.5062859654426575,0.38671883940696716,0.2189488410949707,0.5,0.0,0.5615119338035583,0.2199999988079071,ME2
0.8986007571220398,0.8117778301239014,0.2951848804950714,0.3930952548980713,0.5,0.0,0.5299999713897705,0.2199999988079071,ME2
0.9463024735450745,0.7355067133903503,0.2950461804866791,0.4813348650932312,0.5,0.0,0.5199999809265137,0.2199999988079071,ME2
0.4699999988079071,0.4080606698989868,0.44147616624832153,0.1294671893119812,0.5,0.0,0.5,0.2199999988079071,ME2
0.7483667731285095,0.7287991642951965,0.44729793071746826,0.4620627164840698,0.5,0.0,0.5400000214576721,0.2199999988079071,ME2
0.7815292477607727,0.5,0.42103809118270874,0.3197253346443176,0.5,0.0,0.5516216158866882,0.2199999988079071,ME2
0.80849689245224,0.6922408938407898,0.2916305959224701,0.35633862018585205,0.5,0.0,0.5064477324485779,0.2199999988079071,ME2
0.9939450025558472,0.8551166653633118,0.28645485639572144,0.3344563841819763,0.5,0.0,0.5099999904632568,0.2199999988079071,ME2
0.7891578078269958,0.6907528042793274,0.5199999809265137,0.14991751313209534,0.5,0.0,0.5656412243843079,0.2199999988079071,ME2
0.5079054236412048,0.5911068916320801,0.45988914370536804,0.29431581497192383,0.5,0.0,0.6721460223197937,0.2199999988079071,ME2
0.5691118836402893,0.6136088371276855,0.3302684426307678,0.20999999344348907,0.5,0.0,0.550000011920929,0.2199999988079071,ME2
0.7924313545227051,0.4726658761501312,0.5099999904632568,0.22336000204086304,0.5,0.0,0.5561712980270386,0.2199999988079071,ME2
0.76869797706604,0.7186995148658752,0.24123695492744446,0.26816871762275696,0.5,0.0,0.48712486028671265,0.2715664505958557,ME2
0.8881117701530457,0.804092526435852,0.4693579375743866,0.41230738162994385,0.5,0.0,0.5771161913871765,0.2199999988079071,ME2
0.5952837467193604,0.5303018093109131,0.4595061242580414,0.15628346800804138,0.5,0.0,0.529640257358551,0.2199999988079071,ME2
0.7968650460243225,0.6659055352210999,0.3800874352455139,0.4238244295120239,0.5,0.0,0.4926815330982208,0.2589769661426544,ME2
0.733278751373291,0.47471189498901367,0.3585915267467499,0.334956556558609,0.5,0.0,0.41094690561294556,0.4602566957473755,ME2
0.9173585772514343,0.8623615503311157,0.28285372257232666,0.3065233826637268,0.5,0.0,0.49000000953674316,0.2199999988079071,ME2
0.9325873851776123,0.6709460616111755,0.364933580160141,0.3423849046230316,0.5,0.0,0.5678160786628723,0.2199999988079071,ME2
0.6126003861427307,0.7201260328292847,0.42988380789756775,0.216280996799469,0.5,0.0,0.46000000834465027,0.2199999988079071,ME2
0.4166717827320099,0.4112958312034607,0.36723482608795166,0.12871354818344116,0.5,0.0,0.5356752872467041,0.2199999988079071,ME2
0.6501986384391785,0.6035643219947815,0.4629979133605957,0.2867301404476166,0.5,0.0,0.5,0.2199999988079071,ME2
0.7807474732398987,0.5883287787437439,0.2436373382806778,0.5593308806419373,0.5,0.0,0.45914217829704285,0.2199999988079071,ME2
0.9534581303596497,0.6834065914154053,0.30293625593185425,0.4051615595817566,0.5,0.0,0.550000011920929,0.2199999988079071,ME2
0.8705989718437195,0.6930769681930542,0.3447924256324768,0.7524592876434326,0.5,0.0,0.550000011920929,0.3795371651649475,ME2
0.7322046160697937,0.6081748604774475,0.43228745460510254,0.14008744060993195,0.5,0.0,0.550000011920929,0.3404981791973114,ME2
0.6266462802886963,0.5811251997947693,0.5840578675270081,0.5332741737365723,0.5,0.0,0.4986046552658081,0.3492518365383148,ME2
0.4918103516101837,0.4904896020889282,0.4783436357975006,0.13490036129951477,0.5,0.0,0.49759766459465027,0.2199999988079071,ME2
0.49231505393981934,0.44999998807907104,0.2598654627799988,0.1411764770746231,0.5,0.0,0.5299999713897705,0.2199999988079071,ME2
0.6289210319519043,0.43138325214385986,0.3580755591392517,0.12761999666690826,0.5,0.0,0.46678319573402405,0.2199999988079071,ME2
0.8233299255371094,0.6254562139511108,0.3170493543148041,0.2030913233757019,0.5,0.0,0.5,0.2199999988079071,ME2
0.554081380367279,0.4735589325428009,0.49000000953674316,0.14097897708415985,0.5,0.0,0.5299999713897705,0.27000001072883606,ME2
0.7399541139602661,0.4933547377586365,0.28431403636932373,0.0024558352306485176,0.5,0.0,0.48709768056869507,0.2199999988079071,ME2
0.6837599873542786,0.6821752190589905,0.42141684889793396,0.3603990972042084,0.5,0.0,0.5310028791427612,0.2199999988079071,ME2
0.6039092540740967,0.44999998807907104,0.4248758554458618,0.14058580994606018,0.5,0.0,0.48104995489120483,0.2199999988079071,ME2
0.5983036756515503,0.5459133982658386,0.33791273832321167,0.13375073671340942,0.5,0.0,0.5013809204101562,0.2199999988079071,ME2
0.5735504627227783,0.4159840941429138,0.44920140504837036,0.3882577419281006,0.5,0.0,0.53615802526474,0.2199999988079071,ME2
0.731318473815918,0.6647387742996216,0.3783584237098694,0.5585176944732666,0.5,0.0,0.5299999713897705,0.2199999988079071,ME2
0.7787081003189087,0.5855988264083862,0.41949641704559326,0.20999999344348907,0.5,0.0,0.5099999904632568,0.2199999988079071,ME2
0.5798065066337585,0.5932633280754089,0.3638995587825775,0.12028024345636368,0.5,0.0,0.46941816806793213,0.2199999988079071,ME2
0.6813569068908691,0.6838994026184082,0.3857482075691223,0.3358059227466583,0.5,0.0,0.5400000214576721,0.2199999988079071,ME2
0.7962445020675659,0.4398007392883301,0.5,0.1408357471227646,0.5,0.0,0.5612141489982605,0.2199999988079071,ME2
0.8798693418502808,0.8462082743644714,0.3458956480026245,0.45842599868774414,0.5,0.0,0.4607396721839905,0.2199999988079071,ME2
0.7993314266204834,0.6470544934272766,0.37840649485588074,0.5503062009811401,0.5,0.0,0.5347470641136169,0.2199999988079071,ME2
0.9817724823951721,0.6962344646453857,0.44386300444602966,0.34753745794296265,0.5,0.0,0.40286698937416077,0.3100000023841858,ME2
0.5701223015785217,0.5593277215957642,0.4807218015193939,0.1488308608531952,0.5,0.0,0.5299999713897705,0.2199999988079071,ME2
0.8435658812522888,0.8341079354286194,0.43054139614105225,0.4076372981071472,0.5,0.0,0.6141856908798218,0.2199999988079071,ME2
0.6000741720199585,0.41138172149658203,0.41104692220687866,0.1461891084909439,0.5,0.0,0.550000011920929,0.2199999988079071,ME2
0.5813593864440918,0.5,0.3855133354663849,0.1479552984237671,0.5,0.0,0.5886560678482056,0.2199999988079071,ME2
0.7620296478271484,0.5023611783981323,0.6139309406280518,0.4275074899196625,0.5,0.0,0.524077832698822,0.2199999988079071,ME2
0.7974730730056763,0.5,0.3430812656879425,0.14069199562072754,0.5,0.0,0.4997037351131439,0.2199999988079071,ME2
0.7572409510612488,0.5788335800170898,0.35283806920051575,0.20999999344348907,0.5,0.0,0.4787435531616211,0.2199999988079071,ME2
0.4780510663986206,0.5523371696472168,0.49000000953674316,0.11509717255830765,0.5,0.0,0.5299999713897705,0.2199999988079071,ME2
0.4699999988079071,0.3917091488838196,0.3874872624874115,0.19486206769943237,0.5,0.0,0.5092945098876953,0.2199999988079071,ME2
0.7746628522872925,0.7590213418006897,0.32299259305000305,0.5961912870407104,0.5,0.0,0.4713636338710785,0.2199999988079071,ME2
0.876017153263092,0.6630348563194275,0.32254573702812195,0.08050544559955597,0.5,0.0,0.6422537565231323,0.2199999988079071,ME2
0.697404146194458,0.5272851586341858,0.562980055809021,0.3535739779472351,0.5,0.0,0.559299886226654,0.3843528628349304,ME2
0.7173088788986206,0.5592179894447327,0.565133810043335,0.4886986315250397,0.5,0.0,0.5299999713897705,0.256625235080719,ME2
0.7248795032501221,0.8319987654685974,0.4087974727153778,0.29886266589164734,0.5,0.0,0.48956289887428284,0.2199999988079071,ME2
0.6815114617347717,0.6097943186759949,0.3228851556777954,0.3267674148082733,0.5,0.0,0.5099999904632568,0.2199999988079071,ME2
0.4813418686389923,0.5917192101478577,0.4300519824028015,0.12368756532669067,0.5,0.0,0.5099999904632568,0.2199999988079071,ME2
0.7864971160888672,0.529185950756073,0.34402036666870117,0.35050132870674133,0.5,0.0,0.5199999809265137,0.2199999988079071,ME2
0.6884896159172058,0.5600654482841492,0.4660014510154724,0.35119006037712097,0.5,0.0,0.6597425937652588,0.2199999988079071,ME2
0.6152819991111755,0.3875788450241089,0.43094563484191895,0.1919664591550827,0.5,0.0,0.5,0.2199999988079071,ME2
0.7788626551628113,0.6407981514930725,0.49232327938079834,0.4225381314754486,0.5,0.0,0.5555135607719421,0.2199999988079071,ME2
0.8024617433547974,0.6489694118499756,0.42118895053863525,0.1599999964237213,0.5,0.0,0.5789427161216736,0.47803831100463867,ME2
0.7428240180015564,0.6079663634300232,0.47211402654647827,0.3582070469856262,0.5,0.0,0.5871862769126892,0.2199999988079071,ME2
0.41175612807273865,0.5331287980079651,0.3045203387737274,0.2747628688812256,0.5,0.0,0.6017951965332031,0.2199999988079071,ME2
0.934721052646637,0.8480216264724731,0.35324111580848694,0.5116596817970276,0.5,0.0,0.5029658079147339,0.2199999988079071,ME2
0.6108010411262512,0.6034673452377319,0.41492900252342224,0.12260422110557556,0.5,0.0,0.5408338308334351,0.2199999988079071,ME2
0.6516708731651306,0.5947315692901611,0.34876078367233276,0.4369109570980072,0.5,0.0,0.528828501701355,0.5074964761734009,ME2
0.6838104724884033,0.5828226804733276,0.5079158544540405,0.2257286012172699,0.5,0.0,0.7020971179008484,0.2199999988079071,ME2
0.906018078327179,0.7218408584594727,0.31044498085975647,0.4002282917499542,0.5,0.0,0.556475818157196,0.2199999988079071,ME2
0.622891902923584,0.6245023608207703,0.40684235095977783,0.14012950658798218,0.5,0.0,0.49971404671669006,0.2199999988079071,ME2
0.9779574275016785,0.8107874393463135,0.31981709599494934,0.3911471962928772,0.5,0.0,0.4725092947483063,0.27325037121772766,ME2
0.4751015603542328,0.6610115170478821,0.4206528663635254,0.12826703488826752,0.5,0.0,0.5,0.2199999988079071,ME2
0.7672055959701538,0.5966985821723938,0.38039839267730713,0.4420536458492279,0.5,0.0,0.46778368949890137,0.2199999988079071,ME2
0.558663547039032,0.539275586605072,0.36312317848205566,0.36484119296073914,0.5,0.0,0.5299999713897705,0.2638767957687378,ME2
0.6591996550559998,0.6042327284812927,0.35676997900009155,0.11443285644054413,0.5,0.0,0.550000011920929,0.2199999988079071,ME2
0.888897716999054,0.7295439839363098,0.34861162304878235,0.4848058223724365,0.5,0.0,0.5099999904632568,0.2199999988079071,ME2
0.8271318674087524,0.54256272315979,0.3065021336078644,0.2514881491661072,0.5,0.0,0.5,0.2199999988079071,ME2
0.7995123863220215,0.6711612343788147,0.4323731064796448,0.26869669556617737,0.5,0.0,0.5,0.2743094265460968,ME2
0.4699999988079071,0.3678162395954132,0.38974541425704956,0.18822279572486877,0.5,0.0,0.47298967838287354,0.25,ME2
0.77174311876297,0.5996667742729187,0.46053022146224976,0.3249131143093109,0.5,0.0,0.5299999713897705,0.3680846393108368,ME2
0.5188027024269104,0.5283877849578857,0.37571850419044495,0.14334604144096375,0.5,0.0,0.5299999713897705,0.2199999988079071,ME2
0.6652737259864807,0.6963920593261719,0.39861392974853516,0.13023807108402252,0.5,0.0,0.5299999713897705,0.2199999988079071,ME2
0.700186014175415,0.7339968681335449,0.2795266807079315,0.338630348443985,0.5,0.0,0.5400000214576721,0.2199999988079071,ME2
0.7967158555984497,0.5524896383285522,0.3691524267196655,0.8002598881721497,0.5,0.0,0.5033388733863831,0.3717341423034668,ME2
0.5691195726394653,0.5819137096405029,0.3396402597427368,0.08215570449829102,0.5,0.0,0.4569436311721802,0.2199999988079071,ME2
0.6957745552062988,0.6303216218948364,0.333545058965683,0.20677639544010162,0.5,0.0,0.5199999809265137,0.37256258726119995,ME2
0.8272466063499451,0.5954808592796326,0.3254874646663666,0.24845068156719208,0.5,0.0,0.5162533521652222,0.2199999988079071,ME2
0.891215980052948,0.7917035818099976,0.3251887261867523,0.1289420872926712,0.5,0.0,0.6544092893600464,0.2199999988079071,ME2
0.920669674873352,0.7229081392288208,0.23674049973487854,0.3958539664745331,0.5,0.0,0.44124600291252136,0.2199999988079071,ME2
0.9601830840110779,0.8881354928016663,0.38870105147361755,0.5336084365844727,0.5,0.0,0.4041099548339844,0.3602253198623657,ME2
0.8194885849952698,0.5069044232368469,0.3465273082256317,0.2891180217266083,0.5,0.0,0.49000000953674316,0.2199999988079071,ME2
0.9891858100891113,0.6669599413871765,0.23938627541065216,0.32371285557746887,0.5,0.0,0.5099999904632568,0.2199999988079071,ME2
0.7114745378494263,0.6895427703857422,0.47944146394729614,0.11339845508337021,0.5,0.0,0.550000011920929,0.24976009130477905,ME2
0.9109756350517273,0.8637248873710632,0.3757808208465576,0.5957362651824951,0.5,0.0,0.6093495488166809,0.2199999988079071,ME2
0.7448520660400391,0.4527525007724762,0.5,0.20999999344348907,0.5,0.0,0.5299999713897705,0.3913998007774353,ME2
0.9341059923171997,0.8951781392097473,0.5,0.19774997234344482,0.5,0.0,0.5520195960998535,0.2199999988079071,ME2
0.7715631127357483,0.8105884194374084,0.4819144308567047,0.2975270450115204,0.5,0.0,0.5400000214576721,0.2199999988079071,ME2
0.9660269021987915,0.9122402667999268,0.41378042101860046,0.3745741844177246,0.5,0.0,0.5299999713897705,0.2199999988079071,ME2
0.7224510312080383,0.523662269115448,0.39623188972473145,0.4930965006351471,0.5,0.0,0.49000000953674316,0.4362223446369171,ME2
0.9726330637931824,0.8419872522354126,0.22079449892044067,0.4412548243999481,0.5,0.0,0.5199999809265137,0.2199999988079071,ME2
0.8244255185127258,0.584106981754303,0.4896577298641205,0.2107032984495163,0.5,0.0,0.6663346290588379,0.2199999988079071,ME2
0.887113630771637,0.7935560345649719,0.35149651765823364,0.5160984396934509,0.5,0.0,0.48229020833969116,0.2199999988079071,ME2
0.45823055505752563,0.4776351749897003,0.48539796471595764,0.140776127576828,0.5,0.0,0.5299999713897705,0.2199999988079071,ME2
0.44540390372276306,0.383783221244812,0.4310641586780548,0.4132664203643799,0.5,0.0,0.5289048552513123,0.2199999988079071,ME2
0.6718767285346985,0.5,0.43596911430358887,0.5055081844329834,0.5,0.0,0.5570833086967468,0.2199999988079071,ME2
0.6072498559951782,0.4219488501548767,0.4964284896850586,0.2035890519618988,0.5,0.0,0.5299999713897705,0.2199999988079071,ME2
0.5834771394729614,0.6530491709709167,0.3744804561138153,0.43753060698509216,0.5,0.0,0.4513012766838074,0.2199999988079071,ME2
0.7452254295349121,0.7495815753936768,0.31539908051490784,0.45742762088775635,0.5,0.0,0.4429034888744354,0.2199999988079071,ME2
0.7746444344520569,0.5889748930931091,0.32007473707199097,0.4656148850917816,0.5,0.0,0.5400000214576721,0.2601872682571411,ME2
0.7251287698745728,0.637335479259491,0.6110998392105103,0.25327378511428833,0.5,0.0,0.5400000214576721,0.2199999988079071,ME2
0.8128970861434937,0.5894893407821655,0.2958929240703583,0.6916535496711731,0.5,0.0,0.49000000953674316,0.2199999988079071,ME2
0.6045365929603577,0.5961444973945618,0.49000000953674316,0.1949114203453064,0.5,0.0,0.5400000214576721,0.2199999988079071,ME2
0.804112434387207,0.5900173783302307,0.4660920798778534,0.20999999344348907,0.5,0.0,0.5199999809265137,0.2199999988079071,ME2
0.6807630658149719,0.5983301997184753,0.38480982184410095,0.1942259669303894,0.5,0.0,0.5190404653549194,0.2199999988079071,ME2
0.8096744418144226,0.7013905048370361,0.3761270344257355,0.29566240310668945,0.5,0.0,0.5299999713897705,0.2199999988079071,ME2
0.6245689988136292,0.673043429851532,0.5428719520568848,0.2817526161670685,0.5,0.0,0.6252164244651794,0.2199999988079071,ME2
0.7949222922325134,0.6817241907119751,0.43454739451408386,0.29694533348083496,0.5,0.0,0.5584513545036316,0.2199999988079071,ME2
0.5654529929161072,0.46354392170906067,0.5199999809265137,0.14044970273971558,0.5,0.0,0.5299999713897705,0.2199999988079071,ME2
0.5757660269737244,0.5563791394233704,0.42617157101631165,0.1357523798942566,0.5,0.0,0.5099999904632568,0.2199999988079071,ME2
0.6157878637313843,0.37409061193466187,0.5250351428985596,0.12750381231307983,0.5,0.0,0.5099999904632568,0.2199999988079071,ME2
0.8416938185691833,0.6033732891082764,0.4359520673751831,0.14789795875549316,0.5,0.0,0.5186201930046082,0.3248410224914551,ME2
0.4594418406486511,0.4512026906013489,0.4175512492656708,0.11501309275627136,0.5,0.0,0.5299999713897705,0.2199999988079071,ME2
0.6274161338806152,0.67351233959198,0.4072040617465973,0.5837720036506653,0.5,0.0,0.562157928943634,0.3100000023841858,ME2
0.7699543237686157,0.8702945709228516,0.32522252202033997,0.3329312205314636,0.5,0.0,0.5627870559692383,0.2199999988079071,ME2
0.8704590201377869,0.8363193273544312,0.5388734340667725,0.40980270504951477,0.5,0.0,0.46000000834465027,0.2199999988079071,ME2
0.632027268409729,0.6598888635635376,0.4980330467224121,0.30167147517204285,0.5,0.0,0.49000000953674316,0.2199999988079071,ME2
0.5374569296836853,0.49796098470687866,0.4625723361968994,0.1743595153093338,0.5,0.0,0.5299999713897705,0.2199999988079071,ME2
0.9186310768127441,0.6609246134757996,0.49227893352508545,0.4987163841724396,0.5,0.0,0.49000000953674316,0.2199999988079071,ME2
0.7419658303260803,0.6958158612251282,0.4575599431991577,0.1732836365699768,0.5,0.0,0.5619737505912781,0.337516725063324,ME2
0.8920597434043884,0.6715326905250549,0.3706103265285492,0.12863792479038239,0.5,0.0,0.5370806455612183,0.2199999988079071,ME2
0.7897914052009583,0.5807009935379028,0.5234766006469727,0.21965083479881287,0.5,0.0,0.5086891651153564,0.2199999988079071,ME2
0.8024851679801941,0.7083780765533447,0.3823392987251282,0.5666425228118896,0.5,0.0,0.5582588911056519,0.2199999988079071,ME2
0.7649226188659668,0.6078025698661804,0.49000000953674316,0.36886176466941833,0.5,0.0,0.5370045900344849,0.2199999988079071,ME2
0.7981719970703125,0.5080527067184448,0.3822614252567291,0.2120872437953949,0.5,0.0,0.49000000953674316,0.4154738485813141,ME2
0.43412894010543823,0.29825693368911743,0.38624900579452515,0.2978464961051941,0.5,0.0,0.5299999713897705,0.2199999988079071,ME2
0.7256855964660645,0.5478725433349609,0.4666663706302643,0.3094063699245453,0.5,0.0,0.637398362159729,0.2199999988079071,ME2
0.6931421756744385,0.6062105298042297,0.3427152633666992,0.4080631136894226,0.5,0.0,0.5084927082061768,0.2199999988079071,ME2
0.7501543760299683,0.8012507557868958,0.43440014123916626,0.6941862106323242,0.5,0.0,0.49000000953674316,0.2199999988079071,ME2
0.5093291401863098,0.45444852113723755,0.46105533838272095,0.26161709427833557,0.5,0.0,0.5398818254470825,0.2199999988079071,ME2
0.7709466218948364,0.6727368831634521,0.34617260098457336,0.11855848878622055,0.5,0.0,0.49000000953674316,0.22812074422836304,ME2
0.8999415636062622,0.9175829887390137,0.23587417602539062,0.3705143630504608,0.5,0.0,0.5828535556793213,0.2199999988079071,ME2
0.8436417579650879,0.8052599430084229,0.2390194535255432,0.26587021350860596,0.5,0.0,0.3713855743408203,0.2199999988079071,ME2
0.4237079918384552,0.6165681481361389,0.4938923418521881,0.2224252074956894,0.5,0.0,0.5,0.29839926958084106,ME2
0.6438829898834229,0.39460045099258423,0.3684180676937103,0.18063350021839142,0.5,0.0,0.5099999904632568,0.2199999988079071,ME2
0.7005482316017151,0.7193005681037903,0.3632628917694092,0.6495586633682251,0.5,0.0,0.5224174857139587,0.2199999988079071,ME2
0.582260012626648,0.5049745440483093,0.37693607807159424,0.13538247346878052,0.5,0.0,0.512414813041687,0.257874995470047,ME2
0.7164313793182373,0.4723351299762726,0.39732104539871216,0.1191844567656517,0.5,0.0,0.5299999713897705,0.2199999988079071,ME2
0.5452494621276855,0.5148337483406067,0.5078851580619812,0.131996288895607,0.5,0.0,0.5299999713897705,0.2199999988079071,ME2
0.89419025182724,0.7486123442649841,0.2995527386665344,0.5327874422073364,0.5,0.0,0.505958616733551,0.2199999988079071,ME2
0.9112730026245117,0.6140825152397156,0.33186009526252747,0.27635714411735535,0.5,0.0,0.5513578653335571,0.2199999988079071,ME2
0.6831300258636475,0.44828009605407715,0.49000000953674316,0.34264031052589417,0.5,0.0,0.44675177335739136,0.2199999988079071,ME2
0.7939673662185669,0.6526845097541809,0.5,0.21768231689929962,0.5,0.0,0.5299999713897705,0.29954594373703003,ME2
0.4699999988079071,0.7059229016304016,0.5096102952957153,0.20018284022808075,0.5,0.0,0.5490043759346008,0.2199999988079071,ME2
0.7933024168014526,0.7337074279785156,0.36100026965141296,0.1846325695514679,0.5,0.0,0.551582932472229,0.2199999988079071,ME2
0.5856684446334839,0.5737096667289734,0.3321743607521057,0.26068225502967834,0.5,0.0,0.5199999809265137,0.2924879789352417,ME2
0.763518750667572,0.48478761315345764,0.44156956672668457,0.1599999964237213,0.5,0.0,0.5845310091972351,0.2199999988079071,ME2
0.7578649520874023,0.4677932858467102,0.4254470765590668,0.27270984649658203,0.5,0.0,0.5199999809265137,0.536476731300354,ME2
0.6562546491622925,0.5276254415512085,0.37142515182495117,0.29083237051963806,0.5,0.0,0.5,0.26690641045570374,ME2
0.4623960554599762,0.6895977854728699,0.3921579420566559,0.22368134558200836,0.5,0.0,0.5299999713897705,0.2199999988079071,ME2
0.9734978675842285,0.6569502949714661,0.49880170822143555,0.38958504796028137,0.5,0.0,0.5020666122436523,0.37880051136016846,ME2
0.744664192199707,0.658896803855896,0.3248918354511261,0.278069406747818,0.5,0.0,0.5390731692314148,0.2199999988079071,ME2
0.8887814879417419,0.716851532459259,0.4328652620315552,0.39542338252067566,0.5,0.0,0.48135530948638916,0.2199999988079071,ME2
0.5997570157051086,0.35034504532814026,0.558868408203125,0.19871553778648376,0.5,0.0,0.48638594150543213,0.2199999988079071,ME2
0.6704901456832886,0.664167046546936,0.37645623087882996,0.20999999344348907,0.5,0.0,0.5337754487991333,0.2199999988079071,ME2
0.7949012517929077,0.6226006746292114,0.5,0.28501200675964355,0.5,0.0,0.5400000214576721,0.2199999988079071,ME2
0.8091067671775818,0.7529324889183044,0.32246893644332886,0.2628973722457886,0.5,0.0,0.45261114835739136,0.2199999988079071,ME2
0.9603126049041748,0.5146028995513916,0.40485745668411255,0.3692505657672882,0.5,0.0,0.477302223443985,0.5677457451820374,ME2
0.6656288504600525,0.5886618494987488,0.41285520792007446,0.21002188324928284,0.5,0.0,0.5299999713897705,0.3460428714752197,ME2
0.6590144038200378,0.7607851028442383,0.29172876477241516,0.3140324354171753,0.5,0.0,0.5052874684333801,0.2199999988079071,ME2
0.5996320247650146,0.4689348340034485,0.38262057304382324,0.376969575881958,0.5,0.0,0.5526172518730164,0.2199999988079071,ME2
0.6563166379928589,0.7004355192184448,0.3471066355705261,0.4533984065055847,0.5,0.0,0.5299999713897705,0.2199999988079071,ME2
0.5808338522911072,0.5613797307014465,0.3809364140033722,0.144420325756073,0.5,0.0,0.48700371384620667,0.2199999988079071,ME2
0.8707714676856995,0.587323784828186,0.44337260723114014,0.1709592044353485,0.5,0.0,0.5400000214576721,0.2199999988079071,ME2
0.8327709436416626,0.47734957933425903,0.5,0.15190646052360535,0.5,0.0,0.49000000953674316,0.22145408391952515,ME2
0.9703925848007202,0.8342739939689636,0.25741294026374817,0.28638771176338196,0.5,0.0,0.49000000953674316,0.2199999988079071,ME2
0.7750047445297241,0.8940560817718506,0.372236430644989,0.40678152441978455,0.5,0.0,0.5484292507171631,0.2199999988079071,ME2
0.8099184632301331,0.7051696181297302,0.5400000214576721,0.3132680654525757,0.5,0.0,0.5299999713897705,0.2667695879936218,ME2
0.7775803208351135,0.867073655128479,0.38337793946266174,0.37019848823547363,0.5,0.0,0.5199999809265137,0.2199999988079071,ME2
0.8228117227554321,0.4655655026435852,0.4173697829246521,0.2380700409412384,0.5,0.0,0.5600547790527344,0.3100000023841858,ME2
0.7596194744110107,0.6443592309951782,0.5799999833106995,0.1964702159166336,0.5,0.0,0.6608903408050537,0.2199999988079071,ME2
0.507305383682251,0.48249542713165283,0.3950778841972351,0.17234764993190765,0.5,0.0,0.550000011920929,0.2199999988079071,ME2
0.5044300556182861,0.4229406714439392,0.44502153992652893,0.3478637933731079,0.5,0.0,0.49000000953674316,0.2199999988079071,ME2
0.9362821578979492,0.5452690124511719,0.39010089635849,0.22801896929740906,0.5,0.0,0.550000011920929,0.27440688014030457,ME2
0.6418599486351013,0.4479373097419739,0.49000000953674316,0.3340113162994385,0.5,0.0,0.5299999713897705,0.25999215245246887,ME2
0.5489137768745422,0.4200524091720581,0.4140656590461731,0.19323770701885223,0.5,0.0,0.5299999713897705,0.2199999988079071,ME2
0.8930015563964844,0.8878262042999268,0.34517624974250793,0.28456273674964905,0.5,0.0,0.6427878141403198,0.2199999988079071,ME2
0.8510673642158508,0.5943410992622375,0.4456718862056732,0.25551551580429077,0.5,0.0,0.6124222278594971,0.2199999988079071,ME2
0.6652711033821106,0.5442084670066833,0.3335970640182495,0.2867269217967987,0.5,0.0,0.5299999713897705,0.48526138067245483,ME2
0.7107188105583191,0.6766077280044556,0.30533623695373535,0.19840750098228455,0.5,0.0,0.5507822036743164,0.2199999988079071,ME2
0.7307224869728088,0.6452168226242065,0.44838041067123413,0.34284278750419617,0.5,0.0,0.5337641835212708,0.2199999988079071,ME2
0.6714176535606384,0.5319958925247192,0.39197900891304016,0.1433001011610031,0.5,0.0,0.5157414078712463,0.23283429443836212,ME2
0.5307803153991699,0.5817134976387024,0.3334445357322693,0.1874578297138214,0.5,0.0,0.5345628261566162,0.2199999988079071,ME2
0.9761091470718384,0.7581160068511963,0.3781326413154602,0.5520919561386108,0.5,0.0,0.5,0.27000001072883606,ME2
0.79411381483078,0.46830546855926514,0.5,0.24571463465690613,0.5,0.0,0.6186572909355164,0.37645378708839417,ME2
0.36248674988746643,0.4712549149990082,0.3775676190853119,0.2274710088968277,0.5,0.0,0.5299999713897705,0.2199999988079071,ME2
0.791397750377655,0.5712694525718689,0.4247356355190277,0.38959917426109314,0.5,0.0,0.5099999904632568,0.2199999988079071,ME2
0.47444581985473633,0.5956172347068787,0.39820852875709534,0.14063729345798492,0.5,0.0,0.5430610179901123,0.2199999988079071,ME2
0.9221082329750061,0.5129719376564026,0.29836925864219666,0.2611401081085205,0.5,0.0,0.5768095254898071,0.30011454224586487,ME2
0.5497469305992126,0.5767008662223816,0.46362921595573425,0.17203006148338318,0.5,0.0,0.5740900635719299,0.2199999988079071,ME2
0.6565961837768555,0.5912615656852722,0.32397735118865967,0.1167953610420227,0.5,0.0,0.547455370426178,0.2199999988079071,ME2
0.6364108920097351,0.5405879616737366,0.4441312253475189,0.2814299166202545,0.5,0.0,0.576650857925415,0.2199999988079071,ME2
0.9525882005691528,0.80989670753479,0.33743926882743835,0.3268197476863861,0.5,0.0,0.410917192697525,0.2199999988079071,ME2
0.7697747945785522,0.8584282398223877,0.32696732878685,0.30934619903564453,0.5,0.0,0.5528852939605713,0.2199999988079071,ME2
0.7793260216712952,0.7333793640136719,0.5149999856948853,0.3044525682926178,0.5,0.0,0.5690163969993591,0.2199999988079071,ME2
0.679253876209259,0.7659884691238403,0.45202118158340454,0.4841955602169037,0.5,0.0,0.5299999713897705,0.2199999988079071,ME2
0.7258924245834351,0.8950634002685547,0.44830024242401123,0.3259049355983734,0.5,0.0,0.49000000953674316,0.2199999988079071,ME2
0.5180915594100952,0.513066828250885,0.37315547466278076,0.20999999344348907,0.5,0.0,0.5484238862991333,0.2199999988079071,ME2
0.3529033064842224,0.45696574449539185,0.2961815297603607,0.22353045642375946,0.5,0.0,0.5,0.2524000406265259,ME2
0.6933127641677856,0.7176790237426758,0.3243858814239502,0.3024417757987976,0.5,0.0,0.49000000953674316,0.2199999988079071,ME2
0.7760396003723145,0.8840034604072571,0.2922825515270233,0.39260977506637573,0.5,0.0,0.5490127205848694,0.2199999988079071,ME2
0.8551797270774841,0.6149101853370667,0.4138247072696686,0.18488632142543793,0.5,0.0,0.49000000953674316,0.2199999988079071,ME2
0.896765410900116,0.6263741254806519,0.37297460436820984,0.4749261140823364,0.5,0.0,0.49000000953674316,0.2199999988079071,ME2
0.4699999988079071,0.599425196647644,0.3997992277145386,0.132405087351799,0.5,0.0,0.5043518543243408,0.25467219948768616,ME2
0.8264411091804504,0.7076289653778076,0.33154019713401794,0.2870480418205261,0.5,0.0,0.4599241018295288,0.2199999988079071,ME2
0.5699130296707153,0.6086015701293945,0.4905662536621094,0.5805623531341553,0.5,0.0,0.5299999713897705,0.2199999988079071,ME2
0.6009210348129272,0.44999998807907104,0.48726147413253784,0.1769803911447525,0.5,0.0,0.5898783802986145,0.2199999988079071,ME2
0.9278975129127502,0.8747078776359558,0.5,0.5129302144050598,0.5,0.0,0.5,0.2199999988079071,ME2
0.8549337387084961,0.6504856944084167,0.48878756165504456,0.11705712974071503,0.5,0.0,0.5299999713897705,0.2199999988079071,ME2
0.5815891027450562,0.5661547780036926,0.3664555549621582,0.12559348344802856,0.5,0.0,0.5518355965614319,0.2199999988079071,ME2
0.7150719165802002,0.7203165292739868,0.4320871829986572,0.4130195081233978,0.5,0.0,0.5237054824829102,0.4277108609676361,ME2
0.8072438836097717,0.6984530687332153,0.371036171913147,0.5859999060630798,0.5,0.0,0.46000000834465027,0.2199999988079071,ME2
0.9276184439659119,0.602881669998169,0.25247740745544434,0.3108251988887787,0.5,0.0,0.46000000834465027,0.27000001072883606,ME2
0.800811231136322,0.5,0.4708280563354492,0.34035444259643555,0.5,0.0,0.46000000834465027,0.33880606293678284,ME2
0.6801231503486633,0.5259363651275635,0.37919238209724426,0.21883365511894226,0.5,0.0,0.5314356088638306,0.2878122329711914,ME2
0.6034137606620789,0.44999998807907104,0.3490043580532074,0.3360280692577362,0.5,0.0,0.5299999713897705,0.2199999988079071,ME2
0.6431525349617004,0.5,0.404589980840683,0.21500849723815918,0.5,0.0,0.49000000953674316,0.3100000023841858,ME2
0.9125722646713257,0.6817347407341003,0.2700647711753845,0.40377169847488403,0.5,0.0,0.5299999713897705,0.2199999988079071,ME2
0.8380473852157593,0.5418533086776733,0.3258229196071625,0.25493043661117554,0.5,0.0,0.48818439245224,0.3100000023841858,ME2
0.759119987487793,0.7198705077171326,0.46652624011039734,0.3642037510871887,0.5,0.0,0.5,0.3100000023841858,ME2
0.6853173971176147,0.5668158531188965,0.44948697090148926,0.11539814621210098,0.5,0.0,0.5299999713897705,0.2199999988079071,ME2
0.7138938307762146,0.5833873748779297,0.3449270725250244,0.14009961485862732,0.5,0.0,0.5099999904632568,0.2199999988079071,ME2
0.5546683073043823,0.4436861276626587,0.5740007758140564,0.1804998815059662,0.5,0.0,0.6557039618492126,0.2199999988079071,ME2
0.7114256620407104,0.44999998807907104,0.3590163588523865,0.3337162435054779,0.5,0.0,0.509797990322113,0.338510662317276,ME2
0.4240923821926117,0.5073111653327942,0.36440417170524597,0.18630382418632507,0.5,0.0,0.550000011920929,0.2199999988079071,ME2
0.9307857155799866,0.4986131191253662,0.5566903948783875,0.13910511136054993,0.5,0.0,0.5674108266830444,0.2199999988079071,ME2
0.6217545866966248,0.5721886157989502,0.3206263780593872,0.17353180050849915,0.5,0.0,0.5400000214576721,0.2199999988079071,ME2
0.5899401307106018,0.6169016361236572,0.4435025155544281,0.2350141555070877,0.5,0.0,0.48266491293907166,0.2199999988079071,ME2
0.730521023273468,0.6164900660514832,0.3821914792060852,0.4278564453125,0.5,0.0,0.5,0.3100000023841858,ME2
0.4307507574558258,0.47314703464508057,0.4324610233306885,0.12804001569747925,0.5,0.0,0.49000000953674316,0.2199999988079071,ME2
0.6431251764297485,0.7073498964309692,0.3940410017967224,0.31629258394241333,0.5,0.0,0.4931967854499817,0.2199999988079071,ME2
0.7371100187301636,0.727934718132019,0.37791410088539124,0.2264350801706314,0.5,0.0,0.5199999809265137,0.2199999988079071,ME2
0.9345461130142212,0.7417615652084351,0.5534400343894958,0.36974287033081055,0.5,0.0,0.4927941560745239,0.2775880992412567,ME2
0.9870620369911194,0.8686329126358032,0.32959043979644775,0.2459346055984497,0.5,0.0,0.47999998927116394,0.2199999988079071,ME2
0.940808892250061,0.575823962688446,0.5,0.2473990023136139,0.5,0.0,0.561470091342926,0.2199999988079071,ME2
0.9190263152122498,0.44999998807907104,0.4746875762939453,0.11216380447149277,0.5,0.0,0.49509042501449585,0.2199999988079071,ME2
0.6104786396026611,0.584616482257843,0.5199999809265137,0.170414000749588,0.5,0.0,0.550000011920929,0.2199999988079071,ME2
0.9380000233650208,0.5921140909194946,0.5214192271232605,0.27642181515693665,0.5,0.0,0.500153660774231,0.27000001072883606,ME2
0.6354409456253052,0.662663459777832,0.4098968803882599,0.5108755826950073,0.5,0.0,0.5,0.2199999988079071,ME2
0.7591355443000793,0.5,0.3667827546596527,0.11724594980478287,0.5,0.0,0.5099999904632568,0.30661988258361816,ME2
0.9374995827674866,0.6919205188751221,0.46869558095932007,0.6215048432350159,0.5,0.0,0.5211224555969238,0.2199999988079071,ME2
0.9226910471916199,0.7486051917076111,0.27481091022491455,0.5079401135444641,0.5,0.0,0.3185436725616455,0.27869483828544617,ME2
0.5825700759887695,0.37207284569740295,0.4342445135116577,0.17282703518867493,0.5,0.0,0.4776304364204407,0.2222035676240921,ME2
0.5144345760345459,0.405569851398468,0.46022310853004456,0.21057802438735962,0.5,0.0,0.5199999809265137,0.2199999988079071,ME2
0.9525160789489746,0.8255590796470642,0.37944674491882324,0.4031181037425995,0.5,0.0,0.46000000834465027,0.2199999988079071,ME2
0.6817668676376343,0.5096264481544495,0.338794082403183,0.11288609355688095,0.5,0.0,0.5712886452674866,0.2199999988079071,ME2
0.6269357800483704,0.6283498406410217,0.4248395562171936,0.252217173576355,0.5,0.0,0.5895547270774841,0.2199999988079071,ME2
0.5582617521286011,0.3947857916355133,0.4774834215641022,0.1940598338842392,0.5,0.0,0.5147597193717957,0.2199999988079071,ME2
0.7831234335899353,0.6063178181648254,0.3436058759689331,0.3305874466896057,0.5,0.0,0.5509542226791382,0.2199999988079071,ME2
0.764196515083313,0.6593174934387207,0.35413795709609985,0.18090444803237915,0.5,0.0,0.534025251865387,0.2522847354412079,ME2
0.8902789354324341,0.7690274715423584,0.3547763228416443,0.3851129114627838,0.5,0.0,0.532170295715332,0.2199999988079071,ME2
0.7665008306503296,0.6924652457237244,0.3859681785106659,0.2874983549118042,0.5,0.0,0.5199999809265137,0.2199999988079071,ME2
0.7306109666824341,0.46454501152038574,0.3409458100795746,0.7577894926071167,0.5,0.0,0.550000011920929,0.2801431715488434,ME2
0.7940843105316162,0.7324268221855164,0.4227338433265686,0.20999999344348907,0.5,0.0,0.43024298548698425,0.2199999988079071,ME2
0.9557856321334839,0.639301061630249,0.47582563757896423,0.38780906796455383,0.5,0.0,0.5027419328689575,0.2199999988079071,ME2
0.9758855700492859,0.7488808631896973,0.3361460268497467,0.5273488759994507,0.5,0.0,0.3854774534702301,0.2199999988079071,ME2
0.9703902006149292,0.7055193781852722,0.3547775447368622,0.2795010507106781,0.5,0.0,0.5400000214576721,0.2568749785423279,ME2
0.5619966387748718,0.4804009199142456,0.47852644324302673,0.13638098537921906,0.5,0.0,0.5878711938858032,0.2199999988079071,ME2
0.4699999988079071,0.34993770718574524,0.4912663400173187,0.28246521949768066,0.5,0.0,0.5727834105491638,0.2199999988079071,ME2
0.7093135118484497,0.5479876399040222,0.49000000953674316,0.45568251609802246,0.5,0.0,0.5099999904632568,0.4003024995326996,ME2
0.7015586495399475,0.499156653881073,0.46000805497169495,0.4064679741859436,0.5,0.0,0.6876365542411804,0.2199999988079071,ME2
0.9300827980041504,0.7255796790122986,0.34393152594566345,0.5257369875907898,0.5,0.0,0.5562628507614136,0.23632115125656128,ME2
0.7805961966514587,0.541154682636261,0.3431401550769806,0.22387102246284485,0.5,0.0,0.5715362429618835,0.2199999988079071,ME2
0.7300094366073608,0.580490231513977,0.4144429564476013,0.14010903239250183,0.5,0.0,0.5475577712059021,0.2199999988079071,ME2
0.9452459216117859,0.9171769618988037,0.22146344184875488,0.33623331785202026,0.5,0.0,0.6165646314620972,0.2199999988079071,ME2
0.582914412021637,0.460578054189682,0.4595247209072113,0.12548618018627167,0.5,0.0,0.5299999713897705,0.2199999988079071,ME2
0.7920137047767639,0.5457899570465088,0.4379984736442566,0.24700090289115906,0.5,0.0,0.5099999904632568,0.3999563455581665,ME2
0.9367058873176575,0.7378013730049133,0.32634684443473816,0.33589768409729004,0.5,0.0,0.5299999713897705,0.2199999988079071,ME2
0.5175837278366089,0.449654221534729,0.42454513907432556,0.15597666800022125,0.5,0.0,0.5519580245018005,0.2199999988079071,ME2
0.7283525466918945,0.6619415283203125,0.3271520435810089,0.3272826075553894,0.5,0.0,0.514077365398407,0.2199999988079071,ME2
0.7681877613067627,0.7267316579818726,0.33264291286468506,0.3496725559234619,0.5,0.0,0.5730345845222473,0.2199999988079071,ME2
0.5806559920310974,0.40231287479400635,0.2288067638874054,0.1346629559993744,0.5,0.0,0.5199999809265137,0.2199999988079071,ME2
0.8090214133262634,0.7020555734634399,0.5199999809265137,0.4324946999549866,0.5,0.0,0.5199999809265137,0.2199999988079071,ME2
0.7934824824333191,0.8486862182617188,0.3646930158138275,0.13589097559452057,0.5,0.0,0.557556688785553,0.25,ME2
0.7864519357681274,0.7339890003204346,0.5299999713897705,0.36896151304244995,0.5,0.0,0.561165988445282,0.2199999988079071,ME2
0.812139093875885,0.6411182880401611,0.4310583174228668,0.23071110248565674,0.5,0.0,0.5299999713897705,0.2199999988079071,ME2
0.7995457053184509,0.81053626537323,0.47356000542640686,0.3278479278087616,0.5,0.0,0.5649188756942749,0.2199999988079071,ME2
0.7922576069831848,0.77768474817276,0.4719736576080322,0.44826972484588623,0.5,0.0,0.5199999809265137,0.2199999988079071,ME2
0.6609767079353333,0.44831204414367676,0.3330470025539398,0.3556896448135376,0.5,0.0,0.550000011920929,0.32041990756988525,ME2
0.9482595324516296,0.743532121181488,0.32409319281578064,0.14433088898658752,0.5,0.0,0.5299999713897705,0.2199999988079071,ME2
0.7059134244918823,0.6736654043197632,0.36871615052223206,0.234712615609169,0.5,0.0,0.5613921880722046,0.22989383339881897,ME2
0.4699999988079071,0.45435938239097595,0.38308781385421753,0.28937166929244995,0.5,0.0,0.5269548296928406,0.5308125615119934,ME2
0.4594031274318695,0.34381458163261414,0.3606288731098175,0.28458237648010254,0.5,0.0,0.5,0.31610801815986633,ME2
0.540137529373169,0.5872065424919128,0.34358274936676025,0.14065110683441162,0.5,0.0,0.49000000953674316,0.2199999988079071,ME2
0.8942897319793701,0.681794285774231,0.4562870264053345,0.3307800889015198,0.5,0.0,0.5299999713897705,0.25,ME2
0.9861773252487183,0.6466798782348633,0.2410559356212616,0.5011506080627441,0.5,0.0,0.18636251986026764,0.2199999988079071,ME2
0.7393539547920227,0.5101141333580017,0.3893321454524994,0.2711356282234192,0.5,0.0,0.5,0.3007422983646393,ME2
0.5337254405021667,0.5935338139533997,0.3797304630279541,0.4860152304172516,0.5,0.0,0.5299999713897705,0.5022759437561035,ME2
0.7475980520248413,0.6800127625465393,0.5064631700515747,0.4386928975582123,0.5,0.0,0.5028625726699829,0.2199999988079071,ME2
0.8589943647384644,0.6100351810455322,0.4523460268974304,0.29764416813850403,0.5,0.0,0.5400000214576721,0.2199999988079071,ME2
0.4699999988079071,0.6158087849617004,0.4618012607097626,0.24219518899917603,0.5,0.0,0.584526002407074,0.2199999988079071,ME2
0.817859411239624,0.7597678899765015,0.25397610664367676,0.29491540789604187,0.5,0.0,0.47753894329071045,0.2199999988079071,ME2
0.7530919909477234,0.5845205187797546,0.3981075584888458,0.43195945024490356,0.5,0.0,0.5631541609764099,0.27000001072883606,ME2
0.8820667266845703,0.7272825241088867,0.33644410967826843,0.36506187915802,0.5,0.0,0.5337629318237305,0.2199999988079071,ME2
0.8140698671340942,0.7060065865516663,0.3508026599884033,0.3569777011871338,0.5,0.0,0.47999998927116394,0.2199999988079071,ME2
0.7559447288513184,0.7390649318695068,0.39289161562919617,0.5073866248130798,0.5,0.0,0.4700748026371002,0.2199999988079071,ME2
0.6371833682060242,0.5193618535995483,0.4624778926372528,0.13406437635421753,0.5,0.0,0.5299999713897705,0.2505406439304352,ME2
0.9197536706924438,0.6990998387336731,0.40336164832115173,0.417059987783432,0.5,0.0,0.5601587891578674,0.2199999988079071,ME2
0.8327139616012573,0.6169954538345337,0.40905556082725525,0.37615275382995605,0.5,0.0,0.550000011920929,0.2199999988079071,ME2
0.5211350321769714,0.6609002947807312,0.38877755403518677,0.36384525895118713,0.5,0.0,0.5099999904632568,0.2199999988079071,ME2
0.5772160887718201,0.5,0.44013866782188416,0.22026731073856354,0.5,0.0,0.5299999713897705,0.2199999988079071,ME2
0.8687083721160889,0.6778728365898132,0.38365593552589417,0.2498389184474945,0.5,0.0,0.4748169779777527,0.2694045901298523,ME2
0.7698410153388977,0.6187589168548584,0.37107399106025696,0.3578312397003174,0.5,0.0,0.5400000214576721,0.2199999988079071,ME2
0.6129223704338074,0.5857641100883484,0.36973142623901367,0.14001934230327606,0.5,0.0,0.5099999904632568,0.2199999988079071,ME2
0.5692474842071533,0.5904685258865356,0.4460064172744751,0.14798548817634583,0.5,0.0,0.550000011920929,0.2199999988079071,ME2
0.7749778628349304,0.5352670550346375,0.44964706897735596,0.44728076457977295,0.5,0.0,0.5,0.32331517338752747,ME2
0.73244708776474,0.5564590692520142,0.36743783950805664,0.1385696977376938,0.5,0.0,0.5648285746574402,0.2199999988079071,ME2
0.785032331943512,0.6706224083900452,0.3387855589389801,0.5165854096412659,0.5,0.0,0.550000011920929,0.2199999988079071,ME2
0.7946987748146057,0.5389879941940308,0.45041313767433167,0.4116247296333313,0.5,0.0,0.5814837217330933,0.2199999988079071,ME2
0.6427509188652039,0.4099145531654358,0.46043160557746887,0.21233181655406952,0.5,0.0,0.5299999713897705,0.2199999988079071,ME2
0.5298478603363037,0.5074074864387512,0.4673733413219452,0.1276237517595291,0.5,0.0,0.49670854210853577,0.2199999988079071,ME2
0.864688515663147,0.5930055379867554,0.2761717438697815,0.1172599047422409,0.5,0.0,0.4982564151287079,0.2199999988079071,ME2
0.7025957107543945,0.5365617275238037,0.4007226228713989,0.2943328619003296,0.5,0.0,0.5398690104484558,0.2199999988079071,ME2
0.6047226190567017,0.39678817987442017,0.37685495615005493,0.24969348311424255,0.5,0.0,0.550000011920929,0.25607869029045105,ME2
0.8073661923408508,0.7332673668861389,0.3916730284690857,0.32739460468292236,0.5,0.0,0.5099999904632568,0.3100000023841858,ME2
0.7752315998077393,0.6543449759483337,0.3333519697189331,0.1816718578338623,0.5,0.0,0.47999998927116394,0.3526606559753418,ME2
0.40114837884902954,0.4307831823825836,0.4159679412841797,0.15487010776996613,0.5,0.0,0.5299999713897705,0.2199999988079071,ME2
0.6849250793457031,0.5848437547683716,0.5400000214576721,0.38544711470603943,0.5,0.0,0.5199999809265137,0.2199999988079071,ME2
0.8805518746376038,0.5443803668022156,0.29326164722442627,0.3451201915740967,0.5,0.0,0.5400000214576721,0.2199999988079071,ME2
0.7374322414398193,0.6194778680801392,0.43954986333847046,0.32047444581985474,0.5,0.0,0.5226055979728699,0.2199999988079071,ME2
0.4793357253074646,0.5188785791397095,0.3658621907234192,0.23812748491764069,0.5,0.0,0.5099999904632568,0.2199999988079071,ME2
0.7403976321220398,0.5676118731498718,0.37898609042167664,0.41402488946914673,0.5,0.0,0.5626785755157471,0.2199999988079071,ME2
0.35631170868873596,0.4193175435066223,0.3269483149051666,0.1573484241962433,0.5,0.0,0.49000000953674316,0.247422993183136,ME2
0.7294843792915344,0.44999998807907104,0.5,0.2105245590209961,0.5,0.0,0.49000000953674316,0.2199999988079071,ME2
0.858120858669281,0.7417733073234558,0.4420953392982483,0.21318241953849792,0.5,0.0,0.5199999809265137,0.2199999988079071,ME2
0.6428218483924866,0.711782693862915,0.4535923898220062,0.28438103199005127,0.5,0.0,0.550000011920929,0.2199999988079071,ME2
0.6765175461769104,0.7223310470581055,0.42956310510635376,0.3005343973636627,0.5,0.0,0.5250059366226196,0.2199999988079071,ME2
0.6923509836196899,0.7851964235305786,0.4177422523498535,0.29577240347862244,0.5,0.0,0.5099999904632568,0.27000001072883606,ME2
0.8632593750953674,0.5761359930038452,0.41715726256370544,0.49300628900527954,0.5,0.0,0.5099999904632568,0.31366318464279175,ME2
0.6771979331970215,0.649114191532135,0.34178104996681213,0.292316734790802,0.5,0.0,0.5400000214576721,0.2199999988079071,ME2
0.8082420229911804,0.5877293348312378,0.4054590165615082,0.12200767546892166,0.5,0.0,0.5447378754615784,0.2199999988079071,ME2
0.893852174282074,0.5941450595855713,0.49635642766952515,0.3859783113002777,0.5,0.0,0.5099999904632568,0.3100000023841858,ME2
0.8726840019226074,0.6698613166809082,0.45200178027153015,0.24096544086933136,0.5,0.0,0.47999998927116394,0.2797115743160248,ME2
0.4907926917076111,0.4963173568248749,0.2654832601547241,0.2627989649772644,0.5,0.0,0.5099999904632568,0.2199999988079071,ME2
0.7149200439453125,0.7465103268623352,0.3832312524318695,0.27026981115341187,0.5,0.0,0.5464878678321838,0.2199999988079071,ME2
0.6949180364608765,0.5501019358634949,0.27082279324531555,0.2718212306499481,0.5,0.0,0.5400000214576721,0.2199999988079071,ME2
0.7858316898345947,0.7024894952774048,0.37536895275115967,0.2893524765968323,0.5,0.0,0.6119319796562195,0.3100000023841858,ME2
0.9823815226554871,0.6643041372299194,0.32560575008392334,0.38399791717529297,0.5,0.0,0.550000011920929,0.2199999988079071,ME2
0.8045867085456848,0.5017726421356201,0.27570149302482605,0.05617911368608475,0.5,0.0,0.5149474143981934,0.2199999988079071,ME2
0.5846655368804932,0.8470324277877808,0.321939080953598,0.16528210043907166,0.5,0.0,0.49000000953674316,0.2199999988079071,ME2
0.6015211343765259,0.5734016299247742,0.303011029958725,0.32122060656547546,0.5,0.0,0.5867140293121338,0.2199999988079071,ME2
0.5797207355499268,0.6186543107032776,0.388508677482605,0.327402263879776,0.5,0.0,0.4831357002258301,0.2199999988079071,ME2
0.6189836263656616,0.6013327240943909,0.33649274706840515,0.24673232436180115,0.5,0.0,0.5299999713897705,0.2199999988079071,ME2
0.39042428135871887,0.434187114238739,0.33100253343582153,0.11170393228530884,0.5,0.0,0.5148022174835205,0.2199999988079071,ME2
0.7799060940742493,0.5731825232505798,0.4351322054862976,0.25745055079460144,0.5,0.0,0.5364993214607239,0.2199999988079071,ME2
0.7832397818565369,0.6108804941177368,0.41274362802505493,0.21309371292591095,0.5,0.0,0.5172225832939148,0.2199999988079071,ME2
0.7511661052703857,0.6642209887504578,0.444411963224411,0.4076091945171356,0.5,0.0,0.5,0.310508668422699,ME2
0.4699999988079071,0.7057451605796814,0.3840855658054352,0.15274746716022491,0.5,0.0,0.47999998927116394,0.2199999988079071,ME2
0.6983623504638672,0.5218949317932129,0.38957732915878296,0.25657129287719727,0.5,0.0,0.5400000214576721,0.26815637946128845,ME2
0.5723457336425781,0.49522900581359863,0.5400000214576721,0.14026683568954468,0.5,0.0,0.5299999713897705,0.2199999988079071,ME2
0.7712666392326355,0.549953818321228,0.3492775559425354,0.2038363516330719,0.5,0.0,0.46993252635002136,0.2199999988079071,ME2
0.49476516246795654,0.6519008278846741,0.41169360280036926,0.20306901633739471,0.5,0.0,0.6456385850906372,0.2199999988079071,ME2
0.4586561322212219,0.5138863921165466,0.42287224531173706,0.13794264197349548,0.5,0.0,0.5663319826126099,0.2199999988079071,ME2
0.9349997043609619,0.7583013772964478,0.27782925963401794,0.39028310775756836,0.5,0.0,0.5613088607788086,0.2199999988079071,ME2
0.6548891663551331,0.6153210401535034,0.43785905838012695,0.18065616488456726,0.5,0.0,0.5099999904632568,0.2199999988079071,ME2
0.7868697643280029,0.6855444312095642,0.3421783447265625,0.33137568831443787,0.5,0.0,0.5168009400367737,0.5341256260871887,ME2
0.839385449886322,0.5478877425193787,0.3833031952381134,0.11661574244499207,0.5,0.0,0.550000011920929,0.2199999988079071,ME2
0.9114678502082825,0.6996176838874817,0.3615545928478241,0.46055909991264343,0.5,0.0,0.5,0.2199999988079071,ME2
0.6886645555496216,0.6469013094902039,0.42517635226249695,0.21509914100170135,0.5,0.0,0.6180287599563599,0.2199999988079071,ME2
0.9506889581680298,0.6589522957801819,0.5,0.36446478962898254,0.5,0.0,0.5758436918258667,0.2199999988079071,ME2
0.7862699627876282,0.5529871582984924,0.4416302442550659,0.13692808151245117,0.5,0.0,0.5199999809265137,0.27000001072883606,ME2
0.9063853025436401,0.6852559447288513,0.49000000953674316,0.27275633811950684,0.5,0.0,0.480104923248291,0.2199999988079071,ME2
0.8476636409759521,0.6640637516975403,0.3842679262161255,0.5044312477111816,0.5,0.0,0.5099999904632568,0.25,ME2
0.5169348120689392,0.28247004747390747,0.41408365964889526,0.37366119027137756,0.5,0.0,0.4688781201839447,0.2556154429912567,ME2
0.6682087182998657,0.6509067416191101,0.4465928375720978,0.13606752455234528,0.5,0.0,0.5420994162559509,0.2199999988079071,ME2
0.6588716506958008,0.5700849890708923,0.34816768765449524,0.5383349657058716,0.5,0.0,0.5199999809265137,0.2199999988079071,ME2
0.607211172580719,0.5536718964576721,0.46319976449012756,0.5758302211761475,0.5,0.0,0.5299999713897705,0.2199999988079071,ME2
0.694503664970398,0.5135431289672852,0.3508380651473999,0.21928150951862335,0.5,0.0,0.5299999713897705,0.2199999988079071,ME2
0.9729434847831726,0.7375485301017761,0.4247790575027466,0.28125420212745667,0.5,0.0,0.45699167251586914,0.2199999988079071,ME2
0.8601372838020325,0.5921066999435425,0.4320943057537079,0.45699429512023926,0.5,0.0,0.5199999809265137,0.23741795122623444,ME2
0.9007855653762817,0.7107440829277039,0.3806041479110718,0.4049889147281647,0.5,0.0,0.5231033563613892,0.36576521396636963,ME2
0.4560270309448242,0.27201753854751587,0.3763152062892914,0.16938301920890808,0.5,0.0,0.5546305775642395,0.27552416920661926,ME2
0.7992486357688904,0.5102072358131409,0.39831262826919556,0.2453427016735077,0.5,0.0,0.46000000834465027,0.35689738392829895,ME2
0.6949563026428223,0.6639525890350342,0.43382880091667175,0.13646098971366882,0.5,0.0,0.5400000214576721,0.2199999988079071,ME2
0.8015679121017456,0.7078196406364441,0.3750164210796356,0.5293174386024475,0.5,0.0,0.47112545371055603,0.2199999988079071,ME2
0.6236045360565186,0.6516058444976807,0.46374085545539856,0.4660417139530182,0.5,0.0,0.5683335661888123,0.3464444577693939,ME2
0.6583275198936462,0.4922187924385071,0.3897457420825958,0.1140284314751625,0.5,0.0,0.5400000214576721,0.2199999988079071,ME2
0.6170268058776855,0.53750079870224,0.25955989956855774,0.21827778220176697,0.5,0.0,0.6044980883598328,0.2199999988079071,ME2
0.9699003100395203,0.8599104881286621,0.36002784967422485,0.5195765495300293,0.5,0.0,0.47999998927116394,0.2199999988079071,ME2
0.7830074429512024,0.6159877777099609,0.5267864465713501,0.22104693949222565,0.5,0.0,0.5813089609146118,0.2199999988079071,ME2
0.9667803645133972,0.6926604509353638,0.26454639434814453,0.38770079612731934,0.5,0.0,0.5839020609855652,0.2199999988079071,ME2
0.9807194471359253,0.8149152398109436,0.24957740306854248,0.4029103219509125,0.5,0.0,0.47424232959747314,0.2199999988079071,ME2
0.7925190329551697,0.592651903629303,0.5,0.46449100971221924,0.5,0.0,0.638613224029541,0.2199999988079071,ME2
0.9550899267196655,0.5972965359687805,0.3547808825969696,0.37717893719673157,0.5,0.0,0.5008717179298401,0.31004518270492554,ME2
0.8075971603393555,0.6073312163352966,0.3068944811820984,0.12710219621658325,0.5,0.0,0.5677525997161865,0.2199999988079071,ME2
0.8025792241096497,0.8895161747932434,0.4947535991668701,0.5037454962730408,0.5,0.0,0.550000011920929,0.2199999988079071,ME2
0.9199711084365845,0.515596866607666,0.3285546898841858,0.40955492854118347,0.5,0.0,0.5199999809265137,0.2199999988079071,ME2
0.8204630017280579,0.47014787793159485,0.26238754391670227,0.5056601762771606,0.5,0.0,0.4637628495693207,0.2199999988079071,ME2
0.6540249586105347,0.598885178565979,0.321507066488266,0.13621015846729279,0.5,0.0,0.5199999809265137,0.2199999988079071,ME2
0.9597902297973633,0.6653886437416077,0.5263643264770508,0.2883966565132141,0.5,0.0,0.47734180092811584,0.2199999988079071,ME2
0.7648522257804871,0.6993493437767029,0.436802476644516,0.3627690374851227,0.5,0.0,0.5741466283798218,0.2199999988079071,ME2
0.6211694478988647,0.518606424331665,0.3421560227870941,0.1295894831418991,0.5,0.0,0.49000000953674316,0.2199999988079071,ME2
0.6988579034805298,0.6310414671897888,0.43556270003318787,0.24349422752857208,0.5,0.0,0.5400000214576721,0.2199999988079071,ME2
0.9315296411514282,0.49323728680610657,0.5199999809265137,0.21456865966320038,0.5,0.0,0.5516446828842163,0.2199999988079071,ME2
0.7162985801696777,0.7260605096817017,0.27332109212875366,0.48841509222984314,0.5,0.0,0.5400000214576721,0.2199999988079071,ME2
0.8063549995422363,0.7307272553443909,0.3775877356529236,0.45401427149772644,0.5,0.0,0.550000011920929,0.27000001072883606,ME2
0.90721195936203,0.7731183171272278,0.4178209900856018,0.27424487471580505,0.5,0.0,0.5744385719299316,0.2199999988079071,ME2
0.584052324295044,0.4959438443183899,0.5260639786720276,0.1734774261713028,0.5,0.0,0.5819945931434631,0.27000001072883606,ME2
0.8010845184326172,0.6976606845855713,0.36063113808631897,0.19011296331882477,0.5,0.0,0.5515130758285522,0.2199999988079071,ME2
0.598495602607727,0.5816918015480042,0.5086898803710938,0.1694411039352417,0.5,0.0,0.552643358707428,0.27000001072883606,ME2
0.8013355731964111,0.7597591280937195,0.34956976771354675,0.32974520325660706,0.5,0.0,0.49000000953674316,0.2199999988079071,ME2
0.8069112300872803,0.5900105237960815,0.4769710302352905,0.13361099362373352,0.5,0.0,0.5299999713897705,0.3999161720275879,ME2
0.7550336122512817,0.5858379006385803,0.3252412974834442,0.4505980610847473,0.5,0.0,0.49000000953674316,0.2199999988079071,ME2
0.9689716696739197,0.6563186645507812,0.5099999904632568,0.2722095549106598,0.5,0.0,0.48053473234176636,0.2199999988079071,ME2
0.7769950032234192,0.7529480457305908,0.41918259859085083,0.4229493737220764,0.5,0.0,0.550000011920929,0.2199999988079071,ME2
0.5701379776000977,0.48808780312538147,0.4049699306488037,0.18634949624538422,0.5,0.0,0.5804002285003662,0.2199999988079071,ME2
0.8461599946022034,0.6120273470878601,0.3493184745311737,0.14010503888130188,0.5,0.0,0.5199999809265137,0.2199999988079071,ME2
0.9876528978347778,0.6397506594657898,0.26216545701026917,0.46062764525413513,0.5,0.0,0.15120594203472137,0.2199999988079071,ME2
0.5608468055725098,0.29119133949279785,0.4419761896133423,0.2137485146522522,0.5,0.0,0.5211717486381531,0.2199999988079071,ME2
0.9111025929450989,0.7990260124206543,0.4722093641757965,0.23791691660881042,0.5,0.0,0.4643406271934509,0.2199999988079071,ME2
0.6718339323997498,0.6563533544540405,0.32324889302253723,0.4224628806114197,0.5,0.0,0.5299999713897705,0.3895167112350464,ME2
0.7941120266914368,0.5691034197807312,0.41219064593315125,0.5586403012275696,0.5,0.0,0.5099999904632568,0.2199999988079071,ME2
0.7244551777839661,0.6051303148269653,0.3569506108760834,0.1401118040084839,0.5,0.0,0.5299999713897705,0.2199999988079071,ME2
0.667952299118042,0.5906457304954529,0.32909414172172546,0.20999999344348907,0.5,0.0,0.5621260404586792,0.2199999988079071,ME2
0.8860452771186829,0.5856110453605652,0.42554375529289246,0.14057520031929016,0.5,0.0,0.40975409746170044,0.2199999988079071,ME2
0.8933790922164917,0.5915087461471558,0.49000000953674316,0.22303234040737152,0.5,0.0,0.5099999904632568,0.2199999988079071,ME2
0.8492975234985352,0.6332039833068848,0.3715394139289856,0.2932071089744568,0.5,0.0,0.550000011920929,0.2199999988079071,ME2
0.5725099444389343,0.44999998807907104,0.37974417209625244,0.2783684730529785,0.5,0.0,0.5199999809265137,0.2199999988079071,ME2
0.548438310623169,0.5038432478904724,0.4469393193721771,0.23187774419784546,0.5,0.0,0.5299999713897705,0.25823715329170227,ME2
0.5224114656448364,0.5271720290184021,0.3784213662147522,0.17876726388931274,0.5,0.0,0.5,0.2199999988079071,ME2
0.6897514462471008,0.48594075441360474,0.3348197340965271,0.13780668377876282,0.5,0.0,0.48411455750465393,0.2199999988079071,ME2
0.9681761264801025,0.6177131533622742,0.3756747245788574,0.23533445596694946,0.5,0.0,0.48513469099998474,0.26648566126823425,ME2
0.7906078100204468,0.5949516892433167,0.4655791223049164,0.1963752955198288,0.5,0.0,0.446189284324646,0.3100000023841858,ME2
0.9081974029541016,0.7405058741569519,0.3335464298725128,0.2921352684497833,0.5,0.0,0.3893037736415863,0.2199999988079071,ME2
0.8156223297119141,0.5286068320274353,0.4426543414592743,0.4021259844303131,0.5,0.0,0.5776261687278748,0.5506539940834045,ME2
0.5398480892181396,0.5779098272323608,0.3682359755039215,0.11380404978990555,0.5,0.0,0.5349206328392029,0.2199999988079071,ME2
0.6249847412109375,0.3810955286026001,0.5126616358757019,0.44267404079437256,0.5,0.0,0.49000000953674316,0.2199999988079071,ME2
0.8537708520889282,0.5,0.34371063113212585,0.18040713667869568,0.5,0.0,0.5785066485404968,0.2199999988079071,ME2
0.9364060163497925,0.6651227474212646,0.3496198356151581,0.45405492186546326,0.5,0.0,0.47836631536483765,0.2199999988079071,ME2
0.6925475597381592,0.6386220455169678,0.5831283926963806,0.18048204481601715,0.5,0.0,0.5099999904632568,0.2199999988079071,ME2
0.9238473773002625,0.6914497017860413,0.33401909470558167,0.29434826970100403,0.5,0.0,0.5658993721008301,0.2199999988079071,ME2
0.711503267288208,0.6246812343597412,0.4359477162361145,0.36728817224502563,0.5,0.0,0.5299999713897705,0.45943164825439453,ME2
0.5775038003921509,0.6634796857833862,0.42173659801483154,0.7215035557746887,0.5,0.0,0.49000000953674316,0.2199999988079071,ME2
0.506017804145813,0.6574276089668274,0.24285736680030823,0.11240090429782867,0.5,0.0,0.5099999904632568,0.2199999988079071,ME2
0.8909257054328918,0.6385563015937805,0.5363336801528931,0.1653374880552292,0.5,0.0,0.49000000953674316,0.2199999988079071,ME2
0.6183649897575378,0.5829590559005737,0.5,0.4179442524909973,0.5,0.0,0.5496243834495544,0.2199999988079071,ME2
0.7492901682853699,0.6776717901229858,0.31250321865081787,0.1884801834821701,0.5,0.0,0.5,0.2199999988079071,ME2
0.8201473951339722,0.5962729454040527,0.43719732761383057,0.24652068316936493,0.5,0.0,0.5465669631958008,0.2199999988079071,ME2
0.9098131656646729,0.5307624340057373,0.3795854151248932,0.20999999344348907,0.5,0.0,0.567020058631897,0.27000001072883606,ME2
0.7045736312866211,0.6433897614479065,0.4586348831653595,0.4705597758293152,0.5,0.0,0.5299999713897705,0.33036181330680847,ME2
0.9392099976539612,0.8548053503036499,0.43464916944503784,0.23181219398975372,0.5,0.0,0.5804596543312073,0.2199999988079071,ME2
0.8380358815193176,0.7544169425964355,0.4293743669986725,0.4614410102367401,0.5,0.0,0.46000000834465027,0.2199999988079071,ME2
0.9686939716339111,0.5178790092468262,0.32367703318595886,0.32252272963523865,0.5,0.0,0.5638121366500854,0.263403058052063,ME2
0.47458401322364807,0.429377943277359,0.4451741576194763,0.14021261036396027,0.5,0.0,0.5126498937606812,0.5699978470802307,ME2
0.6915306448936462,0.7327888607978821,0.5103464722633362,0.01639779843389988,0.5,0.0,0.5371264815330505,0.2199999988079071,ME2
0.9321223497390747,0.9016709923744202,0.3095742166042328,0.3194906413555145,0.5,0.0,0.5747121572494507,0.2199999988079071,ME2
0.6310603618621826,0.40939420461654663,0.39443790912628174,0.33498889207839966,0.5,0.0,0.5475594997406006,0.3100000023841858,ME2
0.5612236261367798,0.5139498114585876,0.34658634662628174,0.20552216470241547,0.5,0.0,0.5238182544708252,0.40034374594688416,ME2
0.8070769906044006,0.5902836918830872,0.3789909780025482,0.37620627880096436,0.5,0.0,0.55211341381073,0.2199999988079071,ME2
0.5800517201423645,0.5987111926078796,0.4985188841819763,0.4550116956233978,0.5,0.0,0.5169980525970459,0.27000001072883606,ME2
0.488908052444458,0.5131038427352905,0.32109731435775757,0.1599999964237213,0.5,0.0,0.5099999904632568,0.25,ME2
0.8327877521514893,0.6447424292564392,0.4626055657863617,0.1151159405708313,0.5,0.0,0.5099999904632568,0.2199999988079071,ME2
0.45731714367866516,0.42011570930480957,0.37213778495788574,0.4090856611728668,0.5,0.0,0.5199999809265137,0.2199999988079071,ME2
0.785952091217041,0.6140469312667847,0.4235888123512268,0.1402599960565567,0.5,0.0,0.552898645401001,0.2199999988079071,ME2
0.9549944400787354,0.7453442811965942,0.5142248272895813,0.4229236841201782,0.5,0.0,0.2676048278808594,0.2199999988079071,ME2
0.7228905558586121,0.5075919032096863,0.4077867567539215,0.2121046781539917,0.5,0.0,0.5400000214576721,0.2199999988079071,ME2
0.8214864730834961,0.7083685398101807,0.3713531196117401,0.3935689926147461,0.5,0.0,0.5845093131065369,0.2199999988079071,ME2
0.766105055809021,0.5999268889427185,0.5,0.3905501067638397,0.5,0.0,0.47093042731285095,0.2199999988079071,ME2
0.9430316090583801,0.7723762392997742,0.41299372911453247,0.4146542549133301,0.5,0.0,0.4737532138824463,0.2199999988079071,ME2
0.6663767099380493,0.45672711730003357,0.5,0.17627109587192535,0.5,0.0,0.5299999713897705,0.4522112309932709,ME2
0.886520266532898,0.7292205095291138,0.42710405588150024,0.21509715914726257,0.5,0.0,0.5299999713897705,0.4854279160499573,ME2
0.5159517526626587,0.6070542931556702,0.37850114703178406,0.13096341490745544,0.5,0.0,0.5299999713897705,0.32396477460861206,ME2
0.9131488800048828,0.5400697588920593,0.38201192021369934,0.19462083280086517,0.5,0.0,0.480419397354126,0.3482884466648102,ME2
0.5203022956848145,0.49556198716163635,0.3758922517299652,0.2445567399263382,0.5,0.0,0.5456564426422119,0.2199999988079071,ME2
0.6734505295753479,0.6763734817504883,0.5213274359703064,0.2928727865219116,0.5,0.0,0.5797756314277649,0.2199999988079071,ME2
0.7718934416770935,0.7502244114875793,0.2489849179983139,0.4293385446071625,0.5,0.0,0.47999998927116394,0.27000001072883606,ME2
0.7468786239624023,0.5672622323036194,0.4273531436920166,0.26235222816467285,0.5,0.0,0.6205611228942871,0.2199999988079071,ME2
0.6093448400497437,0.49536511301994324,0.3431714177131653,0.19409166276454926,0.5,0.0,0.550000011920929,0.2199999988079071,ME2
0.5808811783790588,0.4812716245651245,0.3711671531200409,0.15033045411109924,0.5,0.0,0.5400000214576721,0.2199999988079071,ME2
0.9272899627685547,0.5595902800559998,0.4475783407688141,0.27542904019355774,0.5,0.0,0.4138754904270172,0.22368228435516357,ME2
0.7732523083686829,0.5,0.44037365913391113,0.543999969959259,0.5,0.0,0.514460563659668,0.2199999988079071,ME2
0.7777814865112305,0.7308065891265869,0.25738146901130676,0.1345701515674591,0.5,0.0,0.46000000834465027,0.2199999988079071,ME2
0.7176792621612549,0.6195800304412842,0.37692663073539734,0.317033052444458,0.5,0.0,0.550000011920929,0.2199999988079071,ME2
0.5170577764511108,0.513942301273346,0.42149174213409424,0.1333874762058258,0.5,0.0,0.550000011920929,0.2199999988079071,ME2
0.7257065176963806,0.5440889000892639,0.5400000214576721,0.221291184425354,0.5,0.0,0.5099999904632568,0.2199999988079071,ME2
0.8537898063659668,0.569753885269165,0.42146506905555725,0.33992063999176025,0.5,0.0,0.550000011920929,0.3100000023841858,ME2
0.4343237280845642,0.5518321990966797,0.3486560881137848,0.12653423845767975,0.5,0.0,0.5416384339332581,0.2199999988079071,ME2
0.6536285877227783,0.6309352517127991,0.43961551785469055,0.13534699380397797,0.5,0.0,0.5299999713897705,0.2199999988079071,ME2
0.7577674388885498,0.6518759727478027,0.5545183420181274,0.2987845540046692,0.5,0.0,0.7060041427612305,0.2199999988079071,ME2
0.9932680726051331,0.7868897318840027,0.23748372495174408,0.35408803820610046,0.5,0.0,0.4451856315135956,0.2199999988079071,ME2
0.8505107760429382,0.6561598181724548,0.35979539155960083,0.22952821850776672,0.5,0.0,0.49000000953674316,0.3093605041503906,ME2
0.859520435333252,0.7032505869865417,0.32955580949783325,0.4691393971443176,0.5,0.0,0.550000011920929,0.2199999988079071,ME2
0.6989138126373291,0.5498180985450745,0.3387032747268677,0.24120093882083893,0.5,0.0,0.5099999904632568,0.25,ME2
0.6253365874290466,0.4210822880268097,0.4623546302318573,0.16251128911972046,0.5,0.0,0.5299999713897705,0.2199999988079071,ME2
0.8659775853157043,0.683804452419281,0.2399924397468567,0.1825687438249588,0.5,0.0,0.5199999809265137,0.2199999988079071,ME2
0.6154518127441406,0.4306238889694214,0.4061151146888733,0.17903460562229156,0.5,0.0,0.49000000953674316,0.2199999988079071,ME2
0.7439686059951782,0.5263609290122986,0.44357454776763916,0.27176612615585327,0.5,0.0,0.5628662705421448,0.2199999988079071,ME2
0.6625942587852478,0.44999998807907104,0.3977258503437042,0.16184213757514954,0.5,0.0,0.5,0.32840198278427124,ME2
0.6056036949157715,0.5494638681411743,0.2433326095342636,0.12575414776802063,0.5,0.0,0.5006876587867737,0.2199999988079071,ME2
0.5652340054512024,0.6382589340209961,0.4408520758152008,0.5035750269889832,0.5,0.0,0.5299999713897705,0.23306453227996826,ME2
0.902137041091919,0.7000694274902344,0.3009808361530304,0.40764519572257996,0.5,0.0,0.46000000834465027,0.2722887098789215,ME2
0.325029581785202,0.5992139577865601,0.42060917615890503,0.13878506422042847,0.5,0.0,0.5400000214576721,0.3100000023841858,ME2
0.6101115942001343,0.6503499150276184,0.4356311857700348,0.25545966625213623,0.5,0.0,0.5,0.2199999988079071,ME2
0.8469254970550537,0.7918983697891235,0.373089075088501,0.29380252957344055,0.5,0.0,0.5,0.2199999988079071,ME2
0.7527667284011841,0.5229579210281372,0.5072429180145264,0.03787503018975258,0.5,0.0,0.5847325325012207,0.2199999988079071,ME2
0.7376447319984436,0.5523999929428101,0.3313401937484741,0.48914772272109985,0.5,0.0,0.4773724377155304,0.2199999988079071,ME2
0.6783960461616516,0.6617487668991089,0.390889048576355,0.36842018365859985,0.5,0.0,0.5486125349998474,0.2199999988079071,ME2
0.8629388213157654,0.5309163928031921,0.4373944401741028,0.18334347009658813,0.5,0.0,0.5299999713897705,0.2199999988079071,ME2
0.6786859631538391,0.415318101644516,0.3538851737976074,0.1146051436662674,0.5,0.0,0.49000000953674316,0.3017774522304535,ME2
0.7768972516059875,0.5205175876617432,0.4486067295074463,0.5163668394088745,0.5,0.0,0.49000000953674316,0.2199999988079071,ME2
0.8220676779747009,0.5504748821258545,0.3223242461681366,0.29749026894569397,0.5,0.0,0.5199999809265137,0.3100000023841858,ME2
0.9184375405311584,0.5988790988922119,0.3899065852165222,0.3631869852542877,0.5,0.0,0.5082558393478394,0.2199999988079071,ME2
0.6399937272071838,0.5357014536857605,0.5299999713897705,0.3374749422073364,0.5,0.0,0.4736905097961426,0.2199999988079071,ME2
0.6100718975067139,0.5401533246040344,0.3689233958721161,0.31699106097221375,0.5,0.0,0.5299999713897705,0.2199999988079071,ME2
0.7757551074028015,0.7869438529014587,0.3821296691894531,0.3843279480934143,0.5,0.0,0.5083381533622742,0.2931947708129883,ME2
0.5885859131813049,0.44999998807907104,0.40468353033065796,0.13652020692825317,0.5,0.0,0.550000011920929,0.2199999988079071,ME2
0.7048301100730896,0.5909339189529419,0.3306639492511749,0.27950945496559143,0.5,0.0,0.5199999809265137,0.2199999988079071,ME2
0.6798524260520935,0.5235102772712708,0.3489063084125519,0.28015029430389404,0.5,0.0,0.5199999809265137,0.3852033019065857,ME2
0.6073442697525024,0.523466944694519,0.38186365365982056,0.17531831562519073,0.5,0.0,0.5107052326202393,0.2199999988079071,ME2
0.8906329274177551,0.6659513115882874,0.28965330123901367,0.34138616919517517,0.5,0.0,0.5400000214576721,0.3071795701980591,ME2
0.5269480347633362,0.48768889904022217,0.34552785754203796,0.19266106188297272,0.5,0.0,0.5329399108886719,0.2199999988079071,ME2
0.48027458786964417,0.44931724667549133,0.2407263070344925,0.015062159858644009,0.5,0.0,0.5099999904632568,0.2199999988079071,ME2
0.7508241534233093,0.5609390139579773,0.4162018895149231,0.34190672636032104,0.5,0.0,0.5525316596031189,0.2199999988079071,ME2
0.7698591947555542,0.5918238162994385,0.5000888705253601,0.18011872470378876,0.5,0.0,0.550000011920929,0.3674379587173462,ME2
0.7619519233703613,0.51677006483078,0.3482216000556946,0.18081146478652954,0.5,0.0,0.5348870754241943,0.2199999988079071,ME2
0.6518463492393494,0.4273202419281006,0.38564494252204895,0.12383175641298294,0.5,0.0,0.5299999713897705,0.22367657721042633,ME2
0.5426527261734009,0.7439041137695312,0.46539106965065,0.08026788383722305,0.5,0.0,0.5816356539726257,0.2199999988079071,ME2
0.9121373295783997,0.6398658752441406,0.3348734676837921,0.29343411326408386,0.5,0.0,0.49542444944381714,0.2199999988079071,ME2
0.5835182666778564,0.40150120854377747,0.3882424831390381,0.13571499288082123,0.5,0.0,0.49000000953674316,0.2199999988079071,ME2
0.4409653842449188,0.5981580018997192,0.38194558024406433,0.18368668854236603,0.5,0.0,0.5575026869773865,0.2199999988079071,ME2
0.8883364200592041,0.5180622935295105,0.4031522870063782,0.28190067410469055,0.5,0.0,0.45920252799987793,0.26024529337882996,ME2
0.9140903949737549,0.8656933307647705,0.26455163955688477,0.39739927649497986,0.5,0.0,0.5299999713897705,0.2199999988079071,ME2
0.9092442393302917,0.7405971884727478,0.3810203969478607,0.29877546429634094,0.5,0.0,0.3940841257572174,0.2199999988079071,ME2
0.8863558173179626,0.6934824585914612,0.31563788652420044,0.5070244073867798,0.5,0.0,0.522689163684845,0.2199999988079071,ME2
0.7385283708572388,0.5939062237739563,0.49000000953674316,0.45867428183555603,0.5,0.0,0.5179108381271362,0.2199999988079071,ME2
0.8331737518310547,0.8031747937202454,0.4377433657646179,0.2368466556072235,0.5,0.0,0.5643303394317627,0.3014281690120697,ME2
0.8957860469818115,0.6841028928756714,0.3232583701610565,0.5703682899475098,0.5,0.0,0.5164575576782227,0.6126326322555542,ME2
0.610774576663971,0.3900628685951233,0.3284843862056732,0.2728704810142517,0.5,0.0,0.5400000214576721,0.2546100914478302,ME2
0.7760960459709167,0.4153985381126404,0.3257068991661072,0.417868047952652,0.5,0.0,0.4597156047821045,0.2199999988079071,ME2
0.7750318646430969,0.6411095857620239,0.42811667919158936,0.21704356372356415,0.5,0.0,0.46000000834465027,0.2199999988079071,ME2
0.8004528284072876,0.6103845238685608,0.3896258771419525,0.13592882454395294,0.5,0.0,0.5482801198959351,0.2199999988079071,ME2
0.8330926299095154,0.7988102436065674,0.2682077884674072,0.5196292400360107,0.5,0.0,0.4401094615459442,0.2199999988079071,ME2
0.8930213451385498,0.6804858446121216,0.38565918803215027,0.3134628236293793,0.5,0.0,0.5610315799713135,0.2199999988079071,ME2
0.5280962586402893,0.46285533905029297,0.39511123299598694,0.1709974706172943,0.5,0.0,0.5884127020835876,0.2199999988079071,ME2
0.5855650901794434,0.46682316064834595,0.5799999833106995,0.46847599744796753,0.5,0.0,0.4859386384487152,0.2199999988079071,ME2
0.7513631582260132,0.5886819958686829,0.32358139753341675,0.3529324531555176,0.5,0.0,0.33015328645706177,0.2199999988079071,ME2
0.4739534258842468,0.7325521111488342,0.2544004023075104,0.2468564361333847,0.5,0.0,0.5299999713897705,0.41969725489616394,ME2
0.8042631149291992,0.5407578945159912,0.4213380515575409,0.18358993530273438,0.5,0.0,0.5624151229858398,0.2199999988079071,ME2
0.8042449951171875,0.7569833993911743,0.38055670261383057,0.47375935316085815,0.5,0.0,0.5299999713897705,0.2659737765789032,ME2
0.9436479210853577,0.7102161049842834,0.44277605414390564,0.2210780531167984,0.5,0.0,0.5518120527267456,0.2199999988079071,ME2
0.6236982941627502,0.4606296420097351,0.3135252594947815,0.1957412213087082,0.5,0.0,0.550000011920929,0.2199999988079071,ME2
0.9513223171234131,0.6996355056762695,0.37102010846138,0.27550777792930603,0.5,0.0,0.5607346296310425,0.2199999988079071,ME2
0.5931130051612854,0.7262535095214844,0.40340667963027954,0.2938401699066162,0.5,0.0,0.5446199774742126,0.7389852404594421,ME2
0.8658507466316223,0.6801553964614868,0.3895909786224365,0.14031793177127838,0.5,0.0,0.6472311019897461,0.2199999988079071,ME2
0.7986589074134827,0.44999998807907104,0.4053446650505066,0.3240700960159302,0.5,0.0,0.47565361857414246,0.2199999988079071,ME2
0.9658580422401428,0.7133740186691284,0.5172464847564697,0.23724794387817383,0.5,0.0,0.3962003290653229,0.2199999988079071,ME2
0.671219527721405,0.533538281917572,0.44764918088912964,0.3628101944923401,0.5,0.0,0.5382275581359863,0.2199999988079071,ME2
0.7126092910766602,0.7192156314849854,0.505541205406189,0.273503839969635,0.5,0.0,0.46396347880363464,0.2199999988079071,ME2
0.7117990851402283,0.5122658014297485,0.5117136240005493,0.590983510017395,0.5,0.0,0.5821155905723572,0.23332731425762177,ME2
0.7122003436088562,0.6002053022384644,0.38909536600112915,0.11825498193502426,0.5,0.0,0.5,0.2199999988079071,ME2
0.8860926032066345,0.5121376514434814,0.2503207325935364,0.11612769961357117,0.5,0.0,0.48617100715637207,0.25,ME2
0.7271037101745605,0.686410129070282,0.47055891156196594,0.2017005980014801,0.5,0.0,0.5299999713897705,0.2199999988079071,ME2
0.9153077602386475,0.8606195449829102,0.36413079500198364,0.3346969485282898,0.5,0.0,0.518898606300354,0.2199999988079071,ME2
0.7340476512908936,0.45682141184806824,0.44448626041412354,0.21536454558372498,0.5,0.0,0.5384901762008667,0.2199999988079071,ME2
0.7015714645385742,0.5178810358047485,0.40961629152297974,0.42431730031967163,0.5,0.0,0.5099999904632568,0.3662813901901245,ME2
0.7322817444801331,0.5952421426773071,0.33754515647888184,0.21757571399211884,0.5,0.0,0.42184561491012573,0.2199999988079071,ME2
0.9735009670257568,0.7422393560409546,0.33073198795318604,0.32433515787124634,0.5,0.0,0.5400472283363342,0.2199999988079071,ME2
0.4419229328632355,0.48918500542640686,0.3350505530834198,0.09549067169427872,0.5,0.0,0.5,0.2199999988079071,ME2
0.46332040429115295,0.35569697618484497,0.4013875722885132,0.19577038288116455,0.5,0.0,0.550000011920929,0.42531198263168335,ME2
0.9343865513801575,0.5854672789573669,0.295038640499115,0.40505653619766235,0.5,0.0,0.46970582008361816,0.3445577919483185,ME2
0.6853432059288025,0.7421684861183167,0.4556668996810913,0.18070955574512482,0.5,0.0,0.5312003493309021,0.2199999988079071,ME2
0.9438077211380005,0.7060824632644653,0.4249134659767151,0.1653013527393341,0.5,0.0,0.47882524132728577,0.2199999988079071,ME2
0.6506016254425049,0.5566912889480591,0.5654568076133728,0.1599999964237213,0.5,0.0,0.5573872327804565,0.2199999988079071,ME2
0.5587238073348999,0.5913333892822266,0.5099999904632568,0.20999999344348907,0.5,0.0,0.5299999713897705,0.2199999988079071,ME2
0.6965306401252747,0.7184667587280273,0.49733948707580566,0.1400306224822998,0.5,0.0,0.5788791179656982,0.2199999988079071,ME2
0.44389602541923523,0.38485705852508545,0.34025365114212036,0.1402481347322464,0.5,0.0,0.5099999904632568,0.22027893364429474,ME2
0.5996356010437012,0.7381469011306763,0.4450415074825287,0.24084900319576263,0.5,0.0,0.5627891421318054,0.2199999988079071,ME2
0.567038893699646,0.6507502198219299,0.43786144256591797,0.11589498072862625,0.5,0.0,0.5299999713897705,0.2199999988079071,ME2
0.5400139093399048,0.7374874949455261,0.49000000953674316,0.15187616646289825,0.5,0.0,0.583733081817627,0.2199999988079071,ME2
0.506532609462738,0.5570238828659058,0.325899600982666,0.16116081178188324,0.5,0.0,0.5299999713897705,0.2199999988079071,ME2
0.8030115962028503,0.5622122287750244,0.5199999809265137,0.4362736642360687,0.5,0.0,0.46555304527282715,0.23811210691928864,ME2
0.6932988166809082,0.5497892498970032,0.4238031506538391,0.1612577885389328,0.5,0.0,0.5661763548851013,0.2199999988079071,ME2
0.6720690131187439,0.7799092531204224,0.444402813911438,0.472067266702652,0.5,0.0,0.5299999713897705,0.2199999988079071,ME2
0.37357085943222046,0.5453408360481262,0.3209295868873596,0.1492992639541626,0.5,0.0,0.550000011920929,0.2199999988079071,ME2
0.5972799062728882,0.5091655254364014,0.4685956537723541,0.1408921480178833,0.5,0.0,0.5387340784072876,0.2199999988079071,ME2
0.3237510621547699,0.33575135469436646,0.372976690530777,0.13696737587451935,0.5,0.0,0.5010421276092529,0.25,ME2
0.8112255334854126,0.5822747349739075,0.37063726782798767,0.24416004121303558,0.5,0.0,0.4760110080242157,0.27000001072883606,ME2
0.7311087846755981,0.5442412495613098,0.5641922950744629,0.1599999964237213,0.5,0.0,0.5694700479507446,0.2199999988079071,ME2
0.7888916730880737,0.6499844789505005,0.3574998676776886,0.23375266790390015,0.5,0.0,0.5404717922210693,0.2199999988079071,ME2
0.5878473520278931,0.5855347514152527,0.4202451705932617,0.4577341079711914,0.5,0.0,0.5199999809265137,0.2199999988079071,ME2
0.7502247095108032,0.5522812604904175,0.3915480077266693,0.1299671232700348,0.5,0.0,0.5299999713897705,0.2199999988079071,ME2
0.6705387830734253,0.6024389863014221,0.378066748380661,0.5298007726669312,0.5,0.0,0.550000011920929,0.2199999988079071,ME2
0.9057303071022034,0.6380351781845093,0.5,0.4267183840274811,0.5,0.0,0.5861572623252869,0.2199999988079071,ME2
0.6216331124305725,0.6045764684677124,0.24854665994644165,0.2607671320438385,0.5,0.0,0.5199999809265137,0.2199999988079071,ME2
0.7971616983413696,0.6687920689582825,0.32786160707473755,0.6188049912452698,0.5,0.0,0.5199999809265137,0.2199999988079071,ME2
0.9721347689628601,0.7185207605361938,0.2486904114484787,0.35340577363967896,0.5,0.0,0.4424155652523041,0.2199999988079071,ME2
0.766016960144043,0.6124303936958313,0.4629517197608948,0.31083664298057556,0.5,0.0,0.5299999713897705,0.2199999988079071,ME2
0.5071961283683777,0.5,0.3731572926044464,0.6893419027328491,0.5,0.0,0.4906924068927765,0.2199999988079071,ME2
0.7968245148658752,0.6124494075775146,0.4050746560096741,0.18025147914886475,0.5,0.0,0.5299999713897705,0.27000001072883606,ME2
0.9677330255508423,0.8179419040679932,0.26221534609794617,0.3231121003627777,0.5,0.0,0.3984924554824829,0.2199999988079071,ME2
0.7798368334770203,0.5943117737770081,0.3249245882034302,0.24113982915878296,0.5,0.0,0.5299999713897705,0.2199999988079071,ME2
0.6731132864952087,0.44999998807907104,0.44507330656051636,0.4337073564529419,0.5,0.0,0.5808781981468201,0.2199999988079071,ME2
0.9868999123573303,0.6189470887184143,0.33795371651649475,0.3104681670665741,0.5,0.0,0.5299999713897705,0.2739984393119812,ME2
0.8209798336029053,0.582632303237915,0.34926727414131165,0.23431773483753204,0.5,0.0,0.5299999713897705,0.2782323956489563,ME2
0.67960524559021,0.7537592053413391,0.38348159193992615,0.3320665955543518,0.5,0.0,0.5508880615234375,0.2199999988079071,ME2
0.4545893669128418,0.4892117381095886,0.28170958161354065,0.13749296963214874,0.5,0.0,0.536162793636322,0.2199999988079071,ME2
0.8828190565109253,0.48373767733573914,0.42704302072525024,0.2668340802192688,0.5,0.0,0.5206459760665894,0.33582207560539246,ME2
0.70088130235672,0.676462709903717,0.4170486330986023,0.28764644265174866,0.5,0.0,0.5,0.3100000023841858,ME2
0.8950091600418091,0.7875059843063354,0.3554375469684601,0.4837583601474762,0.5,0.0,0.5143800973892212,0.2199999988079071,ME2
0.7779326438903809,0.5573493838310242,0.43908342719078064,0.2978810667991638,0.5,0.0,0.5299999713897705,0.2199999988079071,ME2
0.639726459980011,0.7860426306724548,0.4057709872722626,0.3956930935382843,0.5,0.0,0.5099999904632568,0.3100000023841858,ME2
0.7351871132850647,0.6935694813728333,0.3399498760700226,0.1599999964237213,0.5,0.0,0.5199999809265137,0.2199999988079071,ME2
0.6946595907211304,0.6537097692489624,0.3806217908859253,0.37259596586227417,0.5,0.0,0.550000011920929,0.2199999988079071,ME2
0.6161801815032959,0.5366824269294739,0.37646692991256714,0.1722111701965332,0.5,0.0,0.48268547654151917,0.26873040199279785,ME2
0.8660711646080017,0.8600469827651978,0.507698118686676,0.46572452783584595,0.5,0.0,0.4943927526473999,0.2199999988079071,ME2
0.7707709074020386,0.5660504102706909,0.4485444128513336,0.21541450917720795,0.5,0.0,0.583312451839447,0.2199999988079071,ME2
0.6665202379226685,0.6446644067764282,0.4461618959903717,0.24504636228084564,0.5,0.0,0.5099999904632568,0.2199999988079071,ME2
0.47278231382369995,0.3554069697856903,0.372054785490036,0.12169237434864044,0.5,0.0,0.5099999904632568,0.2199999988079071,ME2
0.604193925857544,0.41589897871017456,0.35815486311912537,0.3393443524837494,0.5,0.0,0.558704674243927,0.2199999988079071,ME2
0.7776715159416199,0.587833046913147,0.47428011894226074,0.32222363352775574,0.5,0.0,0.5788373351097107,0.2199999988079071,ME2
0.5377470850944519,0.38392922282218933,0.3116774260997772,0.13972912728786469,0.5,0.0,0.5199999809265137,0.2199999988079071,ME2
0.891454815864563,0.8354625701904297,0.42770493030548096,0.814467191696167,0.5,0.0,0.5,0.2199999988079071,ME2
0.5105458498001099,0.3354472517967224,0.5299999713897705,0.2974880337715149,0.5,0.0,0.5677499175071716,0.31579434871673584,ME2
0.6317844390869141,0.7158717513084412,0.4778432250022888,0.420485258102417,0.5,0.0,0.47999998927116394,0.273219496011734,ME2
0.724737823009491,0.6140965819358826,0.24388326704502106,0.47281262278556824,0.5,0.0,0.5299999713897705,0.2199999988079071,ME2
0.8664097189903259,0.7259085178375244,0.42686155438423157,0.3049381971359253,0.5,0.0,0.4815220236778259,0.2199999988079071,ME2
0.6425346732139587,0.6999132037162781,0.3979816436767578,0.17390593886375427,0.5,0.0,0.49760645627975464,0.2199999988079071,ME2
0.7969970703125,0.5921535491943359,0.3497910499572754,0.1599999964237213,0.5,0.0,0.5299999713897705,0.3100000023841858,ME2
0.6919910907745361,0.6264129877090454,0.4646669924259186,0.3686462938785553,0.5,0.0,0.5050506591796875,0.2199999988079071,ME2
0.9815512299537659,0.7133914232254028,0.309658020734787,0.4100756049156189,0.5,0.0,0.34663763642311096,0.2199999988079071,ME2
0.630089282989502,0.5896827578544617,0.44835302233695984,0.14648476243019104,0.5,0.0,0.5400000214576721,0.27000001072883606,ME2
0.9679483771324158,0.6974842548370361,0.4235936403274536,0.41453438997268677,0.5,0.0,0.38757309317588806,0.2199999988079071,ME2
0.8656150102615356,0.5510039329528809,0.4394301772117615,0.2911641299724579,0.5,0.0,0.44134455919265747,0.2199999988079071,ME2
0.9077735543251038,0.7571119070053101,0.33164089918136597,0.25383809208869934,0.5,0.0,0.41306111216545105,0.2199999988079071,ME2
0.6932898759841919,0.6541337966918945,0.494429349899292,0.13551610708236694,0.5,0.0,0.550000011920929,0.2199999988079071,ME2
0.7864219546318054,0.7729288339614868,0.33341309428215027,0.4405596852302551,0.5,0.0,0.4947813153266907,0.2199999988079071,ME2
0.35055574774742126,0.5111982822418213,0.43042898178100586,0.17154163122177124,0.5,0.0,0.5,0.2199999988079071,ME2
0.4727463722229004,0.502659022808075,0.373361200094223,0.15099847316741943,0.5,0.0,0.5285519361495972,0.2199999988079071,ME2
0.8783387541770935,0.5576531291007996,0.45679497718811035,0.3384689390659332,0.5,0.0,0.549652099609375,0.3325481712818146,ME2
0.7870624661445618,0.46159178018569946,0.3618107736110687,0.12647919356822968,0.5,0.0,0.5278542637825012,0.2199999988079071,ME2
0.7000746130943298,0.8788036704063416,0.43767639994621277,0.29997000098228455,0.5,0.0,0.5299999713897705,0.2199999988079071,ME2
0.7658535838127136,0.7562894821166992,0.3648914694786072,0.38195979595184326,0.5,0.0,0.5,0.2199999988079071,ME2
0.675930380821228,0.6072757840156555,0.436014860868454,0.14088325202465057,0.5,0.0,0.5,0.2199999988079071,ME2
0.9126448631286621,0.7287760972976685,0.4585186839103699,0.2512953579425812,0.5,0.0,0.5534056425094604,0.2199999988079071,ME2
0.6366033554077148,0.6729857325553894,0.45424455404281616,0.27246344089508057,0.5,0.0,0.550000011920929,0.2199999988079071,ME2
0.5757942795753479,0.77180016040802,0.5265516638755798,0.14894583821296692,0.5,0.0,0.5745297074317932,0.2199999988079071,ME2
0.5785593390464783,0.649985671043396,0.3740628957748413,0.16348040103912354,0.5,0.0,0.5,0.2199999988079071,ME2
0.7211753129959106,0.6364850997924805,0.4886617064476013,0.42494526505470276,0.5,0.0,0.5345948934555054,0.2199999988079071,ME2
0.69029301404953,0.5113513469696045,0.3803410530090332,0.18358579277992249,0.5,0.0,0.5548011660575867,0.36364027857780457,ME2
0.5613136887550354,0.44999998807907104,0.43006742000579834,0.12545627355575562,0.5,0.0,0.5147842764854431,0.2199999988079071,ME2
0.8574674725532532,0.634887158870697,0.5018937587738037,0.2923397123813629,0.5,0.0,0.5299999713897705,0.3836729824542999,ME2
0.8368048667907715,0.7196606993675232,0.38581782579421997,0.24426604807376862,0.5,0.0,0.5224568843841553,0.2199999988079071,ME2
0.6627607345581055,0.5240353941917419,0.4539038836956024,0.24123184382915497,0.5,0.0,0.3768496513366699,0.2199999988079071,ME2
0.762124240398407,0.5,0.5101752877235413,0.4144990146160126,0.5,0.0,0.5400000214576721,0.4196014106273651,ME2
0.5351627469062805,0.6411479115486145,0.3945852518081665,0.13447879254817963,0.5,0.0,0.5299999713897705,0.2199999988079071,ME2
0.5631787180900574,0.5556566715240479,0.3066803514957428,0.1802918165922165,0.5,0.0,0.5194434523582458,0.2199999988079071,ME2
0.7257845401763916,0.8117903470993042,0.28091171383857727,0.37130090594291687,0.5,0.0,0.5299999713897705,0.2199999988079071,ME2
0.9344514608383179,0.4786054491996765,0.3934888243675232,0.20999999344348907,0.5,0.0,0.5299999713897705,0.2199999988079071,ME2
0.7434542179107666,0.5524370670318604,0.4283997714519501,0.2308814525604248,0.5,0.0,0.5283004641532898,0.2199999988079071,ME2
0.507911205291748,0.3288344442844391,0.47505852580070496,0.21688129007816315,0.5,0.0,0.5400000214576721,0.34109851717948914,ME2
0.4541985094547272,0.5084404349327087,0.32602161169052124,0.42338550090789795,0.5,0.0,0.544925332069397,0.2199999988079071,ME2
0.9806627035140991,0.6674224734306335,0.3728072941303253,0.7156806588172913,0.5,0.0,0.4421318471431732,0.22575697302818298,ME2
0.7583196759223938,0.562127947807312,0.3753998875617981,0.42200249433517456,0.5,0.0,0.5299999713897705,0.2199999988079071,ME2
0.5830918550491333,0.6468992829322815,0.5706437230110168,0.1406877636909485,0.5,0.0,0.5235766172409058,0.2199999988079071,ME2
0.6299570798873901,0.44999998807907104,0.4005719721317291,0.034595608711242676,0.5,0.0,0.5087273120880127,0.23379062116146088,ME2
0.849441647529602,0.6142224073410034,0.4186335802078247,0.4897824227809906,0.5,0.0,0.49000000953674316,0.8977084159851074,ME2
0.6540108323097229,0.46649715304374695,0.40573224425315857,0.13859672844409943,0.5,0.0,0.5,0.2199999988079071,ME2
0.6537479758262634,0.5266553163528442,0.4384327232837677,0.20999999344348907,0.5,0.0,0.5,0.2199999988079071,ME2
0.8123190999031067,0.677161693572998,0.46512940526008606,0.1237964928150177,0.5,0.0,0.5841996669769287,0.2199999988079071,ME2
0.8118180632591248,0.5013537406921387,0.4165721535682678,0.46817636489868164,0.5,0.0,0.5400000214576721,0.2199999988079071,ME2
0.8095566034317017,0.8442899584770203,0.4439915418624878,0.25988686084747314,0.5,0.0,0.43594053387641907,0.2199999988079071,ME2
0.95302414894104,0.7423983216285706,0.43233615159988403,0.20999999344348907,0.5,0.0,0.5,0.2199999988079071,ME2
0.5348065495491028,0.4837322235107422,0.32416674494743347,0.21536675095558167,0.5,0.0,0.5782703757286072,0.2199999988079071,ME2
0.6163249015808105,0.5277688503265381,0.44699764251708984,0.08226938545703888,0.5,0.0,0.5199999809265137,0.2199999988079071,ME2
0.7856901288032532,0.6992570757865906,0.3233250677585602,0.37602728605270386,0.5,0.0,0.5802810788154602,0.2199999988079071,ME2
0.7011080384254456,0.6734602451324463,0.24321021139621735,0.20999999344348907,0.5,0.0,0.5299999713897705,0.2199999988079071,ME2
0.4430199861526489,0.4531595706939697,0.4312855303287506,0.1400740146636963,0.5,0.0,0.5466567277908325,0.2199999988079071,ME2
0.6277754306793213,0.423049658536911,0.3721312880516052,0.127694770693779,0.5,0.0,0.5199999809265137,0.2199999988079071,ME2
0.42542365193367004,0.5880810022354126,0.24429874122142792,0.11829396337270737,0.5,0.0,0.5199999809265137,0.2199999988079071,ME2
0.7893685102462769,0.5,0.45421430468559265,0.3713916540145874,0.5,0.0,0.5064859986305237,0.2199999988079071,ME2
0.7962051033973694,0.6650980114936829,0.25453799962997437,0.29729214310646057,0.5,0.0,0.5099999904632568,0.2199999988079071,ME2
0.9800246357917786,0.848545253276825,0.3641502857208252,0.5565159916877747,0.5,0.0,0.5299999713897705,0.27000001072883606,ME2
0.7147780060768127,0.5962324738502502,0.4647037982940674,0.20030824840068817,0.5,0.0,0.5199999809265137,0.2199999988079071,ME2
0.9446625709533691,0.7508817911148071,0.2242097705602646,0.287935346364975,0.5,0.0,0.5299999713897705,0.2199999988079071,ME2
0.7612107396125793,0.6732041239738464,0.3483999967575073,0.5456667542457581,0.5,0.0,0.49000000953674316,0.2199999988079071,ME2
0.6589768528938293,0.43410083651542664,0.33356335759162903,0.20999999344348907,0.5,0.0,0.42191675305366516,0.2199999988079071,ME2
0.6077166795730591,0.5,0.3277423083782196,0.1203806921839714,0.5,0.0,0.5343338251113892,0.2199999988079071,ME2
0.8201233744621277,0.5177094340324402,0.4127044975757599,0.273478239774704,0.5,0.0,0.49000000953674316,0.2199999988079071,ME2
0.9988118410110474,0.8979180455207825,0.3214046061038971,0.3593599796295166,0.5,0.0,0.37117043137550354,0.2199999988079071,ME2
0.8407418727874756,0.5345349311828613,0.4426795542240143,0.4231366515159607,0.5,0.0,0.6113088726997375,0.25,ME2
0.4932962656021118,0.44009876251220703,0.4029042422771454,0.14109207689762115,0.5,0.0,0.5218127965927124,0.2199999988079071,ME2
0.7962929606437683,0.5297902226448059,0.3280649185180664,0.35408127307891846,0.5,0.0,0.5099999904632568,0.2593548595905304,ME2
0.4699999988079071,0.44999998807907104,0.4529536962509155,0.14293436706066132,0.5,0.0,0.5299999713897705,0.2199999988079071,ME2
0.806595504283905,0.6088829040527344,0.5,0.19681532680988312,0.5,0.0,0.550000011920929,0.33924391865730286,ME2
0.5286981463432312,0.4027522802352905,0.4347582459449768,0.1657063215970993,0.5,0.0,0.5702829360961914,0.2199999988079071,ME2
0.5568804740905762,0.5765820145606995,0.3556959629058838,0.18007080256938934,0.5,0.0,0.5116206407546997,0.2199999988079071,ME2
0.8400607109069824,0.7484228610992432,0.3482227325439453,0.22587703168392181,0.5,0.0,0.46000000834465027,0.2199999988079071,ME2
0.7287193536758423,0.5109916925430298,0.34561336040496826,0.14012683928012848,0.5,0.0,0.5717263221740723,0.2199999988079071,ME2
0.6179985404014587,0.4348738491535187,0.6062255501747131,0.20630554854869843,0.5,0.0,0.49000000953674316,0.2199999988079071,ME2
0.806535005569458,0.5917541980743408,0.3694084882736206,0.23822252452373505,0.5,0.0,0.5429322123527527,0.2199999988079071,ME2
0.6531301140785217,0.5303164720535278,0.5285405516624451,0.20608507096767426,0.5,0.0,0.6957399845123291,0.2199999988079071,ME2
0.5908742547035217,0.5819109678268433,0.3091961741447449,0.3130321800708771,0.5,0.0,0.5299999713897705,0.2199999988079071,ME2
0.8072973489761353,0.5537087917327881,0.3518051505088806,0.33088529109954834,0.5,0.0,0.5199999809265137,0.2199999988079071,ME2
0.8406242728233337,0.5850532054901123,0.3806809186935425,0.3677018880844116,0.5,0.0,0.49000000953674316,0.26001590490341187,ME2
0.7642240524291992,0.7302969098091125,0.32427528500556946,0.18358278274536133,0.5,0.0,0.5488301515579224,0.2199999988079071,ME2
0.9412371516227722,0.6588430404663086,0.4371400773525238,0.3675571084022522,0.5,0.0,0.5199999809265137,0.37461671233177185,ME2
0.7923625707626343,0.7022639513015747,0.4631969630718231,0.40671974420547485,0.5,0.0,0.4675874412059784,0.3606795370578766,ME2
0.6108673810958862,0.5243484973907471,0.35407036542892456,0.17418481409549713,0.5,0.0,0.49000000953674316,0.2199999988079071,ME2
0.648807942867279,0.5815355777740479,0.49000000953674316,0.24782635271549225,0.5,0.0,0.49000000953674316,0.3100000023841858,ME2
0.8070036768913269,0.5081902146339417,0.37674078345298767,0.23860172927379608,0.5,0.0,0.7040976285934448,0.2199999988079071,ME2
0.6322446465492249,0.5410290956497192,0.36894088983535767,0.13456472754478455,0.5,0.0,0.5213000774383545,0.2199999988079071,ME2
0.8132563233375549,0.5940664410591125,0.4767713248729706,0.19797149300575256,0.5,0.0,0.550000011920929,0.2199999988079071,ME2
0.9280580878257751,0.5993505120277405,0.4647415578365326,0.20999999344348907,0.5,0.0,0.22106817364692688,0.27333205938339233,ME2
0.9486033916473389,0.71331387758255,0.33446237444877625,0.5218058824539185,0.5,0.0,0.689034640789032,0.2199999988079071,ME2
0.7172437310218811,0.5485408306121826,0.3932095170021057,0.14021232724189758,0.5,0.0,0.5299999713897705,0.2199999988079071,ME2
0.9695500135421753,0.7076675891876221,0.33955618739128113,0.24363820254802704,0.5,0.0,0.5299999713897705,0.2199999988079071,ME2
0.5921385288238525,0.5809264183044434,0.5250063538551331,0.14029422402381897,0.5,0.0,0.5299999713897705,0.2199999988079071,ME2
0.7455790638923645,0.6620427370071411,0.4758242666721344,0.35839977860450745,0.5,0.0,0.5,0.2199999988079071,ME2
0.8812483549118042,0.8801910877227783,0.4100242257118225,0.48232078552246094,0.5,0.0,0.5199999809265137,0.2199999988079071,ME2
0.756918728351593,0.6005426049232483,0.41851893067359924,0.5266295075416565,0.5,0.0,0.5299999713897705,0.2199999988079071,ME2
0.8240429162979126,0.6100596189498901,0.3668707609176636,0.3722832202911377,0.5,0.0,0.5199999809265137,0.2199999988079071,ME2
0.7068393230438232,0.5671111941337585,0.43615972995758057,0.46186715364456177,0.5,0.0,0.5299999713897705,0.2199999988079071,ME2
0.6578664183616638,0.3936953842639923,0.49000000953674316,0.18042635917663574,0.5,0.0,0.550000011920929,0.2199999988079071,ME2
0.6788234114646912,0.48376569151878357,0.37179145216941833,0.5262200236320496,0.5,0.0,0.5299999713897705,0.2199999988079071,ME2
0.7735902070999146,0.5877541303634644,0.32606735825538635,0.3387884795665741,0.5,0.0,0.5250536203384399,0.2199999988079071,ME2
0.576033353805542,0.4532429873943329,0.5227317810058594,0.21561770141124725,0.5,0.0,0.49000000953674316,0.3100000023841858,ME2
0.7544354200363159,0.5336292386054993,0.4343617856502533,0.3918563723564148,0.5,0.0,0.5299999713897705,0.3907872140407562,ME2
0.8124150037765503,0.6886445879936218,0.4574124217033386,0.18152481317520142,0.5,0.0,0.5299999713897705,0.27000001072883606,ME2
0.686992883682251,0.7566635012626648,0.3841431140899658,0.42469221353530884,0.5,0.0,0.5199999809265137,0.38235288858413696,ME2
0.6567654013633728,0.7580317854881287,0.45790037512779236,0.13488730788230896,0.5,0.0,0.550028920173645,0.2199999988079071,ME2
0.5671345591545105,0.5929194092750549,0.4450581967830658,0.27623477578163147,0.5,0.0,0.5199999809265137,0.3394359350204468,ME2
0.8970587849617004,0.728047788143158,0.37851715087890625,0.4109957814216614,0.5,0.0,0.5449464917182922,0.2199999988079071,ME2
0.688409686088562,0.48804914951324463,0.3394313454627991,0.7700011134147644,0.5,0.0,0.5137180685997009,0.2199999988079071,ME2
0.7407243847846985,0.44999998807907104,0.4769391417503357,0.15450714528560638,0.5,0.0,0.5099999904632568,0.2199999988079071,ME2
0.6123542785644531,0.580485999584198,0.4299861490726471,0.14097517728805542,0.5,0.0,0.5099999904632568,0.2199999988079071,ME2
0.5640439987182617,0.42908090353012085,0.3866288959980011,0.14078906178474426,0.5,0.0,0.5099999904632568,0.28086188435554504,ME2
0.651691734790802,0.5398358702659607,0.4216674566268921,0.34426239132881165,0.5,0.0,0.47999998927116394,0.32440999150276184,ME2
0.6359567642211914,0.46675726771354675,0.43434906005859375,0.14006169140338898,0.5,0.0,0.550000011920929,0.3100000023841858,ME2
0.7955276966094971,0.7366791367530823,0.3372349739074707,0.42167019844055176,0.5,0.0,0.5299999713897705,0.2199999988079071,ME2
0.5147370100021362,0.5168139338493347,0.49000000953674316,0.11964308470487595,0.5,0.0,0.5538897514343262,0.2199999988079071,ME2
0.525150716304779,0.5997665524482727,0.40118956565856934,0.1809200644493103,0.5,0.0,0.5780852437019348,0.2199999988079071,ME2
0.7495891451835632,0.5982720255851746,0.46060284972190857,0.415974497795105,0.5,0.0,0.5199999809265137,0.2199999988079071,ME2
0.47659850120544434,0.4148803651332855,0.5199999809265137,0.32428833842277527,0.5,0.0,0.6395586729049683,0.2199999988079071,ME2
0.7980263829231262,0.6897895932197571,0.49000000953674316,0.43555858731269836,0.5,0.0,0.5099999904632568,0.30486035346984863,ME2
0.968471109867096,0.8418652415275574,0.32685500383377075,0.6207187175750732,0.5,0.0,0.5299999713897705,0.2199999988079071,ME2
0.4898979067802429,0.49960654973983765,0.45480024814605713,0.12572863698005676,0.5,0.0,0.5315657258033752,0.2199999988079071,ME2
0.9635991454124451,0.6149309873580933,0.25133225321769714,0.2317434549331665,0.5,0.0,0.4299488365650177,0.2199999988079071,ME2
0.4577302634716034,0.4535347521305084,0.35168811678886414,0.19815267622470856,0.5,0.0,0.5299999713897705,0.23067140579223633,ME2
0.9922892451286316,0.7089998126029968,0.34100890159606934,0.42686766386032104,0.5,0.0,0.49000000953674316,0.2199999988079071,ME2
0.5815474987030029,0.6177859902381897,0.2817310690879822,0.21536125242710114,0.5,0.0,0.5400000214576721,0.2199999988079071,ME2
0.9270315170288086,0.7542088627815247,0.2700229585170746,0.4425584077835083,0.5,0.0,0.5660760402679443,0.3011150658130646,ME2
0.7447096705436707,0.6101640462875366,0.3273424804210663,0.13570883870124817,0.5,0.0,0.5099999904632568,0.2199999988079071,ME2
0.8532369136810303,0.6082096695899963,0.2837153375148773,0.3372535705566406,0.5,0.0,0.5,0.2199999988079071,ME2
0.6491652131080627,0.5467413663864136,0.38926711678504944,0.299663245677948,0.5,0.0,0.5299999713897705,0.3748079538345337,ME2
0.47331440448760986,0.6069254875183105,0.48538628220558167,0.18007270991802216,0.5,0.0,0.5400000214576721,0.3946065306663513,ME2
0.6131914258003235,0.42911648750305176,0.35384121537208557,0.0829998254776001,0.5,0.0,0.5299999713897705,0.2199999988079071,ME2
0.7411697506904602,0.5952293276786804,0.5221858024597168,0.3648165464401245,0.5,0.0,0.5099999904632568,0.4294666647911072,ME2
0.7327760457992554,0.48063305020332336,0.5099999904632568,0.3914054334163666,0.5,0.0,0.4767542779445648,0.2199999988079071,ME2
0.8095003366470337,0.5969738364219666,0.3363805115222931,0.42866140604019165,0.5,0.0,0.5099999904632568,0.37575170397758484,ME2
0.7694685459136963,0.5981478691101074,0.32037946581840515,0.11485868692398071,0.5,0.0,0.5199999809265137,0.2199999988079071,ME2
0.9321136474609375,0.8468136191368103,0.3562455177307129,0.24095745384693146,0.5,0.0,0.4454410672187805,0.2199999988079071,ME2
0.48580414056777954,0.330639123916626,0.4386252760887146,0.34734660387039185,0.5,0.0,0.5299999713897705,0.2199999988079071,ME2
0.8991817831993103,0.6500326991081238,0.412426620721817,0.6986935138702393,0.5,0.0,0.6121757626533508,0.3596293032169342,ME2
0.9695472717285156,0.7136179208755493,0.22777347266674042,0.36115604639053345,0.5,0.0,0.4484045207500458,0.2199999988079071,ME2
0.7850598692893982,0.5787410736083984,0.3982006013393402,0.11795992404222488,0.5,0.0,0.47999998927116394,0.2199999988079071,ME2
0.5419858694076538,0.7027773261070251,0.5,0.27617931365966797,0.5,0.0,0.5099999904632568,0.2199999988079071,ME2
0.5118175148963928,0.41240209341049194,0.39297929406166077,0.3682331144809723,0.5,0.0,0.5468841195106506,0.2199999988079071,ME2
0.7915107011795044,0.6114183068275452,0.2697266638278961,0.43968215584754944,0.5,0.0,0.550000011920929,0.2571495473384857,ME2
0.7868279814720154,0.6760226488113403,0.337606817483902,0.27116820216178894,0.5,0.0,0.5416301488876343,0.2199999988079071,ME2
0.5596017837524414,0.6813379526138306,0.329068124294281,0.3501785099506378,0.5,0.0,0.5060498714447021,0.2199999988079071,ME2
0.7043542265892029,0.5422128438949585,0.44972673058509827,0.36883464455604553,0.5,0.0,0.5781044960021973,0.2199999988079071,ME2
0.5695475935935974,0.4652142822742462,0.38093724846839905,0.1402597874403,0.5,0.0,0.5299999713897705,0.27000001072883606,ME2
0.7046504020690918,0.6536681652069092,0.5199999809265137,0.5720433592796326,0.5,0.0,0.5632679462432861,0.25,ME2
0.961722195148468,0.6198089122772217,0.26368749141693115,0.47406005859375,0.5,0.0,0.5,0.3100000023841858,ME2
0.8180638551712036,0.5691739916801453,0.5322840809822083,0.3997414708137512,0.5,0.0,0.5557748675346375,0.2199999988079071,ME2
0.5016624331474304,0.44999998807907104,0.29502445459365845,0.11896568536758423,0.5,0.0,0.5299999713897705,0.2199999988079071,ME2
0.7642149925231934,0.7322798371315002,0.45380115509033203,0.3967926502227783,0.5,0.0,0.5299999713897705,0.2199999988079071,ME2
0.6379426717758179,0.5674731731414795,0.32507583498954773,0.24067306518554688,0.5,0.0,0.550000011920929,0.2199999988079071,ME2
0.8363696336746216,0.5469607710838318,0.45364031195640564,0.46714717149734497,0.5,0.0,0.550000011920929,0.2199999988079071,ME2
0.4964010715484619,0.3707030117511749,0.45287778973579407,0.14892779290676117,0.5,0.0,0.5884250402450562,0.2199999988079071,ME2
0.8841124773025513,0.6902646422386169,0.2799611985683441,0.3740423321723938,0.5,0.0,0.4467206299304962,0.2199999988079071,ME2
0.943625271320343,0.6554951071739197,0.3315613865852356,0.42351415753364563,0.5,0.0,0.5400000214576721,0.27000001072883606,ME2
0.775414228439331,0.9106869697570801,0.23190738260746002,0.4136672616004944,0.5,0.0,0.550000011920929,0.2199999988079071,ME2
0.9018366932868958,0.6177594065666199,0.37496575713157654,0.40434730052948,0.5,0.0,0.4435001313686371,0.2199999988079071,ME2
0.7523384094238281,0.593388020992279,0.3410174548625946,0.2999522089958191,0.5,0.0,0.5099999904632568,0.22127263247966766,ME2
0.9094594717025757,0.6159932613372803,0.4510686993598938,0.22028590738773346,0.5,0.0,0.49000000953674316,0.5251217484474182,ME2
0.787043035030365,0.5913180708885193,0.2857263684272766,0.6750961542129517,0.5,0.0,0.49000000953674316,0.2199999988079071,ME2
0.7698689699172974,0.6369611024856567,0.32151198387145996,0.43006792664527893,0.5,0.0,0.5299999713897705,0.2199999988079071,ME2
0.8049523234367371,0.6515679359436035,0.3817960023880005,0.2978581488132477,0.5,0.0,0.5674654245376587,0.452719122171402,ME2
0.7489668130874634,0.751836895942688,0.37965095043182373,0.45211321115493774,0.5,0.0,0.5070401430130005,0.2959740161895752,ME2
0.7806488275527954,0.5405772924423218,0.35304486751556396,0.16070210933685303,0.5,0.0,0.504478931427002,0.34877991676330566,ME2
0.848395049571991,0.5467928051948547,0.4184087812900543,0.18191005289554596,0.5,0.0,0.5199999809265137,0.2199999988079071,ME2
0.49509525299072266,0.44609972834587097,0.4226880669593811,0.13340872526168823,0.5,0.0,0.550000011920929,0.2199999988079071,ME2
0.8318403959274292,0.679702877998352,0.32450994849205017,0.28175610303878784,0.5,0.0,0.5199999809265137,0.2199999988079071,ME2
0.7853614091873169,0.6704765558242798,0.33880797028541565,0.38183358311653137,0.5,0.0,0.5579153895378113,0.2890731394290924,ME2
0.6179561614990234,0.4573093354701996,0.38707995414733887,0.11560757458209991,0.5,0.0,0.46618160605430603,0.2199999988079071,ME2
0.8012573719024658,0.6169492602348328,0.40010061860084534,0.18058247864246368,0.5,0.0,0.46000000834465027,0.2199999988079071,ME2
0.785396933555603,0.6422167420387268,0.40249064564704895,0.24581433832645416,0.5,0.0,0.526982307434082,0.2199999988079071,ME2
0.8106100559234619,0.6892342567443848,0.4119540750980377,0.5964735746383667,0.5,0.0,0.550000011920929,0.2199999988079071,ME2
0.6609500050544739,0.533851683139801,0.32668963074684143,0.14108344912528992,0.5,0.0,0.4922070801258087,0.2199999988079071,ME2
0.9564735293388367,0.7401513457298279,0.27957168221473694,0.40594080090522766,0.5,0.0,0.4584270715713501,0.2199999988079071,ME2
0.9371775984764099,0.5640031099319458,0.5,0.2021271288394928,0.5,0.0,0.47999998927116394,0.2199999988079071,ME2
0.49694573879241943,0.6123343110084534,0.3319314122200012,0.373515248298645,0.5,0.0,0.5810093283653259,0.2780117392539978,ME2
0.8677559494972229,0.5681499242782593,0.33927783370018005,0.17431756854057312,0.5,0.0,0.5399671792984009,0.2199999988079071,ME2
0.5987450480461121,0.44905292987823486,0.4352666139602661,0.18046130239963531,0.5,0.0,0.5199999809265137,0.2199999988079071,ME2
0.860194742679596,0.5988670587539673,0.43667545914649963,0.21579299867153168,0.5,0.0,0.5299999713897705,0.27000001072883606,ME2
0.8894385099411011,0.6941171288490295,0.24893760681152344,0.2970161736011505,0.5,0.0,0.5439478754997253,0.2199999988079071,ME2
0.6448178887367249,0.43452903628349304,0.37867996096611023,0.223945751786232,0.5,0.0,0.43641480803489685,0.28383323550224304,ME2
0.7593835592269897,0.7166401147842407,0.3264772593975067,0.20999999344348907,0.5,0.0,0.5199999809265137,0.4303111433982849,ME2
0.7255834937095642,0.48834410309791565,0.3273800015449524,0.18514077365398407,0.5,0.0,0.5620005130767822,0.2199999988079071,ME2
0.5892406702041626,0.45448988676071167,0.3546687960624695,0.2856985032558441,0.5,0.0,0.5764114856719971,0.2199999988079071,ME2
0.6455534100532532,0.6713951826095581,0.390505313873291,0.24123187363147736,0.5,0.0,0.49000000953674316,0.2199999988079071,ME2
0.7709060907363892,0.6528446674346924,0.3630729615688324,0.456071138381958,0.5,0.0,0.5155486464500427,0.3605889678001404,ME2
0.6797398328781128,0.5858050584793091,0.48633575439453125,0.48278936743736267,0.5,0.0,0.5690436959266663,0.2199999988079071,ME2
0.6028684973716736,0.573691189289093,0.32521703839302063,0.39913105964660645,0.5,0.0,0.4942251145839691,0.2199999988079071,ME2
0.8025473952293396,0.44999998807907104,0.5099999904632568,0.40105485916137695,0.5,0.0,0.4576174020767212,0.32752132415771484,ME2
0.5636006593704224,0.4936181306838989,0.43784698843955994,0.12877307832241058,0.5,0.0,0.5539534687995911,0.2199999988079071,ME2
0.5682384967803955,0.5375771522521973,0.5659992694854736,0.1172420009970665,0.5,0.0,0.5199999809265137,0.33530232310295105,ME2
0.717416524887085,0.5961276888847351,0.4517827332019806,0.4919353425502777,0.5,0.0,0.5593218803405762,0.2199999988079071,ME2
0.725818932056427,0.46009039878845215,0.25797173380851746,0.21771220862865448,0.5,0.0,0.5,0.2613903880119324,ME2
0.8491773009300232,0.6543619632720947,0.46646052598953247,0.4820311665534973,0.5,0.0,0.550000011920929,0.2199999988079071,ME2
0.7771649956703186,0.5936359763145447,0.3459393084049225,0.29568442702293396,0.5,0.0,0.4660734236240387,0.24858088791370392,ME2
0.3486040234565735,0.594815194606781,0.42854180932044983,0.22395342588424683,0.5,0.0,0.5706174373626709,0.7464601397514343,ME2
0.6103633642196655,0.498404324054718,0.46847182512283325,0.11295268684625626,0.5,0.0,0.5479998588562012,0.2199999988079071,ME2
0.8956776261329651,0.7257195711135864,0.3504504859447479,0.5991929173469543,0.5,0.0,0.5099999904632568,0.2199999988079071,ME2
0.5200375318527222,0.37712913751602173,0.46806254982948303,0.15054185688495636,0.5,0.0,0.5400000214576721,0.2199999988079071,ME2
0.5837435722351074,0.4253654479980469,0.49000000953674316,0.2352650910615921,0.5,0.0,0.5589921474456787,0.2199999988079071,ME2
0.447085440158844,0.5327834486961365,0.4805593490600586,0.12106594443321228,0.5,0.0,0.5294212698936462,0.2199999988079071,ME2
0.9139119386672974,0.5530756115913391,0.4425446391105652,0.12630349397659302,0.5,0.0,0.5723845958709717,0.2199999988079071,ME2
0.7858622074127197,0.797522783279419,0.3900897800922394,0.29370400309562683,0.5,0.0,0.5614961385726929,0.2199999988079071,ME2
0.7376799583435059,0.8192274570465088,0.28480514883995056,0.5440210700035095,0.5,0.0,0.5299999713897705,0.2199999988079071,ME2
0.7781942486763,0.5043054819107056,0.3863925039768219,0.4120975434780121,0.5,0.0,0.6613370776176453,0.2199999988079071,ME2
0.7366988658905029,0.5,0.47841876745224,0.375844269990921,0.5,0.0,0.47999998927116394,0.27000001072883606,ME2
0.7180008888244629,0.5017048716545105,0.3093999922275543,0.4163248538970947,0.5,0.0,0.5299708843231201,0.2199999988079071,ME2
0.7925702929496765,0.6510717868804932,0.3748205006122589,0.3221908211708069,0.5,0.0,0.5299999713897705,0.2199999988079071,ME2
0.8060992956161499,0.7119505405426025,0.46531233191490173,0.35199034214019775,0.5,0.0,0.49000000953674316,0.2199999988079071,ME2
0.5833964943885803,0.3917950391769409,0.3938770294189453,0.24094921350479126,0.5,0.0,0.5082905888557434,0.2199999988079071,ME2
0.3984401226043701,0.5327814221382141,0.3365858197212219,0.18083281815052032,0.5,0.0,0.5099999904632568,0.2199999988079071,ME2
0.7546908855438232,0.5989887714385986,0.34989041090011597,0.4686260223388672,0.5,0.0,0.49105727672576904,0.2199999988079071,ME2
0.7568001747131348,0.666726291179657,0.33306819200515747,0.6426665186882019,0.5,0.0,0.5199999809265137,0.2199999988079071,ME2
0.6830057501792908,0.6523587703704834,0.46396031975746155,0.26330843567848206,0.5,0.0,0.46374163031578064,0.2199999988079071,ME2
0.7727348804473877,0.7097214460372925,0.32717087864875793,0.2874710261821747,0.5,0.0,0.550000011920929,0.2199999988079071,ME2
0.787223219871521,0.6533985137939453,0.22909706830978394,0.4300937354564667,0.5,0.0,0.5134938955307007,0.3100000023841858,ME2
0.7130963206291199,0.5084982514381409,0.3200080394744873,0.12727786600589752,0.5,0.0,0.5299999713897705,0.2756931781768799,ME2
0.6452313661575317,0.6037588715553284,0.45582273602485657,0.5040918588638306,0.5,0.0,0.5299999713897705,0.4662908613681793,ME2
0.8125232458114624,0.7558592557907104,0.2344074547290802,0.46822330355644226,0.5,0.0,0.4639359414577484,0.2199999988079071,ME2
0.6599931120872498,0.5115935802459717,0.49000000953674316,0.11745080351829529,0.5,0.0,0.5400000214576721,0.2199999988079071,ME2
0.7581183910369873,0.62114018201828,0.34504398703575134,0.3738505244255066,0.5,0.0,0.5299999713897705,0.3139294683933258,ME2
0.5925281047821045,0.43907028436660767,0.5075455904006958,0.22685430943965912,0.5,0.0,0.5199999809265137,0.2199999988079071,ME2
0.728219211101532,0.5686874985694885,0.4311324954032898,0.18976862728595734,0.5,0.0,0.5299999713897705,0.3100000023841858,ME2
0.6017106175422668,0.592516303062439,0.34859198331832886,0.40096980333328247,0.5,0.0,0.5,0.2199999988079071,ME2
0.6584357619285583,0.6192850470542908,0.4372631907463074,0.25106722116470337,0.5,0.0,0.5889057517051697,0.2199999988079071,ME2
0.8849508762359619,0.8324393630027771,0.25383272767066956,0.4427435100078583,0.5,0.0,0.5099999904632568,0.25727012753486633,ME2
0.7083452939987183,0.7326090931892395,0.43715599179267883,0.14486967027187347,0.5,0.0,0.5666524171829224,0.2199999988079071,ME2
0.9841734766960144,0.6473369598388672,0.48040497303009033,0.11955997347831726,0.5,0.0,0.49000000953674316,0.3787643611431122,ME2
0.813228189945221,0.5931382775306702,0.4289780557155609,0.24341131746768951,0.5,0.0,0.5400000214576721,0.2199999988079071,ME2
0.7235178351402283,0.6583189964294434,0.45660045742988586,0.4720970094203949,0.5,0.0,0.46000000834465027,0.2199999988079071,ME2
0.7070084810256958,0.4367515742778778,0.45918717980384827,0.07255539298057556,0.5,0.0,0.5428814888000488,0.2199999988079071,ME2
0.857333779335022,0.5978220105171204,0.26300761103630066,0.2512648403644562,0.5,0.0,0.5003904104232788,0.2199999988079071,ME2
0.6836736798286438,0.7431356906890869,0.3846854269504547,0.5154969096183777,0.5,0.0,0.5199999809265137,0.2199999988079071,ME2
0.8870132565498352,0.5957065224647522,0.4351823627948761,0.23520994186401367,0.5,0.0,0.5561056733131409,0.2199999988079071,ME2
0.49779030680656433,0.5307363867759705,0.4024147689342499,0.3867073357105255,0.5,0.0,0.5409407615661621,0.27531158924102783,ME2
0.7398978471755981,0.6691948175430298,0.49000000953674316,0.14768067002296448,0.5,0.0,0.5674896240234375,0.2199999988079071,ME2
0.586193859577179,0.5362145304679871,0.34281376004219055,0.12398023903369904,0.5,0.0,0.5,0.2199999988079071,ME2
0.5664291381835938,0.5944241285324097,0.3636101484298706,0.3387337327003479,0.5,0.0,0.5199999809265137,0.27000001072883606,ME2
0.9869083762168884,0.8876210451126099,0.3521108031272888,0.27693068981170654,0.5,0.0,0.465011328458786,0.2199999988079071,ME2
0.5497878193855286,0.5037691593170166,0.4788035452365875,0.28760766983032227,0.5,0.0,0.4674294888973236,0.2199999988079071,ME2
0.759259045124054,0.637923002243042,0.4721105694770813,0.2687947750091553,0.5,0.0,0.5400000214576721,0.26774224638938904,ME2
0.7762483358383179,0.6227003931999207,0.4639666974544525,0.12213826179504395,0.5,0.0,0.5299999713897705,0.2199999988079071,ME2
0.5620959401130676,0.5765976309776306,0.347404807806015,0.22290357947349548,0.5,0.0,0.5317540168762207,0.6188766956329346,ME2
0.48613643646240234,0.4904780983924866,0.47690245509147644,0.16570639610290527,0.5,0.0,0.5299999713897705,0.27932706475257874,ME2
0.614538848400116,0.5913549661636353,0.5099999904632568,0.18992078304290771,0.5,0.0,0.5299999713897705,0.5752246975898743,ME2
0.5108800530433655,0.5699087381362915,0.2305610477924347,0.12428822368383408,0.5,0.0,0.5098477005958557,0.2199999988079071,ME2
0.7546613216400146,0.7687150239944458,0.32101455330848694,0.4923597574234009,0.5,0.0,0.48826849460601807,0.2199999988079071,ME2
0.6814887523651123,0.7063766121864319,0.41392841935157776,0.20999999344348907,0.5,0.0,0.5409315228462219,0.2199999988079071,ME2
0.5520309209823608,0.4720122516155243,0.5400000214576721,0.1960713118314743,0.5,0.0,0.5657113790512085,0.2199999988079071,ME2
0.37028929591178894,0.34803178906440735,0.43224987387657166,0.2769032418727875,0.5,0.0,0.5199999809265137,0.2199999988079071,ME2
0.6389406323432922,0.5,0.459987074136734,0.18072162568569183,0.5,0.0,0.5161078572273254,0.25414496660232544,ME2
0.5779300928115845,0.5663808584213257,0.3437720537185669,0.2782130539417267,0.5,0.0,0.522076427936554,0.47499796748161316,ME2
0.8030803203582764,0.709490180015564,0.26955777406692505,0.4092102646827698,0.5,0.0,0.4942547678947449,0.36234039068222046,ME2
0.7705570459365845,0.600387454032898,0.39949846267700195,0.30499473214149475,0.5,0.0,0.5199999809265137,0.3100000023841858,ME2
0.8422474265098572,0.5812289118766785,0.25946930050849915,0.29164648056030273,0.5,0.0,0.5067048072814941,0.2199999988079071,ME2
0.7523936033248901,0.6357002258300781,0.4274412989616394,0.139112189412117,0.5,0.0,0.5928996801376343,0.2199999988079071,ME2
0.6470865607261658,0.46986210346221924,0.4527134895324707,0.4247223138809204,0.5,0.0,0.5099999904632568,0.32465365529060364,ME2
0.9616238474845886,0.8047217130661011,0.32373806834220886,0.3708844780921936,0.5,0.0,0.46000000834465027,0.2199999988079071,ME2
0.7786178588867188,0.6737445592880249,0.32739531993865967,0.5207951068878174,0.5,0.0,0.47999998927116394,0.30361345410346985,ME2
0.9149275422096252,0.6177055835723877,0.302902489900589,0.464142769575119,0.5,0.0,0.49000000953674316,0.2199999988079071,ME2
0.8461174964904785,0.5979288816452026,0.33411017060279846,0.29958754777908325,0.5,0.0,0.4216271638870239,0.279064416885376,ME2
0.8178478479385376,0.7816154956817627,0.5299999713897705,0.2366892546415329,0.5,0.0,0.5027661919593811,0.2199999988079071,ME2
0.7759312391281128,0.5308693051338196,0.4253271818161011,0.3842974305152893,0.5,0.0,0.5178412795066833,0.5075143575668335,ME2
0.5370621085166931,0.38781529664993286,0.35356849431991577,0.12502731382846832,0.5,0.0,0.4554876983165741,0.2199999988079071,ME2
0.6352168917655945,0.4936235249042511,0.4703815281391144,0.469775527715683,0.5,0.0,0.5,0.2199999988079071,ME2
0.670333743095398,0.6919530630111694,0.42521020770072937,0.02368711493909359,0.5,0.0,0.5299999713897705,0.2199999988079071,ME2
0.8460828065872192,0.6460849642753601,0.3323596715927124,0.44954222440719604,0.5,0.0,0.550000011920929,0.2199999988079071,ME2
0.869945228099823,0.7687599658966064,0.4665762186050415,0.37001651525497437,0.5,0.0,0.5199999809265137,0.2199999988079071,ME2
0.4699999988079071,0.4849242568016052,0.3710007965564728,0.12956513464450836,0.5,0.0,0.49986839294433594,0.2199999988079071,ME2
0.973798930644989,0.6587792634963989,0.4205741882324219,0.36381882429122925,0.5,0.0,0.4966857433319092,0.2199999988079071,ME2
0.7674209475517273,0.749847412109375,0.44577348232269287,0.4529302716255188,0.5,0.0,0.5299999713897705,0.2199999988079071,ME2
0.8788430690765381,0.7561495304107666,0.47448208928108215,0.2836400866508484,0.5,0.0,0.5169163346290588,0.2199999988079071,ME2
0.9008573889732361,0.7317150831222534,0.2898789346218109,0.1691444367170334,0.5,0.0,0.4153064787387848,0.2199999988079071,ME2
0.40874457359313965,0.44999998807907104,0.5799999833106995,0.1224372535943985,0.5,0.0,0.5400000214576721,0.2199999988079071,ME2
0.7633131146430969,0.817233145236969,0.3828132748603821,0.3915492296218872,0.5,0.0,0.46000000834465027,0.2199999988079071,ME2
0.7469286322593689,0.6326844096183777,0.4336071312427521,0.24203935265541077,0.5,0.0,0.5624635219573975,0.25,ME2
0.80289626121521,0.8764356970787048,0.4674183130264282,0.5420525074005127,0.5,0.0,0.5821345448493958,0.2513149082660675,ME2
0.694311797618866,0.556462824344635,0.4524892270565033,0.20999999344348907,0.5,0.0,0.5,0.3414948284626007,ME2
0.7919227480888367,0.6104570031166077,0.40709349513053894,0.6426271796226501,0.5,0.0,0.5476198196411133,0.2199999988079071,ME2
0.6559078693389893,0.36027801036834717,0.528020441532135,0.2271534651517868,0.5,0.0,0.5636325478553772,0.2199999988079071,ME2
0.919268012046814,0.7863585352897644,0.512474775314331,0.4799850881099701,0.5,0.0,0.4715498089790344,0.3111022412776947,ME2
0.628607988357544,0.49464231729507446,0.5338845252990723,0.14739157259464264,0.5,0.0,0.515932023525238,0.2199999988079071,ME2
0.7122694849967957,0.5083650350570679,0.6009588837623596,0.2010708451271057,0.5,0.0,0.5099999904632568,0.42868372797966003,ME2
0.8115662932395935,0.7074419260025024,0.37186673283576965,0.36390504240989685,0.5,0.0,0.5177756547927856,0.2199999988079071,ME2
0.8856433629989624,0.6868927478790283,0.4749848246574402,0.16375769674777985,0.5,0.0,0.5801073312759399,0.2199999988079071,ME2
0.9461387991905212,0.8820205926895142,0.25676825642585754,0.4770718216896057,0.5,0.0,0.40132391452789307,0.2199999988079071,ME2
0.5331777334213257,0.47310543060302734,0.4518135190010071,0.1432770937681198,0.5,0.0,0.5,0.2199999988079071,ME2
0.5868886709213257,0.5586940050125122,0.44474703073501587,0.8372015953063965,0.5,0.0,0.5299999713897705,0.2722964286804199,ME2
0.805696964263916,0.5992647409439087,0.3245830535888672,0.428520530462265,0.5,0.0,0.47999998927116394,0.2199999988079071,ME2
0.8269375562667847,0.5921871662139893,0.41517820954322815,0.29174086451530457,0.5,0.0,0.5562235116958618,0.2199999988079071,ME2
0.44557270407676697,0.5448092818260193,0.5277353525161743,0.247992604970932,0.5,0.0,0.46041107177734375,0.31861016154289246,ME2
0.7009162306785583,0.4128420948982239,0.3946985900402069,0.12820780277252197,0.5,0.0,0.5,0.2199999988079071,ME2
0.7107887864112854,0.6859943270683289,0.3300878703594208,0.29485923051834106,0.5,0.0,0.49000000953674316,0.2199999988079071,ME2
0.6840952038764954,0.6500992178916931,0.35378965735435486,0.21343103051185608,0.5,0.0,0.5728157758712769,0.2199999988079071,ME2
0.5463194251060486,0.849810779094696,0.46858417987823486,0.29407235980033875,0.5,0.0,0.5628811120986938,0.2199999988079071,ME2
0.5651426315307617,0.4379204511642456,0.3778620958328247,0.21990343928337097,0.5,0.0,0.5299999713897705,0.2199999988079071,ME2
0.7215330600738525,0.4832744598388672,0.3443431854248047,0.1290331780910492,0.5,0.0,0.5299999713897705,0.2199999988079071,ME2
0.6151730418205261,0.5175163149833679,0.372292160987854,0.29371970891952515,0.5,0.0,0.5199999809265137,0.2199999988079071,ME2
0.8005480170249939,0.4340458810329437,0.3753991723060608,0.2916317582130432,0.5,0.0,0.5099999904632568,0.2199999988079071,ME2
0.8242583274841309,0.867027223110199,0.5299999713897705,0.4287211000919342,0.5,0.0,0.5199999809265137,0.24103936553001404,ME2
0.8019499778747559,0.5217419862747192,0.48842713236808777,0.3560388684272766,0.5,0.0,0.5058907270431519,0.5424413084983826,ME2
0.6701679229736328,0.5624281764030457,0.5099999904632568,0.43492943048477173,0.5,0.0,0.5299999713897705,0.5237959623336792,ME2
